time/time_elapsed,rollout/ep_rew_mean,rollout/ep_len_mean,time/fps,time/iterations,time/total_timesteps,train/learning_rate,train/entropy_loss,train/clip_fraction,train/value_loss,train/std,train/approx_kl,train/explained_variance,train/policy_gradient_loss,train/clip_range,train/loss,train/n_updates
1,-18.726353630000002,61.53,12035,1,12288,,,,,,,,,,,
2,-18.84568807,62.02,8956,2,24576,0.0003,-16.990573287010193,0.20384928385416667,13.761537822087606,0.9964460730552673,0.016585601,-0.015848278999328613,-0.019956941285636277,0.2,5.649884223937988,10
4,-19.76523592,63.4,8323,3,36864,0.0003,-16.93707959651947,0.20196126302083334,13.057173179586728,0.9911384582519531,0.01738126,0.09469187259674072,-0.023700341087775693,0.2,4.1843671798706055,20
6,-16.358701110000002,63.0,8040,4,49152,0.0003,-16.863886022567748,0.21939290364583333,12.055681017041206,0.9847736358642578,0.016733995,0.27896952629089355,-0.023154599420377054,0.2,7.207752227783203,30
7,-14.64406958,61.86,7783,5,61440,0.0003,-16.801440032323203,0.2227783203125,11.412341472506522,0.9801769256591797,0.016903067,0.4157857298851013,-0.025503614168458928,0.2,5.590351581573486,40
9,-14.839250669999998,62.44,7682,6,73728,0.0003,-16.73035519917806,0.2542724609375,8.046003700296085,0.9742513298988342,0.02075308,0.5206192135810852,-0.027295406414486932,0.2,3.286109685897827,50
11,-12.340010079999999,61.63,7613,7,86016,0.0003,-16.63211927811305,0.28387858072916666,6.241560834646225,0.9664065837860107,0.022882774,0.5996347665786743,-0.029798768255568577,0.2,2.7031595706939697,60
12,-13.006674069999999,62.62,7570,8,98304,0.0003,-16.55579670667648,0.2882161458333333,7.056067579984665,0.9604961276054382,0.025054568,0.5254443287849426,-0.029849541260531017,0.2,3.0623586177825928,70
14,-12.057949409999999,60.97,7541,9,110592,0.0003,-16.478615991274516,0.30655110677083336,5.963416348894437,0.953594982624054,0.024291323,0.5838761329650879,-0.032490367579157464,0.2,3.034916400909424,80
16,-8.90388173,59.3,7519,10,122880,0.0003,-16.395047867298125,0.31244303385416666,5.868826898435752,0.9476105570793152,0.025148993,0.584072470664978,-0.03293698673369363,0.2,2.692453145980835,90
18,-8.462506139999999,60.43,7500,11,135168,0.0003,-16.29271692832311,0.3025634765625,6.586538875102997,0.9390411376953125,0.024272636,0.5047585964202881,-0.033262520374167555,0.2,3.1959378719329834,100
19,-8.219095220000002,58.4,7481,12,147456,0.0003,-16.176765656471254,0.3203206380208333,4.998210297028224,0.9301912188529968,0.027251035,0.5220289826393127,-0.035061974321433806,0.2,2.3897855281829834,110
21,-5.61232967,59.97,7467,13,159744,0.0003,-16.071523372332255,0.32107747395833336,5.3086423819263775,0.9218055605888367,0.026358435,0.5064730048179626,-0.034170950055704453,0.2,2.451734781265259,120
23,-5.03594568,59.21,7456,14,172032,0.0003,-15.957243992884953,0.34153645833333335,4.852164842188358,0.9135744571685791,0.030021781,0.5147122144699097,-0.03642030324263033,0.2,2.0345299243927,130
24,-5.36908432,58.44,7444,15,184320,0.0003,-15.871674692630767,0.3659423828125,4.10996428479751,0.9073056578636169,0.03234576,0.47344762086868286,-0.0362999343846847,0.2,1.5622355937957764,140
26,-4.108487279999999,59.68,7419,16,196608,0.0003,-15.766084094842276,0.3854248046875,3.7885297710696855,0.8990065455436707,0.036103457,0.48359203338623047,-0.04065738015439516,0.2,1.93483304977417,150
28,-2.56277802,58.61,7413,17,208896,0.0003,-15.655210107564926,0.375830078125,3.711756554245949,0.8909170627593994,0.03406331,0.5201270580291748,-0.03786327934843333,0.2,1.7739437818527222,160
29,-1.3766847100000004,59.7,7409,18,221184,0.0003,-15.524682211875916,0.38103841145833334,4.150717157622179,0.8813531994819641,0.035282467,0.46270108222961426,-0.04016752648215818,0.2,2.1853926181793213,170
31,0.4021569399999999,59.79,7404,19,233472,0.0003,-15.40713967482249,0.3740315755208333,4.044642185171445,0.8735973238945007,0.03306153,0.4823342561721802,-0.03834137333324179,0.2,1.9330754280090332,180
33,1.5277636799999998,59.44,7396,20,245760,0.0003,-15.286069627602895,0.38328450520833335,3.731576802333196,0.8643081188201904,0.035665963,0.519638180732727,-0.0414102342328988,0.2,1.4528685808181763,190
34,1.13609439,59.64,7394,21,258048,0.0003,-15.16729725797971,0.4058919270833333,3.0535360371073086,0.8565351366996765,0.039573345,0.5896396040916443,-0.04083453001609693,0.2,1.305245280265808,200
36,1.8639720899999999,58.46,7393,22,270336,0.0003,-15.0554157157739,0.39334309895833336,3.2907709007461867,0.848683774471283,0.039481018,0.6235294342041016,-0.04005728511838243,0.2,1.2292875051498413,210
38,3.5032974,61.06,7386,23,282624,0.0003,-14.94721941749255,0.3957763671875,3.5656277924776076,0.841908872127533,0.03780281,0.5692938566207886,-0.04322980100599428,0.2,1.7461981773376465,220
40,3.9947043999999994,61.64,7368,24,294912,0.0003,-14.843633421262105,0.4071126302083333,3.3625284944971403,0.834223747253418,0.040916193,0.6050556898117065,-0.04183027641653704,0.2,1.5878040790557861,230
41,5.37240315,60.93,7355,25,307200,0.0003,-14.73304724295934,0.41563313802083335,3.024366197983424,0.826575756072998,0.043486837,0.652320384979248,-0.04465446060251755,0.2,1.317674160003662,240
43,5.633077650000001,60.99,7334,26,319488,0.0003,-14.587491671244303,0.42239583333333336,3.1773586427172025,0.8172295689582825,0.04287669,0.6742122173309326,-0.043273094349812406,0.2,1.4515032768249512,250
45,6.9997158100000005,60.17,7335,27,331776,0.0003,-14.477476972341538,0.4114908854166667,3.182636351386706,0.8103513121604919,0.040002286,0.6962583065032959,-0.04351088344604553,0.2,1.6906157732009888,260
46,7.88761599,62.7,7338,28,344064,0.0003,-14.355233138799667,0.43104654947916665,2.8828325336178144,0.8021103739738464,0.045947652,0.747904896736145,-0.04503763687680475,0.2,1.5117629766464233,270
48,8.46945557,61.6,7341,29,356352,0.0003,-14.248743450641632,0.4212727864583333,3.123060071468353,0.7952947616577148,0.045452595,0.7541487812995911,-0.04749262195885725,0.2,1.7334669828414917,280
50,10.342153629999999,63.96,7344,30,368640,0.0003,-14.119410560528438,0.423046875,3.543755103647709,0.7871086001396179,0.043113682,0.7537499666213989,-0.046069156727268516,0.2,1.45499587059021,290
51,11.892828780000002,63.32,7348,31,380928,0.0003,-13.976420442263285,0.426904296875,3.363148689766725,0.7777859568595886,0.04658981,0.8008633852005005,-0.04643401360323575,0.2,1.4120079278945923,300
53,13.37177404,65.51,7351,32,393216,0.0003,-13.836766264835994,0.43026529947916664,3.230185915529728,0.7697000503540039,0.04616977,0.8153796195983887,-0.0446353219585338,0.2,1.3052908182144165,310
55,14.317191329999998,64.93,7354,33,405504,0.0003,-13.697770677010219,0.44398600260416665,3.2291569118698438,0.7614464163780212,0.047445815,0.8267754316329956,-0.04715161253310119,0.2,1.3064621686935425,320
56,14.3051135,66.09,7358,34,417792,0.0003,-13.594128392140071,0.44313151041666665,3.13311953941981,0.7556443214416504,0.04856482,0.8495420813560486,-0.044895998987097605,0.2,1.3121381998062134,330
58,13.830261519999999,66.73,7362,35,430080,0.0003,-13.48539603948593,0.44119466145833336,3.47145005017519,0.7488762736320496,0.046295743,0.8558413982391357,-0.04776222048191509,0.2,1.4054888486862183,340
60,18.1483753,67.41,7365,36,442368,0.0003,-13.368145100275676,0.4407958984375,3.8058964615066846,0.74163818359375,0.047825854,0.8466014862060547,-0.04821760998650764,0.2,1.915466547012329,350
61,19.285047600000002,67.2,7369,37,454656,0.0003,-13.226710257927577,0.4558837890625,3.574370957414309,0.7331055998802185,0.05153364,0.8752325177192688,-0.04759469018123733,0.2,1.4262135028839111,360
63,21.350082190000002,66.92,7373,38,466944,0.0003,-13.09088893532753,0.4541422526041667,3.7450516959031424,0.7247095108032227,0.05115636,0.8927352428436279,-0.04707808684906922,0.2,1.4812042713165283,370
64,22.261299610000002,66.93,7376,39,479232,0.0003,-12.978010310729344,0.47272135416666666,3.3524544964234035,0.7187185883522034,0.05862462,0.9082024097442627,-0.04529748251952696,0.2,1.6175566911697388,380
66,22.974904220000003,65.73,7371,40,491520,0.0003,-12.844771087169647,0.4665283203125,3.6549462363123895,0.7111942768096924,0.056262325,0.9112042188644409,-0.04588980269909371,0.2,1.7509278059005737,390
68,26.875632100000004,69.08,7374,41,503808,0.0003,-12.720109206438064,0.478662109375,3.5193084781368573,0.7038871645927429,0.053487003,0.9178482890129089,-0.044831180164086014,0.2,1.232934594154358,400
69,25.983970929999995,67.48,7376,42,516096,0.0003,-12.587207680940628,0.45953776041666666,3.928286023934682,0.6957443356513977,0.0551686,0.9221599698066711,-0.047231777180665326,0.2,1.8144291639328003,410
71,29.414369280000003,66.74,7378,43,528384,0.0003,-12.448533244927724,0.46758626302083334,3.598851809899012,0.6889269948005676,0.054883808,0.9352888464927673,-0.04404248322340815,0.2,1.5136593580245972,420
73,31.32672409,69.54,7381,44,540672,0.0003,-12.31553976337115,0.485693359375,3.33371718476216,0.6818971633911133,0.056811642,0.944452166557312,-0.044309355729880436,0.2,1.3542507886886597,430
74,33.83362271000001,71.46,7384,45,552960,0.0003,-12.193892633914947,0.4472574869791667,4.426504273712635,0.6744565963745117,0.05082031,0.9385230541229248,-0.04605865649646148,0.2,2.1797292232513428,440
76,35.32708966999999,71.74,7386,46,565248,0.0003,-12.044766237338385,0.46111653645833334,3.976811353862286,0.6656565070152283,0.05595394,0.9495522379875183,-0.04302344213647302,0.2,2.0005154609680176,450
78,39.94081004,77.78,7388,47,577536,0.0003,-11.88686948021253,0.4707845052083333,4.182331421474616,0.6584091186523438,0.053468753,0.9497296214103699,-0.04230438855205042,0.2,1.6944605112075806,460
79,38.8464006,74.35,7390,48,589824,0.0003,-11.778377463420233,0.44386393229166665,5.0371484080950415,0.652645468711853,0.053048383,0.9502854347229004,-0.03961810948579417,0.2,2.4455626010894775,470
81,40.04015355000001,74.58,7393,49,602112,0.0003,-11.668868947029114,0.47447102864583335,4.657458612322808,0.6476954221725464,0.052898046,0.955439567565918,-0.038665067748903915,0.2,1.8027656078338623,480
83,40.14064222,72.19,7395,50,614400,0.0003,-11.545611580212912,0.4942220052083333,3.928391339878241,0.6408877968788147,0.061539393,0.9613887071609497,-0.03879406383978979,0.2,1.6185623407363892,490
84,42.98604819,74.94,7397,51,626688,0.0003,-11.440518840154011,0.4956136067708333,4.429914356271426,0.6359646320343018,0.060450215,0.9610729217529297,-0.04002060828740165,0.2,2.450268268585205,500
86,43.27008814,76.79,7392,52,638976,0.0003,-11.337575751543046,0.49715983072916664,3.996216611067454,0.6308965086936951,0.06380546,0.9664214849472046,-0.03469665046626081,0.2,1.4350467920303345,510
88,45.45085454,76.51,7394,53,651264,0.0003,-11.229493419329325,0.47886555989583335,4.517706647515297,0.6254761219024658,0.0595451,0.9650741815567017,-0.0374025723731999,0.2,1.6866251230239868,520
89,49.62307433000001,81.95,7396,54,663552,0.0003,-11.116016552845638,0.47954915364583334,4.820260217785835,0.6198264956474304,0.060157288,0.9657379388809204,-0.03458088685486776,0.2,2.733116626739502,530
91,47.91577638999999,77.76,7398,55,675840,0.0003,-10.987968577941258,0.47788899739583335,5.232548612356186,0.6133726239204407,0.05760778,0.9644436836242676,-0.036461847666456985,0.2,2.3633058071136475,540
92,49.786489419999995,79.73,7399,56,688128,0.0003,-10.860907771190007,0.5220947265625,3.868176565070947,0.6076285243034363,0.07137334,0.9736734628677368,-0.02977616994273073,0.2,1.962939739227295,550
94,50.86263705,79.38,7401,57,700416,0.0003,-10.739144243796666,0.5148030598958333,4.28805121332407,0.601484477519989,0.06446596,0.9670913219451904,-0.028213399094723476,0.2,1.852818489074707,560
96,49.19919405,77.31,7402,58,712704,0.0003,-10.627854518095653,0.47482096354166664,5.287870987256368,0.5961830019950867,0.05667788,0.9677351117134094,-0.028691374736081344,0.2,1.613769769668579,570
97,50.54750271999999,77.95,7403,59,724992,0.0003,-10.533124929666519,0.5159586588541667,3.8667909771203997,0.5921837091445923,0.0674642,0.9757108688354492,-0.030266302262801522,0.2,1.8344407081604004,580
99,57.02128094,84.76,7405,60,737280,0.0003,-10.415555266539256,0.5334147135416667,3.7707149888078373,0.5861065983772278,0.073184066,0.976894736289978,-0.02826123196185411,0.2,1.4167133569717407,590
101,59.22690298,82.63,7406,61,749568,0.0003,-10.311182639996211,0.4948486328125,4.296278989315033,0.5818533897399902,0.062776625,0.9756606221199036,-0.029156990973327388,0.2,1.6376616954803467,600
102,59.954341379999995,83.35,7407,62,761856,0.0003,-10.223605275154114,0.5129801432291666,4.127341935038567,0.5775232315063477,0.06855999,0.9770620465278625,-0.02850283913333745,0.2,1.285266637802124,610
104,58.250012260000005,80.82,7409,63,774144,0.0003,-10.15184382200241,0.4835611979166667,4.942116072773933,0.5732397437095642,0.06330726,0.976739764213562,-0.028746431370382197,0.2,2.0703275203704834,620
106,57.85332982,81.84,7410,64,786432,0.0003,-10.052042190233866,0.5104817708333333,4.5023796503742535,0.5686690211296082,0.06000385,0.977753758430481,-0.02289214429038111,0.2,2.492408275604248,630
107,59.297512860000005,81.33,7412,65,798720,0.0003,-9.963550198078156,0.4840576171875,5.854249288141728,0.5646994709968567,0.060821414,0.9754047989845276,-0.024811336474764783,0.2,2.95857834815979,640
109,61.59674444999999,81.61,7414,66,811008,0.0003,-9.869671859343846,0.5649495442708333,3.7023941164215404,0.5605510473251343,0.08033601,0.9827222228050232,-0.018090222078414323,0.2,1.8203351497650146,650
111,63.01858011,82.62,7415,67,823296,0.0003,-9.778009084860484,0.5589274088541667,3.1385936367015046,0.5559353232383728,0.08419543,0.9823424816131592,-0.016406108192556227,0.2,0.9542635083198547,660
112,64.05872554,83.06,7417,68,835584,0.0003,-9.686687703927358,0.5383463541666667,3.409492600460847,0.5517613887786865,0.072853565,0.9852699637413025,-0.021677623856036613,0.2,1.3756486177444458,670
114,69.20864324000001,88.83,7418,69,847872,0.0003,-9.626458976666132,0.5173421223958333,4.205796482165654,0.5492827892303467,0.074220635,0.97892165184021,-0.01873195181057478,0.2,2.050381898880005,680
115,66.70775045999999,87.47,7418,70,860160,0.0003,-9.556016625960668,0.533349609375,3.5241484122971696,0.5460981130599976,0.07862052,0.9860782027244568,-0.018619375573083137,0.2,1.5269156694412231,690
117,67.60911854000001,88.41,7419,71,872448,0.0003,-9.487216232220332,0.48301595052083335,4.203998464842638,0.5429384112358093,0.056916196,0.9812836647033691,-0.02101371915390094,0.2,1.6888062953948975,700
119,63.898706109999985,88.72,7421,72,884736,0.0003,-9.429918279250463,0.5278401692708333,3.8992515370249747,0.5404255986213684,0.07303384,0.9846183061599731,-0.016045341862870068,0.2,2.1211438179016113,710
120,64.82496223999999,85.73,7422,73,897024,0.0003,-9.355391591787338,0.5184000651041667,4.349729064106941,0.537558376789093,0.07195523,0.9815722703933716,-0.017364773578204526,0.2,1.8715909719467163,720
122,69.40144296999999,90.54,7423,74,909312,0.0003,-9.290841247638067,0.5887939453125,2.827559407800436,0.5348389744758606,0.099315025,0.9858233332633972,-0.01226721658410194,0.2,0.8458971381187439,730
124,69.13540857000001,87.79,7425,75,921600,0.0003,-9.206550957759221,0.5625813802083334,3.0154854151109856,0.5319419503211975,0.086822145,0.9871209263801575,-0.018271901050078063,0.2,1.824574589729309,740
125,68.46787719,87.75,7426,76,933888,0.0003,-9.146639786163966,0.5619466145833333,2.785717922945817,0.5293619632720947,0.08991892,0.9857624769210815,-0.017351562598681387,0.2,1.1614741086959839,750
127,69.51711346,90.88,7425,77,946176,0.0003,-9.085870178540548,0.5355224609375,3.1171424741546314,0.5263494849205017,0.0829596,0.9867128729820251,-0.019690828779615307,0.2,1.1348017454147339,760
129,73.82024671999999,93.92,7427,78,958464,0.0003,-9.016287702322007,0.5477457682291667,3.0500310463209948,0.5232957005500793,0.083269686,0.9854637384414673,-0.021587024287631113,0.2,1.764312505722046,770
130,68.49651466000002,88.54,7428,79,970752,0.0003,-8.976144508520763,0.53642578125,2.863420364012321,0.5224581360816956,0.07528531,0.9864962100982666,-0.01986521520836201,0.2,1.2042845487594604,780
132,69.53236708,89.1,7429,80,983040,0.0003,-8.906524747610092,0.5674072265625,2.152522336691618,0.5181789398193359,0.0945038,0.9901679754257202,-0.0173411716047364,0.2,1.0645114183425903,790
133,74.25563095,92.18,7430,81,995328,0.0003,-8.827132135629654,0.5581624348958333,2.591983067989349,0.5154063701629639,0.08220614,0.9879578948020935,-0.019815335481932077,0.2,1.0986361503601074,800
135,77.01476355,96.86,7431,82,1007616,0.0003,-8.774575825532278,0.5143717447916667,3.158797941356897,0.5134811997413635,0.07004466,0.9870060086250305,-0.02404411055370777,0.2,1.0982029438018799,810
137,76.92602499,97.26,7432,83,1019904,0.0003,-8.681055873632431,0.5203938802083333,3.486247682819764,0.5085445046424866,0.072161786,0.9874095320701599,-0.02109398982526424,0.2,1.929744005203247,820
138,82.01880400999998,101.39,7433,84,1032192,0.0003,-8.59488815665245,0.5259195963541666,3.7570049554109572,0.5054855942726135,0.069831245,0.9867697358131409,-0.019526745996942433,0.2,2.3201022148132324,830
140,79.44007458,98.5,7434,85,1044480,0.0003,-8.525410668055217,0.5265787760416667,3.666327301164468,0.5026218891143799,0.07039553,0.9862465858459473,-0.018041863053804265,0.2,1.6591999530792236,840
142,79.49881555,98.82,7435,86,1056768,0.0003,-8.468501967191695,0.5629231770833333,3.0118809528648853,0.499967098236084,0.0872795,0.9883875846862793,-0.016033270185774502,0.2,1.1395554542541504,850
143,84.93080374000002,103.73,7436,87,1069056,0.0003,-8.434016648928324,0.531201171875,3.634088356544574,0.4990902245044708,0.073787436,0.9858819246292114,-0.021008868100761902,0.2,1.6052345037460327,860
145,82.87356936,101.83,7437,88,1081344,0.0003,-8.39380071957906,0.5367594401041667,4.681165960431099,0.49725577235221863,0.08346075,0.9801961779594421,-0.017522054480893227,0.2,1.8534215688705444,870
147,91.26411714,112.57,7437,89,1093632,0.0003,-8.33141113917033,0.5227213541666667,4.280682027588288,0.4939790666103363,0.06873088,0.9862905740737915,-0.021558820975769777,0.2,1.6390330791473389,880
148,92.77511429,113.03,7435,90,1105920,0.0003,-8.300387165943782,0.52236328125,5.15084772904714,0.4936719834804535,0.0708456,0.9851366877555847,-0.019198370711819734,0.2,1.8469678163528442,890
150,99.42239729999997,123.32,7436,91,1118208,0.0003,-8.262828642129898,0.5601236979166667,4.2459530832866825,0.49166157841682434,0.07872646,0.9871079921722412,-0.013431884243618696,0.2,1.8238277435302734,900
151,114.80722238,142.22,7437,92,1130496,0.0003,-8.216628277301789,0.46515299479166666,6.8378452082475025,0.48905253410339355,0.05535503,0.9802212715148926,-0.023141441803697187,0.2,3.4185259342193604,910
153,102.42715429999998,128.54,7438,93,1142784,0.0003,-8.160733596483867,0.4868570963541667,8.742176548639934,0.4869416058063507,0.058812838,0.9772230982780457,-0.021920479834564806,0.2,2.852071523666382,920
155,116.84099616000002,147.05,7439,94,1155072,0.0003,-8.093627242247264,0.5107259114583333,8.676376446584861,0.48377469182014465,0.06842053,0.9782801866531372,-0.0181576413558408,0.2,1.9655708074569702,930
156,113.32508960000003,144.9,7440,95,1167360,0.0003,-8.011061031619708,0.5321044921875,7.5330843488375345,0.48039767146110535,0.08825191,0.9802417755126953,-0.01667771518114023,0.2,2.5610060691833496,940
158,118.47776597999999,155.04,7441,96,1179648,0.0003,-7.962993324796359,0.5767985026041667,5.113816706339518,0.47818735241889954,0.09673128,0.9841483235359192,-0.01186773127313548,0.2,1.2971256971359253,950
160,138.79401612,183.88,7441,97,1191936,0.0003,-7.910099548101425,0.5185872395833333,6.705095844964187,0.47600722312927246,0.07389336,0.9823593497276306,-0.016252438143904632,0.2,2.8771071434020996,960
161,142.68824768000002,188.61,7442,98,1204224,0.0003,-7.862292084097862,0.4829915364583333,9.654338186979293,0.4741004407405853,0.06317315,0.9775446057319641,-0.01871456222240037,0.2,5.392186641693115,970
163,136.01561223000002,171.58,7442,99,1216512,0.0003,-7.804275578260421,0.53525390625,7.063724890848001,0.472366601228714,0.07910718,0.9805087447166443,-0.013376606295059901,0.2,2.960932493209839,980
165,146.76897846,187.65,7441,100,1228800,0.0003,-7.745783020059267,0.5369791666666667,7.864974151551723,0.4695023000240326,0.09109416,0.9839661121368408,-0.01467840108089149,0.2,2.5675384998321533,990
166,181.96427608,239.3,7441,101,1241088,0.0003,-7.6859379748503365,0.5541015625,6.886845093468825,0.4680997431278229,0.0863054,0.9841680526733398,-0.01305936475788864,0.2,2.754274845123291,1000
168,247.35357498000002,310.99,7441,102,1253376,0.0003,-7.662575271725655,0.591455078125,4.575636561214924,0.46675002574920654,0.10271668,0.9877339601516724,-0.006850481319512862,0.2,1.9917123317718506,1010
170,299.82246118,375.96,7441,103,1265664,0.0003,-7.610909667611122,0.54609375,4.353892776866754,0.4638296067714691,0.074093215,0.9860082268714905,-0.013467776581334572,0.2,1.728304147720337,1020
171,337.27048891,453.66,7441,104,1277952,0.0003,-7.534894972046216,0.5376383463541666,6.078435499469439,0.46083083748817444,0.07054004,0.9824936985969543,-0.007267926437877274,0.2,2.3164429664611816,1030
173,395.66888509000006,521.35,7441,105,1290240,0.0003,-7.467934785286586,0.6439371744791667,3.4650571912527086,0.4585413932800293,0.10995094,0.9859275221824646,0.008363163385365625,0.2,0.5965936183929443,1040
175,410.1161642700001,541.31,7441,106,1302528,0.0003,-7.423728159070015,0.6039143880208333,2.127230486522118,0.45724716782569885,0.10482383,0.991940438747406,-0.0007092038552703647,0.2,0.8795554041862488,1050
176,419.50103663999994,567.05,7441,107,1314816,0.0003,-7.39828797976176,0.5334065755208334,2.783739480127891,0.45625820755958557,0.07233281,0.9913116693496704,-0.01279464214555143,0.2,1.0032434463500977,1060
178,427.20343511,572.59,7441,108,1327104,0.0003,-7.364504152536393,0.6335367838541667,1.2137295347948869,0.4553215801715851,0.12754007,0.9951782822608948,0.006116319095114401,0.2,0.4981952905654907,1070
180,439.11406295,586.37,7440,109,1339392,0.0003,-7.318571059902509,0.5222493489583333,2.1859781494985024,0.4530738294124603,0.06858108,0.993354856967926,-0.014201765250860868,0.2,1.0121862888336182,1080
181,423.32655050999995,598.09,7440,110,1351680,0.0003,-7.250065538287163,0.6123128255208333,0.7335618257522583,0.45058688521385193,0.10709956,0.9966968297958374,-0.0004940483500831761,0.2,0.2697781026363373,1090
183,452.89374264,648.37,7441,111,1363968,0.0003,-7.22021758655707,0.49009602864583335,2.7286030487467845,0.44850412011146545,0.060180973,0.9784330129623413,-0.014302202140485557,0.2,1.2106469869613647,1100
184,481.7555598999999,700.83,7440,112,1376256,0.0003,-7.09015250702699,0.6039713541666667,0.7299651740739743,0.44363895058631897,0.10901607,0.9978126883506775,0.00031669366483887037,0.2,0.2961922585964203,1110
186,492.97907760999993,730.87,7440,113,1388544,0.0003,-7.048153661688169,0.5147379557291667,2.351533251504103,0.4426637589931488,0.063198105,0.9907078742980957,-0.01641716427305558,0.2,0.6011220216751099,1120
188,498.37708469999995,752.1,7440,114,1400832,0.0003,-6.959360933303833,0.5822102864583333,1.1721296591684223,0.43884095549583435,0.07967633,0.9944518208503723,-0.005323610861523775,0.2,0.40881413221359253,1130
189,565.4976144100001,831.29,7440,115,1413120,0.0003,-6.871596692999204,0.5805338541666667,1.7642681294431288,0.4356156289577484,0.08850965,0.9944071769714355,-0.004544216294501287,0.2,1.5503615140914917,1140
191,574.9734339500001,839.76,7440,116,1425408,0.0003,-6.78419998884201,0.623974609375,0.43062243262926736,0.43391457200050354,0.10508141,0.9990273118019104,0.004030836007829445,0.2,0.2079647034406662,1150
193,602.25983756,870.11,7441,117,1437696,0.0003,-6.722757719953855,0.5738118489583334,0.502789705619216,0.43085429072380066,0.08898815,0.9961305856704712,-0.004322926681682778,0.2,0.13438181579113007,1160
194,579.9495271599999,829.14,7441,118,1449984,0.0003,-6.629219003518423,0.56767578125,0.3145869220917424,0.427871972322464,0.07732742,0.9990472197532654,0.0011679438107724612,0.2,0.13237598538398743,1170
196,632.78441327,854.49,7441,119,1462272,0.0003,-6.589449767271677,0.49176432291666666,0.9402415759240588,0.42627575993537903,0.06668296,0.9962394833564758,-0.018007567508417803,0.2,0.2627406716346741,1180
198,652.87868604,864.34,7441,120,1474560,0.0003,-6.496515408158302,0.5815592447916667,0.6066292900592088,0.42292478680610657,0.09775362,0.9978572726249695,-0.00497622673768395,0.2,0.1887272447347641,1190
199,681.1506917699999,885.98,7441,121,1486848,0.0003,-6.414630565047264,0.5822916666666667,0.31784796121840675,0.42088866233825684,0.08216264,0.9991639852523804,-0.004723598819206624,0.2,0.1156541183590889,1200
201,638.68561965,855.3,7441,122,1499136,0.0003,-6.335083039601644,0.5562825520833333,0.2067924986127764,0.4180048406124115,0.0698332,0.9995207786560059,-0.0024006169182636465,0.2,0.06582742184400558,1210
203,648.2164367299999,846.25,7441,123,1511424,0.0003,-6.286487297217051,0.5459554036458333,0.39017092088858285,0.4161771237850189,0.07282904,0.9979106783866882,-0.006202796452756351,0.2,0.34601137042045593,1220
204,614.24206675,826.75,7441,124,1523712,0.0003,-6.215367009242375,0.5753255208333333,0.19092618150946994,0.4136015474796295,0.076180235,0.9989818930625916,-0.0006958301855775062,0.2,0.049087680876255035,1230
206,610.9189632300001,830.04,7441,125,1536000,0.0003,-6.123644364873568,0.5673014322916666,0.20832987534813582,0.410482794046402,0.08288611,0.9992265105247498,-0.006441829561663326,0.2,0.04932306706905365,1240
208,629.90923822,844.69,7442,126,1548288,0.0003,-6.049097489317258,0.4996337890625,0.3516577385365963,0.40828028321266174,0.064156175,0.9990683794021606,-0.012386239797827632,0.2,0.08563818037509918,1250
209,618.8037096500001,846.82,7442,127,1560576,0.0003,-5.988773469130198,0.5165852864583333,0.33296800358220935,0.4064548909664154,0.05597393,0.9988605976104736,-0.005838168065141266,0.2,0.05249166116118431,1260
211,598.9781688099999,835.97,7442,128,1572864,0.0003,-5.920405038197836,0.5708577473958333,0.1387066585632662,0.40425434708595276,0.08041751,0.9993976354598999,0.002719792781378298,0.2,0.03845703974366188,1270
212,623.6686796400002,836.08,7442,129,1585152,0.0003,-5.880592957139015,0.5476155598958333,0.20401963889598845,0.40333008766174316,0.07996101,0.9994663596153259,-0.0030938780517317356,0.2,0.08410660177469254,1280
214,613.0848770700001,838.66,7442,130,1597440,0.0003,-5.848787729938825,0.5407063802083333,0.1811214078217745,0.4023939073085785,0.07480717,0.9992772936820984,-0.005457271173751602,0.2,0.057597629725933075,1290
216,629.6091280100001,840.26,7442,131,1609728,0.0003,-5.8399240871270495,0.5120442708333334,0.3581858670338988,0.4017349183559418,0.0667757,0.9966179728507996,-0.009673572633376655,0.2,0.11712169647216797,1300
217,646.05638513,873.41,7442,132,1622016,0.0003,-5.80969107846419,0.5374674479166667,0.6161001920079191,0.4005124568939209,0.07001326,0.9965974688529968,-0.009231728023344961,0.2,0.14825673401355743,1310
219,603.6438714,849.37,7442,133,1634304,0.0003,-5.72199500600497,0.5638346354166667,0.1838308089102308,0.39801788330078125,0.08101881,0.9994838237762451,-0.0002954951846428836,0.2,0.06934262067079544,1320
221,611.38901316,826.68,7442,134,1646592,0.0003,-5.685480066140493,0.5595377604166667,0.32544162288929024,0.3966892659664154,0.08414095,0.9986339211463928,-0.0036483817753226806,0.2,0.06257294863462448,1330
222,617.6704274800001,828.68,7443,135,1658880,0.0003,-5.617468747496605,0.581201171875,0.29098493757968147,0.39438319206237793,0.078535,0.999151349067688,-0.0005109318968607113,0.2,0.08879642188549042,1340
224,604.11571543,814.23,7443,136,1671168,0.0003,-5.596565994620323,0.5397298177083333,0.5448834216843049,0.39400121569633484,0.06960755,0.9975107312202454,-0.0068452301313906595,0.2,0.08074042201042175,1350
226,637.60078905,833.6,7442,137,1683456,0.0003,-5.547571608424187,0.5124918619791666,0.6031529078570504,0.391680508852005,0.05781892,0.9976028800010681,-0.00885598605479269,0.2,0.15722407400608063,1360
227,655.5526274499998,854.45,7441,138,1695744,0.0003,-5.4836494872967405,0.5778971354166667,0.33057920122519135,0.38946986198425293,0.099860005,0.9988295435905457,-0.0029260537771430488,0.2,0.08824199438095093,1370
229,635.9231125800001,832.72,7441,139,1708032,0.0003,-5.448152821262678,0.60693359375,0.36584992059506477,0.38823774456977844,0.09778646,0.9971572756767273,0.0029106221697778284,0.2,0.11549253761768341,1380
231,652.10664049,845.51,7441,140,1720320,0.0003,-5.4145053615172705,0.5701497395833334,0.8441914111375809,0.38712963461875916,0.08441126,0.996446967124939,-0.000583052495251953,0.2,0.1744735985994339,1390
232,624.0584160899999,839.87,7441,141,1732608,0.0003,-5.381508835156759,0.5051025390625,1.4536764794339736,0.38631653785705566,0.06518481,0.9963506460189819,-0.013131366464949678,0.2,0.4758555591106415,1400
234,625.7313431800001,815.72,7441,142,1744896,0.0003,-5.335265120863914,0.6324137369791667,0.5466353961577018,0.3839801847934723,0.11085558,0.9984157681465149,0.0012425281107425689,0.2,0.23620550334453583,1410
236,611.59624962,801.87,7442,143,1757184,0.0003,-5.2712133675813675,0.5702718098958334,1.1933200781544049,0.38233187794685364,0.07164206,0.9966607093811035,-0.006673713825875893,0.2,0.22176921367645264,1420
237,599.90024429,806.69,7442,144,1769472,0.0003,-5.198267872134845,0.5882486979166667,0.972467691016694,0.3793095350265503,0.08563799,0.9968471527099609,-0.0020179784997405173,0.2,0.2519340217113495,1430
239,627.8164455,823.31,7442,145,1781760,0.0003,-5.103906597693761,0.6336588541666667,0.1614500275347382,0.3768569529056549,0.101821266,0.999498724937439,0.016335151248495095,0.2,0.04348817095160484,1440
241,639.5678184699999,837.89,7442,146,1794048,0.0003,-5.018091493844986,0.5655843098958333,0.3364723069903751,0.3745342493057251,0.080482796,0.9990628361701965,0.0015851650071757224,0.2,0.05316591635346413,1450
242,659.35719371,856.58,7443,147,1806336,0.0003,-4.946240118145942,0.6119140625,0.13192480021777253,0.3725379407405853,0.100148894,0.9996262788772583,0.007060631846737427,0.2,0.01682477816939354,1460
244,684.4113793199999,897.04,7443,148,1818624,0.0003,-4.880259831746419,0.5437662760416667,0.1595381523327281,0.3705679178237915,0.07494735,0.9995712637901306,0.002962552885583136,0.2,0.07194031774997711,1470
246,694.3427025799999,906.47,7441,149,1830912,0.0003,-4.795796766877174,0.5502685546875,0.14552536785292128,0.3681349456310272,0.08465431,0.9996227622032166,-0.0012731564638670534,0.2,0.01535831019282341,1480
247,712.0794973400001,935.59,7440,150,1843200,0.0003,-4.757325731714567,0.4822265625,0.5937234302051365,0.36706435680389404,0.06729507,0.9959864616394043,-0.013586475191793094,0.2,0.125958651304245,1490
249,717.9431311700001,940.31,7440,151,1855488,0.0003,-4.704350968201955,0.5843587239583333,0.18313620604264239,0.3652278482913971,0.097465634,0.9995693564414978,0.0006349219470090854,0.2,0.05270715430378914,1500
251,674.9879308700001,897.39,7440,152,1867776,0.0003,-4.642754800120989,0.6053548177083333,0.23423163409655293,0.36399611830711365,0.09692156,0.9987110495567322,0.003936131132892721,0.2,0.07761114835739136,1510
252,624.75289943,857.46,7440,153,1880064,0.0003,-4.616042097409566,0.515283203125,0.6024249733736118,0.3628733456134796,0.08369198,0.9939253330230713,-0.01377539474342484,0.2,0.12615326046943665,1520
254,560.95360478,782.39,7441,154,1892352,0.0003,-4.5813122948010765,0.5893391927083333,0.6198031746471921,0.3621843159198761,0.144913,0.9960302114486694,-0.006498447956983,0.2,0.2178560197353363,1530
255,497.63084211,713.61,7441,155,1904640,0.0003,-4.545752429962159,0.4690185546875,2.1060290510455766,0.3612137734889984,0.07554653,0.9925105571746826,-0.013024370804972325,0.2,0.7256345152854919,1540
257,476.97098335999993,698.55,7441,156,1916928,0.0003,-4.506984081864357,0.5159830729166667,3.13519040842851,0.3599473536014557,0.06549042,0.994844377040863,-0.014819658791141894,0.2,0.7487666010856628,1550
259,495.30345673000005,705.47,7441,157,1929216,0.0003,-4.4663110415140785,0.603369140625,1.2047028607999286,0.3586234152317047,0.10996032,0.9970576167106628,-0.0017515922314487397,0.2,0.41718998551368713,1560
260,509.02170807000005,732.05,7441,158,1941504,0.0003,-4.421383044123649,0.6416666666666667,0.8550348461295167,0.35675048828125,0.14044105,0.9946367740631104,0.0018679418639900784,0.2,0.20290809869766235,1570
262,546.10243262,742.72,7441,159,1953792,0.0003,-4.402942876021068,0.6801920572916667,0.4211056163844963,0.35699382424354553,0.13900413,0.9977853298187256,0.012776006333782182,0.2,0.10849420726299286,1580
264,575.02719156,767.91,7442,160,1966080,0.0003,-4.372807163000107,0.6274169921875,0.6666600205935538,0.35648390650749207,0.13591067,0.9974787831306458,0.007433095784896674,0.2,0.273779034614563,1590
265,602.1659540599999,817.77,7442,161,1978368,0.0003,-4.376291232307752,0.6742350260416666,0.22421645095261436,0.3560514450073242,0.13979043,0.99872225522995,0.013187872937123757,0.2,0.06680095195770264,1600
267,629.5505691699999,862.94,7442,162,1990656,0.0003,-4.344261725743611,0.6046061197916667,0.5045795265895625,0.35467469692230225,0.10283109,0.9985451102256775,-0.0015771784290942983,0.2,0.10914962738752365,1610
269,656.4079776599999,901.92,7442,163,2002944,0.0003,-4.317187235752741,0.587548828125,0.2743665900391837,0.3534732758998871,0.10702792,0.9973296523094177,-0.003928921073869181,0.2,0.08221329748630524,1620
270,641.02993234,900.62,7443,164,2015232,0.0003,-4.233677806456884,0.6271240234375,0.15725841770569485,0.35058721899986267,0.12748675,0.9993727803230286,0.00875870745512657,0.2,0.02610643208026886,1630
272,653.3441373999999,918.4,7443,165,2027520,0.0003,-4.150881846745809,0.5731852213541667,0.20517338033144672,0.3480350971221924,0.09328508,0.9983472228050232,4.111885209567845e-05,0.2,0.06461472809314728,1640
274,656.01997185,918.05,7444,166,2039808,0.0003,-4.074976399540901,0.5772786458333333,0.2505191012751311,0.34668484330177307,0.09562415,0.9991479516029358,0.004418774065804125,0.2,0.10816510021686554,1650
275,658.67609283,932.29,7444,167,2052096,0.0003,-4.074842500686645,0.583984375,0.8875486177702745,0.34721943736076355,0.08231532,0.9936907887458801,-0.004795559503448506,0.2,0.2953524887561798,1660
277,666.27960744,920.17,7444,168,2064384,0.0003,-4.067503268520038,0.5477457682291667,0.2473466903126488,0.34686410427093506,0.084831156,0.9979947209358215,-0.0032415952776015428,0.2,0.07000480592250824,1670
278,676.6220795699999,934.31,7445,169,2076672,0.0003,-4.040692166487376,0.58056640625,0.2660576830462863,0.3450268805027008,0.09146633,0.9969257116317749,-0.0035658685820332417,0.2,0.06424267590045929,1680
280,693.20556869,940.18,7445,170,2088960,0.0003,-3.9862930645545323,0.6098958333333333,0.17314811248021822,0.34427669644355774,0.099632956,0.9986798763275146,0.008320654294220731,0.2,0.027299296110868454,1690
282,683.7874179599999,936.4,7445,171,2101248,0.0003,-3.9312373220920565,0.5889973958333333,0.21299978972723085,0.34272637963294983,0.0986603,0.9982056617736816,-0.0012390596491362279,0.2,0.04405657947063446,1700
283,683.8540165899999,920.78,7446,172,2113536,0.0003,-3.9189027890563013,0.6030680338541666,0.17483825921081006,0.3424772322177887,0.10730984,0.9990629553794861,0.0058341825007422205,0.2,0.03723197430372238,1710
285,691.0253169499999,915.51,7446,173,2125824,0.0003,-3.904498581091563,0.5747395833333333,0.16003086130755642,0.3424045145511627,0.08872783,0.9995884895324707,0.00702750849838291,0.2,0.0516032949090004,1720
287,697.3833467699999,916.51,7446,174,2138112,0.0003,-3.871985712647438,0.5258544921875,0.3005255914138009,0.34104761481285095,0.091310985,0.9987680315971375,-0.0053538456277844185,0.2,0.08743490278720856,1730
288,700.67549176,932.89,7446,175,2150400,0.0003,-3.845364155868689,0.5877604166666667,0.14562029565374057,0.34072816371917725,0.09665575,0.9987595081329346,0.001134026651076662,0.2,0.00908566452562809,1740
290,710.8711403400001,933.05,7447,176,2162688,0.0003,-3.7741455381115276,0.6293863932291667,0.06965502510623385,0.3385639190673828,0.10894278,0.9998079538345337,0.014197844110700924,0.2,0.015924155712127686,1750
292,718.2012729799999,941.41,7448,177,2174976,0.0003,-3.711151008307934,0.5489990234375,0.050882008369080724,0.3367025554180145,0.07567196,0.9998424053192139,0.0056451248242713825,0.2,-0.0070954542607069016,1760
293,721.8131612999999,941.17,7448,178,2187264,0.0003,-3.665327047308286,0.5069986979166666,0.06952412394263471,0.33607304096221924,0.06545148,0.9997604489326477,0.002502802318485919,0.2,0.012911252677440643,1770
295,717.6172869000001,930.32,7449,179,2199552,0.0003,-3.6319421644012135,0.5114501953125,0.4591884864028543,0.3346877098083496,0.07545422,0.9973360300064087,-0.010329734296828975,0.2,0.05387696251273155,1780
296,691.5073970099999,940.41,7450,180,2211840,0.0003,-3.5990081166227657,0.5705485026041667,0.2590518456418067,0.3333566188812256,0.098499864,0.9968902468681335,-0.0032445468561490996,0.2,0.02676372230052948,1790
298,685.82185994,938.63,7450,181,2224128,0.0003,-3.551684008538723,0.6218098958333333,0.1484672113476942,0.3328861594200134,0.1290863,0.9993718266487122,0.00833387439827978,0.2,0.020359251648187637,1800
300,690.81462596,947.06,7451,182,2236416,0.0003,-3.533649011949698,0.5933430989583334,0.18199979717998455,0.33213886618614197,0.08491888,0.9977276921272278,-0.00011010071660469597,0.2,0.04087044298648834,1810
301,691.8048336500001,924.45,7451,183,2248704,0.0003,-3.494870745142301,0.5852864583333334,0.09047051370143891,0.33181944489479065,0.09273571,0.9996970295906067,0.00866017679994305,0.2,0.02787349745631218,1820
303,694.7178447400001,912.09,7452,184,2260992,0.0003,-3.4499910195668537,0.5703125,0.3361860988972088,0.329679012298584,0.1291706,0.9969488978385925,-0.0013261634609079919,0.2,0.010732606053352356,1830
305,669.3722828599999,902.96,7452,185,2273280,0.0003,-3.397378309071064,0.5634358723958334,0.2867534373421222,0.3288499712944031,0.08611221,0.9983035326004028,-0.002699744261917658,0.2,0.07659143209457397,1840
306,673.56294104,903.73,7452,186,2285568,0.0003,-3.3523348326484363,0.581982421875,0.30539226395388447,0.32764339447021484,0.10905372,0.9987366795539856,-0.002716560710299139,0.2,0.04539795592427254,1850
308,662.0581494700001,877.18,7452,187,2297856,0.0003,-3.3200787221391996,0.6304524739583334,0.24449778244209786,0.32721707224845886,0.14787768,0.9983876943588257,0.004876084590796382,0.2,0.028157953172922134,1860
309,673.82743976,880.11,7452,188,2310144,0.0003,-3.2932558700442316,0.5202718098958333,0.9664397621837755,0.32656848430633545,0.06788674,0.9935650825500488,-0.009133763174759224,0.2,0.4192296266555786,1870
311,668.99341696,888.41,7453,189,2322432,0.0003,-3.260789788266023,0.5358072916666666,1.2077382155073186,0.32575342059135437,0.06533482,0.9946941137313843,-0.004723642584819269,0.2,0.14842981100082397,1880
313,694.3823394500001,904.53,7453,190,2334720,0.0003,-3.24277313152949,0.6906656901041667,0.11380551484568666,0.3253325819969177,0.13182972,0.9997076988220215,0.02931988232836981,0.2,0.07773525267839432,1890
314,678.1341088300001,888.55,7453,191,2347008,0.0003,-3.20267690072457,0.6245035807291667,0.20054049159710605,0.324756383895874,0.10493264,0.9995744824409485,0.011425963643220408,0.2,0.06946589052677155,1900
316,670.9387453700001,866.3,7453,192,2359296,0.0003,-3.2024315699934958,0.4255615234375,3.061821975931525,0.32461467385292053,0.049516946,0.9897883534431458,-0.02006266520281012,0.2,1.8793035745620728,1910
318,689.2952993,878.88,7454,193,2371584,0.0003,-3.1666091481844583,0.5708414713541666,1.0670655041312178,0.32348886132240295,0.10080123,0.9963290095329285,-0.008283688350153777,0.2,0.30680346488952637,1920
319,681.4625745600001,879.49,7454,194,2383872,0.0003,-3.122795198361079,0.5605712890625,1.4035620107625921,0.32240092754364014,0.10740286,0.9962162375450134,-0.0031805197441523584,0.2,0.28517434000968933,1930
321,644.40514822,860.43,7454,195,2396160,0.0003,-3.1187400728464127,0.59169921875,1.5908213150997956,0.3226355314254761,0.10405628,0.9916343688964844,-0.003239311833749525,0.2,0.40575605630874634,1940
323,535.43030986,739.09,7453,196,2408448,0.0003,-3.117936688661575,0.612646484375,0.9429663571218649,0.3227198123931885,0.11820289,0.9942384362220764,0.0012346155543734008,0.2,0.2437300682067871,1950
324,524.06226241,726.66,7454,197,2420736,0.0003,-3.119125337402026,0.5504638671875,3.022002000361681,0.32287493348121643,0.08204177,0.9925697445869446,-0.008467042190992894,0.2,0.9946106672286987,1960
326,546.3298008200001,739.36,7454,198,2433024,0.0003,-3.124234109123548,0.6431640625,1.5688767602046332,0.32290682196617126,0.11913123,0.9977564811706543,0.013030561586492694,0.2,0.7218774557113647,1970
328,543.27927467,738.98,7454,199,2445312,0.0003,-3.132019423941771,0.6212727864583333,2.0558408491313456,0.32386514544487,0.10070234,0.9956160187721252,0.008743543053666751,0.2,0.9942646622657776,1980
329,595.34122585,771.58,7453,200,2457600,0.0003,-3.1526258289813995,0.6509440104166667,0.9723408572375775,0.32401803135871887,0.11063031,0.9961198568344116,0.020023079049860826,0.2,0.30593034625053406,1990
331,629.31442623,783.55,7453,201,2469888,0.0003,-3.160025592645009,0.6050130208333333,0.6205369797845681,0.3245532810688019,0.08880667,0.9981266260147095,0.01658899506146554,0.2,0.2803241014480591,2000
333,653.89713062,805.02,7453,202,2482176,0.0003,-3.1585117797056834,0.6166015625,0.30550399081160623,0.32349133491516113,0.111786544,0.9983397126197815,0.011856649454663663,0.2,0.11773865669965744,2010
334,703.5382603699999,863.02,7454,203,2494464,0.0003,-3.111461054782073,0.5549235026041667,0.493583495169878,0.32257625460624695,0.09380913,0.9978438019752502,0.0007770905795041472,0.2,0.1714925765991211,2020
336,732.10724378,926.44,7455,204,2506752,0.0003,-3.1090124477942784,0.5704671223958333,0.08956286675141503,0.32318106293678284,0.08470235,0.9987635016441345,0.016298770038216996,0.2,0.039181046187877655,2030
337,758.4255006999999,956.36,7455,205,2519040,0.0003,-3.098931323488553,0.5552978515625,0.14780631069249164,0.322871595621109,0.10329773,0.9992940425872803,0.0079509016344673,0.2,0.05061183497309685,2040
339,736.00407388,972.11,7456,206,2531328,0.0003,-3.09234400143226,0.5954752604166667,0.2150789675147583,0.32250452041625977,0.12669958,0.9993685483932495,0.005121966429578606,0.2,0.05335862562060356,2050
341,695.8681532499999,955.46,7456,207,2543616,0.0003,-3.1276176388065022,0.6043212890625,0.19374704967873793,0.32401514053344727,0.110796064,0.9976947903633118,0.013259810436284169,0.2,0.0614522248506546,2060
342,655.35380344,947.79,7457,208,2555904,0.0003,-3.1616993407408396,0.5621419270833333,0.4231116286168496,0.3241676986217499,0.095943294,0.9975136518478394,0.0031888995377812534,0.2,0.22091363370418549,2070
344,662.6602269499999,958.13,7457,209,2568192,0.0003,-3.1620761598149936,0.6009440104166667,0.34890588202203315,0.32385823130607605,0.09231264,0.9963494539260864,0.005007120091856147,0.2,0.14408667385578156,2080
345,635.5701079,959.72,7458,210,2580480,0.0003,-3.16096942871809,0.5937825520833333,0.2656538523423175,0.3240576684474945,0.09890894,0.9976585507392883,0.01468134969472885,0.2,0.09805838018655777,2090
347,624.5760265800001,959.72,7458,211,2592768,0.0003,-3.170338032146295,0.5667317708333334,0.13511784336684893,0.3243293762207031,0.1143393,0.9986239075660706,0.004388695933448617,0.2,0.07655709981918335,2100
349,646.80032736,947.23,7458,212,2605056,0.0003,-3.142104549209277,0.55341796875,0.5375103296091159,0.3232518136501312,0.07714137,0.9977356791496277,-0.0003770240747447436,0.2,0.11456048488616943,2110
350,633.3941039,944.91,7459,213,2617344,0.0003,-3.1254373719294866,0.5912109375,0.2151087574660778,0.3231843411922455,0.09802245,0.9993398189544678,0.004671123842611754,0.2,0.09787428379058838,2120
352,636.3254167500002,942.73,7460,214,2629632,0.0003,-3.123992512623469,0.56513671875,0.8317837565516432,0.3230290710926056,0.08092215,0.9964401125907898,0.0016407872346462682,0.2,0.2704131603240967,2130
354,680.2558456,958.14,7460,215,2641920,0.0003,-3.1289181893070537,0.5917805989583333,0.2153247228823602,0.322883278131485,0.09696597,0.9987391233444214,0.00555658658122411,0.2,0.05997495353221893,2140
355,707.012188,966.87,7461,216,2654208,0.0003,-3.106123808523019,0.577099609375,0.16280351950166125,0.322308212518692,0.08175564,0.9994943141937256,0.008845499438029947,0.2,0.0417376346886158,2150
357,720.43318824,966.87,7461,217,2666496,0.0003,-3.098782080411911,0.5608317057291666,0.14099698316616316,0.32258349657058716,0.09559435,0.9994983673095703,0.0052159256879046245,0.2,0.05076925456523895,2160
358,743.91680684,971.73,7462,218,2678784,0.0003,-3.0961236928900084,0.5809488932291667,0.12368304623911779,0.3223390579223633,0.09150622,0.9995019435882568,0.007797551595528299,0.2,0.04149476811289787,2170
360,737.4984267100001,971.73,7462,219,2691072,0.0003,-3.089893760283788,0.5813639322916667,0.07704869511847695,0.3221152424812317,0.075984664,0.9995604753494263,0.010999333952107311,0.2,0.037504956126213074,2180
362,728.9174327699999,982.41,7461,220,2703360,0.0003,-3.0886015872160595,0.56142578125,0.06597838249678413,0.32197436690330505,0.09352124,0.9996659159660339,0.002388885424200756,0.2,0.019908342510461807,2190
364,764.56881644,990.2,7457,221,2715648,0.0003,-3.0593497266372043,0.5021321614583333,0.31819590552089116,0.3209744989871979,0.070338,0.9985541105270386,-0.004508566010918003,0.2,0.09263956546783447,2200
365,767.4240010299999,997.79,7454,222,2727936,0.0003,-3.016402273873488,0.5667154947916667,0.09288537825147311,0.32031115889549255,0.087466,0.9996672868728638,0.00657842297902486,0.2,0.009099137037992477,2210
367,757.2391795600001,997.79,7453,223,2740224,0.0003,-3.001168269912402,0.564208984375,0.06719798293197528,0.32003045082092285,0.09191096,0.9992929100990295,0.009855376369281051,0.2,0.026929523795843124,2220
369,734.8919151900002,990.12,7452,224,2752512,0.0003,-2.9531102776527405,0.57060546875,0.0690753466837729,0.31875407695770264,0.10582962,0.9998031258583069,0.0034904784440489794,0.2,0.03206602483987808,2230
371,703.8703529000002,982.57,7452,225,2764800,0.0003,-2.913282345732053,0.5515869140625,0.2933386332122609,0.3176584541797638,0.09904665,0.9985713362693787,-0.005409104591914608,0.2,0.19385454058647156,2240
372,711.2734053199998,979.31,7451,226,2777088,0.0003,-2.873995567858219,0.5886311848958333,0.25825617290101943,0.3171290159225464,0.100074254,0.9971258640289307,0.0012019245657332552,0.2,0.09234455227851868,2250
374,732.84291224,972.55,7448,227,2789376,0.0003,-2.8548610577980678,0.5825764973958333,0.11571969997603446,0.3165808618068695,0.25424114,0.9995594620704651,0.007777781191786441,0.2,0.04577305540442467,2260
376,742.26693105,974.76,7442,228,2801664,0.0003,-2.8177232364813487,0.5678873697916667,0.10041778633991877,0.3151898682117462,0.079327114,0.9990153312683105,-0.0019078258779093933,0.2,0.031813282519578934,2270
378,727.10245283,974.76,7442,229,2813952,0.0003,-2.746194004515807,0.5709309895833333,0.07761280819152792,0.313025563955307,0.09273037,0.9998133778572083,0.006800690240440114,0.2,0.004954259842634201,2280
379,714.79917897,965.9,7442,230,2826240,0.0003,-2.71559974749883,0.5676350911458333,0.05338098119633893,0.31315818428993225,0.0966387,0.9998029470443726,0.0075567492507010075,0.2,-0.0012689195573329926,2290
381,724.36916795,944.48,7439,231,2838528,0.0003,-2.7098870237668353,0.5083414713541666,0.8785736680962145,0.31238552927970886,0.07698348,0.995154619216919,-0.00514172314821432,0.2,0.08723137527704239,2300
383,722.4431693799999,919.15,7438,232,2850816,0.0003,-2.679206609725952,0.5213460286458333,0.5160426539058487,0.31172826886177063,0.07957485,0.995826005935669,-0.005445547672570683,0.2,0.18285422027111053,2310
384,705.31497418,922.41,7439,233,2863104,0.0003,-2.658959549168746,0.531201171875,0.6607767665448289,0.31053662300109863,0.11275371,0.9929503202438354,-0.011318902481677166,0.2,0.07556827366352081,2320
386,696.0471653699999,920.93,7438,234,2875392,0.0003,-2.632601303358873,0.6536214192708333,0.07561015097113948,0.31078094244003296,0.13687868,0.9997195601463318,0.016474353834443414,0.2,0.011866588145494461,2330
388,681.7487232899999,893.39,7436,235,2887680,0.0003,-2.6081794515252112,0.598095703125,0.1979786417602251,0.3093842566013336,0.0937211,0.9993913769721985,0.0015405123136588371,0.2,0.026530414819717407,2340
390,630.7679928100001,871.16,7435,236,2899968,0.0003,-2.6041556095083553,0.5192057291666666,1.4303437704841295,0.3099275827407837,0.07776936,0.9925140142440796,-0.006767184471391375,0.2,0.3150882422924042,2350
391,631.0583083099999,865.76,7435,237,2912256,0.0003,-2.643888478477796,0.6208984375,0.6480360435011486,0.3111214339733124,0.115874924,0.9947068691253662,0.007378988524336213,0.2,0.17505162954330444,2360
393,609.93217377,876.1,7435,238,2924544,0.0003,-2.63792871038119,0.4771728515625,1.6302668505658706,0.31046515703201294,0.067779966,0.9942412376403809,-0.009607578040352867,0.2,0.6979369521141052,2370
394,572.5828943700001,844.34,7435,239,2936832,0.0003,-2.6335415676236154,0.5912190755208333,1.1290039964020253,0.31077736616134644,0.10822201,0.9910255670547485,0.00971089116598402,0.2,0.38811713457107544,2380
396,523.8239461200001,797.15,7435,240,2949120,0.0003,-2.6352721825242043,0.42494303385416665,5.1439827099442486,0.31038928031921387,0.04918739,0.9891143441200256,-0.016084320101557144,0.2,2.3428843021392822,2390
398,498.09586046,780.94,7433,241,2961408,0.0003,-2.636434882879257,0.4380859375,7.70053127259016,0.3106972277164459,0.04821307,0.974557101726532,-0.009733009069168474,0.2,2.9582595825195312,2400
400,484.8216904,756.25,7433,242,2973696,0.0003,-2.6363927284876505,0.5451334635416667,5.489600195984045,0.31079795956611633,0.08019341,0.9783036112785339,0.0011101984079383935,0.2,2.648679733276367,2410
401,480.1101334000001,755.78,7433,243,2985984,0.0003,-2.6670634761452674,0.5453287760416666,3.3926719990869363,0.31138476729393005,0.09448191,0.9906457662582397,-0.0048870472378136276,0.2,0.9581090807914734,2420
403,433.0918183900001,705.29,7433,244,2998272,0.0003,-2.6840064123272898,0.6155436197916667,1.899619194989403,0.31148049235343933,0.12998846,0.9883576035499573,0.014146151711853842,0.2,0.8117635250091553,2430
404,424.98218550000007,693.69,7433,245,3010560,0.0003,-2.6858380933602652,0.5462565104166667,4.4980284281075,0.3116128742694855,0.08116276,0.9810771346092224,-0.006857272850174923,0.2,1.4926255941390991,2440
406,392.73442739999996,654.34,7433,246,3022848,0.0003,-2.678369380533695,0.4709554036458333,7.957061209281286,0.311278373003006,0.06724904,0.9856149554252625,-0.015838228679300907,0.2,3.147291660308838,2450
408,355.88739645999993,615.09,7433,247,3035136,0.0003,-2.6672185202439627,0.4421875,14.748478632171949,0.3112264573574066,0.047799427,0.9603196382522583,-0.016231263591907918,0.2,6.415424823760986,2460
409,294.34799444,517.49,7433,248,3047424,0.0003,-2.6858064835270246,0.5151529947916667,14.250353397925695,0.3118506968021393,0.07310287,0.9762457013130188,-0.014551819937575297,0.2,5.787837505340576,2470
411,280.10413479,510.51,7433,249,3059712,0.0003,-2.6795045668880144,0.49447428385416664,14.696338697274525,0.31112024188041687,0.065806665,0.9516296982765198,-0.01548040280758869,0.2,6.729634761810303,2480
413,257.66326525,496.51,7433,250,3072000,0.0003,-2.684632288912932,0.6031331380208333,8.813638562957445,0.31123289465904236,0.10747949,0.9837286472320557,-0.0026033152845532943,0.2,2.353973150253296,2490
414,251.06485805,498.76,7433,251,3084288,0.0003,-2.6921767955025038,0.432861328125,33.49164598385493,0.31176719069480896,0.045748044,0.9464122653007507,-0.0157110204124668,0.2,11.69918441772461,2500
416,246.99526957999998,533.73,7433,252,3096576,0.0003,-2.7044734035929046,0.5254964192708333,24.883300705750784,0.31179890036582947,0.07789141,0.9607459306716919,-0.009755400382952454,0.2,8.413878440856934,2510
418,266.41609474000006,600.75,7433,253,3108864,0.0003,-2.707744047542413,0.54638671875,21.509777253866197,0.3118046820163727,0.07478073,0.9531487226486206,0.0005236669603618793,0.2,8.830835342407227,2520
419,316.94905588,657.74,7434,254,3121152,0.0003,-2.766819326579571,0.5981201171875,14.005279770493507,0.3135046660900116,0.08608323,0.9843817949295044,0.011314651954550451,0.2,6.583501815795898,2530
421,356.86742313,708.2,7434,255,3133440,0.0003,-2.90477260996898,0.7333170572916666,3.121501283844312,0.3171180486679077,0.21017718,0.9872759580612183,0.05877497839489176,0.2,1.042017936706543,2540
423,375.4090409299999,771.75,7435,256,3145728,0.0003,-2.9468768591682117,0.6266764322916667,3.7460406750440596,0.3176681101322174,0.11436439,0.9789028167724609,0.02130015587026719,0.2,1.443427324295044,2550
424,431.66336048,787.33,7435,257,3158016,0.0003,-2.9541617358724275,0.61845703125,4.150918800632159,0.3178758919239044,0.12757336,0.9869363903999329,0.016836726722734358,0.2,1.5504947900772095,2560
426,461.50562499999995,761.63,7435,258,3170304,0.0003,-2.9964766214291254,0.6922200520833334,2.2966898726920286,0.3187667429447174,0.19573475,0.9832250475883484,0.026632767891472515,0.2,0.7278709411621094,2570
428,492.49162426000004,749.35,7434,259,3182592,0.0003,-3.042059788107872,0.6312744140625,3.229214335232973,0.31996288895606995,0.1312807,0.9826595783233643,0.004163734739510498,0.2,1.3996074199676514,2580
429,482.99632857999995,744.73,7435,260,3194880,0.0003,-3.065415766835213,0.6158854166666666,1.7086779379596313,0.320117324590683,0.122665904,0.9869512915611267,0.013083413682761603,0.2,0.5936692953109741,2590
431,477.41836449999994,716.98,7436,261,3207168,0.0003,-3.0633370464046794,0.6317708333333333,1.3446440550188223,0.31982630491256714,0.14433487,0.9911869764328003,0.01083722885135406,0.2,0.386782169342041,2600
432,481.08999352,701.02,7436,262,3219456,0.0003,-3.0571431626876193,0.5534261067708334,1.990410277619958,0.3197498619556427,0.102348745,0.9859859943389893,-0.0083548735351845,0.2,0.5852330327033997,2610
434,489.45454343,743.06,7436,263,3231744,0.0003,-3.069209433098634,0.5494384765625,2.8133707595368227,0.32042258977890015,0.09328091,0.9895834922790527,-0.01285683620517375,0.2,1.0575222969055176,2620
436,501.3254554,777.55,7436,264,3244032,0.0003,-3.1108440101146697,0.6760986328125,1.101488847285509,0.3216956853866577,0.15050583,0.9944791197776794,0.024466393059992698,0.2,0.47566789388656616,2630
437,525.1192409800001,815.0,7436,265,3256320,0.0003,-3.0989337265491486,0.5137939453125,3.1647146860758464,0.3210911452770233,0.0881593,0.9866365790367126,-0.014335947993580097,0.2,0.7990416288375854,2640
439,487.2359520999999,781.54,7437,266,3268608,0.0003,-3.0901068379481633,0.5442708333333334,4.407413281003634,0.3209556043148041,0.081742324,0.983657717704773,-0.010669120646586332,0.2,1.4576829671859741,2650
441,443.6986453200001,725.0,7437,267,3280896,0.0003,-3.080647403995196,0.4447428385416667,9.729384928941727,0.3211534321308136,0.055056036,0.9730221629142761,-0.01817223170704286,0.2,2.3788652420043945,2660
442,399.67161075999996,676.48,7435,268,3293184,0.0003,-3.1048837105433145,0.4803385416666667,12.253322409590085,0.3218502104282379,0.068895765,0.9785551428794861,-0.020780384116612063,0.2,5.681463718414307,2670
444,360.49645587,621.34,7435,269,3305472,0.0003,-3.103327472507954,0.4486328125,13.034387133518855,0.3214495778083801,0.06445211,0.9766321182250977,-0.02596766413189471,0.2,3.7169275283813477,2680
446,331.73461396999994,592.57,7435,270,3317760,0.0003,-3.1130908116698266,0.446484375,22.041373872756957,0.32229405641555786,0.050033826,0.9563579559326172,-0.014081232045039844,0.2,5.217983722686768,2690
447,300.21411443,568.31,7435,271,3330048,0.0003,-3.141550800204277,0.5319091796875,15.747796349724133,0.32287120819091797,0.07353496,0.9426653385162354,-0.01400811119917004,0.2,7.562128067016602,2700
449,296.67049498,573.32,7436,272,3342336,0.0003,-3.1783720140655833,0.6765869140625,4.889088739951451,0.3237834572792053,0.1662014,0.960551381111145,0.015510219751740805,0.2,1.9226447343826294,2710
451,300.26094929999994,604.77,7436,273,3354624,0.0003,-3.233445850511392,0.7345621744791667,2.7558142222464084,0.3250877559185028,0.21381377,0.9828144907951355,0.03573493471679588,0.2,0.9841880202293396,2720
452,305.0379350199999,586.25,7435,274,3366912,0.0003,-3.258477434515953,0.4599690755208333,20.811517095565797,0.32576918601989746,0.046509374,0.9631766080856323,-0.012810346513288096,0.2,5.479180812835693,2730
454,305.81751934000005,602.57,7436,275,3379200,0.0003,-3.264822617173195,0.3893229166666667,23.076303740342457,0.3256862461566925,0.039286617,0.9617289900779724,-0.025591485940579636,0.2,9.198180198669434,2740
456,335.7355849099999,631.53,7436,276,3391488,0.0003,-3.24371304611365,0.4857259114583333,14.643964542945225,0.3248402178287506,0.089658655,0.9692216515541077,-0.017636077281592104,0.2,6.525051116943359,2750
457,369.81951086000004,683.32,7436,277,3403776,0.0003,-3.213891234993935,0.6040283203125,7.28627799153328,0.323713093996048,0.10360747,0.9801765084266663,-0.0011281016273035978,0.2,3.001685619354248,2760
459,407.11709171,714.5,7436,278,3416064,0.0003,-3.2073828851183257,0.5382486979166666,11.9280586262544,0.32408252358436584,0.07780779,0.977639377117157,-0.010912795721863707,0.2,5.860913276672363,2770
461,430.5623787899999,727.58,7436,279,3428352,0.0003,-3.2204816728830337,0.5992513020833333,7.950223059455554,0.32454273104667664,0.11628685,0.9793209433555603,0.002877346800232772,0.2,2.8765547275543213,2780
462,438.00918348000005,742.11,7436,280,3440640,0.0003,-3.225129370391369,0.592236328125,9.828139319022496,0.3239732086658478,0.09757189,0.9802579283714294,-0.00790422819215261,0.2,3.7176172733306885,2790
464,462.18002565,780.37,7436,281,3452928,0.0003,-3.239683825771014,0.6507975260416666,6.2581231524546945,0.32499364018440247,0.14444633,0.9801023006439209,0.013507970106729772,0.2,2.4013116359710693,2800
465,476.61363672000004,789.67,7436,282,3465216,0.0003,-3.25462727646033,0.6027425130208334,7.992998924851418,0.32556378841400146,0.10136837,0.979069709777832,-0.0020570427974841246,0.2,5.677816390991211,2810
467,494.98192320000004,817.88,7436,283,3477504,0.0003,-3.2925182203451793,0.6546875,5.370986135800679,0.3266982138156891,0.15055995,0.9855371117591858,0.005181427617693165,0.2,1.9485756158828735,2820
469,521.74569311,832.3,7437,284,3489792,0.0003,-3.339966267347336,0.7130452473958333,3.9977694739898046,0.32826653122901917,0.16802551,0.9749639630317688,0.027710716111081033,0.2,1.835183024406433,2830
470,494.48805453999995,789.07,7437,285,3502080,0.0003,-3.3833515375852583,0.68134765625,2.190151013309757,0.3290184438228607,0.15748747,0.9920387268066406,0.01782219990709564,0.2,0.5873210430145264,2840
472,512.61820493,801.25,7438,286,3514368,0.0003,-3.3779572571317353,0.6040201822916667,3.7375986384848754,0.32886213064193726,0.109366976,0.985666811466217,-0.008216221459830801,0.2,1.1209344863891602,2850
474,507.72823943,783.96,7438,287,3526656,0.0003,-3.379567213356495,0.6696533203125,1.290182089433074,0.3284851610660553,0.15707205,0.9883531928062439,0.01435948258828527,0.2,0.40640711784362793,2860
475,504.96608876,761.68,7439,288,3538944,0.0003,-3.3679811601837475,0.6257242838541667,1.6818872292836506,0.3282791078090668,0.13727619,0.9789847731590271,0.0017802286810668496,0.2,0.4560213088989258,2870
477,476.15099781,730.61,7439,289,3551232,0.0003,-3.365318001806736,0.6354410807291667,1.0181173872823517,0.3280162811279297,0.16327856,0.9930483102798462,-0.0018838583933150706,0.2,0.2731216549873352,2880
478,442.40199452,681.66,7440,290,3563520,0.0003,-3.3519092907508212,0.6189290364583333,1.6003052274386087,0.3274957239627838,0.12341533,0.9847814440727234,-0.014740758714712381,0.2,0.4755500257015228,2890
480,459.1294014,705.02,7440,291,3575808,0.0003,-3.32987009336551,0.49715983072916664,4.895356850326062,0.3271137475967407,0.074816406,0.988881528377533,-0.027712557059809722,0.2,1.7163972854614258,2900
482,456.63312625,709.19,7440,292,3588096,0.0003,-3.313355882962545,0.6468668619791667,1.3578948573519787,0.3268836736679077,0.15419053,0.9905580878257751,-0.001401292584099186,0.2,0.3260076642036438,2910
483,469.9342382500001,731.76,7441,293,3600384,0.0003,-3.3063808689514795,0.6432942708333333,1.291990206638972,0.3264267146587372,0.12934305,0.9917759299278259,-0.00806207725981949,0.2,0.7468459606170654,2920
485,494.15333739,752.56,7441,294,3612672,0.0003,-3.277715303003788,0.631103515625,1.1144738565509518,0.32529202103614807,0.12814607,0.9947283864021301,-0.005121186211666403,0.2,0.43679916858673096,2930
487,505.96563854,785.38,7441,295,3624960,0.0003,-3.241766972343127,0.6526448567708333,1.0848078805332382,0.3250695765018463,0.17673264,0.9936190247535706,0.004770220416442802,0.2,0.8116896152496338,2940
488,544.3956815600001,815.58,7442,296,3637248,0.0003,-3.252588886519273,0.6263427734375,1.811820071687301,0.3251267969608307,0.12158362,0.9931933879852295,-0.006197694734631417,0.2,0.9205331802368164,2950
490,565.25704133,861.18,7442,297,3649536,0.0003,-3.222361359000206,0.6749430338541667,0.7226905059690277,0.3245532214641571,0.1464379,0.9973965883255005,0.006683300005291434,0.2,0.2661541998386383,2960
492,574.8600269000002,902.57,7442,298,3661824,0.0003,-3.2156386002898216,0.5928873697916667,1.2728912812968096,0.3242943584918976,0.10036101,0.9937417507171631,-0.012602476246926623,0.2,0.3730340600013733,2970
493,591.66145921,916.01,7442,299,3674112,0.0003,-3.2343564281860986,0.6216634114583334,0.9245156327883403,0.3247191905975342,0.123801775,0.9937455058097839,-0.0032063502173211114,0.2,0.20860712230205536,2980
495,603.78707395,944.47,7442,300,3686400,0.0003,-3.221764233708382,0.5724365234375,1.8116883019606271,0.32423967123031616,0.09650115,0.9917740225791931,-0.013031253366110225,0.2,0.5514847040176392,2990
496,592.77615838,946.04,7442,301,3698688,0.0003,-3.224783496558666,0.608642578125,1.322344121336937,0.3241935074329376,0.095171325,0.9728232026100159,-0.0038540084831765855,0.2,0.5603082180023193,3000
498,587.23090024,942.16,7442,302,3710976,0.0003,-3.21330589701732,0.615185546875,1.0412137219061455,0.32338884472846985,0.1435647,0.9894976615905762,-0.005202808992665572,0.2,0.359724223613739,3010
500,608.63684375,960.48,7442,303,3723264,0.0003,-3.186931597193082,0.5821044921875,1.321612903351585,0.3223782479763031,0.1099335,0.9917334914207458,-0.014635546652425547,0.2,0.5216889977455139,3020
501,601.69367545,952.34,7442,304,3735552,0.0003,-3.1702831879258158,0.6378987630208334,0.5413293048118551,0.3222501575946808,0.12834464,0.9964770674705505,-0.0022923368494957687,0.2,0.17312145233154297,3030
503,597.5058404900001,944.2,7443,305,3747840,0.0003,-3.143032552798589,0.6016357421875,0.587992841253678,0.3215259611606598,0.108928554,0.9951558709144592,-0.005726438103010878,0.2,0.1373041868209839,3040
505,628.91230173,960.16,7443,306,3760128,0.0003,-3.139432099958261,0.6295084635416667,0.3762395070244869,0.32137390971183777,0.12957267,0.996706485748291,-0.0024452857852641802,0.2,0.0871250182390213,3050
506,625.3413577100001,959.05,7443,307,3772416,0.0003,-3.0978557656208676,0.5894124348958333,1.2218843917051951,0.32001039385795593,0.10168127,0.9950679540634155,-0.011035586442934195,0.2,0.5730791091918945,3060
508,640.11416616,959.05,7443,308,3784704,0.0003,-3.09338719745477,0.6166178385416666,0.8415732974186539,0.32040995359420776,0.11339787,0.9923346042633057,-0.007177757838508114,0.2,0.39333924651145935,3070
510,660.13563978,961.99,7443,309,3796992,0.0003,-3.0902728363871574,0.5816731770833333,0.8570521221185724,0.3200165927410126,0.105596386,0.9940820932388306,-0.008286650981851077,0.2,0.29024988412857056,3080
511,675.22126944,962.6,7443,310,3809280,0.0003,-3.0608043958743414,0.60625,0.7989037541051706,0.3192925751209259,0.11703873,0.9966514706611633,-0.006656177201269505,0.2,0.2700957953929901,3090
513,695.6751785,962.6,7444,311,3821568,0.0003,-3.0329065576195715,0.5734619140625,0.6698513950531682,0.3192271888256073,0.101049505,0.9951937198638916,-0.008802709052785455,0.2,0.18193590641021729,3100
515,687.0056214,958.44,7444,312,3833856,0.0003,-3.032668899993102,0.616796875,0.45768238824481766,0.3190356492996216,0.112064175,0.9984526038169861,-0.0020427616720553486,0.2,0.15591123700141907,3110
516,706.41649284,957.92,7444,313,3846144,0.0003,-3.0123270561297733,0.5718912760416667,0.8243595576534669,0.3179382085800171,0.09276604,0.9941415786743164,-0.012782413403814037,0.2,0.36102068424224854,3120
518,666.2415874700001,942.16,7444,314,3858432,0.0003,-2.981005823115508,0.6199951171875,0.3513288804019491,0.31755736470222473,0.11482313,0.9974836707115173,-0.002561382441247891,0.2,0.10000181198120117,3130
519,680.6196229399998,924.59,7444,315,3870720,0.0003,-2.957027140756448,0.6117431640625,0.6400965324913462,0.31654122471809387,0.11026484,0.9943216443061829,-0.010394335173380871,0.2,0.32073113322257996,3140
521,662.41713417,916.45,7444,316,3883008,0.0003,-2.9359160964687665,0.5637613932291666,0.8752045290544629,0.3163093328475952,0.09008542,0.9870561957359314,-0.015405183760837342,0.2,0.2808918058872223,3150
523,648.67358196,923.69,7444,317,3895296,0.0003,-2.9472358003258705,0.645361328125,0.3894056452127794,0.3168497085571289,0.14550285,0.9964815974235535,-0.0007472468525520526,0.2,0.0739678144454956,3160
524,636.78749406,906.27,7444,318,3907584,0.0003,-2.945074516534805,0.633203125,0.43604206684976815,0.3165380656719208,0.2563636,0.9985470175743103,-0.004467647654625277,0.2,0.12529204785823822,3170
526,623.8735416599999,903.51,7445,319,3919872,0.0003,-2.911942470570405,0.6182373046875,0.43375946426143247,0.3155525028705597,0.10640802,0.9965038299560547,-0.006590940786797243,0.2,0.18305984139442444,3180
528,589.98529726,863.95,7445,320,3932160,0.0003,-2.8999276950955393,0.6273600260416666,0.41088979846487445,0.31579598784446716,0.126698,0.9980282187461853,-0.006201115385435211,0.2,0.1327274590730667,3190
529,579.27480953,849.07,7445,321,3944448,0.0003,-2.8718594426910085,0.5845703125,0.9061045575886965,0.31439316272735596,0.0987008,0.9892229437828064,-0.016739036085588545,0.2,0.20456495881080627,3200
531,580.28007828,856.23,7445,322,3956736,0.0003,-2.823785954217116,0.5898193359375,1.1004139345760147,0.31385940313339233,0.10295769,0.9946419596672058,-0.008622356706958574,0.2,0.3549848198890686,3210
533,586.9973027599999,864.93,7445,323,3969024,0.0003,-2.824118676781654,0.6078125,0.8371762020513416,0.3137313425540924,0.11418269,0.9960352182388306,-0.008617055609162587,0.2,0.33195042610168457,3220
534,573.0376515,864.93,7445,324,3981312,0.0003,-2.836061132947604,0.51865234375,2.668966672072808,0.3144036531448364,0.07784233,0.9813168048858643,-0.016655579628422856,0.2,0.9553062319755554,3230
536,569.8095180700001,856.76,7445,325,3993600,0.0003,-2.87902905245622,0.6720947265625,0.45494494354352355,0.3156503736972809,0.15482278,0.9961110949516296,0.008106500116021683,0.2,0.16312773525714874,3240
538,551.6482644600001,853.22,7445,326,4005888,0.0003,-2.868465040624142,0.5014973958333333,2.0448535048713286,0.3147166669368744,0.08442367,0.9841859936714172,-0.024179189646868812,0.2,0.4992508888244629,3250
539,573.9118145799999,880.95,7445,327,4018176,0.0003,-2.8543944920102757,0.6215006510416666,1.3044655080884695,0.31490373611450195,0.1310031,0.9937689900398254,-0.005889319616835564,0.2,0.4065467417240143,3260
541,600.68162052,888.3,7445,328,4030464,0.0003,-2.8237605447570484,0.6413981119791666,0.6277893090310196,0.3134685754776001,0.12511446,0.9965740442276001,-0.007737988430502204,0.2,0.1581946611404419,3270
542,597.1296581600001,884.75,7446,329,4042752,0.0003,-2.7994204461574554,0.6027913411458333,0.5756445146165788,0.31339871883392334,0.11084934,0.995977520942688,-0.00905981964606326,0.2,0.18180324137210846,3280
544,617.78788043,888.85,7446,330,4055040,0.0003,-2.8035677229364713,0.6155680338541667,0.28732152450829745,0.31318771839141846,0.116387665,0.9983495473861694,0.003518373857756766,0.2,0.10152274370193481,3290
546,626.86828258,884.01,7446,331,4067328,0.0003,-2.7929610927899677,0.5488362630208333,0.9225814398378134,0.31292417645454407,0.094154574,0.9957707524299622,-0.012923915817130668,0.2,0.533531904220581,3300
547,657.9176302100001,901.13,7446,332,4079616,0.0003,-2.7975929791728658,0.5575520833333333,0.585782751472046,0.3134978115558624,0.09889838,0.9973289370536804,-0.010023124244374534,0.2,0.24372291564941406,3310
549,654.87338161,898.03,7446,333,4091904,0.0003,-2.8023286655545236,0.5548909505208334,2.8975457571446896,0.3132711946964264,0.095844604,0.9864262938499451,-0.015959999493982954,0.2,1.138871669769287,3320
551,662.27112528,905.54,7446,334,4104192,0.0003,-2.8235538110136984,0.6359944661458333,1.3260518375784158,0.3141007125377655,0.11319833,0.991470456123352,-0.0012181593721228032,0.2,0.5443264245986938,3330
552,659.32398208,912.93,7446,335,4116480,0.0003,-2.82632868985335,0.592626953125,2.146181325117747,0.3138076066970825,0.113934256,0.9928240776062012,-0.013730251798794295,0.2,0.8202495574951172,3340
554,682.7215882599999,922.96,7447,336,4128768,0.0003,-2.782744704683622,0.6117024739583333,1.4396696510414282,0.31291308999061584,0.11299658,0.9915657639503479,-0.00960703312982029,0.2,0.5124489665031433,3350
556,679.9808369599999,936.21,7447,337,4141056,0.0003,-2.809391421576341,0.6353515625,1.0482625376433135,0.31387171149253845,0.12792389,0.9957773089408875,-0.005075810747803189,0.2,0.4138154685497284,3360
557,677.89823093,943.23,7447,338,4153344,0.0003,-2.8308528741200765,0.6001546223958333,1.7191506686309974,0.31411489844322205,0.11456887,0.9945516586303711,-0.00816478939668741,0.2,0.8480180501937866,3370
559,653.4917608899999,925.71,7447,339,4165632,0.0003,-2.8337821111083032,0.6065511067708333,1.5455862720807394,0.3142203390598297,0.11124975,0.9923262000083923,-0.010663287217903416,0.2,0.6259875893592834,3380
560,626.82826266,925.09,7447,340,4177920,0.0003,-2.8435396696130435,0.5616943359375,2.1211294925461215,0.3143445551395416,0.08485291,0.9873008131980896,-0.013467194155722003,0.2,0.8458021879196167,3390
562,617.0273498900001,922.38,7447,341,4190208,0.0003,-2.8401623159646987,0.6202473958333333,1.670942363763849,0.3143862783908844,0.14725588,0.9745438098907471,-0.006605185808924338,0.2,0.5396432876586914,3400
564,627.2340914499999,923.65,7447,342,4202496,0.0003,-2.8153663550813994,0.5580891927083333,3.297348480671644,0.31359466910362244,0.091180086,0.9734768271446228,-0.012008259447369104,0.2,1.164610505104065,3410
565,611.62998418,919.33,7447,343,4214784,0.0003,-2.7941507498423257,0.6267985026041667,2.111258514473836,0.31316959857940674,0.14594309,0.9911770224571228,-0.013294841812360876,0.2,0.7687362432479858,3420
567,607.49214859,926.16,7447,344,4227072,0.0003,-2.7843676909804342,0.6267252604166667,1.605548524359862,0.31255635619163513,0.13619101,0.9928394556045532,-0.00852871274497981,0.2,0.5093891620635986,3430
569,571.41576665,901.02,7447,345,4239360,0.0003,-2.7674075931310655,0.6410481770833333,1.9406873351583878,0.31212377548217773,0.15731114,0.9848789572715759,-0.007203469731515118,0.2,0.5555514693260193,3440
570,542.96927106,876.69,7447,346,4251648,0.0003,-2.7527942791581155,0.6214518229166667,2.3222657767434915,0.311943918466568,0.13054217,0.9811919927597046,-0.01381254967127461,0.2,0.8461108207702637,3450
572,551.7913497100001,871.37,7447,347,4263936,0.0003,-2.72711560378472,0.5451416015625,3.597584622850021,0.31135857105255127,0.08414178,0.9838443398475647,-0.026926797629372837,0.2,1.9247264862060547,3460
574,536.39612929,838.84,7447,348,4276224,0.0003,-2.705975198249022,0.4921630859375,5.495599174002806,0.3110423982143402,0.071857944,0.975215494632721,-0.0255412250427374,0.2,1.752321720123291,3470
575,521.4822063299999,835.95,7447,349,4288512,0.0003,-2.7255230392018954,0.6016682942708333,4.016430022070805,0.31159961223602295,0.13380925,0.974408745765686,-0.016847653695731424,0.2,1.073116660118103,3480
577,482.42898770000005,802.3,7447,350,4300800,0.0003,-2.7410098453362783,0.5872314453125,6.362356164554755,0.3120496869087219,0.10355774,0.9703830480575562,-0.015440581997972913,0.2,2.798682451248169,3490
579,474.18555119999996,793.92,7448,351,4313088,0.0003,-2.7324326669176418,0.5690348307291667,5.139940648774306,0.3114492893218994,0.114535026,0.9790655970573425,-0.019843538705026732,0.2,2.270777940750122,3500
580,491.59094826,808.68,7448,352,4325376,0.0003,-2.6883221517006555,0.5786702473958333,6.006752476096153,0.3105297386646271,0.10089458,0.9800094962120056,-0.014891309654922224,0.2,2.644014835357666,3510
582,492.65633965999996,836.33,7448,353,4337664,0.0003,-2.7202307601769764,0.7062906901041667,3.680133404582739,0.311938613653183,0.16149384,0.9612860679626465,0.017804663108836393,0.2,1.4170609712600708,3520
584,501.50359934,844.55,7448,354,4349952,0.0003,-2.727431687215964,0.6420491536458334,2.244512757907311,0.3112887442111969,0.16021304,0.9908791780471802,-0.006927811986921976,0.2,0.9292507171630859,3530
585,528.8314811,871.99,7448,355,4362240,0.0003,-2.7228743279973666,0.6477783203125,2.765982340524594,0.31113556027412415,0.14037304,0.9912276268005371,-0.007909538936898268,0.2,0.963119387626648,3540
587,537.27137944,888.2,7448,356,4374528,0.0003,-2.711116020878156,0.6229573567708333,3.278529778122902,0.310420960187912,0.12402129,0.98134845495224,-0.009936812141677364,0.2,1.5873386859893799,3550
588,564.9135102500001,912.04,7448,357,4386816,0.0003,-2.691648198167483,0.6688639322916666,1.4363196020325024,0.3103676736354828,0.1704719,0.9906061887741089,0.0010917810761990646,0.2,0.6769485473632812,3560
590,564.64756544,922.4,7448,358,4399104,0.0003,-2.681508076687654,0.6037434895833333,2.89917926043272,0.3096572458744049,0.10965768,0.9791212677955627,-0.01414784257649444,0.2,0.9984625577926636,3570
592,557.8932586000001,925.62,7448,359,4411392,0.0003,-2.6905222445726396,0.7258870442708333,1.6296171543498834,0.31002119183540344,0.19859354,0.9808971881866455,0.008852316647971748,0.2,0.5667765736579895,3580
593,576.55876057,916.33,7448,360,4423680,0.0003,-2.6572003896037737,0.646630859375,3.2208402059972285,0.3085470497608185,0.14916052,0.9843595027923584,-0.013145255065076829,0.2,0.8815380334854126,3590
595,564.83668268,904.4,7448,361,4435968,0.0003,-2.628283045689265,0.5895426432291667,2.9878340708712736,0.30806005001068115,0.11410206,0.9840622544288635,-0.01772447440744145,0.2,1.0544700622558594,3600
597,543.65738991,888.68,7449,362,4448256,0.0003,-2.6387901018063227,0.6492919921875,1.6355091440180938,0.30836936831474304,0.1504425,0.9833697080612183,-0.010986176982260076,0.2,0.4525286555290222,3610
598,520.55162241,856.55,7448,363,4460544,0.0003,-2.650437111655871,0.6777750651041666,1.4004314168045917,0.3091215193271637,0.17136878,0.9908648729324341,-0.0008120071838978522,0.2,0.3682580888271332,3620
600,496.78754594,837.93,7448,364,4472832,0.0003,-2.6987884238362314,0.6089762369791667,3.189328671991825,0.3101089894771576,0.11607438,0.9784282445907593,-0.012518875320286801,0.2,0.9195629358291626,3630
602,516.67143574,824.08,7448,365,4485120,0.0003,-2.7011961991588276,0.593212890625,2.699919603765011,0.30964145064353943,0.11348832,0.9897696375846863,-0.021887308039974112,0.2,0.6604506969451904,3640
603,531.1568511199999,822.14,7448,366,4497408,0.0003,-2.703698005278905,0.5701253255208333,3.9928321219980716,0.3098728060722351,0.08949152,0.981485903263092,-0.02197221271514233,0.2,1.395004391670227,3650
605,512.10143101,819.85,7449,367,4509696,0.0003,-2.7046850939591724,0.6039632161458334,4.023119811465343,0.31001588702201843,0.11045891,0.974514901638031,-0.015919582561279337,0.2,1.4438226222991943,3660
607,508.23416616000003,816.31,7449,368,4521984,0.0003,-2.7138106152415276,0.5903645833333333,3.332675772656997,0.3105461597442627,0.11608859,0.9856609106063843,-0.018208499017055145,0.2,1.4576059579849243,3670
608,530.23948547,836.31,7449,369,4534272,0.0003,-2.7785085449616114,0.728466796875,0.9801153182983399,0.3118349611759186,0.20570032,0.9950574636459351,0.016141166107263415,0.2,0.3083529472351074,3680
610,554.29920402,838.4,7449,370,4546560,0.0003,-2.7842982674638432,0.6053955078125,2.006949699670076,0.312251478433609,0.12967946,0.9927117228507996,-0.014284147285555568,0.2,0.601812481880188,3690
611,584.25406518,853.08,7449,371,4558848,0.0003,-2.7814657350381213,0.5212809244791666,2.6374476475020248,0.3112286627292633,0.08074104,0.9882950782775879,-0.024152651308880498,0.2,1.0048331022262573,3700
613,561.9428933300001,847.45,7449,372,4571136,0.0003,-2.761125681300958,0.6426920572916667,1.3561816301196814,0.31087419390678406,0.13744627,0.9923329949378967,-0.0077771733903015654,0.2,0.4557863175868988,3710
615,550.68701599,815.75,7449,373,4583424,0.0003,-2.7670755753914515,0.641015625,1.3858656408886114,0.31111156940460205,0.14245307,0.9820593595504761,-0.008786113403039053,0.2,0.38282081484794617,3720
616,550.38313208,809.75,7450,374,4595712,0.0003,-2.757454772293568,0.602685546875,2.250570059319337,0.31041017174720764,0.12062416,0.9881534576416016,-0.022827524724319422,0.2,0.7517337799072266,3730
618,547.21370589,797.34,7450,375,4608000,0.0003,-2.7391998181740442,0.6351481119791667,1.4378799183915059,0.3099190294742584,0.13432916,0.9910653233528137,-0.00623859852591219,0.2,0.32183197140693665,3740
620,547.47701603,801.8,7450,376,4620288,0.0003,-2.714503240088622,0.6511149088541667,1.1205386649196347,0.3092070519924164,0.1505992,0.9911285638809204,-0.012618289863651929,0.2,0.2937016487121582,3750
621,530.78926924,797.27,7450,377,4632576,0.0003,-2.7155550852417947,0.6587809244791667,0.6629152805233995,0.3094395101070404,0.14069779,0.9918943643569946,-0.0013079348757552604,0.2,0.1640210896730423,3760
623,480.30398902,760.9,7450,378,4644864,0.0003,-2.6930560459693274,0.5992431640625,1.5874562606215477,0.30846086144447327,0.11349726,0.9880536794662476,-0.020418165939918253,0.2,0.4306236207485199,3770
625,500.44680468999996,778.9,7451,379,4657152,0.0003,-2.6680405870079995,0.6323811848958333,1.7187632096310457,0.3085932731628418,0.14186095,0.9913685321807861,-0.016485443899485593,0.2,0.5134333968162537,3780
626,495.6766582799999,793.2,7451,380,4669440,0.0003,-2.676279910405477,0.5558024088541667,2.6767998479306696,0.3090420663356781,0.0990536,0.9729246497154236,-0.017866311807301825,0.2,0.8456850051879883,3790
628,475.0239996500001,789.66,7451,381,4681728,0.0003,-2.7018291383981703,0.6133382161458333,2.600465217232704,0.3096359074115753,0.12787157,0.979839026927948,-0.010894177585335759,0.2,1.1921212673187256,3800
629,502.96608444,808.19,7452,382,4694016,0.0003,-2.72242265244325,0.5978108723958333,2.315924049913883,0.309769868850708,0.109392114,0.9894106984138489,-0.01882235474671082,0.2,0.7951532006263733,3810
631,502.58434993000003,797.89,7452,383,4706304,0.0003,-2.6963952521483106,0.6253824869791667,1.9495312005281449,0.30881139636039734,0.12572278,0.9895566701889038,-0.014622709442240497,0.2,0.8479757308959961,3820
633,534.94607395,841.18,7452,384,4718592,0.0003,-2.6883617783586184,0.6376953125,1.8832649415979783,0.3088339567184448,0.12382627,0.9894060492515564,-0.011107209398566435,0.2,0.5363488793373108,3830
634,564.36541525,871.23,7452,385,4730880,0.0003,-2.6882693563898403,0.6180419921875,1.4752105434735616,0.30837273597717285,0.12103933,0.9940726161003113,-0.010258364167627102,0.2,0.5191442370414734,3840
636,573.23061979,889.04,7452,386,4743168,0.0003,-2.671653454999129,0.6425862630208333,1.5196006788561742,0.30796754360198975,0.12862049,0.9938322305679321,-0.00591822912247153,0.2,0.49063754081726074,3850
638,584.7641755500001,894.83,7452,387,4755456,0.0003,-2.676324584086736,0.5916097005208333,1.939679836605986,0.30791714787483215,0.12543921,0.9910807013511658,-0.021100557036697866,0.2,0.41860324144363403,3860
639,582.49916858,880.2,7452,388,4767744,0.0003,-2.6681059350570044,0.474560546875,6.685530467828115,0.3080080449581146,0.054292943,0.9455820918083191,-0.02722707377009404,0.2,1.7189427614212036,3870
641,545.68353002,892.32,7452,389,4780032,0.0003,-2.6809026792645456,0.6281494140625,3.0132804440955323,0.3084975779056549,0.13514213,0.9766068458557129,-0.015617246485392873,0.2,0.8994927406311035,3880
642,537.32016718,910.68,7453,390,4792320,0.0003,-2.6949724311629932,0.6819173177083333,1.6762641206383706,0.3090337812900543,0.1576489,0.9814487099647522,0.008686315339097443,0.2,0.5152440667152405,3890
644,551.83203456,920.29,7453,391,4804608,0.0003,-2.721178891758124,0.6047932942708333,2.7913193948566914,0.30921801924705505,0.09316511,0.9816083908081055,-0.011042070372301776,0.2,1.3650742769241333,3900
646,542.69913167,923.5,7453,392,4816896,0.0003,-2.71261232594649,0.604931640625,2.7769097107152145,0.3088012635707855,0.11169379,0.9914419054985046,-0.01555415684124455,0.2,1.2092264890670776,3910
647,553.4167743400001,920.96,7454,393,4829184,0.0003,-2.71896524677674,0.6297526041666667,2.477207424119115,0.30865493416786194,0.11456757,0.9838435649871826,-0.010144840408853877,0.2,1.1443917751312256,3920
649,565.0402372000001,922.5,7454,394,4841472,0.0003,-2.7001183837652207,0.6839192708333334,0.8997981176401179,0.30843010544776917,0.16729651,0.9917020797729492,0.0011375470669008792,0.2,0.25651976466178894,3930
651,593.30357531,934.63,7454,395,4853760,0.0003,-2.6866103465358417,0.6050455729166667,2.1939864426851274,0.30828383564949036,0.11398368,0.9911326169967651,-0.011403200712811668,0.2,1.0482666492462158,3940
652,587.8738931199999,925.35,7454,396,4866048,0.0003,-2.7074376955628394,0.64326171875,1.0101010982568066,0.30864956974983215,0.12665796,0.9860519766807556,-0.00488366700495438,0.2,0.31983482837677,3950
654,596.5378865299999,899.76,7454,397,4878336,0.0003,-2.701916224261125,0.5909098307291667,3.03554830600818,0.3084322512149811,0.10737113,0.9835071563720703,-0.015933547956713787,0.2,0.9696810245513916,3960
656,593.84558291,892.04,7454,398,4890624,0.0003,-2.670403991142909,0.5417724609375,4.244297228256861,0.3075849711894989,0.08834917,0.9854654669761658,-0.02781349095166661,0.2,1.665698766708374,3970
657,592.0922320100001,891.65,7454,399,4902912,0.0003,-2.658197928965092,0.6721272786458333,1.220581828057766,0.30738791823387146,0.16000332,0.9912259578704834,0.0010813964462916678,0.2,0.6420549154281616,3980
659,571.11247638,885.71,7455,400,4915200,0.0003,-2.6775307406981788,0.6852457682291667,0.5521022145325939,0.30820515751838684,0.17039232,0.9955710172653198,0.006099146921284652,0.2,0.15423867106437683,3990
660,574.30343085,874.0,7455,401,4927488,0.0003,-2.6842290018995603,0.6445963541666667,0.37312926795954504,0.30792808532714844,0.14835599,0.9951683878898621,-0.004905467238131678,0.2,0.0819852203130722,4000
662,559.3696901,859.69,7455,402,4939776,0.0003,-2.658989198009173,0.545556640625,1.2885624788701535,0.3073502480983734,0.085535504,0.9913031458854675,-0.015820219961945745,0.2,0.3974043130874634,4010
664,571.98682311,853.88,7455,403,4952064,0.0003,-2.6252340406179426,0.5606282552083334,1.1861655376851559,0.30641281604766846,0.08651305,0.992412269115448,-0.015423611076160644,0.2,0.2776411473751068,4020
665,570.87808748,862.67,7456,404,4964352,0.0003,-2.5819954509536425,0.5470458984375,1.460522479439775,0.3056199848651886,0.08663096,0.992560088634491,-0.019901622876689846,0.2,0.8046955466270447,4030
667,578.93821507,867.44,7456,405,4976640,0.0003,-2.5655708933869996,0.65302734375,0.7655460300544897,0.3054685592651367,0.15173699,0.9921039938926697,-0.0028661087703464243,0.2,0.25721025466918945,4040
669,572.09295021,859.4,7456,406,4988928,0.0003,-2.573190650343895,0.653369140625,0.7138948858405153,0.30568253993988037,0.15840526,0.9953298568725586,-0.0027160100367230673,0.2,0.17177478969097137,4050
670,579.5768075899999,880.96,7456,407,5001216,0.0003,-2.5982004036506017,0.68037109375,0.5176466987468302,0.30625471472740173,0.17122154,0.9943395853042603,-0.0023169933362320685,0.2,0.1886337697505951,4060
672,588.15785804,871.69,7457,408,5013504,0.0003,-2.628271691997846,0.6487141927083333,0.6960298315932353,0.3067808449268341,0.1242809,0.9973627328872681,-0.0038420289696659894,0.2,0.22005292773246765,4070
673,610.2303166299998,892.92,7457,409,5025792,0.0003,-2.6085356066624326,0.596337890625,0.8562164980918169,0.30612656474113464,0.10191289,0.9948208332061768,-0.014869626395132703,0.2,0.20089954137802124,4080
675,614.4805298800001,896.88,7457,410,5038080,0.0003,-2.589887405435244,0.6326009114583333,0.8271837110320727,0.3062470555305481,0.1291423,0.9967622756958008,-0.008925294775690418,0.2,0.3674152195453644,4090
677,594.0243144899999,854.98,7458,411,5050368,0.0003,-2.590937847892443,0.6330810546875,0.7186402465216816,0.3056339919567108,0.12201556,0.994035542011261,-0.008432718711749962,0.2,0.18027813732624054,4100
678,605.8825337400001,857.93,7458,412,5062656,0.0003,-2.5674576903382937,0.5336100260416666,2.4864269312471152,0.30537208914756775,0.07649062,0.9908562898635864,-0.02426441410886279,0.2,1.0605586767196655,4110
680,584.59339556,843.59,7459,413,5074944,0.0003,-2.5842978542049724,0.6754801432291667,0.23409460093826057,0.3065357506275177,0.21928859,0.9984874129295349,0.011430051783099771,0.2,0.091306671500206,4120
681,586.68107404,828.91,7459,414,5087232,0.0003,-2.57363567451636,0.6088541666666667,0.6907236438555022,0.3055154085159302,0.11652955,0.9937745928764343,-0.009145639750931878,0.2,0.11452008783817291,4130
683,598.4965222999999,827.72,7459,415,5099520,0.0003,-2.554380284746488,0.6449137369791667,0.5668290805692474,0.30536937713623047,0.13021255,0.9963369369506836,-0.007626126834171979,0.2,0.14351731538772583,4140
685,599.32914694,827.45,7459,416,5111808,0.0003,-2.5493687361478807,0.6236246744791667,0.9140429525015255,0.30573925375938416,0.1347798,0.9962108731269836,-0.0068693965949933045,0.2,0.43823063373565674,4150
686,608.6363154100001,823.94,7460,417,5124096,0.0003,-2.5621911153197288,0.62412109375,0.5760637640332182,0.3057420253753662,0.1549555,0.9970006346702576,-0.01092008597527941,0.2,0.1620534062385559,4160
688,635.4651241,877.64,7460,418,5136384,0.0003,-2.5516466279824574,0.6064778645833333,0.5119273733037214,0.3052864074707031,0.13343808,0.9973154664039612,-0.012337712154840119,0.2,0.07411259412765503,4170
690,633.00764684,876.37,7461,419,5148672,0.0003,-2.535466808080673,0.6326741536458333,0.5318080999578039,0.30465808510780334,0.17456038,0.996085524559021,-0.008695605095999781,0.2,0.09611202776432037,4180
691,654.8878504600001,884.11,7461,420,5160960,0.0003,-2.5178722629944486,0.6067464192708333,0.6778347722565135,0.304090291261673,0.1200986,0.9951165318489075,-0.010261470806775226,0.2,0.14947739243507385,4190
693,668.4094948000001,883.35,7461,421,5173248,0.0003,-2.466859344144662,0.6147542317708333,0.9601586113373438,0.30324414372444153,0.13496071,0.9955328702926636,-0.012118421735067386,0.2,0.25275224447250366,4200
694,642.16813876,876.25,7461,422,5185536,0.0003,-2.456652415295442,0.6883463541666667,0.36661370946094396,0.30276671051979065,0.18953359,0.9981381893157959,-0.003035356049076654,0.2,0.1740732192993164,4210
696,616.15695165,873.4,7461,423,5197824,0.0003,-2.454803953071435,0.6652994791666667,0.37353898795942464,0.30276086926460266,0.1735305,0.9973662495613098,-0.0050567428203066814,0.2,0.09268276393413544,4220
698,600.63163667,887.09,7461,424,5210112,0.0003,-2.4614671473701795,0.6066162109375,0.586247365983824,0.30286142230033875,0.12687823,0.9933522343635559,-0.015420510462718084,0.2,0.07245108485221863,4230
699,597.53753784,882.61,7461,425,5222400,0.0003,-2.448084251085917,0.6286376953125,0.7511968285466234,0.3025658428668976,0.1282496,0.9940914511680603,-0.006686507950265271,0.2,0.22560811042785645,4240
701,590.7073853400001,882.55,7461,426,5234688,0.0003,-2.4591933086514475,0.6579915364583333,0.6733384927734732,0.3030026853084564,0.1760865,0.9973755478858948,-0.008691403071861715,0.2,0.22121284902095795,4250
703,607.2763978999999,882.55,7461,427,5246976,0.0003,-2.4481674537062643,0.5761067708333333,0.9177557256693641,0.30246755480766296,0.100156784,0.9968075752258301,-0.014336561712843832,0.2,0.18961092829704285,4260
704,606.8229853400001,902.29,7461,428,5259264,0.0003,-2.425575398405393,0.5984619140625,1.1968323942894736,0.30254730582237244,0.108013034,0.9925882816314697,-0.01157545644430987,0.2,0.3109179139137268,4270
706,616.83871886,916.74,7461,429,5271552,0.0003,-2.410290704667568,0.5245768229166666,3.6793859635790187,0.3020641505718231,0.076919846,0.9891912341117859,-0.022357360876048914,0.2,1.0178918838500977,4280
708,618.3556141400001,914.97,7461,430,5283840,0.0003,-2.443447927633921,0.6848876953125,0.8577482170735796,0.3031865656375885,0.16597413,0.9914659261703491,0.002755500167647066,0.2,0.28670111298561096,4290
709,637.87954964,914.45,7461,431,5296128,0.0003,-2.4508396873871487,0.6537272135416666,0.8936553381383419,0.3034309148788452,0.12501843,0.993522584438324,-0.005423091275345845,0.2,0.31195852160453796,4300
711,637.66231103,916.88,7461,432,5308416,0.0003,-2.4494280169407525,0.5775716145833333,1.9311186656355859,0.30317994952201843,0.109668076,0.9936726093292236,-0.02003308278362965,0.2,0.9631747603416443,4310
713,642.8162182100001,923.76,7461,433,5320704,0.0003,-2.4639894048372906,0.6874593098958334,1.467103200033307,0.30375489592552185,0.1459343,0.9913932085037231,2.923417365915763e-05,0.2,0.5005910396575928,4320
714,617.92076434,919.2,7461,434,5332992,0.0003,-2.451073494056861,0.628564453125,2.643422592928012,0.3029731810092926,0.12312504,0.9794179201126099,-0.01169425003269377,0.2,0.9590206146240234,4330
716,582.9191520999999,902.63,7460,435,5345280,0.0003,-2.4733761062224704,0.6947265625,0.8745328120266398,0.30386194586753845,0.19487454,0.9743699431419373,0.001946219087888797,0.2,0.21926391124725342,4340
718,553.67336541,861.64,7460,436,5357568,0.0003,-2.456628130376339,0.5539876302083333,3.715254574269056,0.30309346318244934,0.0918926,0.9833208322525024,-0.027794237220465826,0.2,1.6155202388763428,4350
719,492.83691235,800.26,7460,437,5369856,0.0003,-2.4554075439771017,0.53779296875,5.443345853189627,0.3037654161453247,0.09085113,0.9809832572937012,-0.027895420984714293,0.2,1.9321750402450562,4360
721,453.2171550700001,740.1,7460,438,5382144,0.0003,-2.4550508374969167,0.5170979817708333,7.317597341537476,0.30333462357521057,0.083273925,0.9807837605476379,-0.031796672557053776,0.2,3.476496934890747,4370
723,434.25430000000006,723.91,7460,439,5394432,0.0003,-2.4437893678744635,0.440673828125,17.0822928160429,0.30318576097488403,0.057146385,0.9627798199653625,-0.033193983354916176,0.2,4.473330020904541,4380
724,436.93898558999996,702.48,7460,440,5406720,0.0003,-2.4310359795888266,0.5471761067708333,11.055783226092656,0.3027706742286682,0.0898486,0.9619185328483582,-0.02472878158344732,0.2,3.0871851444244385,4390
726,434.30214086,704.71,7460,441,5419008,0.0003,-2.4188368404905,0.5946940104166667,7.868237481017908,0.3022405505180359,0.10730517,0.9833167195320129,-0.021175212964590174,0.2,3.221339464187622,4400
728,447.84640386,727.26,7460,442,5431296,0.0003,-2.456653282046318,0.7083984375,4.313361436376969,0.30333182215690613,0.19362749,0.9792146682739258,0.0050717425503535194,0.2,1.551914095878601,4410
729,474.12518116,756.19,7460,443,5443584,0.0003,-2.465232315659523,0.6021484375,5.780511723458767,0.3032067120075226,0.12297217,0.978825569152832,-0.020592640030857486,0.2,2.4693524837493896,4420
731,526.9979082,805.88,7460,444,5455872,0.0003,-2.513110918303331,0.728076171875,3.7683368253211182,0.305325984954834,0.22423474,0.9845269918441772,0.020943742822661687,0.2,1.3290804624557495,4430
732,530.02679114,835.44,7460,445,5468160,0.0003,-2.6733257129788397,0.894677734375,0.6836852379143238,0.30808383226394653,2.4280808,0.9931843280792236,0.12449064523001047,0.2,0.27583974599838257,4440
734,548.15765336,827.39,7460,446,5480448,0.0003,-2.6626474231481554,0.6738850911458333,1.359008283354342,0.30834078788757324,0.15828751,0.991942822933197,-0.002415050553584782,0.2,0.34642112255096436,4450
736,547.50550857,792.94,7461,447,5492736,0.0003,-2.6470280985037484,0.647900390625,1.2683525559181967,0.30776485800743103,0.16744453,0.9927724599838257,-0.010617076945830679,0.2,0.3786689341068268,4460
737,541.5595688999999,782.73,7461,448,5505024,0.0003,-2.633428422609965,0.5761800130208333,2.1270814316968125,0.30772700905799866,0.112013556,0.9900397062301636,-0.017571783304447308,0.2,0.6555764675140381,4470
739,575.1359062,804.8,7461,449,5517312,0.0003,-2.67369529902935,0.6841796875,1.1819112608830133,0.3089362382888794,0.17492558,0.9920284152030945,0.0021249667396962954,0.2,0.3647841215133667,4480
741,559.2055793100001,783.42,7461,450,5529600,0.0003,-2.6541565587123235,0.615234375,2.1019326632221538,0.3078775703907013,0.16080673,0.9941328167915344,-0.010372812671509262,0.2,0.6485208868980408,4490
742,566.41674433,776.35,7461,451,5541888,0.0003,-2.6458910291393596,0.6000732421875,2.7630212604999542,0.3080621063709259,0.120103,0.9906179904937744,-0.011821275036588001,0.2,0.7522692084312439,4500
744,531.14233251,742.26,7461,452,5554176,0.0003,-2.6712612003087997,0.6544840494791667,1.187306166564425,0.30866125226020813,0.15025641,0.9940147399902344,-0.00561744045407977,0.2,0.361001193523407,4510
745,518.87516743,760.03,7461,453,5566464,0.0003,-2.682142345607281,0.49663899739583334,3.997193309913079,0.3087191581726074,0.06750534,0.9820677638053894,-0.03233868326448525,0.2,1.5463831424713135,4520
747,526.65031472,755.11,7460,454,5578752,0.0003,-2.6718792895476025,0.6367024739583333,2.2515928554038207,0.30861619114875793,0.15690853,0.9924456477165222,-0.017853312595010114,0.2,0.683842658996582,4530
749,541.91444425,770.65,7459,455,5591040,0.0003,-2.688940135141214,0.6486246744791667,1.7936648063361644,0.30892547965049744,0.15101592,0.9913474321365356,-0.007422001961094793,0.2,0.5451458096504211,4540
751,531.4819885300001,767.84,7457,456,5603328,0.0003,-2.711593934893608,0.715966796875,1.4183061964809895,0.30985841155052185,0.22463469,0.9947837591171265,0.0037071351708921913,0.2,0.9864959120750427,4550
753,526.0491567,780.46,7456,457,5615616,0.0003,-2.692429720858733,0.6825764973958334,1.0849245443940163,0.3083716630935669,0.18035364,0.995158851146698,-0.00031656281062169,0.2,0.25124692916870117,4560
755,522.6017540099999,795.42,7453,458,5627904,0.0003,-2.6825806468725206,0.6853759765625,0.8890988055616618,0.30843010544776917,0.18219535,0.9909486174583435,-0.008812414783945618,0.2,0.25875943899154663,4570
756,549.15706188,834.93,7452,459,5640192,0.0003,-2.696505271891753,0.6835774739583333,0.9513181941583753,0.309074342250824,0.16630338,0.9949725866317749,-0.005447514436673373,0.2,0.4301031529903412,4580
758,549.2082412,844.94,7452,460,5652480,0.0003,-2.692000269393126,0.6197591145833333,0.8717623413850863,0.30837059020996094,0.1354535,0.9932185411453247,-0.014421221436350606,0.2,0.1552453190088272,4590
760,574.9627235600001,856.14,7452,461,5664768,0.0003,-2.6453712408741317,0.6688232421875,0.35256496639922263,0.30723467469215393,0.17027271,0.9980804920196533,0.0009077781636733562,0.2,0.09419518709182739,4600
761,563.0170289499999,858.13,7451,462,5677056,0.0003,-2.605062887072563,0.5794921875,1.2448918072506785,0.30627119541168213,0.10468937,0.9960734844207764,-0.017575278307776897,0.2,0.5292139649391174,4610
763,573.78197506,875.69,7447,463,5689344,0.0003,-2.5910649940371515,0.6368001302083334,0.60296898248295,0.30681970715522766,0.14111991,0.9949066042900085,-0.010389255024589754,0.2,0.2020077407360077,4620
765,597.56788135,882.64,7443,464,5701632,0.0003,-2.587082011004289,0.6706136067708334,0.4626328360599776,0.30618610978126526,0.15545309,0.9940460920333862,0.0013621856919295776,0.2,0.11404013633728027,4630
767,621.5200042199999,884.95,7441,465,5713920,0.0003,-2.569102932016055,0.6372721354166667,0.6078366527644297,0.3059103190898895,0.14286394,0.9956718683242798,-0.0073415456019574775,0.2,0.12577766180038452,4640
769,631.1378004799999,884.71,7440,466,5726208,0.0003,-2.560138372083505,0.6503011067708333,0.753781540133059,0.30592289566993713,0.15330464,0.9962742328643799,-0.006891060968822179,0.2,0.219768226146698,4650
771,644.8662347,899.58,7437,467,5738496,0.0003,-2.54766448289156,0.6538655598958333,0.6451854787766933,0.30570992827415466,0.15197481,0.9963100552558899,-0.009455161891916456,0.2,0.22626754641532898,4660
773,644.95587066,910.08,7437,468,5750784,0.0003,-2.5341566974918046,0.6625081380208333,0.2778008442992965,0.3053472340106964,0.1504931,0.9988119602203369,4.703440936282277e-05,0.2,0.052583709359169006,4670
774,656.94662795,924.66,7437,469,5763072,0.0003,-2.497140809893608,0.6268717447916666,0.3018752083182335,0.3041955530643463,0.13474993,0.9985314607620239,-0.00821684604161419,0.2,0.08647392690181732,4680
776,665.13610515,912.03,7437,470,5775360,0.0003,-2.4655128831664723,0.6287516276041667,0.3067263400182128,0.30337008833885193,0.14973864,0.9989227056503296,-0.01344816759810783,0.2,0.0541917122900486,4690
778,661.31217541,905.92,7437,471,5787648,0.0003,-2.423716644446055,0.5580078125,0.8089715426787734,0.3023627996444702,0.09221882,0.9919191598892212,-0.017403797200919748,0.2,0.32661861181259155,4700
779,648.3236674699999,914.86,7436,472,5799936,0.0003,-2.3827161595225332,0.5885416666666666,0.6829081675348182,0.30140420794487,0.10252642,0.9905957579612732,-0.010021615252965906,0.2,0.16406461596488953,4710
781,641.6799667500001,909.71,7436,473,5812224,0.0003,-2.37411119590203,0.6323079427083333,0.5014226674102247,0.3015976846218109,0.13771464,0.9944361448287964,-0.005307881764019839,0.2,0.07828010618686676,4720
783,620.31025998,892.52,7436,474,5824512,0.0003,-2.3276635433236756,0.5869303385416667,1.2387018501137694,0.2999931275844574,0.1256864,0.9901300668716431,-0.019148833562455062,0.2,0.4497295022010803,4730
784,606.7938459,886.6,7436,475,5836800,0.0003,-2.295433678726355,0.6674886067708333,0.59058029561614,0.29942944645881653,0.17101155,0.9910324215888977,-0.0035940026282332838,0.2,0.12145047634840012,4740
786,609.11580573,885.54,7435,476,5849088,0.0003,-2.2806221663951876,0.6557291666666667,0.6640260887642702,0.3000349700450897,0.14947832,0.9937020540237427,-0.00485841631598305,0.2,0.1957283616065979,4750
788,615.1488332700001,909.36,7435,477,5861376,0.0003,-2.2833873679240546,0.6242594401041667,0.7727384467298786,0.29935404658317566,0.12903072,0.9959663152694702,-0.013091350048974467,0.2,0.14272916316986084,4760
789,628.06864659,928.14,7435,478,5873664,0.0003,-2.2727087850372,0.6696940104166667,0.30642975779871146,0.29913103580474854,0.18030012,0.9989967942237854,0.004680011326854583,0.2,0.06493435800075531,4770
791,657.2334803399999,935.79,7434,479,5885952,0.0003,-2.2290467113256454,0.6356201171875,0.3040328813095888,0.29808342456817627,0.13928068,0.9987529516220093,-0.0027099370675083873,0.2,0.10123169422149658,4780
793,686.4350749299999,952.05,7434,480,5898240,0.0003,-2.1573086351156237,0.6216064453125,0.22115013264119626,0.296113520860672,0.1526828,0.9991865158081055,-0.0059076359252988675,0.2,0.08527698367834091,4790
794,731.71743229,971.37,7434,481,5910528,0.0003,-2.1194185242056847,0.5999837239583333,0.21084709637798368,0.2960648238658905,0.109989226,0.9991437196731567,-0.0028366111471162486,0.2,0.066912442445755,4800
796,737.8801978,983.13,7435,482,5922816,0.0003,-2.103564389050007,0.6126302083333334,0.1886816116515547,0.2954317629337311,0.124552645,0.9991537928581238,-0.003755518969652864,0.2,0.03438164293766022,4810
798,771.5750679400002,990.75,7435,483,5935104,0.0003,-2.0728219538927077,0.6001057942708333,0.2742376776256909,0.294837087392807,0.10894229,0.9984010457992554,-0.009774756325350608,0.2,0.060593098402023315,4820
799,783.92616402,991.81,7435,484,5947392,0.0003,-2.049279160797596,0.607275390625,0.23513443501045306,0.29396000504493713,0.12090999,0.9985551238059998,-0.0072460859077788575,0.2,0.10145232826471329,4830
801,792.4113379400001,991.19,7436,485,5959680,0.0003,-2.0600957935055098,0.6162516276041666,0.25735758817754684,0.2946564555168152,0.12615924,0.9988774657249451,-0.007052834454225376,0.2,0.05037194490432739,4840
803,785.61359718,989.95,7436,486,5971968,0.0003,-2.0311580136418343,0.5991780598958333,0.40726476586423815,0.2935245931148529,0.12435018,0.9962459206581116,-0.006944230444302472,0.2,0.3386228382587433,4850
804,754.00129461,989.95,7437,487,5984256,0.0003,-1.9745114251971245,0.5843912760416666,0.34396486026234924,0.2921074628829956,0.13144362,0.9978619813919067,-0.008804384837276302,0.2,0.08423896133899689,4860
806,718.35544108,966.36,7437,488,5996544,0.0003,-1.937841391315063,0.6211995442708333,0.11474039235617965,0.291696161031723,0.11558231,0.9990218877792358,0.001831258454088432,0.2,0.016237381845712662,4870
807,697.3209081199999,966.36,7438,489,6008832,0.0003,-1.9342154269417127,0.5787841796875,0.5147825078417857,0.2914576232433319,0.11366024,0.991032063961029,-0.006166838682838715,0.2,0.0860387533903122,4880
809,710.3475330899997,958.84,7437,490,6021120,0.0003,-1.8913322421411674,0.6026936848958333,0.24170293516168992,0.29041704535484314,0.12436249,0.9991824626922607,-0.0077284892788156865,0.2,0.051401667296886444,4890
811,712.23522319,958.84,7436,491,6033408,0.0003,-1.8498428136110305,0.5991617838541666,0.5442648162133992,0.2890838086605072,0.104394145,0.995147705078125,-0.008458592527798221,0.2,0.22630272805690765,4900
812,685.18915264,951.07,7436,492,6045696,0.0003,-1.8160685958961647,0.6667724609375,0.1519463592674583,0.28856906294822693,0.17252891,0.9993088841438293,0.0015757026044108595,0.2,0.05093683302402496,4910
814,713.1877889699999,951.69,7437,493,6057984,0.0003,-1.7665950427452723,0.5968668619791667,0.45344294952228664,0.2875424921512604,0.10624778,0.9973384737968445,-0.006293899015387675,0.2,0.15760022401809692,4920
816,713.7735542400001,944.48,7437,494,6070272,0.0003,-1.734342811256647,0.6379801432291666,0.15056625132759413,0.28733450174331665,0.1383544,0.9994524717330933,0.0050560748922483375,0.2,0.023071760311722755,4930
817,718.2150251600001,940.71,7437,495,6082560,0.0003,-1.7122268798450628,0.6390950520833333,0.13166376816419265,0.2865328788757324,0.13652821,0.9985759258270264,0.0028433770896905725,0.2,0.0912889689207077,4940
819,751.7376611400001,963.15,7438,496,6094848,0.0003,-1.6739649280905724,0.5694661458333333,0.4591720551252365,0.2858401834964752,0.12633009,0.9982972741127014,-0.011672192244441248,0.2,0.03218923509120941,4950
821,755.38057978,962.37,7438,497,6107136,0.0003,-1.660689660658439,0.6374104817708334,0.16567908360933264,0.2854559123516083,0.15199327,0.9992273449897766,0.0006183247081935406,0.2,0.04401475936174393,4960
822,751.32506661,978.08,7437,498,6119424,0.0003,-1.6432027558485667,0.6016194661458333,0.3180196110935261,0.2853800356388092,0.12016922,0.9969044923782349,-0.0041374761300782366,0.2,0.03136387839913368,4970
824,750.78186127,978.08,7438,499,6131712,0.0003,-1.6333255330721537,0.6134928385416667,0.10999525052029639,0.28518593311309814,0.13201989,0.9995070099830627,0.004468457523034886,0.2,0.0570148341357708,4980
826,762.7568184300002,985.85,7436,500,6144000,0.0003,-1.6288746426502863,0.6227620442708334,0.10687278999636571,0.2855885922908783,0.12479302,0.9995825290679932,0.0006552295162691735,0.2,0.03619123622775078,4990
827,734.1428260100001,985.85,7435,501,6156288,0.0003,-1.6171233276526134,0.5921956380208333,0.1152867854029561,0.28548797965049744,0.11206472,0.9995205402374268,0.0010092553459495927,0.2,0.01980604976415634,5000
829,729.2631061,994.3,7434,502,6168576,0.0003,-1.6069007985293866,0.6161702473958334,0.054318731802050026,0.28498056530952454,0.11474204,0.9990425705909729,0.004465641360729933,0.2,-0.006439082324504852,5010
831,735.74174202,998.07,7435,503,6180864,0.0003,-1.5645362593233585,0.6082682291666667,0.07103404495089004,0.28389206528663635,0.11664146,0.9994388222694397,0.004450998808412502,0.2,0.02757517620921135,5020
832,716.6952124399999,985.59,7434,504,6193152,0.0003,-1.5579395674169063,0.5954264322916667,0.07773160236732414,0.2839813828468323,0.12465922,0.9995343089103699,-0.003996393591902839,0.2,0.04732878506183624,5030
834,651.7276539899999,918.12,7433,505,6205440,0.0003,-1.5356825550397237,0.5292805989583333,0.7139423066129287,0.28314557671546936,0.1049791,0.9964166879653931,-0.01118115398324638,0.2,0.13600532710552216,5040
836,612.1620557800001,888.14,7433,506,6217728,0.0003,-1.5105121202766896,0.47735188802083334,2.7915588593731324,0.28316622972488403,0.08329091,0.988915205001831,-0.02900563255243469,0.2,1.249011754989624,5050
838,591.98454794,879.94,7433,507,6230016,0.0003,-1.5251298521955807,0.6511149088541667,2.0226324434081713,0.28357043862342834,0.16025783,0.9817214012145996,-5.312778715354701e-05,0.2,0.5901111364364624,5060
839,581.45715477,879.94,7432,508,6242304,0.0003,-1.5461348662773768,0.7008870442708334,0.39598570397744576,0.28437188267707825,0.19749618,0.9967459440231323,0.011616746180031138,0.2,0.12647393345832825,5070
841,616.49384954,871.73,7432,509,6254592,0.0003,-1.5826774785916011,0.6582926432291667,0.600169563262413,0.28542113304138184,0.14128847,0.9966951012611389,0.009119569894392044,0.2,0.1622079461812973,5080
843,609.3046523,871.73,7432,510,6266880,0.0003,-1.6008580952882767,0.6414469401041667,0.32260025140518944,0.284918874502182,0.15417586,0.9984756112098694,0.00016440417190703252,0.2,0.13773521780967712,5090
844,604.59284704,879.23,7433,511,6279168,0.0003,-1.6055244617164135,0.6449462890625,0.19460020253124335,0.28597334027290344,0.13140123,0.9992364048957825,0.007460420550584482,0.2,0.032677870243787766,5100
846,657.4380645700002,920.91,7432,512,6291456,0.0003,-1.607695926229159,0.6280680338541667,0.07177408287146439,0.285543829202652,0.1239708,0.9997326135635376,0.004675547261043297,0.2,0.016828784719109535,5110
848,690.8641044200001,961.37,7433,513,6303744,0.0003,-1.5649961449205876,0.5703206380208333,0.11363400480089088,0.28471431136131287,0.10376927,0.9991245269775391,0.0012469375379926837,0.2,0.024624204263091087,5120
849,721.7047135500001,983.59,7433,514,6316032,0.0003,-1.566403573503097,0.5719156901041667,0.12141228696176161,0.2851230800151825,0.10072694,0.9993327260017395,0.0023253628125530666,0.2,0.02602742426097393,5130
851,721.72806052,983.43,7433,515,6328320,0.0003,-1.5584716372191907,0.6043863932291667,0.09610629920692494,0.2848206162452698,0.12376549,0.9992071390151978,0.004468806530348956,0.2,0.026135297492146492,5140
852,718.4904888599999,983.43,7433,516,6340608,0.0003,-1.5530812243620555,0.6087972005208333,0.08996061556196461,0.2846936285495758,0.13746597,0.9983662962913513,-0.0015707266439373294,0.2,-2.565048635005951e-05,5150
854,712.71386966,991.64,7433,517,6352896,0.0003,-1.5346723613639672,0.6014241536458333,0.07509104153917481,0.2842154800891876,0.12399558,0.999568521976471,-0.0049058062334855395,0.2,0.028057314455509186,5160
856,694.2475466799999,991.64,7433,518,6365184,0.0003,-1.5089043356478213,0.5941243489583333,0.07326769370120019,0.28357836604118347,0.13046953,0.9993671774864197,0.0010377495576297708,0.2,0.012575289234519005,5170
857,692.5637309599999,984.9,7433,519,6377472,0.0003,-1.4824821375310422,0.626611328125,0.08272209089094153,0.2830858528614044,0.12127092,0.9988967776298523,0.0024612902644245574,0.2,0.04336215928196907,5180
859,692.3675582799999,984.9,7433,520,6389760,0.0003,-1.4696149041255315,0.5670979817708334,0.3155570907983929,0.2831254303455353,0.12870903,0.9974918961524963,-0.003894469175914613,0.2,0.035191066563129425,5190
861,695.9643190400003,984.9,7433,521,6402048,0.0003,-1.4900815417369206,0.6275634765625,0.15036021910297373,0.2833700478076935,0.13424243,0.9988681077957153,0.0011633756919763982,0.2,0.037035759538412094,5200
862,690.20339293,976.62,7434,522,6414336,0.0003,-1.4749003360668818,0.6222900390625,0.09424665350622187,0.28272759914398193,0.13981229,0.9996243119239807,0.002053871080473376,0.2,-0.007331881672143936,5210
864,689.6876279300002,984.98,7434,523,6426624,0.0003,-1.4642960141102472,0.627001953125,0.1578116061165929,0.28258171677589417,0.21254985,0.9988482594490051,-0.0017192652196778605,0.2,-0.0015831701457500458,5220
866,722.8710220500002,978.15,7434,524,6438912,0.0003,-1.448408485452334,0.6407470703125,0.10113313791031639,0.2818653881549835,0.13970451,0.9996333122253418,0.001631135697243735,0.2,0.029702438041567802,5230
867,698.5043689299999,938.23,7435,525,6451200,0.0003,-1.4380160376429558,0.6137939453125,0.15040502987491589,0.28167811036109924,0.12258643,0.9992004632949829,0.000340985921502579,0.2,0.004627060145139694,5240
869,717.9233727299999,938.23,7435,526,6463488,0.0003,-1.4369248762726783,0.5361165364583333,0.9774162231944501,0.2814393639564514,0.091741234,0.9966554045677185,-0.01267756414502704,0.2,0.6286908388137817,5250
870,735.9834136699999,918.21,7435,527,6475776,0.0003,-1.4673905186355114,0.6482991536458333,0.21376595223943393,0.28271517157554626,0.14820975,0.9988459944725037,0.0034367045528294208,0.2,0.06229763478040695,5260
872,728.0539259000002,894.84,7435,528,6488064,0.0003,-1.475941615800063,0.518212890625,1.4521408339341482,0.28200721740722656,0.09717962,0.9952704310417175,-0.015528017336813112,0.2,0.8766121864318848,5270
874,719.24389782,886.88,7436,529,6500352,0.0003,-1.4943529494106769,0.605908203125,1.0217892333244285,0.2832619249820709,0.14621785,0.9968542456626892,-0.005590243764648524,0.2,0.1673203408718109,5280
875,730.35063964,884.91,7436,530,6512640,0.0003,-1.5255254281063875,0.6994954427083333,0.2061436156121393,0.2834722101688385,0.18956454,0.9991008043289185,0.0138731122945804,0.2,0.03452758491039276,5290
877,735.85681196,891.74,7436,531,6524928,0.0003,-1.509969692180554,0.6433186848958333,0.4288509312706689,0.2831626832485199,0.15449591,0.9984681606292725,-0.004327261123398785,0.2,0.1477712094783783,5300
879,718.3563440199998,900.7,7436,532,6537216,0.0003,-1.506677195429802,0.6603190104166666,0.31951834056526424,0.28317156434059143,0.17943199,0.9989379644393921,0.0011259206531879804,0.2,0.1264907419681549,5310
880,723.9157060399999,907.68,7437,533,6549504,0.0003,-1.5033557377755642,0.5301595052083333,1.7020891392603517,0.2830759882926941,0.101189375,0.9906474947929382,-0.016737925917065393,0.2,0.5210807919502258,5320
882,691.44686922,907.46,7437,534,6561792,0.0003,-1.504145977149407,0.6606201171875,0.48238410397122305,0.28326094150543213,0.17967641,0.9972761273384094,-0.0037196230310655664,0.2,0.11262395977973938,5330
883,676.6828966899999,936.42,7438,535,6574080,0.0003,-1.5369459768136342,0.6828694661458333,0.32244592633408803,0.28372013568878174,0.16781801,0.997147798538208,0.008421392468396032,0.2,0.035334423184394836,5340
885,669.60985208,935.24,7438,536,6586368,0.0003,-1.5438133882979552,0.6559407552083333,0.15501409438438712,0.28408190608024597,0.14268124,0.9987170696258545,0.0072634402985083096,0.2,0.03611091524362564,5350
887,657.5288657100001,935.79,7438,537,6598656,0.0003,-1.5565047959486644,0.5852457682291666,0.8916705201069514,0.2842593193054199,0.11623242,0.9945828914642334,-0.00923597751292012,0.2,0.36539220809936523,5360
888,648.8495745099999,938.37,7438,538,6610944,0.0003,-1.5643016109863916,0.6492838541666667,0.49721472058445215,0.28444942831993103,0.15171883,0.9974814653396606,-0.0015731985452778947,0.2,0.1036757081747055,5370
890,612.91668258,932.25,7438,539,6623232,0.0003,-1.6208496948083242,0.6718668619791667,0.6120934112618367,0.285673588514328,0.17382252,0.9957977533340454,0.003679003998210343,0.2,0.15380945801734924,5380
892,606.07118485,926.81,7438,540,6635520,0.0003,-1.6377300466100375,0.6544677734375,0.5787449532498916,0.2859913408756256,0.14519668,0.9940485954284668,0.006386773824245514,0.2,0.2091061770915985,5390
893,620.5740394500001,928.5,7439,541,6647808,0.0003,-1.6485904045403004,0.6537760416666667,0.3995902027624349,0.2858787178993225,0.15698393,0.9978061318397522,-0.005550885328557342,0.2,0.13567902147769928,5400
895,638.34815293,920.44,7439,542,6660096,0.0003,-1.6351172506809235,0.525,1.6216133252407114,0.28593775629997253,0.083791845,0.9943942427635193,-0.018835198428132572,0.2,0.3922308385372162,5410
896,636.65214889,904.95,7439,543,6672384,0.0003,-1.6362118028104304,0.619970703125,0.7246812329938014,0.2856854200363159,0.12895416,0.9963458776473999,-0.009660854803708692,0.2,0.11822160333395004,5420
898,639.00717482,912.36,7439,544,6684672,0.0003,-1.6324572982887426,0.6313395182291667,1.1675652318323653,0.2855146825313568,0.13408197,0.9948388934135437,-0.0073276001751461685,0.2,0.33924949169158936,5430
900,649.34316999,897.44,7439,545,6696960,0.0003,-1.6322483368217946,0.6865478515625,0.6583384019012253,0.28543880581855774,0.1775056,0.9978668689727783,0.008283056246000342,0.2,0.28767943382263184,5440
901,673.8055547300002,911.23,7439,546,6709248,0.0003,-1.6242304779589176,0.6534749348958333,0.833225271354119,0.2851988971233368,0.14768924,0.995204508304596,-0.005628303989942652,0.2,0.32122620940208435,5450
903,688.3357686100001,904.39,7440,547,6721536,0.0003,-1.6377637634674709,0.666162109375,0.4167652133852243,0.2854778468608856,0.15531625,0.9986534118652344,0.004038545532724432,0.2,0.19880607724189758,5460
905,661.2159819000001,894.58,7440,548,6733824,0.0003,-1.645404539257288,0.669775390625,0.5222653845945994,0.2857166528701782,0.20442967,0.9978168606758118,-0.0022004416648996996,0.2,0.16121232509613037,5470
906,646.80594395,907.78,7440,549,6746112,0.0003,-1.6713220020135244,0.6219401041666667,1.5954291069880129,0.28661713004112244,0.12815897,0.9873016476631165,-0.006547845868044533,0.2,0.588028073310852,5480
908,629.54671679,915.97,7440,550,6758400,0.0003,-1.702118812253078,0.6378499348958333,0.750039802181224,0.28713759779930115,0.1394725,0.9970445036888123,0.0008784224754587437,0.2,0.2657322585582733,5490
910,676.78956392,908.99,7440,551,6770688,0.0003,-1.7459166968862216,0.6802408854166667,0.4270447036251426,0.28836801648139954,0.19440949,0.9978712201118469,-0.00290867632284062,0.2,0.10872720181941986,5500
911,664.7962126100001,903.3,7440,552,6782976,0.0003,-1.7441656870146593,0.6497802734375,0.7091306703165173,0.28793683648109436,0.16844796,0.9973303079605103,-0.01169258469841831,0.2,0.2099357694387436,5510
913,599.8700443499998,850.59,7440,553,6795264,0.0003,-1.7447157849868138,0.6124348958333333,1.787713078657786,0.28838181495666504,0.1271681,0.9965836405754089,-0.013504315043489139,0.2,0.8343313932418823,5520
914,600.64388389,854.71,7440,554,6807552,0.0003,-1.7675640804072221,0.6336832682291667,2.0268483219047386,0.2890373170375824,0.15117426,0.9892783761024475,-0.012486570111165444,0.2,0.6832976341247559,5530
916,594.87773538,828.34,7440,555,6819840,0.0003,-1.7710569247603416,0.618115234375,1.6500489447265863,0.28885582089424133,0.13875452,0.9912572503089905,-0.008255133765245167,0.2,0.600507378578186,5540
918,500.48043979999994,713.74,7439,556,6832128,0.0003,-1.7602393701672554,0.519384765625,4.657299355169138,0.28820541501045227,0.08522338,0.9851515889167786,-0.026680046730810623,0.2,1.7787169218063354,5550
919,442.91640378999995,676.98,7439,557,6844416,0.0003,-1.7561329580843448,0.5822102864583333,3.8722219400107862,0.288300484418869,0.1204051,0.9848018884658813,-0.022823646773273747,0.2,1.0508557558059692,5560
921,433.4980342900001,668.13,7439,558,6856704,0.0003,-1.7511636746426424,0.5657307942708333,4.461388919750849,0.2879566252231598,0.10945556,0.9862731099128723,-0.022365569354345402,0.2,0.9510720372200012,5570
923,399.61009839999997,614.4,7439,559,6868992,0.0003,-1.7510574293633303,0.6389078776041667,4.212731792032718,0.2882044315338135,0.15203498,0.9853488802909851,-0.005289185854295889,0.2,1.4599441289901733,5580
924,416.87958103,647.15,7440,560,6881280,0.0003,-1.7736285241941612,0.6902994791666667,4.505601994444927,0.2884863317012787,0.21138859,0.9828507304191589,-0.0016533164317176366,0.2,1.873856544494629,5590
926,440.33733078000006,691.77,7440,561,6893568,0.0003,-1.8141278527677058,0.7307861328125,1.5462894401823482,0.2897816002368927,0.2846932,0.9894797801971436,0.023254901875528353,0.2,0.7675426602363586,5600
928,489.15459391999997,747.22,7440,562,6905856,0.0003,-1.8861361121137936,0.80146484375,0.5504095310966174,0.2908644378185272,0.49686384,0.9961015582084656,0.055149959274179615,0.2,0.18802769482135773,5610
929,552.8487051,803.94,7440,563,6918144,0.0003,-1.8749793745577334,0.6123779296875,1.4863285527254144,0.29055753350257874,0.13739753,0.9943140745162964,-0.004560030767849336,0.2,0.5256108641624451,5620
931,600.0533628100001,832.63,7440,564,6930432,0.0003,-1.8867809864381948,0.6895100911458333,0.41409346790363394,0.2913403809070587,0.21065386,0.9980864524841309,0.011785069069689295,0.2,0.11724784225225449,5630
933,649.88706028,871.11,7441,565,6942720,0.0003,-1.8976642109453679,0.6184244791666667,0.6324621313251555,0.2913602292537689,0.12973809,0.9965122938156128,0.0008896819005409876,0.2,0.14098398387432098,5640
934,697.72638329,927.28,7441,566,6955008,0.0003,-1.9298338058094184,0.6173014322916667,0.5983400930960973,0.29215848445892334,0.14347504,0.9964834451675415,0.00013367630696545045,0.2,0.19278769195079803,5650
936,729.95368458,962.15,7441,567,6967296,0.0003,-1.9358891725540162,0.6193196614583333,0.7031366325293978,0.2920694351196289,0.12678896,0.9937271475791931,-0.0019790302981467296,0.2,0.19796568155288696,5660
937,748.6471268299997,972.57,7441,568,6979584,0.0003,-1.960163919130961,0.6458902994791667,0.260062833984072,0.29313698410987854,0.15939939,0.998606264591217,0.0014900552933492387,0.2,0.04778933525085449,5670
939,732.2324969000001,972.83,7440,569,6991872,0.0003,-2.020161754141251,0.69306640625,0.47433171200876434,0.2946561872959137,0.16522343,0.9970365166664124,0.015789534468300795,0.2,0.2569087743759155,5680
941,720.3777379099998,978.19,7441,570,7004160,0.0003,-2.03703772375981,0.6677327473958333,0.430128582008183,0.29430243372917175,0.17449975,0.9961504340171814,-0.0032321995749953203,0.2,0.10419126600027084,5690
942,698.5928186399999,986.52,7441,571,7016448,0.0003,-2.029728662967682,0.6347005208333333,0.38823336831604444,0.2937929034233093,0.16075227,0.9962239861488342,-0.009442011589029183,0.2,0.10868127644062042,5700
944,682.4563026799999,986.52,7441,572,7028736,0.0003,-2.0208159858981767,0.6412923177083333,0.20003232217083375,0.29408445954322815,0.15206096,0.9985059499740601,-0.0005288861129277696,0.2,0.05018873140215874,5710
946,664.90077758,991.41,7441,573,7041024,0.0003,-2.0131409582992394,0.6187581380208333,0.2732281379712125,0.29386985301971436,0.13210124,0.9983468651771545,-0.006821193919555905,0.2,0.06790529191493988,5720
947,656.4389577599999,991.41,7441,574,7053312,0.0003,-1.9933544340233007,0.6139078776041667,0.19549579865609606,0.2932591438293457,0.14115939,0.9992349743843079,-0.008402791193899854,0.2,0.013817299157381058,5730
949,637.2533638699999,972.6,7441,575,7065600,0.0003,-1.9842821049193542,0.6234293619791667,0.28007989985247456,0.29281654953956604,0.13057423,0.9978334307670593,-0.007834116242884192,0.2,0.08597148209810257,5740
951,655.7602643900001,964.56,7441,576,7077888,0.0003,-1.9461860013504824,0.5762532552083334,0.8968457986600697,0.29189878702163696,0.11433351,0.9972696900367737,-0.011753636324040901,0.2,0.27635616064071655,5750
952,652.56496675,939.51,7441,577,7090176,0.0003,-1.9151715581615767,0.656494140625,0.45187019209067025,0.29148080945014954,0.17755158,0.9980887174606323,-0.008044346107635648,0.2,0.07658196240663528,5760
954,673.4480203200001,948.1,7441,578,7102464,0.0003,-1.9020711041986942,0.5726236979166667,0.905303914938122,0.29116708040237427,0.15166815,0.9936585426330566,-0.01525927628147959,0.2,0.3294641077518463,5770
956,684.6003886700001,948.1,7442,579,7114752,0.0003,-1.8917681525150936,0.6615478515625,0.22422505086287856,0.2915332019329071,0.19831486,0.9992254376411438,-0.0034330142739539345,0.2,0.018242988735437393,5780
957,697.1028566,948.1,7442,580,7127040,0.0003,-1.8677077641089757,0.6629313151041667,0.13605062512991328,0.2905224859714508,0.16259712,0.9994868636131287,-0.0006000062363455072,0.2,0.016928963363170624,5790
959,689.3515114200002,933.11,7442,581,7139328,0.0003,-1.8499708133439223,0.6516682942708333,0.14023561222323527,0.29036200046539307,0.16954713,0.9994310140609741,-0.004172640627803048,0.2,0.04261136054992676,5800
960,715.61388923,926.96,7442,582,7151616,0.0003,-1.8382299644251665,0.6095621744791667,0.3629576953748862,0.289841890335083,0.12728496,0.9983508586883545,-0.009817566684796475,0.2,0.07040625810623169,5810
962,692.4951708799998,931.31,7442,583,7163904,0.0003,-1.8352836613853774,0.6288818359375,0.27310253876882296,0.289885014295578,0.16267283,0.9986374974250793,-0.010420807147359787,0.2,0.025841962546110153,5820
964,712.8183330300001,958.6,7443,584,7176192,0.0003,-1.817519515256087,0.6619384765625,0.44555951034029323,0.28949853777885437,0.17771669,0.9984519481658936,-0.010386918617102007,0.2,0.07436429709196091,5830
965,731.8787636100001,962.9,7443,585,7188480,0.0003,-1.8002541872362297,0.643359375,0.416307499492541,0.2890535295009613,0.13651858,0.998405396938324,-0.006777468732131335,0.2,0.04283072054386139,5840
967,698.63343208,955.83,7443,586,7200768,0.0003,-1.764886843164762,0.6639811197916666,0.21760741701970499,0.28797778487205505,0.19090067,0.9987138509750366,-0.006784548647313689,0.2,0.03608221933245659,5850
969,663.7003389399999,934.96,7443,587,7213056,0.0003,-1.7519061831136544,0.6421061197916667,0.3105389966008564,0.2879725396633148,0.1514839,0.9969517588615417,-0.0030862166643297923,0.2,0.05426692217588425,5860
970,664.7447236999999,926.86,7443,588,7225344,0.0003,-1.768935789167881,0.6446533203125,0.5789215155256291,0.28872159123420715,0.14989991,0.9970821738243103,-0.009564021795328396,0.2,0.35741084814071655,5870
972,645.2265177200001,933.31,7443,589,7237632,0.0003,-1.796745666116476,0.5954915364583333,0.7480199089584251,0.2895868718624115,0.14824815,0.9953303337097168,-0.012406484058980519,0.2,0.15414214134216309,5880
973,661.85396551,941.47,7443,590,7249920,0.0003,-1.8087993800640105,0.66240234375,0.20896815753852327,0.28982505202293396,0.16904615,0.9989055395126343,-0.000470280751081494,0.2,0.037821538746356964,5890
975,662.5526097000001,941.59,7444,591,7262208,0.0003,-1.7976685658097267,0.6068684895833333,0.7133379964623601,0.2895655632019043,0.12677233,0.997360348701477,-0.008024320114054717,0.2,1.2489210367202759,5900
977,666.6561677599999,938.05,7444,592,7274496,0.0003,-1.816917172074318,0.6556803385416666,0.2062343820463866,0.2902565002441406,0.19000609,0.9988908767700195,-0.0018611693395844972,0.2,0.04920399561524391,5910
978,668.20059533,932.32,7444,593,7286784,0.0003,-1.8387921313444773,0.6430013020833333,0.3021417910854022,0.2902531027793884,0.1479524,0.9990747570991516,-0.0030865390658921872,0.2,0.07359683513641357,5920
980,682.7241832000001,926.59,7444,594,7299072,0.0003,-1.8233033734063306,0.6499755859375,0.309438446831579,0.2895801365375519,0.12698714,0.9968438744544983,-0.003359573960187845,0.2,0.048402417451143265,5930
982,715.8779663700001,941.93,7444,595,7311360,0.0003,-1.8094607586661975,0.643896484375,0.38540651806009313,0.28920140862464905,0.17296444,0.9964129328727722,-0.003601898992686377,0.2,0.09412179887294769,5940
983,748.9491197200001,958.57,7444,596,7323648,0.0003,-1.8024267310897508,0.658056640625,0.22183356846993169,0.28977784514427185,0.18802255,0.9990589618682861,-0.007152619258461831,0.2,0.10393483936786652,5950
985,766.6396906099998,951.43,7444,597,7335936,0.0003,-1.8119527518749237,0.6510172526041667,0.13567256527021526,0.29008403420448303,0.14829575,0.9991211891174316,-0.00033988292610350374,0.2,0.030816907063126564,5960
986,760.4902684499998,955.87,7445,598,7348224,0.0003,-1.8082514978945254,0.5961100260416666,0.48866137182340025,0.28981927037239075,0.1294496,0.997631847858429,-0.012216304619263004,0.2,0.04197036102414131,5970
988,787.6193771,948.91,7445,599,7360512,0.0003,-1.7788703225553035,0.6263020833333334,0.3781237879457573,0.2887549102306366,0.14570554,0.9974591732025146,-0.010282850719522684,0.2,0.11669540405273438,5980
990,799.9296882199998,953.95,7445,600,7372800,0.0003,-1.7335941091179847,0.6137939453125,0.43845699603358906,0.2880055010318756,0.115019195,0.9961200952529907,-0.003144127477329069,0.2,0.10401682555675507,5990
991,796.1515450999999,950.06,7446,601,7385088,0.0003,-1.7206081974009673,0.6864827473958334,0.1812863954808563,0.2875412702560425,0.17022078,0.999183177947998,0.0027152642142027617,0.2,0.027802027761936188,6000
993,784.1828482000002,951.22,7446,602,7397376,0.0003,-1.6740062087774277,0.6605061848958333,0.37927954853512347,0.2865777313709259,0.14720595,0.9963217377662659,0.0005458604466790954,0.2,0.0673738494515419,6010
994,742.4840156299999,948.84,7446,603,7409664,0.0003,-1.6529210947453976,0.6589029947916667,0.14983572370062273,0.285969614982605,0.15323907,0.9978427290916443,0.000460271981137339,0.2,0.05282396823167801,6020
996,756.0824238600002,948.84,7447,604,7421952,0.0003,-1.6452153965830802,0.6484049479166667,0.2867417765626063,0.28615474700927734,0.1562276,0.9974039196968079,-0.0008862375791068189,0.2,0.09857232868671417,6030
998,732.80782775,950.81,7447,605,7434240,0.0003,-1.607010521988074,0.6251627604166666,0.1399608623702079,0.285060316324234,0.13160585,0.9994732141494751,-0.0028445283091665867,0.2,-0.0042632222175598145,6040
999,723.5412435999997,958.7,7447,606,7446528,0.0003,-1.562661419560512,0.6180745442708333,0.2743090904473017,0.2837969958782196,0.14906605,0.9978736639022827,-0.006862375016013781,0.2,0.03845477104187012,6050
1001,698.8212799500001,965.66,7448,607,7458816,0.0003,-1.539851396282514,0.6457845052083333,0.11172200712220122,0.2838241755962372,0.1712116,0.9995319247245789,-0.004228332485460366,0.2,0.01978936418890953,6060
1003,681.6053405299999,958.82,7448,608,7471104,0.0003,-1.5521367055674393,0.6573567708333333,0.13562162797898053,0.2838330566883087,0.15763448,0.9992725849151611,-0.003929259613505565,0.2,0.026389099657535553,6070
1004,675.8418628000001,964.31,7448,609,7483392,0.0003,-1.5460426092147828,0.6151611328125,0.14076449933927507,0.28361234068870544,0.15081654,0.9976043701171875,-0.006004998541296421,0.2,0.00923871248960495,6080
1006,676.84316055,964.31,7449,610,7495680,0.0003,-1.5413790009915829,0.6262776692708333,0.358769745985046,0.2836373448371887,0.17667751,0.9981977939605713,-0.012551417204182751,0.2,0.08028488606214523,6090
1007,698.5544377500003,955.72,7449,611,7507968,0.0003,-1.515091171860695,0.6508138020833333,0.14184923267457633,0.28251567482948303,0.15251474,0.9996240139007568,-0.003721036598047552,0.2,-0.026769470423460007,6100
1009,675.86078976,943.73,7449,612,7520256,0.0003,-1.4726436657210191,0.6487630208333334,0.2077008547882239,0.28158774971961975,0.21101618,0.9986222386360168,-0.0017947679589269683,0.2,0.02155674248933792,6110
1011,673.14995899,941.69,7450,613,7532544,0.0003,-1.4272987524668375,0.5908121744791667,0.39700651314730445,0.2803902328014374,0.10093386,0.9936429262161255,-0.00871408335539551,0.2,0.0841083973646164,6120
1012,673.35548635,928.03,7450,614,7544832,0.0003,-1.3724122186501821,0.6917643229166667,0.19742049633835754,0.28004276752471924,0.19355144,0.9988623857498169,0.008174264008994214,0.2,0.06496557593345642,6130
1014,679.2898651199998,928.03,7450,615,7557120,0.0003,-1.3534838363528252,0.6322428385416666,0.5398240187826256,0.2789097726345062,0.1680023,0.9965929388999939,-0.007460649649146944,0.2,0.14871327579021454,6140
1015,690.71172555,921.35,7450,616,7569408,0.0003,-1.3542767122387886,0.6905192057291667,0.3111735128176709,0.27993741631507874,0.18873252,0.9979220032691956,0.009203605842291534,0.2,0.19432474672794342,6150
1017,712.55175003,937.12,7450,617,7581696,0.0003,-1.3584533592065176,0.6676432291666666,0.23578871749341487,0.2789567708969116,0.23943806,0.9969680309295654,-0.0017445783198733503,0.2,0.037438977509737015,6160
1019,689.9540183700001,937.12,7451,618,7593984,0.0003,-1.3230553401013216,0.6820963541666667,0.13179027386941017,0.27854815125465393,0.17601846,0.9994826316833496,0.004944999580523775,0.2,0.043291933834552765,6170
1020,680.81694401,937.64,7451,619,7606272,0.0003,-1.3015074980755648,0.6605875651041667,0.25199243041376274,0.27772608399391174,0.16988434,0.9993590712547302,-0.005333224126176598,0.2,0.07529369741678238,6180
1022,677.3933832700001,942.09,7451,620,7618560,0.0003,-1.27486385901769,0.5448974609375,1.185807822148005,0.2771950662136078,0.10529047,0.9932083487510681,-0.0210546135980015,0.2,0.8686295747756958,6190
1024,660.41140791,931.91,7451,621,7630848,0.0003,-1.2318316203852495,0.6819091796875,0.24452111013233663,0.2757669985294342,0.22559749,0.9989176392555237,-0.0024542645730737905,0.2,0.031240683048963547,6200
1025,654.77055162,932.23,7451,622,7643136,0.0003,-1.2271403315166631,0.6812744140625,0.44281428679823875,0.27586156129837036,0.18510294,0.9955475330352783,-0.0013874292339702758,0.2,0.21720804274082184,6210
1027,627.30266454,896.68,7451,623,7655424,0.0003,-1.2007703763743243,0.6144694010416667,1.4349031363924345,0.27520814538002014,0.13415514,0.9937894940376282,-0.011395358752633911,0.2,0.30419307947158813,6220
1028,593.01500643,867.55,7451,624,7667712,0.0003,-1.1785832665860654,0.644873046875,1.55489755893747,0.27484452724456787,0.15535952,0.991442859172821,-0.014667347537276025,0.2,0.3886692225933075,6230
1030,570.0784779999999,836.67,7451,625,7680000,0.0003,-1.154217347006003,0.5118326822916667,4.860481908669074,0.2740297019481659,0.080422334,0.9827768802642822,-0.027126888884716514,0.2,1.7163612842559814,6240
1032,538.6896609500001,837.27,7451,626,7692288,0.0003,-1.1581176872054735,0.6059895833333333,3.695154037574927,0.27423325181007385,0.1130215,0.9813264012336731,-0.020147306838286264,0.2,2.639303684234619,6250
1033,545.84825302,838.19,7452,627,7704576,0.0003,-1.1570233210921288,0.7118245442708333,1.8159654520452022,0.274362176656723,0.23482917,0.9893429279327393,0.004312375122875286,0.2,0.5011091232299805,6260
1035,557.1943787499999,837.45,7452,628,7716864,0.0003,-1.191780806084474,0.7151529947916667,1.2593316350753108,0.2755545675754547,0.23444666,0.9930261969566345,0.008287074703548569,0.2,0.3688633143901825,6270
1037,559.17602475,845.43,7452,629,7729152,0.0003,-1.2244422604640326,0.6817952473958333,1.2756327425440153,0.2754671275615692,0.19575417,0.9907724857330322,0.0023569007539966454,0.2,0.3153356909751892,6280
1038,576.5740562,875.55,7452,630,7741440,0.0003,-1.2308523828784625,0.7238850911458333,0.5676362364242474,0.2762097418308258,0.24716991,0.996095597743988,0.012492692936696888,0.2,0.23982851207256317,6290
1040,589.4284234600001,883.24,7452,631,7753728,0.0003,-1.2786516144871711,0.6993408203125,0.29149713994314275,0.27761492133140564,0.20311631,0.9972428679466248,0.00769017901038751,0.2,0.08934250473976135,6300
1042,593.95790785,898.18,7452,632,7766016,0.0003,-1.28119668563207,0.5614176432291667,1.632878379461666,0.2763172686100006,0.08540896,0.9870644211769104,-0.01654377429804299,0.2,0.45366913080215454,6310
1043,635.87975813,922.42,7453,633,7778304,0.0003,-1.2495918663839498,0.6850992838541666,0.5075571418739855,0.27627161145210266,0.19334298,0.9953256249427795,0.0041572060300192485,0.2,0.06419657915830612,6320
1045,662.6096481000001,936.87,7453,634,7790592,0.0003,-1.2530407778918744,0.632958984375,1.041211226520439,0.2760515511035919,0.1524713,0.9932112097740173,-0.008126716739692104,0.2,0.29830658435821533,6330
1046,664.70385906,924.21,7453,635,7802880,0.0003,-1.26928336545825,0.6829345703125,0.2940919290607174,0.2765887975692749,0.19687445,0.9987666010856628,0.0047218389071834585,0.2,0.05693139135837555,6340
1048,678.90672087,916.78,7453,636,7815168,0.0003,-1.3009917803108693,0.6236979166666666,0.5878331555984915,0.2768552303314209,0.13349268,0.9939961433410645,-0.012639773056434933,0.2,0.1352648288011551,6350
1050,691.1361129999999,911.11,7454,637,7827456,0.0003,-1.3283982182542482,0.6574055989583333,0.4065571217176815,0.2775580585002899,0.17138374,0.9983113408088684,-0.0026974544598488137,0.2,0.13950733840465546,6360
1051,701.9198640199997,905.94,7454,638,7839744,0.0003,-1.347726015498241,0.6575358072916667,0.3527262954972684,0.2781396210193634,0.15444925,0.9976198077201843,0.0017788968238164672,0.2,0.10086723417043686,6370
1053,714.36970905,929.47,7454,639,7852032,0.0003,-1.3578479381899038,0.6589274088541667,0.39071454691390195,0.2788764238357544,0.16261637,0.9972848892211914,-0.008377491064796535,0.2,0.07507804781198502,6380
1054,732.70210623,929.31,7454,640,7864320,0.0003,-1.366435149560372,0.6819905598958333,0.3573516193466882,0.27829861640930176,0.20642161,0.9973075985908508,-0.003910673507198226,0.2,0.09151607006788254,6390
1056,748.01875862,933.62,7454,641,7876608,0.0003,-1.3576615249117217,0.634130859375,0.3994374169347187,0.2782337963581085,0.16399547,0.9971142411231995,-0.0060659604651543,0.2,0.17567971348762512,6400
1058,728.4092009999999,912.43,7455,642,7888896,0.0003,-1.3360379077494144,0.65419921875,0.23048380265633264,0.2780032455921173,0.17805104,0.9985407590866089,-0.0031515506532741712,0.2,0.051463037729263306,6410
1059,732.39274378,933.38,7455,643,7901184,0.0003,-1.3370245285332203,0.6596435546875,0.29859577387881775,0.27804306149482727,0.18466766,0.9968239068984985,-0.0012517001887317747,0.2,0.03578285127878189,6420
1061,713.5246616300001,916.02,7455,644,7913472,0.0003,-1.31508081878225,0.6843587239583333,0.2816976038428644,0.2773193120956421,0.19188733,0.9979640245437622,-0.000737290309916716,0.2,0.08032239973545074,6430
1062,680.15460307,896.7,7456,645,7925760,0.0003,-1.283183289070924,0.5552408854166667,1.5913947992647688,0.2765630781650543,0.09464098,0.9952116012573242,-0.019820821737327302,0.2,0.24519355595111847,6440
1064,673.49943211,896.7,7456,646,7938048,0.0003,-1.2754110043247542,0.7138671875,0.40293640329812963,0.2764842212200165,0.22798522,0.9944928884506226,-0.0003536404057134253,0.2,0.0987728163599968,6450
1066,672.8032994199999,897.07,7456,647,7950336,0.0003,-1.301456132531166,0.6846435546875,0.17060494980153937,0.27765655517578125,0.18631542,0.9990314245223999,0.0034957288686806955,0.2,0.05796964466571808,6460
1067,630.6534543600001,876.53,7456,648,7962624,0.0003,-1.3403341884414355,0.6979573567708334,0.32573197325691583,0.2783663868904114,0.18457834,0.997390866279602,-0.0009476144856307656,0.2,0.0852239802479744,6470
1069,625.8331422599999,879.52,7457,649,7974912,0.0003,-1.3284492097795009,0.612744140625,0.767831192072481,0.2779456079006195,0.20346057,0.9952607750892639,-0.0142000084752605,0.2,0.19921430945396423,6480
1071,651.58154858,887.64,7457,650,7987200,0.0003,-1.3244589939713478,0.6781168619791667,0.4050269046798348,0.2781570851802826,0.17270942,0.9971097111701965,-0.001323317845526617,0.2,0.09055005013942719,6490
1072,645.84261351,893.66,7457,651,7999488,0.0003,-1.3278630418082078,0.6709635416666667,0.2827931834384799,0.27792999148368835,0.18787676,0.9988412857055664,-0.0009226384077919647,0.2,0.06930471211671829,6500
1074,645.6760401399999,916.38,7457,652,8011776,0.0003,-1.3066938516994318,0.66806640625,0.4200852179589371,0.2775990664958954,0.1529721,0.9973720908164978,-0.003092481462711779,0.2,0.1896584928035736,6510
1075,655.9851804,917.77,7458,653,8024064,0.0003,-1.304727815836668,0.6287841796875,1.1129127501199643,0.27778759598731995,0.14992456,0.9966006278991699,-0.009938658324729961,0.2,0.31199952960014343,6520
1077,655.6902657399999,911.6,7458,654,8036352,0.0003,-1.294713565458854,0.6760986328125,0.5288857902089755,0.2771553695201874,0.16321403,0.9973069429397583,-0.002081338269636035,0.2,0.19608227908611298,6530
1079,683.58932153,937.54,7458,655,8048640,0.0003,-1.2832932400206725,0.6528157552083333,0.6744204353541136,0.2770000994205475,0.16179352,0.9966222643852234,-0.007514487698305553,0.2,0.19623199105262756,6540
1080,703.2632394,934.09,7458,656,8060928,0.0003,-1.2997918104132016,0.6934814453125,0.30886441214631,0.2781926691532135,0.18742532,0.9985561966896057,0.010508693822581941,0.2,0.10301779210567474,6550
1082,675.37861705,929.81,7459,657,8073216,0.0003,-1.3359694488346576,0.6626139322916667,0.5760770192990701,0.27877315878868103,0.16779447,0.9983130693435669,-0.0030786458373768255,0.2,0.20979562401771545,6560
1083,658.6891934700001,937.84,7459,658,8085504,0.0003,-1.3379926912486553,0.6625651041666667,0.23912270228999358,0.27786099910736084,0.15123726,0.9939091205596924,0.0012513780078734272,0.2,0.05531756207346916,6570
1085,652.3129647999999,928.57,7459,659,8097792,0.0003,-1.3155071725447973,0.6567789713541666,0.22457830818990868,0.27838820219039917,0.1465147,0.9969727396965027,0.0034893224297168975,0.2,0.07908017188310623,6580
1087,645.88905864,931.5,7459,660,8110080,0.0003,-1.3285046478112539,0.6304850260416667,0.3850947153133651,0.2783772647380829,0.1305329,0.9918374419212341,-0.009101643773707717,0.2,0.10943098366260529,6590
1088,615.7192189799999,922.65,7460,661,8122368,0.0003,-1.3341895138223967,0.6688151041666667,0.16712021987574796,0.27869370579719543,0.17573471,0.9989286065101624,0.0050820742171102514,0.2,0.05322284996509552,6600
1090,614.3950914,936.24,7460,662,8134656,0.0003,-1.3650756818552812,0.6284261067708333,0.3280156103118012,0.27931299805641174,0.14196189,0.9925618171691895,-0.007721756731916685,0.2,0.04403174668550491,6610
1091,601.5928963099999,928.5,7460,663,8146944,0.0003,-1.362942894299825,0.6525472005208334,0.11706033796072006,0.2797679603099823,0.15018368,0.9989565014839172,0.01070080947392853,0.2,0.03223944827914238,6620
1093,579.91286125,935.6,7461,664,8159232,0.0003,-1.3852227101723353,0.6260498046875,0.0959451558223615,0.280066579580307,0.12854122,0.9976951479911804,-0.0009044609634050478,0.2,0.016992764547467232,6630
1095,625.6775379100001,928.69,7461,665,8171520,0.0003,-1.374032518764337,0.616943359375,0.23841831594860802,0.2795402705669403,0.15619276,0.9977301359176636,-0.005830213970330078,0.2,0.026610109955072403,6640
1096,662.15131909,941.24,7461,666,8183808,0.0003,-1.3515065431594848,0.6188720703125,0.6047108150087297,0.27939867973327637,0.14684093,0.996841549873352,-0.014543549620429985,0.2,0.24808700382709503,6650
1098,681.2020033300001,927.1,7462,667,8196096,0.0003,-1.3515907764434814,0.6393310546875,0.24929087545412282,0.2796705961227417,0.15228164,0.9987205266952515,-0.00041268542699981483,0.2,0.075277179479599,6660
1099,671.4297589100001,935.96,7462,668,8208384,0.0003,-1.3345054062704245,0.64150390625,0.20733293105537692,0.2790655195713043,0.15068631,0.9980341792106628,3.34197897852088e-05,0.2,0.011751355603337288,6670
1101,717.2076803500001,946.34,7462,669,8220672,0.0003,-1.3289361802240214,0.6654378255208333,0.22830103061472376,0.2795303761959076,0.16837919,0.9981046915054321,0.00973102472392687,0.2,0.09557486325502396,6680
1103,726.07415868,939.39,7462,670,8232960,0.0003,-1.3179764442145825,0.6722005208333334,0.2408051302501311,0.27887269854545593,0.17466514,0.9984296560287476,0.0007454429622157476,0.2,0.03041885793209076,6690
1104,736.4885505600001,940.48,7462,671,8245248,0.0003,-1.2981455616652966,0.6072591145833334,0.3479031555665036,0.27843180298805237,0.13953339,0.9972537159919739,-0.004103974347526673,0.2,0.07032119482755661,6700
1106,748.6186895799998,947.71,7462,672,8257536,0.0003,-1.2888301188747089,0.6845458984375,0.14727950919574748,0.27874433994293213,0.21150716,0.9989622831344604,0.0006033660392859019,0.2,0.021996624767780304,6710
1108,725.99502077,952.54,7463,673,8269824,0.0003,-1.2859937041997909,0.6290690104166666,0.3043243955587968,0.2787207365036011,0.20209087,0.9985145330429077,-0.0009899491162893052,0.2,0.044982947409152985,6720
1109,703.3611842400002,948.7,7463,674,8282112,0.0003,-1.3123810504873594,0.6747151692708333,0.17056894653166335,0.27953264117240906,0.17478643,0.9971790909767151,0.007925455345927427,0.2,0.04178551211953163,6730
1111,713.2273216899998,958.08,7463,675,8294400,0.0003,-1.3391537557045619,0.659619140625,0.12614673695061357,0.27981606125831604,0.17733128,0.9995383024215698,-0.0005269197232943649,0.2,0.0009011626243591309,6740
1112,710.2692048600001,958.08,7464,676,8306688,0.0003,-1.3441322530309359,0.644140625,0.11688895751722157,0.280299574136734,0.16747801,0.9995728731155396,-0.0066157811292214316,0.2,0.017429597675800323,6750
1114,700.2033531699998,963.41,7464,677,8318976,0.0003,-1.3541018548111121,0.6392740885416667,0.08916545246417323,0.280698299407959,0.14148904,0.9988178014755249,-0.0034507018674048593,0.2,0.029404910281300545,6760
1116,690.7683924600002,970.36,7465,678,8331264,0.0003,-1.3439021326601506,0.619482421875,0.06657758024133122,0.2804844379425049,0.15831427,0.9993626475334167,0.0041207101341569794,0.2,0.024605493992567062,6770
1117,705.0734472599999,977.01,7465,679,8343552,0.0003,-1.3675574498871963,0.62392578125,0.05675223387855415,0.2811456620693207,0.20240407,0.9996730089187622,-0.00605017983422537,0.2,0.007218588143587112,6780
1119,708.4231354799999,985.02,7466,680,8355840,0.0003,-1.3824392532308896,0.6378580729166666,0.09969684178940952,0.28161105513572693,0.1468578,0.9993963837623596,0.0033913542987041487,0.2,0.05604453384876251,6790
1120,703.82493708,981.25,7465,681,8368128,0.0003,-1.3904126187165577,0.6378743489583333,0.07623131897222872,0.2811216115951538,0.16586863,0.9995332956314087,-0.005216778276371769,0.2,-0.024091608822345734,6800
1122,694.6517242700002,967.26,7466,682,8380416,0.0003,-1.372221768150727,0.5883626302083333,0.45019728142457704,0.280902624130249,0.119245015,0.991093099117279,-0.005972788179739534,0.2,0.10202237218618393,6810
1124,704.70749665,972.02,7466,683,8392704,0.0003,-1.355712427198887,0.626025390625,0.1584237704363962,0.28067076206207275,0.15591407,0.9970353245735168,-0.0034903251478681343,0.2,0.03447733074426651,6820
1125,730.3284514800001,972.02,7466,684,8404992,0.0003,-1.314152767509222,0.6350748697916667,0.0705243721138686,0.27987778186798096,0.14407615,0.9995183348655701,0.0033841294401402897,0.2,-0.02715488150715828,6830
1127,728.3599973500001,969.46,7467,685,8417280,0.0003,-1.297137023260196,0.6434814453125,0.10061821920486788,0.27962246537208557,0.12888098,0.9993292689323425,0.0028338324458066686,0.2,0.028699591755867004,6840
1129,739.5263276099998,949.96,7466,686,8429568,0.0003,-1.3055291391909123,0.6278157552083333,0.08222767038581272,0.2797950804233551,0.16397138,0.9994471073150635,-0.004453894403801921,0.2,0.001183006912469864,6850
1130,737.2656605000001,933.76,7466,687,8441856,0.0003,-1.2905518772701423,0.6175130208333334,0.21690491046756505,0.2794214189052582,0.12753378,0.9968066811561584,-0.009971949077832202,0.2,0.005326695740222931,6860
1132,772.1099843400001,940.76,7466,688,8454144,0.0003,-1.2922905045251052,0.641064453125,0.12997333705425262,0.27969446778297424,0.18526356,0.9989671111106873,-0.0009596532465366181,0.2,0.004749424755573273,6870
1133,767.3849916799998,939.72,7467,689,8466432,0.0003,-1.3121350027620793,0.6602457682291667,0.07874158278573304,0.28009024262428284,0.1574014,0.9995923042297363,0.001596659377294903,0.2,0.001988770440220833,6880
1135,785.72755537,948.44,7467,690,8478720,0.0003,-1.3184842343131702,0.6430338541666667,0.10667785680076729,0.28024327754974365,0.14917327,0.9989978075027466,0.004230792849557474,0.2,-0.010766686871647835,6890
1137,752.48790486,948.44,7467,691,8491008,0.0003,-1.330197767416636,0.6324381510416667,0.09088224438795199,0.28104034066200256,0.14704832,0.9996538162231445,-0.0030123807979786457,0.2,0.01750076934695244,6900
1138,747.6055293200001,939.35,7467,692,8503296,0.0003,-1.3390817488233249,0.6271809895833333,0.13912510552133123,0.2805318236351013,0.1263427,0.9988692998886108,-0.0037952188038616443,0.2,0.030033446848392487,6910
1140,720.34967107,923.72,7468,693,8515584,0.0003,-1.301612673699856,0.5725423177083333,0.4402599354274571,0.2798202335834503,0.111112274,0.9961820244789124,-0.010773912177440555,0.2,0.06991219520568848,6920
1141,692.28827859,935.12,7468,694,8527872,0.0003,-1.2917049604157607,0.6255045572916667,0.4122669949972381,0.28006434440612793,0.14373726,0.9970903992652893,-0.010315934302828586,0.2,0.06211100518703461,6930
1143,667.44677883,933.42,7469,695,8540160,0.0003,-1.2843977806468805,0.6814697265625,0.20899039278738202,0.28002914786338806,0.19743867,0.9982240200042725,0.0009852825625178716,0.2,0.041011013090610504,6940
1144,638.73208634,909.75,7469,696,8552448,0.0003,-1.299468025068442,0.6704182942708333,0.20896472974369923,0.28019633889198303,0.15690489,0.9984961748123169,0.0004948282866583516,0.2,0.055299535393714905,6950
1146,635.1057899699999,923.05,7469,697,8564736,0.0003,-1.2887735791504382,0.6674072265625,0.28207460660487416,0.27956923842430115,0.17370494,0.9967772364616394,0.0023852595913922414,0.2,0.016014404594898224,6960
1148,631.2788646500001,915.68,7469,698,8577024,0.0003,-1.2458562105894089,0.6551188151041667,0.06695702830329538,0.2784617841243744,0.15595211,0.9996315836906433,0.00041517497156746687,0.2,-0.002570405602455139,6970
1149,633.32588407,913.11,7470,699,8589312,0.0003,-1.2346503178278605,0.6351888020833333,0.12561155143970001,0.27873924374580383,0.15973999,0.9992931485176086,-0.0012807356688426808,0.2,0.013884264975786209,6980
1151,640.38071128,919.5,7470,700,8601600,0.0003,-1.2264703869819642,0.6480305989583334,0.11212531645627072,0.2786453068256378,0.16021468,0.9987806081771851,0.0010557419829031764,0.2,-0.002001538872718811,6990
1153,661.2053624600001,909.64,7470,701,8613888,0.0003,-1.2145501251022022,0.6237548828125,0.1551699397386983,0.2780815362930298,0.14712101,0.9992573261260986,-0.004382687534477251,0.2,0.026179354637861252,7000
1154,667.34507238,920.6,7470,702,8626176,0.0003,-1.190269813934962,0.6259765625,0.3947684745459507,0.2771014869213104,0.19893606,0.99774169921875,-0.0085904067401619,0.2,0.03405195474624634,7010
1156,695.3559607899999,912.32,7469,703,8638464,0.0003,-1.1515642302731672,0.5841552734375,0.7891864523291587,0.27667638659477234,0.12513101,0.9978954792022705,-0.011225064309837763,0.2,0.35282987356185913,7020
1158,694.94685642,904.53,7469,704,8650752,0.0003,-1.1167798769970736,0.5501708984375,1.8149152574439844,0.27605172991752625,0.11809819,0.9965166449546814,-0.01937295364574917,0.2,0.5423224568367004,7030
1159,709.0954211000001,911.9,7468,705,8663040,0.0003,-1.1499667098124822,0.7113932291666667,0.4278389299133172,0.27772489190101624,0.25049308,0.9985385537147522,0.007446843863241763,0.2,0.1347396969795227,7040
1161,683.79432506,906.47,7467,706,8675328,0.0003,-1.2100769139826297,0.7250813802083333,0.1297477485689645,0.2784141004085541,0.21385886,0.9994379281997681,0.01694539712188998,0.2,0.028726622462272644,7050
1163,677.7391083699999,891.15,7467,707,8687616,0.0003,-1.2204738569756348,0.638232421875,0.3404066831494371,0.27836546301841736,0.19294555,0.9977870583534241,-0.008290510752703994,0.2,0.09918008744716644,7060
1165,670.84510406,901.42,7466,708,8699904,0.0003,-1.201549174139897,0.67138671875,0.31502483752556143,0.2782265841960907,0.16117944,0.9983892440795898,-0.00047236389606647813,0.2,0.09552401304244995,7070
1166,700.1538565600001,917.03,7466,709,8712192,0.0003,-1.1902205742895604,0.5894287109375,1.1564427328296005,0.27800074219703674,0.16753809,0.9955976605415344,-0.006435924193162161,0.2,0.7542761564254761,7080
1168,670.1440864099999,917.53,7466,710,8724480,0.0003,-1.1721976978083453,0.6988525390625,0.12997020843904467,0.27740779519081116,0.2068708,0.9986020922660828,0.007024359362064084,0.2,-0.004360470920801163,7090
1170,703.29902969,946.95,7466,711,8736768,0.0003,-1.1983351474006971,0.7007405598958333,0.2031034702124695,0.278081476688385,0.18214345,0.9989776611328125,0.005274774511538756,0.2,0.03503827750682831,7100
1171,697.6984155099999,957.27,7466,712,8749056,0.0003,-1.1879184698065122,0.6655598958333333,0.09196960656748464,0.27726706862449646,0.17518286,0.9997265934944153,0.0056686288754766185,0.2,0.014554910361766815,7110
1173,709.41647272,960.48,7467,713,8761344,0.0003,-1.1541966423392296,0.62958984375,0.07675803928868845,0.27645114064216614,0.15350251,0.9994170069694519,-0.0009408218582393601,0.2,-0.008845563977956772,7120
1174,733.3601438299999,974.36,7467,714,8773632,0.0003,-1.1378607966005803,0.6104654947916667,0.3611184887588024,0.2763352394104004,0.12730788,0.9967812299728394,-0.002118141617393121,0.2,0.07891513407230377,7130
1176,726.07841478,976.82,7468,715,8785920,0.0003,-1.1443595280249914,0.6470052083333333,0.09581400748963158,0.2767978608608246,0.17363381,0.999413013458252,0.004380845632113051,0.2,0.06091375648975372,7140
1178,715.6399422400001,965.07,7468,716,8798208,0.0003,-1.134945062547922,0.6496500651041667,0.3209483332155893,0.27604880928993225,0.21238966,0.9989690184593201,0.0004991861399806415,0.2,0.053460415452718735,7150
1179,714.4361841799999,948.27,7468,717,8810496,0.0003,-1.1051031606892745,0.5795817057291667,1.040326452627778,0.27559390664100647,0.10534098,0.9953234195709229,-0.017276446563967814,0.2,0.3672099709510803,7160
1181,737.5808334999998,949.32,7469,718,8822784,0.0003,-1.0858782274027665,0.6909749348958333,0.3933582840487361,0.27528348565101624,0.2153398,0.9967654347419739,-0.0016619499753384541,0.2,0.1795838177204132,7170
1182,724.72900623,945.04,7469,719,8835072,0.0003,-1.0757419946293036,0.6871663411458333,0.12774522088002413,0.27553147077560425,0.13206252,0.9994146823883057,0.018424575783622762,0.2,0.04151293635368347,7180
1184,754.1532116000001,945.04,7470,720,8847360,0.0003,-1.0912688001990318,0.6822021484375,0.09625689747432868,0.2756516933441162,0.16592139,0.9992929697036743,0.013180699935765006,0.2,0.009380029514431953,7190
1186,735.4215151399999,935.83,7469,721,8859648,0.0003,-1.074330505480369,0.6160970052083333,0.051949638310664646,0.2759093940258026,0.21989165,0.9998288750648499,0.012134519535660122,0.2,0.013967749662697315,7200
1187,730.3700253000002,930.18,7469,722,8871936,0.0003,-1.0676639020442962,0.6528483072916667,0.18572969808398435,0.27556321024894714,0.14631124,0.9981924295425415,0.002347040083744408,0.2,0.0573684498667717,7210
1189,730.7897562100001,926.83,7470,723,8884224,0.0003,-1.0604625391463438,0.6625081380208333,0.08915647673032558,0.2760629951953888,0.15293191,0.9994394183158875,0.011904530419269577,0.2,0.02976037748157978,7220
1190,746.2443355600001,946.43,7470,724,8896512,0.0003,-1.0554478618005911,0.6110107421875,0.2622533067983265,0.27563992142677307,0.15237157,0.9985633492469788,-0.003539990844243827,0.2,0.12134236097335815,7230
1192,749.6071092299999,946.69,7471,725,8908800,0.0003,-1.0613301840921243,0.6483235677083333,0.12996019517692428,0.2760259807109833,0.1604106,0.9989688396453857,0.0010195142691372893,0.2,0.07558401674032211,7240
1194,706.78441197,930.97,7471,726,8921088,0.0003,-1.0667683554192384,0.6316569010416667,0.37041667190690836,0.2754645347595215,0.14927964,0.9960381984710693,-0.006040805462786617,0.2,0.05715727061033249,7250
1195,701.7943421299999,922.48,7471,727,8933376,0.0003,-1.033645610511303,0.547998046875,1.5222726210951805,0.27472150325775146,0.11950225,0.9908699989318848,-0.014480797797053432,0.2,0.3860599994659424,7260
1197,635.88959834,870.84,7471,728,8945664,0.0003,-1.0206612035632134,0.6076985677083333,2.528027292092641,0.2748345136642456,0.15462552,0.9914758801460266,-0.01695616190554574,0.2,1.5169039964675903,7270
1198,633.8412239899999,865.59,7471,729,8957952,0.0003,-1.0058511435985564,0.5733072916666667,3.37223868171374,0.27425920963287354,0.11783197,0.9894105195999146,-0.023377286354176855,0.2,0.984839141368866,7280
1200,614.9912215200001,867.53,7471,730,8970240,0.0003,-0.9945912186056376,0.6926920572916667,1.4602398311719298,0.2739677131175995,0.20925307,0.9944496154785156,0.004298960406110079,0.2,0.8009507656097412,7290
1202,607.6581590700001,858.11,7471,731,8982528,0.0003,-1.0340475931763649,0.758740234375,0.949157977849245,0.2756712734699249,0.3073767,0.996640145778656,0.02327444427549684,0.2,0.24804775416851044,7300
1203,604.26483048,848.22,7471,732,8994816,0.0003,-1.0930022597312927,0.7244873046875,1.0752598317340016,0.27677294611930847,0.24155915,0.9981640577316284,0.00879955504303022,0.2,0.3369653820991516,7310
1205,580.51605122,837.83,7471,733,9007104,0.0003,-1.114684028426806,0.7011067708333333,1.2629169890036185,0.27734431624412537,0.22963823,0.994384229183197,-0.0021325736389068576,0.2,0.3554297387599945,7320
1207,587.99570937,841.05,7471,734,9019392,0.0003,-1.1415194558600585,0.7362955729166667,0.7090746800415217,0.2776070833206177,0.27468076,0.9961084723472595,0.005575362118543125,0.2,0.14978338778018951,7330
1208,612.4647210799999,878.27,7471,735,9031680,0.0003,-1.1837548489371936,0.714990234375,0.2788064750532309,0.2795632779598236,0.22869371,0.9953139424324036,0.02083301956881769,0.2,0.05857405811548233,7340
1210,644.4206279099999,901.76,7471,736,9043968,0.0003,-1.191148542612791,0.6699544270833333,0.18913748357445,0.2787134349346161,0.16617152,0.9989085793495178,0.0033324327887385152,0.2,0.07625173777341843,7350
1212,643.84148193,904.08,7471,737,9056256,0.0003,-1.1750846142570177,0.6859781901041667,0.2258536305744201,0.27873799204826355,0.19939387,0.9991520643234253,0.0021428810903065215,0.2,0.0474613718688488,7360
1213,639.2784896100001,901.72,7471,738,9068544,0.0003,-1.1834459493557612,0.6798583984375,0.18215395868755876,0.2781168222427368,0.20674188,0.9985828995704651,-0.0006293900888219166,0.2,0.046872928738594055,7370
1215,633.00210921,922.59,7471,739,9080832,0.0003,-1.127195272097985,0.65107421875,0.09201611840010931,0.27703502774238586,0.14929914,0.9986106753349304,0.0019001439630907649,0.2,-0.0036725588142871857,7380
1217,633.02866898,922.06,7471,740,9093120,0.0003,-1.0941199667751789,0.6359049479166666,0.15959083166283866,0.27636459469795227,0.15162778,0.9987488985061646,-0.0012624865155279016,0.2,0.0058618634939193726,7390
1218,664.19840962,944.72,7470,741,9105408,0.0003,-1.0734064218898614,0.6036946614583333,0.39638983689559004,0.2754451632499695,0.13142903,0.9969491362571716,-0.010013054154114798,0.2,0.08485589921474457,7400
1220,665.8502260900001,951.37,7470,742,9117696,0.0003,-1.059200722972552,0.6285481770833333,0.12434959358070045,0.2757297456264496,0.12313134,0.9990010261535645,0.010571125135174952,0.2,0.04036279022693634,7410
1222,683.3451198700001,951.37,7471,743,9129984,0.0003,-1.0912589805821578,0.6609049479166667,0.0487394796742592,0.2768695056438446,0.15415232,0.9993506669998169,0.013331977918278426,0.2,0.02359197288751602,7420
1223,671.9687782799999,945.34,7471,744,9142272,0.0003,-1.1125618847707908,0.6099772135416667,0.07031491009984166,0.27654632925987244,0.115404695,0.999496340751648,0.0076037724710962115,0.2,0.031122535467147827,7430
1225,691.1761391999999,958.3,7471,745,9154560,0.0003,-1.1174164439241092,0.6144694010416667,0.18535591750405728,0.27654632925987244,0.13859439,0.9963163137435913,0.0023906253937942285,0.2,0.009524017572402954,7440
1226,719.39776239,959.9,7472,746,9166848,0.0003,-1.1350735443333784,0.6143717447916667,0.07780236594068507,0.2775675058364868,0.10439218,0.9995646476745605,0.01421648964266448,0.2,0.018646251410245895,7450
1228,723.3237961300001,957.48,7472,747,9179136,0.0003,-1.1570677787065506,0.6145426432291666,0.06569169496651739,0.27737054228782654,0.13214077,0.999412477016449,0.001686517295699256,0.2,0.020630955696105957,7460
1229,754.8921045,979.25,7473,748,9191424,0.0003,-1.147338630259037,0.5980550130208333,0.38363279988989235,0.27724573016166687,0.135212,0.9939504265785217,0.0017840690386947244,0.2,0.09819435328245163,7470
1231,742.72594945,978.96,7473,749,9203712,0.0003,-1.1307036732633908,0.6148844401041667,0.7201580186374485,0.2767201364040375,0.21385722,0.9985353946685791,-0.004119786254887003,0.2,0.49507373571395874,7480
1233,741.6386799000002,970.26,7473,750,9216000,0.0003,-1.0981529315312704,0.5966064453125,0.8250100059745212,0.2757430970668793,0.14030091,0.996182918548584,-0.009251107293312088,0.2,0.3790356516838074,7490
1234,739.63281023,961.36,7473,751,9228288,0.0003,-1.0713328806062539,0.6541097005208333,1.6065814468388757,0.27550145983695984,0.1825313,0.9929233193397522,0.0017430125505294807,0.2,0.3983730971813202,7500
1236,718.6417714,957.78,7473,752,9240576,0.0003,-1.0707918224235375,0.6187906901041667,1.09363312193503,0.2747669517993927,0.26495036,0.9944720268249512,-0.008016977120617715,0.2,0.5172204971313477,7510
1238,700.8391786,956.13,7473,753,9252864,0.0003,-1.0648608900606633,0.7305501302083334,0.45520273768343034,0.2756452262401581,0.25172198,0.997348964214325,0.01216128520075775,0.2,0.10322552919387817,7520
1239,711.1921065700001,956.13,7473,754,9265152,0.0003,-1.0954581096768379,0.6708658854166667,0.4879576964924733,0.27510881423950195,0.17575645,0.9943046569824219,0.0023194049329807362,0.2,0.11461929976940155,7530
1241,716.7427048200001,958.55,7473,755,9277440,0.0003,-1.1277766950428485,0.7401041666666667,0.301317814954867,0.27625563740730286,0.2730934,0.9988376498222351,0.021728411847531486,0.2,0.12477774173021317,7540
1242,686.02513331,933.02,7473,756,9289728,0.0003,-1.135303647816181,0.6722819010416666,0.1441554191832741,0.2770683467388153,0.1691462,0.9993084073066711,0.00854071790042023,0.2,0.04835749790072441,7550
1244,675.35307188,922.38,7474,757,9302016,0.0003,-1.1342335080107053,0.6630940755208333,0.37793108116214474,0.2765490412712097,0.13555181,0.9959966540336609,0.002787783156236401,0.2,0.2584719657897949,7560
1246,693.5320020300001,929.16,7474,758,9314304,0.0003,-1.1286420998473963,0.6653483072916667,0.17065756618976594,0.27624961733818054,0.14450423,0.9981657862663269,0.0028653519785924193,0.2,0.026379751041531563,7570
1247,671.1784295199999,916.12,7474,759,9326592,0.0003,-1.0881862257917723,0.6620279947916666,0.3211715816364934,0.27531084418296814,0.14070533,0.9988318085670471,-0.0010508595039330733,0.2,0.07419230043888092,7580
1249,668.5447817400001,909.47,7475,760,9338880,0.0003,-1.0903611972928047,0.6660970052083334,0.4720504933347305,0.27593138813972473,0.1644968,0.9973359107971191,0.001805116176061953,0.2,0.14188453555107117,7590
1250,667.1359553599999,906.08,7475,761,9351168,0.0003,-1.1283182874321938,0.6737141927083333,0.3143045477569103,0.2770202159881592,0.17077088,0.9974738955497742,-0.0036970358603866773,0.2,0.075898177921772,7600
1252,668.57080508,906.08,7476,762,9363456,0.0003,-1.142706057180961,0.6710205078125,0.3072456882956127,0.2771645188331604,0.18293273,0.9986196160316467,-0.0010129417384935854,0.2,0.06458844244480133,7610
1254,681.73175362,912.98,7476,763,9375744,0.0003,-1.148736047744751,0.6830159505208333,0.2204794064629823,0.27696624398231506,0.19766903,0.9990503787994385,-0.001709796124487184,0.2,0.04840631037950516,7620
1255,697.49360495,931.18,7476,764,9388032,0.0003,-1.141316965719064,0.6814208984375,0.13021071806239584,0.2770397365093231,0.24748822,0.9996922612190247,0.003397525557860111,0.2,0.06591727584600449,7630
1257,674.34039758,923.0,7476,765,9400320,0.0003,-1.1290275293091934,0.6364583333333333,0.3232592429034412,0.27704116702079773,0.15824006,0.9982653856277466,-0.007738337216627163,0.2,0.0695563554763794,7640
1259,648.2650794499999,911.23,7475,766,9412608,0.0003,-1.0986786584059398,0.6686279296875,0.5446904459347327,0.275894433259964,0.20680046,0.9965742826461792,-0.006679830204908891,0.2,0.1494227796792984,7650
1260,685.39192452,929.89,7475,767,9424896,0.0003,-1.0631466180086135,0.6828125,0.500594877358526,0.27480176091194153,0.18257523,0.9975425601005554,-0.0035408621401681255,0.2,0.13475847244262695,7660
1262,662.1699042099999,905.93,7475,768,9437184,0.0003,-1.0419913592437904,0.6781005859375,0.17948661888949574,0.2745828628540039,0.18427014,0.9993033409118652,-0.0034428658759376655,0.2,0.009194143116474152,7670
1264,636.83932439,889.57,7475,769,9449472,0.0003,-1.0591875938077768,0.710693359375,0.35591059836248556,0.27554962038993835,0.25195315,0.9966806173324585,-0.001279666974733118,0.2,0.04217756539583206,7680
1265,607.3358892,863.86,7475,770,9461760,0.0003,-1.0727703164021174,0.6840983072916667,0.21264112307690083,0.27529191970825195,0.19150496,0.9990792870521545,-0.0023910781004815363,0.2,0.042080141603946686,7690
1267,606.76760155,868.87,7475,771,9474048,0.0003,-1.053331869095564,0.6385904947916666,0.5717170959338546,0.27488601207733154,0.16634507,0.9974525570869446,-0.01406202649329013,0.2,0.10884755849838257,7700
1268,629.28936856,885.99,7475,772,9486336,0.0003,-1.0712281053264936,0.66748046875,0.18018605938802162,0.27569255232810974,0.15100951,0.9985972046852112,0.0026864558826976766,0.2,0.029662735760211945,7710
1270,649.44054723,904.84,7476,773,9498624,0.0003,-1.076782689243555,0.6610921223958334,0.14096821732819081,0.27588146924972534,0.1618411,0.9991176128387451,-0.0007933458851766773,0.2,0.01875099539756775,7720
1272,661.8903957699999,907.18,7476,774,9510912,0.0003,-1.0499731252590816,0.6464599609375,0.16591545433426896,0.2753831148147583,0.19501598,0.9994542002677917,-0.003443234134465456,0.2,0.07019774615764618,7730
1273,650.0706585999999,920.92,7476,775,9523200,0.0003,-1.072362668812275,0.636328125,0.0985493203625083,0.2761806547641754,0.13802825,0.9995695352554321,0.00012093425223914285,0.2,0.0034881755709648132,7740
1275,699.25025514,949.86,7476,776,9535488,0.0003,-1.0662021689116954,0.6478108723958333,0.06054042488103732,0.27561086416244507,0.14757746,0.9997606873512268,-0.0008193083083218274,0.2,-0.00314272940158844,7750
1277,718.2306435300001,952.61,7476,777,9547776,0.0003,-1.0248423911631108,0.6530192057291667,0.10841206290448706,0.27537021040916443,0.15462786,0.9995845556259155,0.007815587345976382,0.2,0.017806051298975945,7760
1278,751.00915207,977.52,7476,778,9560064,0.0003,-1.016132356102268,0.6433349609375,0.09823194253258408,0.27467620372772217,0.14516354,0.9997183084487915,-6.552669728989712e-05,0.2,-0.01111585646867752,7770
1280,762.61442297,982.25,7476,779,9572352,0.0003,-0.975927596539259,0.6569986979166667,0.07347486754879355,0.27430546283721924,0.15518676,0.999663770198822,-0.0007296149677131325,0.2,0.010147791355848312,7780
1281,754.4739400600001,979.47,7476,780,9584640,0.0003,-0.9693054913232724,0.6185139973958333,0.34271704298444094,0.27391526103019714,0.116357766,0.9976975321769714,-0.0031306278406797597,0.2,0.023624857887625694,7790
1283,755.9973751899998,987.04,7476,781,9596928,0.0003,-0.9159240368753672,0.6737630208333333,0.08643960804523279,0.2727801501750946,0.20537214,0.9995948672294617,0.007738590327304943,0.2,0.014275660738348961,7800
1285,730.0864451499999,979.33,7476,782,9609216,0.0003,-0.8980268433690071,0.6522867838541667,0.07949964607056852,0.27245864272117615,0.15635186,0.9997155070304871,-0.0006496334332041443,0.2,-0.005309469997882843,7810
1286,742.88702282,979.33,7476,783,9621504,0.0003,-0.8814817662040393,0.6406575520833333,0.08994557118664186,0.2721666991710663,0.14734724,0.9995291829109192,-0.0025471506155251215,0.2,-0.01108556054532528,7820
1288,744.7467411500002,979.33,7476,784,9633792,0.0003,-0.8629809421797593,0.6652018229166666,0.05651412189860518,0.27179694175720215,0.1620651,0.9997923374176025,0.004496294556884095,0.2,0.022400077432394028,7830
1290,746.2510027099999,985.54,7476,785,9646080,0.0003,-0.8669335977484782,0.643701171875,0.10765062511588136,0.271474689245224,0.14261046,0.9995401501655579,-0.0020878958952380345,0.2,0.021382825449109077,7840
1291,742.1456482399999,985.54,7476,786,9658368,0.0003,-0.8517840785284837,0.6412516276041667,0.09308191631765415,0.271750807762146,0.14392573,0.9996198415756226,-0.0038935629941988736,0.2,0.01996992900967598,7850
1293,737.4066397699997,982.4,7475,787,9670656,0.0003,-0.8189377595980962,0.643603515625,0.17287546708248555,0.27046844363212585,0.15636925,0.9990994334220886,-0.01131125181952181,0.2,0.025255165994167328,7860
1295,740.9999113500002,979.81,7475,788,9682944,0.0003,-0.8347449984401465,0.6802083333333333,0.41605983283370734,0.2710495889186859,0.20105469,0.9960786700248718,0.0004986863602728894,0.2,0.11857081949710846,7870
1297,760.87078592,979.81,7474,789,9695232,0.0003,-0.8822754020492236,0.7083170572916667,0.4354782141124209,0.2724522650241852,0.17518489,0.9980946183204651,0.004974148364757032,0.2,0.21694239974021912,7880
1298,769.99376012,973.8,7474,790,9707520,0.0003,-0.9004206233968337,0.6711751302083333,0.20502603955877324,0.2722947299480438,0.18379276,0.9991094470024109,-0.0043739728406459715,0.2,0.04541920870542526,7890
1300,786.0898064899999,958.56,7475,791,9719808,0.0003,-0.8861501285185417,0.6770670572916667,0.6516917959786952,0.2721470296382904,0.17787689,0.9946852326393127,0.004162602789195565,0.2,0.16099682450294495,7900
1302,762.06425875,947.99,7474,792,9732096,0.0003,-0.9001347267379364,0.6718587239583333,0.1358193448279053,0.27253350615501404,0.18505377,0.9992256760597229,0.0003290935972472653,0.2,0.019724391400814056,7910
1303,741.016039,937.33,7474,793,9744384,0.0003,-0.8793007069577773,0.5996826171875,0.7073678354422251,0.2716776132583618,0.12667869,0.9981343746185303,-0.013176426453477082,0.2,0.2087380588054657,7920
1305,737.33196384,925.59,7473,794,9756672,0.0003,-0.8740583319216967,0.670556640625,0.22437208415940404,0.27197298407554626,0.19626822,0.9989156723022461,0.002301558857531442,0.2,0.03906784579157829,7930
1307,745.15877603,910.55,7473,795,9768960,0.0003,-0.8760764523098866,0.6732014973958333,0.25302549963817,0.27153003215789795,0.15488946,0.996376633644104,0.0006252850211846332,0.2,0.05099240317940712,7940
1308,734.7035041900002,910.38,7473,796,9781248,0.0003,-0.8410009092340867,0.6505777994791667,0.37076842148477834,0.2710378170013428,0.1659358,0.9985848665237427,-1.1794206996758778e-05,0.2,0.07408373802900314,7950
1310,731.19512744,919.62,7474,797,9793536,0.0003,-0.8456545259803534,0.6701822916666667,0.3220489494424934,0.271901398897171,0.19642329,0.9988881945610046,0.002115922102530021,0.2,0.07336708903312683,7960
1311,728.55733989,926.59,7474,798,9805824,0.0003,-0.8650986061741909,0.6740966796875,0.2613536713179201,0.2722325026988983,0.19117899,0.9985691905021667,2.931321650976315e-05,0.2,0.024296242743730545,7970
1313,701.70549424,926.59,7475,799,9818112,0.0003,-0.8868361117939154,0.6440185546875,0.08861181198153645,0.2732289433479309,0.15631251,0.9992644190788269,0.0022839022771222518,0.2,0.017033647745847702,7980
1315,706.0466700600002,941.11,7475,800,9830400,0.0003,-0.8854038047293822,0.6371500651041667,0.08385120956227184,0.2725119888782501,0.15246077,0.9996375441551208,0.00041928307715958607,0.2,0.024346141144633293,7990
1316,718.41029947,947.82,7475,801,9842688,0.0003,-0.8808516350885233,0.6449788411458334,0.08858934119343757,0.2729588747024536,0.15897085,0.9995049834251404,-0.0027269138144523216,0.2,0.019017646089196205,8000
1318,729.0576075900001,969.93,7475,802,9854976,0.0003,-0.8897005173067252,0.6440592447916667,0.11706717379856854,0.2729335129261017,0.14553532,0.9993866682052612,-0.002468199285794981,0.2,0.049319200217723846,8010
1319,739.47472524,981.71,7475,803,9867264,0.0003,-0.875510951007406,0.6023356119791666,0.05045305711294835,0.2726946771144867,0.112273425,0.9996283650398254,-0.0003348650983146702,0.2,-0.01336953416466713,8020
1321,717.96968357,976.59,7475,804,9879552,0.0003,-0.8695820491760969,0.6320068359375,0.0533920262940228,0.2725125253200531,0.125697,0.9997747540473938,0.004989176228506646,0.2,0.01767657697200775,8030
1323,712.6807706699999,976.59,7474,805,9891840,0.0003,-0.8381469362725814,0.6229329427083333,0.1901431761914864,0.27145588397979736,0.1753103,0.9949537515640259,-0.006262415062034658,0.2,0.0030806437134742737,8040
1325,723.47691462,989.34,7473,806,9904128,0.0003,-0.8379112052420775,0.6447102864583333,0.05702493949017177,0.2718850076198578,0.15242822,0.999811053276062,0.003030467260396108,0.2,0.02262452244758606,8050
1326,719.9717699899999,989.34,7473,807,9916416,0.0003,-0.8459893828878801,0.6325927734375,0.04560437573430439,0.27168789505958557,0.13497023,0.9997913241386414,-0.00028422512599111845,0.2,0.006134543567895889,8060
1328,734.3802617599999,989.34,7472,808,9928704,0.0003,-0.8447003766894341,0.6272786458333334,0.054217596002854404,0.2717270851135254,0.13208663,0.9998303055763245,0.0005639783504496639,0.2,-0.008183697238564491,8070
1330,730.30311061,989.34,7473,809,9940992,0.0003,-0.8628658659756183,0.6377360026041666,0.06371941041822235,0.27270233631134033,0.14771523,0.9997719526290894,0.006022059046760357,0.2,-0.016070300713181496,8080
1331,727.5398938799999,988.38,7472,810,9953280,0.0003,-0.8904959281285604,0.6484619140625,0.049585902655962855,0.2729097306728363,0.14124554,0.9994821548461914,0.0018701325277409827,0.2,0.0025870054960250854,8090
1333,714.0310201899999,988.38,7472,811,9965568,0.0003,-0.8770120535045862,0.6122802734375,0.22166180653342357,0.2721673548221588,0.15937574,0.996762216091156,-0.005261589001262715,0.2,0.030853942036628723,8100
1335,722.95744248,999.04,7472,812,9977856,0.0003,-0.8396107140928507,0.6634684244791667,0.07928364675802489,0.2715858817100525,0.17318356,0.9993060827255249,0.0019720763690808476,0.2,0.023309405893087387,8110
1336,717.4671525499999,991.26,7472,813,9990144,0.0003,-0.7835769860694806,0.6423583984375,0.0664645776967518,0.27046963572502136,0.14436817,0.999727189540863,-0.001780624969493753,0.2,0.00020528584718704224,8120
1338,703.25206296,991.26,7472,814,10002432,0.0003,-0.7778565168380738,0.64580078125,0.07352745132520795,0.27077391743659973,0.15413268,0.9994977116584778,-0.0012789208306154857,0.2,-0.004974978044629097,8130
1340,694.39609796,987.69,7473,815,10014720,0.0003,-0.7718398947268724,0.6311767578125,0.05573728297604248,0.2709876000881195,0.13510989,0.999743640422821,0.0048694390386420615,0.2,-0.016685552895069122,8140
1341,698.5903532799998,987.69,7473,816,10027008,0.0003,-0.7689310047775507,0.6337483723958334,0.10121179698811224,0.2706827223300934,0.15852615,0.9990825653076172,-0.003749022719178659,0.2,-0.014129571616649628,8150
1343,693.2420535699999,986.37,7473,817,10039296,0.0003,-0.7578994441777468,0.6404378255208333,0.14380046289103726,0.2706575095653534,0.14457218,0.9994444847106934,-0.0002203971972145761,0.2,0.08833304792642593,8160
1344,708.15549745,977.61,7473,818,10051584,0.0003,-0.7604606807231903,0.68193359375,0.11790440584688137,0.2702977955341339,0.18092811,0.9992727637290955,0.007612315086104596,0.2,0.03183520585298538,8170
1346,710.7419537100001,973.98,7474,819,10063872,0.0003,-0.7291055700431267,0.6530029296875,0.14328662296757103,0.26976117491722107,0.12692119,0.9983951449394226,-0.0028080823705143605,0.2,0.016705945134162903,8180
1348,706.6761101899999,973.98,7474,820,10076160,0.0003,-0.7205314869681995,0.6539388020833333,0.10614532913314179,0.2699519097805023,0.15627985,0.9989845156669617,-0.00022205302957445383,0.2,0.02067718282341957,8190
1349,702.8020599500001,981.76,7474,821,10088448,0.0003,-0.7078818095227083,0.6474934895833333,0.05018779110784332,0.26999631524086,0.15687978,0.9996129870414734,0.0006259167605700592,0.2,0.01239098608493805,8200
1351,705.62733609,978.09,7474,822,10100736,0.0003,-0.7299795764187972,0.6559733072916667,0.051024454560441274,0.27053385972976685,0.15414482,0.999631404876709,-0.0022432257702651743,0.2,0.0053207166492938995,8210
1352,708.2584781800001,959.76,7475,823,10113024,0.0003,-0.7321510658909877,0.6013671875,0.2221459534407283,0.2700065076351166,0.1386565,0.9970461130142212,-0.004900853034147682,0.2,0.0682627484202385,8220
1354,723.06967852,961.08,7475,824,10125312,0.0003,-0.7248474919547637,0.6312662760416666,0.44591025039553644,0.2699962854385376,0.12597822,0.9927482008934021,-0.008807758969487623,0.2,0.1277163177728653,8230
1356,717.08399868,961.08,7475,825,10137600,0.0003,-0.7441258246699969,0.6790445963541667,0.07959199763524036,0.2715611457824707,0.17761755,0.9997466206550598,0.008244737357987713,0.2,0.035384997725486755,8240
1357,690.34068359,960.21,7475,826,10149888,0.0003,-0.801981945335865,0.6735677083333333,0.06183804592971379,0.2726113796234131,0.17436396,0.9994825720787048,0.009078706436169644,0.2,0.03519534319639206,8250
1359,690.3921110999999,964.8,7475,827,10162176,0.0003,-0.8213833345721165,0.6363850911458333,0.14214344893504555,0.2727247476577759,0.16050617,0.996971070766449,-0.003086463739358199,0.2,0.0059748124331235886,8260
1361,695.3359861600001,964.06,7474,828,10174464,0.0003,-0.8205941952764988,0.686328125,0.06283169779926538,0.2729988992214203,0.18616797,0.9994874596595764,0.009104267848306336,0.2,0.010730966925621033,8270
1362,703.4641375000001,964.06,7474,829,10186752,0.0003,-0.8258135387053093,0.6503092447916666,0.07556555131838347,0.2727302312850952,0.15440649,0.9994485974311829,0.0009700137651331412,0.2,0.01575014926493168,8280
1364,725.0446267799999,967.73,7474,830,10199040,0.0003,-0.8004977663358053,0.6632242838541667,0.10535241865242521,0.27187514305114746,0.21442479,0.9997091293334961,-0.004137948395994803,0.2,0.013207180425524712,8290
1366,761.8978185100001,989.63,7473,831,10211328,0.0003,-0.8009658536563317,0.6468668619791667,0.07980515672049175,0.27211424708366394,0.18368517,0.9996348023414612,-0.0013406546757323667,0.2,-0.01058649830520153,8300
1368,756.0272061800001,989.63,7473,832,10223616,0.0003,-0.8035818164547285,0.6435384114583333,0.11547092400336018,0.27247047424316406,0.14325598,0.9997177124023438,0.0011715644786211973,0.2,0.03512364998459816,8310
1369,762.12341689,989.63,7472,833,10235904,0.0003,-0.7875918096552292,0.6175455729166667,0.03739530383609235,0.2720562815666199,0.13897237,0.9998692870140076,0.004127301461994648,0.2,0.00201251357793808,8320
1371,737.93086608,984.66,7472,834,10248192,0.0003,-0.7685020118951797,0.6470865885416667,0.04974562890129164,0.27172234654426575,0.15564863,0.9996381998062134,0.0026921479647474674,0.2,-0.009209498763084412,8330
1373,728.0744525800001,979.15,7472,835,10260480,0.0003,-0.76147670596838,0.5825846354166667,0.9901737201182793,0.27128955721855164,0.17489505,0.9884175658226013,-0.007654600261594169,0.2,0.33016976714134216,8340
1374,727.09748635,973.68,7471,836,10272768,0.0003,-0.7526310786604882,0.6346516927083333,0.5051988468971104,0.271145224571228,0.16795455,0.9914100170135498,-0.004097214772627922,0.2,0.079493448138237,8350
1376,733.1929795,973.68,7471,837,10285056,0.0003,-0.7330895482252041,0.5268636067708333,3.3249240677803753,0.2706669270992279,0.081256196,0.990331768989563,-0.014942075355793349,0.2,0.33523425459861755,8360
1378,710.6143332100002,965.97,7472,838,10297344,0.0003,-0.7712556259085734,0.7701253255208333,0.36074630354220666,0.27121594548225403,0.2573389,0.997954785823822,0.03370977830515282,0.2,0.1263851374387741,8370
1379,681.5895325,965.97,7472,839,10309632,0.0003,-0.7955244446794192,0.7165364583333333,0.23676321914729972,0.27187255024909973,0.24306469,0.9985252618789673,0.018425145224318838,0.2,0.08944917470216751,8380
1381,688.3687759600001,951.16,7472,840,10321920,0.0003,-0.7858986233671507,0.6859537760416666,0.10859591577512523,0.2716309130191803,0.18090945,0.9995909929275513,0.013360608033932901,0.2,-0.02198795974254608,8390
1382,703.0125143800001,948.47,7472,841,10334208,0.0003,-0.7841379094868899,0.6552327473958334,0.5045847502692292,0.27084407210350037,0.16373022,0.9961970448493958,-0.0019885633252367065,0.2,0.23354676365852356,8400
1384,755.2180549,965.21,7472,842,10346496,0.0003,-0.7504002392292023,0.678564453125,0.537054159771651,0.27028921246528625,0.1944942,0.9978452920913696,0.0021378218506773313,0.2,0.08954779803752899,8410
1386,758.8262428200001,959.07,7472,843,10358784,0.0003,-0.7495531813551982,0.7046142578125,0.4164202694160243,0.27093246579170227,0.19332485,0.9975118041038513,0.009714596121921205,0.2,0.09488856047391891,8420
1387,707.8528171300002,936.17,7472,844,10371072,0.0003,-0.7681346602737904,0.6852783203125,0.6914848783363898,0.27100226283073425,0.18909521,0.995349645614624,0.005247026239036738,0.2,0.2106904536485672,8430
1389,705.58916401,943.88,7472,845,10383360,0.0003,-0.7893668323755264,0.6484700520833333,1.9066533744335175,0.2716943025588989,0.12924865,0.9919049739837646,-0.004709148588881362,0.2,0.3769451081752777,8440
1391,715.51691953,943.88,7472,846,10395648,0.0003,-0.8199680260072152,0.7114827473958333,0.2760529641372462,0.2722146809101105,0.23469158,0.9990121722221375,0.011063601471929967,0.2,0.13610121607780457,8450
1392,699.58225042,951.46,7472,847,10407936,0.0003,-0.8715572512398163,0.68427734375,0.4270705478886763,0.2737096846103668,0.17781873,0.9973955154418945,0.0055533699084965825,0.2,0.10225226730108261,8460
1394,672.9281074700001,954.92,7473,848,10420224,0.0003,-0.9133414963881175,0.6953938802083334,0.17137607610784472,0.27397048473358154,0.18887131,0.9991042017936707,0.016362862182237828,0.2,0.046287305653095245,8470
1395,656.42358607,929.44,7473,849,10432512,0.0003,-0.9005639230211576,0.6539225260416667,0.4655887462819616,0.2735792100429535,0.15169613,0.9956637024879456,-0.003956268022496563,0.2,0.19852085411548615,8480
1397,640.2052962900001,924.85,7473,850,10444800,0.0003,-0.9225087309877078,0.614697265625,0.6729501272241275,0.27438247203826904,0.11967772,0.9924200773239136,-0.0014493976205509776,0.2,0.33163630962371826,8490
1399,652.0122631700001,944.78,7474,851,10457088,0.0003,-0.928774327908953,0.67255859375,0.18276568214253833,0.27403905987739563,0.16924985,0.9969110488891602,0.008915426408930217,0.2,0.03903598338365555,8500
1400,668.38352996,960.58,7474,852,10469376,0.0003,-0.8913802104691665,0.6512939453125,0.08444138697038094,0.2735196650028229,0.14648212,0.9995250105857849,0.011775577052806815,0.2,0.004916712641716003,8510
1402,660.56935975,960.58,7474,853,10481664,0.0003,-0.8881288564453522,0.6448404947916667,0.11848167654437324,0.2729429006576538,0.15774946,0.9990879893302917,-0.00046050991125715275,0.2,-0.003478117287158966,8520
1403,675.08802696,960.58,7474,854,10493952,0.0003,-0.8745576959103346,0.6438639322916667,0.14366488304610053,0.27255716919898987,0.15186922,0.9987004995346069,-8.766458874257902e-06,0.2,0.01440364122390747,8530
1405,694.14515449,960.58,7475,855,10506240,0.0003,-0.8481182026366393,0.6352457682291667,0.5949428218727311,0.27248167991638184,0.1480934,0.9983086585998535,-0.0031749784597195686,0.2,0.2441079020500183,8540
1407,695.5910036000001,964.35,7475,856,10518528,0.0003,-0.8751565273851156,0.6764811197916667,0.08971488667496791,0.27359244227409363,0.16952641,0.9996443390846252,0.009235007597211128,0.2,-0.0002773851156234741,8550
1408,712.18417899,992.29,7474,857,10530816,0.0003,-0.8836332095166047,0.6485026041666667,0.07791068775889774,0.2732703387737274,0.14396966,0.9994666576385498,0.007916777670228232,0.2,0.013023298233747482,8560
1410,711.3604211800001,997.8,7474,858,10543104,0.0003,-0.8743925506869952,0.65107421875,0.11469392556852351,0.27306655049324036,0.16680045,0.999187707901001,-0.0004377900714947221,0.2,0.02822194993495941,8570
1412,718.8082134799998,997.39,7474,859,10555392,0.0003,-0.8692822267611822,0.6239501953125,0.3817874873057008,0.27229365706443787,0.12514584,0.997514009475708,-0.0041865813439168655,0.2,0.07463429868221283,8580
1413,726.8056403400001,997.39,7473,860,10567680,0.0003,-0.821729360645016,0.6460123697916667,0.1548588582780212,0.27143216133117676,0.17598791,0.9994772672653198,-0.002743731259639996,0.2,0.058179184794425964,8590
1415,770.6988647799999,997.39,7473,861,10579968,0.0003,-0.7969000227749348,0.6651774088541667,0.09664369185920804,0.2715039551258087,0.15963687,0.999626636505127,0.007076925061361787,0.2,0.02255636267364025,8600
1417,746.7520181899998,987.28,7473,862,10592256,0.0003,-0.7997403930872679,0.6387532552083334,0.06648370439652354,0.2712513506412506,0.15616608,0.9997692704200745,0.005272804357324882,0.2,0.0015376172959804535,8610
1418,739.4907484700001,979.74,7473,863,10604544,0.0003,-0.7790300847341617,0.6494059244791667,0.18248230183962733,0.2706545293331146,0.1928267,0.9987743496894836,-0.0024251513086104145,0.2,0.06383690237998962,8620
1420,753.1379352799999,979.74,7474,864,10616832,0.0003,-0.7604226190596819,0.6648600260416667,0.44338224722693365,0.27011820673942566,0.18556827,0.9979785680770874,0.00411944861067847,0.2,0.15919719636440277,8630
1422,753.9040782800001,977.72,7473,865,10629120,0.0003,-0.7205732005337874,0.6790934244791667,0.08765270134899765,0.2696552276611328,0.21601065,0.9995465874671936,0.009407086714054458,0.2,0.012475859373807907,8640
1423,759.3773970000002,973.74,7473,866,10641408,0.0003,-0.7113959472626448,0.6633056640625,0.23127012373879552,0.26908352971076965,0.16520967,0.9985557198524475,-0.004235876367116967,0.2,0.05383788049221039,8650
1425,754.63696269,960.12,7473,867,10653696,0.0003,-0.6957982812076807,0.6509358723958333,0.28598759945792457,0.2685735523700714,0.19717364,0.9986894130706787,-0.0008982048064353875,0.2,0.12604480981826782,8660
1427,736.1320997500001,960.12,7473,868,10665984,0.0003,-0.6896895391245683,0.64130859375,0.453438949258998,0.26855674386024475,0.22050785,0.998588502407074,-0.006463079707949267,0.2,0.17431522905826569,8670
1428,730.2625744899998,957.87,7472,869,10678272,0.0003,-0.7109239348520835,0.6834798177083333,0.11449922629787276,0.26900139451026917,0.1792527,0.9993738532066345,0.013618965198111255,0.2,0.059922534972429276,8680
1430,748.0561516599998,967.98,7472,870,10690560,0.0003,-0.6998914243032535,0.6626302083333333,0.21509581197363634,0.2686541974544525,0.16744447,0.9991732835769653,0.003038176136518208,0.2,0.09434186667203903,8690
1432,742.5988686099997,968.18,7472,871,10702848,0.0003,-0.7178541544824839,0.6523193359375,0.0908105394259716,0.26877617835998535,0.14505666,0.999560534954071,0.008879812925200289,0.2,0.044378817081451416,8700
1434,754.28571172,968.18,7471,872,10715136,0.0003,-0.7269336438427368,0.6511962890625,0.2027840019358943,0.26935338973999023,0.17414911,0.999033510684967,-0.002192970958033887,0.2,0.05135832726955414,8710
1435,761.9450184600001,970.43,7471,873,10727424,0.0003,-0.7306389616181453,0.6691324869791667,0.08696419721624503,0.26923689246177673,0.17635782,0.9994567036628723,0.0041822356317425145,0.2,0.008234024047851562,8720
1437,785.4814644700001,973.7,7471,874,10739712,0.0003,-0.7077239863574505,0.6643880208333334,0.08914919242573281,0.2683599889278412,0.16871512,0.9997722506523132,0.0006246057862881571,0.2,0.01924046501517296,8730
1439,741.2818460200001,963.82,7471,875,10752000,0.0003,-0.697993506739537,0.5963460286458333,0.8304584132507443,0.26852941513061523,0.14623867,0.9971903562545776,-0.005752339372217345,0.2,0.09970700740814209,8740
1440,736.70285917,956.25,7471,876,10764288,0.0003,-0.6980551147212585,0.6732014973958333,0.41550183945025004,0.26832541823387146,0.20990677,0.997556209564209,-0.001103719076490961,0.2,0.08027490228414536,8750
1442,744.94057826,956.14,7472,877,10776576,0.0003,-0.7200200830896696,0.6703206380208333,0.3928793219539026,0.2692524790763855,0.19992729,0.9985391497612,0.003964525933649081,0.2,0.10778513550758362,8760
1443,741.30231761,956.14,7472,878,10788864,0.0003,-0.7748452791323265,0.677587890625,0.3995738457888365,0.2701183259487152,0.16579702,0.99875807762146,0.006456223405257333,0.2,0.10797131061553955,8770
1445,739.92259507,963.48,7472,879,10801152,0.0003,-0.8422819873938958,0.7063639322916667,0.5900749348724882,0.27234241366386414,0.1883765,0.9950438737869263,0.012169278730531611,0.2,0.23846150934696198,8780
1447,735.0380312000001,963.48,7472,880,10813440,0.0003,-0.907316072160999,0.6984944661458333,0.13772356922272594,0.27379539608955383,0.15788315,0.9991955161094666,0.025889889162256926,0.2,0.06405708193778992,8790
1448,726.6467656,949.64,7472,881,10825728,0.0003,-0.9484670426696539,0.6800211588541667,0.08410627440704653,0.27402445673942566,0.18519513,0.9996305108070374,0.006106872153759468,0.2,0.0008800625801086426,8800
1450,714.2742950400002,946.23,7472,882,10838016,0.0003,-0.9544198956340552,0.6213053385416667,0.7054172876911858,0.27390459179878235,0.18530369,0.9973476529121399,-0.0012971307956225549,0.2,0.08293849229812622,8810
1451,739.00756268,964.86,7472,883,10850304,0.0003,-0.9397129731873671,0.6439046223958333,0.825757353194058,0.27399033308029175,0.1747327,0.9968579411506653,-0.004446629638308271,0.2,0.1392855942249298,8820
1453,728.8696288399999,972.43,7473,884,10862592,0.0003,-0.9783964371929567,0.6691324869791667,0.21600602775191266,0.2751213312149048,0.1710221,0.9976400136947632,0.004230246837929978,0.2,0.03595549613237381,8830
1455,722.8083553999999,970.44,7473,885,10874880,0.0003,-1.0100067395716905,0.6276204427083333,0.47704020064945024,0.27547284960746765,0.122146346,0.9988887906074524,-0.004611472129666557,0.2,0.083778515458107,8840
1456,722.36511024,957.79,7473,886,10887168,0.0003,-1.068428744872411,0.6965901692708333,0.1632556882686913,0.2762611508369446,0.20511156,0.9991382956504822,0.007874333595585389,0.2,0.02265077829360962,8850
1458,724.0104110099998,957.79,7473,887,10899456,0.0003,-1.047636229544878,0.6416666666666667,1.1351129479861508,0.27535927295684814,0.1251902,0.9963394999504089,-0.005009815514980195,0.2,1.053659439086914,8860
1459,706.62919221,951.98,7474,888,10911744,0.0003,-1.043274564296007,0.6739583333333333,0.15148350784244638,0.27621689438819885,0.19234927,0.997568666934967,0.010445566898367058,0.2,0.05177539959549904,8870
1461,689.10030582,960.01,7474,889,10924032,0.0003,-1.0763519746561845,0.68173828125,0.21327957207492243,0.27685976028442383,0.20428306,0.9990040063858032,0.002668807076891729,0.2,0.08367903530597687,8880
1463,669.53422239,959.34,7474,890,10936320,0.0003,-1.0999052353203296,0.6334147135416667,0.08764774822629988,0.2771570384502411,0.14915572,0.9995485544204712,0.009010515513364226,0.2,0.037267353385686874,8890
1464,672.7572391400001,922.97,7474,891,10948608,0.0003,-1.1401830251018206,0.6456868489583333,0.19247687328606844,0.27827188372612,0.16383182,0.9986358880996704,-0.007986007467843592,0.2,0.014793485403060913,8900
1466,678.4915456400001,927.32,7474,892,10960896,0.0003,-1.151163121064504,0.630078125,0.5020817829916875,0.27803221344947815,0.15425144,0.9966303706169128,-0.008036014241224621,0.2,0.11718545854091644,8910
1467,687.6687809899998,934.08,7475,893,10973184,0.0003,-1.1487984684606394,0.6590494791666667,0.2657349940699836,0.27832671999931335,0.19792886,0.9988003373146057,-0.0007906187907792628,0.2,0.12722507119178772,8920
1469,665.20289332,909.57,7475,894,10985472,0.0003,-1.1774495946864287,0.677392578125,0.1273392264265567,0.2790409028530121,0.17236821,0.9993147253990173,0.006773904907458927,0.2,0.02145383507013321,8930
1471,678.2464750099998,905.39,7475,895,10997760,0.0003,-1.1666483064492543,0.5420979817708333,1.2799872670322656,0.2783470153808594,0.10846665,0.9892001748085022,-0.01862403625564184,0.2,0.33098942041397095,8940
1472,697.17290643,895.38,7475,896,11010048,0.0003,-1.1510692782700063,0.5728352864583334,2.2409044727683067,0.2780390679836273,0.1341565,0.9939416646957397,-0.014702505091554486,0.2,0.7820566296577454,8950
1474,700.30516336,902.63,7475,897,11022336,0.0003,-1.1462158538401126,0.6244059244791667,1.6805755083759626,0.27788642048835754,0.16414206,0.9954057335853577,-0.009861996412898104,0.2,0.6703646779060364,8960
1476,717.6111276000001,899.37,7475,898,11034624,0.0003,-1.1543464156488576,0.7057047526041667,2.5093061941986283,0.278638631105423,0.2286943,0.9958006739616394,0.006936496630563245,0.2,0.47354379296302795,8970
1477,714.3034764500001,914.24,7475,899,11046912,0.0003,-1.1791327528655529,0.6683919270833333,2.7945615742976466,0.27892908453941345,0.23377763,0.9939046502113342,0.0008805568014698413,0.2,0.7988288402557373,8980
1479,709.97081191,904.29,7475,900,11059200,0.0003,-1.2251629064480463,0.6947998046875,2.17203107252717,0.2803681492805481,0.22440825,0.9963486790657043,-0.0015226426245741702,0.2,0.9202364683151245,8990
1480,723.75883822,914.32,7475,901,11071488,0.0003,-1.3055401965975761,0.7666178385416667,0.7371115806202094,0.2826974093914032,0.3189486,0.9973359704017639,0.03451870930827378,0.2,0.3448827266693115,9000
1482,723.8255564599999,926.91,7475,902,11083776,0.0003,-1.37706069201231,0.6783203125,0.5219339861379315,0.28336453437805176,0.16717875,0.9954567551612854,0.03374989721439003,0.2,0.0552772581577301,9010
1484,714.36965333,922.16,7475,903,11096064,0.0003,-1.3921110185484091,0.6994710286458333,0.33009256740721565,0.2833237648010254,0.19267856,0.9971166253089905,0.006932387164367052,0.2,0.07716073840856552,9020
1485,711.96312496,920.93,7476,904,11108352,0.0003,-1.3743663462499778,0.6750162760416667,0.5265044012417396,0.28276926279067993,0.17501907,0.9950556755065918,-0.004548033217239815,0.2,0.6293846964836121,9030
1487,705.2631920399998,921.81,7476,905,11120640,0.0003,-1.3584881437321503,0.664453125,0.2393778104024629,0.2825726270675659,0.1662174,0.9988961815834045,0.0032682894147001208,0.2,0.041986964643001556,9040
1489,714.04691513,933.15,7476,906,11132928,0.0003,-1.3192157285908859,0.6327718098958334,0.4477791289798915,0.2816714942455292,0.14553039,0.9984384775161743,0.0008513893936954749,0.2,0.05111290514469147,9050
1490,716.65031294,945.65,7476,907,11145216,0.0003,-1.3083636447787286,0.6598714192708334,0.15060207297404607,0.2818789780139923,0.20191908,0.9995282292366028,0.010416096435801592,0.2,0.054185137152671814,9060
1492,747.70746471,950.3,7475,908,11157504,0.0003,-1.337642392764489,0.6591959635416667,0.13802074835790942,0.28319570422172546,0.16124648,0.999411940574646,0.003812500598238936,0.2,0.022725317627191544,9070
1494,743.72211698,942.39,7476,909,11169792,0.0003,-1.3533988128105798,0.6454915364583333,0.1845154107393076,0.28260165452957153,0.16676599,0.9994864463806152,-0.005766431364463642,0.2,0.05445859581232071,9080
1495,745.0928750400002,949.88,7476,910,11182080,0.0003,-1.3404823064804077,0.6163330078125,0.46103030927479266,0.2821851968765259,0.15537502,0.9960218667984009,-0.00898118147548909,0.2,0.06145242601633072,9090
1497,747.0731756500002,941.85,7475,911,11194368,0.0003,-1.317966208855311,0.6663411458333334,0.24442645705615482,0.2817741632461548,0.19822007,0.9986844062805176,-0.0026472696248674766,0.2,0.06222313642501831,9100
1499,739.23583723,948.32,7475,912,11206656,0.0003,-1.3126110278069973,0.5855550130208333,1.0110208535566927,0.28192847967147827,0.11988721,0.9962303042411804,-0.017248943269563218,0.2,0.18729083240032196,9110
1500,755.7297336799999,954.95,7475,913,11218944,0.0003,-1.3292255771656831,0.6955322265625,0.5314811871697506,0.28234413266181946,0.19147103,0.9970791935920715,0.009588968989555724,0.2,0.09489553421735764,9120
1502,720.9741417,944.64,7475,914,11231232,0.0003,-1.3539241460462412,0.6371175130208333,1.2261784100284179,0.28288501501083374,0.12150044,0.993690013885498,-0.0065397536382079124,0.2,0.28579604625701904,9130
1504,716.59765709,944.64,7475,915,11243520,0.0003,-1.3704331085085868,0.695751953125,0.856668024448057,0.28282806277275085,0.19523077,0.9959279894828796,0.004054223502559277,0.2,0.25353264808654785,9140
1505,690.56093044,944.64,7475,916,11255808,0.0003,-1.3834316658476988,0.7176595052083333,0.6054508206744988,0.2834918797016144,0.20677061,0.9975881576538086,0.015006895308033563,0.2,0.22690634429454803,9150
1507,700.6190695399997,959.85,7474,917,11268096,0.0003,-1.413811807334423,0.701025390625,0.2474575126543641,0.28414106369018555,0.1726582,0.9990137219429016,0.01096337373116209,0.2,0.10360600054264069,9160
1509,703.8628459099997,962.12,7474,918,11280384,0.0003,-1.444909456372261,0.6498291015625,0.28750306783864893,0.28490880131721497,0.17252319,0.9990308284759521,-0.011047515996809427,0.2,0.0668993592262268,9170
1510,695.0139911499999,963.41,7474,919,11292672,0.0003,-1.4578585190077622,0.6036539713541667,1.2305653680115938,0.28499308228492737,0.11959833,0.9940645098686218,-0.011362397897028132,0.2,0.28264787793159485,9180
1512,652.89048983,944.03,7473,920,11304960,0.0003,-1.440023445089658,0.5321695963541667,3.132073523849249,0.2847844958305359,0.10963127,0.9838728904724121,-0.018154267706995596,0.2,1.2342034578323364,9190
1514,661.70751907,937.51,7473,921,11317248,0.0003,-1.4275740330417952,0.6185384114583333,2.233924279982845,0.2844116985797882,0.14765806,0.9883192181587219,-0.01525346827499258,0.2,0.8158060908317566,9200
1515,642.30708608,935.59,7473,922,11329536,0.0003,-1.4402240335941314,0.7044596354166667,2.6323282488932214,0.28459811210632324,0.24152522,0.9909545183181763,0.007601136262625611,0.2,0.4732981026172638,9210
1517,617.5218883800001,928.92,7473,923,11341824,0.0003,-1.4575918957591056,0.6443929036458333,5.508527977019549,0.2848236858844757,0.1547268,0.9554917812347412,-0.0071926770334054405,0.2,1.9441159963607788,9220
1519,610.9831957,913.83,7473,924,11354112,0.0003,-1.4762599902848403,0.7204833984375,1.9921903156985838,0.2854820191860199,0.24322896,0.9875819683074951,0.01290300134763432,0.2,0.539042592048645,9230
1521,617.53243724,913.83,7472,925,11366400,0.0003,-1.5328232025106747,0.6786376953125,1.8372578208645185,0.28725501894950867,0.18553387,0.9914281368255615,-0.004254415846662596,0.2,0.4436437487602234,9240
1522,602.0552228199999,930.96,7472,926,11378688,0.0003,-1.6292249888181687,0.744140625,0.2335008012286077,0.2889357805252075,0.24840982,0.9988789558410645,0.02408921453607036,0.2,0.04664621502161026,9250
1524,620.2233414899999,932.68,7472,927,11390976,0.0003,-1.6763164428373178,0.6993570963541667,0.4250010948938628,0.2901817262172699,0.18434788,0.9986186623573303,0.01096953037485946,0.2,0.18917466700077057,9260
1525,654.2994550700001,956.18,7472,928,11403264,0.0003,-1.6919137507677078,0.6324625651041667,1.3810712727407615,0.2908387780189514,0.12892814,0.9950148463249207,-0.011694127879066703,0.2,0.6340391039848328,9270
1527,630.58770626,948.67,7473,929,11415552,0.0003,-1.7026530727744102,0.6106038411458333,3.8098073403040567,0.2909398674964905,0.1369351,0.9818962216377258,-0.014513429210637696,0.2,0.8515617251396179,9280
1529,629.8746362100001,930.56,7473,930,11427840,0.0003,-1.732552421092987,0.6920084635416667,1.173082976974547,0.29163455963134766,0.23370521,0.9942253828048706,-0.002584294623617704,0.2,0.4212774634361267,9290
1530,608.71092556,889.41,7473,931,11440128,0.0003,-1.741909528026978,0.5982259114583334,4.583904571086168,0.29168203473091125,0.11624239,0.9865603446960449,-0.012426908259900908,0.2,1.1976044178009033,9300
1532,591.69263555,866.88,7473,932,11452416,0.0003,-1.7480069987475872,0.68896484375,1.5241112568726143,0.29169562458992004,0.20205295,0.9940808415412903,-0.006537163606844842,0.2,0.2369598150253296,9310
1534,599.6396437999999,850.96,7473,933,11464704,0.0003,-1.7636092474063239,0.7358561197916667,0.43509701813260715,0.2920128405094147,0.26328376,0.9975153207778931,0.007494395280567308,0.2,0.13165520131587982,9320
1535,605.55503344,857.84,7473,934,11476992,0.0003,-1.8021590183178584,0.7118896484375,0.2865160622013112,0.2930167019367218,0.24067049,0.9989557266235352,0.003190870913870943,0.2,0.07349170744419098,9330
1537,607.6548602500001,852.77,7474,935,11489280,0.0003,-1.8406821385025978,0.6452311197916667,0.33271057065576315,0.2936616837978363,0.15778531,0.9987436532974243,-0.009381383791818129,0.2,0.08191447705030441,9340
1538,623.84826989,855.44,7473,936,11501568,0.0003,-1.8536695676545303,0.6137776692708333,0.8954477170792718,0.2936246693134308,0.1073139,0.9946683645248413,-0.007700707937571375,0.2,0.13612017035484314,9350
1540,622.55672791,861.11,7473,937,11513856,0.0003,-1.8584657912453015,0.6246175130208333,1.0417157204821705,0.293535977602005,0.15843399,0.9844798445701599,-0.010544894072518218,0.2,0.30085158348083496,9360
1542,639.51995638,894.36,7473,938,11526144,0.0003,-1.88719299385945,0.6760091145833333,0.5791527367817859,0.29429253935813904,0.22414319,0.9941940903663635,-0.004253723904063615,0.2,0.22714276611804962,9370
1543,663.5906256300001,938.74,7473,939,11538432,0.0003,-1.9379043253759543,0.7051676432291667,0.2620914204667012,0.2957615554332733,0.240381,0.99786776304245,-0.00019904572303251674,0.2,0.05742465332150459,9380
1545,666.3368788299999,947.44,7473,940,11550720,0.0003,-1.9634330973029137,0.6637858072916667,0.3160238208559652,0.29570654034614563,0.17428713,0.9982084035873413,-0.0045323225417329615,0.2,0.06422322988510132,9390
1547,650.2765220199999,955.65,7473,941,11563008,0.0003,-1.95451922416687,0.62978515625,0.6498033107879261,0.2958017587661743,0.15801893,0.9977943897247314,-0.00879596146357168,0.2,0.16934385895729065,9400
1548,648.1646848699999,948.17,7473,942,11575296,0.0003,-1.9959077551960944,0.6296468098958333,0.6641850631063183,0.2973252534866333,0.14454581,0.9970918297767639,-0.011881196105484075,0.2,0.21716171503067017,9410
1550,640.67998027,938.93,7473,943,11587584,0.0003,-2.0367106373111405,0.6708170572916666,0.27274743740757307,0.29772114753723145,0.1781363,0.9987660050392151,-0.004724002977794347,0.2,0.05748504027724266,9420
1552,653.49961013,953.92,7473,944,11599872,0.0003,-2.031214893857638,0.6028483072916667,1.8567248844541608,0.2976032793521881,0.13554288,0.9902918934822083,-0.006191415073893343,0.2,0.10129954665899277,9430
1553,670.7198210900001,956.75,7473,945,11612160,0.0003,-2.0390509203076363,0.6418782552083333,0.9287308842564622,0.29797837138175964,0.16074029,0.9936624765396118,-0.009579872211421996,0.2,0.4918885827064514,9440
1555,660.6031447900001,931.88,7473,946,11624448,0.0003,-2.0399352287252746,0.5481608072916667,4.754134487857422,0.2975074350833893,0.081666835,0.9720979928970337,-0.020908557997123958,0.2,2.4170703887939453,9450
1557,653.3495948999999,928.98,7473,947,11636736,0.0003,-2.036265476047993,0.6351399739583333,4.121594219654798,0.2976929843425751,0.14111139,0.9855895638465881,-0.009308634687719556,0.2,6.09220552444458,9460
1558,654.64249232,934.25,7473,948,11649024,0.0003,-2.060993885000547,0.670751953125,1.5820249126603205,0.2988511323928833,0.18204834,0.9928282499313354,-0.00623057853760353,0.2,0.582831859588623,9470
1560,640.4967196299999,927.44,7473,949,11661312,0.0003,-2.0939175094167393,0.6992513020833333,1.4531503032892943,0.29958686232566833,0.21712065,0.9959243535995483,-0.0039254530158359556,0.2,0.5996137857437134,9480
1561,642.11216136,931.0,7473,950,11673600,0.0003,-2.104944693048795,0.6720947265625,1.3403127044439316,0.2994886040687561,0.18650894,0.9905994534492493,-0.00829402514694569,0.2,0.34204575419425964,9490
1563,657.2064431499998,939.03,7473,951,11685888,0.0003,-2.127624792357286,0.7342610677083333,0.7657295014088352,0.3001834452152252,0.2797581,0.9976791739463806,0.0030603785780840553,0.2,0.251389741897583,9500
1565,652.9069309700001,939.03,7473,952,11698176,0.0003,-2.1450521796941757,0.6731608072916667,0.49959543279061713,0.30040791630744934,0.18960275,0.9981071949005127,-0.008058494456539242,0.2,0.16360634565353394,9510
1566,684.0331816300001,941.31,7473,953,11710464,0.0003,-2.154141044119994,0.6507161458333334,0.3769551002110044,0.30100616812705994,0.16621928,0.9974195957183838,-0.002635660364467185,0.2,0.10134394466876984,9520
1568,694.5796660899998,932.97,7473,954,11722752,0.0003,-2.189408942560355,0.6430338541666667,0.5784201465857526,0.3014933168888092,0.14483516,0.9975153803825378,-0.008240042811182017,0.2,0.23997926712036133,9530
1570,700.2447608700002,943.64,7473,955,11735040,0.0003,-2.1795832733313243,0.6308268229166667,0.9343681935220957,0.3008592426776886,0.15591119,0.9922567009925842,-0.01741840512355945,0.2,0.28921812772750854,9540
1571,692.32162727,927.7,7473,956,11747328,0.0003,-2.1667017643650373,0.6178304036458333,1.1177507624030114,0.30088165402412415,0.1255302,0.9970949292182922,-0.01184468862193171,0.2,0.2697322964668274,9550
1573,667.1049443999999,890.66,7474,957,11759616,0.0003,-2.1736521979173022,0.6859700520833333,0.42789347531894845,0.3009718060493469,0.19427367,0.9947597980499268,-0.0022461423897766506,0.2,0.07722519338130951,9560
1575,672.60579847,884.07,7474,958,11771904,0.0003,-2.154448391497135,0.625048828125,1.2881876866643627,0.3002338707447052,0.1375646,0.9916974306106567,-0.016410164175128254,0.2,0.6214203238487244,9570
1576,661.1510364699998,875.95,7473,959,11784192,0.0003,-2.169847363233566,0.6689371744791667,0.6460231228421132,0.3011574447154999,0.18522304,0.9972742199897766,-0.009274687648091156,0.2,0.28634610772132874,9580
1578,637.2135753499999,878.9,7473,960,11796480,0.0003,-2.186539873480797,0.6800374348958333,1.2295319732278585,0.3010823130607605,0.16807576,0.9965986609458923,-0.007107597235396194,0.2,0.4426352381706238,9590
1580,655.0000577899999,897.72,7473,961,11808768,0.0003,-2.1744389926393826,0.6749837239583333,1.8300047383954128,0.3007979094982147,0.21863191,0.9900317192077637,-0.010552565542942224,0.2,0.4567025899887085,9600
1581,656.70944229,897.72,7473,962,11821056,0.0003,-2.1915603255232177,0.6954508463541667,1.362979772935311,0.301501601934433,0.22837071,0.993198812007904,-0.006860724788081521,0.2,0.816639244556427,9610
1583,652.29690278,904.46,7473,963,11833344,0.0003,-2.1889796952406564,0.6985921223958333,0.6856471517433723,0.3010220527648926,0.21823968,0.9968886375427246,-0.008080166287254543,0.2,0.16037064790725708,9620
1585,673.5757228299999,938.11,7473,964,11845632,0.0003,-2.2026580080389975,0.6732991536458334,0.6266242907692988,0.3016837537288666,0.18092388,0.9972689747810364,-0.00645317162561696,0.2,0.24886417388916016,9630
1586,697.65157617,951.29,7473,965,11857920,0.0003,-2.1884966949621836,0.6380208333333334,1.0993459387992819,0.30075642466545105,0.13972002,0.9905527830123901,-0.016438191623698608,0.2,0.1997607797384262,9640
1588,674.0330831200001,942.18,7473,966,11870208,0.0003,-2.144553916156292,0.6720784505208334,0.7013248191525538,0.30035877227783203,0.19851844,0.9971411228179932,-0.006096500921800422,0.2,0.10188134014606476,9650
1590,657.5411076900001,929.52,7473,967,11882496,0.0003,-2.1448274979988735,0.6876708984375,0.47870848622793954,0.30009448528289795,0.20413499,0.994098424911499,-0.007513219676426767,0.2,0.13217641413211823,9660
1591,667.1101609000001,927.75,7472,968,11894784,0.0003,-2.129654860496521,0.6404378255208333,1.05122204516083,0.2999557554721832,0.15374888,0.993261992931366,-0.019433149104588664,0.2,0.4308334290981293,9670
1593,648.85305026,920.52,7472,969,11907072,0.0003,-2.1904691234230995,0.7305908203125,0.6129275288432836,0.3017056882381439,0.19903018,0.996916651725769,0.012158757357974536,0.2,0.1996835321187973,9680
1594,652.8983547899999,905.24,7472,970,11919360,0.0003,-2.237917849421501,0.6874837239583333,0.5322410258464515,0.30260440707206726,0.18986024,0.9981182813644409,-0.004559522922621303,0.2,0.19974297285079956,9690
1596,629.0815119299999,900.07,7473,971,11931648,0.0003,-2.235524475077788,0.6560791015625,0.7585906539733211,0.30239787697792053,0.16972375,0.9969999194145203,-0.008318420952127781,0.2,0.23784202337265015,9700
1598,613.35570863,898.86,7473,972,11943936,0.0003,-2.235143767297268,0.6696858723958333,0.9383030381674567,0.3024592697620392,0.17923355,0.989635169506073,-0.009859311731997878,0.2,0.15717658400535583,9710
1599,607.8487458000001,898.74,7473,973,11956224,0.0003,-2.258140500386556,0.6818440755208334,0.7567751627104978,0.3030853569507599,0.2161081,0.9931178092956543,-0.008306028425674109,0.2,0.18472883105278015,9720
1601,641.8107421299999,902.66,7473,974,11968512,0.0003,-2.292460945248604,0.7011637369791667,0.872772554308176,0.3042201101779938,0.17946358,0.9970933198928833,-0.00210816164908465,0.2,0.21974702179431915,9730
1603,645.18518794,903.63,7473,975,11980800,0.0003,-2.307098930080732,0.6911946614583333,0.4331858250622948,0.3036591112613678,0.19582413,0.997807502746582,-0.0058368205548807355,0.2,0.13694964349269867,9740
1604,637.19006134,896.41,7473,976,11993088,0.0003,-2.287975433965524,0.6803141276041667,0.45495463041588663,0.303559809923172,0.20838962,0.9974433779716492,-0.013643359504446078,0.2,0.1090383380651474,9750
1606,650.27141894,911.74,7473,977,12005376,0.0003,-2.3064466898639995,0.6744710286458333,0.456313243539383,0.303759902715683,0.16874246,0.9952483177185059,-0.009282397380835998,0.2,0.18491297960281372,9760
1608,657.14837382,913.08,7473,978,12017664,0.0003,-2.306320149699847,0.6595621744791667,0.9276193985715508,0.30400732159614563,0.16157652,0.9954886436462402,-0.013609273703574823,0.2,0.3360900282859802,9770
1609,669.9855424900001,889.98,7473,979,12029952,0.0003,-2.3136547630031905,0.6748942057291667,0.4823007986570398,0.30444827675819397,0.15746097,0.9979027509689331,-0.008162421222853785,0.2,0.13411372900009155,9780
1611,686.1563705899998,907.42,7472,980,12042240,0.0003,-2.3295307581623397,0.6303548177083333,0.9695535597701868,0.30436229705810547,0.14775956,0.9962918162345886,-0.016433047389728016,0.2,0.1924954056739807,9790
1613,649.2799790099999,904.8,7472,981,12054528,0.0003,-2.3505282883842784,0.7019205729166667,0.21406975582552454,0.3044505715370178,0.20540585,0.9993577003479004,-0.002961521186322595,0.2,0.015928804874420166,9800
1614,645.5752776600001,907.82,7473,982,12066816,0.0003,-2.3246640215317407,0.6611490885416667,0.41277185585349796,0.3032844364643097,0.15292384,0.9969764351844788,-0.011254751790935795,0.2,0.12066909670829773,9810
1616,616.8399293900001,899.97,7473,983,12079104,0.0003,-2.2796214774250982,0.656982421875,0.5628207521823545,0.3025504946708679,0.18032487,0.9976385831832886,-0.014334990255398831,0.2,0.1412697583436966,9820
1617,634.42629478,906.79,7473,984,12091392,0.0003,-2.28296389033397,0.687890625,0.17622449793852865,0.30288994312286377,0.19059658,0.998222827911377,-0.001775087158603128,0.2,0.019411228597164154,9830
1619,608.18714244,904.63,7473,985,12103680,0.0003,-2.2922509918610254,0.6535237630208334,0.33819966862599055,0.30289822816848755,0.16787733,0.9967054724693298,-0.008741328999167308,0.2,0.15281665325164795,9840
1621,621.3678519099999,923.68,7473,986,12115968,0.0003,-2.3129287620385486,0.6613037109375,0.48537651387353736,0.3037063181400299,0.17727087,0.9979469776153564,-0.008949799337036287,0.2,0.17412824928760529,9850
1622,612.6785330199999,924.69,7473,987,12128256,0.0003,-2.3173146789272625,0.5340983072916666,2.434665702904264,0.30356261134147644,0.09649446,0.9918035864830017,-0.023950243998357715,0.2,1.0261070728302002,9860
1624,603.6233401400001,903.28,7473,988,12140544,0.0003,-2.292444309592247,0.6906982421875,0.3405151426481704,0.3028179705142975,0.24897812,0.9979286193847656,-0.00659322297530404,0.2,0.03996510058641434,9870
1626,621.1915477799998,916.41,7473,989,12152832,0.0003,-2.276429084936778,0.6487548828125,0.8367058062925935,0.3026544153690338,0.18031435,0.9968693852424622,-0.0133064947091043,0.2,0.25959622859954834,9880
1627,618.3289499699999,911.48,7472,990,12165120,0.0003,-2.251108754674594,0.5473876953125,3.9243314440051713,0.30224496126174927,0.09863767,0.9843246936798096,-0.027675297558501673,0.2,1.0183265209197998,9890
1629,617.50716037,911.35,7472,991,12177408,0.0003,-2.2637905359268187,0.6566080729166667,2.5938207847376664,0.3024432361125946,0.14955758,0.983853280544281,-0.006725704897932398,0.2,0.9687988758087158,9900
1631,610.39591036,905.79,7471,992,12189696,0.0003,-2.2387812197208405,0.576953125,4.4084059245884415,0.30196613073349,0.11025994,0.9696975946426392,-0.01744950058152123,0.2,3.4382858276367188,9910
1633,595.32127473,905.02,7471,993,12201984,0.0003,-2.238776438931624,0.6339599609375,2.4416213747113944,0.30206063389778137,0.16034503,0.9861415028572083,-0.01644072881996787,0.2,0.7793211936950684,9920
1634,590.06703694,885.0,7471,994,12214272,0.0003,-2.2339767143130302,0.698828125,2.0822311400125426,0.30211541056632996,0.21948819,0.98868328332901,-0.0017233086230892998,0.2,0.5602170825004578,9930
1636,583.98627317,876.87,7471,995,12226560,0.0003,-2.276766348878543,0.7269775390625,1.2451007281740507,0.30349090695381165,0.24473326,0.9934021234512329,-0.0016579728903404127,0.2,0.4257531464099884,9940
1638,587.63587756,879.01,7471,996,12238848,0.0003,-2.3241650626063346,0.6892171223958333,1.2955957733094692,0.3039959967136383,0.19906317,0.9957815408706665,-0.009944636836007704,0.2,0.6081745028495789,9950
1639,594.20009314,891.1,7471,997,12251136,0.0003,-2.380135150750478,0.7626627604166667,0.38395228528728087,0.3054170310497284,0.27021775,0.9972103238105774,0.010984369230573065,0.2,0.08575162291526794,9960
1641,632.6653910399999,901.07,7471,998,12263424,0.0003,-2.4133148660262425,0.7006998697916667,0.39628859140599765,0.30573520064353943,0.19404185,0.998191773891449,0.002580270842978886,0.2,0.14439594745635986,9970
1642,651.26611215,905.01,7471,999,12275712,0.0003,-2.3904377326369284,0.6908365885416666,0.49732431064670285,0.3056012690067291,0.19882907,0.9984824657440186,-0.005080326223105658,0.2,0.09582898765802383,9980
1644,665.951535,917.35,7471,1000,12288000,0.0003,-2.4058720017472903,0.6678873697916666,0.6316494222109517,0.30590036511421204,0.16147485,0.9952791929244995,-0.014901759719941765,0.2,0.2196517139673233,9990
1646,655.2478003,922.45,7471,1001,12300288,0.0003,-2.4250402629375456,0.6569580078125,0.6924733132123947,0.30582356452941895,0.16788827,0.9911049604415894,-0.015115565661593186,0.2,0.1402093470096588,10000
1648,668.91336774,941.23,7471,1002,12312576,0.0003,-2.3865258639057476,0.6261881510416667,1.009666677688559,0.3046751916408539,0.13337146,0.9912557005882263,-0.01706190150337837,0.2,0.4272005259990692,10010
1649,691.1037564100001,957.61,7471,1003,12324864,0.0003,-2.3685410037636756,0.6518147786458334,0.6559944463893771,0.3044162094593048,0.16844971,0.9975529909133911,-0.015000383642230494,0.2,0.1238156333565712,10020
1651,686.6592713099999,969.63,7470,1004,12337152,0.0003,-2.365153896808624,0.6968424479166667,0.38927909058208265,0.30435648560523987,0.21018362,0.9982292056083679,-0.005221989711086886,0.2,0.07081107795238495,10030
1653,657.0149786799999,936.44,7470,1005,12349440,0.0003,-2.345700677732627,0.6781087239583333,0.465462715147684,0.30449411273002625,0.20720279,0.9977899789810181,-0.008631634318832463,0.2,0.20127052068710327,10040
1654,628.76058083,930.09,7470,1006,12361728,0.0003,-2.338461334009965,0.5613444010416667,1.228342122770846,0.303670197725296,0.10590472,0.9910433292388916,-0.02035225214907162,0.2,0.4204196631908417,10050
1656,604.6893459600001,908.51,7470,1007,12374016,0.0003,-2.354822300374508,0.6832926432291667,0.5177147861570119,0.30455490946769714,0.20211172,0.9984093308448792,-0.00848255006421823,0.2,0.13654367625713348,10060
1657,632.3332617199999,912.3,7470,1008,12386304,0.0003,-2.3573222930232682,0.6280110677083334,1.3758491440365712,0.3039589822292328,0.13962135,0.9924869537353516,-0.01784434602353334,0.2,0.43206873536109924,10070
1659,622.80687127,885.08,7470,1009,12398592,0.0003,-2.3475076392292977,0.7024169921875,0.7655989296734333,0.3037543296813965,0.19153766,0.9975067377090454,-0.0015210486739912692,0.2,0.3083067834377289,10080
1661,574.76174994,868.51,7470,1010,12410880,0.0003,-2.335813077787558,0.6179117838541667,2.161946331957976,0.30355319380760193,0.12855212,0.9889256954193115,-0.02387321664088328,0.2,0.9215260744094849,10090
1663,606.0266462799999,867.46,7470,1011,12423168,0.0003,-2.3795319413145384,0.6853515625,1.664407916367054,0.30447688698768616,0.17991869,0.9932342171669006,-0.010405997834944477,0.2,0.5592721104621887,10100
1664,612.14080329,871.12,7470,1012,12435456,0.0003,-2.378500396509965,0.7147216796875,0.44255977661038437,0.3045911490917206,0.22343402,0.9979079365730286,-0.003262124965355421,0.2,0.1455666869878769,10110
1666,617.87799163,878.69,7470,1013,12447744,0.0003,-2.411451719204585,0.6861409505208333,0.5297989055514336,0.30489739775657654,0.21513002,0.9978147149085999,-0.016892576384513327,0.2,0.1694316267967224,10120
1667,622.8949844900001,868.42,7470,1014,12460032,0.0003,-2.447768831749757,0.7067789713541667,0.45430725437278546,0.306600958108902,0.2314234,0.9972872734069824,0.0009517443686490878,0.2,0.11310816556215286,10130
1669,617.7894901100001,862.64,7470,1015,12472320,0.0003,-2.453087351222833,0.633203125,0.6600967733189463,0.3055465817451477,0.14788225,0.9955738186836243,-0.020043284243244367,0.2,0.23544585704803467,10140
1671,611.5594271800001,861.52,7470,1016,12484608,0.0003,-2.400192694365978,0.6699788411458333,0.8672754152988394,0.3044094443321228,0.16416177,0.9955155849456787,-0.01642587885435205,0.2,0.1821548491716385,10150
1672,652.81813254,873.69,7469,1017,12496896,0.0003,-2.3771131709218025,0.6226806640625,1.1365309733276565,0.3040677011013031,0.13603966,0.9957325458526611,-0.021415491821729422,0.2,0.2878660261631012,10160
1674,616.27881164,849.04,7469,1018,12509184,0.0003,-2.352992993593216,0.6368408203125,1.3447282576312622,0.30308783054351807,0.16173083,0.9958577752113342,-0.01867288513215802,0.2,0.3749265670776367,10170
1676,602.0030521499999,843.63,7469,1019,12521472,0.0003,-2.323778949677944,0.6888264973958333,1.5567791132877271,0.30281713604927063,0.21068628,0.9934754371643066,-0.014112257242474394,0.2,0.5902306437492371,10180
1678,580.51268974,833.72,7469,1020,12533760,0.0003,-2.3194818293054897,0.6315022786458333,2.188787273441752,0.3025803565979004,0.15249167,0.9858551025390625,-0.019334031529918624,0.2,0.46144038438796997,10190
1679,556.4924217,833.0,7469,1021,12546048,0.0003,-2.3498429785172146,0.7279459635416666,0.8212171170860529,0.3037966787815094,0.21633911,0.9960394501686096,0.005253909347811714,0.2,0.23594807088375092,10200
1681,553.81237277,835.89,7469,1022,12558336,0.0003,-2.3779391487439474,0.6746744791666667,1.6050098185737929,0.3046381175518036,0.17336072,0.9942101240158081,-0.018241978636554752,0.2,0.7020981311798096,10210
1683,583.347265,853.92,7469,1023,12570624,0.0003,-2.3825416420896848,0.6174397786458333,2.4385756285240254,0.3042033314704895,0.14296092,0.9934712648391724,-0.024946538787238143,0.2,1.0536553859710693,10220
1684,540.32691403,821.99,7468,1024,12582912,0.0003,-2.415400801599026,0.6642659505208334,2.577673711379369,0.30574801564216614,0.1630189,0.9910918474197388,-0.013509484004074087,0.2,1.1277363300323486,10230
1686,542.3000685800001,794.67,7468,1025,12595200,0.0003,-2.4339792003234226,0.5357828776041667,6.487966472407182,0.305978387594223,0.09417825,0.9867947101593018,-0.033093810086332574,0.2,1.6059987545013428,10240
1688,548.94984256,787.28,7468,1026,12607488,0.0003,-2.4645991678039234,0.6832926432291667,2.8430371299386024,0.30659055709838867,0.1847012,0.9929887652397156,-0.012164021449279971,0.2,0.9282594919204712,10250
1689,497.2482054299999,722.4,7468,1027,12619776,0.0003,-2.4336793849865597,0.6232177734375,4.237070303410292,0.30564528703689575,0.15161721,0.9905523061752319,-0.02604755819096075,0.2,1.6849008798599243,10260
1691,434.63651918000005,649.05,7468,1028,12632064,0.0003,-2.4153775547941527,0.525634765625,8.768469798068205,0.3055395781993866,0.08434835,0.9819454550743103,-0.03744049240000701,0.2,2.664581775665283,10270
1693,426.10886547999996,631.83,7467,1029,12644352,0.0003,-2.416400941212972,0.5038411458333333,16.641750203569732,0.30588823556900024,0.078200154,0.9564542174339294,-0.03745934986703408,0.2,8.781574249267578,10280
1694,377.20700075,608.96,7467,1030,12656640,0.0003,-2.4137837037444116,0.5812418619791667,10.000089506308237,0.3057595193386078,0.11982555,0.9750468730926514,-0.02892813383950852,0.2,2.5610854625701904,10290
1696,350.87748651999993,582.95,7467,1031,12668928,0.0003,-2.4150132551789283,0.6127115885416666,9.12600758721431,0.305666983127594,0.13986808,0.9856097102165222,-0.024962044204585254,0.2,2.3728599548339844,10300
1698,348.20304339999996,584.73,7467,1032,12681216,0.0003,-2.40310380111138,0.6384358723958333,20.106922650337218,0.30529409646987915,0.18112285,0.9695436954498291,-0.020599122707305167,0.2,5.3120551109313965,10310
1699,386.91419181,625.26,7467,1033,12693504,0.0003,-2.3972268382708233,0.699853515625,9.996972780426344,0.30530866980552673,0.19672428,0.9568676948547363,-0.009240218813647515,0.2,4.133492469787598,10320
1701,378.89665432999993,620.18,7467,1034,12705792,0.0003,-2.4159209460020064,0.707568359375,6.988394598166148,0.30616840720176697,0.2054122,0.9850244522094727,-0.007624508764517183,0.2,3.6154556274414062,10330
1703,384.87076207999996,619.27,7467,1035,12718080,0.0003,-2.4824521919091542,0.7694091796875,4.8956694985429445,0.3076663315296173,0.29645008,0.990215539932251,0.016818218499732515,0.2,1.5837960243225098,10340
1704,407.79784428999994,643.18,7467,1036,12730368,0.0003,-2.5158466453353565,0.7170003255208334,4.940485125780105,0.30796679854393005,0.21866308,0.9896409511566162,-0.01413596818165388,0.2,1.311721920967102,10350
1706,438.0475101299999,678.89,7467,1037,12742656,0.0003,-2.522590872148673,0.6982991536458333,4.527113019923369,0.30850791931152344,0.20183252,0.989494800567627,-0.004049027358511618,0.2,1.7907342910766602,10360
1708,455.0307817200001,703.94,7467,1038,12754944,0.0003,-2.5402386352419852,0.6594970703125,7.757710295418899,0.30898115038871765,0.16304176,0.9708026051521301,-0.00665416205204868,0.2,2.710016965866089,10370
1709,448.10902543000003,716.43,7467,1039,12767232,0.0003,-2.596197965244452,0.7607991536458333,3.0249289025863013,0.30933240056037903,0.24556576,0.976482093334198,0.013285503362809929,0.2,1.2139042615890503,10380
1711,484.87904240000006,746.13,7467,1040,12779520,0.0003,-2.608819629748662,0.7557291666666667,0.8210339282328883,0.30992159247398376,0.2795473,0.9961431622505188,0.01985153413018755,0.2,0.1710645705461502,10390
1713,528.5084778900001,787.18,7467,1041,12791808,0.0003,-2.6366957306861876,0.6725911458333333,1.289211212595304,0.31063249707221985,0.18286513,0.9940435290336609,-0.014800753686965132,0.2,0.3942732512950897,10400
1714,522.1406479999999,789.78,7466,1042,12804096,0.0003,-2.6248113706707956,0.7099934895833333,0.8794017903506756,0.3105500340461731,0.22729723,0.9943702220916748,-0.0007023292855592445,0.2,0.201088085770607,10410
1716,529.36858784,775.56,7466,1043,12816384,0.0003,-2.6174260884523393,0.61357421875,2.081842844436566,0.30959177017211914,0.13849868,0.9934422969818115,-0.028748295495461207,0.2,0.5032331943511963,10420
1718,543.4498688,774.52,7466,1044,12828672,0.0003,-2.5893324236075084,0.6559733072916667,1.1438942447925606,0.30925387144088745,0.17805962,0.9915806651115417,-0.012986014657993412,0.2,0.28817105293273926,10430
1719,516.3266459399999,715.44,7466,1045,12840960,0.0003,-2.6143610194325446,0.6925537109375,0.6252493698149919,0.3108126223087311,0.21093887,0.9965432286262512,-0.004274662625781881,0.2,0.1637527048587799,10440
1721,494.55945102,697.91,7466,1046,12853248,0.0003,-2.6074685235818227,0.6715413411458333,0.9218404931947589,0.30951252579689026,0.16734934,0.995160698890686,-0.013641124098891547,0.2,0.2238507717847824,10450
1723,511.35875723999993,695.51,7466,1047,12865536,0.0003,-2.572287191450596,0.6440022786458334,0.9212055326749881,0.3086174428462982,0.16282202,0.9945842027664185,-0.01685554490395589,0.2,0.19397786259651184,10460
1724,559.98234685,749.8,7466,1048,12877824,0.0003,-2.5528487851222357,0.6820556640625,0.4529856381937861,0.3086557388305664,0.18987958,0.9975593090057373,-0.006598697165221286,0.2,0.11317192018032074,10470
1726,569.0489921999999,771.29,7466,1049,12890112,0.0003,-2.5434895048538846,0.6387044270833333,0.838403346699973,0.3081488311290741,0.16585797,0.9935721755027771,-0.016664392778572314,0.2,0.19284746050834656,10480
1728,613.05097978,790.27,7466,1050,12902400,0.0003,-2.518359818557898,0.6487955729166667,0.6568691458553075,0.30753543972969055,0.17120026,0.9972760081291199,-0.01773828051276117,0.2,0.23493865132331848,10490
1729,600.2618315999999,798.09,7466,1051,12914688,0.0003,-2.49578545888265,0.6488525390625,0.5645171438343823,0.30672213435173035,0.16834551,0.9976213574409485,-0.019403268397824528,0.2,0.07940776646137238,10500
1731,628.59601256,840.39,7466,1052,12926976,0.0003,-2.486791455745697,0.6176513671875,0.939363768696785,0.3064750134944916,0.13863565,0.9918266534805298,-0.015380372205011856,0.2,0.11737345159053802,10510
1733,680.58188895,874.65,7465,1053,12939264,0.0003,-2.4734695235888164,0.6822672526041667,0.5256653049960732,0.305789977312088,0.17782672,0.9965441226959229,-0.009204259235411882,0.2,0.08781000971794128,10520
1734,685.2155111699998,885.66,7465,1054,12951552,0.0003,-2.4685119385520617,0.6647298177083333,0.5404806906357408,0.3056691884994507,0.17307238,0.9971297979354858,-0.016466610661397377,0.2,0.11361934244632721,10530
1736,665.1660005599999,891.65,7465,1055,12963840,0.0003,-2.455405833820502,0.6652018229166666,0.6030140457674861,0.3056437075138092,0.16441442,0.9957364201545715,-0.01229852752488417,0.2,0.16278468072414398,10540
1738,652.81251341,892.63,7465,1056,12976128,0.0003,-2.483944041033586,0.6614990234375,0.8306387731184562,0.3063300549983978,0.15483381,0.9957672357559204,-0.010459679693061238,0.2,0.2847173511981964,10550
1739,654.65480802,894.47,7465,1057,12988416,0.0003,-2.4692950705687204,0.5033528645833333,5.628910843282938,0.30549752712249756,0.08357867,0.982536256313324,-0.029340971288426467,0.2,1.7439903020858765,10560
1741,688.36865947,925.59,7465,1058,13000704,0.0003,-2.489596591889858,0.6134602864583333,2.2534631909181675,0.3063673973083496,0.11976189,0.9819406867027283,-0.013930463803505214,0.2,0.3837990164756775,10570
1743,706.6380889899999,929.42,7465,1059,13012992,0.0003,-2.5046260143319765,0.6606282552083333,1.4702728954454263,0.30668896436691284,0.16134523,0.9907625317573547,-0.013578859702586972,0.2,0.35848718881607056,10580
1744,723.90780682,927.67,7465,1060,13025280,0.0003,-2.526394767065843,0.7009928385416667,0.6492719690625867,0.30703648924827576,0.20397432,0.9949339032173157,-0.007455437503328236,0.2,0.19920560717582703,10590
1746,695.6543601500002,936.76,7465,1061,13037568,0.0003,-2.52441894809405,0.6257893880208333,1.456867414712906,0.30713245272636414,0.18840657,0.9921725392341614,-0.019679317413829268,0.2,0.42874348163604736,10600
1748,721.4485819200002,949.24,7465,1062,13049856,0.0003,-2.509392018119494,0.6833089192708334,0.7678010322153568,0.30651095509529114,0.19780712,0.9978850483894348,-0.010784992336023909,0.2,0.2996305227279663,10610
1749,742.88700584,948.24,7465,1063,13062144,0.0003,-2.498024539152781,0.66953125,1.03925202699999,0.30619320273399353,0.17873587,0.9970194101333618,-0.012588573656103108,0.2,0.3227651119232178,10620
1751,734.9692643599999,947.16,7465,1064,13074432,0.0003,-2.5157085890571276,0.6671793619791667,1.3073291979730128,0.3069688379764557,0.16504316,0.9955224990844727,-0.013589402599609456,0.2,0.5178249478340149,10630
1753,680.8950155800001,932.21,7465,1065,13086720,0.0003,-2.5211058368285495,0.6400390625,1.1618704326450824,0.3067895174026489,0.15959334,0.9912445545196533,-0.011984619361464865,0.2,0.3668287396430969,10640
1754,633.3464866,907.95,7465,1066,13099008,0.0003,-2.5088339482744533,0.5811116536458333,2.5434422507882117,0.30658724904060364,0.12133217,0.9801490902900696,-0.02272780613323751,0.2,0.7002164125442505,10650
1756,544.18367128,848.23,7465,1067,13111296,0.0003,-2.4906391113996507,0.6135904947916667,1.86968788318336,0.30554723739624023,0.15438569,0.9865984916687012,-0.022307100166896514,0.2,0.650307297706604,10660
1757,466.29088581999997,796.8,7465,1068,13123584,0.0003,-2.4677732696135837,0.48033040364583335,12.401962269345919,0.30582866072654724,0.07585596,0.942245364189148,-0.033570252554879214,0.2,2.7891454696655273,10670
1759,409.65528792,760.17,7465,1069,13135872,0.0003,-2.4586919302741688,0.5523600260416667,8.284871964653332,0.30490466952323914,0.105125256,0.9772727489471436,-0.03651507267495617,0.2,2.604177474975586,10680
1761,403.01572678000014,748.26,7465,1070,13148160,0.0003,-2.4294197728236515,0.5381591796875,19.93356059292952,0.3044387102127075,0.07825382,0.9105954766273499,-0.032273574059945534,0.2,6.995214939117432,10690
1762,362.10186314,697.79,7465,1071,13160448,0.0003,-2.432859283188979,0.5694091796875,8.878223705788454,0.30470263957977295,0.09806794,0.9680790901184082,-0.028865371332115804,0.2,2.6659913063049316,10700
1764,333.1500307,654.29,7464,1072,13172736,0.0003,-2.430857064326604,0.5595052083333333,12.795802983641625,0.3049536645412445,0.098681055,0.9518607258796692,-0.03781933689897414,0.2,4.602898597717285,10710
1766,357.36514154,695.37,7464,1073,13185024,0.0003,-2.458291539053122,0.6231689453125,13.156894971927008,0.3053203523159027,0.13890043,0.9467769265174866,-0.024809650869186347,0.2,3.434386730194092,10720
1768,329.77322608000003,669.39,7464,1074,13197312,0.0003,-2.455042364199956,0.6042561848958333,13.531060847640038,0.3052067458629608,0.13631257,0.9398617148399353,-0.02610021596386408,0.2,4.723781585693359,10730
1769,336.09822705,683.59,7463,1075,13209600,0.0003,-2.422436470290025,0.6057210286458333,17.43713134129842,0.3042093515396118,0.134764,0.9404717087745667,-0.02250419693106475,0.2,5.157663345336914,10740
1771,322.56504665999995,682.32,7463,1076,13221888,0.0003,-2.4020297770698864,0.5572184244791667,27.07914334932963,0.3034541606903076,0.08260962,0.8788213729858398,-0.02684563859559906,0.2,10.675346374511719,10750
1773,339.17493126999995,715.61,7463,1077,13234176,0.0003,-2.390486733118693,0.6780598958333334,9.986069878439109,0.3035074770450592,0.24977712,0.957754909992218,-0.015210291942154678,0.2,3.9444992542266846,10760
1774,381.84560949999997,745.94,7463,1078,13246464,0.0003,-2.444563639163971,0.807421875,4.489682348320882,0.3048173487186432,0.36086583,0.9787077903747559,0.03997838281356962,0.2,1.4685254096984863,10770
1776,405.22364174,772.73,7463,1079,13258752,0.0003,-2.49795869042476,0.7646728515625,2.4626164831221105,0.3066873550415039,0.31503943,0.9780716300010681,0.024105715220503043,0.2,0.7603586912155151,10780
1778,443.67237519,794.82,7463,1080,13271040,0.0003,-2.5678726161519685,0.7572265625,1.453908637414376,0.3076138496398926,0.29866737,0.9885977506637573,0.027636272016873895,0.2,0.5871825814247131,10790
1779,481.7562743100001,829.04,7463,1081,13283328,0.0003,-2.566586348414421,0.6875651041666667,1.710166356091698,0.3072832226753235,0.20970161,0.9884825944900513,-0.013658436183080387,0.2,0.4867784082889557,10800
1781,503.14438226000004,849.42,7463,1082,13295616,0.0003,-2.5689451431234676,0.6735107421875,1.5099005435903867,0.3077389895915985,0.20842707,0.9891886711120605,-0.01086440032571166,0.2,0.5545210242271423,10810
1783,541.2654087299999,865.69,7463,1083,13307904,0.0003,-2.5926697224378588,0.6979736328125,0.6827283487344782,0.30852100253105164,0.2145253,0.9942473769187927,-0.0015439007125678471,0.2,0.16245628893375397,10820
1784,578.7134851300001,892.38,7463,1084,13320192,0.0003,-2.5916728685299555,0.6367106119791667,1.6910482589155436,0.30810150504112244,0.16467114,0.986875593662262,-0.01835482647487273,0.2,0.47428587079048157,10830
1786,601.0867422499999,900.59,7463,1085,13332480,0.0003,-2.5732838094234465,0.6601236979166667,0.8369870308786631,0.3075196444988251,0.19322939,0.9821520447731018,-0.009721893916139378,0.2,0.2833672761917114,10840
1788,618.35705374,900.83,7463,1086,13344768,0.0003,-2.559289221465588,0.6544026692708333,0.9296558906634649,0.30705320835113525,0.18353613,0.9902845025062561,-0.00750779463754346,0.2,0.3652859628200531,10850
1789,626.9973135900001,906.8,7463,1087,13357056,0.0003,-2.551906297604243,0.6492919921875,0.8644465163970987,0.3071071207523346,0.18483661,0.9921268224716187,-0.016980083916375104,0.2,0.2802734673023224,10860
1791,629.93271002,904.4,7463,1088,13369344,0.0003,-2.5482262507081033,0.6715657552083333,0.6026113761588932,0.3068006634712219,0.20121513,0.9939403533935547,-0.009744638512590125,0.2,0.13245707750320435,10870
1792,641.78458376,901.99,7463,1089,13381632,0.0003,-2.556693532069524,0.6470052083333333,0.9112156845008333,0.3063848912715912,0.17578846,0.9914761185646057,-0.014782795538000453,0.2,0.20090721547603607,10880
1794,642.4573583,909.61,7463,1090,13393920,0.0003,-2.5240502019723254,0.5962158203125,1.7336843856920798,0.30520346760749817,0.13789566,0.978056013584137,-0.025227052696088017,0.2,0.38239696621894836,10890
1796,650.1180086399999,911.67,7463,1091,13406208,0.0003,-2.4693430617451666,0.6688720703125,0.7914245933294296,0.30413785576820374,0.223054,0.9962037205696106,-0.016525772451617134,0.2,0.1807371824979782,10900
1797,666.7396751299999,920.97,7463,1092,13418496,0.0003,-2.4517738689978916,0.6470296223958333,1.164603971193234,0.30374887585639954,0.17308258,0.9935634136199951,-0.020242693813634104,0.2,0.3423202931880951,10910
1799,640.73764012,920.34,7463,1093,13430784,0.0003,-2.4378364900747935,0.6746175130208333,0.637067551848789,0.30363860726356506,0.20051843,0.9933876991271973,-0.011791026316738376,0.2,0.23434579372406006,10920
1801,646.6490508200001,927.9,7463,1094,13443072,0.0003,-2.431956246495247,0.642724609375,1.7022157444308201,0.30318596959114075,0.16660653,0.9907381534576416,-0.010061915374535602,0.2,0.6124919652938843,10930
1802,622.17958768,914.94,7463,1095,13455360,0.0003,-2.4320705235004425,0.6903238932291667,0.48778811761488516,0.30379733443260193,0.21270019,0.997098445892334,-0.008761761301138904,0.2,0.13439130783081055,10940
1804,640.0773942899999,928.78,7463,1096,13467648,0.0003,-2.418173379202684,0.6415120442708333,0.8381324151530862,0.30278030037879944,0.16879337,0.9944661855697632,-0.020654381735948846,0.2,0.2642143964767456,10950
1806,644.2286502600001,923.36,7463,1097,13479936,0.0003,-2.422597753504912,0.6823160807291667,0.7059415991728505,0.30351722240448,0.2015353,0.9948151111602783,-0.011471276513960522,0.2,0.19244208931922913,10960
1807,642.6119745300001,916.96,7462,1098,13492224,0.0003,-2.4117246831456822,0.6601643880208333,0.7159342104569077,0.302863210439682,0.18799566,0.9937568306922913,-0.019765746091434267,0.2,0.18477541208267212,10970
1809,614.64536593,890.53,7462,1099,13504512,0.0003,-2.401284712553024,0.6625162760416666,0.9090634061023593,0.3028576672077179,0.17290854,0.9919494986534119,-0.014384249263093807,0.2,0.25991278886795044,10980
1811,618.95517712,884.48,7462,1100,13516800,0.0003,-2.3906272227565446,0.5443440755208333,3.89037139415741,0.3022788465023041,0.10186106,0.985984742641449,-0.03520566661124273,0.2,1.2263678312301636,10990
1812,615.77424936,875.0,7462,1101,13529088,0.0003,-2.3778122047583263,0.6965901692708333,1.1897531546652318,0.30187901854515076,0.23376775,0.9952213764190674,-0.01288435461562282,0.2,0.2582216262817383,11000
1814,623.44141676,875.23,7462,1102,13541376,0.0003,-2.3824970737099647,0.6650227864583333,1.357734937593341,0.30175328254699707,0.20430726,0.990140974521637,-0.01678039897912337,0.2,0.30828309059143066,11010
1816,626.30946438,882.31,7462,1103,13553664,0.0003,-2.3729554827014607,0.6847005208333333,1.1318961349626382,0.3014502227306366,0.21247916,0.9954627752304077,-0.010591669288017632,0.2,0.22565148770809174,11020
1817,587.9808770000001,869.78,7462,1104,13565952,0.0003,-2.3677284151315687,0.725927734375,0.5963304163267215,0.30131927132606506,0.24687295,0.9970670938491821,-0.0035821762789661686,0.2,0.18823234736919403,11030
1819,581.78546082,887.66,7462,1105,13578240,0.0003,-2.3482447296380995,0.6193359375,1.1521672651792565,0.30078935623168945,0.16857786,0.9909245371818542,-0.015667215160404643,0.2,0.24522989988327026,11040
1821,587.93226515,899.54,7462,1106,13590528,0.0003,-2.3475256741046904,0.648046875,1.2566449310009677,0.30071091651916504,0.16515823,0.9896988868713379,-0.014789114157125974,0.2,0.3473181426525116,11050
1822,579.27344005,898.24,7462,1107,13602816,0.0003,-2.34042961448431,0.7208740234375,0.6264367746810119,0.3005872070789337,0.20876038,0.9958333373069763,-0.0005207997164689004,0.2,0.13007107377052307,11060
1824,578.8632622100001,904.48,7462,1108,13615104,0.0003,-2.306183855732282,0.5457763671875,2.633107250928879,0.29978087544441223,0.09094488,0.9831607937812805,-0.025027886761624055,0.2,0.9857118725776672,11070
1826,575.09964597,906.81,7462,1109,13627392,0.0003,-2.299015196164449,0.6317545572916666,1.8730140004307032,0.2999952435493469,0.13912266,0.9897439479827881,-0.017066643330811832,0.2,1.0306212902069092,11080
1827,568.6779085600001,902.78,7462,1110,13639680,0.0003,-2.295522979895274,0.6353922526041667,2.120859267935157,0.2998448312282562,0.1716006,0.9894834160804749,-0.020397143421481207,0.2,0.44444572925567627,11090
1829,577.5567766700001,907.9,7462,1111,13651968,0.0003,-2.295058021446069,0.637255859375,2.6376461437592904,0.29955172538757324,0.19280922,0.9821591973304749,-0.014694929523587537,0.2,1.3194780349731445,11100
1830,589.89552926,914.01,7462,1112,13664256,0.0003,-2.3308079396684964,0.7554850260416667,0.8379070120553176,0.3006630837917328,0.24857338,0.99390709400177,0.019015862938734546,0.2,0.2100832313299179,11110
1832,589.6163116600001,927.25,7462,1113,13676544,0.0003,-2.370976584156354,0.7188802083333333,0.43534879103923835,0.301950067281723,0.23204549,0.9950817823410034,0.004320560706158479,0.2,0.11901837587356567,11120
1834,583.20982194,910.89,7462,1114,13688832,0.0003,-2.419673965871334,0.7032552083333333,0.8359818268567324,0.30287444591522217,0.1888057,0.9937506914138794,-0.0004411569107711936,0.2,0.23598314821720123,11130
1835,630.7677535,936.39,7463,1115,13701120,0.0003,-2.424162776271502,0.4776529947916667,3.462609628215432,0.3026128113269806,0.073528096,0.984717607498169,-0.03343819143871466,0.2,1.188076138496399,11140
1837,619.43610834,935.18,7462,1116,13713408,0.0003,-2.4165429145097734,0.5566975911458333,3.689173675576846,0.3027021586894989,0.11288279,0.9877338409423828,-0.026992435579692633,0.2,1.4624446630477905,11150
1839,611.5867023599999,943.25,7462,1117,13725696,0.0003,-2.4069942742586137,0.6177001953125,3.240555982043346,0.3021353483200073,0.1593108,0.9857198596000671,-0.01717470936564496,0.2,0.9169126749038696,11160
1840,642.55858957,943.49,7462,1118,13737984,0.0003,-2.408635693291823,0.6622802734375,2.1264450637002787,0.3028208017349243,0.17020631,0.9911489486694336,-0.013512713232194074,0.2,0.5675210952758789,11170
1842,641.50278957,949.09,7462,1119,13750272,0.0003,-2.3925258298714955,0.6920654296875,1.7805676424254975,0.3017766773700714,0.22242302,0.990953803062439,-0.009137966790391753,0.2,0.5088160037994385,11180
1844,625.0399902899999,949.09,7462,1120,13762560,0.0003,-2.4410631398359937,0.76455078125,0.5558195610841116,0.30316945910453796,0.29191837,0.995012104511261,0.015188096178462729,0.2,0.20506355166435242,11190
1845,618.61695214,942.79,7463,1121,13774848,0.0003,-2.452643647789955,0.6991455078125,0.5534082044536869,0.30327925086021423,0.20530288,0.9957391023635864,0.0022379033786516325,0.2,0.17432652413845062,11200
1847,628.64512621,963.55,7463,1122,13787136,0.0003,-2.4639366363485653,0.6703206380208333,0.8038455460220575,0.30381280183792114,0.22710137,0.993735671043396,-0.008173581593049069,0.2,0.21783053874969482,11210
1849,599.9356884399998,954.99,7463,1123,13799424,0.0003,-2.4843284115195274,0.6804117838541667,0.4719080458395183,0.3041723370552063,0.25412917,0.9949406981468201,-0.01158428587562715,0.2,0.14207398891448975,11220
1850,628.4055036499999,959.62,7463,1124,13811712,0.0003,-2.4692959611614547,0.6426920572916667,0.6136978170524041,0.30349287390708923,0.17332864,0.9957636594772339,-0.01654437927087808,0.2,0.1240454763174057,11230
1852,623.24986136,953.27,7463,1125,13824000,0.0003,-2.488196028272311,0.6922200520833334,0.5021814520160357,0.304171085357666,0.19996421,0.9974810481071472,-0.011372185657091905,0.2,0.14881785213947296,11240
1853,623.1649651700002,956.68,7463,1126,13836288,0.0003,-2.4907176022728286,0.6451497395833333,0.9438776435951391,0.30402034521102905,0.15746158,0.9940468072891235,-0.02595162942986159,0.2,0.33755841851234436,11250
1855,639.8067264399999,951.73,7463,1127,13848576,0.0003,-2.473692853252093,0.6433349609375,1.5532086747388045,0.3035072982311249,0.15238018,0.9933388829231262,-0.014267103941529058,0.2,0.5007911324501038,11260
1857,672.0447017200001,951.73,7463,1128,13860864,0.0003,-2.46447324603796,0.6812581380208333,0.7485873185719053,0.30340713262557983,0.19828434,0.9965914487838745,-0.0134999661075805,0.2,0.22307467460632324,11270
1858,684.6592941700001,950.38,7463,1129,13873152,0.0003,-2.48258305589358,0.6897623697916667,0.5182543688764175,0.30374598503112793,0.19570176,0.9986633658409119,-0.00890481196596132,0.2,0.14825326204299927,11280
1860,710.45184052,949.46,7463,1130,13885440,0.0003,-2.4941666732231775,0.6567138671875,0.6111590346321464,0.3041699230670929,0.18106832,0.9950803518295288,-0.015418794885044917,0.2,0.20438843965530396,11290
1862,714.55327202,958.76,7463,1131,13897728,0.0003,-2.5032733753323555,0.6770426432291666,0.7024579351147016,0.3042418956756592,0.19670554,0.9974509477615356,-0.015045893180649727,0.2,0.2935069501399994,11300
1863,696.33443342,954.11,7463,1132,13910016,0.0003,-2.507346885402997,0.6349609375,0.9112156874189774,0.3041890561580658,0.1491735,0.9948405027389526,-0.021965814081098264,0.2,0.32372188568115234,11310
1865,697.8626032700002,961.39,7463,1133,13922304,0.0003,-2.4929034570852915,0.6588134765625,1.1473377970357737,0.3036634624004364,0.1792717,0.9956300258636475,-0.011276189523535625,0.2,0.39039456844329834,11320
1867,722.71241925,971.76,7463,1134,13934592,0.0003,-2.4994336237510044,0.672607421875,1.1647657966862122,0.30454280972480774,0.18867533,0.9971407651901245,-0.011392252477041136,0.2,0.8183633685112,11330
1868,705.8910613900001,971.76,7463,1135,13946880,0.0003,-2.5130290816227596,0.6642008463541667,1.5299054774145284,0.30416473746299744,0.1532275,0.9955206513404846,-0.015417376700982761,0.2,0.536492109298706,11340
1870,667.91890271,971.76,7463,1136,13959168,0.0003,-2.522963659962018,0.6795654296875,0.6917833017806212,0.30443817377090454,0.1854558,0.9962381720542908,-0.010311536316294223,0.2,0.26569664478302,11350
1872,685.61630521,985.13,7463,1137,13971456,0.0003,-2.54873818308115,0.6801920572916667,0.5026277355849743,0.3055003881454468,0.21911174,0.9972926378250122,-0.007959224373917096,0.2,0.19937367737293243,11360
1873,662.5258518299999,981.05,7463,1138,13983744,0.0003,-2.555134566128254,0.6551106770833334,0.5109078913306196,0.30551469326019287,0.16984971,0.9957466125488281,-0.015693486413510982,0.2,0.13987615704536438,11370
1875,655.4693380499999,987.78,7463,1139,13996032,0.0003,-2.529526101052761,0.6313395182291667,1.1803108826900521,0.3047613203525543,0.13549924,0.9863473176956177,-0.01718800465168897,0.2,0.33531010150909424,11380
1876,655.3704799599999,986.04,7463,1140,14008320,0.0003,-2.522892496486505,0.6348225911458333,1.3842827778309583,0.30476972460746765,0.17138506,0.9899502396583557,-0.02055630409740843,0.2,0.4269292950630188,11390
1878,652.31219999,984.28,7462,1141,14020608,0.0003,-2.5095178112387657,0.6317301432291667,1.510339440467457,0.30452272295951843,0.14397945,0.9891543984413147,-0.012729311276295145,0.2,0.36043068766593933,11400
1880,658.6538914599998,984.28,7462,1142,14032896,0.0003,-2.508822145561377,0.65419921875,0.8679582755391796,0.3043118417263031,0.19203399,0.9956605434417725,-0.010817269400771086,0.2,0.150808185338974,11410
1882,650.1887473500001,976.23,7462,1143,14045184,0.0003,-2.5223032251000403,0.7097574869791666,0.36541217283035315,0.3056148290634155,0.20583956,0.9975566864013672,-0.0015196510901053747,0.2,0.09457826614379883,11420
1884,670.6115590399999,966.39,7461,1144,14057472,0.0003,-2.564504301051299,0.6571858723958334,1.055229310815533,0.30667784810066223,0.17021911,0.9959229826927185,-0.016756131506796616,0.2,0.3798776865005493,11430
1886,654.4859729499999,963.32,7459,1145,14069760,0.0003,-2.558589346706867,0.6067545572916667,2.107494881624977,0.3060785233974457,0.13289419,0.9797521829605103,-0.020713836099700227,0.2,0.27088072896003723,11440
1887,652.0428168499999,968.32,7459,1146,14082048,0.0003,-2.5497405007481575,0.6367350260416667,3.21276110013326,0.30662044882774353,0.15156607,0.9873573780059814,-0.0070784239864830545,0.2,1.983199954032898,11450
1889,671.3713763499999,968.32,7458,1147,14094336,0.0003,-2.6048125063379604,0.716259765625,0.6138715500632922,0.30841249227523804,0.2368108,0.9974682927131653,-0.006660012016557933,0.2,0.19352298974990845,11460
1891,682.5820976200001,976.84,7457,1148,14106624,0.0003,-2.6213687961300214,0.6640380859375,1.0988160448769728,0.30799803137779236,0.16206002,0.9949803948402405,-0.017174146605248096,0.2,0.3690723776817322,11470
1893,669.9992046799998,979.04,7457,1149,14118912,0.0003,-2.6428200821081798,0.6869140625,0.7782947699228923,0.30876901745796204,0.18377244,0.9968592524528503,-0.012364797968378602,0.2,0.21102753281593323,11480
1894,628.99510352,957.15,7457,1150,14131200,0.0003,-2.6531696051359175,0.6673421223958333,0.9086478273073832,0.3092209994792938,0.17954068,0.9961384534835815,-0.010331491188844666,0.2,0.32991358637809753,11490
1896,632.3906768300001,939.72,7457,1151,14143488,0.0003,-2.655674923459689,0.5518961588541667,2.3451973855495454,0.30894139409065247,0.10582171,0.9842422008514404,-0.02545948575134389,0.2,0.7505930066108704,11500
1898,627.06869827,938.63,7457,1152,14155776,0.0003,-2.634663030008475,0.57529296875,2.1865453870346148,0.3083897829055786,0.11970782,0.9913287162780762,-0.029138072383163186,0.2,0.8002132177352905,11510
1899,644.17307115,931.98,7457,1153,14168064,0.0003,-2.6289391880234083,0.6517171223958333,1.4897172510623933,0.3086060583591461,0.17003381,0.9947118759155273,-0.009964464484073687,0.2,0.46161553263664246,11520
1901,633.34487964,924.1,7457,1154,14180352,0.0003,-2.6074134131272633,0.7000569661458333,1.2281117888788382,0.3077169954776764,0.21046631,0.9956035017967224,-0.009988818127506722,0.2,0.384674996137619,11530
1903,609.20822341,892.48,7457,1155,14192640,0.0003,-2.585652153690656,0.7195882161458333,0.7540322296942273,0.3069063723087311,0.2522684,0.9967947602272034,-0.0015077151093767802,0.2,0.2286912500858307,11540
1904,586.94460253,864.67,7456,1156,14204928,0.0003,-2.567406541109085,0.6164876302083333,2.4037450325985747,0.30669012665748596,0.13225593,0.9884642958641052,-0.02395763638827096,0.2,0.686214804649353,11550
1906,598.77013499,848.1,7455,1157,14217216,0.0003,-2.5474558219313623,0.548779296875,4.2470306488374865,0.3064556121826172,0.105041035,0.9835188984870911,-0.029225788252369968,0.2,1.2890933752059937,11560
1908,598.80488808,860.9,7454,1158,14229504,0.0003,-2.5315023263295493,0.516064453125,5.678488612671694,0.3057747483253479,0.087811805,0.9755932092666626,-0.030517666307666027,0.2,2.145010232925415,11570
1911,562.99633279,842.47,7451,1159,14241792,0.0003,-2.5109235525131224,0.6756917317708333,2.7590951497356095,0.30522915720939636,0.19544216,0.9839365482330322,-0.015855270435955995,0.2,1.050050973892212,11580
1913,544.31985535,834.36,7450,1160,14254080,0.0003,-2.51433208634456,0.6661295572916667,3.991250763088465,0.3056391775608063,0.16976021,0.9815869927406311,-0.014405219843805146,0.2,1.4243850708007812,11590
1914,545.2764169100001,824.84,7449,1161,14266368,0.0003,-2.5418832510709763,0.7317220052083333,2.614455807954073,0.30609044432640076,0.25624552,0.9872187972068787,-0.0029854575099307113,0.2,0.8712601065635681,11600
1916,536.01478372,837.95,7449,1162,14278656,0.0003,-2.5626386985182763,0.6439046223958333,5.227394731342793,0.30703043937683105,0.18061054,0.9847747683525085,-0.015978422592161222,0.2,1.479498028755188,11610
1918,546.1586733500001,854.05,7448,1163,14290944,0.0003,-2.5748840401570003,0.7013264973958333,2.943710864583651,0.30654290318489075,0.18836685,0.9823101758956909,-0.0040529054162713385,0.2,0.7092846632003784,11620
1920,548.8226590200001,858.06,7448,1164,14303232,0.0003,-2.57734016229709,0.6715983072916667,3.4210139341652392,0.3068641126155853,0.21841733,0.98814857006073,-0.013430479673358302,0.2,1.686646819114685,11630
1921,514.88570131,815.92,7448,1165,14315520,0.0003,-2.5680112769206365,0.7113932291666667,1.905805319175124,0.3062950074672699,0.26082334,0.992845892906189,-0.0029858602754150826,0.2,0.6364946365356445,11640
1923,497.85256418999995,790.51,7447,1166,14327808,0.0003,-2.5459314554929735,0.663525390625,1.9806874273965756,0.3051452338695526,0.16823979,0.9853944778442383,-0.013856213496668109,0.2,0.47859930992126465,11650
1925,453.59107846,774.88,7447,1167,14340096,0.0003,-2.5592893014351525,0.707568359375,2.4496092163026333,0.3065435588359833,0.2246557,0.9852456450462341,-0.007884851619019173,0.2,1.089634895324707,11660
1927,442.85923297,750.86,7446,1168,14352384,0.0003,-2.558863834043344,0.5128092447916667,7.305893581608931,0.3061929941177368,0.0898451,0.9587001204490662,-0.03458855302499918,0.2,2.030219793319702,11670
1929,397.90391123,698.94,7446,1169,14364672,0.0003,-2.5377713039517404,0.4731038411458333,10.366313325365384,0.3056333363056183,0.07278323,0.9736783504486084,-0.03890425173255305,0.2,3.1882877349853516,11680
1930,361.00872406,690.22,7446,1170,14376960,0.0003,-2.5157318154970807,0.5463053385416666,11.066168926159541,0.3050466775894165,0.104925014,0.9680110216140747,-0.03461635706092541,0.2,4.631234169006348,11690
1932,374.45468863,688.23,7445,1171,14389248,0.0003,-2.505859372019768,0.5135009765625,12.719257768988609,0.304836243391037,0.08596984,0.9608666896820068,-0.03964429828483844,0.2,3.996002674102783,11700
1934,400.33445807000004,698.94,7445,1172,14401536,0.0003,-2.5475990091760954,0.7211344401041667,4.402540807922681,0.3062751591205597,0.24408811,0.9850520491600037,-0.005808800111602371,0.2,1.21885085105896,11710
1936,422.58584593,716.01,7445,1173,14413824,0.0003,-2.5578718781471252,0.582177734375,11.078607311844825,0.3059042990207672,0.10906645,0.9719569683074951,-0.02579311829613289,0.2,3.6432414054870605,11720
1937,446.36746992,734.12,7444,1174,14426112,0.0003,-2.5750013028581935,0.751123046875,3.0183169563611347,0.3059101700782776,0.28308827,0.98588627576828,0.016044461694157994,0.2,1.0318176746368408,11730
1939,479.91717405,756.2,7444,1175,14438400,0.0003,-2.6109168653686843,0.8192708333333333,2.848657981554667,0.3074999153614044,0.50222284,0.9916765689849854,0.052417043060995636,0.2,1.3029557466506958,11740
1941,481.34008279,750.33,7443,1176,14450688,0.0003,-2.5889800265431404,0.6495768229166666,4.85417921791474,0.30646440386772156,0.14802583,0.9844248294830322,-0.018478540483435304,0.2,1.1670175790786743,11750
1943,417.66645393000005,708.77,7443,1177,14462976,0.0003,-2.5620493153731028,0.5904215494791667,9.485686843593916,0.3053624629974365,0.122962974,0.9732217192649841,-0.031022391064713398,0.2,3.217740058898926,11760
1944,429.8202616799999,718.93,7443,1178,14475264,0.0003,-2.548956664899985,0.6440999348958333,16.35509599943956,0.30553290247917175,0.14411977,0.9517724514007568,-0.014329271087869225,0.2,6.383301734924316,11770
1946,449.25638982000004,711.53,7443,1179,14487552,0.0003,-2.5708465203642845,0.7057861328125,5.120255048573017,0.30580782890319824,0.1976397,0.9808205962181091,-0.008472760097356513,0.2,1.7320069074630737,11780
1948,409.82054911,714.31,7443,1180,14499840,0.0003,-2.5623257423440617,0.7286783854166666,4.360585413873196,0.3056569993495941,0.23350643,0.9838055372238159,-0.0016672652137155334,0.2,1.218209981918335,11790
1949,411.22270812000005,711.75,7443,1181,14512128,0.0003,-2.5425374776124956,0.5912027994791667,16.33505992690722,0.3051435649394989,0.10196189,0.9654133915901184,-0.027811927371658385,0.2,7.370267868041992,11800
1951,371.52837722,709.76,7443,1182,14524416,0.0003,-2.532974016169707,0.6533935546875,9.146336336930593,0.30507051944732666,0.1690314,0.976865828037262,-0.021879129400864863,0.2,3.3410837650299072,11810
1953,397.331299,730.76,7443,1183,14536704,0.0003,-2.5358852033813792,0.5669514973958333,20.25239483912786,0.3052768409252167,0.11192244,0.9691631197929382,-0.03865924109025703,0.2,6.674261569976807,11820
1954,341.17053203999996,720.82,7443,1184,14548992,0.0003,-2.53223981410265,0.57001953125,28.85772147576014,0.3055206835269928,0.10584501,0.9478870034217834,-0.03459284490672872,0.2,9.7548828125,11830
1956,301.60457034,743.66,7443,1185,14561280,0.0003,-2.5604759390155474,0.6419596354166667,15.166655467947324,0.3062906265258789,0.14002681,0.9557051658630371,-0.01829068507940974,0.2,4.704285144805908,11840
1958,307.25947498,731.35,7442,1186,14573568,0.0003,-2.5552621970574063,0.6112548828125,17.71673713127772,0.30590763688087463,0.13504472,0.9576862454414368,-0.031081287722918204,0.2,7.077451705932617,11850
1960,300.74188978,736.4,7441,1187,14585856,0.0003,-2.5674553498625756,0.6780598958333334,12.351767379045487,0.3062436282634735,0.17648792,0.9638755917549133,-0.015357391056022606,0.2,4.62779426574707,11860
1961,324.24445417,768.02,7441,1188,14598144,0.0003,-2.5674498453736305,0.7283935546875,10.154052862524987,0.30631422996520996,0.2121696,0.9777949452400208,0.0067186427089230465,0.2,4.2565178871154785,11870
1963,361.2233821799998,821.52,7441,1189,14610432,0.0003,-2.569426354269187,0.7396728515625,9.325155782699586,0.3061964213848114,0.23658378,0.9752722382545471,0.00922807982036223,0.2,3.3372228145599365,11880
1965,361.77580496,841.59,7441,1190,14622720,0.0003,-2.582637685537338,0.7048746744791666,9.024545627335707,0.30702510476112366,0.21187209,0.9783635139465332,-0.011043660004118768,0.2,2.785951614379883,11890
1966,389.22157202999995,867.48,7440,1191,14635008,0.0003,-2.647611023982366,0.7181559244791667,6.745777270694574,0.30852141976356506,0.23236175,0.9825403690338135,-0.0008580469036436019,0.2,2.62990140914917,11900
1968,417.89231886999994,875.64,7440,1192,14647296,0.0003,-2.679344039162,0.670654296875,10.168394594391186,0.30921220779418945,0.14717586,0.9828007221221924,-0.015266318179783411,0.2,4.113681316375732,11910
1970,441.71820944,869.75,7441,1193,14659584,0.0003,-2.722596686581771,0.7563883463541666,4.5013055791457495,0.31031033396720886,0.26055863,0.9798451662063599,0.01840221745854554,0.2,1.2776583433151245,11920
1971,434.16604649,850.19,7441,1194,14671872,0.0003,-2.7142407700419424,0.685791015625,5.359605423609415,0.30998995900154114,0.1867433,0.9787681102752686,-0.013157652363103504,0.2,2.2324020862579346,11930
1973,437.83774529999994,830.6,7440,1195,14684160,0.0003,-2.7399996941288314,0.712353515625,4.510227816800277,0.31133559346199036,0.20736367,0.9811382293701172,-0.0023803181926875063,0.2,1.4441664218902588,11940
1975,443.7778239000001,839.69,7440,1196,14696448,0.0003,-2.7618101686239243,0.71552734375,3.230856068432331,0.31159016489982605,0.24627511,0.9894049763679504,-0.0012701191066298635,0.2,0.9952189922332764,11950
1976,455.08685882000003,807.51,7440,1197,14708736,0.0003,-2.771812609334787,0.6909423828125,3.14327185228467,0.3122183680534363,0.208025,0.9918826222419739,-0.013484538054520575,0.2,1.0322123765945435,11960
1978,478.3601206500001,812.23,7439,1198,14721024,0.0003,-2.7822501535216966,0.6427083333333333,3.3799810176094374,0.3120473623275757,0.17815463,0.9932946562767029,-0.023093268347535438,0.2,0.9450325965881348,11970
1980,473.5662465799999,798.21,7439,1199,14733312,0.0003,-2.7745991816123325,0.6365559895833334,7.941400490204493,0.3117198646068573,0.14958148,0.9887407422065735,-0.019686274171302406,0.2,3.0625126361846924,11980
1982,460.00242202999993,805.38,7438,1200,14745600,0.0003,-2.75788215448459,0.5690266927083333,14.556240760286649,0.3112049996852875,0.113541044,0.9807935357093811,-0.03140751479853255,0.2,4.276595592498779,11990
1983,416.47207044999993,754.17,7438,1201,14757888,0.0003,-2.7349759538968406,0.6068196614583333,9.872268749276797,0.31069204211235046,0.144866,0.9711397886276245,-0.028980605896019068,0.2,2.855647563934326,12000
1985,395.1303422000001,759.22,7439,1202,14770176,0.0003,-2.7183362796902655,0.6141438802083333,9.44940988322099,0.3101491928100586,0.14137693,0.9834656119346619,-0.03457588670426048,0.2,3.4312350749969482,12010
1987,385.70721251000003,754.28,7438,1203,14782464,0.0003,-2.69917202492555,0.6006917317708333,15.208549455801647,0.3101697564125061,0.1442586,0.9658339023590088,-0.03282406337190575,0.2,5.4639177322387695,12020
1988,379.10465222,740.81,7438,1204,14794752,0.0003,-2.6895735879739124,0.6345052083333333,13.199238578478495,0.30945971608161926,0.14981522,0.9744508266448975,-0.02513958340859972,0.2,4.060154914855957,12030
1990,343.1700899400001,765.38,7439,1205,14807040,0.0003,-2.691322598854701,0.6889567057291667,7.7706988970438635,0.30980947613716125,0.20846264,0.9884932041168213,-0.019208486628970907,0.2,2.4136273860931396,12040
1992,361.08607134000005,734.15,7439,1206,14819328,0.0003,-2.694111437102159,0.63125,14.511501722534497,0.30967962741851807,0.12735948,0.9811649322509766,-0.022364839444829462,0.2,5.412771224975586,12050
1993,373.14622648000005,782.12,7439,1207,14831616,0.0003,-2.713638880352179,0.6768961588541667,15.762119515736897,0.31045296788215637,0.1928953,0.9771483540534973,-0.014836342126363889,0.2,6.8369975090026855,12060
1995,379.6953659,773.24,7439,1208,14843904,0.0003,-2.7250224033991497,0.701171875,9.306837231914203,0.3103131949901581,0.2286836,0.978606104850769,-0.01213739487187316,0.2,3.0348353385925293,12070
1996,438.92839589999994,807.57,7439,1209,14856192,0.0003,-2.7845332488417625,0.7231038411458334,9.39249029358228,0.3120550811290741,0.20660897,0.9811843633651733,-0.0017383399021734173,0.2,2.853163719177246,12080
1998,429.48213493000003,778.62,7439,1210,14868480,0.0003,-2.845099021991094,0.7992513020833333,3.2880922220647335,0.31363725662231445,0.37115029,0.993624746799469,0.02848150882734141,0.2,1.2891985177993774,12090
2000,419.98420135999993,704.32,7439,1211,14880768,0.0003,-2.8464631075660387,0.6124267578125,8.056635303795337,0.31321781873703003,0.22349668,0.9806234240531921,-0.03301206782925874,0.2,1.8969753980636597,12100
2001,450.95969439999993,685.38,7439,1212,14893056,0.0003,-2.8057194302479425,0.6790201822916667,6.034207770725091,0.31216302514076233,0.28354397,0.9887362718582153,-0.023015301772587312,0.2,2.19705867767334,12110
2003,412.7953939900001,622.01,7439,1213,14905344,0.0003,-2.812505884965261,0.6990559895833334,5.147996158897877,0.31284162402153015,0.22725241,0.9883541464805603,-0.01356268208376908,0.2,1.5375120639801025,12120
2005,327.08132996999996,514.22,7439,1214,14917632,0.0003,-2.831105779111385,0.6767333984375,7.57329574773709,0.31327763199806213,0.20155263,0.9797693490982056,-0.0227651232368468,0.2,3.9833130836486816,12130
2006,303.31087601,516.35,7439,1215,14929920,0.0003,-2.8328008517622947,0.6615315755208333,6.185082183778286,0.3129829168319702,0.18733273,0.986169695854187,-0.026117446702361727,0.2,2.8974695205688477,12140
2008,295.37503291,534.86,7440,1216,14942208,0.0003,-2.8331968277692794,0.6460774739583334,9.151477627952893,0.31296154856681824,0.16126354,0.9709253907203674,-0.02384402926254552,0.2,2.8859646320343018,12150
2009,298.93000791000003,565.81,7440,1217,14954496,0.0003,-2.8943701098362604,0.7722900390625,3.668095036347707,0.31503716111183167,0.30542147,0.9824187755584717,0.011053521517897024,0.2,1.3379461765289307,12160
2011,325.37829836,588.54,7440,1218,14966784,0.0003,-2.925647473335266,0.6468343098958333,6.455963233113289,0.31547585129737854,0.182485,0.9821039438247681,-0.02546640953029661,0.2,2.0433318614959717,12170
2013,340.62692513,631.41,7440,1219,14979072,0.0003,-2.930398074289163,0.7211100260416666,4.089320370058219,0.31569090485572815,0.24233341,0.9870046973228455,-0.008585953141058174,0.2,1.4014222621917725,12180
2014,362.41318039,682.55,7440,1220,14991360,0.0003,-2.965242669979731,0.6960611979166667,4.27764283567667,0.3168065547943115,0.1974947,0.9720428586006165,-0.009909634831516693,0.2,1.239355206489563,12190
2016,395.17053162999997,717.04,7440,1221,15003648,0.0003,-2.982779459655285,0.7050944010416667,3.143101861079534,0.31683579087257385,0.22935788,0.9858424067497253,-0.007949426202200509,0.2,0.9017474055290222,12200
2018,431.49593896000005,708.24,7440,1222,15015936,0.0003,-2.9728196278214454,0.6545084635416667,3.786767299969991,0.3158639073371887,0.17527503,0.9895451664924622,-0.023992510271879534,0.2,1.359395146369934,12210
2019,461.6459002700001,709.16,7440,1223,15028224,0.0003,-2.9588507627447447,0.6780598958333334,3.7498088968296845,0.3158106803894043,0.19815826,0.9904937148094177,-0.024943497075582854,0.2,1.6399091482162476,12220
2021,463.53022761,712.6,7440,1224,15040512,0.0003,-2.975631919006507,0.6828776041666667,2.714425317198038,0.3163696825504303,0.18154566,0.992546558380127,-0.018137655603156114,0.2,0.6933428645133972,12230
2022,488.02252286000004,714.09,7440,1225,15052800,0.0003,-2.9882972796758014,0.6916748046875,4.47173610329628,0.3172400891780853,0.1850404,0.9874703884124756,-0.014737868472972574,0.2,1.5078870058059692,12240
2024,469.45801169,675.02,7440,1226,15065088,0.0003,-3.0142773812015853,0.705908203125,4.158599475522836,0.3176208734512329,0.20661514,0.990824818611145,-0.009873854524145523,0.2,1.496737003326416,12250
2026,438.98563151999997,669.81,7441,1227,15077376,0.0003,-3.01793618897597,0.67099609375,3.426873132834832,0.3179607689380646,0.2232608,0.9830557107925415,-0.019497240947869917,0.2,0.9712491035461426,12260
2027,425.19065777000003,670.53,7441,1228,15089664,0.0003,-3.0337224637468654,0.5391438802083334,10.956244040528933,0.3177679777145386,0.08961892,0.9740785956382751,-0.03869446074531879,0.2,4.613995552062988,12270
2029,387.76419431,614.6,7441,1229,15101952,0.0003,-3.0260404691100122,0.6056722005208334,7.9995870297153795,0.31757476925849915,0.1279664,0.9754965305328369,-0.033172541581249486,0.2,2.6627395153045654,12280
2031,375.46512920000004,613.04,7441,1230,15114240,0.0003,-3.0094872772693635,0.6787841796875,5.92091309328874,0.31668761372566223,0.18647619,0.9851467609405518,-0.028586104394829212,0.2,2.749401330947876,12290
2032,401.8269975,623.53,7441,1231,15126528,0.0003,-2.992780403792858,0.6664225260416666,6.150276907285055,0.31683987379074097,0.18383439,0.9845619201660156,-0.020225724553165493,0.2,2.4128358364105225,12300
2034,448.72415475,651.12,7441,1232,15138816,0.0003,-2.9994858478506408,0.6601888020833333,6.666251980761687,0.3173820972442627,0.17407285,0.9857798218727112,-0.025086485010009103,0.2,1.8974884748458862,12310
2036,447.02006537999995,663.65,7441,1233,15151104,0.0003,-3.049473641316096,0.7539876302083334,3.816233229637146,0.3188757002353668,0.29129758,0.9893612265586853,0.007916862034471705,0.2,0.9697414636611938,12320
2037,441.12501973999997,662.4,7441,1234,15163392,0.0003,-3.054786878824234,0.7001708984375,4.151603319247564,0.3185228407382965,0.23143005,0.987183153629303,-0.016795914348525304,0.2,1.124131202697754,12330
2039,457.94348778000005,703.16,7441,1235,15175680,0.0003,-3.076334594686826,0.7116129557291667,3.3737606793642043,0.31925955414772034,0.26607868,0.9862302541732788,-0.008100080590035455,0.2,1.0872902870178223,12340
2040,477.44001749,721.83,7441,1236,15187968,0.0003,-3.116941091914972,0.7510172526041666,1.8067955635488033,0.32055139541625977,0.26524895,0.9897117614746094,0.004330028400484783,0.2,0.594886064529419,12350
2042,473.54947566999994,751.38,7441,1237,15200256,0.0003,-3.1367319678266843,0.6828125,2.328822689751784,0.32013067603111267,0.18651535,0.9908010363578796,-0.015289143561191546,0.2,0.8272730708122253,12360
2044,492.40825446999986,780.58,7442,1238,15212544,0.0003,-3.1362746258576712,0.692626953125,2.8081153887013595,0.32020285725593567,0.19366746,0.9924355745315552,-0.011438052094308659,0.2,0.9569717049598694,12370
2045,475.73488745,769.6,7442,1239,15224832,0.0003,-3.1233469913403193,0.6322428385416666,3.820743648956219,0.3198023736476898,0.14220975,0.9859916567802429,-0.028336597818997687,0.2,1.3135727643966675,12380
2047,459.63006428,764.96,7441,1240,15237120,0.0003,-3.112069974342982,0.5791015625,5.93744827757279,0.31941643357276917,0.1312116,0.9831163287162781,-0.03505853034002939,0.2,1.7770650386810303,12390
2049,457.27557408,726.28,7441,1241,15249408,0.0003,-3.0838385154803594,0.5737060546875,8.922358497977257,0.3187011182308197,0.11549178,0.9802083373069763,-0.036596747242826196,0.2,2.6380417346954346,12400
2051,406.0701846600001,672.36,7441,1242,15261696,0.0003,-3.0724834218621253,0.5686604817708333,12.316173728307088,0.3183170557022095,0.10938755,0.9669926166534424,-0.038096773732104336,0.2,4.594840049743652,12410
2052,383.98739358,659.61,7440,1243,15273984,0.0003,-3.0591318969925245,0.5879475911458333,12.658441902200382,0.3179803788661957,0.12389322,0.9693673253059387,-0.036456529367327066,0.2,3.681574583053589,12420
2054,397.68089778,675.57,7440,1244,15286272,0.0003,-3.04786370297273,0.6623291015625,7.000945438444615,0.3171960115432739,0.17555778,0.9794973134994507,-0.023395879070449155,0.2,1.9476115703582764,12430
2056,431.36568613000003,703.22,7440,1245,15298560,0.0003,-3.0568606610099476,0.7544514973958333,4.108505407472451,0.31780579686164856,0.2592123,0.984894871711731,0.008914060094684827,0.2,1.4836783409118652,12440
2057,435.49193907,725.68,7440,1246,15310848,0.0003,-3.1207399492462478,0.7491455078125,4.917902491490046,0.32027122378349304,0.25012287,0.9652844071388245,0.012876176831681126,0.2,1.0590293407440186,12450
2059,469.64794194999996,781.61,7439,1247,15323136,0.0003,-3.1364554847280184,0.7107096354166667,5.3852153475085895,0.3200830817222595,0.22691536,0.9748520851135254,-0.005175082603818737,0.2,1.7274682521820068,12460
2061,485.95261567,795.69,7439,1248,15335424,0.0003,-3.134253490964572,0.6583170572916667,4.731536570936441,0.31996408104896545,0.20077144,0.9831910133361816,-0.017141495585868447,0.2,1.4785360097885132,12470
2062,513.28451576,827.59,7439,1249,15347712,0.0003,-3.1230998173356057,0.5846272786458333,9.755667920907339,0.3196795880794525,0.120638765,0.9750574231147766,-0.029328304129497457,0.2,4.747401714324951,12480
2064,533.30176692,852.49,7439,1250,15360000,0.0003,-3.113828626771768,0.7018636067708334,4.25375451669097,0.31897592544555664,0.22203942,0.9846565127372742,-0.005769890266431806,0.2,0.9361214637756348,12490
2066,537.60215182,867.3,7439,1251,15372288,0.0003,-3.127904226879279,0.7267740885416667,4.660290729999542,0.31973791122436523,0.211096,0.9797832369804382,0.003251007797856194,0.2,2.769643545150757,12500
2067,521.84170776,859.23,7439,1252,15384576,0.0003,-3.14772472033898,0.6665364583333333,5.686095435420672,0.32106566429138184,0.15873694,0.9862020015716553,-0.009164689788303804,0.2,1.9395321607589722,12510
2069,534.80643647,842.54,7439,1253,15396864,0.0003,-3.1866579741239547,0.6956949869791667,3.0987635530531406,0.32148629426956177,0.22318363,0.985167920589447,-0.007877006922111225,0.2,0.9073308110237122,12520
2071,533.71394333,837.06,7439,1254,15409152,0.0003,-3.1825601726770403,0.692041015625,3.4084129335979623,0.32147690653800964,0.20644419,0.9907407760620117,-0.012968197957767795,0.2,1.1987725496292114,12530
2072,545.5011348200001,836.65,7439,1255,15421440,0.0003,-3.1901166747013727,0.7272623697916667,2.2622113657494385,0.32164111733436584,0.23674345,0.9880776405334473,0.0041634604684077205,0.2,0.7584927678108215,12540
2074,538.0228672,821.14,7440,1256,15433728,0.0003,-3.1875850235422454,0.6736653645833334,2.1216934102276963,0.3215753734111786,0.23377018,0.992268979549408,-0.012886161380447448,0.2,0.6833378076553345,12550
2076,533.94651993,787.79,7440,1257,15446016,0.0003,-3.1647362490495046,0.6807454427083334,2.12130097138385,0.32087674736976624,0.20810859,0.9895780086517334,-0.012596462430277218,0.2,0.46420955657958984,12560
2077,519.61585075,748.76,7440,1258,15458304,0.0003,-3.1798030992348987,0.6373616536458333,3.647431973864635,0.321570485830307,0.16921395,0.9854997992515564,-0.02207073616348983,0.2,1.332688331604004,12570
2079,545.8137584399999,764.7,7440,1259,15470592,0.0003,-3.194352127611637,0.6707600911458333,3.0050893468161424,0.32206112146377563,0.18651862,0.9919930100440979,-0.0206543944523825,0.2,1.1459715366363525,12580
2080,538.4680865700001,752.01,7440,1260,15482880,0.0003,-3.1966865877310435,0.6825032552083333,2.6870873720695574,0.3222312033176422,0.21433906,0.9879491925239563,-0.009025864100355345,0.2,0.615322470664978,12590
2082,555.75236234,736.14,7440,1261,15495168,0.0003,-3.2095815554261207,0.6918131510416666,2.1439203654726344,0.32235416769981384,0.21455853,0.9913386702537537,-0.016109133407007904,0.2,0.7575058937072754,12600
2084,546.3477385,756.52,7440,1262,15507456,0.0003,-3.205030482510726,0.6933675130208333,2.0248564182470243,0.32168859243392944,0.24984969,0.9927240014076233,-0.012829445079357052,0.2,0.3842012286186218,12610
2085,556.46790856,760.05,7440,1263,15519744,0.0003,-3.2056752795974415,0.6921630859375,2.914078254501025,0.32154130935668945,0.19587357,0.979455292224884,-0.006905624481926983,0.2,0.7511218786239624,12620
2087,588.05656964,772.82,7440,1264,15532032,0.0003,-3.2124019846320153,0.7060791015625,1.71919563797613,0.322031170129776,0.2440635,0.9923033714294434,-0.01369560108675311,0.2,0.3830667734146118,12630
2089,590.7012941300001,804.01,7440,1265,15544320,0.0003,-3.2472098673383396,0.70361328125,2.918081005414327,0.3228752315044403,0.2118535,0.9887675046920776,-0.010668373473648293,0.2,1.347381591796875,12640
2090,587.41969779,787.85,7440,1266,15556608,0.0003,-3.2609341561794283,0.683837890625,1.129751659433047,0.3226158320903778,0.17258918,0.9957133531570435,-0.00773947239164651,0.2,0.3537028431892395,12650
2092,638.6069123799999,843.77,7440,1267,15568896,0.0003,-3.2363503764073056,0.622412109375,2.6624451397607722,0.3220047056674957,0.16432494,0.9871217012405396,-0.01958815936523024,0.2,0.47184401750564575,12660
2094,612.13481543,837.99,7440,1268,15581184,0.0003,-3.2356352895498275,0.6333577473958333,2.5428731302420298,0.32222500443458557,0.16109087,0.9907518625259399,-0.024337214572005904,0.2,0.7584728002548218,12670
2095,635.56670438,844.22,7440,1269,15593472,0.0003,-3.227585405111313,0.6956624348958333,2.3886290388802687,0.32195451855659485,0.2227829,0.9845854043960571,-0.01097821440101446,0.2,0.735856831073761,12680
2097,619.90742971,835.93,7440,1270,15605760,0.0003,-3.222213988006115,0.6386067708333333,2.393961802124977,0.32187727093696594,0.1498087,0.9917942881584167,-0.01678550198460774,0.2,1.0421669483184814,12690
2098,611.5323296500001,844.67,7440,1271,15618048,0.0003,-3.2055892944335938,0.6832194010416667,2.042245811596513,0.32175561785697937,0.21196349,0.9925703406333923,-0.016449733405412795,0.2,0.6476038694381714,12700
2100,620.25167642,830.16,7440,1272,15630336,0.0003,-3.194978006184101,0.6457194010416667,3.3511197256545224,0.3206857144832611,0.14744495,0.9862869381904602,-0.019078952376245677,0.2,1.2519785165786743,12710
2102,566.0452914399999,768.87,7440,1273,15642624,0.0003,-3.176656585931778,0.6229899088541667,5.407602740824222,0.32098647952079773,0.13107967,0.9851632714271545,-0.029087087378138678,0.2,1.5559115409851074,12720
2103,558.9495766699999,755.72,7440,1274,15654912,0.0003,-3.171762354671955,0.5984049479166667,5.605640232066313,0.32076790928840637,0.13722801,0.987339437007904,-0.03197821498809693,0.2,1.6374090909957886,12730
2105,509.75803809999996,714.81,7440,1275,15667200,0.0003,-3.1700922057032583,0.6355550130208333,5.611063908537229,0.32105499505996704,0.17947002,0.9809125661849976,-0.028882930087274872,0.2,2.328273057937622,12740
2107,497.73975278000006,724.34,7440,1276,15679488,0.0003,-3.1930787334839503,0.7067138671875,3.817551364004612,0.32160094380378723,0.21380527,0.9761013388633728,-0.008454061120088834,0.2,1.2143793106079102,12750
2108,506.6551742099998,733.95,7440,1277,15691776,0.0003,-3.2489932775497437,0.7261800130208333,3.864989256610473,0.32317420840263367,0.2211412,0.9781074523925781,-0.0023825762143436196,0.2,1.7820128202438354,12760
2110,525.3264487399999,756.17,7440,1278,15704064,0.0003,-3.2545734201868375,0.7177815755208333,2.144114694123467,0.32365870475769043,0.21905641,0.9908771514892578,-0.002610703750300066,0.2,0.8863692283630371,12770
2112,545.55446662,788.53,7440,1279,15716352,0.0003,-3.256691525876522,0.714306640625,1.1994438911477725,0.3235086500644684,0.26744074,0.9946203827857971,-0.007628839844255708,0.2,0.4090821146965027,12780
2113,589.53288546,831.41,7440,1280,15728640,0.0003,-3.237448934217294,0.699951171875,0.9201819047952692,0.3230762779712677,0.23370488,0.9952694773674011,-0.0037280092573685883,0.2,0.4163162112236023,12790
2115,598.84553693,861.93,7440,1281,15740928,0.0003,-3.2270535692572593,0.69384765625,0.9098184337839484,0.3226601183414459,0.22605704,0.9959392547607422,-0.00632804655081903,0.2,0.31279683113098145,12800
2117,640.4107439999999,900.34,7440,1282,15753216,0.0003,-3.2115868836641313,0.676953125,0.481407544358323,0.3232252895832062,0.1893311,0.99675452709198,-0.006549436845428621,0.2,0.09772302210330963,12810
2118,661.26336006,912.57,7440,1283,15765504,0.0003,-3.219038626551628,0.5251953125,3.7422870914141337,0.3221059739589691,0.106512904,0.9862398505210876,-0.03395024392229971,0.2,1.4020975828170776,12820
2120,672.8650451699999,909.55,7439,1284,15777792,0.0003,-3.2032870704929035,0.6177815755208333,2.224800746391217,0.3222832977771759,0.15841018,0.9909406900405884,-0.0282595807647643,0.2,0.7696101665496826,12830
2122,623.37911741,907.4,7439,1285,15790080,0.0003,-3.2158879339694977,0.6331624348958333,2.6541750972469647,0.3226865828037262,0.1787601,0.9850970506668091,-0.02357753528631292,0.2,0.6527220606803894,12840
2124,630.59686043,919.2,7439,1286,15802368,0.0003,-3.235098767777284,0.6948974609375,2.5791432936986287,0.3230092227458954,0.19658004,0.9873186349868774,-0.011804495941275188,0.2,0.6170790195465088,12850
2125,605.109396,909.01,7439,1287,15814656,0.0003,-3.2676043778657915,0.7097249348958333,0.9718109375486771,0.32374218106269836,0.239474,0.991574764251709,-0.005081766727380454,0.2,0.283682256937027,12860
2127,609.69167519,903.72,7439,1288,15826944,0.0003,-3.2688630521297455,0.6471516927083333,2.2017923187464477,0.3235790431499481,0.18772753,0.990923285484314,-0.025016046959596375,0.2,0.6767502427101135,12870
2129,592.5306824699998,904.28,7438,1289,15839232,0.0003,-3.2662060285607972,0.6431803385416667,1.8293061430255573,0.3235156834125519,0.16701913,0.9888070225715637,-0.024461786369405065,0.2,0.4936247169971466,12880
2130,584.9210990299999,896.48,7438,1290,15851520,0.0003,-3.2619366298119226,0.57744140625,3.3352790626386803,0.32362738251686096,0.11643756,0.9831110835075378,-0.028413219378368618,0.2,0.7766650319099426,12890
2132,565.8715916599999,899.83,7438,1291,15863808,0.0003,-3.25376594911019,0.5681559244791666,4.971824629853169,0.3237564265727997,0.12182639,0.9745200872421265,-0.028892508240339034,0.2,0.9611765146255493,12900
2134,583.64139703,895.89,7438,1292,15876096,0.0003,-3.2812811185916266,0.724951171875,1.6584475928296645,0.32456350326538086,0.27207053,0.9913549423217773,-0.005193219588060553,0.2,0.4542722702026367,12910
2135,578.4544812299999,881.97,7438,1293,15888384,0.0003,-3.275762315094471,0.6576985677083333,2.2986270281175774,0.3239920139312744,0.17210384,0.9905067682266235,-0.009492766152834519,0.2,0.26481977105140686,12920
2137,605.05395008,888.33,7438,1294,15900672,0.0003,-3.2781430900096895,0.7224365234375,1.0669856004416942,0.32401707768440247,0.2518268,0.9933204054832458,-0.002501590129395481,0.2,0.508490264415741,12930
2139,581.30035995,882.89,7438,1295,15912960,0.0003,-3.2664524123072622,0.68818359375,1.13702720310539,0.32388073205947876,0.19819033,0.9921831488609314,-0.010138034926300558,0.2,0.4142400026321411,12940
2140,617.00996635,884.29,7438,1296,15925248,0.0003,-3.2893884728352227,0.6766357421875,1.035661379247904,0.32526129484176636,0.21476524,0.9914983510971069,-0.006115551529607425,0.2,0.30032768845558167,12950
2142,625.5925051700001,900.62,7438,1297,15937536,0.0003,-3.3174050971865654,0.70625,0.7565722179288665,0.3257366716861725,0.23788996,0.9967241883277893,-0.005251081198609123,0.2,0.20131060481071472,12960
2144,662.60062324,922.61,7438,1298,15949824,0.0003,-3.3072608441114424,0.6722574869791667,0.752723729920884,0.3251548409461975,0.23993222,0.995575487613678,-0.00786537306169824,0.2,0.14649048447608948,12970
2145,660.04404914,910.99,7439,1299,15962112,0.0003,-3.272405413289865,0.5586995442708333,1.7871611559763552,0.32388684153556824,0.1288511,0.9877820611000061,-0.018088414541368062,0.2,0.4728032350540161,12980
2147,660.1156930900001,897.4,7439,1300,15974400,0.0003,-3.23972857495149,0.43658040364583334,6.706135806938012,0.32364338636398315,0.05215588,0.9746285080909729,-0.03507083396058685,0.2,2.6251220703125,12990
2148,652.9468357000001,897.84,7439,1301,15986688,0.0003,-3.2103921731313068,0.48855794270833336,4.841258786867062,0.32253703474998474,0.10248823,0.9855278730392456,-0.03804248842061497,0.2,1.6997525691986084,13000
2150,659.0596614199999,901.18,7439,1302,15998976,0.0003,-3.1929556906223295,0.5883138020833333,4.034121967852116,0.32257866859436035,0.14735323,0.9859902262687683,-0.028769669681302425,0.2,0.9345075488090515,13010
2152,633.9897044200001,888.02,7439,1303,16011264,0.0003,-3.2185293192664783,0.7231526692708333,2.0036915532002846,0.3233731687068939,0.48049274,0.9919398427009583,-0.0034383640255934247,0.2,0.4384113550186157,13020
2153,626.0930412099999,883.85,7439,1304,16023552,0.0003,-3.2097581138213473,0.5908203125,6.32883581618468,0.32293686270713806,0.13035238,0.9771764278411865,-0.031283746820796904,0.2,1.7965017557144165,13030
2155,605.65855352,887.97,7439,1305,16035840,0.0003,-3.2025605107347173,0.610693359375,4.691543901960055,0.32261839509010315,0.17060395,0.9639450907707214,-0.021606346792153393,0.2,0.9926831722259521,13040
2157,627.0279779,908.18,7439,1306,16048128,0.0003,-3.2258729274074236,0.7291585286458333,3.145307985196511,0.32417571544647217,0.26364148,0.9755979776382446,-0.0015823555285654342,0.2,0.984947681427002,13050
2158,639.69140993,915.54,7440,1307,16060416,0.0003,-3.338791683812936,0.7950764973958333,1.252674266944329,0.3270680606365204,0.3048896,0.9897300004959106,0.03434140862276157,0.2,0.4614747166633606,13060
2160,653.22471592,934.67,7440,1308,16072704,0.0003,-3.387810888389746,0.7152994791666667,0.5575029500449697,0.3284136950969696,0.21635108,0.9951151013374329,0.017406920083158185,0.2,0.1294170469045639,13070
2161,665.60628373,943.23,7440,1309,16084992,0.0003,-3.4149907464782396,0.6923177083333333,0.5502683191560209,0.3293851912021637,0.2364889,0.9955174922943115,-0.005117019321672463,0.2,0.17722533643245697,13080
2163,648.90918131,931.73,7440,1310,16097280,0.0003,-3.4287019247810044,0.6019612630208333,1.2204759648069738,0.32915613055229187,0.16910703,0.9882192015647888,-0.014751597308592561,0.2,0.1799006164073944,13090
2164,650.4128948199999,918.19,7441,1311,16109568,0.0003,-3.4212351267536483,0.659375,0.8271888015791774,0.3288557231426239,0.19192077,0.9904055595397949,-0.015074861184984911,0.2,0.18562763929367065,13100
2166,693.1597330300001,920.42,7441,1312,16121856,0.0003,-3.420904963215192,0.6774088541666666,0.8282161990180612,0.3292980194091797,0.20063467,0.9933900237083435,-0.009389721432429117,0.2,0.2505494952201843,13110
2168,707.0456109799999,912.28,7441,1313,16134144,0.0003,-3.415874634186427,0.6680338541666667,0.9024964490905404,0.3293602168560028,0.19305758,0.9949408173561096,-0.005545270368262815,0.2,0.18330299854278564,13120
2169,656.76670566,871.06,7441,1314,16146432,0.0003,-3.417131775120894,0.6686442057291667,0.47469158172607423,0.32946863770484924,0.18843637,0.9926734566688538,-0.007255455821480913,0.2,0.10189605504274368,13130
2171,645.94739321,870.11,7441,1315,16158720,0.0003,-3.414649893840154,0.5906494140625,1.4972287863492966,0.32858169078826904,0.13188832,0.9889947175979614,-0.02042660855319506,0.2,0.38907185196876526,13140
2172,636.3325204600001,864.18,7441,1316,16171008,0.0003,-3.3778734748562176,0.6752685546875,0.5517890624081095,0.32863539457321167,0.19025855,0.9963583946228027,-0.009418223299386833,0.2,0.13921621441841125,13150
2174,658.6508666,892.24,7442,1317,16183296,0.0003,-3.401132994890213,0.6543701171875,0.5949810191368063,0.32928773760795593,0.17376105,0.9949005842208862,-0.015245860402743953,0.2,0.12243664264678955,13160
2176,687.8493750999999,915.96,7442,1318,16195584,0.0003,-3.401617764433225,0.6352294921875,0.4999450033530593,0.3287048637866974,0.16952938,0.9971107244491577,-0.014336485761547616,0.2,0.1572623997926712,13170
2177,639.58152782,889.47,7442,1319,16207872,0.0003,-3.394615063567956,0.6563313802083334,0.46385975799833734,0.3284691870212555,0.17033269,0.9969707131385803,-0.012726755213710325,0.2,0.14816692471504211,13180
2179,622.28415306,887.7,7442,1320,16220160,0.0003,-3.349238901336988,0.6180338541666667,0.5506937499158084,0.32686465978622437,0.14607044,0.9941801428794861,-0.011511240190642032,0.2,0.09787845611572266,13190
2180,670.1366262300002,900.21,7442,1321,16232448,0.0003,-3.350191807250182,0.6483479817708333,0.4036977060760061,0.32861047983169556,0.16037874,0.9977424740791321,-0.00834126064631467,0.2,0.09264789521694183,13200
2182,693.5564393700001,918.02,7442,1322,16244736,0.0003,-3.3363702302177747,0.5857666015625,1.2391837008297444,0.32699087262153625,0.12554564,0.9946904182434082,-0.021455863208393565,0.2,0.22998860478401184,13210
2184,697.76062685,904.4,7443,1323,16257024,0.0003,-3.332248381773631,0.6770100911458333,0.4306602702786525,0.3275459110736847,0.2094845,0.998200535774231,-0.0006769894399136926,0.2,0.13917608559131622,13220
2185,687.65772588,891.98,7443,1324,16269312,0.0003,-3.333282958467801,0.6074951171875,0.5980381548715135,0.3274883031845093,0.14954095,0.9963221549987793,-0.011993456141984401,0.2,0.15399840474128723,13230
2187,669.26884519,883.89,7443,1325,16281600,0.0003,-3.3397802352905273,0.638525390625,0.5610299861679474,0.3281517028808594,0.14662947,0.9946222901344299,-0.014474902960743444,0.2,0.12050873041152954,13240
2188,669.2927529200001,895.35,7443,1326,16293888,0.0003,-3.3450408791502317,0.6525634765625,0.49474863639722266,0.32795000076293945,0.16956453,0.9959303736686707,-0.009540180501547486,0.2,0.0965457558631897,13250
2190,671.2524971099999,912.47,7444,1327,16306176,0.0003,-3.349452170729637,0.6965413411458333,0.3322954956131677,0.32859674096107483,0.18672551,0.9985208511352539,0.00029832423121357957,0.2,0.06997665762901306,13260
2192,654.1221755000001,915.16,7444,1328,16318464,0.0003,-3.372397627433141,0.6658447265625,0.2696595966350287,0.32880380749702454,0.18029983,0.9970307350158691,-0.009777646382766155,0.2,0.07972212135791779,13270
2193,632.27622038,919.49,7444,1329,16330752,0.0003,-3.37031010389328,0.6255533854166667,0.4551719602197409,0.32874593138694763,0.25467217,0.9940670132637024,-0.018168728390446632,0.2,0.10337136685848236,13280
2195,624.59736843,917.94,7444,1330,16343040,0.0003,-3.375068910419941,0.6274820963541666,0.5451587350107729,0.3292119801044464,0.16005549,0.9961660504341125,-0.010435462727036793,0.2,0.10485634207725525,13290
2196,645.1559778100001,921.31,7444,1331,16355328,0.0003,-3.3961310481031735,0.6382975260416667,0.41086250012740494,0.32971933484077454,0.14958043,0.9988071322441101,-0.010962149722035974,0.2,0.09461615234613419,13300
2198,643.68079405,921.05,7445,1332,16367616,0.0003,-3.3850821634133657,0.6689046223958334,0.39174869408210117,0.3292645514011383,0.1806699,0.9985610842704773,-0.011303409771062433,0.2,0.11608463525772095,13310
2200,659.9262398400001,911.83,7445,1333,16379904,0.0003,-3.380159464478493,0.6508707682291667,0.3645670135815938,0.3296041190624237,0.16226526,0.9981446862220764,-0.012267804070628092,0.2,0.08990399539470673,13320
2201,655.3822710999999,903.33,7445,1334,16392192,0.0003,-3.385147735973199,0.670458984375,0.42617060986037053,0.3291267156600952,0.174118,0.9973564147949219,-0.0050164154352387415,0.2,0.07329818606376648,13330
2203,668.6677945299999,914.22,7445,1335,16404480,0.0003,-3.3736420373121896,0.6432373046875,0.301976509205997,0.32942846417427063,0.20724206,0.9985125064849854,-0.010551783266904143,0.2,0.13164299726486206,13340
2204,675.53385347,906.47,7446,1336,16416768,0.0003,-3.3852817937731743,0.6409830729166667,0.2187084776815027,0.3295709192752838,0.1429915,0.9987087249755859,-0.00793621028715279,0.2,0.039491262286901474,13350
2206,661.6680334700001,894.19,7446,1337,16429056,0.0003,-3.357792548338572,0.5973714192708334,0.7108173376259704,0.32900020480155945,0.116869785,0.9950867891311646,-0.01664646449886883,0.2,0.18717651069164276,13360
2207,625.59267761,888.82,7446,1338,16441344,0.0003,-3.3385823821028073,0.613037109375,0.6081932472375532,0.32862699031829834,0.14515418,0.9901332855224609,-0.011323734463076107,0.2,0.10418693721294403,13370
2209,642.7949216299999,888.91,7446,1339,16453632,0.0003,-3.3260073805848758,0.660107421875,0.5884330241009593,0.32813283801078796,0.19861655,0.9968360066413879,-0.004185228127850374,0.2,0.24594953656196594,13380
2211,648.1001387,889.34,7447,1340,16465920,0.0003,-3.303970295190811,0.6298502604166667,1.0599421932051578,0.3277001678943634,0.13187099,0.995744526386261,-0.00745719339659748,0.2,0.28697073459625244,13390
2212,638.75826047,885.77,7447,1341,16478208,0.0003,-3.2662616953253747,0.6079182942708333,1.1543024194737275,0.3269469439983368,0.11372586,0.9947735071182251,-0.00784341270045843,0.2,0.30561563372612,13400
2214,646.44911183,882.69,7447,1342,16490496,0.0003,-3.278999828795592,0.690234375,0.3827915353390078,0.327599436044693,0.1777811,0.9987700581550598,0.00911176468556126,0.2,0.10736279934644699,13410
2215,650.70435309,863.99,7447,1343,16502784,0.0003,-3.2939837694168093,0.6973876953125,0.22243530714573959,0.3284284174442291,0.21715687,0.9985553026199341,0.0038202013054008904,0.2,0.05770831182599068,13420
2217,679.2900285800001,876.2,7447,1344,16515072,0.0003,-3.3005941887696584,0.6267008463541667,0.494428317155689,0.3280085623264313,0.14112741,0.9971009492874146,-0.00889692649798235,0.2,0.14305666089057922,13430
2218,716.3926394700002,889.97,7448,1345,16527360,0.0003,-3.2695569535096487,0.6286051432291667,0.3438282557763159,0.3270147144794464,0.12472654,0.9979466795921326,-0.006178631514194422,0.2,0.07647644728422165,13440
2220,689.1789909899999,874.29,7448,1346,16539648,0.0003,-3.268152346710364,0.659228515625,0.2525750524830073,0.32771483063697815,0.17025615,0.9985173344612122,-0.002471595006985202,0.2,0.0378994457423687,13450
2222,681.16971092,867.33,7448,1347,16551936,0.0003,-3.2781679441531497,0.6195719401041667,0.6747898414110144,0.32809725403785706,0.13105394,0.9965211153030396,-0.008631413444042361,0.2,0.11526050418615341,13460
2223,706.4340363999999,888.1,7448,1348,16564224,0.0003,-3.283674723406633,0.66572265625,0.3641897468517224,0.32846054434776306,0.19859938,0.9987856149673462,-0.002375567313477707,0.2,0.1003427729010582,13470
2225,705.6632488399998,896.78,7449,1349,16576512,0.0003,-3.3250266020496686,0.6359619140625,0.22639832670489948,0.33048388361930847,0.14839387,0.9985448122024536,0.001674952123236532,0.2,0.060893066227436066,13480
2226,690.78892596,888.7,7449,1350,16588800,0.0003,-3.364904063940048,0.6744710286458333,0.24163665591428676,0.33135923743247986,0.15067753,0.9973573684692383,0.00654136675245051,0.2,0.13255618512630463,13490
2228,694.9628359499999,912.76,7449,1351,16601088,0.0003,-3.3897177492578825,0.620263671875,0.4225083183652411,0.3317919075489044,0.14072071,0.9967175722122192,-0.010744752644677646,0.2,0.03791306912899017,13500
2230,687.9247841799998,917.09,7449,1352,16613376,0.0003,-3.417409552137057,0.6733154296875,0.7123625170749922,0.3328757882118225,0.14733747,0.9905844330787659,0.01121422232608893,0.2,0.2409849911928177,13510
2231,684.46574076,914.8,7449,1353,16625664,0.0003,-3.408010691901048,0.5891194661458333,1.2509037125855684,0.33181285858154297,0.16386394,0.9861516952514648,-0.018086087775009217,0.2,0.33989131450653076,13520
2233,673.96856481,938.7,7450,1354,16637952,0.0003,-3.415452251334985,0.6778971354166666,0.40954135010639825,0.3323781490325928,0.21088652,0.9957238435745239,-0.00841876358075145,0.2,0.08678178489208221,13530
2234,680.07112394,963.25,7450,1355,16650240,0.0003,-3.408773789803187,0.6270182291666667,0.6385487854480744,0.3322494924068451,0.16483988,0.991946280002594,-0.014981873441623368,0.2,0.2910548448562622,13540
2236,674.1111410600001,963.25,7450,1356,16662528,0.0003,-3.386057358980179,0.6649576822916666,0.2551095554915567,0.3316595256328583,0.19304688,0.9981580972671509,0.0007883480541446867,0.2,0.11457793414592743,13550
2237,668.6481890200001,963.25,7450,1357,16674816,0.0003,-3.397114530702432,0.6566324869791667,0.38747068972637255,0.33298829197883606,0.171211,0.9986445903778076,-0.006462138134520501,0.2,0.12060835212469101,13560
2239,679.1881743399999,966.28,7451,1358,16687104,0.0003,-3.4124292408426604,0.6463053385416667,0.3093384942660729,0.3327140808105469,0.1652018,0.9986757040023804,-0.007191190358328944,0.2,0.11820453405380249,13570
2241,661.98061209,948.56,7451,1359,16699392,0.0003,-3.397608303030332,0.6074951171875,0.5050871910527348,0.33250096440315247,0.14599515,0.9970236420631409,-0.014764003416833779,0.2,0.11504165828227997,13580
2242,658.75893857,942.99,7451,1360,16711680,0.0003,-3.386685768266519,0.49578450520833334,2.795100922510028,0.33226123452186584,0.09527203,0.9878827333450317,-0.03185993541943996,0.2,0.6796435117721558,13590
2244,631.0094020199999,921.64,7451,1361,16723968,0.0003,-3.3667198638121287,0.622509765625,1.072336626301209,0.3313945531845093,0.19944818,0.9942294955253601,-0.013895938515876576,0.2,0.3999694287776947,13600
2245,621.67775037,913.43,7451,1362,16736256,0.0003,-3.352004301051299,0.6664632161458334,1.307878577709198,0.33111730217933655,0.176354,0.985668957233429,-0.0022302277941586607,0.2,0.20663602650165558,13610
2247,626.46555984,901.01,7451,1363,16748544,0.0003,-3.3500659515460334,0.6634358723958333,0.40593353140478333,0.3309772312641144,0.2090192,0.9983341097831726,-0.006170875425110959,0.2,0.08122630417346954,13620
2249,621.1679220000001,901.01,7452,1364,16760832,0.0003,-3.3592522541681924,0.6381754557291667,0.5248750290522973,0.3315320312976837,0.21137099,0.9980066418647766,-0.013729288941734315,0.2,0.14241565763950348,13630
2250,640.19232549,907.49,7451,1365,16773120,0.0003,-3.3596008797486623,0.6520426432291667,0.3520062724749247,0.33156880736351013,0.1922955,0.9981639981269836,-0.013391149532981216,0.2,0.10825660824775696,13640
2252,631.5400835600001,910.69,7451,1366,16785408,0.0003,-3.339410815636317,0.6449137369791667,0.23109377468936146,0.3310353755950928,0.16626187,0.9984450340270996,-0.010558561297269382,0.2,0.06081371754407883,13650
2254,663.38173793,936.5,7451,1367,16797696,0.0003,-3.3267117803295454,0.58837890625,0.5924393160889546,0.3304474651813507,0.15104848,0.9975910782814026,-0.0172758085342745,0.2,0.13624991476535797,13660
2255,667.07301926,943.64,7451,1368,16809984,0.0003,-3.350339399278164,0.6907063802083333,0.28461060769235097,0.33232223987579346,0.18793349,0.9976009726524353,0.003910571202868596,0.2,0.0748162716627121,13670
2257,686.42550556,965.37,7451,1369,16822272,0.0003,-3.4008457442124684,0.6385823567708333,0.2542291091444592,0.3331027328968048,0.15217197,0.9973193407058716,-0.005167422687130359,0.2,0.0433819442987442,13680
2259,703.3938234100002,964.82,7451,1370,16834560,0.0003,-3.44677889496088,0.6477376302083333,0.2811868550255895,0.33474263548851013,0.17846806,0.9989920258522034,-0.012059154273204815,0.2,0.06517966091632843,13690
2260,713.7004969100002,968.61,7451,1371,16846848,0.0003,-3.4623437280456226,0.6237630208333333,0.41151895746588707,0.3340628445148468,0.16624244,0.9965325593948364,-0.01600207804585807,0.2,0.1276293396949768,13700
2262,709.9064132899999,950.89,7451,1372,16859136,0.0003,-3.442674756546815,0.6264485677083333,0.5004803706891835,0.33397141098976135,0.15750845,0.9973886609077454,-0.008085786068841116,0.2,0.07845700532197952,13710
2264,704.20434897,937.78,7451,1373,16871424,0.0003,-3.411037511130174,0.6673583984375,0.4621084243369599,0.33277395367622375,0.17021286,0.996880292892456,-0.009296069122501648,0.2,0.09309710562229156,13720
2265,661.1375269800001,929.15,7451,1374,16883712,0.0003,-3.380979444583257,0.6130045572916667,0.9254591775437196,0.3320063650608063,0.15203105,0.9927818775177002,-0.020448728612973355,0.2,0.2878592610359192,13730
2267,666.3474545400001,902.47,7451,1375,16896000,0.0003,-3.3776750435431797,0.6540608723958333,0.8476504539450009,0.33298957347869873,0.20453899,0.9921795129776001,-0.0031754632140897836,0.2,0.14316220581531525,13740
2269,668.57113423,901.17,7451,1376,16908288,0.0003,-3.37839209685723,0.5830647786458333,1.2813844289630651,0.33212006092071533,0.13329874,0.9962671399116516,-0.02472492658222715,0.2,0.1634511798620224,13750
2270,665.74467893,901.63,7451,1377,16920576,0.0003,-3.389109923442205,0.6819173177083333,0.2817442687228322,0.33291247487068176,0.1922921,0.9986498951911926,-0.002714829957888772,0.2,0.06268012523651123,13760
2272,659.44031429,894.57,7451,1378,16932864,0.0003,-3.366093695660432,0.6248291015625,0.8049676783382893,0.3316003084182739,0.16323021,0.9929776191711426,-0.014086025272263214,0.2,0.2412511110305786,13770
2273,643.6872297499999,899.88,7452,1379,16945152,0.0003,-3.3298265392581623,0.6369140625,0.9977915736536185,0.3307478427886963,0.17817384,0.9950804114341736,-0.015443804524450874,0.2,0.19419735670089722,13780
2275,624.27852833,883.9,7452,1380,16957440,0.0003,-3.3301800628503164,0.6673258463541667,1.2389242510621747,0.3308473825454712,0.19908518,0.9973491430282593,-0.02023699323569114,0.2,0.3117675185203552,13790
2277,630.78149958,882.12,7452,1381,16969728,0.0003,-3.310526732603709,0.5333089192708333,5.097948443889618,0.3308340609073639,0.097561695,0.9822951555252075,-0.035444540548875615,0.2,1.2941733598709106,13800
2278,620.1584929900001,887.27,7452,1382,16982016,0.0003,-3.3426690593361856,0.6092854817708333,2.984298650175333,0.3327130377292633,0.15447609,0.9908187985420227,-0.02606185426702723,0.2,0.9828554391860962,13810
2280,610.04316163,878.39,7452,1383,16994304,0.0003,-3.4174765144785244,0.6679361979166667,1.9196194790303707,0.3346579372882843,0.18138309,0.9917994141578674,-0.012256474295281806,0.2,0.49432089924812317,13820
2281,590.80263209,886.69,7452,1384,17006592,0.0003,-3.426663387318452,0.6632161458333333,1.0933000289524595,0.33434221148490906,0.19486715,0.9931787848472595,-0.012401249558509637,0.2,0.6832277178764343,13830
2283,561.62098718,855.23,7452,1385,17018880,0.0003,-3.4091865633924803,0.7042643229166666,0.8252508875603477,0.33366358280181885,0.20178564,0.9971100091934204,-0.0012828425698292753,0.2,0.24454209208488464,13840
2285,537.02320474,843.31,7452,1386,17031168,0.0003,-3.4249232302109403,0.6674397786458334,1.44182475519677,0.33474889397621155,0.18349683,0.9889348149299622,-0.01613610890005172,0.2,0.5608160495758057,13850
2286,551.31308571,865.54,7452,1387,17043456,0.0003,-3.414314813911915,0.5427571614583333,3.0830039154738187,0.3340719938278198,0.11014324,0.9851343035697937,-0.03531876177585218,0.2,0.9183064103126526,13860
2288,552.9331272200001,869.48,7452,1388,17055744,0.0003,-3.392022663851579,0.5733968098958333,3.7175344211359818,0.3332522213459015,0.13718279,0.9907855987548828,-0.03140897738824909,0.2,1.0615651607513428,13870
2290,544.29844997,855.67,7452,1389,17068032,0.0003,-3.3730079675714175,0.574072265625,5.841865680118402,0.3329536020755768,0.123031594,0.9816429018974304,-0.03519654426102837,0.2,2.116346836090088,13880
2291,545.1212620899998,866.39,7452,1390,17080320,0.0003,-3.3850729962189994,0.6478922526041667,4.04781401604414,0.33306148648262024,0.23003824,0.9826998114585876,-0.022127366637141675,0.2,1.1285687685012817,13890
2293,526.6236898599999,866.96,7452,1391,17092608,0.0003,-3.394005430241426,0.704248046875,2.3070058352003495,0.3326062858104706,0.23775566,0.9894914031028748,-0.0021575711376499384,0.2,0.574190080165863,13900
2295,534.2257647000001,880.44,7452,1392,17104896,0.0003,-3.3572492450475693,0.7206461588541667,1.703507599979639,0.33178791403770447,0.22514676,0.9777828454971313,0.0014296535916704064,0.2,0.6225267648696899,13910
2296,546.96325723,879.96,7453,1393,17117184,0.0003,-3.3489679798483847,0.6575602213541667,2.015102587019404,0.3318897783756256,0.2049037,0.9944171905517578,-0.015441548367865229,0.2,0.7259342670440674,13920
2298,542.38990784,885.91,7453,1394,17129472,0.0003,-3.3444859092434247,0.6105305989583333,3.4271779326101144,0.3314610719680786,0.13342595,0.9895907640457153,-0.028571328506465456,0.2,0.9247592091560364,13930
2299,547.20079013,886.82,7453,1395,17141760,0.0003,-3.3461413542429606,0.7162434895833333,2.090013238042593,0.33219394087791443,0.26027402,0.9916698932647705,0.000853923682977135,0.2,0.8275644779205322,13940
2301,531.3373381,884.87,7453,1396,17154048,0.0003,-3.3691473508874576,0.6574055989583333,2.6743379533290863,0.3322172462940216,0.17752413,0.9785616397857666,-0.02008711035111143,0.2,1.1414005756378174,13950
2303,524.21170848,887.79,7453,1397,17166336,0.0003,-3.3656407475471495,0.6036051432291667,3.8605552285909654,0.3321135342121124,0.117909074,0.9762282967567444,-0.025504855612719743,0.2,1.6099538803100586,13960
2304,526.3558126,886.31,7453,1398,17178624,0.0003,-3.3848679696520168,0.6528889973958333,3.3339995165665943,0.3330831825733185,0.1634784,0.9850026965141296,-0.016949402477863865,0.2,1.6232703924179077,13970
2306,533.01818633,884.99,7453,1399,17190912,0.0003,-3.4073327600955965,0.6998128255208333,2.2331197995692493,0.33333754539489746,0.20424028,0.9850876331329346,-0.0060749438615554634,0.2,0.7035675644874573,13980
2308,501.39290464,887.83,7453,1400,17203200,0.0003,-3.4198057944575946,0.6106526692708333,4.9599832529822985,0.33366715908050537,0.13093524,0.979917049407959,-0.029245604697886545,0.2,1.3120661973953247,13990
2309,504.86905091,892.38,7453,1401,17215488,0.0003,-3.415448640783628,0.6111246744791666,4.398116524020831,0.33345040678977966,0.14337264,0.9765351414680481,-0.025204664381938833,0.2,1.0561175346374512,14000
2311,509.41949708,884.89,7453,1402,17227776,0.0003,-3.4113501076896986,0.5907145182291667,5.361308091382186,0.33365869522094727,0.13186221,0.9779939651489258,-0.028196648184287673,0.2,1.4582840204238892,14010
2312,511.96906757000005,890.95,7453,1403,17240064,0.0003,-3.3878072728713353,0.61728515625,5.535322823127111,0.3322310447692871,0.16606241,0.9752843976020813,-0.03085711273015477,0.2,1.9275463819503784,14020
2314,506.85716351,881.29,7453,1404,17252352,0.0003,-3.354195300738017,0.525146484375,12.71005067229271,0.3315552771091461,0.06313538,0.9417027831077576,-0.028126892293221316,0.2,4.009710788726807,14030
2316,470.9270093500001,844.32,7453,1405,17264640,0.0003,-3.3441687310735384,0.6681396484375,5.782644818723202,0.3312716782093048,0.16369113,0.9562979340553284,-0.007518496653453137,0.2,2.6020846366882324,14040
2317,462.90408307000007,834.29,7453,1406,17276928,0.0003,-3.3804096107681594,0.7115804036458333,4.39517459521691,0.33276745676994324,0.22625065,0.9663239121437073,-0.010992114889086224,0.2,1.739449381828308,14050
2319,453.27655696,810.36,7453,1407,17289216,0.0003,-3.4138668457667034,0.6642659505208334,7.800043409566085,0.3334822356700897,0.1755234,0.9696816802024841,-0.019803524132294116,0.2,3.3893983364105225,14060
2321,442.3578880099999,805.33,7453,1408,17301504,0.0003,-3.4034912223617235,0.6604329427083333,6.596992437541485,0.3323306441307068,0.18659548,0.9718104004859924,-0.023312717040729087,0.2,2.151120662689209,14070
2322,443.81074361,818.21,7453,1409,17313792,0.0003,-3.4068933084607123,0.69970703125,6.162040036420027,0.3326834738254547,0.21178989,0.9722046852111816,-0.012153549948319171,0.2,2.344439744949341,14080
2324,436.12802415,798.79,7454,1410,17326080,0.0003,-3.4634793773293495,0.759033203125,3.33479566698273,0.33398959040641785,0.26842842,0.9675859212875366,0.0188902035113036,0.2,1.0583744049072266,14090
2325,430.69101571999994,767.24,7454,1411,17338368,0.0003,-3.464564389983813,0.6667317708333333,2.9891907510658107,0.3344753682613373,0.20884937,0.9774354100227356,-0.013173795909582016,0.2,0.7074484825134277,14100
2327,439.97826319000006,753.93,7454,1412,17350656,0.0003,-3.4760100622971852,0.6740071614583333,3.405588464687268,0.334496408700943,0.2062218,0.9838340878486633,-0.0202653393362804,0.2,1.1090519428253174,14110
2329,416.5478565099999,707.32,7454,1413,17362944,0.0003,-3.477559626599153,0.6698974609375,4.23817859540383,0.3340955972671509,0.20194125,0.9824679493904114,-0.022733300494534585,0.2,2.066298007965088,14120
2330,416.96226654000003,661.56,7454,1414,17375232,0.0003,-3.4707760910193124,0.653369140625,4.408510832985242,0.333760529756546,0.17347784,0.9718682765960693,-0.024768850295610417,0.2,1.1024845838546753,14130
2332,418.29146566,660.13,7454,1415,17387520,0.0003,-3.4566725234190625,0.66904296875,3.8176490388810636,0.3332493007183075,0.18346249,0.9835010170936584,-0.01723080146572708,0.2,1.1716151237487793,14140
2334,429.69793947,680.83,7454,1416,17399808,0.0003,-3.458516949911912,0.7516276041666666,2.2000642302135627,0.3336813449859619,0.2799433,0.9877417087554932,0.004652705656675001,0.2,0.5475177764892578,14150
2335,436.54975527999994,682.4,7454,1417,17412096,0.0003,-3.46044247597456,0.7056803385416667,2.493013419707616,0.33363664150238037,0.20050067,0.987553060054779,-0.011982836100893715,0.2,0.7621732354164124,14160
2337,441.48157093000003,688.92,7454,1418,17424384,0.0003,-3.4590028737982115,0.6902994791666667,2.2640393865605195,0.3338433504104614,0.20497036,0.9894504547119141,-0.01661968195451967,0.2,0.5586586594581604,14170
2338,429.60175538000004,672.66,7454,1419,17436672,0.0003,-3.468049820760886,0.68349609375,2.083835780372222,0.33400705456733704,0.20964523,0.9861884713172913,-0.019013165880460293,0.2,0.6499221920967102,14180
2340,383.49754547000003,644.19,7454,1420,17448960,0.0003,-3.47258294125398,0.6033284505208333,4.691943480322759,0.33385762572288513,0.14424591,0.9755845069885254,-0.028819404638003712,0.2,1.6886730194091797,14190
2342,387.19961853,621.26,7455,1421,17461248,0.0003,-3.451539740463098,0.6574951171875,3.910048835972945,0.33342471718788147,0.19061373,0.9866701364517212,-0.021905833895531638,0.2,1.3187000751495361,14200
2343,399.26299704999997,634.99,7455,1422,17473536,0.0003,-3.440764965613683,0.6611490885416667,3.585069808612267,0.33281445503234863,0.1898848,0.9900179505348206,-0.0202890787399762,0.2,1.1115056276321411,14210
2345,399.98079813000004,657.39,7455,1423,17485824,0.0003,-3.4824067344268164,0.7594075520833333,1.0899240106344223,0.3345949649810791,0.31570187,0.9927383065223694,0.008766664516588207,0.2,0.2548260986804962,14220
2347,453.58966166,692.8,7455,1424,17498112,0.0003,-3.509763871630033,0.6526204427083333,3.4625224329531195,0.33471307158470154,0.18005781,0.9815967679023743,-0.02652881656831596,0.2,1.3343937397003174,14230
2348,478.8593427200001,743.44,7455,1425,17510400,0.0003,-3.506290099521478,0.5619954427083333,3.925408309449752,0.3349374234676361,0.10946093,0.9797123074531555,-0.022734422320111965,0.2,1.0123127698898315,14240
2350,510.32895170000006,773.8,7455,1426,17522688,0.0003,-3.533359228571256,0.7444417317708333,1.3396385205288728,0.3353801667690277,0.29546526,0.9876179695129395,0.0016858327454732111,0.2,0.49201667308807373,14250
2351,526.0154738900001,806.56,7455,1427,17534976,0.0003,-3.518461939195792,0.7052408854166666,1.3085849576940138,0.33500996232032776,0.23068334,0.9894303679466248,-0.008945788986360033,0.2,0.4503192603588104,14260
2353,502.09723292,801.31,7455,1428,17547264,0.0003,-3.502507730325063,0.622265625,2.1646960277110336,0.33474043011665344,0.17262866,0.9849507808685303,-0.023306991498490484,0.2,0.5444051027297974,14270
2355,518.0179890200001,815.24,7456,1429,17559552,0.0003,-3.4703450749317803,0.619921875,3.6967757105827332,0.3332843482494354,0.14101966,0.9701434969902039,-0.020987836039421382,0.2,0.8578212261199951,14280
2356,535.8641755699999,828.79,7456,1430,17571840,0.0003,-3.4493039056658743,0.6730631510416667,3.0552753719190755,0.33317089080810547,0.19395924,0.9760621786117554,-0.016790943420104062,0.2,0.7266696691513062,14290
2358,526.2386412400001,817.96,7456,1431,17584128,0.0003,-3.445897695918878,0.6862548828125,2.4916786041110752,0.33338722586631775,0.21726274,0.9899166226387024,-0.010160902945547909,0.2,0.4400705397129059,14300
2359,518.28615,787.83,7456,1432,17596416,0.0003,-3.4655065601070723,0.7209228515625,1.222623606150349,0.33353281021118164,0.2714132,0.9888896346092224,-0.00884437335334951,0.2,0.37163975834846497,14310
2361,559.84496763,805.9,7456,1433,17608704,0.0003,-3.445179802676042,0.63671875,3.168851231535276,0.3331827223300934,0.15637504,0.9865882992744446,-0.025788992265006527,0.2,0.6046070456504822,14320
2363,569.0159633,813.01,7456,1434,17620992,0.0003,-3.4270363370577495,0.6431722005208333,4.214518967519203,0.332598477602005,0.16135412,0.9838890433311462,-0.020776568299334032,0.2,1.3794828653335571,14330
2364,579.2241842,814.04,7456,1435,17633280,0.0003,-3.4420882279674214,0.68603515625,2.1735571432858705,0.3339104950428009,0.22218448,0.9919329285621643,-0.014879613075754606,0.2,0.48177826404571533,14340
2366,557.1082917,792.71,7456,1436,17645568,0.0003,-3.4187460591395697,0.6214680989583333,3.2475195083767177,0.3325955867767334,0.16691232,0.9737632274627686,-0.02154286576648398,0.2,1.2348780632019043,14350
2367,539.40379928,786.44,7456,1437,17657856,0.0003,-3.4303376535574595,0.7228108723958333,1.6774966321885585,0.33267757296562195,0.39537692,0.9859745502471924,-0.010204370297530355,0.2,0.46467694640159607,14360
2369,561.97781752,806.6,7456,1438,17670144,0.0003,-3.4135739291707674,0.6919108072916667,2.1616455882787706,0.3322562277317047,0.19740558,0.9887800812721252,-0.012051858256260555,0.2,0.7306489944458008,14370
2371,549.59384561,810.15,7457,1439,17682432,0.0003,-3.4224139630794523,0.72080078125,1.4331406589597464,0.33255985379219055,0.2777613,0.9906514883041382,-0.008898094902785184,0.2,0.4007342457771301,14380
2372,523.19006193,804.1,7457,1440,17694720,0.0003,-3.4109536717335383,0.7049967447916666,1.332379722346862,0.3314553499221802,0.21451771,0.9880555868148804,-0.005016725932364352,0.2,0.36586588621139526,14390
2374,534.1064473600001,815.68,7457,1441,17707008,0.0003,-3.3644073347250623,0.6196695963541666,3.287904384980599,0.33031201362609863,0.1551095,0.9816505908966064,-0.027476923574189033,0.2,1.2957864999771118,14400
2376,564.03395735,832.32,7457,1442,17719296,0.0003,-3.3751879135767617,0.714208984375,1.6552187579373518,0.3314950168132782,0.27813727,0.993377685546875,-0.012341602677285362,0.2,0.5617647767066956,14410
2377,567.77537504,841.41,7457,1443,17731584,0.0003,-3.3848119914531707,0.6752604166666667,1.7788239060590665,0.33134642243385315,0.17008267,0.988506019115448,-0.01898663514778794,0.2,0.37370434403419495,14420
2379,567.04042437,839.24,7457,1444,17743872,0.0003,-3.3489534512162207,0.6526611328125,2.5328416955967743,0.3298370838165283,0.16394816,0.9791139364242554,-0.01569658167330393,0.2,0.6158953905105591,14430
2380,559.71969614,820.99,7457,1445,17756160,0.0003,-3.3167062411705652,0.6726643880208333,2.045690920203924,0.32932916283607483,0.22487576,0.9846503734588623,-0.023712207760157374,0.2,0.5589955449104309,14440
2382,531.68405451,789.7,7457,1446,17768448,0.0003,-3.2959470450878143,0.6378987630208334,2.6811534674217303,0.3287932872772217,0.15261161,0.9796643853187561,-0.01989061930507887,0.2,0.9600707292556763,14450
2384,518.34911412,792.39,7457,1447,17780736,0.0003,-3.2732309848070145,0.67431640625,2.7325537387281655,0.3283687233924866,0.20667684,0.9797917008399963,-0.019365109125889526,0.2,1.7494841814041138,14460
2385,484.68039626999996,779.86,7457,1448,17793024,0.0003,-3.256698915362358,0.6268310546875,4.768185604115327,0.32785606384277344,0.13855988,0.9866898059844971,-0.02803897724855536,0.2,1.3437788486480713,14470
2387,494.43229286999997,777.46,7457,1449,17805312,0.0003,-3.2583593959609667,0.686083984375,3.125657295435667,0.32841411232948303,0.25795284,0.9847609996795654,-0.013671803952699216,0.2,2.178201198577881,14480
2389,470.03142502,762.48,7458,1450,17817600,0.0003,-3.2605883538722993,0.68291015625,3.3650274269282816,0.3282483220100403,0.18719064,0.9859015345573425,-0.020378568118515735,0.2,1.3789106607437134,14490
2390,451.1676330099999,742.97,7458,1451,17829888,0.0003,-3.2453951597213746,0.667431640625,4.268230631202459,0.3275923430919647,0.17859326,0.9828509092330933,-0.02196743089298252,0.2,1.356492042541504,14500
2392,444.91017256,729.38,7458,1452,17842176,0.0003,-3.2245943168799083,0.6638102213541667,3.6458499734600385,0.3267987072467804,0.17287505,0.9815269112586975,-0.023190248858494064,0.2,1.0055220127105713,14510
2393,459.04762863000013,729.14,7458,1453,17854464,0.0003,-3.205714819331964,0.6578531901041667,4.122302500406901,0.3268086314201355,0.20004962,0.9832181930541992,-0.021382475425101195,0.2,0.991020679473877,14520
2395,456.78243248000007,722.92,7458,1454,17866752,0.0003,-3.235377825796604,0.7349446614583334,2.281377037614584,0.3277619779109955,0.29359087,0.989543616771698,0.001294677956805875,0.2,0.7175208330154419,14530
2397,450.19951982,735.75,7458,1455,17879040,0.0003,-3.2682979414860407,0.6869140625,2.8209230373303096,0.32866644859313965,0.21530347,0.9746398329734802,-0.015165171504486352,0.2,0.8006405234336853,14540
2399,468.50853187,745.02,7457,1456,17891328,0.0003,-3.339645779132843,0.7659749348958333,1.1556647930294275,0.33109477162361145,0.37288356,0.9863016605377197,0.004437256312909691,0.2,0.38553401827812195,14550
2400,491.0481744300001,786.17,7457,1457,17903616,0.0003,-3.36239326496919,0.7368977864583334,1.3607420635720093,0.33103927969932556,0.24484146,0.9886831641197205,-0.003300520096672699,0.2,0.6738232970237732,14560
2402,542.2640754099999,826.99,7456,1458,17915904,0.0003,-3.381444442272186,0.6686442057291667,1.539135504886508,0.33250781893730164,0.20551424,0.9892840385437012,-0.01739329638221534,0.2,0.7342023849487305,14570
2404,555.43870397,845.69,7456,1459,17928192,0.0003,-3.4060119077563287,0.6459147135416666,2.0357345659285784,0.33226487040519714,0.17637956,0.9881472587585449,-0.022796828519009674,0.2,0.7017116546630859,14580
2438,580.83317545,878.07,7355,1460,17940480,0.0003,-3.38051003019015,0.609814453125,2.7801154635846617,0.3313341438770294,0.16614215,0.982292652130127,-0.02352109240067269,0.2,0.9040021896362305,14590
2445,589.49448927,897.17,7342,1461,17952768,0.0003,-3.3966250812013943,0.7278238932291666,1.3485329878826937,0.33236899971961975,0.2732469,0.9883071780204773,-0.005852395364975867,0.2,0.33523085713386536,14600
2478,594.7643764399999,906.35,7248,1462,17965056,0.0003,-3.4090202768643696,0.7160074869791667,1.4033427206178506,0.33239635825157166,0.23711777,0.9859334230422974,-0.013993441691369905,0.2,0.558147668838501,14610
2481,606.70158899,909.35,7245,1463,17977344,0.0003,-3.4055068085591,0.5778483072916667,4.287503930429618,0.33224380016326904,0.11713485,0.9754084944725037,-0.03156086731711791,0.2,1.2722660303115845,14620
2487,583.93522734,906.4,7233,1464,17989632,0.0003,-3.415383347372214,0.6853352864583333,1.9694596578677495,0.3323030471801758,0.21316779,0.9742032885551453,-0.01171768240747042,0.2,0.7225438356399536,14630
2493,567.36210778,902.95,7219,1465,18001920,0.0003,-3.42646096299092,0.6666585286458333,2.4588331455985704,0.33295559883117676,0.19298057,0.9714247584342957,-0.020863505943270865,0.2,0.7226769328117371,14640
2499,568.5642218099999,910.35,7208,1466,18014208,0.0003,-3.4287246470650037,0.5428629557291667,4.64932402720054,0.3321964740753174,0.08483437,0.9760007262229919,-0.02743604869271318,0.2,1.248785376548767,14650
2504,574.58621549,918.05,7197,1467,18026496,0.0003,-3.4213362127542495,0.6769694010416667,2.8180267333984377,0.3322531282901764,0.1972103,0.9816145300865173,-0.019095271080732345,0.2,0.7643597722053528,14660
2510,580.29451092,913.23,7186,1468,18038784,0.0003,-3.418850367764632,0.5803792317708333,6.077738786240419,0.33203208446502686,0.13560773,0.9543650150299072,-0.03101201740015919,0.2,1.3615975379943848,14670
2515,570.66510539,914.16,7176,1469,18051072,0.0003,-3.4185378924012184,0.7282958984375,3.047668430705865,0.3310709595680237,0.2135691,0.9723366498947144,-0.003790407567673052,0.2,1.0212445259094238,14680
2520,558.0601253100001,899.09,7166,1470,18063360,0.0003,-3.4227555205424625,0.68681640625,3.935582964370648,0.33203473687171936,0.18780291,0.970537006855011,-0.013150104185721526,0.2,1.371764063835144,14690
2523,569.78872787,887.96,7163,1471,18075648,0.0003,-3.3838419571518896,0.5997721354166666,5.101413748413324,0.32988739013671875,0.13443936,0.9658520221710205,-0.031161116565150828,0.2,1.3214576244354248,14700
2720,561.5666594999999,891.53,6649,1472,18087936,0.0003,-3.351194433371226,0.72236328125,2.9279187992215157,0.32970142364501953,0.254038,0.972275972366333,-0.006933247802468638,0.2,0.8809037208557129,14710
2722,550.4073911300001,896.03,6649,1473,18100224,0.0003,-3.330203772087892,0.7300130208333333,2.6166470304131506,0.32894906401634216,0.2331193,0.9748812317848206,-0.007187639366020448,0.2,0.9011358618736267,14720
2723,540.69879236,876.76,6649,1474,18112512,0.0003,-3.3056527694066364,0.6799967447916667,4.134889762848616,0.32903847098350525,0.24195027,0.96280837059021,-0.015168323716594993,0.2,0.990483820438385,14730
2725,521.45075845,864.45,6649,1475,18124800,0.0003,-3.2905293688178063,0.637060546875,4.1683959638079005,0.3283105194568634,0.18137224,0.9777300953865051,-0.029860226773113632,0.2,1.0172147750854492,14740
2727,538.49737619,863.06,6649,1476,18137088,0.0003,-3.3148674393693605,0.7632486979166667,1.51129535275201,0.32897239923477173,0.29822958,0.9851513504981995,0.006011903610972998,0.2,0.4742806553840637,14750
2729,551.05700656,870.48,6649,1477,18149376,0.0003,-3.3079481691122057,0.7122151692708333,1.8796726153542598,0.32851889729499817,0.2179587,0.9881688952445984,-0.014901969410129823,0.2,0.572894275188446,14760
2731,543.02533784,844.76,6649,1478,18161664,0.0003,-3.308783920109272,0.6938232421875,2.3839202374219894,0.32916590571403503,0.20834236,0.9869208931922913,-0.01563876172634385,0.2,0.7070900797843933,14770
2732,554.9370776999999,823.71,6650,1479,18173952,0.0003,-3.3010346218943596,0.648876953125,3.3535479180514813,0.3280973732471466,0.19988109,0.985485315322876,-0.026037458185843812,0.2,0.7101543545722961,14780
2734,496.21961285,776.63,6650,1480,18186240,0.0003,-3.2772759874661763,0.6610921223958334,3.1312757030129434,0.32790830731391907,0.17991604,0.9872695207595825,-0.022917690680090648,0.2,0.7150408625602722,14790
2736,496.75949187000003,771.24,6650,1481,18198528,0.0003,-3.2673583860198656,0.6502278645833334,4.189227373401324,0.3274858295917511,0.1886637,0.9732558727264404,-0.027974523187246327,0.2,1.4780420064926147,14800
2738,444.0733673,721.41,6651,1482,18210816,0.0003,-3.259388063848019,0.7281168619791667,2.7091300172110397,0.32745206356048584,0.2301029,0.9896622896194458,-0.0070773131747652466,0.2,1.3779933452606201,14810
2739,406.34830425,701.33,6651,1483,18223104,0.0003,-3.2635019068916638,0.6129964192708334,6.549467803537846,0.32810619473457336,0.1442401,0.9797256588935852,-0.031068618709105066,0.2,2.290919065475464,14820
2741,355.33994193,662.26,6651,1484,18235392,0.0003,-3.272914780676365,0.5355061848958333,12.086361396312714,0.3278837203979492,0.087181054,0.9653646945953369,-0.041485417963122016,0.2,6.328367233276367,14830
2743,340.36656306,652.76,6651,1485,18247680,0.0003,-3.260741004347801,0.5807942708333333,10.258775873978932,0.32772961258888245,0.12433082,0.9737573862075806,-0.04293092446750961,0.2,2.5618677139282227,14840
2744,363.35785539999995,686.12,6652,1486,18259968,0.0003,-3.2652335966626804,0.6287923177083333,8.791486218074958,0.3275147080421448,0.14737643,0.9602771997451782,-0.03351205613192481,0.2,2.158115863800049,14850
2746,375.88591367999993,705.25,6652,1487,18272256,0.0003,-3.2828119059403735,0.651416015625,9.353461815913517,0.3280898928642273,0.14472283,0.972313642501831,-0.02982873471773928,0.2,3.517378568649292,14860
2748,381.13570725000005,708.93,6652,1488,18284544,0.0003,-3.2741736377278965,0.6969482421875,6.9841244583328566,0.327499657869339,0.19753842,0.9772104620933533,-0.016657137762134275,0.2,2.3714516162872314,14870
2750,400.45903050999993,729.64,6653,1489,18296832,0.0003,-3.2620073313514393,0.6904947916666667,5.822577336927255,0.32739341259002686,0.21136212,0.97415691614151,-0.01774277720299627,0.2,1.8137445449829102,14880
2751,399.15802611000004,753.09,6653,1490,18309120,0.0003,-3.287207746505737,0.7044921875,4.749919728438059,0.32752496004104614,0.20131959,0.9666067957878113,-0.0129185864488439,0.2,1.285129189491272,14890
2753,428.45899952,767.25,6654,1491,18321408,0.0003,-3.288218761483828,0.6699137369791667,6.013562033077081,0.3278929889202118,0.18332791,0.9796938896179199,-0.01939828049216885,0.2,1.608073353767395,14900
2755,436.8647585699999,782.67,6654,1492,18333696,0.0003,-3.3381407151619595,0.7403889973958333,4.609978444377581,0.32972005009651184,0.24605894,0.9727739691734314,0.004838933124847245,0.2,1.9941846132278442,14910
2756,415.5850107299999,742.55,6654,1493,18345984,0.0003,-3.3378500739733377,0.7117350260416667,5.375246794025103,0.32881104946136475,0.2507395,0.9763435125350952,-0.01940566155293103,0.2,1.5072839260101318,14920
2758,421.50319365,744.55,6655,1494,18358272,0.0003,-3.322438670198123,0.6682047526041667,5.906077088912328,0.32895949482917786,0.18062218,0.9802692532539368,-0.029383692764289055,0.2,1.7092598676681519,14930
2760,392.51650414000005,701.82,6655,1495,18370560,0.0003,-3.315361832578977,0.5598876953125,15.199998546640078,0.3288390338420868,0.09913399,0.9666677713394165,-0.0441915895382408,0.2,7.09450101852417,14940
2761,401.37202842,686.19,6656,1496,18382848,0.0003,-3.328483434021473,0.6804850260416667,7.6547317743301395,0.3286166787147522,0.19444017,0.9820778965950012,-0.02615909156156704,0.2,2.6619091033935547,14950
2763,354.1920555,638.25,6656,1497,18395136,0.0003,-3.2898675551017127,0.6475830078125,7.682319523394108,0.32736125588417053,0.18287493,0.978635847568512,-0.02657965793138525,0.2,3.350618362426758,14960
2765,363.27813055000007,629.53,6656,1498,18407424,0.0003,-3.260460317134857,0.6543131510416667,8.83911447028319,0.3265210688114166,0.15876119,0.97561115026474,-0.033034629761823454,0.2,3.4661972522735596,14970
2767,346.6519389000001,620.62,6656,1499,18419712,0.0003,-3.239023568232854,0.72890625,5.116419208546479,0.32590270042419434,0.26928034,0.9775881171226501,-0.00816801971232053,0.2,1.37722909450531,14980
2768,356.51535169000005,619.15,6657,1500,18432000,0.0003,-3.232145674029986,0.7051595052083334,5.796280108888944,0.3258109390735626,0.23222606,0.9752237796783447,-0.014275040282518603,0.2,1.8671889305114746,14990
2770,376.7585465200001,633.64,6657,1501,18444288,0.0003,-3.2191192398468655,0.6748291015625,6.904895573357741,0.3251309096813202,0.18705742,0.9781885743141174,-0.02737773966315823,0.2,2.4751758575439453,15000
2772,395.30736879000006,620.38,6657,1502,18456576,0.0003,-3.250574130813281,0.745068359375,4.3234734026094275,0.32582366466522217,0.30488813,0.9928771257400513,-0.011087496348773129,0.2,1.5881818532943726,15010
2773,416.21370477,653.41,6658,1503,18468864,0.0003,-3.264547101656596,0.7325520833333333,3.855231932302316,0.3266717195510864,0.23425387,0.9859941005706787,-0.0033984628399290765,0.2,0.8897900581359863,15020
2775,417.33865777,645.82,6658,1504,18481152,0.0003,-3.3258074556787807,0.7781575520833334,2.3319097350041074,0.3282841444015503,0.31652963,0.9882952570915222,0.006893175089498982,0.2,0.8939640522003174,15030
2777,429.83284368,680.68,6658,1505,18493440,0.0003,-3.337640923758348,0.6637858072916667,4.399779306352139,0.3282245397567749,0.1698044,0.9802055954933167,-0.030377895320998504,0.2,1.3322664499282837,15040
2778,462.55832908000014,706.95,6659,1506,18505728,0.0003,-3.335369083782037,0.6625081380208333,5.8501712838808695,0.3278973400592804,0.16497342,0.9845125079154968,-0.023319599506794474,0.2,1.42550790309906,15050
2780,449.8489573300001,727.18,6659,1507,18518016,0.0003,-3.3247305105129876,0.6572265625,5.0866316268841425,0.3275260031223297,0.18010075,0.9886510372161865,-0.02606730213641034,0.2,1.5286831855773926,15060
2782,459.01278628999995,754.66,6659,1508,18530304,0.0003,-3.3009128645062447,0.7077311197916667,3.8997856763501964,0.3265400826931,0.22208363,0.9878703355789185,-0.009449344359260673,0.2,1.5888714790344238,15070
2784,459.36122391,740.1,6660,1509,18542592,0.0003,-3.2719999834895135,0.66337890625,5.256484557688236,0.3264358639717102,0.18791127,0.9868859648704529,-0.026844655501190574,0.2,1.6352227926254272,15080
2785,463.73978552999984,745.55,6660,1510,18554880,0.0003,-3.2702529499928157,0.6484212239583333,4.406278208394846,0.32618629932403564,0.15300919,0.987112820148468,-0.02547266928498478,0.2,1.3797370195388794,15090
2787,487.2503039,752.7,6661,1511,18567168,0.0003,-3.293383007248243,0.7066487630208333,3.470654378583034,0.3272477686405182,0.23590894,0.9889744520187378,-0.02085578060747745,0.2,1.199285626411438,15100
2789,497.78880835999996,754.55,6661,1512,18579456,0.0003,-3.325184727211793,0.7199544270833333,3.1563738599419593,0.32770147919654846,0.23836894,0.991863489151001,-0.017335225342928123,0.2,0.7095833420753479,15110
2790,496.27211146,759.8,6661,1513,18591744,0.0003,-3.3125865305463473,0.6637613932291667,4.213062444080909,0.3270415961742401,0.163669,0.9897140860557556,-0.020404100962817515,0.2,1.2977019548416138,15120
2792,494.977561,788.83,6662,1514,18604032,0.0003,-3.32226193745931,0.7706949869791667,1.676804143935442,0.3275250494480133,0.33375558,0.9847083687782288,0.006584481592290104,0.2,0.4053303003311157,15130
2794,489.17830239,813.83,6662,1515,18616320,0.0003,-3.367027831077576,0.7511962890625,2.1992998662094276,0.3289073705673218,0.23884301,0.9694437384605408,0.003071852811748007,0.2,0.8006125092506409,15140
2795,514.5000993,845.61,6663,1516,18628608,0.0003,-3.392452051738898,0.6992757161458333,1.8795139845460653,0.3293384611606598,0.18909712,0.9935804009437561,-0.011386131856609912,0.2,0.870514988899231,15150
2797,526.2599325400001,856.61,6663,1517,18640896,0.0003,-3.414987776676814,0.7179443359375,1.3663320804635684,0.3305644392967224,0.26270446,0.9943971633911133,-0.01349221151128101,0.2,0.46487152576446533,15160
2799,518.08465387,865.75,6664,1518,18653184,0.0003,-3.4152212008833884,0.6566487630208333,3.46371849278609,0.3299533426761627,0.13704596,0.9847902059555054,-0.02257891361756871,0.2,1.1273521184921265,15170
2800,517.5558267600001,878.1,6664,1519,18665472,0.0003,-3.435348923007647,0.7206868489583333,1.4324112004290024,0.33058199286460876,0.23584314,0.9892198443412781,-0.008950732043012976,0.2,0.5020314455032349,15180
2802,544.1362314600001,896.51,6664,1520,18677760,0.0003,-3.419382886091868,0.7131754557291666,1.1862021692097187,0.32969626784324646,0.2597828,0.9956132769584656,-0.016920326965434166,0.2,0.25183144211769104,15190
2804,575.1973716699999,910.87,6665,1521,18690048,0.0003,-3.401643604040146,0.7081298828125,1.2066469283153614,0.32894614338874817,0.22236013,0.9933843612670898,-0.01549162682883131,0.2,0.45514512062072754,15200
2805,617.02475671,915.49,6665,1522,18702336,0.0003,-3.4072021593650184,0.6919596354166667,1.4188531766335168,0.3293607234954834,0.18924694,0.9951080083847046,-0.016933173521344238,0.2,0.5156298875808716,15210
2807,628.4681032500001,911.74,6665,1523,18714624,0.0003,-3.4086684077978133,0.6650227864583333,1.7909126633157333,0.33001676201820374,0.17188056,0.9929695725440979,-0.01872817006757638,0.2,0.4393482208251953,15220
2810,631.5519226800001,895.14,6663,1524,18726912,0.0003,-3.435942613085111,0.6639729817708333,2.186725076287985,0.3301401734352112,0.16519795,0.9914116859436035,-0.024422881617889896,0.2,0.9880040287971497,15230
2812,635.5594600300001,919.65,6663,1525,18739200,0.0003,-3.421213973561923,0.642724609375,2.977981863046686,0.3294401466846466,0.16632529,0.9841228127479553,-0.022481199200168098,0.2,1.0389710664749146,15240
2814,668.4947624300002,933.31,6663,1526,18751488,0.0003,-3.3875173245867094,0.7348876953125,1.132836032907168,0.3286176025867462,0.27324906,0.9951609969139099,-0.007238501763398139,0.2,0.4904738664627075,15250
2815,638.12048003,914.82,6663,1527,18763776,0.0003,-3.3981264094511667,0.7174560546875,1.2100414355595908,0.3298836052417755,0.2395432,0.9955682158470154,-0.017007769621947468,0.2,0.3882712125778198,15260
2817,647.01505475,913.5,6664,1528,18776064,0.0003,-3.4118316118915875,0.6478352864583333,1.6835967813928923,0.3290739059448242,0.16434634,0.9915989637374878,-0.02699859011239217,0.2,0.5783920884132385,15270
2819,608.6650754000001,893.49,6664,1529,18788352,0.0003,-3.386354780693849,0.7094482421875,1.1100266612445315,0.3289601802825928,0.21703391,0.9929096698760986,-0.015479687815726114,0.2,0.31751537322998047,15280
2821,619.8848065200001,904.46,6663,1530,18800640,0.0003,-3.3916536872585614,0.7074055989583333,0.7222730175281564,0.3287064731121063,0.22597182,0.992218017578125,-0.011607466058922,0.2,0.11408989131450653,15290
2823,599.7498024199999,879.17,6663,1531,18812928,0.0003,-3.39448953717947,0.704638671875,0.6296551545461019,0.32947731018066406,0.2323907,0.9976881742477417,-0.01657291028629212,0.2,0.23490162193775177,15300
2825,607.1584431599999,871.03,6663,1532,18825216,0.0003,-3.417254148423672,0.7115478515625,0.940138351606826,0.3299955427646637,0.2651515,0.9953023195266724,-0.01971069863260103,0.2,0.27324652671813965,15310
2827,592.42669948,860.14,6663,1533,18837504,0.0003,-3.4105190048615137,0.5962320963541666,2.3903481641163427,0.3290019929409027,0.1659748,0.98316490650177,-0.026120045736509685,0.2,0.5618768334388733,15320
2828,620.6319935899999,862.3,6663,1534,18849792,0.0003,-3.3824204355478287,0.6717936197916666,1.270728553707401,0.32841506600379944,0.19217904,0.9892422556877136,-0.02008495410797574,0.2,0.4990246295928955,15330
2830,603.09761824,847.71,6663,1535,18862080,0.0003,-3.372608610490958,0.7181396484375,0.9950513719270627,0.32811054587364197,0.23278254,0.9964150190353394,-0.01684804812054305,0.2,0.3697966933250427,15340
2832,622.4834162800001,857.93,6664,1536,18874368,0.0003,-3.389854057133198,0.724365234375,0.8487447533135613,0.3286329209804535,0.25084618,0.9936246871948242,-0.009849464063881897,0.2,0.26846230030059814,15350
2833,620.05069908,866.83,6664,1537,18886656,0.0003,-3.371562314530214,0.6963297526041666,1.0112621954952676,0.3279556334018707,0.22069132,0.9918987154960632,-0.019919035164639352,0.2,0.32002192735671997,15360
2835,612.23724794,866.69,6665,1538,18898944,0.0003,-3.388343750933806,0.72197265625,0.894743146498998,0.3281313478946686,0.24251854,0.9925994873046875,-0.011559562493736545,0.2,0.2394256591796875,15370
2837,583.46367115,842.74,6665,1539,18911232,0.0003,-3.378606143593788,0.6993326822916667,0.645333198706309,0.32841500639915466,0.22912611,0.9959426522254944,-0.017460592684801667,0.2,0.26948443055152893,15380
2838,595.4047876,848.85,6666,1540,18923520,0.0003,-3.371063576141993,0.6513834635416667,1.164683531659345,0.32781657576560974,0.16947818,0.9926279187202454,-0.02350922647092375,0.2,0.3265356123447418,15390
2840,592.26454462,870.69,6666,1541,18935808,0.0003,-3.3505685443679494,0.6611572265625,1.0230413873369495,0.32747122645378113,0.20018761,0.9940186142921448,-0.01853234395045244,0.2,0.2622981667518616,15400
2842,603.8500223300001,879.12,6667,1542,18948096,0.0003,-3.325771207610766,0.6321451822916667,1.3892809716363748,0.3267272412776947,0.16902299,0.9952865839004517,-0.02090574637259124,0.2,0.4417271614074707,15410
2843,590.93348886,897.02,6667,1543,18960384,0.0003,-3.3513660406072936,0.7539957682291667,0.46840420781324305,0.3277793824672699,0.31997183,0.9961273670196533,-0.0033877047681016847,0.2,0.1054382175207138,15420
2845,607.4575373700001,892.43,6667,1544,18972672,0.0003,-3.3748471558094026,0.7009440104166667,0.4857690205797553,0.3285190761089325,0.22793692,0.9968731999397278,-0.01597124692440654,0.2,0.10338827967643738,15430
2847,634.92581484,909.78,6668,1545,18984960,0.0003,-3.3754047229886055,0.6654541015625,0.5734792586416007,0.32783421874046326,0.17347383,0.9948251843452454,-0.018606452089443337,0.2,0.16115733981132507,15440
2848,640.6564565699999,927.55,6668,1546,18997248,0.0003,-3.365485507249832,0.6786539713541667,0.3355989202236136,0.32755133509635925,0.18284889,0.9950213432312012,-0.011618765006520941,0.2,0.10389344394207001,15450
2850,650.0813384100001,942.24,6669,1547,19009536,0.0003,-3.332596154510975,0.6685872395833333,0.37301332416633765,0.3265473544597626,0.17274053,0.9957693815231323,-0.01901352886634413,0.2,0.09834757447242737,15460
2851,659.1332929099999,932.94,6669,1548,19021824,0.0003,-3.3074326117833457,0.6464518229166667,1.0486715839554865,0.32632115483283997,0.16849494,0.9921391010284424,-0.023695953290734907,0.2,0.6098470687866211,15470
2853,641.62253267,922.12,6670,1549,19034112,0.0003,-3.277974138657252,0.680322265625,0.7710093087827166,0.32505306601524353,0.21035363,0.9969720840454102,-0.015592691815497044,0.2,0.27330783009529114,15480
2855,658.9512771699999,914.16,6670,1550,19046400,0.0003,-3.247824645539125,0.6821126302083333,0.697337142067651,0.3243289291858673,0.22337544,0.9976825714111328,-0.022062590970502546,0.2,0.1660248339176178,15490
2857,659.7387895700001,919.88,6670,1551,19058688,0.0003,-3.2141732866565387,0.6521728515625,0.7711767727509141,0.32348254323005676,0.17459457,0.9952783584594727,-0.020261791563825682,0.2,0.36114078760147095,15500
2858,670.78419333,919.81,6670,1552,19070976,0.0003,-3.2271758541464806,0.7206949869791667,0.49739676679794986,0.32450392842292786,0.2541587,0.996751070022583,-0.007313353484884526,0.2,0.1929924637079239,15510
2860,675.9406866400001,912.39,6670,1553,19083264,0.0003,-3.2167044922709467,0.6866943359375,0.6598591431354482,0.32371148467063904,0.19318704,0.9958149194717407,-0.016038471477804704,0.2,0.1548788845539093,15520
2862,691.1561249299999,920.83,6671,1554,19095552,0.0003,-3.2234420145551366,0.7055989583333333,0.3586465139562885,0.3244481086730957,0.2142629,0.9968003630638123,-0.013963627782747305,0.2,0.08858463913202286,15530
2864,664.41577421,900.53,6670,1555,19107840,0.0003,-3.2107667699456215,0.5916748046875,1.2197526475414633,0.323904812335968,0.12866797,0.991158664226532,-0.018194341291382442,0.2,0.31849604845046997,15540
2866,665.9495959699999,906.87,6671,1556,19120128,0.0003,-3.202189005414645,0.6681559244791667,0.8204452021668355,0.32371020317077637,0.19809605,0.992664098739624,-0.01408449680263099,0.2,0.1788034439086914,15550
2867,669.66844815,919.22,6671,1557,19132416,0.0003,-3.216429511706034,0.7067057291666666,0.4936282629457613,0.3245215117931366,0.21910949,0.9945789575576782,-0.007837463490917192,0.2,0.14309683442115784,15560
2869,655.25503245,881.03,6671,1558,19144704,0.0003,-3.223945860564709,0.6946370442708333,0.6716058645397425,0.32444897294044495,0.21242808,0.9979983568191528,-0.012861034128582105,0.2,0.14385934174060822,15570
2871,653.8951190700001,869.75,6671,1559,19156992,0.0003,-3.194555951654911,0.6490315755208333,1.206528047968944,0.32306376099586487,0.17311992,0.9948211908340454,-0.02771930643769641,0.2,0.37214282155036926,15580
2873,617.9311884699999,842.46,6672,1560,19169280,0.0003,-3.157760073741277,0.681689453125,0.6409228520467878,0.32266485691070557,0.20480062,0.9946725964546204,-0.014900985624990426,0.2,0.12423202395439148,15590
2874,590.73962466,830.48,6672,1561,19181568,0.0003,-3.1778336852788924,0.7139078776041666,0.4087283114902675,0.322998583316803,0.22718038,0.9944127202033997,-0.006247588964955261,0.2,0.11055511981248856,15600
2876,574.6275548799999,826.35,6672,1562,19193856,0.0003,-3.159682566920916,0.6691487630208334,1.0237488732362787,0.32262253761291504,0.20657425,0.9925715327262878,-0.02164384326703536,0.2,0.34161216020584106,15610
2878,549.7404835100001,787.01,6673,1563,19206144,0.0003,-3.1320400764544805,0.6690836588541667,1.170276311909159,0.3217330873012543,0.1713653,0.9942823052406311,-0.018476716766599566,0.2,0.5215800404548645,15620
2879,536.59118154,788.28,6673,1564,19218432,0.0003,-3.129619284470876,0.7264241536458333,0.5839225391546885,0.322145015001297,0.23117177,0.9980060458183289,-0.004055597493425012,0.2,0.1821364313364029,15630
2881,568.5658973100001,832.82,6674,1565,19230720,0.0003,-3.1686069816350937,0.68095703125,0.8356637429445982,0.32344579696655273,0.22543065,0.9947876930236816,-0.012068000804962746,0.2,0.16927269101142883,15640
2883,564.4636179600001,845.06,6674,1566,19243008,0.0003,-3.201119595269362,0.656640625,1.0277331932758291,0.32382458448410034,0.30732644,0.9963246583938599,-0.017892874774406663,0.2,0.35827502608299255,15650
2884,592.65318915,855.86,6675,1567,19255296,0.0003,-3.1938860336939494,0.702734375,0.8098521859695514,0.32334432005882263,0.23010886,0.9960496425628662,-0.009207878451949607,0.2,0.2413012832403183,15660
2886,634.2908645499999,873.45,6675,1568,19267584,0.0003,-3.1718621507287024,0.6944173177083334,0.6290433077141643,0.3227109909057617,0.18855579,0.9951772093772888,-0.009466404757889298,0.2,0.22196075320243835,15670
2887,640.12209037,889.9,6675,1569,19279872,0.0003,-3.1410942181944845,0.5547444661458333,3.708236073081692,0.3220190405845642,0.09105977,0.9930710792541504,-0.026146157652450104,0.2,1.014318823814392,15680
2889,655.3000160600001,917.85,6676,1570,19292160,0.0003,-3.114631258447965,0.6713785807291667,2.048574815442165,0.3210292458534241,0.16975546,0.9926930069923401,-0.01658655704765503,0.2,0.33587831258773804,15690
2891,679.1058707000001,939.34,6676,1571,19304448,0.0003,-3.1043849090735116,0.7736328125,0.8227447101225456,0.32137730717658997,0.37783495,0.9877230525016785,0.0014145991595190329,0.2,0.28777551651000977,15700
2892,670.3774143400001,937.3,6677,1572,19316736,0.0003,-3.1152911305427553,0.6987386067708333,1.5249506284793217,0.32111987471580505,0.2200787,0.9919111728668213,-0.01678649948250192,0.2,0.6408432722091675,15710
2894,664.27100421,927.68,6677,1573,19329024,0.0003,-3.140221144755681,0.746533203125,0.650705698163559,0.32227134704589844,0.30879965,0.9960212111473083,0.004580338408898873,0.2,0.2005763202905655,15720
2896,676.88877257,928.29,6677,1574,19341312,0.0003,-3.139494068423907,0.679296875,1.6502005284031231,0.32194361090660095,0.18439071,0.9928725361824036,-0.01838687460743434,0.2,0.3434414565563202,15730
2898,656.0457585,909.9,6678,1575,19353600,0.0003,-3.1087235152721404,0.7005615234375,1.048182070814073,0.3209061324596405,0.2282088,0.9945585131645203,-0.017385205524624324,0.2,0.1970047652721405,15740
2899,646.31482155,925.45,6678,1576,19365888,0.0003,-3.0790809243917465,0.68759765625,1.049763960018754,0.32024309039115906,0.21929224,0.993220329284668,-0.019103636565462996,0.2,0.26784834265708923,15750
2901,648.28883169,915.58,6679,1577,19378176,0.0003,-3.122323886056741,0.7583251953125,0.4222806282031039,0.3219028413295746,0.30596536,0.9965364933013916,0.008254285764996894,0.2,0.10449972003698349,15760
2903,655.92912222,918.77,6679,1578,19390464,0.0003,-3.143323284884294,0.6969970703125,0.8530288942158222,0.32235828042030334,0.21484034,0.9936885833740234,-0.014937187733206276,0.2,0.26059454679489136,15770
2904,646.25540793,907.51,6679,1579,19402752,0.0003,-3.13898996313413,0.6767171223958334,0.6617117753252387,0.32205989956855774,0.20044565,0.9972892999649048,-0.015184141835197807,0.2,0.1422920972108841,15780
2906,663.0354504100001,903.27,6678,1580,19415040,0.0003,-3.120085077981154,0.6995524088541667,0.5585873926989734,0.32143309712409973,0.21289146,0.9962409734725952,-0.005970900769170839,0.2,0.21296831965446472,15790
2908,668.2208143800001,903.2,6679,1581,19427328,0.0003,-3.0979330678780874,0.5900716145833333,2.655305715277791,0.3209410607814789,0.11711067,0.9880473613739014,-0.02456117742112838,0.2,0.2788624167442322,15800
2910,657.14421615,911.82,6679,1582,19439616,0.0003,-3.081180503467719,0.6799886067708333,0.9035739738494157,0.32016345858573914,0.23730464,0.9964651465415955,-0.01197613063462389,0.2,0.13737888634204865,15810
2912,666.94735164,903.27,6679,1583,19451904,0.0003,-3.0608774214982986,0.7239664713541667,0.7441049846199651,0.31985899806022644,0.24974592,0.9948092103004456,-0.0023377794723880166,0.2,0.12757600843906403,15820
2913,670.2517817,905.52,6680,1584,19464192,0.0003,-3.0427848652005194,0.6798828125,1.002342936148246,0.31883504986763,0.20379047,0.9953724145889282,-0.013045822988109043,0.2,0.1447269320487976,15830
2915,648.08666098,898.26,6680,1585,19476480,0.0003,-3.033958031733831,0.764208984375,0.3547046682486931,0.3188796937465668,0.34001505,0.9971231818199158,0.0016666310461005197,0.2,0.11756347864866257,15840
2917,652.8658324799999,905.33,6680,1586,19488768,0.0003,-3.029252819220225,0.649169921875,0.9095337748837967,0.3183114230632782,0.16025482,0.9976701140403748,-0.01668177362298593,0.2,0.4317522943019867,15850
2918,657.5300744299999,906.7,6681,1587,19501056,0.0003,-3.0234134336312612,0.7207112630208333,0.34221539041027427,0.31823524832725525,0.25112197,0.9979840517044067,-0.007106162808971324,0.2,0.10931099951267242,15860
2920,651.51268784,916.32,6681,1588,19513344,0.0003,-3.033394112189611,0.7005045572916667,0.39352417521489164,0.31826886534690857,0.24022739,0.998750627040863,-0.008764266892103478,0.2,0.07335292547941208,15870
2922,657.6532560300001,935.06,6681,1589,19525632,0.0003,-3.040965571006139,0.7012776692708333,0.23997706146910786,0.31879088282585144,0.2227966,0.9990717172622681,-0.01304507903259946,0.2,0.10422786325216293,15880
2924,668.60518381,937.39,6681,1590,19537920,0.0003,-3.0265959839026135,0.5581461588541666,1.4403191554670534,0.31838759779930115,0.10481202,0.9944215416908264,-0.027590757955719407,0.2,0.3142791986465454,15890
2925,673.25675363,946.09,6682,1591,19550208,0.0003,-3.055567172666391,0.7015787760416666,0.8934913283213973,0.3193165957927704,0.21737878,0.9966010451316833,-0.015223548374099968,0.2,0.26124370098114014,15900
2927,681.5018492100003,961.08,6682,1592,19562496,0.0003,-3.072968436777592,0.718310546875,0.4389090731739998,0.3193705379962921,0.27790925,0.9978692531585693,-0.009475476341322064,0.2,0.2068118453025818,15910
2929,696.20623531,962.64,6682,1593,19574784,0.0003,-3.0977960084875424,0.7138753255208333,0.21758534596301615,0.3208250105381012,0.2370974,0.9989334344863892,-0.011186044653489565,0.2,0.05015523359179497,15920
2930,691.7578366999999,971.11,6682,1594,19587072,0.0003,-3.112431088586648,0.6671468098958333,0.446254245005548,0.32054516673088074,0.18624903,0.9978413581848145,-0.0187933401602398,0.2,0.11026669293642044,15930
2932,697.9021517200001,968.37,6683,1595,19599360,0.0003,-3.0911553213993708,0.7098795572916666,0.26686145647739373,0.3206227719783783,0.226695,0.9988276958465576,-0.007982259702597123,0.2,0.08283407986164093,15940
2934,701.16875834,968.31,6683,1596,19611648,0.0003,-3.096564143896103,0.6769612630208334,0.290176575165242,0.32021817564964294,0.20650463,0.9974725842475891,-0.013100390690669882,0.2,0.0871470496058464,15950
2936,705.43129112,981.52,6683,1597,19623936,0.0003,-3.071411468585332,0.6751057942708333,0.25104343383572997,0.31943780183792114,0.18137856,0.9966344237327576,-0.01161580129119102,0.2,0.04458238556981087,15960
2937,709.69690554,977.15,6683,1598,19636224,0.0003,-3.065150497853756,0.6762369791666667,0.17368381088599563,0.31995946168899536,0.19038655,0.9993433952331543,-0.012871052198170219,0.2,0.03182803466916084,15970
2939,724.47729559,977.64,6684,1599,19648512,0.0003,-3.0829358344276745,0.6494059244791667,0.3927031862549484,0.3198750913143158,0.17170338,0.9965481758117676,-0.015968987927772106,0.2,0.055867161601781845,15980
2941,721.69114271,977.64,6684,1600,19660800,0.0003,-3.090565105279287,0.69052734375,0.25460461163893344,0.31989535689353943,0.1945645,0.9991476535797119,-0.013158538916225855,0.2,0.033325836062431335,15990
2942,722.8469449700002,968.2,6684,1601,19673088,0.0003,-3.0997790575027464,0.69599609375,0.16689627702968815,0.32070064544677734,0.21860833,0.9991236925125122,-0.011787784686506105,0.2,0.0321805439889431,16000
2944,726.63849548,968.2,6685,1602,19685376,0.0003,-3.0828114648660025,0.64921875,0.6417345372959972,0.3195030093193054,0.16579325,0.9975185394287109,-0.017749453308836868,0.2,0.14633134007453918,16010
2946,724.6938318599999,976.16,6685,1603,19697664,0.0003,-3.0453622554739317,0.6879720052083333,0.2635439017166694,0.31901898980140686,0.21509922,0.998771607875824,-0.01820915220111298,0.2,0.07663784921169281,16020
2947,733.9108072700002,976.22,6686,1604,19709952,0.0003,-3.054623718559742,0.6769612630208334,0.2885479965247214,0.3195706307888031,0.19558257,0.9983143210411072,-0.017332380353764165,0.2,0.07706312835216522,16030
2949,751.0057389200001,969.26,6686,1605,19722240,0.0003,-3.082025159398715,0.6862223307291667,0.213728016273429,0.32044848799705505,0.2129811,0.9992485046386719,-0.01699586423104241,0.2,0.026518546044826508,16040
2951,740.88634437,976.84,6686,1606,19734528,0.0003,-3.0845583096146583,0.5999430338541667,0.7763468500537177,0.3200708329677582,0.13296317,0.9965963363647461,-0.021132757192632804,0.2,0.1666545420885086,16050
2953,747.6621177300002,974.53,6686,1607,19746816,0.0003,-3.0769360274076463,0.7030354817708333,0.24091548587506015,0.3200148642063141,0.21270756,0.9991926550865173,-0.01071377104090061,0.2,0.08003348112106323,16060
2954,754.74471865,957.35,6687,1608,19759104,0.0003,-3.070377579331398,0.6421549479166667,0.614979563249896,0.31981971859931946,0.14904927,0.9959686994552612,-0.015236677358431431,0.2,0.09498389065265656,16070
2956,746.1581279200001,953.81,6687,1609,19771392,0.0003,-3.0512050062417986,0.6137776692708333,0.8265587929015358,0.31912660598754883,0.13818689,0.9941575527191162,-0.02075450511620147,0.2,0.12596456706523895,16080
2958,720.0802813600001,953.81,6687,1610,19783680,0.0003,-3.040640752017498,0.6583333333333333,0.8624252218132218,0.31948649883270264,0.20628469,0.9948674440383911,-0.014103118401544634,0.2,0.19056740403175354,16090
2960,697.4123449399999,937.32,6687,1611,19795968,0.0003,-3.066692778468132,0.7233561197916667,0.7151966698778173,0.32047200202941895,0.3012568,0.9947148561477661,-0.011462800663624269,0.2,0.0832844153046608,16100
2961,688.17157066,933.68,6688,1612,19808256,0.0003,-3.0567443494995437,0.6175699869791667,1.372816646968325,0.3192416727542877,0.30288175,0.990114152431488,-0.015784440593173108,0.2,0.45257964730262756,16110
2963,690.5164986599999,940.64,6688,1613,19820544,0.0003,-3.0305748681227365,0.6532470703125,1.71070577694724,0.3194035291671753,0.16466898,0.9930831789970398,-0.012919743197077576,0.2,0.6029552221298218,16120
2965,670.9150500400001,942.69,6688,1614,19832832,0.0003,-3.102403427660465,0.7673095703125,0.34862043941393495,0.3212243318557739,0.3602287,0.9975919127464294,0.007928321688086725,0.2,0.10021558403968811,16130
2966,644.1993113200001,927.44,6688,1615,19845120,0.0003,-3.1209060634175936,0.7367431640625,0.2585304050085445,0.3213188350200653,0.27690697,0.9991159439086914,0.004041249910369515,0.2,0.05966055020689964,16140
2968,668.75213045,950.58,6689,1616,19857408,0.0003,-3.10570370554924,0.592822265625,1.0397933201864362,0.32105469703674316,0.12354728,0.994320809841156,-0.02249949870893033,0.2,0.12794938683509827,16150
2970,665.32963349,956.12,6688,1617,19869696,0.0003,-3.103110749522845,0.7297281901041667,0.22311802251885335,0.3212239146232605,0.24301814,0.9991287589073181,0.0024101838391895098,0.2,0.01616692543029785,16160
2972,682.6129805200002,953.99,6689,1618,19881984,0.0003,-3.0982777858773867,0.69755859375,0.21045807308206957,0.3208557665348053,0.2578459,0.9990835785865784,-0.0031885288102785126,0.2,0.06492829322814941,16170
2974,687.8930984399999,967.72,6689,1619,19894272,0.0003,-3.063032737871011,0.6221516927083334,0.8141370088482897,0.3200004994869232,0.15512791,0.9968482851982117,-0.016606089883619765,0.2,0.08924505114555359,16180
2975,686.4454682800001,971.36,6689,1620,19906560,0.0003,-3.0375067899624506,0.5854736328125,1.1869172166412076,0.319094181060791,0.14958782,0.99025958776474,-0.01408095411679824,0.2,0.2991951107978821,16190
2977,698.31085409,956.45,6689,1621,19918848,0.0003,-3.0579225237170857,0.7225423177083333,0.35469315983355043,0.3200390338897705,0.23012078,0.9965792894363403,0.009100769354457345,0.2,0.09332964569330215,16200
2979,720.49506343,956.45,6690,1622,19931136,0.0003,-3.060622291266918,0.7258138020833333,0.4633236637028555,0.3204873502254486,0.25131732,0.9972752332687378,0.00011050669903246065,0.2,0.14794547855854034,16210
2980,739.91497381,971.96,6690,1623,19943424,0.0003,-3.0950855602820715,0.7365234375,0.2728316683632632,0.32139167189598083,0.2670026,0.9993661046028137,-0.00166859469221284,0.2,0.05099505931138992,16220
2982,752.4685585999999,963.27,6690,1624,19955712,0.0003,-3.1310865680376687,0.698193359375,0.22696008173127968,0.32264062762260437,0.19949889,0.9992567300796509,-0.008451834933657665,0.2,0.07010745257139206,16230
2984,772.62273632,967.93,6690,1625,19968000,0.0003,-3.117569411297639,0.6824951171875,0.25724992433873317,0.32199713587760925,0.18869941,0.9984527230262756,-0.011599703757383395,0.2,0.08148443698883057,16240
2986,794.8730241000002,971.06,6690,1626,19980288,0.0003,-3.104083929459254,0.6306722005208333,0.3848693040665239,0.3215545415878296,0.17380036,0.9968971610069275,-0.01568759244279742,0.2,0.09367872774600983,16250
2988,789.0752388999999,959.52,6690,1627,19992576,0.0003,-3.096773173411687,0.6924479166666667,0.28864215991149345,0.3211829960346222,0.21039665,0.9991537928581238,-0.01589975686753557,0.2,0.11475640535354614,16260
2990,795.9575724300001,961.55,6690,1628,20004864,0.0003,-3.0784037306904795,0.5265625,1.5379320314774911,0.3207862675189972,0.0869864,0.9911124110221863,-0.025656216570253795,0.2,0.41746586561203003,16270
