rollout/ep_rew_mean,time/iterations,time/time_elapsed,rollout/ep_len_mean,time/total_timesteps,time/fps,train/std,train/loss,train/clip_fraction,train/entropy_loss,train/learning_rate,train/clip_range,train/explained_variance,train/policy_gradient_loss,train/value_loss,train/approx_kl,train/n_updates
22.005552580000003,1,1,61.53,12288,11877,,,,,,,,,,,
21.51776586,2,2,62.47,24576,8598,0.9953300952911377,2.071157217025757,0.18782552083333334,-16.981642802556355,0.0003,0.2,-0.017887234687805176,-0.019537416623400836,6.172352762520314,0.015271063,10
21.84532477,3,4,63.32,36864,8154,0.9886406064033508,1.9792968034744263,0.1674560546875,-16.915507396062214,0.0003,0.2,0.49095618724823,-0.0225299008282794,5.678586360812187,0.014006208,20
22.695333159999997,4,6,62.52,49152,7828,0.983013927936554,1.8675237894058228,0.19038899739583334,-16.837753208478293,0.0003,0.2,0.6788463592529297,-0.02350086349033518,5.13768843015035,0.016611509,30
24.454384799999993,5,8,64.0,61440,7625,0.9766600728034973,2.0261852741241455,0.20410970052083333,-16.762877587477366,0.0003,0.2,0.7977458238601685,-0.024739641850950043,5.031379054983457,0.017569073,40
22.539798949999998,6,9,65.08,73728,7376,0.9713878035545349,2.017315149307251,0.2262939453125,-16.693841449419658,0.0003,0.2,0.851371169090271,-0.025524146795699684,4.237007467945417,0.018041054,50
23.157437530000003,7,11,62.55,86016,7298,0.9653921127319336,2.040346384048462,0.22828776041666668,-16.62562727133433,0.0003,0.2,0.8606902360916138,-0.026238260417206522,4.900288248062134,0.018693246,60
24.842305779999997,8,13,67.57,98304,7253,0.9603070616722107,1.6071799993515015,0.2506591796875,-16.55821160078049,0.0003,0.2,0.8937945365905762,-0.028061945948866195,4.068822457889715,0.021789923,70
26.086479600000004,9,15,67.98,110592,7197,0.9559723734855652,1.9236563444137573,0.26058756510416664,-16.49934047460556,0.0003,0.2,0.8885906338691711,-0.029448520913623117,4.963378632068634,0.021999074,80
26.461652540000003,10,17,68.75,122880,7176,0.9503011703491211,2.272343873977661,0.2664306640625,-16.428360799948376,0.0003,0.2,0.8956835269927979,-0.027872331108665094,4.828472143908342,0.02214315,90
29.034530440000008,11,18,72.68,135168,7193,0.9411700367927551,2.467179298400879,0.28292643229166664,-16.326119299729665,0.0003,0.2,0.9028211236000061,-0.02965599392967609,4.522284252941608,0.02360708,100
28.816632899999995,12,20,70.15,147456,7210,0.9367130398750305,2.1449759006500244,0.2972819010416667,-16.25313872496287,0.0003,0.2,0.9073552489280701,-0.029649740982131335,4.935729660093784,0.024682885,110
28.121721230000002,13,22,70.19,159744,7231,0.930792510509491,2.6290998458862305,0.3048502604166667,-16.178660090764364,0.0003,0.2,0.9034386277198792,-0.029526271187933162,5.000312765439351,0.02447527,120
30.739960489999994,14,23,74.13,172032,7239,0.9259936213493347,2.3082785606384277,0.32444661458333335,-16.107330679893494,0.0003,0.2,0.9116570949554443,-0.03116917440687151,4.809209480384985,0.026722774,130
30.834655710000003,15,25,73.48,184320,7254,0.9205438494682312,2.124884605407715,0.3261311848958333,-16.037980715433758,0.0003,0.2,0.9149386882781982,-0.033126632170751694,4.706826201577981,0.027470646,140
29.014220390000002,16,27,71.04,196608,7267,0.9154922366142273,2.1803781986236572,0.334228515625,-15.967983255783716,0.0003,0.2,0.9208710193634033,-0.03188181240499641,4.522742444773515,0.026319427,150
31.943105670000005,17,28,72.79,208896,7275,0.9088373780250549,2.295125961303711,0.3445231119791667,-15.88513215382894,0.0003,0.2,0.9205054044723511,-0.033864623586608404,4.643857970833778,0.02944549,160
33.99456962,18,30,73.15,221184,7286,0.902877151966095,2.3058221340179443,0.34150390625,-15.800784107049306,0.0003,0.2,0.9184087514877319,-0.03388077516865451,4.726834099988142,0.03014049,170
33.82396686,19,32,73.25,233472,7246,0.8973579406738281,2.3604581356048584,0.3600667317708333,-15.721465895573298,0.0003,0.2,0.9322289228439331,-0.03433434251831689,4.500615117947261,0.03080626,180
34.009847879999995,20,34,74.68,245760,7218,0.8921611905097961,2.2487988471984863,0.3370442708333333,-15.64875003695488,0.0003,0.2,0.9269788861274719,-0.03361405950272456,5.377092939118544,0.028833127,190
34.849778459999996,21,35,75.55,258048,7229,0.8887090682983398,2.12349271774292,0.35808919270833334,-15.597123255332312,0.0003,0.2,0.9336661696434021,-0.03274941389584759,4.681826321780681,0.032825682,200
36.72446495,22,37,77.09,270336,7237,0.8847721219062805,2.182539701461792,0.36978352864583336,-15.547790791591009,0.0003,0.2,0.9279430508613586,-0.035783227852274044,5.148808910946051,0.034032688,210
36.13708731,23,38,77.21,282624,7249,0.8785737156867981,2.59441876411438,0.3599853515625,-15.456684273481368,0.0003,0.2,0.934604823589325,-0.03526306198230789,5.071037238836288,0.031953976,220
37.47558612,24,40,78.53,294912,7261,0.8707900047302246,1.6440942287445068,0.37213541666666666,-15.36143246293068,0.0003,0.2,0.9367526173591614,-0.037845052023476454,4.98354595353206,0.035298772,230
38.02886607999999,25,42,80.4,307200,7264,0.8650913238525391,2.997976779937744,0.3431640625,-15.27321240901947,0.0003,0.2,0.9306867122650146,-0.03765894973281926,6.124486376841863,0.03177298,240
37.919373070000006,26,43,80.31,319488,7273,0.8588804602622986,1.5721440315246582,0.37786458333333334,-15.189697927236557,0.0003,0.2,0.9344131350517273,-0.03709573384840041,5.128499733904998,0.03496318,250
37.58454396,27,45,76.74,331776,7275,0.8526424765586853,3.166285514831543,0.3844970703125,-15.090472882986068,0.0003,0.2,0.9358490109443665,-0.036633837124099955,5.097557527323564,0.035516515,260
39.00538231,28,47,80.88,344064,7279,0.8479689955711365,1.9849025011062622,0.4009195963541667,-15.021091520786285,0.0003,0.2,0.9461091160774231,-0.03664299009736472,4.7089327792326605,0.038645014,270
40.50942956,29,48,79.52,356352,7284,0.8435304760932922,1.6484971046447754,0.3988850911458333,-14.95348736246427,0.0003,0.2,0.9452359676361084,-0.038590624458932625,4.545338683823744,0.037211746,280
39.33128071,30,50,80.1,368640,7290,0.8378550410270691,2.9760775566101074,0.37569986979166664,-14.863015522559484,0.0003,0.2,0.9393447637557983,-0.03847895098830729,5.806358695526918,0.036111984,290
38.82669155,31,52,76.36,380928,7297,0.8335806727409363,2.4109792709350586,0.38548177083333335,-14.796888307730358,0.0003,0.2,0.9385483264923096,-0.03882916662162946,6.017511133352915,0.03601755,300
39.84695395,32,53,80.0,393216,7302,0.828977644443512,2.691842555999756,0.43287760416666665,-14.727803885936737,0.0003,0.2,0.9446819424629211,-0.03922666283712412,4.540242772301038,0.042777747,310
41.66590273,33,55,81.75,405504,7305,0.8249457478523254,2.625985860824585,0.42910970052083336,-14.672703844308852,0.0003,0.2,0.9445493221282959,-0.035502327161763485,4.8406788011391955,0.0445832,320
40.70855975,34,57,81.51,417792,7312,0.8218206763267517,1.9992990493774414,0.4307861328125,-14.614382227261862,0.0003,0.2,0.9473641514778137,-0.03812441461680768,4.6744270995259285,0.045612205,330
42.92076061999999,35,58,81.2,430080,7306,0.8165268898010254,2.9218084812164307,0.4211507161458333,-14.533880402644476,0.0003,0.2,0.94399094581604,-0.04029804269230226,4.82663355221351,0.04251938,340
43.964941630000006,36,60,83.08,442368,7311,0.8138217329978943,2.2496416568756104,0.4334309895833333,-14.478995577494304,0.0003,0.2,0.9520224928855896,-0.04195084609964397,4.583267867565155,0.046561986,350
44.02199068,37,62,82.12,454656,7316,0.8080714344978333,2.6619153022766113,0.4304443359375,-14.406216665108998,0.0003,0.2,0.9508121013641357,-0.03991518410621211,4.9667690316836035,0.045131426,360
45.4364056,38,63,85.12,466944,7310,0.802237331867218,2.44869327545166,0.42889811197916666,-14.318290819724401,0.0003,0.2,0.9496752023696899,-0.04220507201098371,5.0108278354008995,0.04430489,370
44.63643261,39,65,84.34,479232,7315,0.7963323593139648,2.7421913146972656,0.41705729166666666,-14.226096312204996,0.0003,0.2,0.9482042789459229,-0.04118401852174429,5.6956401069959,0.040787786,380
46.42816097,40,67,84.59,491520,7314,0.7925451397895813,3.4403843879699707,0.41717936197916666,-14.163776582479477,0.0003,0.2,0.9482277631759644,-0.04014101470529567,5.979188942909241,0.04055543,390
45.21590836999999,41,68,82.54,503808,7311,0.7893931865692139,2.8249247074127197,0.4367594401041667,-14.099832288424174,0.0003,0.2,0.9498024582862854,-0.041234088643492824,5.549954897165298,0.045539975,400
46.02766574,42,71,83.72,516096,7259,0.7846072316169739,3.2200026512145996,0.4400227864583333,-14.027445449431736,0.0003,0.2,0.9462722539901733,-0.04058320943537789,6.178398789962133,0.044269692,410
44.76731955,43,73,83.67,528384,7234,0.7805919647216797,2.9849483966827393,0.4521565755208333,-13.960329564412435,0.0003,0.2,0.94941246509552,-0.03844214351605236,5.338918273647626,0.048296083,420
47.04123627,44,74,84.62,540672,7211,0.7755503058433533,2.011849880218506,0.4656575520833333,-13.876842085520426,0.0003,0.2,0.9484251737594604,-0.04101349632061708,5.239114778737227,0.05300808,430
46.34544457999999,45,76,82.08,552960,7197,0.7710828185081482,1.7988989353179932,0.4513020833333333,-13.81029462814331,0.0003,0.2,0.9530044794082642,-0.04123467622169604,5.096970770756403,0.04812206,440
48.159749530000006,46,78,85.15,565248,7184,0.7670798301696777,1.9621028900146484,0.4763427734375,-13.746165571610133,0.0003,0.2,0.9579645395278931,-0.041900880991791685,4.644479211171468,0.055488188,450
46.641953619999995,47,80,83.8,577536,7166,0.7621603012084961,2.2007317543029785,0.4702067057291667,-13.670732853809993,0.0003,0.2,0.9559960961341858,-0.041906417316446704,4.894592418769995,0.0510179,460
47.9265262,48,82,86.08,589824,7154,0.7569708824157715,3.040700912475586,0.45132649739583336,-13.585188871622085,0.0003,0.2,0.9523253440856934,-0.04070298324659234,5.2471885984142626,0.05219205,470
47.15189264,49,84,82.52,602112,7136,0.7531752586364746,2.357142925262451,0.4602783203125,-13.503366098801296,0.0003,0.2,0.9556068181991577,-0.04391092116226598,5.021468860904376,0.0530847,480
49.768146890000004,50,86,83.35,614400,7121,0.7475709915161133,2.1797878742218018,0.48435872395833335,-13.41643629670143,0.0003,0.2,0.956988513469696,-0.04290725592970072,4.662898419300715,0.058403175,490
50.29510577,51,88,85.0,626688,7105,0.7427125573158264,2.4377431869506836,0.47797037760416666,-13.332035839557648,0.0003,0.2,0.9557132124900818,-0.04172885383692725,5.449675010641416,0.057100732,500
50.967940760000005,52,90,87.06,638976,7089,0.7378339767456055,2.1559786796569824,0.48505859375,-13.24416424036026,0.0003,0.2,0.9602258801460266,-0.04187065262037019,4.650423998137315,0.057239126,510
53.196829750000006,53,92,88.09,651264,7064,0.7320800423622131,1.8968220949172974,0.48050130208333336,-13.138088581959407,0.0003,0.2,0.961107611656189,-0.04269216073735151,4.940914752582709,0.05438062,520
53.87603642,54,94,88.02,663552,7028,0.7280046343803406,2.4446022510528564,0.46046549479166665,-13.063712642590206,0.0003,0.2,0.9573502540588379,-0.04430690381559543,5.564129978915056,0.051339794,530
51.23100884999999,55,96,86.88,675840,7008,0.7240687012672424,3.038975715637207,0.4548421223958333,-12.994914706548055,0.0003,0.2,0.9543516039848328,-0.04303448028125179,6.64947879910469,0.047638085,540
52.872286169999995,56,98,87.05,688128,6983,0.7208127379417419,2.378458023071289,0.49908854166666666,-12.917154943943023,0.0003,0.2,0.9539496302604675,-0.04084534947614884,5.660803946355979,0.06777794,550
50.15043234000001,57,100,83.4,700416,6961,0.7174615859985352,2.287093162536621,0.4977945963541667,-12.864160726467768,0.0003,0.2,0.960807740688324,-0.0412464845959524,5.4504567176103595,0.05897042,560
55.32205139999999,58,102,87.94,712704,6935,0.7131125926971436,1.4207229614257812,0.5006429036458333,-12.795201861858368,0.0003,0.2,0.9604814052581787,-0.0418391950064688,5.450971902410189,0.06087464,570
52.25454958000001,59,104,83.69,724992,6917,0.7092740535736084,1.7289386987686157,0.5144124348958333,-12.720551097393036,0.0003,0.2,0.9618760347366333,-0.041366306857768605,5.176833709081014,0.061956186,580
55.321529950000006,60,106,89.13,737280,6897,0.7043540477752686,1.503289818763733,0.51025390625,-12.645821992556254,0.0003,0.2,0.9623740315437317,-0.042927849767147565,5.019962759812673,0.06437016,590
55.33878310000001,61,108,86.3,749568,6883,0.7008140683174133,2.7088112831115723,0.52177734375,-12.574694897731145,0.0003,0.2,0.9648890495300293,-0.04132305252715014,4.689738140503565,0.06318402,600
55.91684184,62,110,87.3,761856,6871,0.69544917345047,2.1076996326446533,0.5221354166666666,-12.476397238175075,0.0003,0.2,0.9634628295898438,-0.04137543994002044,4.904220075905323,0.07020548,610
59.13924883,63,112,89.41,774144,6853,0.6927416324615479,2.80550217628479,0.5142171223958333,-12.413853484392167,0.0003,0.2,0.9640747308731079,-0.042959428861892475,5.006105304757754,0.066109024,620
57.020693310000006,64,115,88.59,786432,6837,0.6878982186317444,1.8560725450515747,0.49883626302083334,-12.327705995241802,0.0003,0.2,0.9657325148582458,-0.04372019026583682,5.457916518052419,0.061259095,630
59.17788357000001,65,117,90.8,798720,6819,0.6839823722839355,2.579307794570923,0.500244140625,-12.261448311805726,0.0003,0.2,0.9663477540016174,-0.04312041665786334,5.238779442509015,0.06882418,640
58.64022873999999,66,119,87.91,811008,6798,0.6793899536132812,3.412625789642334,0.46102701822916664,-12.173939253886541,0.0003,0.2,0.9574207067489624,-0.044509275081024195,6.978662652770678,0.054307446,650
55.43578563,67,121,87.1,823296,6782,0.6760258078575134,2.098978042602539,0.5333170572916667,-12.095764925082525,0.0003,0.2,0.9647532105445862,-0.04403930076999434,5.462971324721972,0.07455224,660
60.30397388,68,123,92.58,835584,6765,0.6745832562446594,1.5831242799758911,0.5385009765625,-12.062146989504496,0.0003,0.2,0.9663429260253906,-0.042901603180992724,4.826806670924028,0.07788863,670
61.30378714000001,69,125,93.96,847872,6752,0.6712732315063477,2.7926158905029297,0.5239339192708333,-12.005769491195679,0.0003,0.2,0.9668300151824951,-0.043495338652671,5.270036026338736,0.06690959,680
60.50507857,70,127,92.36,860160,6747,0.665917694568634,2.845600128173828,0.5177571614583333,-11.906997207800547,0.0003,0.2,0.9649912118911743,-0.04391441036714241,5.541604421039422,0.07193772,690
61.36737184,71,129,94.6,872448,6742,0.6619974970817566,3.402902126312256,0.5197428385416667,-11.83093759616216,0.0003,0.2,0.9645976424217224,-0.043806782230482594,5.671378732224306,0.070636734,700
64.12989911000001,72,131,98.86,884736,6740,0.6582634449005127,2.3338866233825684,0.5203450520833334,-11.755956381559372,0.0003,0.2,0.9655860662460327,-0.043308433609005687,5.655961501101653,0.06460531,710
64.51164885,73,133,96.44,897024,6739,0.6543567180633545,2.9006402492523193,0.5156005859375,-11.670651654402414,0.0003,0.2,0.963810920715332,-0.04449004777416121,6.360001947979132,0.06710821,720
64.39851367,74,134,94.21,909312,6736,0.650727391242981,2.6913840770721436,0.5347981770833333,-11.601013326644898,0.0003,0.2,0.9674181342124939,-0.04295197903896527,5.630021941165129,0.06627574,730
63.93804028999999,75,136,97.63,921600,6736,0.6476403474807739,3.03825044631958,0.54140625,-11.537668671210607,0.0003,0.2,0.9669245481491089,-0.042071409965865315,6.379966300725937,0.070912816,740
65.38200599,76,138,95.16,933888,6732,0.6434093117713928,2.0086147785186768,0.5400960286458333,-11.464333067337671,0.0003,0.2,0.9676571488380432,-0.04570159343711566,5.393167877197266,0.0729528,750
66.39928068,77,140,101.51,946176,6725,0.6392946243286133,2.3713510036468506,0.5381510416666667,-11.38886279463768,0.0003,0.2,0.9682860374450684,-0.04464959112131813,5.995932646095753,0.076721214,760
65.44971008,78,142,97.71,958464,6720,0.6359325647354126,2.455070972442627,0.5521484375,-11.325174681345622,0.0003,0.2,0.9662709832191467,-0.04339826528545624,5.899291675289472,0.07708115,770
67.16299614999998,79,144,99.52,970752,6715,0.6339169144630432,1.9412835836410522,0.5664225260416667,-11.285975325107575,0.0003,0.2,0.969562292098999,-0.040027014958225964,5.467134704192479,0.08048305,780
65.36498817,80,146,93.84,983040,6712,0.6325859427452087,3.699773073196411,0.5306070963541667,-11.247238439321517,0.0003,0.2,0.9644958972930908,-0.04534948546012553,6.757768470048904,0.06751496,790
65.4556297,81,148,95.56,995328,6707,0.6291280388832092,2.4514739513397217,0.55166015625,-11.190124358733495,0.0003,0.2,0.9668662548065186,-0.04217397602187702,6.055770753820737,0.07639572,800
73.26785907,82,150,103.85,1007616,6701,0.6257283091545105,3.0653154850006104,0.5513102213541666,-11.111829833189647,0.0003,0.2,0.9674170613288879,-0.04256593967923739,6.063946197926998,0.07689252,810
69.66783027,83,152,99.2,1019904,6696,0.6235517859458923,3.1067845821380615,0.5295166015625,-11.070856773853302,0.0003,0.2,0.9653009176254272,-0.04489068049588241,7.006417458256085,0.07334761,820
71.28634315000001,84,154,101.25,1032192,6700,0.6183858513832092,3.7006676197052,0.5460123697916667,-10.99006173213323,0.0003,0.2,0.9682804942131042,-0.04396506993992565,6.712824228405952,0.07197745,830
75.30546384,85,155,106.98,1044480,6697,0.6154389381408691,2.644730806350708,0.5577555338541667,-10.910235808293026,0.0003,0.2,0.9698143601417542,-0.042753888248989826,6.300578271349271,0.081227355,840
72.602712,86,157,106.3,1056768,6703,0.6139608025550842,2.619912624359131,0.5652994791666667,-10.877218222618103,0.0003,0.2,0.9707555174827576,-0.04146535979525652,5.961704729994138,0.08090418,850
70.19620239,87,159,103.56,1069056,6697,0.6113868355751038,3.4160900115966797,0.5388346354166667,-10.831793717543285,0.0003,0.2,0.9669778347015381,-0.043865215567348056,6.7886196911334995,0.07515009,860
70.85819947,88,161,104.38,1081344,6701,0.6088799834251404,2.3204398155212402,0.5797932942708334,-10.774994963407517,0.0003,0.2,0.9698957204818726,-0.04044274737971136,5.701283287008604,0.086705,870
73.93087557000001,89,163,105.86,1093632,6707,0.6084491610527039,1.9423645734786987,0.5813151041666667,-10.7515349706014,0.0003,0.2,0.9683818817138672,-0.0402509089729089,5.335090594490369,0.08839667,880
73.86569856,90,164,104.04,1105920,6713,0.6057402491569519,1.850669503211975,0.5697021484375,-10.702946013212204,0.0003,0.2,0.9681392312049866,-0.043860039321589286,5.7276328181227045,0.089980505,890
75.6156932,91,166,107.52,1118208,6720,0.6030156016349792,3.612290382385254,0.5563802083333333,-10.639256719748179,0.0003,0.2,0.9702825546264648,-0.041757935217659296,5.948316630224387,0.08364117,900
72.97621905999999,92,168,108.45,1130496,6727,0.6004242897033691,3.1351230144500732,0.5801920572916667,-10.584010291099549,0.0003,0.2,0.9709101915359497,-0.041982145042857154,5.5190686975916226,0.08750842,910
75.88027521999999,93,169,110.68,1142784,6734,0.5978893637657166,2.7515523433685303,0.5587809244791667,-10.53555098970731,0.0003,0.2,0.9703954458236694,-0.04273319537557351,5.730711076656977,0.08427796,920
77.01125415,94,171,108.73,1155072,6739,0.5960032343864441,3.563323974609375,0.5571614583333333,-10.478040830294292,0.0003,0.2,0.9681085348129272,-0.042381396634543,6.113286211589972,0.083955966,930
76.38850687999998,95,173,111.19,1167360,6743,0.5934494733810425,1.9672034978866577,0.5828938802083333,-10.421187231938044,0.0003,0.2,0.971816897392273,-0.04340943009883631,5.451595088839531,0.09233118,940
76.71561314,96,174,107.29,1179648,6746,0.589824914932251,3.040858268737793,0.5546061197916666,-10.355421608686447,0.0003,0.2,0.9701523184776306,-0.04409933529071471,6.258686573306719,0.083087884,950
81.88918158,97,176,113.48,1191936,6748,0.587928056716919,2.101022958755493,0.5341715494791667,-10.300487609704335,0.0003,0.2,0.9694183468818665,-0.04498272146496068,6.942803340156873,0.07168741,960
77.04750389,98,178,111.86,1204224,6747,0.5841369032859802,2.4978818893432617,0.5563395182291667,-10.230638162295024,0.0003,0.2,0.9718664884567261,-0.04123797464029243,6.845644525686899,0.084370434,970
79.7202028,99,180,112.99,1216512,6748,0.5820955634117126,3.266963005065918,0.5636637369791667,-10.17704545458158,0.0003,0.2,0.9680527448654175,-0.042107875306586114,6.82348711291949,0.08661816,980
85.34376756,100,182,123.63,1228800,6750,0.5796056389808655,3.1750969886779785,0.5863525390625,-10.118152723709743,0.0003,0.2,0.9699574708938599,-0.04003862208725574,6.754066182176272,0.09625689,990
81.74739794999999,101,183,113.82,1241088,6752,0.5773112773895264,2.6515564918518066,0.5715087890625,-10.066944396495819,0.0003,0.2,0.9668810963630676,-0.04490572930371854,7.360609209537506,0.08672812,1000
85.62919974,102,185,116.59,1253376,6754,0.5741187930107117,2.8298776149749756,0.5764485677083333,-10.006876873970032,0.0003,0.2,0.9677842855453491,-0.03964540927069417,7.182625909646352,0.09639603,1010
84.00756027,103,187,115.77,1265664,6756,0.5720208287239075,2.366603136062622,0.5943440755208333,-9.952570390701293,0.0003,0.2,0.9705795645713806,-0.039604547088189675,6.934057930111885,0.09914944,1020
81.28944364,104,189,109.74,1277952,6754,0.568027675151825,3.308354139328003,0.5983968098958333,-9.882682847976685,0.0003,0.2,0.971317708492279,-0.039479412585690925,6.775972734391689,0.09587014,1030
79.1320032,105,190,112.61,1290240,6756,0.5654049515724182,2.7515511512756348,0.6028889973958333,-9.808891234795253,0.0003,0.2,0.9739845395088196,-0.04118425279787819,6.169941707452138,0.102666534,1040
91.22378135999999,106,192,123.54,1302528,6758,0.5635652542114258,2.156820058822632,0.622998046875,-9.755946868658066,0.0003,0.2,0.9730468988418579,-0.0358380444192638,5.329596177736918,0.115000196,1050
87.94952675000002,107,194,118.88,1314816,6764,0.5610570311546326,2.637026071548462,0.5627115885416667,-9.70400861899058,0.0003,0.2,0.9711161255836487,-0.04290157853320124,7.284610548615456,0.087633245,1060
88.65015250999998,108,196,119.55,1327104,6770,0.5585176348686218,3.730288028717041,0.5630452473958333,-9.634653975566229,0.0003,0.2,0.9701370596885681,-0.042848866904872315,7.244095438718796,0.089446165,1070
92.43166107,109,197,125.78,1339392,6776,0.5576882362365723,3.3462295532226562,0.5722086588541667,-9.598661673069,0.0003,0.2,0.9704924821853638,-0.04213151895188882,7.393481801946958,0.093355,1080
93.30297571999998,110,199,123.97,1351680,6781,0.5549376010894775,2.8798491954803467,0.6018717447916667,-9.54547647833824,0.0003,0.2,0.9754285216331482,-0.03840024372184416,6.503046936293443,0.10267401,1090
91.40661126,111,200,128.15,1363968,6787,0.5524182319641113,3.602487802505493,0.5769856770833334,-9.502785025040309,0.0003,0.2,0.9735069274902344,-0.04055322516748371,6.952142291267713,0.09478206,1100
102.15019543,112,202,135.62,1376256,6792,0.5494866371154785,3.884432077407837,0.5631673177083333,-9.438037606080373,0.0003,0.2,0.9705826640129089,-0.0437265198265474,8.346679866313934,0.08454376,1110
104.05243345999999,113,204,136.83,1388544,6798,0.5471609234809875,3.2112491130828857,0.5784505208333334,-9.384428157409031,0.0003,0.2,0.9712347984313965,-0.038064092153702704,8.556683120131492,0.093194604,1120
103.90814938,114,205,136.95,1400832,6800,0.5457985401153564,2.813584566116333,0.584033203125,-9.350456170241038,0.0003,0.2,0.9721280932426453,-0.04137459729196659,8.172825289765994,0.09579366,1130
99.15233919,115,207,135.96,1413120,6805,0.5429230332374573,3.609889030456543,0.577490234375,-9.291312877337138,0.0003,0.2,0.9714460372924805,-0.03868346589733847,8.410255498687427,0.107495874,1140
94.88332625000002,116,209,134.97,1425408,6808,0.5403339862823486,3.2819161415100098,0.6321695963541667,-9.23178498148918,0.0003,0.2,0.9733737111091614,-0.03661905023521588,6.642994724710783,0.11170715,1150
102.17296869,117,211,142.73,1437696,6810,0.5384578108787537,2.3151745796203613,0.6499186197916667,-9.181985261042913,0.0003,0.2,0.975266695022583,-0.03256009991406851,5.589302988350392,0.123043634,1160
108.43445192000001,118,212,144.3,1449984,6815,0.536337673664093,3.241363048553467,0.5991617838541666,-9.132931391398111,0.0003,0.2,0.9685977697372437,-0.039561023913362685,8.087166450421016,0.09424568,1170
105.98765293000001,119,214,141.09,1462272,6820,0.5345242619514465,3.8639750480651855,0.5571533203125,-9.103842769066492,0.0003,0.2,0.9631649255752563,-0.04119793064989305,10.121341666579246,0.086290814,1180
112.68951962999998,120,216,143.94,1474560,6824,0.5305678844451904,3.494166135787964,0.6037027994791667,-9.029781923691433,0.0003,0.2,0.9690406322479248,-0.04187900834949687,7.911996883153916,0.1132,1190
111.34250297999999,121,217,148.44,1486848,6829,0.5286000370979309,2.994389772415161,0.5934488932291667,-8.96835094889005,0.0003,0.2,0.9703560471534729,-0.041264201222899526,9.5057609607776,0.097765036,1200
120.60717950999997,122,219,152.78,1499136,6834,0.5270987153053284,4.157784938812256,0.5816243489583334,-8.920682845513026,0.0003,0.2,0.9680470824241638,-0.04130426949316946,10.333415728807449,0.091129534,1210
124.21221516,123,221,162.13,1511424,6838,0.5248162150382996,3.221628427505493,0.6161539713541667,-8.868044326702753,0.0003,0.2,0.9737858176231384,-0.0409861816369812,8.245425529281299,0.12410933,1220
113.44451174000001,124,222,152.61,1523712,6842,0.5231799483299255,4.09633731842041,0.5755289713541667,-8.829845096667608,0.0003,0.2,0.9705619812011719,-0.04215476790947529,11.061739097038904,0.090887874,1230
118.76269538999999,125,224,150.23,1536000,6847,0.5205301642417908,5.15812349319458,0.5895100911458333,-8.792008145650227,0.0003,0.2,0.9730896949768066,-0.040565163094045904,9.566844895482063,0.10332498,1240
131.96438548,126,225,166.74,1548288,6852,0.5186169147491455,5.350754261016846,0.5883870442708333,-8.737679958343506,0.0003,0.2,0.971360445022583,-0.04136383137568676,10.56557288467884,0.10350294,1250
145.73725011,127,227,191.47,1560576,6856,0.514537513256073,3.7779500484466553,0.5814697265625,-8.665315588315329,0.0003,0.2,0.969093382358551,-0.04066214901880206,11.476969955364863,0.09297552,1260
163.83610259,128,229,218.59,1572864,6860,0.5124027132987976,3.829742908477783,0.5996744791666667,-8.601571394999821,0.0003,0.2,0.9734345078468323,-0.040064119753272585,9.954243936141332,0.10314748,1270
180.81344618,129,230,243.99,1585152,6865,0.5115082263946533,4.752285003662109,0.5518391927083334,-8.55494845310847,0.0003,0.2,0.958428680896759,-0.04180249652223817,14.90509935816129,0.08697335,1280
193.71840505999998,130,232,256.36,1597440,6869,0.5093116164207458,6.430694580078125,0.5702229817708333,-8.50493656595548,0.0003,0.2,0.9659767150878906,-0.043011805204635795,13.618208903074265,0.08350111,1290
182.53843533,131,234,237.8,1609728,6873,0.5071789622306824,5.05959939956665,0.5823160807291666,-8.452616659800212,0.0003,0.2,0.9630203247070312,-0.04226938492211048,15.666006588935852,0.09087577,1300
177.38198444999995,132,235,230.25,1622016,6875,0.5064089298248291,5.95810079574585,0.6203531901041667,-8.436957428852716,0.0003,0.2,0.9720748662948608,-0.033415218145576846,12.377188775936762,0.11739903,1310
203.42319122,133,237,260.64,1634304,6871,0.5041607022285461,5.231820106506348,0.5957845052083334,-8.387406975030899,0.0003,0.2,0.9711639881134033,-0.038420192750830515,14.581183840831121,0.10949849,1320
228.16077686999998,134,239,292.07,1646592,6871,0.5019530653953552,6.338489055633545,0.6070963541666666,-8.332573904593785,0.0003,0.2,0.972172737121582,-0.03744757046418575,13.015204423666,0.11539475,1330
236.83427066999997,135,241,312.54,1658880,6874,0.5000216364860535,4.104444980621338,0.6539713541666666,-8.295308369398118,0.0003,0.2,0.971712589263916,-0.02896587353316136,9.770431151986122,0.13136984,1340
254.62055630000003,136,243,335.64,1671168,6871,0.4969855844974518,3.176164150238037,0.6332438151041667,-8.221102392673492,0.0003,0.2,0.9708114862442017,-0.035669200805326304,11.034782102704048,0.12849689,1350
282.97891249,137,244,365.4,1683456,6876,0.4945375919342041,4.8390116691589355,0.609521484375,-8.165941307942072,0.0003,0.2,0.9699020981788635,-0.036413206623789544,12.648274168372154,0.10817244,1360
319.90823118000003,138,246,414.34,1695744,6879,0.4936380386352539,4.455483436584473,0.6392903645833333,-8.113630306720733,0.0003,0.2,0.9699811339378357,-0.027292054360926462,10.538219860196113,0.10249871,1370
333.4435101699999,139,248,452.6,1708032,6874,0.4925249516963959,3.7874233722686768,0.6356526692708333,-8.097742436329524,0.0003,0.2,0.9706319570541382,-0.026027942578851555,9.260603355864683,0.1287952,1380
319.25803449,140,250,434.21,1720320,6873,0.4895317554473877,3.7316267490386963,0.6672200520833333,-8.04883809487025,0.0003,0.2,0.9732833504676819,-0.027343016146915033,8.522188634673755,0.13118006,1390
332.84962858,141,252,450.47,1732608,6870,0.4870838224887848,2.7707667350769043,0.6624837239583333,-7.980897710720698,0.0003,0.2,0.9799566864967346,-0.02935208508570213,7.6933651059865955,0.15068108,1400
333.51032076999996,142,253,463.1,1744896,6871,0.48667559027671814,2.1049540042877197,0.6828857421875,-7.960534677902857,0.0003,0.2,0.9774975776672363,-0.02266583413729677,6.50002291748921,0.15138082,1410
376.08873336000005,143,255,510.83,1757184,6873,0.4859286844730377,1.6250580549240112,0.6921305338541667,-7.956944193442663,0.0003,0.2,0.9838089942932129,-0.018317089454891782,4.464039819935958,0.18969834,1420
416.59571527,144,257,568.15,1769472,6875,0.4837559461593628,2.3944451808929443,0.64443359375,-7.920806479454041,0.0003,0.2,0.9814200401306152,-0.02138085583865177,6.393180474638939,0.105930865,1430
464.14025301999993,145,258,623.16,1781760,6879,0.4831816852092743,2.1855063438415527,0.6644287109375,-7.887544751167297,0.0003,0.2,0.9840957522392273,-0.021943234378219736,5.930280777812004,0.13643716,1440
493.69775938,146,260,667.77,1794048,6883,0.4827527105808258,1.5077825784683228,0.6879638671875,-7.863928472002347,0.0003,0.2,0.9857137799263,-0.017196599698703116,3.8523657977581025,0.1529126,1450
518.63066739,147,262,699.36,1806336,6887,0.4806622564792633,1.4707728624343872,0.6098551432291667,-7.837342632810275,0.0003,0.2,0.9809139370918274,-0.029735674270583937,6.305867617328961,0.10524958,1460
519.98030479,148,263,690.33,1818624,6890,0.4806612432003021,4.100442886352539,0.6836832682291667,-7.82455828388532,0.0003,0.2,0.9850959777832031,-0.018021989970778425,5.170413541793823,0.14566807,1470
483.45920413000005,149,265,635.54,1830912,6894,0.48067179322242737,1.6143319606781006,0.6357421875,-7.815386243661245,0.0003,0.2,0.9799705147743225,-0.02460510693587518,6.253546079993248,0.12821795,1480
437.92434438000004,150,267,563.72,1843200,6897,0.4792139530181885,3.0338501930236816,0.5947347005208333,-7.778543059031168,0.0003,0.2,0.9830688834190369,-0.031388830759290914,7.660314533611139,0.09425909,1490
443.57375672,151,268,529.31,1855488,6900,0.477618545293808,6.885490894317627,0.5155924479166667,-7.741788896918297,0.0003,0.2,0.9760375022888184,-0.04244240882641558,14.871455989281337,0.06735199,1500
460.2976591699999,152,270,531.15,1867776,6903,0.4763909876346588,2.805981397628784,0.6493245442708333,-7.71323750714461,0.0003,0.2,0.9794564247131348,-0.02571843517459153,8.236616965631644,0.13806985,1510
473.55761206999995,153,272,556.09,1880064,6906,0.47368595004081726,1.7719554901123047,0.7028076171875,-7.660486054420471,0.0003,0.2,0.9885832071304321,-0.022891311525017954,4.363187256455421,0.175404,1520
529.24174753,154,273,618.01,1892352,6909,0.47437939047813416,0.7158657312393188,0.7746500651041667,-7.675925846894582,0.0003,0.2,0.9925104975700378,0.012966548587428406,2.0401032101362944,0.23509674,1530
530.53987053,155,275,640.11,1904640,6905,0.47344622015953064,0.7406668066978455,0.6536214192708333,-7.664573588967324,0.0003,0.2,0.9874696731567383,-0.016242572514844747,3.042649868627389,0.12395894,1540
542.9265302900001,156,277,674.93,1916928,6905,0.4731498658657074,2.287670612335205,0.5617838541666667,-7.654690324266752,0.0003,0.2,0.9815545678138733,-0.028354507325517867,5.514029021064441,0.07180098,1550
530.1835368100001,157,279,664.42,1929216,6905,0.47094836831092834,2.713489532470703,0.5798583984375,-7.616148386398951,0.0003,0.2,0.9800014495849609,-0.02917774278515329,7.664313061038653,0.09328245,1560
477.64770834,158,281,613.26,1941504,6906,0.46940508484840393,2.552133083343506,0.574365234375,-7.5792882909377415,0.0003,0.2,0.9816740155220032,-0.034276466707039314,7.171299656728904,0.09017191,1570
476.06879403000005,159,282,588.29,1953792,6908,0.46838441491127014,1.1394305229187012,0.7070963541666667,-7.547458805640539,0.0003,0.2,0.992071807384491,-0.013738603001305213,3.4209699841837087,0.19035482,1580
509.57884845,160,284,615.06,1966080,6910,0.4666356146335602,1.5064741373062134,0.6481852213541667,-7.518928559621175,0.0003,0.2,0.9869527220726013,-0.022548359688274407,3.7077138980229694,0.11221481,1590
528.72502702,161,286,612.75,1978368,6912,0.46555671095848083,2.893568277359009,0.593701171875,-7.463840192556381,0.0003,0.2,0.9850585460662842,-0.029325588628610906,6.6281974832216894,0.08727648,1600
551.78584585,162,287,632.96,1990656,6914,0.46426498889923096,1.598873496055603,0.6516845703125,-7.421596469481786,0.0003,0.2,0.9879975914955139,-0.01910587785144647,5.289735774199168,0.13188021,1610
561.0070030200001,163,289,641.07,2002944,6913,0.4639233350753784,2.0617239475250244,0.609814453125,-7.402657039960226,0.0003,0.2,0.9796775579452515,-0.031664918476114204,5.796447236835957,0.13110834,1620
529.73584597,164,291,616.96,2015232,6916,0.46379637718200684,1.1635607481002808,0.7019856770833334,-7.393700170516968,0.0003,0.2,0.9896712303161621,-0.02160872422682587,3.658128847926855,0.1720305,1630
549.98524306,165,293,620.9,2027520,6918,0.46244683861732483,1.962194561958313,0.6470052083333333,-7.370309471090635,0.0003,0.2,0.989477813243866,-0.025624047945893836,5.114286373058955,0.13142298,1640
592.46214573,166,294,664.32,2039808,6919,0.4605801999568939,1.1913965940475464,0.7142415364583333,-7.32854367295901,0.0003,0.2,0.9819254875183105,-0.008610883884345336,4.191644732157389,0.1861291,1650
539.1210639899999,167,296,600.45,2052096,6919,0.46029508113861084,2.1342525482177734,0.6558837890625,-7.308941494425138,0.0003,0.2,0.9894436597824097,-0.01846643687070658,4.0817284303406876,0.12438297,1660
514.5139407800001,168,298,556.74,2064384,6917,0.4585452079772949,2.481691360473633,0.6037841796875,-7.281797275940577,0.0003,0.2,0.9907936453819275,-0.035715239588171244,5.593494156002999,0.102342986,1670
531.5032620799999,169,300,562.94,2076672,6917,0.4592372477054596,1.2193057537078857,0.7279459635416666,-7.2840299318234125,0.0003,0.2,0.9952870011329651,-0.011816515698834943,3.1746915424863498,0.19452949,1680
505.40874132,170,301,538.47,2088960,6917,0.45782244205474854,3.3090085983276367,0.5919189453125,-7.258251582582791,0.0003,0.2,0.9870404601097107,-0.02958037442585919,6.19150558312734,0.10401478,1690
527.1776823800001,171,303,554.69,2101248,6914,0.45667755603790283,1.104913592338562,0.6173990885416667,-7.2109711041053135,0.0003,0.2,0.9840371608734131,-0.028947949545302738,5.055270327379306,0.11829416,1700
567.20908135,172,305,590.06,2113536,6916,0.45561516284942627,1.8370352983474731,0.6405192057291667,-7.181928074359893,0.0003,0.2,0.9831634759902954,-0.01917912889330182,4.704982799788316,0.11894902,1710
573.29461253,173,307,614.56,2125824,6918,0.45544543862342834,2.194934129714966,0.6872151692708334,-7.158481967449188,0.0003,0.2,0.9855201244354248,-0.011998234607744962,5.611330606291691,0.16116346,1720
594.7568214199999,174,308,648.93,2138112,6920,0.45446935296058655,3.9276013374328613,0.6472737630208333,-7.139993683497111,0.0003,0.2,0.9868744611740112,-0.015515754052224414,6.242685475945473,0.12135419,1730
588.81653307,175,310,648.21,2150400,6923,0.4525550901889801,2.9380698204040527,0.6281168619791667,-7.09014467994372,0.0003,0.2,0.9878508448600769,-0.023729778283450288,6.072565768162409,0.11615608,1740
577.0739121600001,176,312,637.61,2162688,6925,0.4504657983779907,2.054166555404663,0.6175618489583333,-7.04201413889726,0.0003,0.2,0.978856086730957,-0.02929374565089044,5.921348709861437,0.12793119,1750
600.2836765,177,313,664.04,2174976,6928,0.4504224359989166,2.224669933319092,0.68759765625,-7.018771057327588,0.0003,0.2,0.9880334138870239,-0.013163020662614145,4.892815372099479,0.14952649,1760
609.10469522,178,315,672.09,2187264,6929,0.448464959859848,3.4640307426452637,0.6552815755208333,-6.980121956268946,0.0003,0.2,0.9773856997489929,-0.017524074775671274,6.2742830832799275,0.14185444,1770
644.18814072,179,317,694.84,2199552,6928,0.448892742395401,2.2451817989349365,0.7642496744791667,-6.966615277528763,0.0003,0.2,0.9857653975486755,0.016702310299054564,4.018104170759519,0.19826972,1780
661.36560615,180,319,702.41,2211840,6930,0.45205774903297424,1.2899584770202637,0.7608317057291667,-7.057903408010801,0.0003,0.2,0.9888969659805298,0.021093585360601234,3.0151043862104414,0.1935922,1790
596.2371920700001,181,320,657.34,2224128,6932,0.4513062536716461,2.7487380504608154,0.5590576171875,-7.039050463835398,0.0003,0.2,0.9825578927993774,-0.028471968282246962,7.714285828669866,0.06904403,1800
592.9419756400001,182,322,651.75,2236416,6932,0.44910481572151184,1.498422384262085,0.64833984375,-6.993563134471575,0.0003,0.2,0.9888131618499756,-0.026212962715362664,5.2977391764521595,0.14724693,1810
590.46152161,183,324,633.73,2248704,6932,0.4476783573627472,1.8047813177108765,0.6372965494791667,-6.952700154980024,0.0003,0.2,0.9901296496391296,-0.025311595362533506,5.67240641961495,0.11731169,1820
538.55649426,184,326,589.33,2260992,6932,0.4464825689792633,1.3080644607543945,0.6687337239583333,-6.910742258032163,0.0003,0.2,0.9891512989997864,-0.023261944104645712,4.72529312123855,0.15530922,1830
539.3770610400001,185,327,593.07,2273280,6932,0.44584211707115173,2.4638049602508545,0.629248046875,-6.89387063185374,0.0003,0.2,0.9844920635223389,-0.026469039854661484,6.239387109875679,0.11713836,1840
559.38396039,186,329,608.03,2285568,6932,0.4438585340976715,1.0745272636413574,0.7081298828125,-6.871297725041708,0.0003,0.2,0.9887072443962097,-0.010154173992001839,3.862683478494485,0.16956657,1850
563.4086124800001,187,331,629.14,2297856,6932,0.44227609038352966,2.4572508335113525,0.6683430989583333,-6.815468484163285,0.0003,0.2,0.9843171834945679,-0.020874016598099843,4.753419631222884,0.14965895,1860
534.63556752,188,333,625.53,2310144,6932,0.44447168707847595,0.8268550038337708,0.8101481119791667,-6.856406515836715,0.0003,0.2,0.9895100593566895,0.04613004195659111,3.0153143485387166,0.276243,1870
587.2166433299999,189,335,664.63,2322432,6931,0.44406697154045105,0.79628986120224,0.64892578125,-6.854564197858175,0.0003,0.2,0.9897128939628601,-0.021605136061164862,3.599120822797219,0.15357561,1880
637.19223453,190,336,704.42,2334720,6931,0.44049811363220215,1.230396032333374,0.62578125,-6.787743932008743,0.0003,0.2,0.9795299172401428,-0.027891137544065712,2.9969918303191663,0.1388429,1890
635.73246496,191,338,706.55,2347008,6931,0.44019436836242676,0.9042792320251465,0.6688720703125,-6.746270930767059,0.0003,0.2,0.990112841129303,-0.022098723894062762,3.053167911618948,0.15483512,1900
640.4005811699999,192,340,699.22,2359296,6933,0.4385238587856293,2.502809762954712,0.553271484375,-6.7138979951540625,0.0003,0.2,0.9859512448310852,-0.034666185755243835,6.517336788276832,0.083244205,1910
677.1534054100001,193,341,709.3,2371584,6935,0.4377215802669525,1.9385344982147217,0.671826171875,-6.682824712991715,0.0003,0.2,0.9901852011680603,-0.016054239684793477,3.60338476896286,0.15408601,1920
680.9200258700001,194,343,716.51,2383872,6937,0.43628406524658203,1.285645604133606,0.6623616536458333,-6.649338574210803,0.0003,0.2,0.988206684589386,-0.01791312654095236,4.6321412188311415,0.15007289,1930
643.4580595499999,195,345,682.84,2396160,6939,0.43626824021339417,0.903780460357666,0.7081949869791667,-6.630255704124768,0.0003,0.2,0.9877203702926636,-0.010224752610277695,3.099570113172134,0.17770551,1940
627.96167617,196,347,672.84,2408448,6939,0.43534669280052185,1.8674445152282715,0.6136067708333334,-6.609964791933695,0.0003,0.2,0.9867367148399353,-0.025588457236396304,4.971375212073326,0.10533064,1950
646.0404501400001,197,348,687.11,2420736,6939,0.4347085952758789,1.6244919300079346,0.6573323567708333,-6.587145578861237,0.0003,0.2,0.9891645312309265,-0.027681963084614836,4.6207827746868135,0.1514643,1960
641.3519181699999,198,350,688.48,2433024,6941,0.4328911304473877,1.4528770446777344,0.6877278645833333,-6.554196144143741,0.0003,0.2,0.9845760464668274,-0.017244949356730408,3.577626858154933,0.17579627,1970
655.3209689700001,199,352,696.31,2445312,6943,0.43262574076652527,1.1209734678268433,0.67646484375,-6.534890583157539,0.0003,0.2,0.9847109913825989,-0.016494674188046097,3.8530649436016877,0.17222835,1980
654.16550258,200,353,703.65,2457600,6946,0.4322395622730255,0.8649590611457825,0.7298258463541667,-6.511383147041003,0.0003,0.2,0.9942793846130371,-0.009862169610763279,2.6053397787113983,0.2386717,1990
684.52901396,201,355,741.85,2469888,6948,0.4304025173187256,1.049107313156128,0.6614990234375,-6.480090283354124,0.0003,0.2,0.989843487739563,-0.018635808548424393,2.8145143941044806,0.143611,2000
695.3449964499999,202,357,760.39,2482176,6951,0.4303000867366791,0.5326473712921143,0.7304280598958334,-6.465906811753909,0.0003,0.2,0.9939362406730652,-0.008556930589353822,1.5926171479125817,0.23622228,2010
710.4753834699998,203,358,775.24,2494464,6952,0.42850327491760254,1.1321182250976562,0.6810546875,-6.404387633005778,0.0003,0.2,0.9931073784828186,-0.020812159936758688,2.531163531045119,0.16307159,2020
714.2423510000001,204,360,789.63,2506752,6954,0.4280971586704254,0.8419616222381592,0.624267578125,-6.3848972618579865,0.0003,0.2,0.9831939339637756,-0.021245005654539757,4.318246279656887,0.099236876,2030
675.951355,205,362,763.65,2519040,6956,0.4273543655872345,1.2212733030319214,0.6592366536458333,-6.365915777285894,0.0003,0.2,0.9916555285453796,-0.02759322086009585,2.7208851017057896,0.14033742,2040
703.7596136500001,206,363,777.03,2531328,6956,0.42512014508247375,1.6309208869934082,0.5877522786458333,-6.3260366449753445,0.0003,0.2,0.9869878888130188,-0.027944757147148874,4.739394155393044,0.09482747,2050
694.16304525,207,365,749.19,2543616,6957,0.4249248802661896,1.0900431871414185,0.76220703125,-6.308874740203222,0.0003,0.2,0.9902397990226746,-0.002817628113552928,1.9416809891661009,0.2442265,2060
684.51069627,208,367,721.12,2555904,6959,0.4232570230960846,1.3104090690612793,0.5440022786458333,-6.272814491391182,0.0003,0.2,0.9871103167533875,-0.03358082818255449,5.362824110686779,0.07709233,2070
672.05016469,209,368,701.65,2568192,6960,0.42197051644325256,2.0702059268951416,0.5453125,-6.236025509238243,0.0003,0.2,0.9804945588111877,-0.028722569177625702,7.945026548703511,0.0704692,2080
699.81150199,210,370,706.91,2580480,6961,0.42159509658813477,2.119885206222534,0.6839274088541667,-6.210707375407219,0.0003,0.2,0.9919914603233337,-0.020630034489537746,4.153082177788019,0.15635437,2090
722.5209352500002,211,372,713.91,2592768,6963,0.42072221636772156,1.6239759922027588,0.6737141927083333,-6.194085155924161,0.0003,0.2,0.9859695434570312,-0.014686546909312407,4.505796488374472,0.12947255,2100
677.3524746399999,212,374,683.49,2605056,6965,0.42084386944770813,1.5866636037826538,0.6743001302083333,-6.183312516411146,0.0003,0.2,0.9842373132705688,-0.014048797796325138,5.26400773525238,0.14880209,2110
673.62487138,213,375,684.57,2617344,6967,0.42012569308280945,1.9630215167999268,0.6780517578125,-6.173222364981969,0.0003,0.2,0.9873673319816589,-0.01774531032569939,5.919907326996326,0.14403026,2120
631.29018789,214,377,655.47,2629632,6969,0.41960325837135315,1.7940422296524048,0.6927897135416666,-6.143244114518166,0.0003,0.2,0.9884322285652161,-0.019522155381855553,5.565959972639878,0.18626387,2130
594.40618457,215,378,627.04,2641920,6971,0.4188236892223358,4.109999179840088,0.5782552083333333,-6.111299973726273,0.0003,0.2,0.9736441969871521,-0.040635673363188594,12.138243792454402,0.0903937,2140
568.00779548,216,380,613.65,2654208,6973,0.4188852310180664,1.3323745727539062,0.7073160807291666,-6.105161207914352,0.0003,0.2,0.9880284667015076,-0.02104032802405224,5.128021392722925,0.23698623,2150
577.2670886999999,217,382,621.81,2666496,6975,0.4163036644458771,3.0189878940582275,0.642529296875,-6.058345219492912,0.0003,0.2,0.9843007922172546,-0.032179345282687184,7.080355045199394,0.1382388,2160
556.52828708,218,383,597.74,2678784,6977,0.4157189428806305,2.692781925201416,0.6611246744791667,-6.021439450979233,0.0003,0.2,0.9822817444801331,-0.02791410920472117,8.532981949547926,0.12646869,2170
570.5541654000001,219,385,597.92,2691072,6979,0.41474732756614685,1.960699200630188,0.6853108723958333,-6.007171742121378,0.0003,0.2,0.9847196340560913,-0.01943473857245408,7.638410363594691,0.15292063,2180
555.7377805799999,220,387,585.14,2703360,6981,0.4139266014099121,2.3665060997009277,0.7169514973958333,-5.9857755641142525,0.0003,0.2,0.9771724939346313,-0.009235218855125519,7.504968365530173,0.16481863,2190
563.3493404799999,221,388,584.12,2715648,6982,0.41198182106018066,5.340272426605225,0.6750244140625,-5.930196900169054,0.0003,0.2,0.9827690720558167,-0.020005580953632793,9.616827702522277,0.12267665,2200
571.3210050600001,222,390,589.97,2727936,6984,0.41196274757385254,4.022497653961182,0.6912841796875,-5.918331711490949,0.0003,0.2,0.9823064804077148,-0.01578062940000867,8.335089915494125,0.14766283,2210
603.4379052300001,223,392,625.51,2740224,6986,0.41172289848327637,1.2535877227783203,0.7979166666666667,-5.924770069122315,0.0003,0.2,0.9876940250396729,0.017699420863452057,3.592537861565749,0.2799362,2220
614.41351863,224,393,636.91,2752512,6987,0.41071033477783203,2.2635786533355713,0.6363362630208333,-5.885350345571836,0.0003,0.2,0.9856783151626587,-0.029809470130324676,7.57810802112023,0.12997602,2230
647.8050955599999,225,395,650.14,2764800,6989,0.4150599241256714,1.2399791479110718,0.9365641276041666,-5.920572727918625,0.0003,0.2,0.9877036213874817,0.18446067071636207,3.1435318179428577,2.5587428,2240
670.69166967,226,397,672.55,2777088,6991,0.4142369031906128,4.446815013885498,0.5146565755208333,-6.007145209113757,0.0003,0.2,0.9639440774917603,-0.032185991730269356,18.383346010247866,0.0512736,2250
661.1541933100001,227,398,671.39,2789376,6993,0.4131797254085541,4.298939228057861,0.5651774088541667,-5.974234526356061,0.0003,0.2,0.9651044607162476,-0.03811680143310999,13.356189841032029,0.091066204,2260
661.1629634599999,228,400,669.81,2801664,6995,0.4124256670475006,2.112435817718506,0.672998046875,-5.958740583062172,0.0003,0.2,0.9826194047927856,-0.02661355666059535,6.283401548862457,0.1635745,2270
641.36564127,229,402,660.04,2813952,6996,0.41230568289756775,1.4407172203063965,0.6957275390625,-5.943679493665695,0.0003,0.2,0.9826871752738953,-0.016783393512499363,5.181925880412261,0.20388752,2280
603.3960118800001,230,403,646.79,2826240,6995,0.41227617859840393,3.7464025020599365,0.6689860026041666,-5.935514190793038,0.0003,0.2,0.9824841618537903,-0.019308742817762927,7.520544488728047,0.13776422,2290
637.7012773900001,231,405,676.27,2838528,6996,0.4120492935180664,1.5223634243011475,0.7027180989583334,-5.934849741061528,0.0003,0.2,0.9862686991691589,-0.01672565576445777,4.885652362803618,0.15506826,2300
624.9165286,232,407,667.65,2850816,6994,0.4117344319820404,4.36258602142334,0.6689697265625,-5.910906452933947,0.0003,0.2,0.9673710465431213,-0.01377933099574875,8.994193893671035,0.16372576,2310
558.10763024,233,409,600.7,2863104,6995,0.4099273383617401,3.6996428966522217,0.6970540364583333,-5.885976282755534,0.0003,0.2,0.9853631258010864,-0.018155405953681716,6.301220390200615,0.20168746,2320
589.57347439,234,411,629.95,2875392,6994,0.4085032045841217,5.999448299407959,0.5210367838541666,-5.845482960343361,0.0003,0.2,0.9569486379623413,-0.0384395027164525,20.684870398044588,0.063141555,2330
598.39065682,235,412,625.53,2887680,6993,0.408454567193985,5.299941062927246,0.6978190104166667,-5.8393921265999476,0.0003,0.2,0.9777275323867798,-0.01525754711862343,9.129159338275592,0.19572215,2340
604.78077318,236,414,622.28,2899968,6990,0.41462698578834534,2.9437255859375,0.94697265625,-5.9282535473505655,0.0003,0.2,0.9874633550643921,0.20153686813234042,5.378548368314902,2.0363655,2350
631.4878124999999,237,416,661.38,2912256,6991,0.41375890374183655,2.0067238807678223,0.6777099609375,-6.014168005188306,0.0003,0.2,0.9776602387428284,-0.020088983797177207,7.5216633806626,0.176108,2360
668.2610738100001,238,418,702.59,2924544,6990,0.4132205545902252,1.5520386695861816,0.6440673828125,-5.978267800807953,0.0003,0.2,0.9778269529342651,-0.019472640382203584,8.959251792232196,0.1632117,2370
719.29877635,239,420,753.43,2936832,6990,0.4139380156993866,2.965125322341919,0.6815022786458333,-5.976494670907656,0.0003,0.2,0.9688374996185303,-0.02124846037477255,8.076450935502846,0.17881699,2380
734.9391277499999,240,421,771.43,2949120,6991,0.41380202770233154,5.773305892944336,0.7182373046875,-5.983971057335536,0.0003,0.2,0.964598536491394,0.006608061493898277,9.53568082700173,0.14760123,2390
761.0287726600003,241,423,798.38,2961408,6993,0.41270753741264343,4.165550708770752,0.6322916666666667,-5.974294324715932,0.0003,0.2,0.9702579379081726,-0.0239430237042446,10.050292723377545,0.111209095,2400
750.5325461499998,242,425,792.14,2973696,6995,0.41269299387931824,2.852811813354492,0.7261311848958333,-5.952948099374771,0.0003,0.2,0.9749207496643066,-0.0061727006376410525,7.161327989896138,0.24918185,2410
742.64916375,243,426,776.85,2985984,6997,0.4114842414855957,5.456982135772705,0.5774495442708333,-5.935076562563578,0.0003,0.2,0.9660178422927856,-0.033751234046455164,15.00462251206239,0.08688585,2420
751.64155509,244,428,783.44,2998272,6998,0.4110531508922577,2.1634910106658936,0.7482177734375,-5.923812499642372,0.0003,0.2,0.9755923748016357,0.016760927989768484,7.836553880075614,0.19277877,2430
742.8988045999997,245,430,767.43,3010560,7000,0.4100058078765869,2.0580852031707764,0.6951416015625,-5.888826829195023,0.0003,0.2,0.9809715151786804,-0.01627201525164613,6.74008321762085,0.17632835,2440
709.3719730400002,246,431,726.04,3022848,7001,0.41163870692253113,1.4203404188156128,0.78994140625,-5.928499208887418,0.0003,0.2,0.9819272756576538,0.03583707115176367,6.389630778630575,0.24051459,2450
706.8137980999999,247,433,710.65,3035136,7003,0.4104931354522705,9.102766036987305,0.5365966796875,-5.908823292454084,0.0003,0.2,0.9705644249916077,-0.03621124897229796,17.719311145941415,0.07457308,2460
738.5235210599998,248,435,739.82,3047424,7004,0.411572128534317,2.1897659301757812,0.7064127604166667,-5.918044295907021,0.0003,0.2,0.9725426435470581,-0.013543284559273162,6.84425480713447,0.20125826,2470
739.76994093,249,436,740.56,3059712,7006,0.40990158915519714,3.9464337825775146,0.6597574869791667,-5.895089536905289,0.0003,0.2,0.9748513102531433,-0.016087824024725705,8.799746370812256,0.13408041,2480
720.31778045,250,438,735.44,3072000,7007,0.41790494322776794,1.6036697626113892,0.9117268880208333,-6.014217065771421,0.0003,0.2,0.983888566493988,0.14996745684572185,3.8003003684182963,1.2368835,2490
735.5903353900001,251,440,754.07,3084288,7009,0.41784727573394775,1.3243858814239502,0.679443359375,-6.1290870130062105,0.0003,0.2,0.9845098257064819,-0.01943302223420081,5.1636064400275545,0.15685947,2500
750.70188488,252,441,777.58,3096576,7011,0.41684016585350037,4.74091911315918,0.6506998697916667,-6.105136270324389,0.0003,0.2,0.9766088724136353,-0.02439558652113192,6.065872228145599,0.13625085,2510
726.9668121699999,253,443,766.52,3108864,7012,0.41552993655204773,7.175943374633789,0.5847900390625,-6.071357216437658,0.0003,0.2,0.9736676216125488,-0.03374439576873556,9.505225443343322,0.088218845,2520
667.0592068800001,254,444,714.03,3121152,7014,0.41393911838531494,2.5056469440460205,0.674853515625,-6.03051333129406,0.0003,0.2,0.9839084148406982,-0.019981024260050616,8.33409883628289,0.151895,2530
612.2846243199999,255,446,659.74,3133440,7015,0.4121283292770386,4.574498176574707,0.5869954427083334,-5.982954393823942,0.0003,0.2,0.9692757725715637,-0.031066309926488126,15.651749810576439,0.101432145,2540
630.4665161300001,256,448,668.32,3145728,7015,0.41126084327697754,6.8624958992004395,0.5956868489583333,-5.956028513113657,0.0003,0.2,0.9647369980812073,-0.04126682703160137,17.07530777057012,0.098073244,2550
620.1384216399999,257,450,647.78,3158016,7015,0.41083064675331116,1.9526731967926025,0.7589762369791667,-5.962598487734795,0.0003,0.2,0.9822969436645508,-0.004421869884148085,5.593800993263722,0.22467609,2560
635.48938118,258,451,658.07,3170304,7016,0.4100496470928192,2.3008084297180176,0.6708902994791667,-5.934310777982076,0.0003,0.2,0.9794708490371704,-0.02312374764442211,8.993726882338525,0.13911106,2570
643.78973374,259,453,662.61,3182592,7017,0.40948569774627686,3.79366397857666,0.6712239583333334,-5.9121939907471335,0.0003,0.2,0.971936821937561,-0.017421629918923525,10.141767097016176,0.13591215,2580
640.61650203,260,455,661.01,3194880,7018,0.40863490104675293,8.417438507080078,0.6473470052083333,-5.8938149362802505,0.0003,0.2,0.9667724967002869,-0.03127885126887122,12.890417024493217,0.12294796,2590
621.6023205499998,261,456,635.71,3207168,7019,0.40813884139060974,3.854156494140625,0.6912679036458333,-5.864530489842097,0.0003,0.2,0.9792459607124329,-0.01807152682352656,10.131305014093718,0.15369354,2600
561.1872229,262,458,583.29,3219456,7020,0.4075149595737457,4.679444789886475,0.6336832682291667,-5.849902206659317,0.0003,0.2,0.968976616859436,-0.02750705030387811,14.541352906823159,0.109867,2610
557.80129488,263,460,581.27,3231744,7022,0.4064154624938965,6.178414344787598,0.6393636067708334,-5.824370462695757,0.0003,0.2,0.9736160635948181,-0.032658500835532324,15.81447045604388,0.11393931,2620
573.40607378,264,461,602.59,3244032,7024,0.4049873352050781,5.856234550476074,0.705029296875,-5.787706381082534,0.0003,0.2,0.9719194769859314,-0.01759741392743308,12.293568482001623,0.15056129,2630
631.2151994200001,265,463,651.53,3256320,7025,0.4035603106021881,6.653444766998291,0.6732340494791667,-5.744008865952492,0.0003,0.2,0.9687323570251465,-0.021319298085290938,16.112412551045416,0.13757755,2640
460.9018360099999,266,465,496.93,3268608,7027,0.40910086035728455,2.149193525314331,0.9514811197916667,-5.815122077862422,0.0003,0.2,0.9730615019798279,0.18447351107800689,5.247697821756204,3.1684058,2650
289.46542499000003,267,466,345.13,3280896,7028,0.40820956230163574,15.582489967346191,0.5098388671875,-5.888126092155774,0.0003,0.2,0.9327620267868042,-0.053035412887887406,42.18349494536718,0.06562102,2660
220.94762554000002,268,468,300.03,3293184,7030,0.4067995250225067,11.536798477172852,0.577294921875,-5.8603692303101225,0.0003,0.2,0.9419373869895935,-0.04582931833768574,28.158226758241653,0.09237834,2670
278.76892939000004,269,470,362.43,3305472,7031,0.4056526720523834,16.749738693237305,0.6160319010416667,-5.825662971536318,0.0003,0.2,0.952586829662323,-0.041552296085865234,28.56866856018702,0.112417854,2680
341.2965809099999,270,471,429.54,3317760,7032,0.4060494899749756,6.347334384918213,0.7045654296875,-5.829073991378149,0.0003,0.2,0.9522496461868286,-0.022282985601729404,18.431419626871744,0.18705304,2690
396.85674372,271,473,484.42,3330048,7033,0.41392385959625244,4.484901428222656,0.9358561197916667,-5.930805628498395,0.0003,0.2,0.967358410358429,0.19785901017603463,9.2049253453811,2.4971356,2700
432.9294756500001,272,475,517.65,3342336,7035,0.41343748569488525,3.1593997478485107,0.6802815755208333,-6.047407665848732,0.0003,0.2,0.9442167282104492,-0.02208281398731439,9.453577097256979,0.16474815,2710
435.05324581,273,476,519.67,3354624,7037,0.4126978814601898,5.422189712524414,0.6041829427083333,-6.019329985976219,0.0003,0.2,0.953142523765564,-0.03878452536300756,16.318312169114748,0.10733813,2720
442.02683318000004,274,478,517.73,3366912,7038,0.4123726785182953,5.717172622680664,0.6531656901041667,-6.006582919756571,0.0003,0.2,0.9674005508422852,-0.03211861410575997,14.563998091220856,0.13799785,2730
425.4952860000001,275,480,503.18,3379200,7038,0.4117097854614258,7.9303998947143555,0.5984293619791666,-5.9848250418901445,0.0003,0.2,0.95047527551651,-0.04041845175185396,19.323393130302428,0.10659317,2740
433.7700877100001,276,481,507.31,3391488,7039,0.4097081124782562,5.234898090362549,0.6538736979166667,-5.938719402750333,0.0003,0.2,0.9486842155456543,-0.029732599889393897,15.490443150202433,0.14251077,2750
502.28123611,277,483,575.56,3403776,7040,0.4098651111125946,2.3091328144073486,0.7404378255208334,-5.943933779001236,0.0003,0.2,0.9580931067466736,-0.011458267669271056,8.417129918932915,0.23888052,2760
544.0477583000002,278,485,613.56,3416064,7041,0.40842700004577637,2.6755452156066895,0.7189208984375,-5.917409027616183,0.0003,0.2,0.950842559337616,-0.016959712919197047,9.186779715617497,0.19133556,2770
558.5444451,279,486,627.78,3428352,7043,0.4087342321872711,2.4801619052886963,0.7411865234375,-5.919433153669039,0.0003,0.2,0.9744668006896973,-0.010602839844068512,6.82235954006513,0.21231574,2780
617.59477861,280,488,675.15,3440640,7044,0.4073193371295929,2.028268337249756,0.6562662760416667,-5.889953981836637,0.0003,0.2,0.9622874855995178,-0.028227410134665357,9.594544139504432,0.13550329,2790
643.30788256,281,490,697.04,3452928,7045,0.4067775011062622,2.920257568359375,0.7133870442708333,-5.856859117746353,0.0003,0.2,0.9669889807701111,-0.018616391100416272,7.316203474005063,0.23470323,2800
598.24573551,282,491,663.28,3465216,7046,0.4056817591190338,2.17370867729187,0.7468587239583333,-5.846200489997864,0.0003,0.2,0.9733295440673828,-0.008589010474194463,6.2262949431935946,0.2253414,2810
592.05431036,283,493,651.12,3477504,7047,0.4038580358028412,6.428455352783203,0.6398518880208334,-5.80464683175087,0.0003,0.2,0.9682855010032654,-0.0325057926956409,12.4869012037913,0.12202131,2820
602.2897464,284,495,672.14,3489792,7048,0.4028434753417969,3.2157340049743652,0.6608072916666666,-5.778212202588717,0.0003,0.2,0.9550982713699341,-0.029626087431097403,10.596601485212643,0.15836522,2830
612.68619753,285,496,683.44,3502080,7047,0.4023222029209137,1.9645416736602783,0.7139892578125,-5.758816757798195,0.0003,0.2,0.9693946838378906,-0.014603869919665158,7.488298888504505,0.19847898,2840
602.1813934900001,286,498,678.26,3514368,7048,0.4025228023529053,3.4617457389831543,0.6926676432291666,-5.744509334365527,0.0003,0.2,0.9627623558044434,-0.025901192091502403,8.194278880457084,0.19362344,2850
606.44237465,287,500,676.91,3526656,7049,0.4013424217700958,2.3330917358398438,0.6838541666666667,-5.718937657276789,0.0003,0.2,0.9588325023651123,-0.018968896475659372,8.58631860713164,0.15292259,2860
462.58755494999997,288,501,526.88,3538944,7050,0.40677011013031006,1.4480371475219727,0.9468343098958333,-5.784537055095037,0.0003,0.2,0.9750239849090576,0.18868066333428335,3.777294121930997,5.28359,2870
188.48856151,289,503,267.22,3551232,7051,0.406489759683609,8.854514122009277,0.5420247395833333,-5.869313912590345,0.0003,0.2,0.9075925946235657,-0.04149939505635605,22.011488217115403,0.07341807,2880
158.36105287,290,505,227.76,3563520,7052,0.40557458996772766,8.013986587524414,0.5789876302083333,-5.845780966679255,0.0003,0.2,0.923678994178772,-0.04799691331475818,20.36456234653791,0.10011971,2890
164.86572485999997,291,506,230.08,3575808,7054,0.4040767252445221,10.093056678771973,0.5828776041666667,-5.803627609213193,0.0003,0.2,0.9424928426742554,-0.04826368669455405,23.43835365573565,0.09659224,2900
176.92688968,292,508,247.5,3588096,7055,0.4028080999851227,9.123693466186523,0.6508870442708333,-5.7601868579785025,0.0003,0.2,0.947577953338623,-0.04236009857753136,19.882930264870325,0.1350996,2910
197.67074409,293,510,270.95,3600384,7056,0.40193864703178406,7.137764930725098,0.663818359375,-5.739667784174284,0.0003,0.2,0.9549401998519897,-0.03863851135538425,18.193487705787025,0.14863296,2920
196.98876556000008,294,511,258.1,3612672,7057,0.4007132053375244,9.551600456237793,0.6548014322916667,-5.708420177300771,0.0003,0.2,0.9510512351989746,-0.03782231624015064,21.74354330301285,0.13391398,2930
194.37487743999998,295,513,242.67,3624960,7058,0.3993411064147949,7.727519989013672,0.6455810546875,-5.681608059008917,0.0003,0.2,0.9535908699035645,-0.037422611934016456,22.228540297349294,0.13604914,2940
255.03216883999997,296,515,307.77,3637248,7059,0.39866766333580017,7.783327102661133,0.673974609375,-5.654153207937877,0.0003,0.2,0.9549793004989624,-0.033330989963239216,19.25406197110812,0.16099249,2950
275.73689669,297,516,333.19,3649536,7061,0.39739909768104553,8.302410125732422,0.6611897786458333,-5.618346243103345,0.0003,0.2,0.9344660639762878,-0.04222807897798096,23.153123943010964,0.1483301,2960
295.0646037700001,298,518,357.01,3661824,7062,0.3971540927886963,6.633852481842041,0.6803059895833333,-5.6134464025497435,0.0003,0.2,0.9454835653305054,-0.0322769904237551,18.676590818166733,0.16321461,2970
307.87412141999994,299,520,376.59,3674112,7063,0.397629052400589,8.627927780151367,0.6552978515625,-5.608784242471059,0.0003,0.2,0.9349462985992432,-0.03741202761981791,24.937500244379045,0.16267748,2980
330.73352167999997,300,521,401.19,3686400,7064,0.39820051193237305,4.098562717437744,0.7856038411458334,-5.634200644493103,0.0003,0.2,0.9452850222587585,0.007385433843592182,11.66210540831089,0.27969062,2990
357.40551757000003,301,523,439.26,3698688,7065,0.3973994553089142,5.814775466918945,0.6942057291666667,-5.639361634850502,0.0003,0.2,0.9577813744544983,-0.026832296433955585,13.237832733988762,0.16859232,3000
393.3701854800001,302,525,481.89,3710976,7066,0.3957326114177704,3.0473365783691406,0.756787109375,-5.604583817720413,0.0003,0.2,0.9600242972373962,-0.011222491386676362,8.73094150920709,0.28318262,3010
400.36743282,303,526,480.58,3723264,7066,0.396138995885849,4.248540878295898,0.7364013671875,-5.593051735560099,0.0003,0.2,0.9664390087127686,-0.018675460343365556,8.222986808915932,0.24086575,3020
438.42930297,304,528,521.04,3735552,7067,0.3956665098667145,4.9127912521362305,0.626806640625,-5.584397328893344,0.0003,0.2,0.9536958932876587,-0.030941964122757782,13.59885565340519,0.12707597,3030
455.45711493999994,305,530,540.96,3747840,7069,0.3954407274723053,5.536769390106201,0.6560546875,-5.569952311118444,0.0003,0.2,0.9618223309516907,-0.03200220666088474,12.58794938425223,0.13703763,3040
464.33109799,306,531,539.25,3760128,7070,0.39477601647377014,5.4920454025268555,0.6351725260416666,-5.569351402918498,0.0003,0.2,0.9522014260292053,-0.03620479206632202,16.115955927968024,0.12389145,3050
479.82789476,307,533,548.77,3772416,7071,0.3942435681819916,6.67489767074585,0.7019287109375,-5.572108580668767,0.0003,0.2,0.959226131439209,-0.024396015994716434,12.890511233607928,0.17855334,3060
527.3237602999999,308,535,603.35,3784704,7072,0.39393237233161926,6.289413928985596,0.6878499348958333,-5.547126061717669,0.0003,0.2,0.9396617412567139,-0.027487773066968656,15.183050368229548,0.1575908,3070
483.02216281,309,536,567.75,3796992,7073,0.4010530412197113,4.658010482788086,0.8722330729166666,-5.641587674617767,0.0003,0.2,0.955766499042511,0.12860405076838408,9.148700292905172,1.0324029,3080
459.33705675,310,538,540.89,3809280,7074,0.3999861478805542,11.585018157958984,0.53291015625,-5.740825603405635,0.0003,0.2,0.9423270225524902,-0.04869068780196054,24.655061753590903,0.07876856,3090
433.0880915100001,311,540,518.68,3821568,7075,0.398004412651062,9.837088584899902,0.5730631510416667,-5.691158127784729,0.0003,0.2,0.9394605159759521,-0.04614695218867079,23.77984699010849,0.09113383,3100
431.67870209,312,541,498.13,3833856,7076,0.3966275751590729,14.03268051147461,0.5813883463541667,-5.644848497708638,0.0003,0.2,0.9363290071487427,-0.04183668526238762,26.985009755690893,0.09838635,3110
450.47992482999996,313,543,517.51,3846144,7077,0.3956815004348755,7.682360649108887,0.6581298828125,-5.611556668082873,0.0003,0.2,0.9384065270423889,-0.03601900416833814,21.09601088364919,0.14616716,3120
506.66812453000006,314,545,566.41,3858432,7078,0.39999425411224365,5.266909122467041,0.9136067708333333,-5.697249235709508,0.0003,0.2,0.9567319750785828,0.13546431325764086,11.92467331389586,0.7863334,3130
557.03878378,315,546,606.66,3870720,7079,0.3986732065677643,3.5361874103546143,0.6965901692708333,-5.7378477980693186,0.0003,0.2,0.9424468278884888,-0.028865690083087734,12.122559610009194,0.17603402,3140
583.4862882900001,316,548,622.84,3883008,7080,0.3979448974132538,5.5042619705200195,0.7679361979166667,-5.722719905773799,0.0003,0.2,0.9645868539810181,0.003247751575933459,10.161658782263597,0.258971,3150
601.9957633099999,317,550,640.92,3895296,7081,0.3956793248653412,6.6347737312316895,0.6474202473958334,-5.661318614085515,0.0003,0.2,0.9523007273674011,-0.0370242778735701,15.38755262196064,0.13159913,3160
577.1201090000001,318,551,609.11,3907584,7082,0.39454367756843567,4.939727306365967,0.7407145182291667,-5.623627787828445,0.0003,0.2,0.9559022188186646,-0.012846391548130972,10.6544551273187,0.22520566,3170
582.4400775900001,319,553,626.26,3919872,7083,0.39300134778022766,7.062337875366211,0.6476806640625,-5.57506508231163,0.0003,0.2,0.9479632377624512,-0.032933393788213534,14.766005295515061,0.12888515,3180
600.4029751200001,320,555,654.06,3932160,7084,0.39280033111572266,4.189698219299316,0.724462890625,-5.5537852346897125,0.0003,0.2,0.9672582745552063,-0.018032443945412525,10.369887926181157,0.17793654,3190
583.32296082,321,556,656.74,3944448,7084,0.39265432953834534,2.2185442447662354,0.7534423828125,-5.560587304830551,0.0003,0.2,0.9727632999420166,-0.010222460837394465,7.092400159438451,0.27426532,3200
620.89041468,322,558,697.78,3956736,7085,0.3937282860279083,2.140012741088867,0.7177571614583333,-5.576711634794871,0.0003,0.2,0.9621961712837219,-0.016535143598836535,8.90769270559152,0.19564688,3210
624.84041287,323,560,699.63,3969024,7086,0.3938501179218292,1.6142915487289429,0.7545491536458333,-5.589958595236142,0.0003,0.2,0.9713846445083618,-0.007729489038077493,5.542882058024406,0.26570293,3220
605.24290805,324,561,680.09,3981312,7087,0.3928687870502472,3.9309308528900146,0.6451741536458333,-5.560413445035617,0.0003,0.2,0.9646957516670227,-0.03018131638915899,10.508032607038816,0.14069697,3230
582.3062805,325,563,643.8,3993600,7088,0.3928895890712738,4.709951400756836,0.6047688802083333,-5.554621464014053,0.0003,0.2,0.9585395455360413,-0.03808260784329225,13.364592690269152,0.11121386,3240
574.91797045,326,565,611.75,4005888,7089,0.3917621076107025,10.725628852844238,0.63212890625,-5.5327232072750725,0.0003,0.2,0.9611523747444153,-0.03160480589819296,14.199439386526743,0.13239686,3250
520.3789539100002,327,566,549.28,4018176,7090,0.3913392722606659,2.7117066383361816,0.72666015625,-5.509171546498934,0.0003,0.2,0.9682179093360901,-0.021940931984378645,8.55217457562685,0.22435082,3260
551.34526525,328,568,578.14,4030464,7091,0.39038217067718506,4.1135172843933105,0.6320068359375,-5.469450422128042,0.0003,0.2,0.9625657200813293,-0.04054491240725232,13.478040888905525,0.12937818,3270
580.9850955399999,329,570,596.26,4042752,7092,0.3896523416042328,5.264387130737305,0.6295735677083333,-5.448165064056714,0.0003,0.2,0.9579074382781982,-0.033589178601202245,14.188908910751342,0.114935,3280
612.55367225,330,571,631.36,4055040,7093,0.39043283462524414,6.122579097747803,0.7159830729166666,-5.45041628976663,0.0003,0.2,0.9552525281906128,-0.01504187921382254,12.161030191183091,0.20753168,3290
635.4002389799999,331,573,656.89,4067328,7093,0.39022257924079895,1.8452397584915161,0.762451171875,-5.461855840682984,0.0003,0.2,0.9712220430374146,-0.004178460129575494,8.289551138877869,0.24370714,3300
649.3499923200001,332,575,675.58,4079616,7094,0.3929929733276367,2.5140061378479004,0.8072021484375,-5.524677697817484,0.0003,0.2,0.9722503423690796,0.028506900612652923,6.632568056384723,0.29114237,3310
662.76504585,333,576,697.56,4091904,7095,0.39208826422691345,3.564366340637207,0.679638671875,-5.528923051555951,0.0003,0.2,0.969947099685669,-0.029060087520823192,10.604729173580806,0.15284885,3320
681.1590145499999,334,578,722.13,4104192,7096,0.3941226899623871,1.5470510721206665,0.7991536458333334,-5.571206668019295,0.0003,0.2,0.974405825138092,0.007974293199367821,4.536944409708182,0.32028642,3330
689.9850974599999,335,579,737.75,4116480,7097,0.39359450340270996,2.2398645877838135,0.6760091145833333,-5.586517103513082,0.0003,0.2,0.96503084897995,-0.02592632719121563,8.125098762909571,0.14801088,3340
702.9778194,336,581,748.8,4128768,7098,0.39234206080436707,4.761363506317139,0.6329182942708333,-5.545888750751813,0.0003,0.2,0.9599044322967529,-0.03592743359185988,10.114166274666786,0.117995836,3350
683.0557976199999,337,583,733.14,4141056,7099,0.3926807940006256,1.3632434606552124,0.7772786458333333,-5.551434358954429,0.0003,0.2,0.9748529195785522,-0.005393546919610041,4.733063021302224,0.45711908,3360
727.66771832,338,584,768.5,4153344,7100,0.39083775877952576,2.2815616130828857,0.6941731770833334,-5.506379463275274,0.0003,0.2,0.9716994166374207,-0.02832322113099508,7.37759991834561,0.1948439,3370
728.8507919000002,339,586,769.96,4165632,7101,0.3904705047607422,1.894850730895996,0.7459879557291667,-5.483573597669602,0.0003,0.2,0.9631190299987793,-0.008089253148258042,5.798749751845995,0.2796962,3380
735.5492558699999,340,588,767.9,4177920,7102,0.38999632000923157,1.7132883071899414,0.7363932291666667,-5.471248001853625,0.0003,0.2,0.9712381958961487,-0.014565361526911147,5.0021864031751955,0.22827737,3390
740.9430987599999,341,589,775.89,4190208,7103,0.38887691497802734,2.34193754196167,0.6818684895833333,-5.4356710612773895,0.0003,0.2,0.9768328666687012,-0.0277192449963574,6.442297573884328,0.16802877,3400
690.1575841099999,342,591,724.21,4202496,7104,0.38724446296691895,4.471369743347168,0.6092610677083333,-5.3882040550311405,0.0003,0.2,0.9606913924217224,-0.0315004112344468,10.020153491199016,0.12953384,3410
694.3133161900001,343,593,720.63,4214784,7105,0.3856011927127838,5.219902515411377,0.5546061197916666,-5.34419793287913,0.0003,0.2,0.9607275724411011,-0.04330567674478516,17.265459485848744,0.08687693,3420
644.5957907,344,594,677.39,4227072,7106,0.38502225279808044,4.150945663452148,0.6528401692708333,-5.313254168629646,0.0003,0.2,0.955506443977356,-0.02736463246983476,12.2920153905948,0.14848258,3430
613.9340711399999,345,596,658.11,4239360,7107,0.38487932085990906,10.19040298461914,0.5890706380208334,-5.296936166286469,0.0003,0.2,0.9527328610420227,-0.04121943804299614,21.080976015329362,0.12177289,3440
625.92368662,346,598,662.74,4251648,7107,0.38465824723243713,3.2301433086395264,0.7390299479166667,-5.300068444013595,0.0003,0.2,0.9692109227180481,-0.013787179244294142,10.632202817996342,0.23598272,3450
634.4638125099999,347,599,666.99,4263936,7108,0.3840259313583374,5.990182876586914,0.7214192708333333,-5.288228799899419,0.0003,0.2,0.9476801156997681,-0.012508043544463969,11.114943319559098,0.20703435,3460
685.36879676,348,601,708.07,4276224,7109,0.3835035264492035,5.453467845916748,0.6756429036458333,-5.255449710289637,0.0003,0.2,0.9621098637580872,-0.027745576755842195,13.002730923891068,0.15614714,3470
710.3435969000001,349,603,727.52,4288512,7110,0.3867117464542389,2.7557661533355713,0.8136149088541667,-5.326431086659431,0.0003,0.2,0.9748955965042114,0.026124215712964846,7.175471469263235,0.36762714,3480
755.9064861400001,350,604,766.56,4300800,7111,0.3886665403842926,2.604489326477051,0.8218424479166667,-5.383693355321884,0.0003,0.2,0.9649949073791504,0.031155320329222982,5.861600942909718,0.33278915,3490
771.1098980399998,351,606,777.41,4313088,7112,0.3897002637386322,1.7449688911437988,0.7729329427083333,-5.433942778905233,0.0003,0.2,0.9802563786506653,6.801673152949661e-05,4.873098435004552,0.25072905,3500
759.0054268099999,352,608,761.78,4325376,7112,0.3885350227355957,3.6773793697357178,0.6494466145833333,-5.430199458201726,0.0003,0.2,0.9692411422729492,-0.024695626626392672,9.829447122414907,0.12618096,3510
747.7681705999998,353,609,760.47,4337664,7113,0.3876161575317383,3.6924538612365723,0.6460205078125,-5.397212857007981,0.0003,0.2,0.9692561626434326,-0.030906480830162765,8.361803749700387,0.12672806,3520
713.3402785199999,354,611,737.65,4349952,7114,0.3890784978866577,2.4989757537841797,0.7359130859375,-5.416198953986168,0.0003,0.2,0.9735158681869507,-0.0075101413065567614,7.454844562709331,0.19113056,3530
678.71469091,355,613,707.23,4362240,7115,0.38784635066986084,5.1918792724609375,0.66025390625,-5.407309280832608,0.0003,0.2,0.9677232503890991,-0.028260283565032296,11.245489105582237,0.13573836,3540
687.9694924999999,356,614,716.48,4374528,7116,0.3858135938644409,4.087355613708496,0.6320475260416667,-5.3427963634332025,0.0003,0.2,0.9638752937316895,-0.035548308686702515,11.64789108534654,0.123737365,3550
655.16559578,357,616,695.62,4386816,7116,0.3875516653060913,1.2996208667755127,0.8179443359375,-5.396113993724187,0.0003,0.2,0.9704341888427734,0.019047799187440737,4.289120834569136,0.40205073,3560
657.7924001700001,358,618,699.17,4399104,7117,0.38651135563850403,3.478978157043457,0.5984456380208333,-5.371694989999136,0.0003,0.2,0.9635493159294128,-0.03316309863585047,11.359442074100176,0.08985829,3570
645.78737052,359,619,682.39,4411392,7117,0.38741207122802734,1.8608976602554321,0.76826171875,-5.382551473379135,0.0003,0.2,0.9751072525978088,0.014117843742133119,8.111957015097142,0.24163592,3580
669.86326857,360,621,698.94,4423680,7118,0.38548731803894043,6.940223693847656,0.5802815755208334,-5.349346094330152,0.0003,0.2,0.9518676996231079,-0.04040168183176623,18.750084507465363,0.093613066,3590
630.51943875,361,623,667.6,4435968,7119,0.3841448128223419,2.7746081352233887,0.6821940104166667,-5.310973447561264,0.0003,0.2,0.9642070531845093,-0.028907325387505504,9.387673352162043,0.1646297,3600
624.69322368,362,624,651.29,4448256,7120,0.3827113211154938,3.343508243560791,0.6705240885416667,-5.263464630643527,0.0003,0.2,0.9607260823249817,-0.030677393614314496,12.971338604887327,0.14537416,3610
674.3187859999999,363,626,693.8,4460544,7121,0.38296079635620117,6.079188823699951,0.7011881510416667,-5.247460315624873,0.0003,0.2,0.9569017291069031,-0.0249525390342266,11.619383836785952,0.20162316,3620
664.1956329500001,364,628,686.49,4472832,7121,0.3873494565486908,2.371432304382324,0.9290201822916667,-5.30037193497022,0.0003,0.2,0.9721114039421082,0.17152995488334757,5.892435012757778,1.8876556,3630
689.61576623,365,629,717.91,4485120,7122,0.38648906350135803,6.941813945770264,0.6739664713541667,-5.381512801845869,0.0003,0.2,0.962142288684845,-0.0287003487435868,12.137822750210763,0.15274249,3640
702.84573921,366,631,745.52,4497408,7123,0.3892822265625,1.350383996963501,0.83955078125,-5.471004023154577,0.0003,0.2,0.9832776784896851,0.049675119691770915,4.185286366939545,0.40736547,3650
712.89281294,367,632,751.41,4509696,7124,0.3884645402431488,2.821789503097534,0.641064453125,-5.44857776761055,0.0003,0.2,0.9622828960418701,-0.0321948908274256,11.333025286595026,0.13443787,3660
720.2992810400001,368,634,761.11,4521984,7125,0.3879595100879669,4.99339485168457,0.6093831380208333,-5.423545719186465,0.0003,0.2,0.9550929665565491,-0.028097571249236352,12.697300569216411,0.11355418,3670
709.0595372299999,369,636,751.33,4534272,7126,0.38743162155151367,4.051318168640137,0.646630859375,-5.398637104034424,0.0003,0.2,0.953038215637207,-0.024293539145340524,11.651314994692802,0.13576579,3680
703.3361513900002,370,637,743.11,4546560,7127,0.3857395648956299,5.706072807312012,0.5834554036458334,-5.363549236456553,0.0003,0.2,0.939767062664032,-0.0372314213658683,21.613422813018165,0.08804172,3690
718.0854217799999,371,639,748.42,4558848,7128,0.3849373757839203,4.152580738067627,0.7155110677083333,-5.33003543416659,0.0003,0.2,0.9626985788345337,-0.022840216194163078,11.763356357812881,0.21815085,3700
732.3030323400001,372,641,749.61,4571136,7128,0.38663458824157715,4.984637260437012,0.7680745442708333,-5.362080050508181,0.0003,0.2,0.9522688984870911,0.0005186842444042365,11.50180461903413,0.27683756,3710
766.1012419,373,642,777.03,4583424,7129,0.38574206829071045,6.053463459014893,0.6583658854166666,-5.3649485846360525,0.0003,0.2,0.9547107219696045,-0.025720832722436172,15.561092207829157,0.13495548,3720
501.35418638000004,374,644,543.33,4595712,7130,0.3905683755874634,2.3056800365448,0.9629964192708333,-5.436495001117389,0.0003,0.2,0.9722140431404114,0.24083155771174158,4.335796742141246,9.681731,3730
132.54416998,375,646,217.3,4608000,7131,0.38970303535461426,11.835357666015625,0.484130859375,-5.495739881197611,0.0003,0.2,0.892196536064148,-0.054951578922919,37.73350331783295,0.061495524,3740
131.95717959,376,647,234.4,4620288,7132,0.3885590732097626,16.770544052124023,0.5142171223958333,-5.460088393092155,0.0003,0.2,0.9216871857643127,-0.0576101158381789,38.05179348389308,0.069064714,3750
137.8571128,377,649,243.67,4632576,7133,0.3877204954624176,11.780572891235352,0.6072265625,-5.444367305437724,0.0003,0.2,0.9463876485824585,-0.0486942696889552,26.464966040849685,0.115733385,3760
158.15436496000004,378,651,262.59,4644864,7134,0.3866020143032074,12.197824478149414,0.6212158203125,-5.4104227989912035,0.0003,0.2,0.9374109506607056,-0.05068238025220732,29.81589323679606,0.12918787,3770
165.80711920000002,379,652,256.95,4657152,7135,0.38547006249427795,7.8308186531066895,0.6570475260416667,-5.372175495823225,0.0003,0.2,0.9500818252563477,-0.04246330011616616,27.530710502465567,0.1425068,3780
208.34968478,380,654,301.83,4669440,7136,0.38506758213043213,9.206342697143555,0.6815755208333333,-5.353687999645869,0.0003,0.2,0.9457876086235046,-0.03791357463730189,24.984815855820973,0.17169416,3790
236.96988136999997,381,655,332.19,4681728,7137,0.38456669449806213,5.548612117767334,0.7325520833333333,-5.345913960536321,0.0003,0.2,0.961435079574585,-0.02228732583753299,20.573529567321142,0.20539333,3800
239.06355938000002,382,657,334.93,4694016,7138,0.3835625946521759,10.289217948913574,0.70810546875,-5.320711290836334,0.0003,0.2,0.9500248432159424,-0.03236188493804851,21.579717161258063,0.1927464,3810
247.93359042000003,383,659,352.88,4706304,7138,0.3841177523136139,7.00972318649292,0.74697265625,-5.309889198342959,0.0003,0.2,0.9569464921951294,-0.02480389773263596,14.710988540450732,0.23719029,3820
256.59429694,384,660,367.19,4718592,7139,0.38272368907928467,5.3757710456848145,0.7161376953125,-5.290259219209353,0.0003,0.2,0.9581656455993652,-0.03190612827699321,15.084887738029161,0.19669528,3830
232.99610818999997,385,662,329.58,4730880,7140,0.3823830187320709,7.226086616516113,0.7091064453125,-5.287338109811147,0.0003,0.2,0.9451120495796204,-0.027953531383536755,16.819094417492547,0.18412973,3840
240.39985148,386,664,345.43,4743168,7141,0.3813960552215576,5.024719715118408,0.7329508463541666,-5.251183968782425,0.0003,0.2,0.9589543342590332,-0.029772058626015983,15.075417731205622,0.2299615,3850
285.83257344,387,665,395.17,4755456,7142,0.37917855381965637,5.155606269836426,0.7446370442708333,-5.205971497297287,0.0003,0.2,0.958916962146759,-0.02608277369387603,12.238366202513378,0.22737591,3860
339.17445583,388,667,444.39,4767744,7143,0.3773142397403717,5.328161716461182,0.7029134114583333,-5.142981132864952,0.0003,0.2,0.9491033554077148,-0.03577191777391515,13.735969252387683,0.20488016,3870
343.0179563200001,389,669,453.71,4780032,7144,0.3771646022796631,6.393712043762207,0.735498046875,-5.126363773147265,0.0003,0.2,0.9570817947387695,-0.0236200825117218,12.68126138150692,0.2282107,3880
338.76853361,390,670,441.52,4792320,7145,0.3757873773574829,11.192370414733887,0.6537516276041667,-5.093390110135078,0.0003,0.2,0.9515838623046875,-0.04522029561242865,19.012642639875413,0.14243509,3890
331.54826703000003,391,672,441.69,4804608,7145,0.3744395077228546,6.38643217086792,0.6804850260416667,-5.051300672690074,0.0003,0.2,0.9521669745445251,-0.040842284817093365,18.727856570482253,0.17700557,3900
326.27913466999996,392,674,426.41,4816896,7146,0.37350645661354065,10.420501708984375,0.6556559244791667,-5.016117783387502,0.0003,0.2,0.9391793608665466,-0.04460655960428994,25.857198214530946,0.1348773,3910
353.77100951,393,675,453.08,4829184,7147,0.3725406229496002,8.274800300598145,0.707958984375,-4.99482726653417,0.0003,0.2,0.9524173140525818,-0.03589413246954791,17.650919857621194,0.18854947,3920
365.1686277499999,394,677,468.45,4841472,7148,0.373373419046402,5.006562232971191,0.7632568359375,-5.007221429546674,0.0003,0.2,0.9587773680686951,-0.02149420134567966,14.846537428100904,0.26346138,3930
393.62465719999983,395,678,490.91,4853760,7149,0.3739461600780487,6.46083927154541,0.7180745442708333,-5.028798293073972,0.0003,0.2,0.9498085379600525,-0.03353066231065895,15.484164987007777,0.22973163,3940
446.48814348,396,680,542.69,4866048,7149,0.37439897656440735,2.7149956226348877,0.7843587239583333,-5.062756187717119,0.0003,0.2,0.9596852660179138,-0.00350403048893592,8.100776681303978,0.30457783,3950
476.02980732,397,682,563.61,4878336,7150,0.3739560544490814,2.529574155807495,0.7894612630208333,-5.067095901568731,0.0003,0.2,0.9696983098983765,0.003461796792059128,7.468340667088826,0.28742304,3960
518.7198261,398,683,610.72,4890624,7151,0.37384986877441406,3.2362685203552246,0.7232421875,-5.044296513001124,0.0003,0.2,0.9697603583335876,-0.03396394664596301,8.552857093016307,0.22441168,3970
545.2621414,399,685,630.85,4902912,7152,0.37244662642478943,2.239887237548828,0.7163411458333333,-5.005768788854281,0.0003,0.2,0.9647159576416016,-0.024235223118254604,8.96889157195886,0.18576185,3980
573.16530617,400,687,650.36,4915200,7152,0.37084856629371643,4.188390254974365,0.7012939453125,-4.969109789530436,0.0003,0.2,0.9684990048408508,-0.02696311049706613,10.533400562405586,0.16707425,3990
566.8932586099999,401,688,651.46,4927488,7153,0.3701264560222626,2.8695156574249268,0.7294677734375,-4.929366367061933,0.0003,0.2,0.9642735123634338,-0.010767438353893037,10.362115691105524,0.18594344,4000
567.67877851,402,690,671.31,4939776,7153,0.36899399757385254,5.015594959259033,0.6683268229166667,-4.895656850934029,0.0003,0.2,0.947307825088501,-0.040909866121364755,15.077405163645745,0.15772958,4010
575.0881572799999,403,692,669.17,4952064,7154,0.3677794933319092,3.192544937133789,0.714453125,-4.8678134004275,0.0003,0.2,0.9620981216430664,-0.026865833309905916,10.822073760628701,0.1952305,4020
594.2869799499999,404,693,673.64,4964352,7155,0.3689827024936676,4.42305326461792,0.791552734375,-4.894912126660347,0.0003,0.2,0.9529643058776855,0.011924764731278022,10.474876778324445,0.28530493,4030
602.8125022600001,405,695,679.76,4976640,7156,0.36858853697776794,4.183027267456055,0.6983235677083334,-4.876244033376376,0.0003,0.2,0.9680118560791016,-0.026904685405800894,10.70010920961698,0.16766262,4040
586.8793238999999,406,697,672.61,4988928,7157,0.36850443482398987,3.0220084190368652,0.7494303385416666,-4.8771980514129005,0.0003,0.2,0.9738692045211792,-0.01944470541299476,8.282381954292456,0.25206196,4050
624.4238723900002,407,698,702.41,5001216,7157,0.3671877086162567,2.9611010551452637,0.6938557942708333,-4.841195364793141,0.0003,0.2,0.9745789170265198,-0.029356249847721,9.69065909832716,0.17937511,4060
592.93628211,408,700,668.02,5013504,7158,0.3720438778400421,1.9355673789978027,0.8987548828125,-4.910418309768041,0.0003,0.2,0.9711468815803528,0.10517154005550158,5.535318141182263,0.94124514,4070
586.0851069199999,409,702,662.42,5025792,7159,0.37123391032218933,5.739950180053711,0.5764811197916667,-4.975698265433311,0.0003,0.2,0.9586690068244934,-0.04309412393098076,14.18908000489076,0.092502624,4080
583.5466942600001,410,703,661.61,5038080,7159,0.37120911478996277,2.552490711212158,0.7650146484375,-4.967664830883344,0.0003,0.2,0.9727922081947327,-0.011933774935217419,5.862638098498185,0.2582216,4090
589.3614976200001,411,705,657.87,5050368,7160,0.37093472480773926,5.449069023132324,0.61767578125,-4.974459441502889,0.0003,0.2,0.964698076248169,-0.04359394172497559,14.556427812576294,0.11912375,4100
552.89137563,412,706,628.06,5062656,7161,0.37071147561073303,5.481832027435303,0.7088053385416667,-4.962883460521698,0.0003,0.2,0.9665921330451965,-0.018605373125562135,10.542228263616561,0.18123592,4110
561.4202129999999,413,708,643.91,5074944,7162,0.3701106607913971,4.5269060134887695,0.6086344401041667,-4.943948339422544,0.0003,0.2,0.962986171245575,-0.043021106898474194,17.505868341525396,0.11719648,4120
559.71038387,414,710,643.28,5087232,7162,0.36993756890296936,4.059206485748291,0.7587565104166667,-4.9394085824489595,0.0003,0.2,0.9639482498168945,-0.015544331821729429,9.151155383884907,0.2923054,4130
551.5004498499999,415,711,638.37,5099520,7163,0.36939361691474915,6.438302040100098,0.7268880208333334,-4.933774807055792,0.0003,0.2,0.9700344800949097,-0.013351874916891878,11.355596366524697,0.18525054,4140
600.32047369,416,713,683.2,5111808,7164,0.3709808886051178,1.4236096143722534,0.80439453125,-4.9597836097081505,0.0003,0.2,0.9698420166969299,0.01261095168980925,6.9049852813283605,0.33309576,4150
601.1500294599999,417,715,677.81,5124096,7164,0.3733791410923004,1.4792073965072632,0.8222574869791667,-5.036651745438576,0.0003,0.2,0.9738589525222778,0.018491541271214374,4.73223953768611,0.44393146,4160
583.85400448,418,716,653.94,5136384,7165,0.37142714858055115,2.4512972831726074,0.6910563151041667,-5.018073340257009,0.0003,0.2,0.9693990349769592,-0.02546846058006243,8.429554065068563,0.17709409,4170
578.0038067099999,419,718,642.03,5148672,7165,0.3697934150695801,6.471469879150391,0.566845703125,-4.9547189255555475,0.0003,0.2,0.9618064165115356,-0.049406595336040485,19.404154443740843,0.09253347,4180
569.51642063,420,720,630.66,5160960,7166,0.36874690651893616,3.8834352493286133,0.6549235026041667,-4.916892235477765,0.0003,0.2,0.967543363571167,-0.035746179110719825,14.083984963099162,0.1278955,4190
569.9127804000001,421,721,631.33,5173248,7167,0.36723092198371887,5.822439193725586,0.6736409505208333,-4.875539218386014,0.0003,0.2,0.954067051410675,-0.03822497746441513,14.301263468464215,0.16462648,4200
567.7100734500001,422,723,629.6,5185536,7168,0.3669678866863251,2.829702138900757,0.7590250651041667,-4.851755298177401,0.0003,0.2,0.9687442183494568,-0.013214597649251422,8.993056576947371,0.27754006,4210
567.90710955,423,725,634.39,5197824,7168,0.3662278652191162,5.890387058258057,0.6924967447916667,-4.825150734186172,0.0003,0.2,0.9538870453834534,-0.028150790007202886,15.667689708868663,0.1515189,4220
594.93876578,424,726,659.88,5210112,7169,0.3660694360733032,2.231079578399658,0.7739990234375,-4.819895742336909,0.0003,0.2,0.9660112261772156,-0.009971743220618615,7.208720433712005,0.28671607,4230
611.27371162,425,728,674.44,5222400,7170,0.3648567199707031,3.0202560424804688,0.7044921875,-4.791041748722394,0.0003,0.2,0.96041339635849,-0.0228661050767793,10.977155999342601,0.17352645,4240
626.70977716,426,729,691.96,5234688,7170,0.364403635263443,7.738007545471191,0.73125,-4.742026679714521,0.0003,0.2,0.95567786693573,-0.015309240492448832,13.589034566283226,0.23144336,4250
662.71135916,427,731,720.88,5246976,7171,0.3639194965362549,2.8291819095611572,0.7643636067708334,-4.745223063230514,0.0003,0.2,0.9701600670814514,-0.01118591938672277,8.76326680779457,0.28228784,4260
676.2075568,428,733,725.32,5259264,7172,0.3657864034175873,3.328794479370117,0.8321533203125,-4.767926489313443,0.0003,0.2,0.9645667672157288,0.03110568456662198,6.684085576236248,0.42172003,4270
673.91456377,429,734,728.42,5271552,7172,0.36834800243377686,2.584193468093872,0.8300048828125,-4.85097360710303,0.0003,0.2,0.972959578037262,0.03671418767189607,4.058282056202491,0.37253284,4280
672.01486644,430,736,725.74,5283840,7173,0.3677290380001068,5.198145389556885,0.5917561848958334,-4.862239371736845,0.0003,0.2,0.967451810836792,-0.04352339768859868,10.927937691410383,0.10092169,4290
659.26024587,431,738,718.72,5296128,7173,0.3661278188228607,4.385301113128662,0.62705078125,-4.835681606332461,0.0003,0.2,0.9693939685821533,-0.03926240847116181,10.298538468281428,0.12381946,4300
566.9393636199999,432,740,634.74,5308416,7172,0.3666508197784424,2.861701250076294,0.7221761067708333,-4.826796996593475,0.0003,0.2,0.9736882448196411,-0.02088993230718188,7.541241669158141,0.21349855,4310
555.6395154200001,433,741,633.13,5320704,7172,0.36609411239624023,6.332417011260986,0.6538981119791667,-4.826597713430723,0.0003,0.2,0.9706466197967529,-0.03280463488675499,12.452391115824382,0.14342368,4320
597.08624679,434,743,661.98,5332992,7172,0.36987602710723877,3.622758150100708,0.8512776692708334,-4.893288659056028,0.0003,0.2,0.9753448963165283,0.05883347002139393,8.096192264556885,0.45737067,4330
596.3726985899999,435,745,665.14,5345280,7173,0.36973655223846436,1.799203872680664,0.7734944661458333,-4.939497908949852,0.0003,0.2,0.9759450554847717,-0.012996159041843687,5.750996351242065,0.34745157,4340
592.04290228,436,746,657.23,5357568,7173,0.3695605993270874,4.2485480308532715,0.7415690104166667,-4.9325494567553205,0.0003,0.2,0.967576265335083,-0.0126095452006363,8.826283583045006,0.21820366,4350
602.9201549499999,437,748,667.68,5369856,7174,0.36888110637664795,6.918928146362305,0.6561442057291667,-4.908702869216601,0.0003,0.2,0.9507628083229065,-0.037845480736965934,15.328112599253654,0.1475997,4360
652.48760449,438,750,710.08,5382144,7175,0.3683924376964569,7.775269508361816,0.663525390625,-4.8853243867556255,0.0003,0.2,0.9690101146697998,-0.03297746007738169,11.949562237660091,0.15385956,4370
635.3027950900001,439,751,694.73,5394432,7175,0.3673149347305298,12.682720184326172,0.6832194010416667,-4.8629041145245235,0.0003,0.2,0.9629840850830078,-0.029697652632603423,19.79281474351883,0.1451918,4380
591.54264214,440,753,662.43,5406720,7175,0.36814403533935547,4.631881237030029,0.7722574869791666,-4.8794886867205305,0.0003,0.2,0.9697070121765137,-0.003073002592039605,11.421098228295644,0.27354875,4390
574.58212037,441,755,645.29,5419008,7176,0.36690187454223633,9.470077514648438,0.6383707682291667,-4.851201130946477,0.0003,0.2,0.9548306465148926,-0.0419705348671414,18.954300027092298,0.13217811,4400
563.63134042,442,756,632.67,5431296,7176,0.36572515964508057,7.852852821350098,0.6420491536458334,-4.807085649172465,0.0003,0.2,0.961543083190918,-0.04068993545952253,21.840513531366984,0.1274509,4410
583.9183092100001,443,758,655.57,5443584,7177,0.36774036288261414,5.402328014373779,0.8109375,-4.848659367362658,0.0003,0.2,0.9686398506164551,0.018243163373942176,12.72546373407046,0.34732684,4420
576.34039115,444,760,647.57,5455872,7178,0.3676634728908539,3.6170573234558105,0.7863362630208334,-4.872747768958409,0.0003,0.2,0.9736010432243347,0.0005422483848330254,8.088963822523754,0.3185757,4430
616.9937327399999,445,761,683.07,5468160,7178,0.3664211332798004,5.653791904449463,0.6663411458333334,-4.843143336971601,0.0003,0.2,0.9683921933174133,-0.03644254157164444,13.947777417302131,0.15759508,4440
656.29756125,446,763,710.96,5480448,7179,0.36675724387168884,4.541612148284912,0.7634033203125,-4.832955764730771,0.0003,0.2,0.9657624959945679,-0.013385328497194374,9.68106642117103,0.28767225,4450
680.2875465900001,447,765,741.5,5492736,7179,0.36616504192352295,1.9239808320999146,0.7656575520833333,-4.823683031400045,0.0003,0.2,0.9747055768966675,-0.012555985519429668,7.120092832048734,0.31987104,4460
728.2602101999998,448,766,788.98,5505024,7180,0.3671281337738037,3.7815754413604736,0.7756022135416667,-4.821322253346443,0.0003,0.2,0.9793612957000732,-0.006230984601036956,5.985546510914961,0.31977046,4470
740.2460718499997,449,768,800.71,5517312,7180,0.36681804060935974,2.3958306312561035,0.709130859375,-4.828430995345116,0.0003,0.2,0.9709683060646057,-0.024635217631293928,8.629693356653055,0.23222136,4480
760.5577313699999,450,769,817.06,5529600,7181,0.3664472997188568,3.646784782409668,0.6609944661458333,-4.8184999287128445,0.0003,0.2,0.9663851261138916,-0.03502827601478202,11.970546219746272,0.1464376,4490
781.39654445,451,771,840.07,5541888,7182,0.36626383662223816,4.4397687911987305,0.6627766927083333,-4.817788917819659,0.0003,0.2,0.9490072727203369,-0.03274653737025801,14.02191896935304,0.14349525,4500
758.1497513299998,452,773,829.2,5554176,7182,0.36578264832496643,3.9792227745056152,0.7336995442708333,-4.796205495794614,0.0003,0.2,0.9583773016929626,-0.024714428505588634,10.04714207748572,0.2143774,4510
761.1255428800002,453,774,827.47,5566464,7183,0.3649024963378906,5.48546028137207,0.7623291015625,-4.769824855526289,0.0003,0.2,0.9691649079322815,-0.010452136368742988,9.1896438707908,0.31195274,4520
740.1640001500002,454,776,801.37,5578752,7184,0.36407002806663513,3.0867862701416016,0.7363932291666667,-4.745573575297992,0.0003,0.2,0.9643044471740723,-0.02307563096813586,8.013595810035865,0.26542583,4530
728.0643387399999,455,778,796.97,5591040,7184,0.36386170983314514,3.747982978820801,0.7177897135416667,-4.734875245889028,0.0003,0.2,0.9544165134429932,-0.026313592737036137,9.427795066436131,0.2152323,4540
730.44236672,456,779,792.79,5603328,7184,0.3682849407196045,1.708742618560791,0.8881591796875,-4.809718683362007,0.0003,0.2,0.9678769707679749,0.08711482797322484,5.439830211053292,0.6249765,4550
741.69895747,457,781,795.13,5615616,7185,0.37016692757606506,2.5222363471984863,0.7830891927083333,-4.90063256820043,0.0003,0.2,0.9752444624900818,0.00796603243992043,4.189725475758314,0.38592276,4560
757.8298626799999,458,783,805.37,5627904,7186,0.37017032504081726,1.8069713115692139,0.7634765625,-4.941041523218155,0.0003,0.2,0.9776403307914734,-0.0035928987597192946,4.908202022810777,0.2717432,4570
741.8112938099998,459,784,794.25,5640192,7186,0.36896809935569763,2.448298931121826,0.6819498697916667,-4.914301447073618,0.0003,0.2,0.973174512386322,-0.03325984908442479,7.047695694863796,0.16787435,4580
766.45494925,460,786,818.58,5652480,7187,0.3682117462158203,1.330553412437439,0.7363850911458333,-4.870909031232198,0.0003,0.2,0.9686353802680969,-0.016965356503108826,4.449480973929167,0.30626622,4590
770.6984239199999,461,788,813.97,5664768,7187,0.3690134584903717,1.8533802032470703,0.806103515625,-4.884389774998029,0.0003,0.2,0.9764652848243713,0.015930057892304225,4.44982191324234,0.33493993,4600
789.0321524500001,462,789,829.08,5677056,7188,0.3686169683933258,2.454056978225708,0.6831949869791667,-4.877925412853559,0.0003,0.2,0.9766078591346741,-0.023270131165433364,5.560246423880259,0.16339853,4610
791.73136801,463,791,822.87,5689344,7188,0.3678366243839264,1.3596073389053345,0.6975260416666667,-4.860261272390684,0.0003,0.2,0.963625431060791,-0.018850255249708424,5.136087848742803,0.18099916,4620
781.6621051799999,464,793,825.82,5701632,7189,0.36702629923820496,3.4358816146850586,0.6516764322916667,-4.821434626976649,0.0003,0.2,0.9638399481773376,-0.03547704559459817,8.079762016236781,0.15938531,4630
801.26709071,465,794,834.35,5713920,7189,0.36635884642601013,2.540813684463501,0.6436930338541667,-4.802345362305641,0.0003,0.2,0.9754586219787598,-0.03486435912636807,9.597832270463307,0.12274906,4640
806.5026794200002,466,796,842.3,5726208,7190,0.3668022155761719,1.636689305305481,0.772998046875,-4.797625842690468,0.0003,0.2,0.9795945286750793,-0.005310408255657724,5.47385212952892,0.36351934,4650
791.6826171800001,467,797,840.11,5738496,7191,0.3694261610507965,1.6040513515472412,0.8233805338541667,-4.8674759070078535,0.0003,0.2,0.97995525598526,0.021930017575505188,3.8793314365049203,0.4317775,4660
810.9944099200002,468,799,863.73,5750784,7191,0.3696250915527344,1.7666294574737549,0.7644612630208333,-4.884929106632868,0.0003,0.2,0.9817188382148743,-0.008070735374349169,4.085408844302098,0.29445514,4670
815.30522577,469,801,867.48,5763072,7192,0.37048301100730896,1.197691559791565,0.8053141276041667,-4.903597907225291,0.0003,0.2,0.9797971248626709,0.026127067215080995,3.287427395582199,0.30331585,4680
802.3877288899998,470,802,870.14,5775360,7192,0.36953917145729065,1.470969796180725,0.692431640625,-4.878327423334122,0.0003,0.2,0.9810493588447571,-0.02611895855710221,4.415610091884931,0.17526431,4690
834.9836528000001,471,804,889.2,5787648,7193,0.37022706866264343,0.7129964828491211,0.8075358072916666,-4.899550219376882,0.0003,0.2,0.9848660230636597,0.015569399820136217,2.6395302417377633,0.35659954,4700
828.7684363100001,472,806,881.98,5799936,7194,0.36953315138816833,1.4166127443313599,0.6599202473958333,-4.883037656545639,0.0003,0.2,0.9821756482124329,-0.020842211373868245,5.265828415254751,0.14180891,4710
833.06663812,473,807,878.37,5812224,7194,0.3685946762561798,2.680492639541626,0.6403238932291667,-4.8599397271871565,0.0003,0.2,0.9708675146102905,-0.030567182689749946,5.928657020628452,0.14174856,4720
839.1263931500001,474,809,876.81,5824512,7195,0.3680937588214874,1.079397201538086,0.7516276041666666,-4.846788666645685,0.0003,0.2,0.9721298217773438,-0.003155925016229351,3.910305867095788,0.26777196,4730
866.2552401299998,475,811,891.67,5836800,7195,0.36716902256011963,3.2370352745056152,0.6930582682291667,-4.8177552878856655,0.0003,0.2,0.9760239720344543,-0.02519539053027984,5.810931394000848,0.1867643,4740
815.2788608100001,476,812,855.07,5849088,7196,0.37137898802757263,0.9871386289596558,0.8524251302083333,-4.926785071690877,0.0003,0.2,0.9855111241340637,0.04349414656365601,2.380765280872583,0.50118935,4750
813.8850763800001,477,814,836.83,5861376,7197,0.37026023864746094,2.487243175506592,0.5946695963541667,-4.9267649481693905,0.0003,0.2,0.9667795300483704,-0.032601118116872385,7.658264164129893,0.09803856,4760
814.5168095899999,478,816,839.07,5873664,7197,0.36893901228904724,3.161252737045288,0.6306477864583333,-4.887616643309594,0.0003,0.2,0.9735819697380066,-0.03210269570796906,6.773121838768323,0.14505608,4770
817.3494791300001,479,817,843.91,5885952,7198,0.3674049377441406,3.424203395843506,0.6068359375,-4.837679278850556,0.0003,0.2,0.9593214392662048,-0.03676839331844046,9.057556492090225,0.10423387,4780
817.7834918400002,480,819,844.7,5898240,7198,0.36781617999076843,1.2125155925750732,0.8106852213541667,-4.833290615677834,0.0003,0.2,0.9710537791252136,0.010352193372091279,3.4787741171816986,0.39651692,4790
792.8253807899999,481,820,813.89,5910528,7199,0.36624470353126526,3.0827717781066895,0.6179036458333333,-4.798006682594617,0.0003,0.2,0.9686007499694824,-0.031161372384910162,8.953120519220828,0.12398207,4800
792.29735176,482,822,811.95,5922816,7200,0.36529454588890076,1.5744752883911133,0.6901204427083333,-4.7553535471359885,0.0003,0.2,0.9708655476570129,-0.020305120555955607,7.641695557534694,0.1781569,4810
798.4545242599999,483,824,816.55,5935104,7200,0.3650088310241699,2.1889309883117676,0.7241373697916667,-4.724637027581533,0.0003,0.2,0.9682895541191101,-0.019539942271270167,6.78321197082599,0.24887681,4820
791.5049737899999,484,825,803.13,5947392,7201,0.36452028155326843,1.457421064376831,0.7007568359375,-4.719180904825529,0.0003,0.2,0.9665222764015198,-0.013377658593041512,7.776344119509061,0.18955843,4830
762.48322361,485,827,782.34,5959680,7201,0.3638352155685425,3.0167012214660645,0.6756429036458333,-4.695233011245728,0.0003,0.2,0.9511082768440247,-0.026377937915579727,12.785471250613531,0.15485792,4840
739.8757559699999,486,829,768.86,5971968,7202,0.36253634095191956,3.7139410972595215,0.6871256510416667,-4.675510906179746,0.0003,0.2,0.958401083946228,-0.02918330497923307,10.984485471248627,0.20309515,4850
745.06800599,487,830,766.85,5984256,7203,0.3622255325317383,5.157315731048584,0.6677734375,-4.648514285683632,0.0003,0.2,0.9519261717796326,-0.026333735551452263,14.806863467892011,0.15718228,4860
723.56215638,488,832,745.91,5996544,7203,0.36234864592552185,7.496001243591309,0.7041341145833333,-4.657705173889796,0.0003,0.2,0.9569612741470337,-0.016117092035710812,13.28553225894769,0.15857147,4870
734.4946604799999,489,834,751.64,6008832,7204,0.36258140206336975,2.9987900257110596,0.7411702473958334,-4.665631489952405,0.0003,0.2,0.970144510269165,-0.011311347650189419,12.329360261559486,0.21692824,4880
734.3795060299999,490,835,758.68,6021120,7204,0.3625246584415436,4.307980537414551,0.7447265625,-4.663442651430766,0.0003,0.2,0.9611793160438538,-0.0028968519531190396,11.81943456729253,0.19406743,4890
41.94086646000001,491,837,82.51,6033408,7205,0.36452794075012207,1.889142394065857,0.9731689453125,-4.681550354758898,0.0003,0.2,0.9572920799255371,0.22202248750060485,4.022664862126112,15.024343,4900
42.25435777,492,838,84.16,6045696,7206,0.36389049887657166,7.089746952056885,0.6069173177083333,-4.713958263397217,0.0003,0.2,0.6845762729644775,-0.0429534794180654,26.90651667316755,0.13732101,4910
44.67092742999999,493,840,88.26,6057984,7207,0.3628920614719391,4.401592254638672,0.733984375,-4.719286021590233,0.0003,0.2,0.7202962636947632,-0.020636542557137243,13.850743904709816,0.3049972,4920
46.233187449999996,494,842,94.22,6070272,7208,0.3656057119369507,2.4043350219726562,0.8700439453125,-4.7621007035175955,0.0003,0.2,0.8317122459411621,0.10686003941615733,6.344753058751424,1.1533413,4930
57.309918849999995,495,843,112.63,6082560,7209,0.36738094687461853,1.4431312084197998,0.8439860026041667,-4.855342928568522,0.0003,0.2,0.9066630005836487,0.05439900324126938,3.8456948642929394,0.65235734,4940
65.91506215999999,496,845,122.54,6094848,7210,0.36859479546546936,1.0448803901672363,0.7996256510416667,-4.885849118232727,0.0003,0.2,0.9583244919776917,-0.0015100902868046735,2.732255547742049,0.35153174,4950
68.05824839,497,846,133.31,6107136,7210,0.36737850308418274,1.1640117168426514,0.7648844401041667,-4.849149263898531,0.0003,0.2,0.9637129902839661,-0.02592673496013352,2.886961106210947,0.3105119,4960
69.90706503,498,848,131.5,6119424,7211,0.3661244809627533,1.329965591430664,0.7242594401041667,-4.800857970118523,0.0003,0.2,0.9521185159683228,-0.03359715861151926,3.2399174720048904,0.24338894,4970
74.48342835,499,850,136.88,6131712,7212,0.36526384949684143,1.3375258445739746,0.7160237630208334,-4.776081655422846,0.0003,0.2,0.9639825820922852,-0.03594243335440599,3.4026619652907053,0.22675748,4980
79.42654900000001,500,851,147.32,6144000,7213,0.36539772152900696,1.0709213018417358,0.7112141927083333,-4.768035048246384,0.0003,0.2,0.9590259790420532,-0.041048782550691006,3.625101982305447,0.2284254,4990
83.52234393,501,853,156.44,6156288,7214,0.3655199706554413,1.4428210258483887,0.69326171875,-4.775955953200659,0.0003,0.2,0.9571732878684998,-0.044617335034611946,4.037970011432965,0.20840538,5000
95.71625650000001,502,854,169.67,6168576,7215,0.36400094628334045,1.6403071880340576,0.6940348307291667,-4.735764367381732,0.0003,0.2,0.9577071070671082,-0.04750418806603799,4.779040958980719,0.2032973,5010
94.67152869999998,503,856,160.62,6180864,7216,0.36332401633262634,1.3116092681884766,0.6864176432291667,-4.710852913061777,0.0003,0.2,0.955400288105011,-0.04466195098454288,4.73727857619524,0.19610591,5020
102.55037909000002,504,858,171.58,6193152,7217,0.3623744249343872,2.2274303436279297,0.6899007161458334,-4.687693013747533,0.0003,0.2,0.9606224298477173,-0.04459387815052954,5.18193229585886,0.1922973,5030
115.08380108,505,859,190.81,6205440,7218,0.361238569021225,1.9590435028076172,0.6906087239583333,-4.643421300252279,0.0003,0.2,0.956207811832428,-0.049035458728515856,5.633025596042474,0.19908156,5040
121.15769438000001,506,861,198.09,6217728,7218,0.36039283871650696,2.7167601585388184,0.6781901041666667,-4.618034409483274,0.0003,0.2,0.9662648439407349,-0.04860869314676772,6.562353652218977,0.18499734,5050
119.17069687000001,507,862,191.76,6230016,7219,0.35958385467529297,2.6029062271118164,0.6690999348958333,-4.5798528244098025,0.0003,0.2,0.9608216881752014,-0.047684551847244926,6.619988568623861,0.17293562,5060
124.59203088,508,864,202.21,6242304,7220,0.3596508502960205,2.349133253097534,0.6983154296875,-4.583599643905957,0.0003,0.2,0.9647650718688965,-0.04873750350767902,6.561459396779537,0.20434563,5070
136.49456052,509,866,216.02,6254592,7221,0.359393835067749,3.1385114192962646,0.6722900390625,-4.575914037227631,0.0003,0.2,0.9635021090507507,-0.04328016303964735,8.167343959212303,0.17188944,5080
143.74329348,510,867,221.32,6266880,7222,0.3590327799320221,3.3525614738464355,0.6870442708333333,-4.567155590653419,0.0003,0.2,0.9632444977760315,-0.046288477104584065,7.592855739593506,0.18612874,5090
137.04802415999998,511,869,197.17,6279168,7223,0.3576063811779022,5.53691291809082,0.666064453125,-4.5380642920732495,0.0003,0.2,0.9517627954483032,-0.05065597029073009,10.346267669399579,0.16143797,5100
141.69611612000003,512,870,203.96,6291456,7223,0.35734379291534424,3.1611711978912354,0.70673828125,-4.509721608956655,0.0003,0.2,0.9568265676498413,-0.04706114524063499,9.144766478737195,0.20370322,5110
163.62851755,513,872,227.82,6303744,7224,0.35559216141700745,3.8725292682647705,0.6756591796875,-4.467698093255361,0.0003,0.2,0.9572165608406067,-0.04945034578656002,10.74290035367012,0.16939187,5120
175.6872992,514,874,231.28,6316032,7225,0.35382333397865295,6.535020351409912,0.64306640625,-4.404680409034094,0.0003,0.2,0.9572590589523315,-0.05014492487049817,14.414160778125128,0.1456977,5130
175.67784495,515,875,233.9,6328320,7226,0.3540820777416229,4.957507610321045,0.6648844401041667,-4.393950910369555,0.0003,0.2,0.9537035822868347,-0.04572859716815098,14.214877713720004,0.16026951,5140
181.03726353000002,516,877,232.8,6340608,7226,0.3538304269313812,6.125565052032471,0.6746500651041667,-4.402747718493144,0.0003,0.2,0.9561090469360352,-0.045012297145149205,16.165912129481633,0.16944222,5150
186.60583316999998,517,878,242.95,6352896,7227,0.35357293486595154,7.43519926071167,0.6639567057291667,-4.383767400185267,0.0003,0.2,0.9464206695556641,-0.047068212769227104,17.94836596449216,0.16255945,5160
210.58335188,518,880,269.83,6365184,7228,0.3525020182132721,6.122017860412598,0.6977620442708333,-4.360492126146952,0.0003,0.2,0.9582057595252991,-0.04159399439328505,16.987421987454095,0.17796965,5170
243.15944445000005,519,882,293.11,6377472,7229,0.35153672099113464,8.876480102539062,0.6672932942708333,-4.3291027297576266,0.0003,0.2,0.9532133340835571,-0.03806503852538299,20.391829893986383,0.15793966,5180
253.95672664999998,520,883,297.79,6389760,7229,0.35162654519081116,9.871842384338379,0.6773030598958333,-4.324774078528086,0.0003,0.2,0.9591789245605469,-0.041339455886918584,19.390745158990224,0.1718716,5190
302.04561099,521,885,339.83,6402048,7230,0.3515807092189789,9.400588035583496,0.6736653645833334,-4.307961009939512,0.0003,0.2,0.9565919041633606,-0.03994593370055857,23.677489560842513,0.17176963,5200
335.81020335999995,522,887,372.89,6414336,7231,0.3515896797180176,5.472044467926025,0.7374674479166666,-4.325122871994973,0.0003,0.2,0.9629966020584106,-0.026545673966029425,17.93923587203026,0.22692287,5210
408.6275845299999,523,888,435.5,6426624,7231,0.35178911685943604,4.680536270141602,0.7461995442708333,-4.326000400384268,0.0003,0.2,0.9654331803321838,-0.02077180883885982,13.848270612955094,0.29211298,5220
428.0794826999999,524,890,464.89,6438912,7232,0.35072124004364014,5.917576789855957,0.7308186848958333,-4.300251085559527,0.0003,0.2,0.9686523675918579,-0.026741537457564846,14.00895680586497,0.23134871,5230
460.77049084000004,525,891,498.51,6451200,7233,0.3503393232822418,5.032060146331787,0.7621907552083333,-4.287985008955002,0.0003,0.2,0.9702491164207458,-0.012905650048924144,12.705089899897576,0.25369862,5240
466.3537850299999,526,893,506.74,6463488,7233,0.35034695267677307,3.4520013332366943,0.725341796875,-4.276145365834236,0.0003,0.2,0.9645543694496155,-0.021866631146500972,13.640875320633253,0.22079955,5250
480.11585729,527,895,523.54,6475776,7234,0.3490735590457916,4.190053462982178,0.753515625,-4.244471675157547,0.0003,0.2,0.9695212244987488,-0.015630711449193768,11.760762000083924,0.2302263,5260
482.47779387,528,896,526.84,6488064,7235,0.34953081607818604,5.081304550170898,0.7602457682291667,-4.244721307357152,0.0003,0.2,0.9750030040740967,-0.01686563272572433,11.116672284404437,0.27435413,5270
498.17405544,529,898,545.03,6500352,7235,0.3533909320831299,6.215707778930664,0.8787272135416667,-4.329740891853969,0.0003,0.2,0.9741215109825134,0.09382677879184484,11.196708339452744,0.5360561,5280
507.9488220100001,530,899,567.52,6512640,7236,0.35302677750587463,3.8535780906677246,0.7116129557291667,-4.386570198337237,0.0003,0.2,0.9779319763183594,-0.02544332861240643,9.508178666234016,0.20584638,5290
524.4894092900001,531,901,587.89,6524928,7236,0.35138240456581116,5.09966516494751,0.7232421875,-4.352258635560672,0.0003,0.2,0.9717299938201904,-0.02426697877138698,10.408675966660182,0.1910566,5300
519.7866078200001,532,903,588.72,6537216,7237,0.3520428240299225,3.309436321258545,0.7690104166666667,-4.335033118724823,0.0003,0.2,0.9744420647621155,-0.0023908605575949575,9.870456696550052,0.25482687,5310
519.14698248,533,904,599.62,6549504,7238,0.3519788086414337,3.1696553230285645,0.7584147135416667,-4.350402645270029,0.0003,0.2,0.9754669666290283,-0.0030135447853050818,8.489897380769253,0.2656937,5320
521.34148285,534,906,591.24,6561792,7238,0.35101374983787537,3.160393714904785,0.6752766927083333,-4.324448125561078,0.0003,0.2,0.9755768775939941,-0.03620813608479997,12.451964674393336,0.16859233,5330
577.4629956,535,908,630.2,6574080,7239,0.3518448770046234,4.454230308532715,0.7823567708333333,-4.330619739492734,0.0003,0.2,0.9787643551826477,0.002667417106567882,10.803406603137653,0.28389907,5340
558.49267077,536,909,607.65,6586368,7239,0.3512941896915436,4.583827495574951,0.7213460286458333,-4.328345813353857,0.0003,0.2,0.9591080546379089,-0.00974043615278788,10.994243745009104,0.22610827,5350
514.81672412,537,911,557.32,6598656,7240,0.350747674703598,5.661107540130615,0.647509765625,-4.309485524892807,0.0003,0.2,0.9605267643928528,-0.04000043601069289,17.428773832321166,0.1458173,5360
528.04183675,538,913,572.51,6610944,7240,0.3503972589969635,6.652839660644531,0.6695231119791667,-4.295777672529221,0.0003,0.2,0.9598402976989746,-0.04122912335636405,21.76622575521469,0.16604292,5370
537.5094366099999,539,914,580.2,6623232,7241,0.34985867142677307,4.2461371421813965,0.7660563151041667,-4.294504741827647,0.0003,0.2,0.9613666534423828,-0.0210874430044593,12.384423846006394,0.28804553,5380
521.81061329,540,916,573.36,6635520,7241,0.34992679953575134,2.9720282554626465,0.8113199869791666,-4.298666162292163,0.0003,0.2,0.9737730622291565,0.01646242578184077,8.051828863720099,0.35714284,5390
566.31027228,541,917,615.8,6647808,7242,0.35090041160583496,3.059136390686035,0.77607421875,-4.318941334883372,0.0003,0.2,0.9646747708320618,-0.0034416338370647282,8.116255847613017,0.31146798,5400
590.36419164,542,919,649.21,6660096,7243,0.3587043583393097,1.3601515293121338,0.9349527994791667,-4.440758054455121,0.0003,0.2,0.9815136194229126,0.1784321552608162,4.511756194134553,1.9709417,5410
531.302667,543,921,622.72,6672384,7243,0.3581080734729767,2.8102424144744873,0.6588785807291667,-4.57655788163344,0.0003,0.2,0.9520585536956787,-0.02855932459642645,8.687716993689538,0.13196369,5420
508.97143932000006,544,922,613.76,6684672,7244,0.357334703207016,4.06483793258667,0.6442220052083333,-4.5394312808911,0.0003,0.2,0.9600142240524292,-0.035509832290699705,14.17667509317398,0.13093463,5430
500.4333406,545,924,615.23,6696960,7244,0.3564486503601074,7.116348743438721,0.6146891276041667,-4.515003675222397,0.0003,0.2,0.9674398899078369,-0.03708020926666601,19.93389479915301,0.101059355,5440
447.3777039699999,546,925,590.24,6709248,7245,0.3557274341583252,3.449284553527832,0.6894124348958334,-4.492876037955284,0.0003,0.2,0.965954601764679,-0.028793395815106728,11.366757714748383,0.20767844,5450
469.17374147000004,547,927,611.29,6721536,7246,0.35464105010032654,5.140228271484375,0.7267008463541667,-4.464343726634979,0.0003,0.2,0.9667482376098633,-0.02596986939315684,11.49889677464962,0.2131129,5460
522.0805298099999,548,929,651.29,6733824,7246,0.35387858748435974,8.487582206726074,0.6952962239583333,-4.433841122190158,0.0003,0.2,0.9518501162528992,-0.027761320355542313,18.65580245455106,0.17077833,5470
560.0630835,549,930,677.3,6746112,7246,0.35789600014686584,2.598513603210449,0.9546712239583334,-4.468666319052378,0.0003,0.2,0.9664439558982849,0.22835713454987855,6.36028070251147,4.7622175,5480
591.1842730500001,550,932,695.41,6758400,7247,0.3634254038333893,3.4073944091796875,0.9123128255208334,-4.638513026634852,0.0003,0.2,0.979964554309845,0.14574262049475994,5.67035708874464,0.77194744,5490
588.2680007499999,551,934,698.48,6770688,7247,0.3619817793369293,4.727822780609131,0.6074625651041666,-4.709917295972506,0.0003,0.2,0.9709486365318298,-0.03719017897043765,12.659713039795557,0.107170045,5500
553.05233256,552,935,653.1,6782976,7248,0.3614521324634552,6.176306247711182,0.6345703125,-4.676104621092478,0.0003,0.2,0.9538135528564453,-0.03722597807354759,16.825360067685445,0.124524355,5510
561.8669104400001,553,937,646.08,6795264,7248,0.3608922064304352,7.52837610244751,0.6504557291666667,-4.665920584400495,0.0003,0.2,0.9613398313522339,-0.036738619417398394,16.890945742527645,0.14758675,5520
546.85911537,554,939,643.56,6807552,7249,0.3608059883117676,2.596168279647827,0.7679443359375,-4.662581902742386,0.0003,0.2,0.9637689590454102,-0.0006485834979685024,9.151658827066422,0.29544008,5530
534.6184400100001,555,940,633.53,6819840,7249,0.3670412600040436,2.9714455604553223,0.9462972005208333,-4.743482380112012,0.0003,0.2,0.9698607325553894,0.18012242334273953,5.790748540063699,2.5885134,5540
521.9917629700001,556,942,615.28,6832128,7250,0.36723819375038147,3.359619140625,0.7506510416666666,-4.875760560234387,0.0003,0.2,0.9747960567474365,-0.005971376393184376,7.377138015627861,0.21045189,5550
550.59413736,557,943,639.43,6844416,7250,0.36640438437461853,1.828106164932251,0.6819498697916667,-4.848393079638481,0.0003,0.2,0.975333571434021,-0.031069280454539695,8.67115415930748,0.17624529,5560
569.24170585,558,945,652.86,6856704,7251,0.36513617634773254,5.092494964599609,0.7022054036458333,-4.813629013299942,0.0003,0.2,0.9719057679176331,-0.018891033930898023,9.845687474807104,0.19168973,5570
571.63529286,559,947,649.97,6868992,7251,0.36483070254325867,3.717510938644409,0.6569580078125,-4.790915238857269,0.0003,0.2,0.9685704708099365,-0.03457335619799172,11.449912407000859,0.13558936,5580
607.2646066699999,560,948,686.46,6881280,7252,0.36608007550239563,1.8457446098327637,0.7678548177083333,-4.8144605149825415,0.0003,0.2,0.9749358892440796,-0.013244729440581674,7.746000776688258,0.33184144,5590
602.60901083,561,950,682.42,6893568,7252,0.36613377928733826,2.2404897212982178,0.7561116536458333,-4.838068016370138,0.0003,0.2,0.9767372012138367,-0.01069783410736515,8.341719256838163,0.2554171,5600
566.75018152,562,952,647.81,6905856,7252,0.3649604618549347,6.343071460723877,0.6301188151041667,-4.81740104953448,0.0003,0.2,0.967070460319519,-0.040306191868148745,15.574176402886708,0.15065487,5610
549.24215731,563,953,639.25,6918144,7253,0.3638918399810791,7.273244857788086,0.6432454427083333,-4.776828616857529,0.0003,0.2,0.966074526309967,-0.03948470718945221,18.585964157183966,0.13230123,5620
513.04921216,564,955,611.26,6930432,7253,0.36335039138793945,6.6490373611450195,0.6326253255208333,-4.75672735273838,0.0003,0.2,0.9553222060203552,-0.04182436533931953,23.402989538510642,0.122863375,5630
492.22230912,565,957,591.09,6942720,7254,0.3643553555011749,4.582771301269531,0.7738199869791667,-4.776723145445188,0.0003,0.2,0.9699460864067078,-0.01843037858925527,12.357983625928561,0.3266068,5640
486.97801977999995,566,958,594.75,6955008,7254,0.36417150497436523,4.403249740600586,0.7444010416666667,-4.786405768990517,0.0003,0.2,0.9567949175834656,-0.027329589933894265,12.590818313757579,0.23731256,5650
559.9222056599999,567,960,664.07,6967296,7255,0.3652585744857788,2.533315658569336,0.7887288411458333,-4.806713687380155,0.0003,0.2,0.968278169631958,-0.006692480025715971,8.944220561782519,0.2971019,5660
409.89827317999993,568,961,506.82,6979584,7255,0.3737412989139557,1.2407934665679932,0.9508626302083333,-4.96429282228152,0.0003,0.2,0.9805560111999512,0.18090484635322354,3.0432511838773886,3.8587992,5670
140.26318332,569,963,227.67,6991872,7256,0.37352943420410156,7.033746719360352,0.48455403645833334,-5.076451844970385,0.0003,0.2,0.9182873964309692,-0.05336057534974922,24.782252234220504,0.059662122,5680
136.60551782000002,570,965,228.26,7004160,7256,0.3720911741256714,9.994183540344238,0.541259765625,-5.0456124484539036,0.0003,0.2,0.9363932609558105,-0.05661181637939686,23.602288995186488,0.078389876,5690
156.79581251000002,571,966,254.51,7016448,7257,0.3696812093257904,7.550448894500732,0.6326904296875,-4.980523458123207,0.0003,0.2,0.9282512664794922,-0.050352178343261285,18.294603125254312,0.13381813,5700
198.90771167000003,572,968,318.62,7028736,7257,0.369210809469223,6.58577299118042,0.697900390625,-4.947539180517197,0.0003,0.2,0.9334805607795715,-0.038538098804807915,16.152412257591884,0.16816755,5710
259.53455857000006,573,970,390.8,7041024,7257,0.3692519962787628,6.545762538909912,0.7088704427083333,-4.937875563899676,0.0003,0.2,0.9442416429519653,-0.03565618532011285,13.346025237441063,0.19388157,5720
298.26815228,574,971,441.9,7053312,7258,0.367706298828125,5.4640703201293945,0.72412109375,-4.918404562274615,0.0003,0.2,0.9283963441848755,-0.032453147122093164,12.274003904064497,0.22766066,5730
331.82029243,575,973,467.78,7065600,7258,0.36707940697669983,4.359320163726807,0.7769694010416667,-4.883779615163803,0.0003,0.2,0.9475693106651306,-0.013814352687525873,8.878595118721327,0.30379987,5740
365.2105940100001,576,975,490.63,7077888,7259,0.3654371201992035,5.649377822875977,0.6867838541666667,-4.8493725717067715,0.0003,0.2,0.9368585348129272,-0.04162692741665523,14.942652008930843,0.16419892,5750
372.44888539999994,577,976,474.55,7090176,7259,0.3653503954410553,2.8534343242645264,0.7354085286458333,-4.8310664584239325,0.0003,0.2,0.9238755702972412,-0.022774653696978932,11.849467398722966,0.23971526,5760
409.1320676700001,578,978,512.95,7102464,7260,0.36497846245765686,3.3920881748199463,0.7605875651041667,-4.823583977421125,0.0003,0.2,0.9571729302406311,-0.021123624363584288,8.739365392923355,0.27086318,5770
414.64279376999997,579,979,514.82,7114752,7260,0.36355113983154297,3.3274734020233154,0.7218180338541667,-4.788007044792176,0.0003,0.2,0.9362537860870361,-0.03484380319326495,11.843905090292294,0.21607907,5780
449.87877664,580,981,565.61,7127040,7261,0.36276277899742126,1.8953423500061035,0.7435139973958333,-4.751785456140836,0.0003,0.2,0.954948902130127,-0.024820361053571105,8.348043337961037,0.26707217,5790
462.90590883000004,581,983,573.14,7139328,7261,0.3650144040584564,2.270796775817871,0.8130859375,-4.797162140409152,0.0003,0.2,0.9674989581108093,0.016099345557934915,6.5444289808472,0.35049918,5800
531.0948971099999,582,984,638.25,7151616,7262,0.3645152747631073,3.5703792572021484,0.7077718098958333,-4.808056463797887,0.0003,0.2,0.9534034729003906,-0.03284339873158994,8.083352673550447,0.25134417,5810
566.0847149699999,583,986,660.98,7163904,7262,0.36409828066825867,2.5044806003570557,0.7203369140625,-4.786101294557254,0.0003,0.2,0.9610940217971802,-0.029155312055566658,7.4950037226080894,0.22908856,5820
583.68923217,584,988,677.82,7176192,7262,0.3637748956680298,3.369147777557373,0.749365234375,-4.77783286968867,0.0003,0.2,0.9697878956794739,-0.024332150073799616,6.824435762067636,0.26108405,5830
606.95829146,585,989,690.98,7188480,7263,0.3629857301712036,3.153759002685547,0.7191324869791667,-4.756764934460322,0.0003,0.2,0.9658844470977783,-0.02511001108699323,7.199673167864481,0.2326651,5840
650.0468415800001,586,991,727.11,7200768,7263,0.3620215654373169,1.9373472929000854,0.7338623046875,-4.720292789737384,0.0003,0.2,0.9692391157150269,-0.024927906718221492,7.605746163427829,0.2236901,5850
670.22705491,587,992,743.88,7213056,7264,0.3670893609523773,1.7758073806762695,0.8971272786458333,-4.796512766679128,0.0003,0.2,0.9621865749359131,0.1255977816268569,4.837441521883011,0.8797124,5860
675.06326024,588,994,762.67,7225344,7264,0.366174578666687,1.7622272968292236,0.7274007161458333,-4.869358170032501,0.0003,0.2,0.9689283967018127,-0.02660613251112712,5.67085969398419,0.22893603,5870
671.1144030700001,589,996,763.23,7237632,7264,0.3661510944366455,1.4954442977905273,0.7633870442708334,-4.85930686891079,0.0003,0.2,0.9788809418678284,-0.011636828812091457,4.564794742067655,0.2818103,5880
691.4037752299998,590,997,777.68,7249920,7265,0.3652633726596832,1.4411420822143555,0.6922607421875,-4.8315201789140705,0.0003,0.2,0.9798581004142761,-0.028920908491515244,6.243125416338444,0.18793137,5890
661.4673331500001,591,999,745.82,7262208,7265,0.3648737370967865,3.2130637168884277,0.6422688802083333,-4.810447121659915,0.0003,0.2,0.9704905152320862,-0.0377943900966784,8.3545036688447,0.16426641,5900
698.43128257,592,1001,779.34,7274496,7266,0.36368152499198914,2.5355865955352783,0.6614420572916667,-4.7816227356592815,0.0003,0.2,0.9736951589584351,-0.03648271608738772,8.353853065768877,0.16009183,5910
623.2204225199999,593,1002,699.3,7286784,7266,0.37031564116477966,1.511395812034607,0.9592447916666667,-4.853725046912829,0.0003,0.2,0.9740480780601501,0.2615134373443046,3.24795943920811,5.0338883,5920
528.3465903700001,594,1004,627.78,7299072,7267,0.36944904923439026,2.1062850952148438,0.6128499348958333,-4.969327729940415,0.0003,0.2,0.9518694877624512,-0.03205175406280129,8.32414247939984,0.10702137,5930
486.07086842000007,595,1006,606.79,7311360,7267,0.367634654045105,3.009864091873169,0.58955078125,-4.912219449877739,0.0003,0.2,0.9567111730575562,-0.0392364169107168,10.89460064470768,0.09785718,5940
474.77184846999995,596,1007,626.45,7323648,7267,0.36663976311683655,3.525059938430786,0.6565022786458333,-4.8760306199391685,0.0003,0.2,0.9445834755897522,-0.03326903981505893,10.648283275961877,0.12212521,5950
433.8427182499999,597,1009,588.29,7335936,7268,0.36624228954315186,3.479618787765503,0.71259765625,-4.855486916502317,0.0003,0.2,0.9596228003501892,-0.037184786089831806,8.043707140286763,0.37642145,5960
459.70750882,598,1010,634.89,7348224,7268,0.3654351532459259,4.410134792327881,0.6648518880208333,-4.828908531864484,0.0003,0.2,0.9658666849136353,-0.02771707718881468,11.217386734485626,0.13740802,5970
488.4092030500001,599,1012,653.49,7360512,7269,0.364898681640625,3.675180196762085,0.7762044270833334,-4.814800354838371,0.0003,0.2,0.966072142124176,-0.0013157519162632525,7.935840767621994,0.26708734,5980
529.5745117600001,600,1014,688.88,7372800,7269,0.36358532309532166,5.224043369293213,0.6805745442708333,-4.772277685006459,0.0003,0.2,0.9680120944976807,-0.03321156564052217,11.471915368239085,0.1755958,5990
590.84587858,601,1015,720.21,7385088,7269,0.36380672454833984,5.182238578796387,0.7839680989583333,-4.7676820347706474,0.0003,0.2,0.9778921008110046,-0.004186460165268121,8.674635756015778,0.30166438,6000
603.36698598,602,1017,717.75,7397376,7270,0.36284682154655457,1.6889588832855225,0.7585286458333333,-4.740175387263298,0.0003,0.2,0.9640810489654541,-0.018280253875612593,6.871217435101668,0.30706614,6010
606.32487188,603,1019,725.42,7409664,7270,0.3619883954524994,1.5747562646865845,0.73681640625,-4.723604448636373,0.0003,0.2,0.975543200969696,-0.01594114313775208,6.711492355167866,0.22555345,6020
615.0908584100001,604,1020,737.29,7421952,7271,0.3628765642642975,1.7347431182861328,0.7962972005208333,-4.7410261869430546,0.0003,0.2,0.9577216506004333,-0.0061781980184605345,5.866247472167015,0.37630895,6030
645.50583503,605,1022,760.59,7434240,7271,0.3653327524662018,1.8722116947174072,0.84169921875,-4.800312077999115,0.0003,0.2,0.9806920886039734,0.03591760929266456,4.073060655345519,0.4431459,6040
634.2807692800001,606,1024,748.88,7446528,7271,0.36457863450050354,2.6551554203033447,0.624365234375,-4.805278037985166,0.0003,0.2,0.960940957069397,-0.03562872990636,10.417848908901215,0.12643646,6050
621.069735,607,1025,733.67,7458816,7272,0.36309781670570374,3.047668695449829,0.66630859375,-4.7667524466911955,0.0003,0.2,0.9648517370223999,-0.029504245335798866,7.439048685133457,0.17907715,6060
655.31451409,608,1027,773.08,7471104,7272,0.36274173855781555,4.818066596984863,0.6675211588541666,-4.733848749597867,0.0003,0.2,0.9579445123672485,-0.029841723523956414,12.578175879518191,0.155351,6070
680.92546739,609,1028,786.27,7483392,7273,0.36348938941955566,3.4270222187042236,0.8047770182291667,-4.756860979398092,0.0003,0.2,0.960025429725647,0.010275169990685147,5.611998004714648,0.40879917,6080
697.20681813,610,1030,785.21,7495680,7273,0.3633768856525421,2.0575599670410156,0.740966796875,-4.761688124140104,0.0003,0.2,0.9330604672431946,-0.014421746803175968,8.27535746395588,0.2561351,6090
716.2069980599999,611,1032,792.45,7507968,7273,0.36309683322906494,1.9587651491165161,0.7517659505208333,-4.760848407944043,0.0003,0.2,0.9530190825462341,-0.012595196444696437,7.98360554377238,0.24646908,6100
737.2573577799999,612,1033,802.85,7520256,7273,0.36228883266448975,4.547940254211426,0.6470865885416667,-4.731867943207423,0.0003,0.2,0.9507129192352295,-0.0362226300421753,11.677380819121996,0.15089652,6110
761.7244930699998,613,1035,827.53,7532544,7274,0.3611207902431488,4.381736755371094,0.60263671875,-4.700091051061948,0.0003,0.2,0.9515587687492371,-0.04149944675154984,14.093888414899508,0.12161917,6120
750.9537777900001,614,1037,808.29,7544832,7274,0.3688793182373047,2.6931111812591553,0.9388264973958333,-4.803902650872867,0.0003,0.2,0.9746955037117004,0.1817045788183653,5.643583577374617,2.4936774,6130
723.81471723,615,1038,793.57,7557120,7275,0.36821499466896057,2.3985724449157715,0.6146484375,-4.928221490979195,0.0003,0.2,0.9597787261009216,-0.0336197249465234,7.865419644117355,0.100922726,6140
667.64612236,616,1040,743.62,7569408,7275,0.3684176206588745,2.847076654434204,0.7179931640625,-4.92936102449894,0.0003,0.2,0.9771955013275146,-0.016357538729789668,6.034513739744822,0.2073921,6150
644.3951508499998,617,1042,720.62,7581696,7275,0.3674680292606354,3.092578411102295,0.6919352213541666,-4.906229827801386,0.0003,0.2,0.9621759653091431,-0.022563713506679052,9.505061236520609,0.17116512,6160
613.45696945,618,1043,687.04,7593984,7275,0.366341233253479,5.223278522491455,0.6252360026041667,-4.869512683153152,0.0003,0.2,0.9586657285690308,-0.03798816406633705,13.681076620022456,0.1136959,6170
604.66757566,619,1045,675.27,7606272,7275,0.3662439286708832,4.4079670906066895,0.647607421875,-4.857118241985639,0.0003,0.2,0.9569796919822693,-0.03846270531745783,13.632665838797887,0.14861105,6180
628.33463928,620,1047,704.58,7618560,7275,0.36644992232322693,1.8827012777328491,0.7761067708333333,-4.871688335140546,0.0003,0.2,0.966045618057251,-0.007182394824242996,6.755593683818976,0.38230896,6190
662.52203567,621,1048,730.32,7630848,7275,0.3659224510192871,6.096549034118652,0.7382161458333333,-4.856612089276314,0.0003,0.2,0.9653106927871704,-0.016475577381061157,10.151538595557213,0.20323014,6200
694.30472515,622,1050,754.85,7643136,7275,0.3723016679286957,1.5246530771255493,0.8891357421875,-4.968953580657641,0.0003,0.2,0.9663141965866089,0.08915180835416929,5.06083575040102,0.7745831,6210
705.5929169100001,623,1052,768.97,7655424,7275,0.3726015090942383,2.1450908184051514,0.7665201822916666,-5.058352033297221,0.0003,0.2,0.9742448329925537,-0.0034953415151297426,5.247751020640135,0.2938983,6220
742.7262432,624,1053,803.82,7667712,7276,0.371520072221756,3.770704984664917,0.6962158203125,-5.045050759116808,0.0003,0.2,0.9695711731910706,-0.024724970739528847,8.055290645857651,0.19603984,6230
763.27151537,625,1055,831.11,7680000,7276,0.3718011677265167,2.2945737838745117,0.7183675130208333,-5.0336711744467415,0.0003,0.2,0.9776871204376221,-0.01571909234771738,5.810663956403732,0.30972922,6240
748.8386128,626,1057,821.94,7692288,7276,0.3722362518310547,2.4862782955169678,0.731103515625,-5.05332912504673,0.0003,0.2,0.9511195421218872,-0.024264062168852737,8.390399119754631,0.26525357,6250
780.8539046599998,627,1058,852.71,7704576,7276,0.37185779213905334,3.0568912029266357,0.6714762369791667,-5.0466050187746685,0.0003,0.2,0.9663683772087097,-0.03297644133563153,8.489704392353694,0.1579128,6260
763.6459690600002,628,1060,832.8,7716864,7276,0.37395668029785156,1.1227853298187256,0.838818359375,-5.102150025963783,0.0003,0.2,0.9668131470680237,0.04471802238937623,4.293725010504326,0.40643024,6270
767.9210826999999,629,1062,839.69,7729152,7276,0.3730301856994629,3.058946371078491,0.623486328125,-5.087216922640801,0.0003,0.2,0.9690444469451904,-0.036432475659724635,8.679798085490862,0.11651534,6280
760.0432620299999,630,1063,824.84,7741440,7276,0.3720744550228119,3.9760358333587646,0.6115966796875,-5.059757966796557,0.0003,0.2,0.9460070729255676,-0.040870864325552245,11.462023801604907,0.1251486,6290
755.15257274,631,1065,815.21,7753728,7276,0.37250208854675293,4.247642993927002,0.7891845703125,-5.06285862227281,0.0003,0.2,0.9682472944259644,0.010848304296087009,6.8151794155438745,0.33125106,6300
756.5408432500001,632,1067,811.88,7766016,7276,0.37244412302970886,6.193831443786621,0.6368570963541667,-5.054346217711767,0.0003,0.2,0.9394194483757019,-0.03012126398680266,14.993469188610712,0.12615621,6310
788.56642901,633,1068,824.14,7778304,7276,0.3715544641017914,6.144667148590088,0.7068603515625,-5.042789208889007,0.0003,0.2,0.9650852084159851,-0.027033514828751017,10.268171577652295,0.17548029,6320
784.3278511800002,634,1070,818.17,7790592,7276,0.3731423318386078,1.5834711790084839,0.7795084635416667,-5.068748448292414,0.0003,0.2,0.9653185606002808,-0.0051888296041094385,5.178361049294471,0.33723912,6330
759.6491371700001,635,1072,804.03,7802880,7277,0.3719509541988373,2.868290424346924,0.7590250651041667,-5.066409369309743,0.0003,0.2,0.9710687398910522,-0.01651906852493994,6.073385809361935,0.28979445,6340
786.82597335,636,1073,827.57,7815168,7277,0.37073469161987305,3.2031617164611816,0.6662027994791667,-5.012385694185893,0.0003,0.2,0.9343737959861755,-0.029485157806387483,14.153019026915233,0.14936757,6350
774.26777673,637,1075,819.18,7827456,7277,0.37019434571266174,3.2015633583068848,0.7452555338541667,-4.9935927053292595,0.0003,0.2,0.9257858991622925,-0.020675882377690868,9.475583544373512,0.2800804,6360
784.7283657799999,638,1077,837.04,7839744,7277,0.3696511685848236,3.4988226890563965,0.6517903645833333,-4.978460147976875,0.0003,0.2,0.9527760744094849,-0.035067060178456205,13.636422876516978,0.14968318,6370
790.80211655,639,1078,839.61,7852032,7277,0.37105056643486023,3.3460707664489746,0.8100667317708333,-5.004687330126762,0.0003,0.2,0.9571163654327393,0.016107203842451175,9.07563340763251,0.35181448,6380
768.54809241,640,1080,825.72,7864320,7278,0.3774775266647339,2.907907009124756,0.9511393229166667,-5.114004120230675,0.0003,0.2,0.9703127145767212,0.1978759351244662,5.111451350649198,3.5807917,6390
754.7723813700001,641,1082,826.65,7876608,7278,0.375715047121048,2.4329001903533936,0.6749104817708333,-5.16909903883934,0.0003,0.2,0.9639495015144348,-0.02720891174006586,7.732187008857727,0.16552569,6400
726.7940247000001,642,1083,805.79,7888896,7278,0.37659338116645813,1.0936678647994995,0.7589925130208334,-5.173868241906166,0.0003,0.2,0.9697461724281311,-0.006164103851187974,4.210761677970489,0.2722741,6410
719.5823201800001,643,1085,807.85,7901184,7278,0.37689051032066345,2.175426721572876,0.7211588541666667,-5.204343678553899,0.0003,0.2,0.9663397669792175,-0.024342853711762775,6.013956754406293,0.2168111,6420
733.0699149799999,644,1087,810.61,7913472,7278,0.3769029676914215,1.4879088401794434,0.7601643880208333,-5.195478341976801,0.0003,0.2,0.9768419861793518,-0.01596999412334602,3.612882702797651,0.33007064,6430
707.8125283799999,645,1088,785.87,7925760,7279,0.3756784498691559,2.5051276683807373,0.64677734375,-5.169032623370488,0.0003,0.2,0.9705381989479065,-0.02801341202915258,8.393779800335567,0.1166847,6440
704.1985269,646,1090,785.72,7938048,7279,0.37525904178619385,1.9546830654144287,0.7266438802083334,-5.155962290366491,0.0003,0.2,0.9727783799171448,-0.014006904893903993,6.285277393956979,0.20519203,6450
703.4642050399999,647,1092,784.0,7950336,7279,0.3739231526851654,3.7170145511627197,0.6501220703125,-5.1171447684367495,0.0003,0.2,0.9526188969612122,-0.02412450439223903,10.002151037255922,0.24705191,6460
710.2027359000001,648,1093,780.39,7962624,7278,0.3757518529891968,3.1602768898010254,0.798046875,-5.128612741827965,0.0003,0.2,0.9689688682556152,0.01948556581531496,7.743833863735199,0.31963667,6470
719.7063674700003,649,1095,783.4,7974912,7278,0.3757457733154297,2.172152042388916,0.7248128255208334,-5.154553264379501,0.0003,0.2,0.9742380380630493,-0.01793833809691326,7.134031704564889,0.2267263,6480
718.8896954699999,650,1097,781.08,7987200,7279,0.3761613070964813,4.285677909851074,0.75849609375,-5.158550665775935,0.0003,0.2,0.9690444469451904,0.00035975224309368057,7.6620003188649815,0.26727104,6490
702.0094623599999,651,1098,763.48,7999488,7279,0.3815292418003082,2.6325230598449707,0.9376871744791667,-5.236114287376404,0.0003,0.2,0.9642438292503357,0.19717785254664097,4.928403105586767,4.8647003,6500
691.2280314299999,652,1100,738.83,8011776,7279,0.380064457654953,5.707802772521973,0.5353597005208334,-5.30847941438357,0.0003,0.2,0.9583501815795898,-0.042302728152814474,14.794928133487701,0.085606776,6510
729.6580173499999,653,1102,758.06,8024064,7279,0.37934640049934387,3.4015800952911377,0.6259684244791667,-5.267336268226305,0.0003,0.2,0.9576273560523987,-0.03225880416769845,11.9019366979599,0.15762793,6520
729.91336499,654,1103,756.39,8036352,7280,0.37943437695503235,3.6834845542907715,0.7280354817708333,-5.268640957276026,0.0003,0.2,0.9734285473823547,-0.017538158687724112,6.438310512900353,0.21952045,6530
705.9150056699999,655,1105,728.24,8048640,7280,0.37779152393341064,2.8489038944244385,0.6763102213541666,-5.232205935319265,0.0003,0.2,0.9710069894790649,-0.03132681576583612,8.671708586315313,0.17355837,6540
739.3883746299999,656,1107,754.62,8060928,7280,0.3767000734806061,3.559630870819092,0.6291910807291666,-5.1862920135259625,0.0003,0.2,0.9644842743873596,-0.0416155378712574,16.52104967534542,0.12995183,6550
739.9892093499999,657,1108,760.04,8073216,7280,0.3806106150150299,1.2526808977127075,0.9535400390625,-5.229746983448664,0.0003,0.2,0.9542207717895508,0.1698663349370084,3.5686399161815645,4.182204,6560
746.51838667,658,1110,781.39,8085504,7281,0.3798978328704834,6.1712493896484375,0.6438395182291666,-5.287549314896266,0.0003,0.2,0.9396479725837708,-0.03601910074260862,15.436281311511994,0.14941518,6570
708.2858076400001,659,1112,759.75,8097792,7281,0.37869367003440857,11.957993507385254,0.5851236979166666,-5.247458909948667,0.0003,0.2,0.9367790222167969,-0.04125279094150756,20.855235664049783,0.08968487,6580
715.88448251,660,1113,774.39,8110080,7281,0.3792080581188202,3.543144464492798,0.7243570963541667,-5.257444938023885,0.0003,0.2,0.9618337154388428,-0.01908293482750499,11.50968186755975,0.21215497,6590
722.4331249500001,661,1115,790.64,8122368,7281,0.3786921501159668,3.9366297721862793,0.6764892578125,-5.2501687427361805,0.0003,0.2,0.9270618557929993,-0.03000766735446329,14.949812202652295,0.1442799,6600
734.5391517200001,662,1117,804.31,8134656,7281,0.3795923888683319,10.463799476623535,0.7606119791666667,-5.26376589735349,0.0003,0.2,0.9233019351959229,-0.0007176075974712149,13.732305486003558,0.22992603,6610
580.06746238,663,1118,659.18,8146944,7280,0.3830859363079071,2.128354072570801,0.9504557291666667,-5.32014740506808,0.0003,0.2,0.9493090510368347,0.23638110466417855,6.019550779958566,9.358537,6620
442.78650982000005,664,1120,523.32,8159232,7279,0.38191285729408264,15.108817100524902,0.5062174479166667,-5.358598102132479,0.0003,0.2,0.9246382117271423,-0.05683484197749446,42.719664418697356,0.06608419,6630
273.84383765,665,1122,365.24,8171520,7279,0.3801926076412201,19.081663131713867,0.5266357421875,-5.3066327701012295,0.0003,0.2,0.9249089360237122,-0.06252132570856096,48.76883761882782,0.07193948,6640
272.18871376999994,666,1124,365.17,8183808,7279,0.37881436944007874,22.683788299560547,0.567236328125,-5.256433632969856,0.0003,0.2,0.9280894994735718,-0.057793125445217204,49.049185645580295,0.090727426,6650
294.96518181,667,1126,395.41,8196096,7278,0.37802228331565857,20.783790588378906,0.6364339192708334,-5.224749303857485,0.0003,0.2,0.9286478757858276,-0.051901203976012764,41.24044195016225,0.12215697,6660
341.71205710000004,668,1127,448.37,8208384,7277,0.3776092529296875,7.511340618133545,0.7082275390625,-5.217278841137886,0.0003,0.2,0.9442284107208252,-0.03495667131695276,25.059164625406265,0.19457035,6670
393.81508095000004,669,1129,497.32,8220672,7277,0.3767869472503662,6.909885406494141,0.7452311197916667,-5.203570743401845,0.0003,0.2,0.9414876103401184,-0.023349314749551316,21.243921921650568,0.21189332,6680
458.65108661,670,1131,565.53,8232960,7277,0.3765190541744232,9.79551887512207,0.7328369140625,-5.183956525723139,0.0003,0.2,0.9443429112434387,-0.023424963953827198,22.32812030116717,0.21089886,6690
500.2173813200001,671,1132,606.27,8245248,7277,0.37917008996009827,8.77819538116455,0.9275227864583333,-5.189207842946052,0.0003,0.2,0.9458816051483154,0.17351223467267118,21.055788161357246,1.1245358,6700
556.1157665899999,672,1134,652.62,8257536,7277,0.37895774841308594,4.161217212677002,0.7628011067708333,-5.270872295896212,0.0003,0.2,0.9564651250839233,-0.0159789175154098,11.63572674691677,0.25351354,6710
612.23630293,673,1136,704.48,8269824,7278,0.37852248549461365,4.049098491668701,0.7632568359375,-5.249665550390879,0.0003,0.2,0.9456891417503357,-0.012401703022381602,9.964236864447594,0.26593164,6720
644.04744225,674,1137,740.28,8282112,7277,0.38564571738243103,2.569377899169922,0.940869140625,-5.355983542402585,0.0003,0.2,0.9603118896484375,0.2014169062798222,6.502454719444116,4.6844845,6730
657.3148931200001,675,1139,768.33,8294400,7278,0.3844285011291504,2.1561264991760254,0.7388671875,-5.469323183099429,0.0003,0.2,0.9598121643066406,-0.024357815035424817,6.7844529459873835,0.262839,6740
676.5135044099998,676,1141,797.82,8306688,7278,0.3825772702693939,1.8337242603302002,0.7276529947916667,-5.4124755442142485,0.0003,0.2,0.9739245176315308,-0.021574715794607378,5.720222638050715,0.27825084,6750
716.3726649500001,677,1142,834.38,8318976,7278,0.38454756140708923,1.3297926187515259,0.8273763020833333,-5.4437192936738334,0.0003,0.2,0.9778594374656677,0.03162763121193469,4.032746558388074,0.37788495,6760
713.9837632000001,678,1144,826.48,8331264,7278,0.38448312878608704,1.7275701761245728,0.7588704427083334,-5.440673047304154,0.0003,0.2,0.963803231716156,-0.019573880601577307,4.19877400547266,0.29735845,6770
701.2909167800001,679,1146,818.87,8343552,7278,0.3839752674102783,1.355273723602295,0.6399088541666667,-5.429319856564204,0.0003,0.2,0.9651015996932983,-0.03655681257757048,6.381764797866344,0.15350397,6780
710.1494817,680,1148,823.27,8355840,7278,0.3822518289089203,1.7313225269317627,0.7279459635416666,-5.408751255273819,0.0003,0.2,0.9743426442146301,-0.021479395437442386,4.0686102852225305,0.25866476,6790
710.2912412399997,681,1149,824.2,8368128,7278,0.38139721751213074,2.017212152481079,0.7547688802083333,-5.366488817334175,0.0003,0.2,0.9744439721107483,-0.01063855956599582,5.16271745711565,0.26010886,6800
740.67292991,682,1151,836.45,8380416,7278,0.38086697459220886,3.854066848754883,0.64189453125,-5.338065708676974,0.0003,0.2,0.9732872843742371,-0.03469548367526538,8.02681507319212,0.14677836,6810
732.9469088200002,683,1153,810.63,8392704,7278,0.3799916207790375,1.1204586029052734,0.7104410807291667,-5.31853695611159,0.0003,0.2,0.9687601327896118,-0.0220150091520433,5.263633182893197,0.21483736,6820
735.3767536099999,684,1154,813.91,8404992,7278,0.37851807475090027,2.9163877964019775,0.6692952473958333,-5.277947351336479,0.0003,0.2,0.9709948301315308,-0.037011108345662555,6.7449544161558155,0.16133477,6830
717.39719671,685,1156,798.62,8417280,7278,0.378639817237854,1.3118677139282227,0.7608642578125,-5.273132134477297,0.0003,0.2,0.9813482761383057,-0.013425100089322465,5.180154524246851,0.27621403,6840
718.04055807,686,1158,799.92,8429568,7278,0.3778799772262573,2.382229804992676,0.733544921875,-5.252645465731621,0.0003,0.2,0.9811788201332092,-0.024646233149299708,6.548775342603524,0.24660261,6850
716.7611228999999,687,1159,793.91,8441856,7278,0.37867721915245056,1.4463025331497192,0.7855143229166667,-5.2744382639726,0.0003,0.2,0.9642969965934753,3.431055762727435e-05,4.276842871308327,0.41280517,6860
727.1210326099999,688,1161,794.45,8454144,7278,0.37771639227867126,4.3795061111450195,0.6610514322916666,-5.248857821027438,0.0003,0.2,0.968913197517395,-0.030390272945320856,9.180081049601236,0.122826256,6870
749.5175205,689,1163,809.08,8466432,7279,0.3777884244918823,2.2023048400878906,0.7422200520833333,-5.236612981557846,0.0003,0.2,0.9794894456863403,-0.010112060751028669,6.211937402685483,0.24978042,6880
759.3437006199998,690,1164,816.72,8478720,7278,0.37794193625450134,1.6829912662506104,0.6689046223958334,-5.246315521001816,0.0003,0.2,0.9514647126197815,-0.02478054097155109,8.602700381477673,0.15857044,6890
762.8077877999999,691,1166,826.15,8491008,7277,0.37681469321250916,5.759852886199951,0.6618245442708334,-5.218920962015788,0.0003,0.2,0.9606369137763977,-0.03318734543669658,10.883507719139258,0.150956,6900
790.5957477000001,692,1168,850.0,8503296,7277,0.37790608406066895,2.7420806884765625,0.7962972005208333,-5.250388569633166,0.0003,0.2,0.9747040271759033,-0.0009403086524495545,4.081294637173414,0.37599015,6910
779.4237192899999,693,1170,836.69,8515584,7277,0.3805336058139801,0.89130038022995,0.8178304036458334,-5.305971286694208,0.0003,0.2,0.9776594042778015,0.030943516229550976,3.6627936966717245,0.34444144,6920
798.6367192900001,694,1171,847.53,8527872,7277,0.3814074993133545,1.7834440469741821,0.7530517578125,-5.348096432288488,0.0003,0.2,0.9820709824562073,-0.0010264730158572395,4.905931341648102,0.25381613,6930
780.3165549299999,695,1173,837.67,8540160,7278,0.3815650939941406,1.7043087482452393,0.7668619791666667,-5.347797357042631,0.0003,0.2,0.9768012166023254,-0.002566112220423141,5.0066187210381035,0.30059138,6940
778.6802918100001,696,1175,843.26,8552448,7278,0.3801981508731842,4.709391117095947,0.5764811197916667,-5.325671071807544,0.0003,0.2,0.9645789265632629,-0.03739335274537249,10.609068632125854,0.09893932,6950
769.11474978,697,1176,828.99,8564736,7278,0.38181185722351074,1.2299225330352783,0.7741129557291667,-5.341394864519438,0.0003,0.2,0.979326069355011,-0.007766825867778001,3.5971968521674476,0.30190745,6960
791.5850364099999,698,1178,836.29,8577024,7278,0.3807438611984253,4.827441692352295,0.5880615234375,-5.3350841502348585,0.0003,0.2,0.9628903269767761,-0.03437849722977262,9.608860051135222,0.108056314,6970
787.2481796700001,699,1180,831.81,8589312,7278,0.3899984359741211,0.6716919541358948,0.9261800130208333,-5.473905858397484,0.0003,0.2,0.9785289168357849,0.15632976792985573,2.476109026869138,1.3344054,6980
806.8592147900001,700,1181,844.4,8601600,7279,0.3883386552333832,2.019083023071289,0.64365234375,-5.587109119693438,0.0003,0.2,0.9690825939178467,-0.027025510647217744,6.571185010919968,0.13855077,6990
811.3015899499999,701,1183,854.2,8613888,7279,0.38706302642822266,1.7286468744277954,0.5767252604166667,-5.539907263716062,0.0003,0.2,0.9685706496238708,-0.038107224371439465,7.1210763394832615,0.13080668,7000
819.9681947099999,702,1185,857.19,8626176,7279,0.3859612047672272,1.4698854684829712,0.6918701171875,-5.503926665584246,0.0003,0.2,0.9678584933280945,-0.021370562680143243,5.016108237703642,0.26111186,7010
812.33103755,703,1186,849.35,8638464,7279,0.38509324193000793,2.1132946014404297,0.6728515625,-5.478767458597819,0.0003,0.2,0.9763023257255554,-0.025153487441518033,7.018232393761476,0.15416329,7020
805.5296883799998,704,1188,839.55,8650752,7279,0.38389793038368225,2.17476224899292,0.6846110026041666,-5.437950238585472,0.0003,0.2,0.960142970085144,-0.02695758943494487,7.208327656984329,0.2023962,7030
798.3771743799999,705,1190,832.37,8663040,7279,0.3832889497280121,6.714783668518066,0.6475179036458333,-5.4189157575368885,0.0003,0.2,0.9559205174446106,-0.033916498862284546,9.8967367892464,0.14388442,7040
822.16903892,706,1191,852.55,8675328,7279,0.38742271065711975,1.1797101497650146,0.8350992838541667,-5.482743952671687,0.0003,0.2,0.9651197195053101,0.04161084019967044,3.8248033687472343,0.4466169,7050
797.6419995300001,707,1193,834.11,8687616,7279,0.38795986771583557,1.3494971990585327,0.7443766276041667,-5.5408386319875715,0.0003,0.2,0.9673143625259399,-0.012767795132822357,4.35893750662605,0.328909,7060
812.8577653199999,708,1195,843.82,8699904,7278,0.3877512514591217,1.685050129890442,0.6295328776041667,-5.536005854606628,0.0003,0.2,0.9618831872940063,-0.0367716219019106,6.974938443799814,0.15456836,7070
800.9277720200001,709,1196,827.65,8712192,7279,0.38746586441993713,1.488034963607788,0.7859619140625,-5.535203710198402,0.0003,0.2,0.978920042514801,0.0014386390956739584,4.005413839221001,0.36128175,7080
832.4767663500002,710,1198,851.13,8724480,7279,0.3863736093044281,3.0145578384399414,0.6373942057291667,-5.510535779595375,0.0003,0.2,0.9676753878593445,-0.03383050297707087,6.969776553412278,0.13566951,7090
715.49395778,711,1200,741.08,8736768,7279,0.3949698507785797,0.8221795558929443,0.9398111979166667,-5.610131074984868,0.0003,0.2,0.9541630744934082,0.173988589621149,2.110072270532449,1.7926016,7100
639.6936763100001,712,1201,675.61,8749056,7279,0.39465954899787903,9.903319358825684,0.389208984375,-5.760503758986791,0.0003,0.2,0.9376915693283081,-0.047035183701276156,24.366569572687148,0.034345284,7110
609.38726812,713,1203,630.65,8761344,7279,0.39370444416999817,12.746975898742676,0.38369140625,-5.733033089836439,0.0003,0.2,0.9355139136314392,-0.05277998060870838,35.04490471283595,0.038394,7120
569.6425997100001,714,1205,586.63,8773632,7279,0.3923403322696686,4.463239669799805,0.5323567708333333,-5.695269610484441,0.0003,0.2,0.9684299230575562,-0.045915403063312016,13.340395426750183,0.09218637,7130
521.07498452,715,1206,547.29,8785920,7279,0.39087533950805664,6.343772888183594,0.5444986979166667,-5.653428377707799,0.0003,0.2,0.9662386775016785,-0.04733491080599682,17.749998716513314,0.08150654,7140
584.9174011800001,716,1208,603.2,8798208,7279,0.3894751965999603,4.436245918273926,0.5830159505208333,-5.60705702205499,0.0003,0.2,0.9597194194793701,-0.044508467552562554,16.359157370527587,0.11378714,7150
602.3802397299999,717,1210,618.1,8810496,7277,0.38942718505859375,3.4529712200164795,0.669384765625,-5.5981691658496855,0.0003,0.2,0.9575760960578918,-0.03336514574475587,14.813897733887037,0.17177522,7160
644.14621198,718,1212,648.15,8822784,7275,0.38868188858032227,7.191112518310547,0.6596842447916667,-5.579022142291069,0.0003,0.2,0.9714429378509521,-0.038012370007345454,15.744407947858175,0.14090557,7170
674.2998622800001,719,1214,675.8,8835072,7274,0.39143577218055725,4.145294666290283,0.7965738932291667,-5.639698765675226,0.0003,0.2,0.96855229139328,0.017408825057403494,9.325318465630213,0.3064828,7180
686.5127560599999,720,1216,695.04,8847360,7274,0.39167356491088867,2.423287868499756,0.73837890625,-5.655699501434962,0.0003,0.2,0.9656830430030823,-0.018980647524100884,10.502112068732579,0.23680592,7190
720.02245813,721,1217,722.37,8859648,7274,0.3904763162136078,3.216421604156494,0.6769124348958333,-5.648784613609314,0.0003,0.2,0.9690234065055847,-0.026104032258929995,11.211938600738844,0.1765769,7200
748.7352037200002,722,1219,750.88,8871936,7274,0.3921689987182617,1.8276227712631226,0.830322265625,-5.656757066647212,0.0003,0.2,0.971855878829956,0.02377656709383397,6.865359196066857,0.41200125,7210
754.85056211,723,1221,762.05,8884224,7274,0.39218103885650635,2.3400180339813232,0.7642008463541666,-5.685952482620875,0.0003,0.2,0.9749637842178345,-0.004623460981141155,6.301095640659332,0.2981084,7220
770.0434636200001,724,1222,772.62,8896512,7275,0.3920217454433441,5.0198187828063965,0.7158772786458333,-5.68621776898702,0.0003,0.2,0.976205050945282,-0.008092524294139973,8.640924846132597,0.16191828,7230
753.7562685099998,725,1224,765.73,8908800,7275,0.3933910131454468,4.206964015960693,0.775,-5.708532579739889,0.0003,0.2,0.9781495332717896,0.02029452645025837,7.076044625043869,0.23047674,7240
789.45021197,726,1226,792.11,8921088,7275,0.39241480827331543,3.2112743854522705,0.667822265625,-5.699847368399302,0.0003,0.2,0.9632350206375122,-0.033609899917307,10.461183060208956,0.17257936,7250
757.97396756,727,1227,766.47,8933376,7275,0.3930493891239166,1.4911532402038574,0.7294677734375,-5.704226448138555,0.0003,0.2,0.9733587503433228,-0.02370923197013326,6.821317820747693,0.2375731,7260
755.3965284899998,728,1229,759.55,8945664,7275,0.3917938768863678,2.5245909690856934,0.6697509765625,-5.686804481347402,0.0003,0.2,0.9690352082252502,-0.030875895823313234,9.830119281510513,0.16272159,7270
789.2077721599999,729,1231,788.56,8957952,7275,0.3935079872608185,1.2613052129745483,0.7738932291666667,-5.707583331068357,0.0003,0.2,0.9795634746551514,-0.0058776628521930736,4.883150652299324,0.272146,7280
812.8327955599999,730,1232,814.59,8970240,7276,0.3981039822101593,1.6130785942077637,0.8503092447916667,-5.827071951826413,0.0003,0.2,0.9796352386474609,0.03940138285009501,4.4022744536399845,0.54271513,7290
816.66378658,731,1234,824.73,8982528,7276,0.3985648453235626,0.640763521194458,0.8095296223958334,-5.892868201931318,0.0003,0.2,0.9831570982933044,0.018586996765225194,2.315437728414933,0.38041195,7300
833.2981397500001,732,1236,840.7,8994816,7276,0.3977836072444916,4.786303520202637,0.605810546875,-5.855260617534319,0.0003,0.2,0.9790430068969727,-0.03161669520971676,6.023870662103096,0.11290679,7310
842.9198172599998,733,1237,844.45,9007104,7276,0.3971109390258789,1.3949253559112549,0.6635009765625,-5.82724581360817,0.0003,0.2,0.9752017259597778,-0.026539429666202825,5.978557465970516,0.14799036,7320
885.90679298,734,1239,883.88,9019392,7275,0.3974926471710205,0.778293251991272,0.7677327473958333,-5.83377978404363,0.0003,0.2,0.9745227694511414,-0.0015228575616977953,2.971577261388302,0.40817437,7330
828.31095761,735,1241,841.49,9031680,7275,0.396270751953125,1.0823187828063965,0.7086263020833333,-5.80649442076683,0.0003,0.2,0.9833968281745911,-0.02885668869421352,3.3074609433611233,0.22767071,7340
764.057212,736,1243,788.82,9043968,7275,0.39500394463539124,5.036442756652832,0.5342610677083334,-5.766495243708293,0.0003,0.2,0.9711853861808777,-0.03776306601454659,10.219233750303585,0.07283724,7350
780.2596604400001,737,1244,788.79,9056256,7275,0.39352384209632874,3.0558478832244873,0.5974934895833334,-5.7274339467287065,0.0003,0.2,0.977023184299469,-0.03735958394051219,8.27284707427025,0.11549608,7360
774.88635947,738,1246,782.81,9068544,7275,0.3937247097492218,2.029085874557495,0.7345540364583333,-5.717174034317335,0.0003,0.2,0.9780292510986328,-0.009483735843483979,5.758098213374614,0.25519332,7370
765.5040802000002,739,1248,767.06,9080832,7274,0.39232876896858215,3.731222629547119,0.6080403645833333,-5.687232165535291,0.0003,0.2,0.9787454009056091,-0.03328019055285646,8.46962357511123,0.120240815,7380
767.1565754599999,740,1249,773.92,9093120,7274,0.3909187316894531,1.903494119644165,0.7315104166666667,-5.651421580712,0.0003,0.2,0.9749867916107178,-0.01777130257396493,5.487784514079491,0.2823229,7390
814.1672570599999,741,1251,800.56,9105408,7273,0.39946213364601135,0.7157701253890991,0.9408610026041667,-5.797608361641566,0.0003,0.2,0.9911400079727173,0.16006886538428564,1.6239246285210054,2.3820012,7400
843.1702853299998,742,1253,828.25,9117696,7273,0.40136757493019104,0.47659924626350403,0.8279215494791666,-5.942339714368185,0.0003,0.2,0.9890488982200623,0.04436559328557147,1.6084615084032217,0.3649216,7410
896.7215877499999,743,1255,875.91,9129984,7273,0.3994865417480469,1.678110122680664,0.5727701822916667,-5.895972256859143,0.0003,0.2,0.979170024394989,-0.03765809819645559,4.683910123507181,0.08850659,7420
894.7698165200001,744,1256,889.35,9142272,7273,0.39890897274017334,2.812499523162842,0.7252034505208333,-5.856617986162504,0.0003,0.2,0.9791343808174133,-0.012799456821327718,4.681077753255765,0.2383192,7430
888.7016103299998,745,1258,885.84,9154560,7273,0.39878609776496887,1.6505712270736694,0.6725504557291667,-5.866083413362503,0.0003,0.2,0.9855409860610962,-0.036851491336225686,3.929470938195785,0.18295856,7440
888.53639249,746,1260,895.4,9166848,7272,0.3972346782684326,1.7163963317871094,0.5513020833333333,-5.830674164493879,0.0003,0.2,0.9699824452400208,-0.03526975655404385,6.942217124501864,0.09812853,7450
888.8693483299999,747,1262,890.43,9179136,7272,0.3975766599178314,1.3225802183151245,0.743994140625,-5.814336454868316,0.0003,0.2,0.9728392362594604,-0.012296565644889294,4.114691941936811,0.37730443,7460
853.7143318700001,748,1263,868.44,9191424,7272,0.3968258798122406,1.33025324344635,0.6530436197916667,-5.811512877543767,0.0003,0.2,0.9804601073265076,-0.02683667112044835,5.183056707680225,0.15673105,7470
861.7217091500002,749,1265,883.63,9203712,7273,0.39561572670936584,1.4109474420547485,0.6390869140625,-5.779025286436081,0.0003,0.2,0.9791098237037659,-0.0404082359840686,4.973462717731794,0.16251776,7480
871.9739009100001,750,1267,884.43,9216000,7273,0.39438024163246155,1.4645487070083618,0.7307210286458333,-5.747180900971094,0.0003,0.2,0.9720754027366638,-0.010108279060417166,3.657402769724528,0.27284086,7490
861.5269138199999,751,1268,872.86,9228288,7273,0.3944965600967407,1.3045721054077148,0.7354410807291667,-5.723171413938204,0.0003,0.2,0.9524989724159241,-0.006823817107457822,7.106931954125563,0.22956192,7500
879.6327662,752,1270,880.11,9240576,7273,0.3932524621486664,2.6168320178985596,0.5720947265625,-5.709350043535233,0.0003,0.2,0.9669814109802246,-0.03604591712452627,8.57019084841013,0.10289065,7510
861.83761405,753,1272,855.7,9252864,7273,0.3937702178955078,2.736954689025879,0.678369140625,-5.706684250632922,0.0003,0.2,0.9678727984428406,-0.028450029598995268,6.394291700919469,0.18882994,7520
846.8986029700001,754,1273,846.56,9265152,7273,0.39196979999542236,2.1846468448638916,0.6444498697916666,-5.674511886636416,0.0003,0.2,0.959754228591919,-0.0245347151857762,8.631830836335817,0.13791959,7530
868.8030005300002,755,1275,860.82,9277440,7274,0.3907388746738434,3.7719008922576904,0.5572835286458333,-5.634065853555997,0.0003,0.2,0.9559262990951538,-0.04041396968920405,14.75471096833547,0.08235965,7540
883.0169454600003,756,1277,856.81,9289728,7274,0.3913451135158539,1.5248979330062866,0.7802571614583333,-5.647619247436523,0.0003,0.2,0.9614675045013428,0.00681657864091297,8.959054292241733,0.31911817,7550
248.01224281999998,757,1278,272.56,9302016,7273,0.39465174078941345,1.1134141683578491,0.9673502604166667,-5.679809034864108,0.0003,0.2,0.9740972518920898,0.1908999175822828,2.5706863423188526,9.433796,7560
86.75859184000001,758,1280,139.61,9314304,7274,0.3949081599712372,35.95818328857422,0.37740885416666664,-5.7399959315856295,0.0003,0.2,0.8379472494125366,-0.06119248880034623,90.15078462759654,0.036566373,7570
84.10711494000002,759,1282,139.17,9326592,7274,0.3943521976470947,42.07743453979492,0.43739420572916665,-5.733876984318098,0.0003,0.2,0.8758078217506409,-0.06726449736258171,77.2321639140447,0.05357334,7580
88.04381909000003,760,1283,147.56,9338880,7274,0.3935120105743408,24.035058975219727,0.5206217447916667,-5.71138712267081,0.0003,0.2,0.9016830921173096,-0.06637704050323616,54.85029402573903,0.07895948,7590
101.61123628,761,1285,160.08,9351168,7274,0.3925483226776123,15.757242202758789,0.5864990234375,-5.693345503012339,0.0003,0.2,0.9158227443695068,-0.06268559639768985,43.850222305456796,0.10569856,7600
99.26229874,762,1287,157.75,9363456,7274,0.3915056884288788,18.401432037353516,0.655615234375,-5.662405283252398,0.0003,0.2,0.9125455021858215,-0.05309133586512568,36.7615221619606,0.14155789,7610
106.5871428,763,1288,169.55,9375744,7275,0.391536146402359,13.874078750610352,0.7103352864583333,-5.6612736264864605,0.0003,0.2,0.9246957898139954,-0.04311363764669902,28.152025731404624,0.18408294,7620
122.06257380999999,764,1290,190.48,9388032,7275,0.3910309076309204,9.289131164550781,0.7033610026041667,-5.645589115222295,0.0003,0.2,0.9138796329498291,-0.049313059229947005,26.935981396834055,0.19699769,7630
151.29945247,765,1292,224.9,9400320,7275,0.39103206992149353,12.02658462524414,0.6998128255208333,-5.641592333714168,0.0003,0.2,0.9054207801818848,-0.047401825163008955,29.201366579532625,0.18688297,7640
179.52304906999998,766,1293,250.11,9412608,7275,0.39050039649009705,10.241485595703125,0.7148518880208333,-5.6471493144830065,0.0003,0.2,0.9178011417388916,-0.04330111599410884,26.054334288835527,0.22049616,7650
206.09727403,767,1295,278.9,9424896,7275,0.38975954055786133,11.700112342834473,0.7001953125,-5.608529528975486,0.0003,0.2,0.9104130864143372,-0.045487125776708125,30.46487489541372,0.1923169,7660
226.34128407000003,768,1297,301.6,9437184,7274,0.3888305127620697,13.958346366882324,0.6811442057291667,-5.586117378870646,0.0003,0.2,0.9129766821861267,-0.04581662801016743,30.64929824670156,0.15924068,7670
276.13739821,769,1298,355.74,9449472,7275,0.3872085511684418,11.9187593460083,0.7104329427083333,-5.5464180717865625,0.0003,0.2,0.9104837775230408,-0.043510765405759835,28.189509797096253,0.20197546,7680
329.3636811599999,770,1300,405.59,9461760,7275,0.3872377872467041,9.550737380981445,0.7485026041666667,-5.539036774635315,0.0003,0.2,0.9204331040382385,-0.023712572086272605,23.8090527176857,0.22544508,7690
392.43886117,771,1302,468.07,9474048,7275,0.386731892824173,8.4202299118042,0.7352783203125,-5.52798177699248,0.0003,0.2,0.912157416343689,-0.028323525157369054,19.140348251660665,0.21713622,7700
449.96597905000004,772,1303,519.33,9486336,7275,0.38555988669395447,8.115983009338379,0.7106608072916667,-5.497451439499855,0.0003,0.2,0.9266694784164429,-0.028833938649040648,17.396474651495616,0.19638146,7710
485.0184115,773,1305,553.58,9498624,7275,0.38472187519073486,5.702754020690918,0.7207356770833333,-5.467580705881119,0.0003,0.2,0.9454546570777893,-0.03127148254231239,15.948593417803446,0.20361535,7720
557.9253134299998,774,1307,613.66,9510912,7275,0.3833547830581665,5.926388263702393,0.7116536458333333,-5.424855562051137,0.0003,0.2,0.944243311882019,-0.028091690481232945,14.104410753647487,0.19436009,7730
579.32072022,775,1308,624.16,9523200,7276,0.38567671179771423,2.6247036457061768,0.8242594401041666,-5.47355035742124,0.0003,0.2,0.9498052597045898,0.024956717374152504,9.481383790572485,0.38847032,7740
595.18133728,776,1310,629.59,9535488,7276,0.38500359654426575,3.203981399536133,0.7730875651041667,-5.471616225441297,0.0003,0.2,0.9619472026824951,-0.0051051628853504855,6.354865184426307,0.30805016,7750
645.75997739,777,1312,667.88,9547776,7276,0.3840883672237396,2.7484817504882812,0.7010823567708333,-5.442670670151711,0.0003,0.2,0.9587949514389038,-0.020380865008337423,8.906676537295182,0.19044356,7760
699.69886033,778,1313,715.67,9560064,7276,0.38307520747184753,2.319125175476074,0.7110270182291667,-5.414995895822843,0.0003,0.2,0.9558119177818298,-0.02203847008398346,7.729964126149813,0.22977658,7770
731.7348733199998,779,1315,741.71,9572352,7276,0.38380804657936096,1.6735799312591553,0.7551188151041667,-5.42918130060037,0.0003,0.2,0.9694015979766846,-0.017752881237538532,6.902767571310203,0.29062557,7780
717.0165592499999,780,1317,728.85,9584640,7276,0.3828994929790497,3.8788974285125732,0.6432861328125,-5.4102003395557405,0.0003,0.2,0.9506881833076477,-0.03097443088675694,10.34287947913011,0.14873011,7790
742.6340951500001,781,1318,749.01,9596928,7276,0.38378238677978516,1.623351812362671,0.7876057942708333,-5.4135019461313885,0.0003,0.2,0.9791212677955627,0.004522431972630633,4.72966347138087,0.38291708,7800
768.2764507700001,782,1320,776.65,9609216,7276,0.3822544515132904,2.787524461746216,0.699951171875,-5.408690681060155,0.0003,0.2,0.945900559425354,-0.020631223792831103,9.57042998423179,0.19592585,7810
772.3126418400002,783,1322,786.58,9621504,7276,0.3809477388858795,3.043473482131958,0.6717854817708333,-5.369054358204206,0.0003,0.2,0.9549843668937683,-0.023605817594216205,12.818416568140188,0.14598669,7820
763.8784561699998,784,1324,777.11,9633792,7276,0.3806026875972748,5.5334248542785645,0.7524576822916667,-5.3530596951643625,0.0003,0.2,0.9544816613197327,-0.0042151371298435455,9.283719493448734,0.22586149,7830
775.11688316,785,1325,789.1,9646080,7275,0.38091573119163513,2.896380662918091,0.8071695963541666,-5.352040247122447,0.0003,0.2,0.9679263830184937,0.02834208218070368,7.007877979179224,0.3340846,7840
816.79246833,786,1327,813.59,9658368,7276,0.3860437870025635,1.2824541330337524,0.9654134114583334,-5.412991338968277,0.0003,0.2,0.9600739479064941,0.22870740834235523,2.9140555024147035,5.912002,7850
823.9795353700001,787,1329,822.0,9670656,7276,0.3946636915206909,0.7772914171218872,0.9219075520833333,-5.635478569070498,0.0003,0.2,0.9756901860237122,0.1438548581582533,2.6038308036824067,1.4914832,7860
804.5634961799999,788,1330,798.56,9682944,7276,0.39444616436958313,1.5489544868469238,0.6466552734375,-5.756092511614164,0.0003,0.2,0.9719555377960205,-0.022852714909337615,5.731724943220615,0.14639659,7870
805.5604800599998,789,1332,799.61,9695232,7276,0.3934049904346466,2.9596409797668457,0.5241048177083333,-5.73659445643425,0.0003,0.2,0.9567843675613403,-0.04106899318091261,8.597693562010924,0.073893495,7880
821.59857182,790,1334,807.9,9707520,7276,0.392227441072464,2.649392604827881,0.5986328125,-5.709474008282026,0.0003,0.2,0.9727150201797485,-0.03392774747529378,6.6403372377157215,0.10900709,7890
805.3142537100002,791,1336,788.55,9719808,7274,0.3904459774494171,1.6250494718551636,0.7040690104166667,-5.658986499905586,0.0003,0.2,0.9821694493293762,-0.0216423898479358,4.752735053251187,0.19575821,7900
793.54314691,792,1337,772.27,9732096,7273,0.3899215757846832,1.210688829421997,0.7342936197916666,-5.625522434711456,0.0003,0.2,0.9695215821266174,-0.0062372404946169505,4.7968773253262045,0.21939842,7910
781.2102672099999,793,1339,767.18,9744384,7272,0.39121487736701965,1.9593822956085205,0.7459879557291667,-5.633143729964892,0.0003,0.2,0.9719805717468262,-0.009430550847901032,5.211970978975296,0.302106,7920
778.6757807900001,794,1341,767.66,9756672,7272,0.39063358306884766,3.2690722942352295,0.6660481770833333,-5.636664460102717,0.0003,0.2,0.9678595066070557,-0.02854102283793812,7.5210350801547365,0.19787098,7930
809.58102936,795,1343,791.1,9768960,7272,0.39089441299438477,1.7856178283691406,0.740283203125,-5.642587961753209,0.0003,0.2,0.9741570353507996,-0.015505398555736368,5.1822873865564665,0.24045129,7940
815.8577941199999,796,1344,801.6,9781248,7272,0.39048710465431213,3.0919065475463867,0.6736653645833334,-5.643800885478655,0.0003,0.2,0.9572887420654297,-0.02073623817123007,7.35221319248279,0.182343,7950
843.23697306,797,1346,821.5,9793536,7272,0.3912621736526489,1.2059868574142456,0.7751953125,-5.645610233147939,0.0003,0.2,0.9571410417556763,0.008800097230899457,5.342004078129928,0.32698926,7960
857.6183127399999,798,1348,838.15,9805824,7272,0.39229318499565125,1.2525297403335571,0.7649983723958333,-5.681281294425329,0.0003,0.2,0.981909453868866,-0.0116505459077113,4.1305297816793125,0.28289768,7970
845.90354094,799,1350,831.07,9818112,7272,0.3915630280971527,0.777739405632019,0.7034261067708333,-5.663958955804507,0.0003,0.2,0.9763185381889343,-0.020512382396069975,4.481960760056973,0.228218,7980
858.0231408500002,800,1351,845.0,9830400,7272,0.3917273283004761,3.2597150802612305,0.6750406901041667,-5.65326243241628,0.0003,0.2,0.9807162880897522,-0.03132139561736646,6.84677216609319,0.16984642,7990
865.36192632,801,1353,848.08,9842688,7272,0.39130809903144836,3.3288371562957764,0.6368815104166666,-5.65582724014918,0.0003,0.2,0.9540721774101257,-0.02852158785244683,10.23819484959046,0.13389124,8000
890.4085851200002,802,1355,865.85,9854976,7272,0.39214587211608887,3.5126285552978516,0.7593343098958333,-5.671287789940834,0.0003,0.2,0.9730334877967834,0.0061810909702520195,6.569507507483165,0.26347765,8010
873.5336999999998,803,1356,855.01,9867264,7272,0.39707836508750916,1.171350359916687,0.9687255859375,-5.751357530554135,0.0003,0.2,0.973504364490509,0.21762562967002547,2.1284433901309967,7.772261,8020
822.1560244500001,804,1358,834.54,9879552,7272,0.3964192867279053,1.1389024257659912,0.685302734375,-5.836949617664019,0.0003,0.2,0.9512768387794495,-0.01373801054918052,5.188290184239547,0.14279689,8030
792.7660163900001,805,1360,820.51,9891840,7272,0.39587149024009705,2.1628973484039307,0.5973714192708334,-5.804246328274409,0.0003,0.2,0.9631602168083191,-0.032093309857494506,9.071735169490179,0.10201178,8040
733.32460805,806,1361,794.01,9904128,7273,0.39448070526123047,5.1245503425598145,0.5175048828125,-5.7665469189484915,0.0003,0.2,0.9533604383468628,-0.03858496810523017,15.506038784980774,0.076778844,8050
694.40545646,807,1363,783.14,9916416,7273,0.39302611351013184,2.2523491382598877,0.6632893880208334,-5.736017383138338,0.0003,0.2,0.9626069068908691,-0.02905083414904463,8.458418976267179,0.1496612,8060
584.07934028,808,1365,710.92,9928704,7273,0.39303305745124817,2.132568597793579,0.7610677083333334,-5.710028456648191,0.0003,0.2,0.9653558135032654,-0.005860663036582991,5.848836216082176,0.32036826,8070
586.71912199,809,1366,716.06,9940992,7273,0.3924520015716553,5.645205497741699,0.5973714192708334,-5.693015564481417,0.0003,0.2,0.9572864770889282,-0.03491612814541441,17.181031544009844,0.09895074,8080
590.8403612799999,810,1368,699.11,9953280,7273,0.3919682502746582,7.400806903839111,0.6947184244791667,-5.677245682477951,0.0003,0.2,0.9596434831619263,-0.02758206289630228,10.729210863510767,0.1737204,8090
584.8452471,811,1370,697.74,9965568,7272,0.390385240316391,4.410008907318115,0.7220865885416666,-5.651126612226168,0.0003,0.2,0.9738837480545044,-0.02327128212491516,7.0392311125993725,0.2443605,8100
557.8001153399999,812,1371,642.81,9977856,7272,0.39798417687416077,2.9856619834899902,0.9396402994791667,-5.718724642197291,0.0003,0.2,0.969306468963623,0.1647407812818225,5.811009854326645,2.045553,8110
618.43647698,813,1373,682.75,9990144,7272,0.3967326879501343,3.503239393234253,0.617578125,-5.845316462715467,0.0003,0.2,0.9699572324752808,-0.0387924785677266,10.112283765276272,0.12799947,8120
648.6400686799999,814,1375,703.37,10002432,7272,0.39711809158325195,2.1284806728363037,0.729931640625,-5.839914454023043,0.0003,0.2,0.9720177054405212,-0.023496705910656602,6.036555337409179,0.2865746,8130
