time/time_elapsed,time/total_timesteps,rollout/ep_len_mean,time/fps,time/iterations,rollout/ep_rew_mean,train/entropy_loss,train/clip_fraction,train/std,train/value_loss,train/clip_range,train/explained_variance,train/learning_rate,train/policy_gradient_loss,train/loss,train/approx_kl,train/n_updates
1,12288,59.67,9324,1,7.935121680000001,,,,,,,,,,,
3,24576,61.24,6804,2,10.783101560000002,-16.969168909390767,0.17632649739583334,0.9939756989479065,6.657690436641375,0.2,-0.0168917179107666,0.0003,-0.018304549967676092,3.017453670501709,0.013981123,10
5,36864,62.15,6234,3,10.920359329999998,-16.898028882344565,0.18304036458333334,0.9871427416801453,6.375850411256154,0.2,0.34760743379592896,0.0003,-0.021595804898727994,2.7767748832702637,0.01517431,20
8,49152,61.78,6033,4,11.35151305,-16.82180141210556,0.20044759114583333,0.981604278087616,6.303194997708003,0.2,0.5007908940315247,0.0003,-0.023342256637018485,2.5457892417907715,0.016582323,30
10,61440,63.99,5868,5,12.724548709999999,-16.73809765179952,0.2181640625,0.9746460318565369,5.309844806293646,0.2,0.5996138453483582,0.0003,-0.024733545731093425,1.9054187536239624,0.01766462,40
12,73728,62.85,5793,6,12.56972573,-16.633434760570527,0.259619140625,0.9660863280296326,5.140996098518372,0.2,0.6585731506347656,0.0003,-0.026757636938903793,2.7236790657043457,0.020536948,50
15,86016,63.66,5729,7,13.600882880000002,-16.543727334340414,0.2579833984375,0.9583380818367004,5.058607289195061,0.2,0.7029671669006348,0.0003,-0.025246386335978362,2.122119426727295,0.020681553,60
17,98304,68.13,5613,8,16.31257193,-16.452596426010132,0.2644287109375,0.9521034359931946,4.538462560872237,0.2,0.7762786149978638,0.0003,-0.028674395089425767,2.0604095458984375,0.023031428,70
19,110592,65.34,5590,9,17.19187064,-16.376877490679423,0.27488606770833335,0.9459686279296875,4.185366213321686,0.2,0.8167199492454529,0.0003,-0.028143680824238498,1.8059266805648804,0.02151571,80
21,122880,65.32,5586,10,16.9841012,-16.301653150717417,0.27769368489583335,0.9398725628852844,4.944301912685235,0.2,0.8222095966339111,0.0003,-0.030329222725898337,2.214341402053833,0.021745974,90
24,135168,66.9,5581,11,18.391929630000003,-16.20643990834554,0.3100992838541667,0.9322352409362793,4.1243016843994456,0.2,0.8428181409835815,0.0003,-0.03235566764245353,1.8161242008209229,0.02527368,100
26,147456,65.09,5549,12,18.72058203,-16.087802537282307,0.3180419921875,0.9230296611785889,3.663395443558693,0.2,0.8535661697387695,0.0003,-0.03103207197661201,1.4148674011230469,0.028696835,110
28,159744,67.59,5543,13,19.8352736,-15.972159212827682,0.31158854166666666,0.9139706492424011,4.2798242603739105,0.2,0.8561004996299744,0.0003,-0.03208035026521732,2.003591537475586,0.026000967,120
31,172032,67.96,5543,14,22.012012140000007,-15.834626777966816,0.3496826171875,0.9048441052436829,3.472923670212428,0.2,0.8843952417373657,0.0003,-0.03382412673333116,1.3366715908050537,0.029528027,130
33,184320,64.02,5543,15,19.56946281,-15.745857725540796,0.3318277994791667,0.8980539441108704,3.722354673842589,0.2,0.8826706409454346,0.0003,-0.03239539447822608,1.5609029531478882,0.028296694,140
35,196608,67.37,5543,16,22.732926540000005,-15.646740285555522,0.3668131510416667,0.8901920318603516,3.1136435424288114,0.2,0.9052718281745911,0.0003,-0.035369518767887104,1.4354177713394165,0.03259698,150
37,208896,67.74,5542,17,23.007635529999998,-15.544514618317287,0.3398518880208333,0.8829663395881653,3.7486047292749087,0.2,0.8959594964981079,0.0003,-0.0327152528683655,1.3253514766693115,0.028724847,160
39,221184,68.66,5541,18,23.460510300000006,-15.467056934038798,0.366748046875,0.8781457543373108,3.2834270015358924,0.2,0.9092310070991516,0.0003,-0.031006906174782974,1.283313512802124,0.032552905,170
42,233472,69.28,5536,19,23.2182686,-15.380759447813034,0.3507486979166667,0.8718933463096619,3.5990433424711226,0.2,0.9111568331718445,0.0003,-0.03343428363732528,1.8642526865005493,0.031758253,180
44,245760,72.05,5526,20,24.719468820000003,-15.279505850871404,0.3609130859375,0.864589512348175,3.529641412695249,0.2,0.9121944904327393,0.0003,-0.03423521529281667,1.7100601196289062,0.030994123,190
46,258048,68.38,5523,21,25.14930734,-15.185640674829482,0.3624348958333333,0.8580462336540222,3.5785190810759864,0.2,0.9191619157791138,0.0003,-0.033171067057022205,1.5843559503555298,0.033284258,200
49,270336,69.8,5511,22,25.272332910000003,-15.10244935353597,0.37381184895833336,0.8527037501335144,3.6215537120898564,0.2,0.9183063507080078,0.0003,-0.03570797221036628,1.3654085397720337,0.03569932,210
51,282624,70.92,5510,23,26.462404350000007,-15.015707699457804,0.3828043619791667,0.8457962870597839,3.320792337258657,0.2,0.928837776184082,0.0003,-0.03714801430420873,1.3644664287567139,0.035144772,220
53,294912,72.14,5512,24,28.22064853,-14.907613140344619,0.369580078125,0.8381571173667908,3.7045810172955194,0.2,0.9209352731704712,0.0003,-0.03434407921837798,1.8969740867614746,0.035018038,230
55,307200,71.1,5510,25,26.84893642,-14.799983157714207,0.383544921875,0.8313932418823242,3.6299931928515434,0.2,0.9262195825576782,0.0003,-0.0366168838692829,1.6151190996170044,0.03541893,240
58,319488,72.92,5491,26,28.295827720000002,-14.70069365700086,0.391357421875,0.8250830173492432,3.453671811024348,0.2,0.932002604007721,0.0003,-0.036045277589194784,1.534841775894165,0.03569461,250
60,331776,73.09,5491,27,30.12602413,-14.614287330706913,0.4011474609375,0.818702757358551,3.6745670318603514,0.2,0.9289178848266602,0.0003,-0.03553901452833088,1.4546773433685303,0.03734525,260
62,344064,74.59,5492,28,30.18537519,-14.514618041117986,0.40107421875,0.8126276135444641,3.587675616145134,0.2,0.9373031854629517,0.0003,-0.03748495471809292,1.7918179035186768,0.03939795,270
64,356352,74.66,5492,29,30.733764120000004,-14.422982599337896,0.38539225260416665,0.8065306544303894,4.171213044722875,0.2,0.928533136844635,0.0003,-0.03651334426249377,1.642993450164795,0.03524711,280
67,368640,74.95,5493,30,31.801344200000006,-14.31801453034083,0.3981852213541667,0.7997260093688965,4.171601696809133,0.2,0.9363963603973389,0.0003,-0.03962015858366309,2.13727068901062,0.038382765,290
69,380928,75.68,5490,31,32.09743108,-14.224010847012202,0.41429036458333335,0.7941358685493469,3.7935972695549327,0.2,0.9417292475700378,0.0003,-0.03918992741334174,1.7757068872451782,0.03948122,300
71,393216,78.61,5488,32,35.338774599999994,-14.136960730950038,0.4209065755208333,0.7885544896125793,4.0600421691934265,0.2,0.9357929825782776,0.0003,-0.036254637530752615,1.9551386833190918,0.040811103,310
73,405504,74.69,5488,33,33.14409526000001,-14.026530321439107,0.40621744791666664,0.7809543013572693,4.504535346229871,0.2,0.935789942741394,0.0003,-0.0380524062900804,2.2591121196746826,0.040900145,320
76,417792,74.59,5487,34,34.060733760000005,-13.93094359834989,0.41155598958333334,0.7750411033630371,4.389373533924421,0.2,0.9383503198623657,0.0003,-0.03895142032318593,2.1204917430877686,0.04226148,330
78,430080,76.69,5479,35,35.01784994,-13.839784189065297,0.42499186197916666,0.7690682411193848,4.269306560854117,0.2,0.941450834274292,0.0003,-0.03752135069516953,2.334374189376831,0.043842107,340
80,442368,75.3,5467,36,34.21159924,-13.725247830152512,0.43359375,0.7618069648742676,4.127784818410873,0.2,0.944879412651062,0.0003,-0.039967896408052185,1.9401352405548096,0.0442321,350
83,454656,78.6,5462,37,36.36956022,-13.64626908103625,0.4102701822916667,0.7577974796295166,5.255651200314363,0.2,0.9348568320274353,0.0003,-0.03760446467931615,2.8201234340667725,0.040149927,360
85,466944,74.13,5456,38,34.975729810000004,-13.549675186475119,0.44444173177083335,0.7513909339904785,4.332365724444389,0.2,0.9458901286125183,0.0003,-0.038925442998394524,2.150552749633789,0.0465979,370
88,479232,75.82,5437,39,37.21933424,-13.461498874425889,0.439013671875,0.7463474273681641,4.5597403635581335,0.2,0.9465097188949585,0.0003,-0.03887865749614624,1.8675132989883423,0.04541998,380
90,491520,78.3,5437,40,38.47068099,-13.347443666060766,0.4627197265625,0.7388370633125305,4.39469908028841,0.2,0.9487593770027161,0.0003,-0.041753718390828,2.3375988006591797,0.052318323,390
92,503808,77.28,5436,41,38.51240322,-13.236980297168095,0.4505126953125,0.7328019142150879,4.31210253983736,0.2,0.9484634399414062,0.0003,-0.041650346301806467,1.9773974418640137,0.050330777,400
94,516096,76.74,5435,42,41.1446734,-13.149633646011353,0.47067057291666664,0.7281106114387512,3.897731417417526,0.2,0.9536283016204834,0.0003,-0.03684897521937577,1.8699800968170166,0.050609697,410
97,528384,77.18,5425,43,40.46132098,-13.067425868908565,0.4685465494791667,0.7237253189086914,3.8760117908318836,0.2,0.9567092657089233,0.0003,-0.04246502698709567,1.5054908990859985,0.05251779,420
99,540672,79.24,5425,44,41.80741166999999,-12.964347982406617,0.4624430338541667,0.71644526720047,4.360971714059512,0.2,0.9562952518463135,0.0003,-0.03940190021530725,2.0901100635528564,0.05259003,430
101,552960,79.29,5427,45,44.22948508,-12.863789610068004,0.43838704427083336,0.710770308971405,4.747299460570018,0.2,0.9523375034332275,0.0003,-0.037610880070133135,1.5438566207885742,0.04477446,440
104,565248,79.15,5421,46,44.47707964,-12.759109258651733,0.45431315104166664,0.7053928375244141,5.284945658346017,0.2,0.9529721140861511,0.0003,-0.040257203077392965,2.322791814804077,0.0513089,450
106,577536,76.29,5421,47,42.44550130999999,-12.646879100799561,0.47140299479166664,0.6986737847328186,4.429552496472994,0.2,0.9594799280166626,0.0003,-0.04044268590417535,2.6694085597991943,0.052118164,460
108,589824,78.04,5419,48,43.64480238,-12.54930244286855,0.48173828125,0.6940882802009583,4.183533322811127,0.2,0.9610358476638794,0.0003,-0.03986399493830201,1.995793104171753,0.05771185,470
111,602112,78.83,5420,49,43.56666395,-12.440594152609508,0.49814453125,0.6873027682304382,4.545325108369192,0.2,0.9576933979988098,0.0003,-0.0365707316523185,2.0723178386688232,0.05798777,480
113,614400,81.54,5422,50,46.87197853000001,-12.351209958394369,0.48341471354166665,0.6838911175727844,4.087948450446129,0.2,0.9599167704582214,0.0003,-0.04187100651809791,1.3578845262527466,0.056384932,490
115,626688,76.23,5422,51,44.49953085,-12.299371373653411,0.4696044921875,0.6808669567108154,5.019922003149986,0.2,0.9562079310417175,0.0003,-0.03961130218910209,2.456240177154541,0.05334164,500
117,638976,77.5,5424,52,45.22632199,-12.205658094088237,0.5052001953125,0.6745163798332214,4.004288403689861,0.2,0.9611914157867432,0.0003,-0.03861627908384738,1.484915018081665,0.06353753,510
120,651264,79.6,5422,53,47.28988037,-12.096574032306671,0.5054361979166667,0.6700153350830078,3.852170406281948,0.2,0.9641546607017517,0.0003,-0.03932654300588183,1.9800231456756592,0.064090736,520
122,663552,79.2,5423,54,46.55030383000001,-12.019643580913543,0.4872233072916667,0.6653161644935608,4.193353632092476,0.2,0.9662062525749207,0.0003,-0.03870683713078809,2.4385082721710205,0.05908583,530
124,675840,79.07,5424,55,47.529067749999996,-11.952054744958877,0.4831787109375,0.6623457074165344,4.406515760223071,0.2,0.9618124961853027,0.0003,-0.03899135058794248,2.6820902824401855,0.05618328,540
126,688128,76.86,5425,56,45.28898410000001,-11.87211309671402,0.5033528645833333,0.6582426428794861,4.14786457568407,0.2,0.9643856883049011,0.0003,-0.03801945663290098,2.274777889251709,0.0628343,550
129,700416,78.38,5426,57,48.52791330000001,-11.797364540894826,0.5020182291666667,0.6538412570953369,4.2874428967634834,0.2,0.9607497453689575,0.0003,-0.03823684873059392,2.011840581893921,0.06529656,560
131,712704,80.53,5427,58,50.02980784999999,-11.689227892955143,0.5388997395833334,0.6473522186279297,3.2839624506731826,0.2,0.9705594778060913,0.0003,-0.03935849691042677,1.3703546524047852,0.07357416,570
133,724992,77.6,5426,59,49.76381864,-11.587625503540039,0.4921468098958333,0.6431202292442322,4.583711838722229,0.2,0.9602574706077576,0.0003,-0.040482095952271875,2.115361213684082,0.057134185,580
135,737280,77.37,5427,60,49.12118208999999,-11.518923034270605,0.4967854817708333,0.6400441527366638,4.106379460295042,0.2,0.9672737121582031,0.0003,-0.0403485261068757,1.6818495988845825,0.06140101,590
138,749568,82.17,5428,61,52.75768494000001,-11.437546867132188,0.49197591145833336,0.6358323693275452,4.463643375535806,0.2,0.9664686918258667,0.0003,-0.03833141367940698,1.8704466819763184,0.057673346,600
140,761856,79.12,5428,62,50.99369763,-11.341569383939108,0.47781575520833336,0.6308072805404663,5.5697408278783165,0.2,0.963411808013916,0.0003,-0.041495831648353486,3.2598533630371094,0.056677148,610
142,774144,80.11,5428,63,51.96656447,-11.259255027770996,0.4975179036458333,0.626291036605835,4.699823742608229,0.2,0.9664326906204224,0.0003,-0.038690338867309035,2.471313238143921,0.060188327,620
144,786432,82.27,5430,64,54.4090166,-11.147822332382201,0.561376953125,0.6210477948188782,3.2381759827335674,0.2,0.9730240106582642,0.0003,-0.03542207817517919,1.3349758386611938,0.08398671,630
147,798720,85.54,5431,65,56.560394370000004,-11.068517261743546,0.5481608072916667,0.616759717464447,3.250395615398884,0.2,0.9748222231864929,0.0003,-0.03853466660269381,1.3349605798721313,0.07684182,640
149,811008,82.98,5431,66,56.71878365999999,-10.979582587877909,0.5108154296875,0.613210916519165,4.29949336151282,0.2,0.970015287399292,0.0003,-0.03931769579163908,1.7032065391540527,0.06754781,650
151,823296,84.19,5427,67,58.165777369999994,-10.908705035845438,0.4897705078125,0.6103686690330505,4.803998828927676,0.2,0.9652100801467896,0.0003,-0.03929130090691615,1.8663088083267212,0.07114906,660
154,835584,81.85,5421,68,55.01543618999999,-10.844302880764008,0.49623209635416665,0.606870710849762,5.315209716061751,0.2,0.9689835906028748,0.0003,-0.03810163112454271,3.0557589530944824,0.0625969,670
156,847872,81.86,5417,69,56.465201289999996,-10.751969997088114,0.4991943359375,0.6023387312889099,5.037965167562167,0.2,0.9680583477020264,0.0003,-0.03887526144195969,2.702054738998413,0.0646309,680
159,860160,80.36,5409,70,55.630366249999994,-10.677395983537037,0.5573486328125,0.598950207233429,4.16525765011708,0.2,0.9723553657531738,0.0003,-0.03470643546703892,2.272249460220337,0.076841384,690
161,872448,81.72,5410,71,57.733167249999994,-10.592082754770916,0.5492431640625,0.595312774181366,4.110708331565062,0.2,0.9731603860855103,0.0003,-0.03523338860832155,1.6448149681091309,0.07447607,700
163,884736,85.35,5411,72,60.51323305000001,-10.495143636067708,0.56005859375,0.5898851752281189,3.6778943330049514,0.2,0.9717292785644531,0.0003,-0.03338860498042777,0.9829767346382141,0.08138544,710
165,897024,81.56,5407,73,56.99436012000001,-10.403470792373021,0.5236246744791667,0.585799515247345,4.581959091623625,0.2,0.9716700315475464,0.0003,-0.03850374317650373,1.7234405279159546,0.06569121,720
168,909312,81.75,5408,74,57.63290818999999,-10.324797143538794,0.5065348307291667,0.5825647711753845,4.27292569677035,0.2,0.9749534726142883,0.0003,-0.03784720767386413,1.539284348487854,0.07173975,730
170,921600,78.58,5409,75,57.198419709999996,-10.256951902310053,0.532275390625,0.5795308947563171,4.169622573256492,0.2,0.9764859676361084,0.0003,-0.03492183169097795,2.0656614303588867,0.070842914,740
172,933888,82.88,5409,76,60.234546599999994,-10.199736819664638,0.5287841796875,0.5762127041816711,5.074247786899408,0.2,0.9715784788131714,0.0003,-0.03233511505532079,2.0499727725982666,0.07772968,750
174,946176,83.04,5410,77,58.74862207,-10.12434184551239,0.5643880208333333,0.5732610821723938,3.738378185033798,0.2,0.9767659306526184,0.0003,-0.033595240889311144,1.9579863548278809,0.09077567,760
177,958464,79.77,5411,78,58.17195711,-10.072813107570012,0.58466796875,0.571128249168396,3.283529003461202,0.2,0.9774982333183289,0.0003,-0.03071230177107888,1.218962550163269,0.09389474,770
179,970752,83.81,5412,79,63.27177853,-10.020615742603939,0.5683430989583333,0.5695331692695618,2.946921202043692,0.2,0.9799609184265137,0.0003,-0.03160937024222221,1.2308422327041626,0.08712538,780
181,983040,86.19,5413,80,64.42070672999999,-9.96145196358363,0.5374837239583333,0.5652246475219727,3.582633841286103,0.2,0.9782296419143677,0.0003,-0.03485627968232923,1.195024013519287,0.07859354,790
183,995328,85.08,5410,81,64.97524165,-9.877200468381245,0.5109619140625,0.5616599321365356,4.222822048763434,0.2,0.97703617811203,0.0003,-0.033962913174764256,1.8292912244796753,0.06843713,800
186,1007616,85.55,5407,82,65.14985947999999,-9.783404817183813,0.5421712239583333,0.557105302810669,3.8672842013339204,0.2,0.978779673576355,0.0003,-0.03520061390881892,1.4605282545089722,0.07813454,810
188,1019904,89.36,5402,83,68.78450376,-9.71011089682579,0.5701741536458333,0.5553775429725647,3.5182116560637953,0.2,0.9815901517868042,0.0003,-0.031650284825203316,1.2749329805374146,0.08873185,820
191,1032192,88.5,5403,84,66.18203467999999,-9.656528349717458,0.55791015625,0.5520606637001038,3.7199742158253986,0.2,0.9815375804901123,0.0003,-0.03302614449009222,1.5351861715316772,0.080476426,830
193,1044480,88.57,5405,85,67.14912034,-9.597654207547505,0.5407877604166667,0.5495343804359436,4.0056023473540945,0.2,0.97892165184021,0.0003,-0.03134732818968284,1.9890468120574951,0.07724595,840
195,1056768,86.06,5398,86,65.27861872,-9.520633965730667,0.5348388671875,0.5462524890899658,4.230859166880449,0.2,0.9777567982673645,0.0003,-0.03254871285656312,1.2503414154052734,0.076797284,850
198,1069056,84.11,5398,87,66.73562367000001,-9.451874148845672,0.5348225911458333,0.5433599352836609,4.245298248529434,0.2,0.9789211750030518,0.0003,-0.03334227514569647,1.6803302764892578,0.07974461,860
200,1081344,87.78,5399,88,68.56396927,-9.375961601734161,0.5834391276041667,0.5397789478302002,3.2810814465085665,0.2,0.982319176197052,0.0003,-0.029024815308124136,1.1349505186080933,0.10565659,870
202,1093632,87.33,5400,89,67.82067552000001,-9.297547684113185,0.5797688802083333,0.5361590385437012,3.188206075876951,0.2,0.9834685921669006,0.0003,-0.03018266768316001,1.2988598346710205,0.09511579,880
204,1105920,88.78,5402,90,71.75665505,-9.218398469686509,0.5402913411458333,0.5333380103111267,3.5928837046027184,0.2,0.9824308753013611,0.0003,-0.032786721134713544,1.705424427986145,0.073764086,890
206,1118208,94.19,5403,91,73.88712093,-9.123880708217621,0.5732503255208333,0.5292026400566101,3.0562141415973505,0.2,0.9863691926002502,0.0003,-0.030611427128314973,0.9786763787269592,0.086922176,900
209,1130496,94.32,5405,92,75.09217128,-9.021211238702138,0.5233317057291667,0.5242342948913574,4.339174006382624,0.2,0.9799096584320068,0.0003,-0.034922946204702994,1.966248631477356,0.074477844,910
211,1142784,84.68,5406,93,66.76398753000001,-8.92798686226209,0.541796875,0.5202630758285522,4.241390129427115,0.2,0.9807497262954712,0.0003,-0.032146903117730594,2.165099859237671,0.07996488,920
213,1155072,89.07,5403,94,68.58541637,-8.839266981681188,0.600244140625,0.5165006518363953,3.0885946822663146,0.2,0.9836429357528687,0.0003,-0.022934659302215245,1.1674282550811768,0.09988552,930
215,1167360,89.36,5404,95,69.75863308,-8.75437678496043,0.5693277994791667,0.5131930112838745,3.6395987920463084,0.2,0.9792153835296631,0.0003,-0.02539101660659071,1.5916826725006104,0.0881533,940
218,1179648,91.91,5405,96,70.34161015,-8.695949600140255,0.5699462890625,0.5116788148880005,3.79968036065499,0.2,0.9810711145401001,0.0003,-0.029831292529706843,1.7353520393371582,0.085294746,950
220,1191936,95.37,5404,97,74.596104,-8.663861050208409,0.5713134765625,0.5103521943092346,3.5578381597995756,0.2,0.9832779169082642,0.0003,-0.02644553988066036,1.8631492853164673,0.09130198,960
222,1204224,96.63,5402,98,77.8851065,-8.601341952880224,0.5750406901041667,0.507049560546875,3.872579572101434,0.2,0.9806416630744934,0.0003,-0.028524649933873054,1.1832668781280518,0.083044514,970
225,1216512,95.0,5396,99,75.25574424999999,-8.546047508716583,0.5706461588541667,0.5056471228599548,4.1361826027433075,0.2,0.9820762872695923,0.0003,-0.02489999382814858,1.2027897834777832,0.08731153,980
227,1228800,92.37,5394,100,73.93849671000001,-8.498542875051498,0.5916666666666667,0.5040746927261353,3.622784872353077,0.2,0.9833238124847412,0.0003,-0.025863459764271585,1.7253037691116333,0.103224814,990
230,1241088,96.2,5390,101,81.58809579000001,-8.425910238424937,0.6304117838541666,0.50078946352005,2.982954676946004,0.2,0.9845815896987915,0.0003,-0.020497831140528434,0.8967614769935608,0.12550598,1000
232,1253376,93.0,5382,102,76.90954425000001,-8.365047387282054,0.5879638671875,0.49770036339759827,3.3777560931940873,0.2,0.9857528805732727,0.0003,-0.024759994057239963,1.7208452224731445,0.0959541,1010
235,1265664,91.44,5367,103,72.08250271,-8.291835109392801,0.5646647135416667,0.49506092071533203,3.679325094570716,0.2,0.9851787090301514,0.0003,-0.02938266194347913,1.913057565689087,0.08660693,1020
238,1277952,102.23,5366,104,84.31570775,-8.226239440838496,0.5788655598958333,0.49204662442207336,3.757275000711282,0.2,0.9846833348274231,0.0003,-0.026605425040664463,1.5361944437026978,0.08641234,1030
240,1290240,95.12,5362,105,74.1590428,-8.160141696532568,0.5668050130208333,0.4893558919429779,4.365259031454722,0.2,0.9829279780387878,0.0003,-0.02983428147805777,1.8517566919326782,0.089342944,1040
242,1302528,100.72,5362,106,83.29009742,-8.10087330341339,0.5969889322916667,0.4873844087123871,3.7244449456532798,0.2,0.9833241701126099,0.0003,-0.025069708641967735,1.7247669696807861,0.09860607,1050
245,1314816,104.01,5357,107,87.32080435,-8.06490397254626,0.5779052734375,0.4857657253742218,3.956455305963755,0.2,0.9841854572296143,0.0003,-0.02969982598394078,1.6616880893707275,0.09986243,1060
247,1327104,106.94,5351,108,88.98246316000001,-8.027489624420802,0.5783365885416667,0.4840930998325348,4.431681556254626,0.2,0.9794086217880249,0.0003,-0.027890284567062433,1.3274540901184082,0.100063585,1070
250,1339392,106.38,5348,109,87.01152293000001,-7.984949292739232,0.5630045572916667,0.4826882779598236,4.743303040166696,0.2,0.9821557998657227,0.0003,-0.030069297549198383,2.098820447921753,0.08839945,1080
253,1351680,100.54,5340,110,83.36363672000002,-7.93845821917057,0.573974609375,0.48072513937950134,4.404885123670101,0.2,0.9840437769889832,0.0003,-0.03141500222797428,2.070059061050415,0.09076782,1090
255,1363968,106.14,5338,111,88.93987717999998,-7.893542439738909,0.5896647135416667,0.4792267382144928,4.556184383233388,0.2,0.9823172092437744,0.0003,-0.02478638817362177,1.1557321548461914,0.10880055,1100
257,1376256,97.95,5335,112,81.98006713999999,-7.8295290519793825,0.6034423828125,0.47653838992118835,4.269881144165993,0.2,0.9808886647224426,0.0003,-0.026539937242826758,1.8423620462417603,0.10925957,1110
260,1388544,102.72,5334,113,85.43066565999999,-7.76749125123024,0.6046549479166666,0.4739093482494354,4.9041562596956885,0.2,0.9828298687934875,0.0003,-0.02273377472301945,2.676771402359009,0.10439267,1120
262,1400832,113.77,5336,114,97.16553064000001,-7.699472698569298,0.6197835286458333,0.470928430557251,3.748195352653662,0.2,0.9822115898132324,0.0003,-0.027348923825775272,1.153076410293579,0.11442941,1130
264,1413120,114.94,5337,115,98.72236036,-7.642794306079547,0.55263671875,0.4690065383911133,7.831728942195574,0.2,0.9757916927337646,0.0003,-0.02553145743343824,3.413255214691162,0.08518684,1140
267,1425408,114.64,5338,116,97.38421605000002,-7.591964104771614,0.6083740234375,0.4666467607021332,3.983477792640527,0.2,0.9850701093673706,0.0003,-0.02611780454365847,1.5233261585235596,0.11194428,1150
269,1437696,112.61,5338,117,93.51139138999999,-7.521698209643364,0.5958577473958333,0.4639516770839691,4.1783268297712,0.2,0.986412525177002,0.0003,-0.027823368067038244,1.7781827449798584,0.11259929,1160
271,1449984,116.01,5340,118,96.41490208000003,-7.468686032295227,0.5979899088541667,0.4620388448238373,4.172980537017186,0.2,0.9852879643440247,0.0003,-0.02431447224128836,1.8934800624847412,0.103527516,1170
273,1462272,116.57,5341,119,98.57356062,-7.423340196410815,0.5540690104166667,0.4603121280670166,6.914473049839338,0.2,0.9820682406425476,0.0003,-0.028171605200623163,5.149181365966797,0.08401048,1180
276,1474560,121.45,5342,120,100.90268535000003,-7.3764346222082775,0.5694173177083334,0.4582095444202423,5.923652068773905,0.2,0.9821000099182129,0.0003,-0.029141197073234554,1.4869455099105835,0.0967566,1190
278,1486848,130.33,5342,121,109.76888629000001,-7.3204547276099525,0.5758056640625,0.45570650696754456,7.822544497748216,0.2,0.9795234203338623,0.0003,-0.023218400705081875,3.1329710483551025,0.07996448,1200
281,1499136,127.08,5334,122,103.90832658000001,-7.271297910809517,0.5951822916666667,0.45459380745887756,6.176813208560149,0.2,0.9825676679611206,0.0003,-0.023050548816778853,3.8734138011932373,0.103644215,1210
283,1511424,151.04,5335,123,124.15684934000002,-7.208955906828245,0.621240234375,0.4520702660083771,4.517023731271426,0.2,0.9850990176200867,0.0003,-0.023150115013413596,1.6159782409667969,0.12360627,1220
285,1523712,147.36,5332,124,120.23248555,-7.166052476565043,0.5592122395833333,0.4507552683353424,8.43127551774184,0.2,0.9769424796104431,0.0003,-0.023680176250248527,3.216118335723877,0.08634172,1230
287,1536000,150.35,5333,125,127.37759501000001,-7.129094283779462,0.5421061197916667,0.4490748643875122,8.884919028480848,0.2,0.9780563712120056,0.0003,-0.027560836957612387,3.501206159591675,0.08457758,1240
290,1548288,152.25,5333,126,124.07846971,-7.09506810605526,0.5232340494791666,0.4477255344390869,12.84798670609792,0.2,0.9739508032798767,0.0003,-0.026119800728338305,5.833559513092041,0.07238488,1250
292,1560576,171.28,5334,127,140.67075230999998,-7.061498493949572,0.5333902994791667,0.44648393988609314,14.160590276122093,0.2,0.9716833233833313,0.0003,-0.027637831094034483,7.9763617515563965,0.0716414,1260
294,1572864,165.42,5335,128,135.27359593999998,-7.016389264663061,0.5317789713541666,0.44432124495506287,18.52302618722121,0.2,0.965628981590271,0.0003,-0.024624204234957384,9.854482650756836,0.07381528,1270
297,1585152,184.73,5336,129,148.73318841,-6.9952157209316885,0.6056315104166666,0.44370731711387634,10.35814255475998,0.2,0.9775391817092896,0.0003,-0.022320778676657937,4.678023338317871,0.100069314,1280
299,1597440,200.55,5336,130,151.77057327,-6.980089031656584,0.539208984375,0.44279637932777405,18.739455415805182,0.2,0.9632669687271118,0.0003,-0.028068339850384896,5.545313835144043,0.06520127,1290
301,1609728,198.54,5337,131,145.25313097000003,-6.9656327843666075,0.5900797526041667,0.44201311469078064,16.790088491638503,0.2,0.9623718857765198,0.0003,-0.020707297858704503,5.956628799438477,0.095736824,1300
303,1622016,215.09,5338,132,159.03367405,-6.916029718518257,0.6294026692708333,0.4402996003627777,14.059232724706332,0.2,0.9635389447212219,0.0003,-0.01621501005574828,4.706440448760986,0.112788476,1310
306,1634304,230.5,5339,133,173.28387113000005,-6.86053508023421,0.6047119140625,0.4376920163631439,17.203395492831866,0.2,0.9645518660545349,0.0003,-0.019891076819233907,4.480034828186035,0.09279772,1320
308,1646592,199.84,5340,134,150.77110725,-6.828350711862246,0.5823404947916667,0.43690791726112366,21.87356795867284,0.2,0.9600279331207275,0.0003,-0.022407977052110558,7.183831214904785,0.085891984,1330
310,1658880,218.39,5339,135,166.07521321999997,-6.814830774068833,0.6285400390625,0.43666282296180725,15.309207263588906,0.2,0.9680131673812866,0.0003,-0.015400837791579155,4.574814796447754,0.112571895,1340
312,1671168,245.46,5339,136,187.10537448,-6.791529271999995,0.60849609375,0.4360698163509369,19.668878010908763,0.2,0.9586054682731628,0.0003,-0.018377425370757313,12.974248886108398,0.08790835,1350
315,1683456,230.23,5340,137,177.71876349,-6.785032481948535,0.6811360677083333,0.4350145757198334,9.97648977736632,0.2,0.9748904705047607,0.0003,-0.010146181806339883,2.9870011806488037,0.14195406,1360
317,1695744,210.35,5340,138,165.40355985999997,-6.745875551303228,0.5889485677083334,0.4336214065551758,19.352335034807524,0.2,0.9645862579345703,0.0003,-0.018694976140007688,7.217928409576416,0.08379975,1370
319,1708032,222.64,5341,139,175.99357612,-6.706574069460233,0.5591715494791667,0.43250468373298645,20.304447625080744,0.2,0.9675263166427612,0.0003,-0.022983013149738933,11.136242866516113,0.091400445,1380
322,1720320,249.01,5342,140,196.85067973000002,-6.675828606883685,0.5718912760416667,0.43140169978141785,23.894250851869582,0.2,0.9599663615226746,0.0003,-0.020991469575286224,9.717681884765625,0.0855538,1390
324,1732608,263.65,5342,141,209.64128839,-6.650863093137741,0.643994140625,0.4308367967605591,11.31606591939926,0.2,0.9771808981895447,0.0003,-0.01644389914969603,3.1328248977661133,0.116690345,1400
326,1744896,271.33,5341,142,220.12031777,-6.64111710290114,0.561376953125,0.43027448654174805,22.41459486881892,0.2,0.967197060585022,0.0003,-0.026901820818117508,8.77688980102539,0.082390875,1410
329,1757184,282.32,5335,143,230.58016023,-6.629586510856947,0.6100504557291667,0.4296588897705078,22.53497319817543,0.2,0.9639722108840942,0.0003,-0.01716321496787714,9.448236465454102,0.09441316,1420
332,1769472,296.14,5329,144,225.28262453,-6.619616976380348,0.5910888671875,0.42924460768699646,28.993227996428807,0.2,0.9575656056404114,0.0003,-0.02182614957661523,10.516036987304688,0.08948486,1430
334,1781760,289.04,5328,145,207.79525535000002,-6.594085970520974,0.6524088541666667,0.42859458923339844,20.57931657930215,0.2,0.9623660445213318,0.0003,-0.01162702701840317,7.361520767211914,0.113626145,1440
336,1794048,320.0,5328,146,233.47612786000002,-6.559667592247327,0.6589274088541667,0.42749401926994324,18.480346980690957,0.2,0.9677994251251221,0.0003,-0.0077484143936696155,12.786005973815918,0.1293809,1450
339,1806336,330.49,5323,147,245.22807833000002,-6.541516663630803,0.6016357421875,0.4264780580997467,26.486748615900677,0.2,0.9568008780479431,0.0003,-0.016484701042160547,14.810769081115723,0.08518913,1460
341,1818624,336.01,5321,148,241.05384973,-6.527200320363045,0.6236328125,0.42603492736816406,27.80333337187767,0.2,0.9523361325263977,0.0003,-0.013479166303295643,15.03915786743164,0.10571144,1470
344,1830912,331.94,5320,149,247.10025544999996,-6.485482970873515,0.6634195963541667,0.4250529706478119,17.421857158343,0.2,0.9666701555252075,0.0003,-0.011331622726477994,9.83395004272461,0.11709037,1480
346,1843200,311.37,5321,150,251.07375889,-6.4564722150564196,0.6353515625,0.42334985733032227,14.463824954628944,0.2,0.971747875213623,0.0003,-0.017968570446343316,5.014968395233154,0.12007153,1490
348,1855488,307.05,5323,151,255.59427499999998,-6.433175686995188,0.5774495442708333,0.42302560806274414,29.296051931381225,0.2,0.9606008529663086,0.0003,-0.021630923032838232,10.293108940124512,0.08364455,1500
350,1867776,282.33,5324,152,224.06219318,-6.441867821415266,0.6072102864583333,0.42320847511291504,25.34522348244985,0.2,0.9651023149490356,0.0003,-0.016001648105157074,15.314263343811035,0.0994885,1510
353,1880064,271.82,5324,153,207.60950208999995,-6.439696446061134,0.6119710286458333,0.42266330122947693,22.535275050997733,0.2,0.9590795040130615,0.0003,-0.015813734117546118,5.457369804382324,0.10157162,1520
355,1892352,290.34,5325,154,225.55052016000002,-6.4182028869787855,0.6368245442708333,0.42192187905311584,25.18976837893327,0.2,0.9610959887504578,0.0003,-0.010217313678003848,5.245287895202637,0.09002372,1530
357,1904640,278.07,5326,155,220.31192509000002,-6.40608177681764,0.5840657552083334,0.421046644449234,29.044892148176828,0.2,0.954386293888092,0.0003,-0.02014035216998309,15.120222091674805,0.090076834,1540
359,1916928,309.23,5327,156,234.25832927000002,-6.368610094984373,0.6089192708333333,0.4196668565273285,27.10380206902822,0.2,0.9577911496162415,0.0003,-0.018561058263488424,13.247113227844238,0.09384068,1550
362,1929216,328.42,5328,157,241.46982485,-6.373557967940966,0.6403483072916667,0.42043519020080566,25.565346785386403,0.2,0.9582296013832092,0.0003,-0.011141437079641037,19.838647842407227,0.103323914,1560
364,1941504,353.07,5328,158,248.1927516,-6.363493210077285,0.6079671223958333,0.41961637139320374,25.07574317455292,0.2,0.961087167263031,0.0003,-0.019057189690647645,6.8502655029296875,0.10906237,1570
366,1953792,364.93,5327,159,263.47217770000003,-6.357488731543223,0.6326253255208333,0.4194880425930023,24.670645409822463,0.2,0.9527762532234192,0.0003,-0.015457563996703054,6.498202323913574,0.11685642,1580
369,1966080,360.76,5324,160,271.09835957,-6.347931332389513,0.6386393229166667,0.41887152194976807,26.026360972722372,0.2,0.9542616009712219,0.0003,-0.011024253179008762,9.055651664733887,0.12578492,1590
371,1978368,360.82,5320,161,267.04710406999993,-6.342981852094332,0.6015950520833333,0.41835808753967285,40.02871542374293,0.2,0.9314991235733032,0.0003,-0.013917066085074719,15.112369537353516,0.0783832,1600
374,1990656,349.6,5321,162,259.66643794,-6.333717107772827,0.6775065104166667,0.4179111421108246,17.694524218638737,0.2,0.9620688557624817,0.0003,-0.0079151172239411,13.790940284729004,0.1246205,1610
376,2002944,358.43,5322,163,255.49903332999997,-6.387455305457115,0.7111002604166666,0.4207814633846283,30.989606573184332,0.2,0.9474806189537048,0.0003,0.020665685660787858,16.43633460998535,0.106578745,1620
378,2015232,372.58,5322,164,269.37656971,-6.375942548116048,0.6712890625,0.41898462176322937,19.954078368345897,0.2,0.9547941088676453,0.0003,-0.005461249685807464,15.24612808227539,0.12404033,1630
380,2027520,367.56,5323,165,255.44815079,-6.392667729655901,0.7084309895833333,0.4201905429363251,26.46951461136341,0.2,0.9501177668571472,0.0003,0.01938556616078131,10.28571605682373,0.10932169,1640
383,2039808,378.35,5324,166,277.28992655999997,-6.399121362964312,0.6143636067708333,0.4197119176387787,25.505703355868658,0.2,0.9553319811820984,0.0003,-0.01463985823696324,8.854662895202637,0.08628235,1650
385,2052096,381.53,5325,167,280.05412448,-6.3873652140299475,0.5949300130208334,0.4194643795490265,35.99606563448906,0.2,0.944006085395813,0.0003,-0.016635053050898328,9.477323532104492,0.096276104,1660
387,2064384,416.31,5326,168,309.51165046,-6.3759457737207414,0.6224202473958333,0.41916370391845703,25.137631756067275,0.2,0.9517070651054382,0.0003,-0.011896557160071097,8.136378288269043,0.09049812,1670
389,2076672,424.01,5327,169,303.09480462000005,-6.364525852600734,0.6886311848958333,0.4183107912540436,14.10048864086469,0.2,0.9669509530067444,0.0003,-0.006350441451165049,3.44370174407959,0.13697867,1680
392,2088960,392.8,5328,170,279.63655598,-6.350593907634417,0.67646484375,0.41834238171577454,22.902049680550892,0.2,0.9571830630302429,0.0003,0.003978274084511213,12.205275535583496,0.115763254,1690
394,2101248,344.08,5330,171,249.97568762,-6.3484083394209545,0.6087320963541667,0.4182504117488861,23.305321634809175,0.2,0.9649747610092163,0.0003,-0.01683230903824248,6.653522491455078,0.09173438,1700
396,2113536,331.38,5331,172,244.46013803999998,-6.332965816060702,0.6106770833333334,0.417359322309494,23.700164326032002,0.2,0.960490882396698,0.0003,-0.01524593890014027,11.520362854003906,0.09823525,1710
398,2125824,308.4,5329,173,214.41225995999997,-6.342492584387461,0.6282145182291666,0.41823163628578186,29.18278680642446,0.2,0.9438183903694153,0.0003,-0.00748950993923548,15.066746711730957,0.09301288,1720
401,2138112,339.38,5329,174,240.93414829999998,-6.34896706144015,0.6385579427083333,0.4184952974319458,28.341437733173372,0.2,0.9455797672271729,0.0003,-0.010172328829988449,8.81906509399414,0.09358382,1730
403,2150400,336.22,5329,175,254.6516379,-6.339974404374758,0.6680094401041666,0.41749873757362366,15.60541137456894,0.2,0.9652087688446045,0.0003,-0.012894815127462303,10.640789031982422,0.14204328,1740
405,2162688,346.72,5329,176,270.34413037999997,-6.313611823320389,0.5968424479166666,0.41699936985969543,23.790146668752033,0.2,0.9600040316581726,0.0003,-0.02153258465405088,8.759839057922363,0.101874836,1750
408,2174976,341.42,5330,177,274.99116287,-6.290026463071505,0.6445068359375,0.4163055419921875,15.126461038986841,0.2,0.9694423675537109,0.0003,-0.014080583543788331,3.405893087387085,0.12479782,1760
410,2187264,366.57,5330,178,281.93325528,-6.308614738782247,0.6390218098958333,0.4171341359615326,16.692549939950307,0.2,0.9628429412841797,0.0003,-0.013358139578485861,6.677891731262207,0.111879766,1770
412,2199552,388.52,5331,179,292.77837251,-6.316285552581151,0.6503580729166667,0.41772639751434326,20.238500372568765,0.2,0.9590408802032471,0.0003,-0.006337064958643168,5.283350944519043,0.088361405,1780
414,2211840,377.63,5332,180,265.22515060999996,-6.308338992794355,0.6316731770833334,0.4164911210536957,19.786235491434734,0.2,0.9570368528366089,0.0003,-0.013396854587093306,4.439308166503906,0.12950404,1790
417,2224128,385.12,5333,181,275.367116,-6.2655432303746545,0.6666422526041667,0.4151719808578491,14.529157771666844,0.2,0.9702295064926147,0.0003,-0.006467322648192445,8.917526245117188,0.16641812,1800
419,2236416,376.67,5332,182,266.16322715,-6.224763175845146,0.6462483723958333,0.41411495208740234,23.919298282265665,0.2,0.9509724378585815,0.0003,-0.007215140255478521,13.074392318725586,0.102450974,1810
421,2248704,388.85,5333,183,273.20906921,-6.216574715574582,0.6899820963541666,0.4137507379055023,18.532661192615826,0.2,0.9597783088684082,0.0003,-7.823755295248702e-05,10.15517807006836,0.13120666,1820
423,2260992,393.05,5334,184,268.0385973599999,-6.217350337902705,0.6703206380208333,0.41398850083351135,18.38710873623689,0.2,0.9591544270515442,0.0003,-0.005240882787620649,6.18565559387207,0.119025975,1830
426,2273280,428.03,5334,185,302.39072067000006,-6.232291414340337,0.6082438151041667,0.41500210762023926,27.83403993844986,0.2,0.9476017951965332,0.0003,-0.013517754778149538,14.716763496398926,0.08867989,1840
428,2285568,416.24,5335,186,304.98586337000006,-6.220851939916611,0.6005940755208333,0.413545697927475,29.256186864773433,0.2,0.949216365814209,0.0003,-0.020970078984585902,9.785411834716797,0.093592726,1850
430,2297856,405.45,5336,187,296.96772769,-6.201937714219094,0.6041585286458333,0.41360679268836975,35.463417780399325,0.2,0.9459670782089233,0.0003,-0.016390582205106814,12.781888961791992,0.0824899,1860
432,2310144,422.98,5337,188,312.81940743,-6.178367613752683,0.6391927083333333,0.4121401607990265,21.501054568092027,0.2,0.960273027420044,0.0003,-0.013114178881126766,13.575047492980957,0.1389343,1870
435,2322432,405.06,5334,189,281.92354309,-6.219037694732348,0.9165771484375,0.4171065390110016,14.418674105405808,0.2,0.9670906066894531,0.0003,0.15442425281895947,5.571306228637695,0.79804486,1880
437,2334720,402.82,5334,190,267.83396458,-6.320095247030258,0.5485432942708334,0.4164796769618988,26.022580249110856,0.2,0.9373553395271301,0.0003,-0.02503155193893084,11.869003295898438,0.07200917,1890
439,2347008,373.67,5335,191,253.71573301000004,-6.302786297599474,0.6431315104166667,0.4159679114818573,23.461418552199998,0.2,0.9487179517745972,0.0003,-0.012660652604730179,5.926580905914307,0.10915026,1900
442,2359296,378.15,5336,192,255.976924,-6.28818444510301,0.65390625,0.41552793979644775,18.819982675711312,0.2,0.9559803009033203,0.0003,-0.010082862342824229,4.644105911254883,0.12547456,1910
444,2371584,373.79,5337,193,254.20674925,-6.27223423620065,0.627294921875,0.4147137701511383,24.219826630751292,0.2,0.9446417093276978,0.0003,-0.01807301391963847,11.351325035095215,0.09562418,1920
446,2383872,332.7,5338,194,231.69094168,-6.258547396461169,0.6385660807291667,0.41422057151794434,15.876689531405766,0.2,0.9661424160003662,0.0003,-0.01699064791609999,10.768234252929688,0.12619646,1930
448,2396160,305.59,5339,195,219.49512972000005,-6.232913181185722,0.6147135416666667,0.4135138988494873,23.771169658501943,0.2,0.9620928168296814,0.0003,-0.020552009557529043,7.1641693115234375,0.09043759,1940
451,2408448,319.79,5339,196,240.43164148999998,-6.222355006138484,0.6105387369791667,0.41276001930236816,25.751752441128094,0.2,0.9522024989128113,0.0003,-0.019616587151055378,6.649059295654297,0.09650085,1950
453,2420736,348.15,5340,197,255.45376573000001,-6.214999729394913,0.6661214192708333,0.41372910141944885,16.38351848224799,0.2,0.9667739272117615,0.0003,-0.012373944042095294,5.756579875946045,0.13733776,1960
455,2433024,353.62,5341,198,251.04339368000004,-6.215788227319718,0.6646158854166667,0.41238752007484436,20.398472663760185,0.2,0.9630403518676758,0.0003,-0.010054282875110706,12.103532791137695,0.11944553,1970
457,2445312,364.88,5341,199,251.46772915000005,-6.181258290012678,0.5972249348958333,0.4114755392074585,28.71003456513087,0.2,0.9355761408805847,0.0003,-0.019239113343064673,9.902653694152832,0.09105576,1980
460,2457600,357.45,5342,200,259.19867804000006,-6.182221792141596,0.651025390625,0.4123247563838959,20.289149009188016,0.2,0.9549736380577087,0.0003,-0.010697516932850704,8.72704792022705,0.11525357,1990
462,2469888,375.35,5343,201,262.94568426,-6.196629511316617,0.589794921875,0.4128555357456207,23.952042575677236,0.2,0.9523452520370483,0.0003,-0.025447483099803016,7.574942111968994,0.08905842,2000
464,2482176,384.84,5342,202,263.83089084000005,-6.1693421324094135,0.7177327473958334,0.41166719794273376,21.6842432230711,0.2,0.9446035027503967,0.0003,0.01378352310275659,5.597534656524658,0.115573905,2010
466,2494464,378.11,5342,203,253.68494694,-6.1655535717805225,0.6747395833333333,0.41219329833984375,21.509625842173893,0.2,0.9568333029747009,0.0003,-0.0059011951389644915,4.325217247009277,0.118177116,2020
469,2506752,372.31,5342,204,261.90765435,-6.15472745001316,0.6141764322916666,0.41103267669677734,22.051460152864458,0.2,0.9632534980773926,0.0003,-0.020547279407037423,14.212335586547852,0.09299835,2030
471,2519040,377.7,5342,205,268.5627343400001,-6.131591433286667,0.6072184244791666,0.41060909628868103,23.96987367272377,0.2,0.960751473903656,0.0003,-0.018232823638633513,10.177030563354492,0.09183637,2040
473,2531328,372.42,5342,206,249.50926204999996,-6.136993389328321,0.7545003255208333,0.4107097387313843,17.2335464656353,0.2,0.9594394564628601,0.0003,0.03033127929472054,5.009790420532227,0.14892216,2050
476,2543616,388.1,5339,207,284.45118722999996,-6.110664624969164,0.6503987630208333,0.4097563326358795,18.2752342492342,0.2,0.9636681079864502,0.0003,-0.015452987514436245,5.229081630706787,0.12496096,2060
479,2555904,369.39,5327,208,276.8607605,-6.081769947210947,0.5399739583333333,0.40869569778442383,38.23004219333331,0.2,0.9538097977638245,0.0003,-0.02970999056803218,23.447050094604492,0.06975771,2070
482,2568192,373.89,5326,209,294.99433182999996,-6.050702667236328,0.6754557291666666,0.40731993317604065,19.545661000410714,0.2,0.9659068584442139,0.0003,-0.007634499448856028,5.403770446777344,0.12200925,2080
484,2580480,345.31,5321,210,252.10852426000002,-5.9965511739254,0.6559000651041667,0.4062281847000122,23.04609067440033,0.2,0.9576120376586914,0.0003,-0.012857718967522185,18.80988311767578,0.105858706,2090
487,2592768,350.7,5320,211,249.64927988,-5.987849605083466,0.6612548828125,0.40567710995674133,24.410986359914144,0.2,0.958916962146759,0.0003,-0.008345792941205825,4.416632652282715,0.10493068,2100
489,2605056,348.69,5320,212,254.13159886000005,-5.964913102984428,0.6300455729166666,0.4049772322177887,25.12681914170583,0.2,0.9527679681777954,0.0003,-0.01608843529926768,10.211220741271973,0.09836648,2110
1059,2617344,368.27,2471,213,270.46946233999995,-5.922718523939451,0.6410888671875,0.4032939374446869,21.91081242362658,0.2,0.9585033655166626,0.0003,-0.02149384567552867,5.036452293395996,0.12194577,2120
1062,2629632,359.84,2474,214,272.40076817,-5.894763468702634,0.6558837890625,0.40261030197143555,30.286072285970054,0.2,0.9417460560798645,0.0003,-0.009748787200078369,6.229525566101074,0.11107576,2130
1065,2641920,352.58,2478,215,247.99041268000002,-5.8884640793005625,0.647705078125,0.4025067090988159,19.3743215829134,0.2,0.9552926421165466,0.0003,-0.016731074891868047,8.782658576965332,0.10477545,2140
1069,2654208,368.04,2481,216,260.68476125,-5.908900166551272,0.71123046875,0.4038262665271759,19.338085197408994,0.2,0.9531175494194031,0.0003,0.00361882979341317,3.871173620223999,0.16728741,2150
1072,2666496,359.71,2485,217,253.83980038,-5.915042833487193,0.6260335286458333,0.40339934825897217,25.47352760632833,0.2,0.9565349817276001,0.0003,-0.01977624366894209,33.68217468261719,0.10113233,2160
1075,2678784,372.65,2490,218,276.34303862,-5.918002742528915,0.649560546875,0.40359485149383545,21.378256940841673,0.2,0.9575037360191345,0.0003,-0.015952362671184044,8.725560188293457,0.11453065,2170
1078,2691072,355.77,2496,219,265.02015855,-5.90664214293162,0.6153564453125,0.4031038284301758,25.488456906874976,0.2,0.9519868493080139,0.0003,-0.020922406774479894,14.883160591125488,0.09643046,2180
1080,2703360,349.95,2502,220,255.26833510000003,-5.881535968184471,0.6014078776041667,0.40171781182289124,36.90882339080175,0.2,0.9400345087051392,0.0003,-0.022842187963154476,21.087566375732422,0.09665811,2190
1082,2715648,347.64,2508,221,243.72785698000004,-5.877076014876366,0.6674641927083333,0.40161749720573425,21.04121376375357,0.2,0.9551663994789124,0.0003,-0.013165715053037274,9.635390281677246,0.1251442,2200
1085,2727936,300.27,2514,222,210.83082910999997,-5.893221309781074,0.7419514973958333,0.4024522304534912,8.501584918797016,0.2,0.9711082577705383,0.0003,-0.0009774328136700206,2.5062553882598877,0.21195304,2210
1087,2740224,256.38,2520,223,190.99307584,-5.874943071603775,0.6082438151041667,0.4013616740703583,15.115837935606638,0.2,0.9715425372123718,0.0003,-0.027325087526696733,7.324663162231445,0.102861226,2220
1089,2752512,252.4,2525,224,194.97241208999995,-5.823450606067976,0.5897542317708333,0.3992217481136322,20.863833061854045,0.2,0.962628185749054,0.0003,-0.029101320966340914,8.326858520507812,0.09317776,2230
1092,2764800,282.63,2531,225,218.47691457999997,-5.764358569184939,0.6249186197916666,0.3983544409275055,17.78250401218732,0.2,0.9634191393852234,0.0003,-0.028573307885380927,5.694016933441162,0.12037065,2240
1094,2777088,322.41,2537,226,251.6286881,-5.758532158533732,0.6229573567708333,0.39781174063682556,19.47979446152846,0.2,0.9634026288986206,0.0003,-0.025659201715704207,5.160398006439209,0.10921899,2250
1096,2789376,313.82,2543,227,236.70518586000003,-5.722083840767542,0.6368489583333333,0.3962624967098236,23.72435220281283,0.2,0.9616101980209351,0.0003,-0.021489622418691092,5.5272321701049805,0.11058173,2260
1099,2801664,327.18,2548,228,241.25062239000002,-5.706116432944934,0.6724609375,0.39598193764686584,21.523534048597018,0.2,0.9642822742462158,0.0003,-0.011675265869416761,4.9310808181762695,0.1323799,2270
1101,2813952,332.38,2554,229,231.80183302,-5.699897593259811,0.7067301432291667,0.39569997787475586,17.38533027569453,0.2,0.9570453763008118,0.0003,-0.004531878009826565,6.722524642944336,0.14765397,2280
1103,2826240,366.21,2560,230,250.52993296,-5.673673495650291,0.6132731119791667,0.39520692825317383,23.17629820505778,0.2,0.9566395878791809,0.0003,-0.02475399965963637,9.51169490814209,0.091324456,2290
1106,2838528,374.95,2566,231,253.35266984999998,-5.68306649227937,0.6491455078125,0.3956003487110138,25.39727977514267,0.2,0.9486770033836365,0.0003,-0.014388611226847085,18.963808059692383,0.11091601,2300
1108,2850816,389.74,2572,232,262.41273048000005,-5.674455199639002,0.6715413411458333,0.3950907289981842,19.714876423279446,0.2,0.9567058682441711,0.0003,-0.016073595523630503,10.4580659866333,0.13577001,2310
1110,2863104,413.02,2578,233,276.15198205999997,-5.651648582021395,0.6106770833333334,0.3937009274959564,34.04585635662079,0.2,0.9437147378921509,0.0003,-0.019545527580582225,15.63278865814209,0.085258365,2320
1112,2875392,428.45,2584,234,283.86270922999995,-5.629871980349223,0.6852213541666666,0.39340266585350037,20.67189676165581,0.2,0.9566993713378906,0.0003,-0.011277166338792692,7.46095609664917,0.1437134,2330
1114,2887680,419.25,2589,235,286.92988724,-5.638016211986542,0.6746419270833334,0.39346933364868164,21.264504390954972,0.2,0.9568147659301758,0.0003,-0.013819530849771885,9.348419189453125,0.12838109,2340
1117,2899968,437.89,2595,236,297.44692177999997,-5.609645672639211,0.6285074869791667,0.3927883803844452,29.16795350909233,0.2,0.9455143213272095,0.0003,-0.019505868372895443,10.851014137268066,0.10539213,2350
1119,2912256,387.24,2601,237,266.33714449,-5.594207368294398,0.6519449869791667,0.39201879501342773,22.41644525031249,0.2,0.9482017159461975,0.0003,-0.017449661513091998,11.72184944152832,0.119804285,2360
1121,2924544,384.38,2607,238,269.62463542,-5.575923125942548,0.6523193359375,0.39124467968940735,23.844125524163246,0.2,0.955406904220581,0.0003,-0.01750611090004289,6.987063407897949,0.11938276,2370
1123,2936832,379.24,2613,239,271.59419968,-5.552717794974645,0.6484293619791667,0.3907647430896759,26.401649725437164,0.2,0.9544287323951721,0.0003,-0.020447353866378155,12.383990287780762,0.10820609,2380
1126,2949120,401.38,2619,240,298.33358867000004,-5.571371449033419,0.705078125,0.39185020327568054,21.05929080545902,0.2,0.958742618560791,0.0003,-0.005309537198627368,3.988381862640381,0.15525316,2390
1128,2961408,394.25,2624,241,286.6393038,-5.559881194432577,0.5802571614583333,0.39091381430625916,37.037802582979204,0.2,0.9419268369674683,0.0003,-0.028237704695008383,18.927038192749023,0.08646508,2400
1130,2973696,373.33,2630,242,278.99349361000003,-5.537888307372729,0.68759765625,0.39011144638061523,19.521053993701933,0.2,0.9618622660636902,0.0003,-0.009502489967659736,8.060884475708008,0.13525607,2410
1132,2985984,348.92,2636,243,254.69730174,-5.529610186815262,0.6481282552083333,0.38970479369163513,28.82014516790708,0.2,0.9525354504585266,0.0003,-0.017445133199119785,7.0936479568481445,0.11313059,2420
1134,2998272,345.85,2641,244,260.23907278,-5.513818809390068,0.6614013671875,0.3892635405063629,19.01151523590088,0.2,0.9636462926864624,0.0003,-0.021311495570019663,4.307669639587402,0.14129655,2430
1137,3010560,380.24,2647,245,284.43829566999995,-5.4984631379445394,0.63291015625,0.3889336585998535,25.43220018943151,0.2,0.9567449688911438,0.0003,-0.018861317975097335,10.473675727844238,0.106782265,2440
1139,3022848,390.19,2652,246,268.08920034,-5.491234928369522,0.7059814453125,0.3887045383453369,17.948496329784394,0.2,0.9606912732124329,0.0003,-0.008630489169930419,5.916576862335205,0.16375005,2450
1141,3035136,389.87,2658,247,253.693151,-5.5431549916664755,0.7394856770833333,0.38985681533813477,12.795189920067788,0.2,0.9583537578582764,0.0003,0.00498147372272797,3.361802339553833,0.16307284,2460
1144,3047424,391.81,2663,248,272.9144756,-5.547868336240451,0.649658203125,0.3901224434375763,23.649039548635482,0.2,0.9601317644119263,0.0003,-0.019842957763466985,9.93087387084961,0.114720464,2470
1146,3059712,392.83,2669,249,286.93058397,-5.509782734513283,0.5788248697916667,0.38855382800102234,27.813888669013977,0.2,0.947514533996582,0.0003,-0.029952365665424925,14.72680950164795,0.08868394,2480
1148,3072000,405.91,2674,250,312.20464611999995,-5.470113718509674,0.5936686197916666,0.3873180150985718,34.073998326063155,0.2,0.9401504993438721,0.0003,-0.02899543268334431,15.376276969909668,0.093061894,2490
1150,3084288,424.56,2679,251,323.75115066,-5.464158138632774,0.6922281901041667,0.38727203011512756,18.67081061601639,0.2,0.9640805721282959,0.0003,-0.010882156670171146,7.259675025939941,0.14375572,2500
1153,3096576,446.9,2685,252,339.49800625000006,-5.452426807085673,0.62763671875,0.386679083108902,22.286949767669043,0.2,0.9506912231445312,0.0003,-0.02245820074652632,9.676548957824707,0.11696398,2510
1155,3108864,452.91,2690,253,338.38473984000007,-5.450310788551966,0.6779296875,0.3875044286251068,22.962696329752603,0.2,0.9586163759231567,0.0003,-0.00993904983139752,11.865134239196777,0.12818995,2520
1157,3121152,456.06,2695,254,324.28210957,-5.519470116496086,0.8319742838541667,0.391044020652771,21.047143332163493,0.2,0.9428229928016663,0.0003,0.06875659774135177,5.571847438812256,0.2454592,2530
1159,3133440,445.68,2701,255,307.9405125,-5.573072991768519,0.660546875,0.3908391296863556,20.50220180253188,0.2,0.9589104652404785,0.0003,-0.017192337494634558,8.361773490905762,0.12203348,2540
1162,3145728,451.26,2706,256,302.08087619,-5.567117922504743,0.6587320963541666,0.390646368265152,21.93405721684297,0.2,0.9610025882720947,0.0003,-0.015522505897873391,5.292623519897461,0.12831382,2550
1164,3158016,431.23,2711,257,305.60461899999996,-5.544147460659345,0.6422688802083333,0.38979241251945496,19.329554081956545,0.2,0.9602210521697998,0.0003,-0.020180248553515412,8.386283874511719,0.124193795,2560
1166,3170304,430.17,2716,258,315.47652069,-5.525281215707461,0.6548990885416667,0.38876816630363464,24.39484261671702,0.2,0.9565601348876953,0.0003,-0.018147291674783142,7.518950939178467,0.114212625,2570
1169,3182592,412.46,2722,259,299.22971547000003,-5.507802899678548,0.5975748697916666,0.38853907585144043,34.379966801404954,0.2,0.9379217624664307,0.0003,-0.026545140893237354,12.383965492248535,0.09249856,2580
1171,3194880,394.65,2727,260,283.76153957,-5.496210651596387,0.6263753255208333,0.3880140781402588,33.02052742640178,0.2,0.9417699575424194,0.0003,-0.021282875918162365,25.179492950439453,0.09826112,2590
1173,3207168,376.19,2732,261,256.56518213999993,-5.48067124982675,0.637841796875,0.38730886578559875,28.65967195034027,0.2,0.9535937309265137,0.0003,-0.021694198368156017,24.391939163208008,0.102298945,2600
1175,3219456,349.64,2737,262,241.48684221,-5.528573881586393,0.7690348307291667,0.38868144154548645,21.91031901637713,0.2,0.9487154483795166,0.0003,0.02797609558183467,6.802221775054932,0.16075377,2610
1178,3231744,376.67,2742,263,257.14591723,-5.492847449580828,0.6151692708333333,0.3878365755081177,29.565739677349725,0.2,0.9469636082649231,0.0003,-0.02632410508861843,20.61743927001953,0.11574871,2620
1180,3244032,364.02,2747,264,254.07368097999998,-5.485717314481735,0.647412109375,0.38769420981407166,27.942507340510687,0.2,0.9387012720108032,0.0003,-0.019910577169503084,12.556974411010742,0.11680766,2630
1182,3256320,369.52,2752,265,260.80380155000006,-5.488194768627484,0.6965738932291666,0.3874911367893219,26.667269947131476,0.2,0.9527063369750977,0.0003,-0.007583334466714101,21.594724655151367,0.14131205,2640
1185,3268608,363.46,2758,266,266.62131532,-5.495815510551135,0.6624593098958333,0.38786521553993225,29.542723258336384,0.2,0.9556843638420105,0.0003,-0.013562796972595,8.252761840820312,0.1273702,2650
1187,3280896,398.46,2763,267,304.27037498000004,-5.492842570940653,0.6401123046875,0.38774368166923523,28.48827337026596,0.2,0.9474398493766785,0.0003,-0.021363909374243425,11.433691024780273,0.1202006,2660
1189,3293184,409.0,2768,268,303.04283331,-5.557330918312073,0.8188232421875,0.38996386528015137,21.82898568511009,0.2,0.9448861479759216,0.0003,0.06558934373266917,6.360457420349121,0.20458613,2670
1191,3305472,410.05,2773,269,295.96410082,-5.544565277298291,0.6708984375,0.3885782063007355,21.228936327497163,0.2,0.9599186778068542,0.0003,-0.013892696840048301,7.015051364898682,0.114002764,2680
1194,3317760,399.82,2778,270,277.99205492,-5.520742497841517,0.6915283203125,0.3877953290939331,19.68922010163466,0.2,0.9592034220695496,0.0003,-0.010972468086401932,11.09559440612793,0.12913841,2690
1196,3330048,416.71,2783,271,298.81509542,-5.485261823733648,0.7100504557291667,0.38674893975257874,21.750756598512332,0.2,0.9389255046844482,0.0003,0.000979363590401287,11.09274959564209,0.13063778,2700
1198,3342336,420.23,2788,272,313.57207134,-5.4607406983772915,0.615576171875,0.3866177499294281,20.994849327206612,0.2,0.954707682132721,0.0003,-0.02927902538018922,15.703868865966797,0.1199576,2710
1201,3354624,423.34,2793,273,313.07586713999996,-5.476265127460162,0.6377115885416667,0.3866572380065918,26.101118352015813,0.2,0.9536033868789673,0.0003,-0.019145766975028285,14.109726905822754,0.11174568,2720
1203,3366912,433.11,2798,274,321.16666119,-5.479522074262301,0.6929524739583334,0.38709840178489685,21.897459095716478,0.2,0.9521831274032593,0.0003,-0.01198812571722859,7.701282024383545,0.13632306,2730
1205,3379200,417.77,2803,275,297.13702913000003,-5.475279939174652,0.67646484375,0.3863570988178253,24.351728908220927,0.2,0.9481346607208252,0.0003,-0.012493113581149374,11.18521499633789,0.13144605,2740
1207,3391488,402.13,2808,276,284.67892723,-5.430387664834658,0.6356852213541667,0.3845931589603424,23.11336479783058,0.2,0.9523468613624573,0.0003,-0.025252699080253176,7.696915626525879,0.12166073,2750
1210,3403776,379.06,2811,277,289.87813795,-5.405442088842392,0.6121744791666667,0.3842698633670807,41.16817066669464,0.2,0.9348487854003906,0.0003,-0.026747894043122264,18.356958389282227,0.099142335,2760
1212,3416064,383.34,2816,278,292.96388926000003,-5.387561121582985,0.6436279296875,0.3836428225040436,29.78494239052137,0.2,0.9414002895355225,0.0003,-0.02152471036485319,14.044194221496582,0.12116408,2770
1215,3428352,378.43,2821,279,283.24296401,-5.392241895198822,0.6888997395833333,0.38390350341796875,28.4335262854894,0.2,0.9414216876029968,0.0003,-0.013325407917727716,11.73067855834961,0.13488671,2780
1217,3440640,390.73,2826,280,273.60106369,-5.396087742845217,0.6629313151041667,0.3835209906101227,25.10216945608457,0.2,0.9428210854530334,0.0003,-0.019403178865225832,20.447227478027344,0.13657176,2790
1219,3452928,410.06,2830,281,292.73429876,-5.407158042987188,0.74169921875,0.38425934314727783,19.407759685317675,0.2,0.9455273151397705,0.0003,0.007949609383164595,8.373396873474121,0.18876489,2800
1222,3465216,420.68,2835,282,284.7108847,-5.40432612101237,0.6900716145833333,0.3845166265964508,24.615072029829026,0.2,0.9310431480407715,0.0003,-0.008293498041651522,6.951205253601074,0.12253306,2810
1224,3477504,384.5,2840,283,255.71010023,-5.4102383077144625,0.6729410807291667,0.3841221332550049,20.13537215391795,0.2,0.9515103101730347,0.0003,-0.021236923578059456,8.112686157226562,0.13842957,2820
1226,3489792,379.02,2845,284,245.28526226000002,-5.417177054286003,0.6784098307291667,0.38474521040916443,21.66161379913489,0.2,0.9425786137580872,0.0003,-0.013517245456265906,12.501326560974121,0.120413445,2830
1228,3502080,378.32,2849,285,257.9362089,-5.404300490021706,0.6875813802083334,0.38405486941337585,17.103238666057585,0.2,0.9482621550559998,0.0003,-0.017871949619438963,6.720754623413086,0.14364003,2840
1231,3514368,381.42,2853,286,271.37625592,-5.368262016773224,0.6517252604166667,0.38300421833992004,20.635754718383154,0.2,0.949341356754303,0.0003,-0.023872072638672154,9.414663314819336,0.13664758,2850
1233,3526656,415.79,2858,287,304.95787483,-5.343727457523346,0.6593424479166666,0.3820759356021881,24.599431270360945,0.2,0.9425290822982788,0.0003,-0.015912773978197948,12.094006538391113,0.1254452,2860
1236,3538944,407.89,2862,288,301.25810289,-5.304913028081258,0.6332112630208333,0.3807801902294159,29.901319724321365,0.2,0.938282310962677,0.0003,-0.023112534231040628,5.50701904296875,0.11182511,2870
1238,3551232,406.47,2866,289,294.87863289000006,-5.324777020017306,0.6792236328125,0.3820550739765167,19.02545473277569,0.2,0.9548317193984985,0.0003,-0.0169634996195479,14.808833122253418,0.15811093,2880
1241,3563520,424.09,2869,290,321.71691804,-5.320616582036019,0.63232421875,0.3817058801651001,26.202290215094884,0.2,0.9575888514518738,0.0003,-0.026106902144965714,13.57021713256836,0.117908485,2890
1244,3575808,440.42,2872,291,321.41997111,-5.323585473497709,0.6817464192708333,0.38128212094306946,23.739094254374503,0.2,0.9505560994148254,0.0003,-0.010458907892461866,10.738496780395508,0.15341254,2900
1247,3588096,451.27,2877,292,339.87171887999995,-5.298042465249697,0.7407389322916667,0.38061389327049255,14.018882965048155,0.2,0.9620816111564636,0.0003,-0.0019453092303592713,5.884289741516113,0.21436465,2910
1249,3600384,464.87,2881,293,349.64574554,-5.285573815306027,0.6483723958333333,0.3803049623966217,21.784252820412316,0.2,0.9464828968048096,0.0003,-0.018512780268792994,7.355924129486084,0.11564877,2920
1251,3612672,437.2,2885,294,327.98853,-5.281653301914533,0.5979573567708333,0.3802311420440674,31.617680833737055,0.2,0.9498639702796936,0.0003,-0.028644195758776428,9.78628921508789,0.09006246,2930
1254,3624960,410.99,2890,295,309.9716258700001,-5.271554507811865,0.6896809895833333,0.37970399856567383,14.654884269833564,0.2,0.9709863066673279,0.0003,-0.015842882261495106,3.895521640777588,0.1402273,2940
1256,3637248,383.93,2894,296,288.3556027899999,-5.268931572635968,0.6453776041666667,0.37966299057006836,20.461991331974666,0.2,0.956756591796875,0.0003,-0.02087810305141223,3.9239583015441895,0.11933277,2950
1258,3649536,385.09,2899,297,290.02923857999997,-5.258739678064982,0.6110921223958333,0.3795284032821655,27.03387573758761,0.2,0.9478355050086975,0.0003,-0.026312817517706814,7.567137718200684,0.102365665,2960
1261,3661824,390.62,2903,298,284.19070254999997,-5.245005681117376,0.6908854166666667,0.3788735866546631,16.09580941994985,0.2,0.9638400077819824,0.0003,-0.01576138599557453,4.557736396789551,0.1453185,2970
1263,3674112,408.4,2907,299,312.7057795,-5.236903395255407,0.6620768229166667,0.37855640053749084,22.030207186937332,0.2,0.9600130319595337,0.0003,-0.022059083762966718,8.231860160827637,0.127587,2980
1265,3686400,379.37,2911,300,285.11132991,-5.224491493900617,0.6228434244791666,0.3780589997768402,31.515497950712838,0.2,0.9501240253448486,0.0003,-0.024107061074270558,8.444694519042969,0.100840844,2990
1268,3698688,397.76,2916,301,313.78632405999997,-5.27730792760849,0.7438557942708334,0.38016918301582336,24.946186502774555,0.2,0.9554336667060852,0.0003,0.02501703662079914,16.019603729248047,0.13992853,3000
1271,3710976,411.71,2919,302,313.18273209000006,-5.268371907869975,0.6282470703125,0.37956276535987854,32.36381212274234,0.2,0.9464355111122131,0.0003,-0.026099116651069683,11.490717887878418,0.11791631,3010
1274,3723264,424.59,2922,303,339.56533528,-5.294468355178833,0.7420166015625,0.3809942305088043,22.562749752402304,0.2,0.9619343876838684,0.0003,0.007093727220005046,4.967400074005127,0.3461235,3020
1276,3735552,441.65,2925,304,346.92745843000006,-5.310165209571521,0.6200358072916666,0.3807086944580078,28.40800335407257,0.2,0.9427456259727478,0.0003,-0.023304227439318006,14.467813491821289,0.09534999,3030
1279,3747840,421.12,2929,305,326.82878653,-5.311767501632373,0.7141357421875,0.38175246119499207,22.89861389696598,0.2,0.9469735026359558,0.0003,-0.0025308688025688754,9.103948593139648,0.14338107,3040
1282,3760128,372.67,2932,306,267.38452072,-5.313579092423121,0.6584147135416667,0.3813250958919525,27.014890613158546,0.2,0.9557070732116699,0.0003,-0.020595284469406276,18.808656692504883,0.13773304,3050
1284,3772416,375.02,2935,307,282.80134697,-5.32415642440319,0.6971923828125,0.381502628326416,24.362182207902272,0.2,0.9646000862121582,0.0003,-0.004428293691307772,9.27454948425293,0.13267551,3060
1287,3784704,394.44,2939,308,303.54166080000005,-5.315422923366229,0.6388264973958333,0.38177919387817383,24.850114631652833,0.2,0.9511511325836182,0.0003,-0.024382500059437005,17.767332077026367,0.12053891,3070
1289,3796992,392.24,2943,309,300.19001552,-5.325093014041583,0.6477213541666667,0.38159123063087463,32.86192698876063,0.2,0.9482864737510681,0.0003,-0.01698492143768817,27.876192092895508,0.108861156,3080
1292,3809280,386.5,2948,310,287.80958283,-5.388111599286398,0.8010904947916667,0.38418444991111755,16.87326484620571,0.2,0.9681239128112793,0.0003,0.04700483249713822,5.841108798980713,0.2163554,3090
1294,3821568,381.42,2952,311,278.04834737,-5.3958961000045145,0.6170979817708333,0.3839667737483978,35.011204890410106,0.2,0.9469847679138184,0.0003,-0.023784431187959854,11.927474975585938,0.095450796,3100
1296,3833856,384.72,2956,312,282.6701007,-5.4104039589564,0.6730143229166666,0.38457033038139343,19.31149495144685,0.2,0.9619481563568115,0.0003,-0.020194798534794244,6.787947177886963,0.14223008,3110
1299,3846144,353.16,2960,313,258.20922964,-5.377245103319486,0.6365641276041667,0.38315603137016296,26.18682850996653,0.2,0.9501221776008606,0.0003,-0.025513049470221934,8.796899795532227,0.10880319,3120
1301,3858432,314.48,2965,314,228.56639664000002,-5.337021991610527,0.6596923828125,0.38191261887550354,24.2010193357865,0.2,0.9548338055610657,0.0003,-0.020462141765165143,6.281743049621582,0.1297489,3130
1303,3870720,324.85,2969,315,224.65911955000004,-5.30985129972299,0.7183268229166667,0.3804450035095215,16.605032189687094,0.2,0.9668097496032715,0.0003,-0.009019039174503026,4.90930700302124,0.18030675,3140
1305,3883008,351.17,2973,316,243.7416821,-5.234082959095637,0.7145426432291667,0.3788641393184662,18.899139085412024,0.2,0.9594089984893799,0.0003,-0.00485614893696038,6.963695049285889,0.15628363,3150
1308,3895296,370.97,2977,317,260.03294757,-5.192145055532455,0.6267496744791666,0.3775613009929657,22.69849577744802,0.2,0.9516746997833252,0.0003,-0.029040437158740436,11.306763648986816,0.14553308,3160
1310,3907584,368.26,2981,318,276.30103629000007,-5.182695455352465,0.6893391927083333,0.37707188725471497,20.783368623256685,0.2,0.9505047798156738,0.0003,-0.01830737339235687,7.111658573150635,0.15536459,3170
1312,3919872,320.38,2985,319,243.16145958999996,-5.173147859176,0.6161865234375,0.37728047370910645,29.150358229875565,0.2,0.9387892484664917,0.0003,-0.03160720819675286,10.568943977355957,0.105273664,3180
1315,3932160,308.15,2989,320,230.65271876999995,-5.145288094878197,0.6235026041666667,0.3759472370147705,31.68686011036237,0.2,0.9369648694992065,0.0003,-0.0270848120029162,10.833420753479004,0.103004634,3190
1317,3944448,311.86,2993,321,220.69660860000005,-5.146137507756551,0.7176513671875,0.3762376606464386,24.82365187605222,0.2,0.9509108066558838,0.0003,-0.005702511777538651,10.6859130859375,0.14898129,3200
1319,3956736,351.26,2997,322,265.0490249,-5.150259880224864,0.6743570963541666,0.3769056499004364,29.832506372531256,0.2,0.9456347823143005,0.0003,-0.01540378895200168,15.086370468139648,0.12123921,3210
1322,3969024,352.25,3001,323,276.96330893000004,-5.145498350262642,0.6281656901041667,0.3765866756439209,27.10284484823545,0.2,0.9445586204528809,0.0003,-0.03322809274153163,11.794483184814453,0.12198385,3220
1324,3981312,352.07,3005,324,278.82472645999997,-5.186207228899002,0.7336588541666667,0.3775114119052887,19.856599406401315,0.2,0.9566149711608887,0.0003,0.0006608858908293769,9.015725135803223,0.16829604,3230
1326,3993600,340.76,3009,325,252.41066310999997,-5.159554155667623,0.6825520833333333,0.3766026496887207,19.713152123490968,0.2,0.9535329937934875,0.0003,-0.017370014176898017,10.323280334472656,0.14311072,3240
1329,4005888,362.75,3013,326,270.60329125,-5.09818019469579,0.6539306640625,0.3742324113845825,18.349586378534635,0.2,0.9621129631996155,0.0003,-0.028572568107241143,6.480736255645752,0.1358222,3250
1331,4018176,354.47,3017,327,267.99817022,-5.037248401840528,0.6905110677083334,0.3730064928531647,21.227573331197103,0.2,0.9587154984474182,0.0003,-0.01520521899801679,12.391292572021484,0.16057502,3260
1334,4030464,381.88,3021,328,297.46845821,-5.0172823448975885,0.6404459635416667,0.37248852849006653,25.705992833773294,0.2,0.9552576541900635,0.0003,-0.02558102337255453,13.838346481323242,0.12543155,3270
1336,4042752,381.49,3025,329,291.06380498,-5.076516586542129,0.7487711588541667,0.3744293749332428,19.51790780921777,0.2,0.9477388262748718,0.0003,0.009271642451252168,3.500720739364624,0.18221599,3280
1338,4055040,382.42,3029,330,298.15716137,-5.079718177517255,0.6409423828125,0.3743181526660919,25.820019715030988,0.2,0.952314019203186,0.0003,-0.021566984696740597,5.8946661949157715,0.11821198,3290
1340,4067328,407.93,3033,331,318.15054423000004,-5.079988964398702,0.6541178385416667,0.37426045536994934,26.716962923606236,0.2,0.9474040269851685,0.0003,-0.02417142658911568,14.235340118408203,0.114605404,3300
1343,4079616,411.23,3037,332,326.75166340000004,-5.080556810895602,0.6796305338541667,0.37414219975471497,21.087508314847945,0.2,0.9648018479347229,0.0003,-0.016642766199462738,9.106488227844238,0.14337443,3310
1345,4091904,392.22,3041,333,314.06378283000004,-5.077558569113413,0.667578125,0.3734503984451294,30.85430966814359,0.2,0.9548348188400269,0.0003,-0.01632250118709635,15.394193649291992,0.14055538,3320
1347,4104192,387.09,3044,334,308.17660591,-5.08714891175429,0.6677164713541667,0.3742823600769043,26.439104070266087,0.2,0.9524033665657043,0.0003,-0.01714222371422996,13.351446151733398,0.12190199,3330
1350,4116480,381.56,3048,335,310.66552629,-5.058158634106318,0.6673828125,0.3727095425128937,28.235662976900738,0.2,0.9463129639625549,0.0003,-0.019277424785347344,11.477910995483398,0.14842032,3340
1352,4128768,383.48,3052,336,313.68305103,-5.010216135780016,0.6375732421875,0.3714736998081207,26.497860185305278,0.2,0.9525105357170105,0.0003,-0.028326031157242446,13.278436660766602,0.12695152,3350
1355,4141056,360.87,3055,337,290.48922300999993,-4.9826325386762615,0.6716227213541667,0.3712886571884155,33.95214282075564,0.2,0.9474977850914001,0.0003,-0.016264305339427666,11.91563892364502,0.113470845,3360
1357,4153344,340.08,3059,338,265.37865510999995,-4.991221633553505,0.6989013671875,0.3705565929412842,21.420839216311773,0.2,0.960048258304596,0.0003,-0.01859404559460624,7.270126819610596,0.16520439,3370
1359,4165632,335.37,3062,339,249.63191590000002,-4.962361733118693,0.6706136067708334,0.3700203001499176,29.603619954983394,0.2,0.948584258556366,0.0003,-0.020333601534366606,22.618667602539062,0.13215195,3380
1362,4177920,341.7,3066,340,256.99916040999994,-5.039467689394951,0.8208251953125,0.3735014498233795,16.219186355670292,0.2,0.9698891639709473,0.0003,0.050229115966552246,4.100388050079346,0.26450434,3390
1364,4190208,342.11,3070,341,251.46779594000003,-5.027676170070966,0.6557291666666667,0.37209352850914,26.445968276262285,0.2,0.959650456905365,0.0003,-0.023358488441832984,12.758430480957031,0.1261657,3400
1367,4202496,355.32,3073,342,264.81845247999996,-4.992850860953331,0.6670735677083334,0.37135934829711914,24.047215552131334,0.2,0.9543150663375854,0.0003,-0.016559049627782468,7.663265705108643,0.13391013,3410
1369,4214784,379.06,3077,343,278.00281401,-5.003917150696119,0.7142578125,0.37207457423210144,30.16348361869653,0.2,0.9313462376594543,0.0003,-0.0002668926206145746,11.37614917755127,0.14752053,3420
1372,4227072,431.09,3080,344,328.37668991,-4.994432502985001,0.695947265625,0.3712320029735565,19.372879511117937,0.2,0.9547528624534607,0.0003,-0.008959910341945942,13.946595191955566,0.15705699,3430
1374,4239360,427.51,3084,345,319.96043599,-4.965701680382093,0.6834309895833334,0.37095579504966736,30.353375750780106,0.2,0.9419344663619995,0.0003,-0.00863716714666225,10.307666778564453,0.15617864,3440
1376,4251648,403.92,3088,346,304.31587314,-4.972066050767898,0.672802734375,0.3706258237361908,29.547331921259563,0.2,0.9401556253433228,0.0003,-0.012367743500120317,13.684087753295898,0.11442647,3450
1378,4263936,365.83,3092,347,257.31827194,-4.953255299727122,0.6809733072916667,0.3704041540622711,21.88992135425409,0.2,0.9543138742446899,0.0003,-0.01627066170864661,13.512593269348145,0.14446649,3460
1381,4276224,350.92,3096,348,246.41983340000002,-4.930416516462961,0.7303873697916666,0.36973750591278076,16.712818708022436,0.2,0.954759418964386,0.0003,-0.00905287975911051,4.8680219650268555,0.17857043,3470
1383,4288512,376.71,3099,349,270.20480363999997,-4.883451683322589,0.6603271484375,0.36842653155326843,26.983403329054514,0.2,0.9511623382568359,0.0003,-0.021769260265864433,13.003544807434082,0.13875152,3480
1385,4300800,383.87,3103,350,286.37078056,-4.90968567430973,0.7531494140625,0.3694574534893036,17.64336207509041,0.2,0.9615781903266907,0.0003,0.008941659472960358,8.415657043457031,0.19758792,3490
1387,4313088,386.28,3107,351,301.54373129,-4.892309412360191,0.6722493489583333,0.3687647581100464,20.27425739467144,0.2,0.963919997215271,0.0003,-0.017555089083422595,7.800840854644775,0.14474909,3500
1390,4325376,338.66,3111,352,255.22323299000007,-4.874559789896011,0.6201497395833333,0.3678708076477051,35.55588574608167,0.2,0.934602677822113,0.0003,-0.02329446515456463,15.144923210144043,0.10121795,3510
1392,4337664,333.26,3114,353,249.80851233,-4.861437086264292,0.6545003255208334,0.3677164316177368,30.303182019790015,0.2,0.9440007209777832,0.0003,-0.023371367468886697,12.576107025146484,0.12694964,3520
1394,4349952,331.45,3118,354,252.475515,-4.843394250671069,0.6698404947916666,0.36752739548683167,34.745808650056524,0.2,0.9398266673088074,0.0003,-0.016265501463203692,11.555572509765625,0.12120358,3530
1397,4362240,371.49,3122,355,294.6951305,-4.850859236717224,0.694677734375,0.3675994873046875,25.385050437847774,0.2,0.9578666687011719,0.0003,-0.011443638940302965,6.424657821655273,0.1650321,3540
1399,4374528,374.71,3126,356,297.18711869000003,-4.841986720760663,0.6867838541666667,0.3671499788761139,17.07276781598727,0.2,0.9583112597465515,0.0003,-0.0159182300393392,8.149566650390625,0.18447752,3550
1401,4386816,373.55,3130,357,295.63014323,-4.825324216485024,0.6325846354166667,0.3662281930446625,27.315599673986434,0.2,0.952488362789154,0.0003,-0.02553304637064381,11.329310417175293,0.12032213,3560
1403,4399104,357.37,3133,358,270.00206217000004,-4.786363802353541,0.649853515625,0.36541059613227844,30.823681751887005,0.2,0.9401637315750122,0.0003,-0.023048441405505098,8.277434349060059,0.12076471,3570
1405,4411392,379.12,3137,359,280.53205293999997,-4.780152120192846,0.7148763020833333,0.3654681444168091,27.381261616945267,0.2,0.9400302767753601,0.0003,-0.00663224832630173,10.16484546661377,0.15435833,3580
1408,4423680,402.55,3141,360,305.80344213,-4.791049899657567,0.7106689453125,0.36575019359588623,25.056769118706384,0.2,0.9437326192855835,0.0003,-0.003278843113609279,8.22362995147705,0.15606129,3590
1410,4435968,393.25,3144,361,301.11812778,-4.789915351072947,0.6788736979166666,0.3658139407634735,27.75419034063816,0.2,0.9392265677452087,0.0003,-0.021100293575242783,19.510400772094727,0.14531748,3600
1412,4448256,351.64,3148,362,271.53452301,-4.800611236691475,0.6868082682291666,0.36614111065864563,29.062927015622456,0.2,0.9478831887245178,0.0003,-0.013659300028909154,7.749922275543213,0.13308595,3610
1414,4460544,315.75,3152,363,241.14906478999998,-4.772058319052061,0.6845377604166667,0.36513301730155945,26.965019228061042,0.2,0.9522947072982788,0.0003,-0.01551726191440442,7.357888221740723,0.14306565,3620
1417,4472832,332.89,3155,364,256.87542554,-4.742550814151764,0.6734130859375,0.3643310070037842,25.39551097750664,0.2,0.943263053894043,0.0003,-0.021233529931244752,7.068750381469727,0.14558654,3630
1419,4485120,369.26,3159,365,281.43303842,-4.728867890437444,0.6553955078125,0.3642241954803467,25.886892273028693,0.2,0.9540026783943176,0.0003,-0.021796761523000897,11.255167007446289,0.12744151,3640
1421,4497408,401.14,3163,366,314.10802414,-4.733299726247788,0.7006510416666667,0.3636687994003296,22.72769059340159,0.2,0.9532185792922974,0.0003,-0.01116923263616627,16.303346633911133,0.15940444,3650
1423,4509696,458.5,3167,367,353.3648941799999,-4.7711751699447635,0.8606038411458333,0.36723971366882324,24.245509606599807,0.2,0.9410858154296875,0.0003,0.08828491342719644,14.737236976623535,0.33811796,3660
1426,4521984,471.94,3170,368,351.56780184,-4.834622623523076,0.7188639322916667,0.3673188388347626,22.992046000560126,0.2,0.9340360164642334,0.0003,-0.0011135467114703108,12.337236404418945,0.14783092,3670
1428,4534272,466.87,3174,369,356.17860379000007,-4.810556721687317,0.6469563802083333,0.3663051128387451,27.28459926644961,0.2,0.9427643418312073,0.0003,-0.022261082454739758,10.010870933532715,0.11639813,3680
1430,4546560,453.95,3177,370,337.45961232,-4.79316696425279,0.6328531901041666,0.3660711348056793,28.989245879650117,0.2,0.9329770803451538,0.0003,-0.023925181044614875,3.595594882965088,0.12488681,3690
1433,4558848,424.84,3181,371,321.37774376999994,-4.847493836283684,0.7422526041666667,0.3678232729434967,20.87974587480227,0.2,0.9427478909492493,0.0003,0.005545203500272085,5.870935916900635,0.16709264,3700
1435,4571136,401.81,3184,372,294.4536972,-4.828317182262738,0.6306884765625,0.367074579000473,27.08658419251442,0.2,0.9469078183174133,0.0003,-0.024078210356916922,9.428287506103516,0.11380294,3710
1437,4583424,396.8,3188,373,292.68309138999996,-4.811739368240039,0.6323404947916667,0.36674773693084717,30.156300868590673,0.2,0.9412239193916321,0.0003,-0.02649465087548985,22.613744735717773,0.13206454,3720
1439,4595712,371.0,3192,374,283.00738325000003,-4.777303292353948,0.7037516276041667,0.3647782802581787,20.539975163340568,0.2,0.9559204578399658,0.0003,-0.015414896661726137,12.101066589355469,0.16985472,3730
1441,4608000,375.19,3195,375,288.43662362,-4.741090176502864,0.6192301432291667,0.364375501871109,34.74015453060468,0.2,0.9470570087432861,0.0003,-0.029402293201807577,11.669538497924805,0.124619104,3740
1444,4620288,343.6,3199,376,273.55042235,-4.7197224279244745,0.6957600911458334,0.36395907402038574,22.003973176081974,0.2,0.9486057162284851,0.0003,-0.01745514796154263,9.995096206665039,0.1672917,3750
1446,4632576,346.12,3202,377,274.24176755,-4.689090347290039,0.6663492838541667,0.3628561794757843,33.73603612979253,0.2,0.9355654716491699,0.0003,-0.020986958713425943,14.116765975952148,0.14573692,3760
1448,4644864,334.67,3206,378,264.01195796,-4.675694945454597,0.6885823567708333,0.36274948716163635,28.999072335163753,0.2,0.9423880577087402,0.0003,-0.017063582752113386,27.592506408691406,0.14320041,3770
1450,4657152,321.03,3209,379,251.94580733000004,-4.706713895996412,0.6908447265625,0.3642353117465973,23.116107805569968,0.2,0.9528640508651733,0.0003,-0.02075496528802129,10.204588890075684,0.16235332,3780
1453,4669440,343.36,3213,380,265.43954412000005,-4.70397842725118,0.658447265625,0.3629818856716156,31.541592385371526,0.2,0.9390627145767212,0.0003,-0.024300781595229637,8.038725852966309,0.13531782,3790
1455,4681728,344.4,3216,381,271.46262054999994,-4.701556446154912,0.7207682291666667,0.3637939393520355,25.65680620074272,0.2,0.9462798833847046,0.0003,-0.007577434010454453,11.523492813110352,0.16212033,3800
1457,4694016,359.95,3220,382,276.65798795000006,-4.687984043359757,0.6375,0.3631366789340973,32.71868854761124,0.2,0.9439948797225952,0.0003,-0.024444513497292063,10.393329620361328,0.123035274,3810
1459,4706304,369.71,3224,383,283.7348063,-4.6798604995012285,0.69453125,0.36268946528434753,31.687226098775863,0.2,0.940701425075531,0.0003,-0.012665463654654256,27.997209548950195,0.17993717,3820
1462,4718592,382.03,3227,384,278.9924452,-4.648641483982404,0.7411865234375,0.36147987842559814,15.474934264024098,0.2,0.9619677662849426,0.0003,-0.001033582848564644,5.7691969871521,0.21277946,3830
1464,4730880,390.42,3230,385,282.80344174,-4.634223997592926,0.672119140625,0.36161014437675476,27.691774051388105,0.2,0.9439104795455933,0.0003,-0.019206001056591048,5.371662616729736,0.14733721,3840
1466,4743168,363.32,3234,386,255.76475739,-4.6102763692537945,0.6699137369791667,0.3607719838619232,23.308323327700297,0.2,0.9422410130500793,0.0003,-0.020792431512866947,8.800978660583496,0.13164197,3850
1468,4755456,364.85,3237,387,258.43602991,-4.5922832975784935,0.7093505859375,0.36021122336387634,20.058980016907057,0.2,0.9548592567443848,0.0003,-0.01529650432736768,6.931758403778076,0.15954213,3860
1470,4767744,380.52,3241,388,275.2483053100001,-4.5813340723514555,0.6537109375,0.35998472571372986,29.415301575263342,0.2,0.9281492829322815,0.0003,-0.020537940849802303,14.333045959472656,0.13176526,3870
1473,4780032,364.15,3244,389,262.29790593999996,-4.589617605010669,0.6886474609375,0.36036816239356995,22.801182913780213,0.2,0.9440835118293762,0.0003,-0.021371433204816034,8.135759353637695,0.17681892,3880
1475,4792320,369.06,3248,390,260.04744547,-4.623807685573896,0.7530598958333333,0.361354261636734,13.769200751185418,0.2,0.9508392214775085,0.0003,-0.0055877731036162006,4.708770751953125,0.22770818,3890
1477,4804608,358.43,3251,391,251.10119545999999,-4.600008372465769,0.6701741536458333,0.36057814955711365,25.62610458135605,0.2,0.9431516528129578,0.0003,-0.0165298937271776,13.734700202941895,0.13946962,3900
1480,4816896,381.36,3254,392,274.19293645,-4.57395078043143,0.6651123046875,0.3598261773586273,24.813506424427032,0.2,0.9465067982673645,0.0003,-0.022422971212654373,5.446680068969727,0.13140346,3910
1482,4829184,380.62,3258,393,278.64469169,-4.589179154237112,0.7528889973958334,0.3605610430240631,17.835098762313525,0.2,0.9551041126251221,0.0003,0.004096940708889937,5.0469069480896,0.20925944,3920
1484,4841472,368.87,3261,394,265.80128509,-4.602550003925959,0.692626953125,0.3612116873264313,18.898399343093235,0.2,0.9548560976982117,0.0003,-0.015148276272035825,5.283512592315674,0.15680064,3930
1486,4853760,370.9,3264,395,266.05893839,-4.600249573588371,0.6629638671875,0.3607540428638458,22.202626581986745,0.2,0.9492201805114746,0.0003,-0.020811389611723522,7.908427715301514,0.1285668,3940
1488,4866048,396.3,3268,396,281.18890833,-4.5916500399510065,0.672509765625,0.3600641191005707,25.80351850191752,0.2,0.9460767507553101,0.0003,-0.020184535276591,16.604047775268555,0.13756713,3950
1491,4878336,396.99,3271,397,275.51452672000005,-4.617807229359944,0.7364013671875,0.3609050214290619,24.144751044114432,0.2,0.9438278079032898,0.0003,-0.0013323076447704807,7.612707614898682,0.15611179,3960
1493,4890624,400.92,3274,398,291.78908355000004,-4.609742230176925,0.7206624348958334,0.3607017993927002,19.81598734954993,0.2,0.9611023664474487,0.0003,-0.009711621025538382,10.673733711242676,0.1835583,3970
1495,4902912,393.12,3277,399,282.37889319,-4.5904261062542595,0.6692301432291666,0.36032044887542725,19.907494219144187,0.2,0.9450690746307373,0.0003,-0.025534022301629496,5.467976093292236,0.14956348,3980
1497,4915200,388.12,3281,400,288.87782362999997,-4.581627120574315,0.7059163411458333,0.3597126007080078,17.614873939752577,0.2,0.9562086462974548,0.0003,-0.018908810919189514,6.595915794372559,0.18240727,3990
1500,4927488,373.28,3284,401,275.85923194000003,-4.536644583940506,0.7007486979166667,0.3585316240787506,19.14644176165263,0.2,0.9562581777572632,0.0003,-0.018493311120255384,12.868430137634277,0.1726426,4000
1502,4939776,379.21,3287,402,291.23693526000005,-4.501685207088788,0.6639973958333333,0.35760095715522766,22.323314170042675,0.2,0.9513797163963318,0.0003,-0.0256861836562166,11.915196418762207,0.14504367,4010
1504,4952064,388.34,3290,403,311.87234018,-4.47622055610021,0.6270589192708333,0.3569406569004059,31.534801695744196,0.2,0.9443565607070923,0.0003,-0.02857760473464926,11.761980056762695,0.11013931,4020
1507,4964352,386.05,3294,404,306.16811637999996,-4.471469822525978,0.6821207682291667,0.35676059126853943,24.93701785405477,0.2,0.945343017578125,0.0003,-0.018858547044025422,9.36844253540039,0.15419044,4030
1509,4976640,362.82,3297,405,285.38380557000005,-4.482400063673655,0.7067789713541667,0.3568735420703888,28.66513855655988,0.2,0.9334866404533386,0.0003,-0.013174818910677762,10.641364097595215,0.15617971,4040
1511,4988928,362.57,3300,406,278.71643871,-4.486881686250369,0.7225423177083333,0.3573954105377197,26.388191280762353,0.2,0.9468842148780823,0.0003,-0.0026166521517249444,23.984689712524414,0.16313575,4050
1513,5001216,381.94,3303,407,288.27862839000005,-4.477911181251208,0.6908772786458334,0.35622432827949524,19.12794819275538,0.2,0.9511967897415161,0.0003,-0.02390982802025974,4.72428035736084,0.18007708,4060
1516,5013504,377.23,3307,408,281.43254212000005,-4.467142561078072,0.7127685546875,0.35616257786750793,20.623191249370574,0.2,0.9386056661605835,0.0003,-0.014023563839631,5.599074840545654,0.17746443,4070
1518,5025792,382.03,3310,409,288.01795104000007,-4.435877182086309,0.6490559895833333,0.3556406497955322,28.716824873288473,0.2,0.9434499144554138,0.0003,-0.025843878842230574,9.316108703613281,0.15369143,4080
1520,5038080,413.96,3313,410,312.65205903,-4.424866876999537,0.6475179036458333,0.35503265261650085,30.214155173301698,0.2,0.9423119425773621,0.0003,-0.026448789300047792,16.983510971069336,0.12395936,4090
1523,5050368,432.38,3315,411,337.58967061000004,-4.407973835865657,0.6776936848958334,0.35495004057884216,28.05027466813723,0.2,0.9334824681282043,0.0003,-0.022811540621720874,8.343973159790039,0.15913022,4100
1525,5062656,425.17,3318,412,330.7559134,-4.413482352097829,0.7144938151041667,0.3548813760280609,22.136983423431715,0.2,0.9448144435882568,0.0003,-0.012132470549840946,12.038578987121582,0.18690054,4110
1528,5074944,438.94,3321,413,328.70507703,-4.42863572438558,0.7346842447916667,0.35499927401542664,24.065251568953197,0.2,0.9341301918029785,0.0003,-0.0005903964415968706,10.726642608642578,0.15989444,4120
1530,5087232,444.12,3323,414,333.27009825,-4.4051738530397415,0.7382893880208333,0.35434582829475403,26.789207603534063,0.2,0.9424542188644409,0.0003,-0.0034794600224510456,11.218531608581543,0.18006264,4130
1532,5099520,425.37,3326,415,303.51056644,-4.382345885038376,0.6815266927083333,0.3538621962070465,25.545685984690984,0.2,0.9451033473014832,0.0003,-0.022561666017766886,12.197214126586914,0.1489001,4140
1535,5111808,436.41,3329,416,309.51921372,-4.391442331671715,0.71240234375,0.35404834151268005,20.56037193040053,0.2,0.9320920705795288,0.0003,-0.01568493515078444,10.968720436096191,0.17563026,4150
1537,5124096,441.63,3332,417,325.83694651,-4.456858716408411,0.8108072916666667,0.3566443920135498,15.921955099701881,0.2,0.9645048975944519,0.0003,0.03315992799083081,7.094991683959961,0.29982528,4160
1540,5136384,470.96,3334,418,350.28468912000005,-4.473681967457136,0.6713785807291667,0.3564189672470093,30.434870558977128,0.2,0.936809778213501,0.0003,-0.023339149829310676,14.898383140563965,0.12794603,4170
1542,5148672,458.42,3337,419,344.50337702999997,-4.45680000782013,0.6542561848958334,0.35631299018859863,20.45904430349668,0.2,0.94439297914505,0.0003,-0.02682486113529497,5.562862396240234,0.17521136,4180
1545,5160960,466.45,3340,420,364.10438168,-4.430095585187276,0.6780029296875,0.3549753725528717,22.92374566793442,0.2,0.9391754269599915,0.0003,-0.025841400696663186,15.32185173034668,0.16451928,4190
1547,5173248,429.8,3343,421,335.40452953000005,-4.3962044755617775,0.6165283203125,0.3545154631137848,33.825545426209764,0.2,0.9213508367538452,0.0003,-0.031819169824787726,30.64872169494629,0.107267536,4200
1549,5185536,401.98,3345,422,314.16426767,-4.468017193675041,0.7962076822916667,0.3565126359462738,24.162696290016175,0.2,0.9335823059082031,0.0003,0.03665077302721329,7.841102123260498,0.22437008,4210
1552,5197824,444.67,3348,423,350.4991077,-4.445195361971855,0.6808349609375,0.35570693016052246,23.159350937604906,0.2,0.9495996236801147,0.0003,-0.024647167347332775,7.139120578765869,0.17501044,4220
1554,5210112,449.19,3351,424,351.8555846799999,-4.444371249278387,0.7111490885416667,0.3558748960494995,17.371533062060674,0.2,0.949997067451477,0.0003,-0.019620418360379213,6.052365779876709,0.19808795,4230
1557,5222400,428.63,3353,425,327.21058237,-4.43821686009566,0.6610107421875,0.3552696406841278,28.11603805820147,0.2,0.9460940361022949,0.0003,-0.023608958200202323,13.265388488769531,0.12647213,4240
1559,5234688,445.67,3356,426,338.5014103000001,-4.432777127623558,0.7130533854166666,0.35523077845573425,19.395954210559527,0.2,0.9447076320648193,0.0003,-0.02233243014391822,4.706722736358643,0.20181663,4250
1561,5246976,422.19,3359,427,317.63677129,-4.417026288310686,0.6573974609375,0.3549140393733978,28.674351541201272,0.2,0.9380041360855103,0.0003,-0.030844981400878168,17.669269561767578,0.13770616,4260
1564,5259264,422.41,3361,428,310.68222081999994,-4.404292334119479,0.6997802734375,0.354937881231308,24.796157058080038,0.2,0.9276204705238342,0.0003,-0.024334488486056217,7.9342145919799805,0.17922013,4270
1566,5271552,426.88,3364,429,317.32728992999995,-4.410660110910734,0.6851399739583334,0.3548719882965088,28.598761620124183,0.2,0.9302135109901428,0.0003,-0.02540374260764414,7.105570316314697,0.16076851,4280
1569,5283840,448.84,3366,430,344.70355832,-4.450697879989942,0.7601399739583333,0.3563021421432495,18.754011107484498,0.2,0.9481542706489563,0.0003,0.0007724380756068664,4.025002956390381,0.2587917,4290
1571,5296128,438.62,3369,431,339.85146797999994,-4.43562926252683,0.6705403645833333,0.3550538718700409,25.030519304672875,0.2,0.9376958012580872,0.0003,-0.0321985835355008,12.060296058654785,0.14174378,4300
1574,5308416,471.25,3372,432,368.26925585000004,-4.40900190671285,0.705615234375,0.3546489179134369,19.5980404317379,0.2,0.945249617099762,0.0003,-0.023763572706957347,8.656543731689453,0.19925888,4310
1576,5320704,452.09,3374,433,357.94596266,-4.418449040253957,0.6859375,0.35497891902923584,27.84572590192159,0.2,0.9300253987312317,0.0003,-0.021860983985243367,7.82733154296875,0.14285026,4320
1579,5332992,465.28,3377,434,375.07721810000004,-4.40785861214002,0.6706298828125,0.3544110357761383,25.282915153106053,0.2,0.9429797530174255,0.0003,-0.026104338496224955,9.029208183288574,0.1454783,4330
1581,5345280,458.17,3380,435,377.83424570999995,-4.39094031949838,0.6896728515625,0.35441818833351135,22.267493522167207,0.2,0.9449531435966492,0.0003,-0.022538900248279484,7.248055458068848,0.17202784,4340
1583,5357568,460.82,3382,436,372.08539227,-4.389077986280124,0.6789876302083333,0.3538411557674408,29.3405392686526,0.2,0.9432401657104492,0.0003,-0.021301312362872218,18.682676315307617,0.14027005,4350
1586,5369856,436.46,3385,437,349.33930915,-4.4256825675566995,0.7369466145833333,0.35568252205848694,21.045547391970953,0.2,0.95160311460495,0.0003,-0.011156509104087794,6.814677715301514,0.20248258,4360
1588,5382144,436.94,3387,438,347.61925162000006,-4.424920826156934,0.6673502604166667,0.35469725728034973,36.24524420897166,0.2,0.9151334166526794,0.0003,-0.025123857086873612,18.145061492919922,0.1515132,4370
1591,5394432,443.38,3390,439,353.56035056,-4.373574444651604,0.6745198567708334,0.3534988462924957,26.79931097626686,0.2,0.9316372871398926,0.0003,-0.02839141688697661,8.085152626037598,0.1477663,4380
1593,5406720,466.78,3392,440,371.42345284000004,-4.421028457085291,0.7434814453125,0.35497093200683594,30.8708515783151,0.2,0.9362707138061523,0.0003,0.0010840825552198416,13.955689430236816,0.16411017,4390
1595,5419008,442.0,3395,441,353.4812930300001,-4.426494312286377,0.7330810546875,0.3554142713546753,19.99689672688643,0.2,0.937565803527832,0.0003,-0.011268272788341468,4.593259811401367,0.19323337,4400
1598,5431296,424.69,3398,442,337.79051682,-4.436384759346644,0.6790690104166667,0.3553089201450348,31.033690524101257,0.2,0.9510378241539001,0.0003,-0.025368434589472598,12.010703086853027,0.1380644,4410
1600,5443584,416.09,3400,443,326.80354464,-4.416480511426926,0.701123046875,0.35473451018333435,30.16579970320066,0.2,0.935575544834137,0.0003,-0.01892895846394822,9.204047203063965,0.1572956,4420
1603,5455872,404.6,3403,444,317.89965877,-4.404941866795222,0.7106852213541667,0.3543753921985626,29.072269598642986,0.2,0.9412811994552612,0.0003,-0.018319471991465736,9.40038013458252,0.16815402,4430
1605,5468160,408.32,3405,445,310.75328032,-4.407602331042289,0.7730224609375,0.3544760048389435,23.913685115178428,0.2,0.9425036907196045,0.0003,0.012333718541776761,12.463536262512207,0.2109154,4440
1608,5480448,421.45,3407,446,330.51020446,-4.395805749297142,0.6996663411458334,0.35376250743865967,18.890652584036193,0.2,0.9470245242118835,0.0003,-0.023924334598511145,7.760153770446777,0.20973511,4450
1610,5492736,412.48,3410,447,316.91749081,-4.375716190536817,0.6649820963541667,0.3533446788787842,31.527381946643192,0.2,0.93686842918396,0.0003,-0.025659843670534126,14.584756851196289,0.12471619,4460
1612,5505024,400.9,3413,448,314.59032216,-4.376185675462087,0.7076497395833333,0.3535133898258209,18.83231666882833,0.2,0.9449720978736877,0.0003,-0.020357431477653638,6.950107574462891,0.17877157,4470
1615,5517312,369.88,3415,449,275.17123916,-4.353348217407862,0.7000813802083333,0.35282766819000244,31.766832254330318,0.2,0.9287152290344238,0.0003,-0.018046782163825506,8.678682327270508,0.15159295,4480
1617,5529600,392.85,3417,450,296.30438474000005,-4.355970773100853,0.7135579427083333,0.35350528359413147,24.810473825534185,0.2,0.9337418675422668,0.0003,-0.016836125282376695,6.332312107086182,0.17782545,4490
1620,5541888,407.96,3420,451,307.34667119,-4.360800589124362,0.6645426432291667,0.3531080186367035,26.935780038436253,0.2,0.9380580186843872,0.0003,-0.030308811183689006,17.23485565185547,0.14837892,4500
1622,5554176,413.75,3422,452,318.06728977999995,-4.370614182949066,0.7478922526041667,0.3530656397342682,22.755852484703063,0.2,0.9517048597335815,0.0003,-0.00017293945226507881,8.041397094726562,0.1987497,4510
1625,5566464,413.34,3425,453,315.4085772,-4.36083032588164,0.6778157552083334,0.35346201062202454,29.38819291591644,0.2,0.9297538995742798,0.0003,-0.024896735370081538,11.537840843200684,0.15849797,4520
1627,5578752,412.33,3427,454,308.99523053,-4.390178965528806,0.7271728515625,0.35425233840942383,27.534442162513734,0.2,0.9242467284202576,0.0003,-0.011086324685796475,7.35133695602417,0.20470321,4530
1630,5591040,393.47,3429,455,288.12042231,-4.413465991616249,0.7519449869791667,0.35477402806282043,18.269606605172157,0.2,0.9514001607894897,0.0003,-0.005363524241450553,11.729512214660645,0.22053419,4540
1632,5603328,394.05,3432,456,286.94259664000003,-4.419030460715294,0.7269287109375,0.3541090786457062,19.425290284554162,0.2,0.9484776854515076,0.0003,-0.015354345249943436,4.926976203918457,0.1976081,4550
1634,5615616,388.27,3434,457,297.58569436,-4.396404430270195,0.6581949869791667,0.35387325286865234,27.485398421684902,0.2,0.9394515752792358,0.0003,-0.028728221232692402,8.38041877746582,0.12742823,4560
1637,5627904,414.08,3437,458,319.8655341400001,-4.37987123032411,0.6525716145833333,0.35351303219795227,32.222990947961804,0.2,0.9277551174163818,0.0003,-0.03209688724988761,10.740135192871094,0.14049946,4570
1639,5640192,423.11,3439,459,329.36289107000005,-4.378590573867162,0.7498697916666667,0.3527686893939972,22.257215761144955,0.2,0.9285802841186523,0.0003,-0.00044368917394119005,9.811063766479492,0.20372681,4580
1642,5652480,442.76,3441,460,342.40260112,-4.328483863671621,0.644140625,0.35154542326927185,27.738857543468477,0.2,0.9309062361717224,0.0003,-0.03308881987080289,7.562326908111572,0.12628664,4590
1644,5664768,451.26,3444,461,348.53910934,-4.337091380357743,0.6968994140625,0.35199642181396484,25.485633939504623,0.2,0.9314143657684326,0.0003,-0.02048795139514065,12.279866218566895,0.16742116,4600
1647,5677056,433.44,3446,462,343.50335700000005,-4.328152341643969,0.7010416666666667,0.3516925573348999,24.117225793997445,0.2,0.9358887672424316,0.0003,-0.026592706142885923,14.075698852539062,0.19067584,4610
1649,5689344,421.67,3448,463,329.76789863,-4.323853326837222,0.7143961588541666,0.350966215133667,32.14939419825872,0.2,0.9272072315216064,0.0003,-0.010294132683581363,11.293412208557129,0.15734307,4620
1651,5701632,427.43,3451,464,331.83454272,-4.3070662210385,0.73701171875,0.3508646786212921,21.71788859566053,0.2,0.9395025372505188,0.0003,-0.008499981716643864,9.324731826782227,0.19577204,4630
1654,5713920,394.94,3453,465,311.78096977999996,-4.27877362370491,0.7272867838541667,0.35009297728538513,27.44615056316058,0.2,0.9302330017089844,0.0003,-0.010639486093229305,7.741429328918457,0.18313324,4640
1656,5726208,399.19,3456,466,309.67712663,-4.230226435263952,0.6666178385416667,0.34880122542381287,30.134498518705367,0.2,0.9419906139373779,0.0003,-0.027911110051597156,15.371753692626953,0.1590578,4650
1659,5738496,395.22,3458,467,319.6617850200001,-4.201378298799197,0.7037109375,0.34764590859413147,27.41325751741727,0.2,0.9395045042037964,0.0003,-0.020056159992236644,16.282869338989258,0.14921743,4660
1661,5750784,417.53,3460,468,333.81272739,-4.17664455473423,0.6995442708333334,0.3472992181777954,29.27647140622139,0.2,0.925908625125885,0.0003,-0.021809897256510644,7.685877323150635,0.16062051,4670
1664,5763072,416.78,3463,469,330.45798439,-4.168385047713915,0.719384765625,0.3464523255825043,31.305852570136388,0.2,0.9275171756744385,0.0003,-0.02007792893758354,25.299034118652344,0.18120126,4680
1666,5775360,445.23,3465,470,362.74017208000004,-4.13783890803655,0.6954020182291667,0.3453828990459442,25.783900064229964,0.2,0.930893063545227,0.0003,-0.02384676066770529,6.71128511428833,0.16701956,4690
1669,5787648,438.33,3467,471,349.71486221,-4.1821300456921255,0.8660400390625,0.34937921166419983,19.757018046577773,0.2,0.9493168592453003,0.0003,0.09745992608853461,7.398184299468994,0.38269386,4700
1671,5799936,418.17,3469,472,340.20665510000003,-4.231125580271085,0.6535481770833333,0.3481484353542328,26.42322161992391,0.2,0.9421481490135193,0.0003,-0.03175871501346895,17.325807571411133,0.13543522,4710
1674,5812224,406.17,3471,473,331.71379601999996,-4.195832149187724,0.6523274739583333,0.34740424156188965,31.531512087583543,0.2,0.9347525238990784,0.0003,-0.03306026082039656,16.333345413208008,0.13532656,4720
1676,5824512,408.47,3474,474,328.87114663,-4.20170580347379,0.7226888020833333,0.34767547249794006,21.389674747983616,0.2,0.9485584497451782,0.0003,-0.015450855869372997,6.718829154968262,0.19237137,4730
1678,5836800,422.44,3476,475,343.02110587000004,-4.213518128792445,0.7253824869791666,0.3475933074951172,21.805578804016115,0.2,0.9375284314155579,0.0003,-0.010216477214513967,11.141989707946777,0.17883436,4740
1681,5849088,439.31,3478,476,354.0077026999999,-4.217776838938395,0.7028564453125,0.34806180000305176,28.38157853682836,0.2,0.9316096305847168,0.0003,-0.020652653584450793,12.252111434936523,0.14515117,4750
1683,5861376,420.83,3481,477,336.91551685999997,-4.207527607679367,0.6699462890625,0.3473109006881714,29.422739708423613,0.2,0.9388461709022522,0.0003,-0.02675029396292909,14.917570114135742,0.13525428,4760
1686,5873664,390.22,3483,478,307.37579559,-4.1704416890939076,0.6789632161458333,0.3463265895843506,30.62456079920133,0.2,0.9305113554000854,0.0003,-0.029195337739656678,5.668417930603027,0.14993808,4770
1688,5885952,395.69,3485,479,315.3199126100001,-4.15340183476607,0.7053548177083333,0.3460160195827484,23.894316194454827,0.2,0.9449383020401001,0.0003,-0.02470924192360447,7.455323219299316,0.18149824,4780
1691,5898240,375.18,3487,480,301.28328152,-4.154548188050588,0.717578125,0.3460051119327545,22.305088158448537,0.2,0.9530017375946045,0.0003,-0.01671834094740916,7.372328281402588,0.17297228,4790
1693,5910528,379.84,3490,481,305.57184839999996,-4.110387106736501,0.6787679036458333,0.34464165568351746,29.76748100320498,0.2,0.9350863695144653,0.0003,-0.02830831554213849,15.222831726074219,0.1664983,4800
1695,5922816,394.13,3492,482,323.32922046,-4.124165918429693,0.7330810546875,0.3453458547592163,32.88864666422208,0.2,0.9425898194313049,0.0003,-0.008890309978354102,23.2548885345459,0.16374396,4810
1698,5935104,412.02,3494,483,332.84037169,-4.1086175282796225,0.7081705729166666,0.3450404107570648,34.322130517164865,0.2,0.9204950332641602,0.0003,-0.018851561834162568,28.7817440032959,0.17413084,4820
1700,5947392,437.42,3496,484,345.56903767000006,-4.095770356059075,0.7346842447916667,0.3443862497806549,25.648788858453432,0.2,0.9395147562026978,0.0003,-0.01102964262633274,11.185973167419434,0.21749938,4830
1703,5959680,443.83,3498,485,340.31215477999996,-4.197318508227666,0.9036539713541667,0.34989964962005615,16.64036802748839,0.2,0.9480867981910706,0.0003,0.1250135677003224,4.0183868408203125,0.73330516,4840
1705,5971968,467.26,3500,486,351.51756279,-4.260642054677009,0.6845784505208333,0.34911417961120605,23.706014348069825,0.2,0.9524680972099304,0.0003,-0.02292124719970161,14.818260192871094,0.17826867,4850
1708,5984256,460.31,3502,487,336.0153730900001,-4.293538846572241,0.7990234375,0.3507634103298187,18.456105679273605,0.2,0.935120701789856,0.0003,0.02386642945445298,6.374889373779297,0.22776894,4860
1710,5996544,457.92,3505,488,336.507526,-4.291842902700107,0.6590413411458333,0.35012900829315186,22.15418426990509,0.2,0.9461982250213623,0.0003,-0.02955136037489865,10.014100074768066,0.14427167,4870
1713,6008832,435.63,3507,489,309.13141682,-4.281530862053235,0.6841796875,0.3495009243488312,26.33241770664851,0.2,0.9215754866600037,0.0003,-0.019009217911904366,6.750070095062256,0.17382239,4880
1715,6021120,456.11,3509,490,337.12499139,-4.252342456579209,0.6582275390625,0.3486136496067047,38.50572187701861,0.2,0.9226289391517639,0.0003,-0.027454038545450508,23.99108123779297,0.12044433,4890
1718,6033408,462.0,3511,491,342.57346252,-4.2282718171676,0.7269124348958333,0.34789183735847473,26.761702158053716,0.2,0.9320275187492371,0.0003,-0.009189294151534947,9.156771659851074,0.1991185,4900
1720,6045696,465.52,3513,492,355.36789071999993,-4.219155415892601,0.7128743489583333,0.3479800224304199,24.774646804730097,0.2,0.9293540120124817,0.0003,-0.017633268977321374,12.546673774719238,0.19300532,4910
1723,6057984,479.97,3515,493,370.9330109400001,-4.222285582621892,0.6867350260416667,0.3477511405944824,30.416923262675603,0.2,0.9277303218841553,0.0003,-0.025424053692646945,20.20241355895996,0.15294242,4920
1725,6070272,485.48,3518,494,374.4738168400001,-4.238966021935145,0.7799235026041667,0.34878119826316833,25.743503854672113,0.2,0.9227506518363953,0.0003,0.02068683784455061,10.140364646911621,0.22626238,4930
1727,6082560,487.25,3520,495,380.56012441000007,-4.250773201386134,0.791748046875,0.3491407632827759,17.07859131594499,0.2,0.9462401270866394,0.0003,0.02084527069479615,3.0044498443603516,0.24676387,4940
1730,6094848,488.77,3522,496,370.19000952000005,-4.283324920137724,0.6828369140625,0.34949585795402527,20.898620477318765,0.2,0.9487124681472778,0.0003,-0.023184859971418822,8.153362274169922,0.14715004,4950
1732,6107136,482.12,3524,497,362.56607590000004,-4.334234493970871,0.8150960286458333,0.35102275013923645,13.182654810945193,0.2,0.9544835090637207,0.0003,0.03804778491467005,3.88385272026062,0.27250394,4960
1735,6119424,452.98,3526,498,337.9602286,-4.306167130668958,0.6512369791666667,0.349374383687973,27.35248759786288,0.2,0.9436853528022766,0.0003,-0.026749275709153152,5.972433090209961,0.12686767,4970
1737,6131712,460.09,3528,499,343.22355518000006,-4.272808379928271,0.6358235677083334,0.3486897945404053,29.048851108551027,0.2,0.9391661286354065,0.0003,-0.03077016958462385,16.529239654541016,0.12701635,4980
1740,6144000,482.2,3530,500,369.97713109000006,-4.2547170261542,0.7621256510416666,0.3480447828769684,15.832015801469485,0.2,0.951481282711029,0.0003,0.0020649005484301595,2.9981181621551514,0.22261102,4990
1742,6156288,506.0,3532,501,397.4944118800002,-4.236870273947716,0.7393798828125,0.34772929549217224,19.378258101145427,0.2,0.949855387210846,0.0003,-0.003310005149493615,5.78275203704834,0.1851058,5000
1744,6168576,538.46,3535,502,427.7231254000001,-4.221220578749975,0.6563557942708333,0.3475897014141083,23.95097533762455,0.2,0.9326634407043457,0.0003,-0.029347948807602126,9.25821590423584,0.16274367,5010
1747,6180864,545.08,3537,503,437.52346959999994,-4.231761748592059,0.6741536458333334,0.34726682305336,25.32326330244541,0.2,0.9408825039863586,0.0003,-0.025479359285479102,11.632611274719238,0.15730397,5020
1749,6193152,519.0,3539,504,412.59248661,-4.204974983135859,0.6699462890625,0.3465594947338104,28.84775205651919,0.2,0.9310722351074219,0.0003,-0.025298269358851638,14.218782424926758,0.14110059,5030
1752,6205440,457.69,3541,505,352.21635699,-4.201217859983444,0.7480631510416667,0.34677258133888245,24.537089229623476,0.2,0.9306232929229736,0.0003,0.0009494561580747056,12.994718551635742,0.18424003,5040
1754,6217728,437.5,3543,506,330.83424833000004,-4.19916307926178,0.7260904947916667,0.3465440571308136,22.65505328377088,0.2,0.9398999810218811,0.0003,-0.010345727241171214,14.130049705505371,0.17433983,5050
1757,6230016,455.63,3545,507,345.71911007,-4.1880852023760475,0.7003336588541667,0.34582647681236267,28.199947859843572,0.2,0.9308863282203674,0.0003,-0.01736129412893206,11.96103286743164,0.16154422,5060
1759,6242304,467.9,3547,508,354.64645012999995,-4.189849166075389,0.7186686197916666,0.34666526317596436,17.486584879954655,0.2,0.9447402358055115,0.0003,-0.015927778541420898,4.666878700256348,0.20392597,5070
1762,6254592,472.27,3549,509,368.99631767000005,-4.209277501702308,0.7063232421875,0.3471732437610626,23.14120983382066,0.2,0.9456806182861328,0.0003,-0.020449626488940945,7.766164779663086,0.19778074,5080
1764,6266880,457.59,3551,510,349.6986258499999,-4.211210946242015,0.7129720052083334,0.34683141112327576,29.760944201548895,0.2,0.9418163299560547,0.0003,-0.010786337137687951,9.729676246643066,0.16150256,5090
1767,6279168,471.16,3553,511,375.73249795,-4.182834338148435,0.7128987630208333,0.3455638587474823,29.216297988096873,0.2,0.9362645149230957,0.0003,-0.013170447185984813,19.07170867919922,0.1548727,5100
1769,6291456,450.82,3555,512,358.67908086000006,-4.160581290721893,0.6977213541666667,0.3455103635787964,22.03024798631668,0.2,0.9215230941772461,0.0003,-0.026019692568418882,6.009311199188232,0.18569191,5110
1772,6303744,484.38,3557,513,390.05778001000004,-4.145207404096921,0.6889404296875,0.3445616662502289,36.14116076429685,0.2,0.9178338646888733,0.0003,-0.021010741059823583,17.588871002197266,0.1458079,5120
1774,6316032,460.52,3559,514,374.69000213,-4.153432439764341,0.7480224609375,0.3454022705554962,28.116699481010436,0.2,0.9381290674209595,0.0003,0.0005078409895456086,10.88371467590332,0.19150321,5130
1777,6328320,448.73,3561,515,346.80739801999994,-4.163409159580866,0.6978271484375,0.345477819442749,39.34369699756304,0.2,0.9155870079994202,0.0003,-0.017718861258375303,15.630424499511719,0.15875162,5140
1779,6340608,459.29,3563,516,350.12907781,-4.215302957097689,0.91533203125,0.3499610722064972,20.772980746626853,0.2,0.9415143132209778,0.0003,0.15241869964520446,5.324439525604248,0.8347151,5150
1781,6352896,460.34,3565,517,337.17766675000007,-4.289685572187106,0.708984375,0.3485076427459717,26.20711642106374,0.2,0.9076327681541443,0.0003,-0.0165951617944908,5.055936336517334,0.18060379,5160
1784,6365184,502.62,3567,518,367.1470916400001,-4.278845852613449,0.7205647786458333,0.34890803694725037,22.52974173029264,0.2,0.9360388517379761,0.0003,-0.02048822154465597,12.351250648498535,0.21266063,5170
1786,6377472,515.4,3569,519,372.74221554,-4.2675589154164,0.7575927734375,0.348254531621933,17.63192398051421,0.2,0.9431775212287903,0.0003,-0.00455428332691857,6.7674970626831055,0.23077326,5180
1789,6389760,524.78,3571,520,375.37781477000004,-4.2502094139655435,0.717431640625,0.3476771414279938,14.69302645723025,0.2,0.9555079340934753,0.0003,-0.020756830949297485,5.568925380706787,0.20550561,5190
1791,6402048,530.39,3572,521,401.51137085999994,-4.251115095615387,0.6854736328125,0.3473150432109833,20.593714859088262,0.2,0.9319376945495605,0.0003,-0.02419365681319808,6.713656902313232,0.17925833,5200
1794,6414336,543.96,3574,522,404.5307182700001,-4.233453373114268,0.6735107421875,0.3471446931362152,17.90899479786555,0.2,0.9398274421691895,0.0003,-0.0264318836358143,10.360480308532715,0.15990046,5210
1796,6426624,539.95,3576,523,405.68212452,-4.226913917064667,0.7100016276041666,0.346869558095932,19.73607716858387,0.2,0.9334326386451721,0.0003,-0.018626632327989986,11.212821960449219,0.19585638,5220
1799,6438912,539.7,3578,524,407.4510302899999,-4.2578885863224665,0.800341796875,0.34885072708129883,15.997478046019872,0.2,0.9425220489501953,0.0003,0.033325114676942276,3.200263261795044,0.27101448,5230
1801,6451200,497.38,3580,525,357.9068602499999,-4.270534495512645,0.6669596354166667,0.3482383191585541,16.28922077616056,0.2,0.9452688694000244,0.0003,-0.027302084564386556,4.6692399978637695,0.1536452,5240
1803,6463488,476.28,3582,526,345.58847468999994,-4.244910633563995,0.6964192708333333,0.3474702537059784,19.89952312906583,0.2,0.9504623413085938,0.0003,-0.021881807661945155,4.743788719177246,0.1915644,5250
1806,6475776,448.32,3584,527,326.63397842,-4.225189652045568,0.6869710286458334,0.3468947410583496,30.6060251057148,0.2,0.9301797747612,0.0003,-0.02261308899226909,9.108057022094727,0.1464862,5260
1808,6488064,464.15,3586,528,354.08520552000004,-4.191480073332786,0.6380940755208333,0.34549033641815186,28.829280050595603,0.2,0.93930983543396,0.0003,-0.036144820102587495,8.1394681930542,0.13626939,5270
1811,6500352,479.57,3588,529,369.6609192199999,-4.170020608107249,0.7274820963541667,0.3455716669559479,17.756383491555848,0.2,0.9509347081184387,0.0003,-0.02031003777810838,10.246315002441406,0.23488693,5280
1813,6512640,489.6,3590,530,391.07832364,-4.169862523674965,0.7096354166666666,0.3452429473400116,27.372487020492553,0.2,0.922380805015564,0.0003,-0.016314926461685295,13.729976654052734,0.16989593,5290
1816,6524928,503.8,3592,531,398.43142998,-4.140750119090081,0.6481852213541667,0.3440704345703125,27.577257206042606,0.2,0.9343127012252808,0.0003,-0.030086631088245972,10.396702766418457,0.14728008,5300
1818,6537216,472.13,3594,532,374.70706357999995,-4.136377841234207,0.7578776041666667,0.3439368009567261,12.694235642751059,0.2,0.96284019947052,0.0003,-0.008118033743812703,4.620948314666748,0.24914473,5310
1821,6549504,473.46,3596,533,377.9011391099999,-4.121365157763163,0.65771484375,0.3439292013645172,35.95815042853356,0.2,0.9285920858383179,0.0003,-0.02913977782445727,9.543116569519043,0.1318479,5320
1823,6561792,466.15,3598,534,380.99383919,-4.106720253825188,0.7359456380208333,0.34329691529273987,21.038274842500687,0.2,0.9446622729301453,0.0003,-0.004341246545664035,5.854002475738525,0.18628062,5330
1825,6574080,475.68,3600,535,386.4131912300001,-4.075984917084376,0.6440185546875,0.3424622118473053,41.31254714727402,0.2,0.9198679327964783,0.0003,-0.02599750195319454,12.273235321044922,0.10890496,5340
1828,6586368,470.19,3602,536,372.2537734,-4.078782405455907,0.7416259765625,0.34281930327415466,19.179508298635483,0.2,0.953676700592041,0.0003,-0.006875296935807758,4.076056480407715,0.2261465,5350
1830,6598656,452.16,3604,537,347.08214248,-4.044322796662649,0.6746744791666667,0.3414674699306488,25.21393612821897,0.2,0.9380701780319214,0.0003,-0.02744610553684955,6.389777183532715,0.1711828,5360
1833,6610944,464.42,3605,538,360.30572118,-4.031039529045423,0.7508382161458333,0.34166762232780457,24.218660565217338,0.2,0.9387626051902771,0.0003,-0.006465912021424932,9.587285995483398,0.23877706,5370
1836,6623232,474.04,3607,539,371.91634587999994,-4.016871368388335,0.7135660807291667,0.34054985642433167,29.918931104739507,0.2,0.9353587031364441,0.0003,-0.010586819639623475,10.199512481689453,0.17633422,5380
1838,6635520,505.98,3608,540,401.29260680999994,-3.97181337227424,0.7413248697916667,0.3397305905818939,19.07543854912122,0.2,0.9499372243881226,0.0003,-0.009037335851462557,12.149161338806152,0.2774544,5390
1841,6647808,515.71,3610,541,413.25050126,-3.963505744934082,0.6988932291666666,0.33906614780426025,26.13018591403961,0.2,0.9312220215797424,0.0003,-0.017674621292583955,21.46636390686035,0.14801787,5400
1843,6660096,505.54,3612,542,410.81830432999993,-3.9422078251838686,0.6964518229166666,0.33873724937438965,23.707601177692414,0.2,0.9397105574607849,0.0003,-0.025038049356468643,6.5951313972473145,0.18541217,5410
1845,6672384,445.13,3614,543,358.85997692999996,-3.9398477281133335,0.6852701822916667,0.33803701400756836,27.924860032399497,0.2,0.9433103799819946,0.0003,-0.02574459073948674,11.450445175170898,0.15838414,5420
1848,6684672,445.46,3616,544,366.34934914999997,-3.9204168394207954,0.7552734375,0.33805808424949646,25.137785759568214,0.2,0.9458019137382507,0.0003,0.004009900806704536,6.694815635681152,0.1993991,5430
1850,6696960,428.26,3619,545,329.76884137,-3.909240378936132,0.7237141927083334,0.3377362787723541,25.21145608027776,0.2,0.9400969743728638,0.0003,-0.01705274299213973,8.304360389709473,0.19391966,5440
1852,6709248,455.95,3621,546,357.27780674,-3.9159388159712156,0.7294026692708333,0.33751142024993896,21.56210699280103,0.2,0.9431109428405762,0.0003,-0.013673523132456466,6.239150047302246,0.21311052,5450
1855,6721536,498.61,3623,547,390.46970590999996,-3.910528699060281,0.7431966145833333,0.337615966796875,18.75899892648061,0.2,0.933243989944458,0.0003,-0.009063954050361644,11.460753440856934,0.21628654,5460
1857,6733824,529.27,3625,548,419.69227031,-3.8963439305623373,0.75380859375,0.3375498354434967,19.795994919538497,0.2,0.9526663422584534,0.0003,0.0034157623401066908,8.047714233398438,0.22929996,5470
1859,6746112,530.25,3627,549,411.25867511999996,-3.9073723499973614,0.7462239583333333,0.3376734256744385,13.878698664903641,0.2,0.9519588351249695,0.0003,-0.005671272551990114,6.8437581062316895,0.22126214,5480
1862,6758400,486.71,3629,550,375.92234942000005,-3.904350989063581,0.6726969401041667,0.33757081627845764,23.482303768396378,0.2,0.9336526393890381,0.0003,-0.028043645412738745,6.21614933013916,0.14591911,5490
1864,6770688,465.55,3631,551,362.05267296,-3.90344481865565,0.75419921875,0.337518572807312,24.50397810836633,0.2,0.9448375105857849,0.0003,0.0075535782586181694,15.176347732543945,0.18072326,5500
1866,6782976,449.09,3633,552,345.9984239600001,-3.8877897401650747,0.680615234375,0.3365623950958252,27.833666743834815,0.2,0.9326940774917603,0.0003,-0.02369164479969186,6.807249546051025,0.15417285,5510
1869,6795264,459.38,3635,553,358.05224745999993,-3.8580162664254507,0.728125,0.3362254202365875,27.591812988122303,0.2,0.93837571144104,0.0003,-0.010449388629058375,11.177517890930176,0.18260638,5520
1871,6807552,463.01,3637,554,363.43389191,-3.8368914609154063,0.6999104817708334,0.3354901075363159,22.818764179944992,0.2,0.9507756233215332,0.0003,-0.017189870003494433,6.861536979675293,0.16285984,5530
1873,6819840,452.31,3639,555,357.34063901,-3.916544413069884,0.9053141276041666,0.34148362278938293,21.539023796717327,0.2,0.9566885232925415,0.0003,0.14727665668275827,9.450026512145996,0.8668758,5540
1876,6832128,426.53,3641,556,334.0010084,-4.0102210213740666,0.6212483723958333,0.3404702842235565,30.915424720446268,0.2,0.9382840394973755,0.0003,-0.03461841472017113,8.891098022460938,0.11690465,5550
1878,6844416,453.37,3643,557,354.9495722,-3.993435031672319,0.651220703125,0.3402763605117798,32.31981812516848,0.2,0.9325429201126099,0.0003,-0.03140801812987774,16.2636775970459,0.15300094,5560
1880,6856704,425.15,3645,558,312.9253495,-3.987314390639464,0.6949788411458333,0.34016111493110657,32.76224889159202,0.2,0.9346769452095032,0.0003,-0.02041214247486399,23.61174774169922,0.15896589,5570
1883,6868992,454.59,3647,559,344.48519983,-3.988502799967925,0.6854166666666667,0.3399881422519684,29.893108240763347,0.2,0.9310085773468018,0.0003,-0.021887669935434437,8.160539627075195,0.16825855,5580
1885,6881280,443.47,3649,560,344.86358686,-3.965674037237962,0.7256510416666667,0.33948394656181335,22.61737834016482,0.2,0.9594153165817261,0.0003,-0.013833854636565472,5.385218143463135,0.2044254,5590
1887,6893568,417.54,3651,561,322.57057581000004,-3.95152966628472,0.6821614583333333,0.3386606276035309,31.20415012439092,0.2,0.938016951084137,0.0003,-0.025789800491475036,13.535168647766113,0.17199934,5600
1889,6905856,403.35,3653,562,314.21647817999997,-3.964621044198672,0.7238444010416667,0.33925187587738037,28.832101325194042,0.2,0.9356147050857544,0.0003,-0.016960743190914705,16.02921485900879,0.18574893,5610
1892,6918144,406.89,3655,563,313.39399831000003,-3.9775726522008577,0.7391520182291667,0.3394841253757477,19.52070091267427,0.2,0.9496306777000427,0.0003,-0.011197876632892682,7.011101722717285,0.2212838,5620
1894,6930432,405.8,3657,564,307.86119379,-3.949124348163605,0.7089192708333333,0.33937665820121765,24.698666512966156,0.2,0.9377394914627075,0.0003,-0.022592585819074883,12.465272903442383,0.1744823,5630
1897,6942720,439.77,3659,565,350.24734087,-3.9623604635397593,0.7142415364583333,0.33950063586235046,24.512626127401987,0.2,0.9425047039985657,0.0003,-0.021241786787868477,6.8945794105529785,0.19009411,5640
1899,6955008,433.82,3661,566,352.39311580000003,-3.945121981203556,0.6770426432291666,0.3384021818637848,29.908133099476498,0.2,0.9328379034996033,0.0003,-0.026335054198474,10.827600479125977,0.1599134,5650
1902,6967296,440.98,3662,567,356.8177696800001,-3.9313357959191007,0.6874186197916666,0.3381490409374237,24.08616115649541,0.2,0.9459843635559082,0.0003,-0.029976479777057346,10.98914909362793,0.17619412,5660
1904,6979584,450.64,3664,568,370.10205848,-3.922710125645002,0.7339518229166667,0.3383437395095825,27.251090741157533,0.2,0.9421573877334595,0.0003,-0.0125510169697615,7.323879241943359,0.18859462,5670
1907,6991872,455.82,3666,569,360.6928032899999,-3.9500385334094363,0.768896484375,0.3390442132949829,17.770784446597098,0.2,0.9548482298851013,0.0003,0.007055655492392058,4.757076263427734,0.25669113,5680
1909,7004160,463.85,3667,570,368.18919086999995,-3.913285973171393,0.6996744791666667,0.33840808272361755,29.861576314767202,0.2,0.93045574426651,0.0003,-0.020437893984490075,8.786181449890137,0.18230933,5690
1912,7016448,471.56,3669,571,384.77000336,-3.9513913785417873,0.7771402994791666,0.3394778072834015,33.19907262921333,0.2,0.937225341796875,0.0003,0.019355326312749336,6.146510124206543,0.20849459,5700
1914,7028736,442.79,3671,572,348.75381993,-3.9273109033703806,0.7099446614583333,0.33842015266418457,32.870595039923984,0.2,0.9368088841438293,0.0003,-0.016463438911402287,9.88105297088623,0.17945057,5710
1916,7041024,435.88,3673,573,337.25371233,-3.9320542717973392,0.7197916666666667,0.33828333020210266,28.150811606645583,0.2,0.9225878119468689,0.0003,-0.018965111708530456,4.586517333984375,0.2043525,5720
1918,7053312,417.02,3675,574,328.27750083000006,-3.8968857268492383,0.7462565104166666,0.33798739314079285,25.497497415542604,0.2,0.9367145895957947,0.0003,-0.010784437436571655,5.518799781799316,0.20318489,5730
1921,7065600,429.2,3677,575,341.47569866000003,-3.908311506609122,0.7197428385416667,0.33817005157470703,28.340521097183228,0.2,0.9375847578048706,0.0003,-0.013394140739304323,14.891520500183105,0.17064936,5740
1923,7077888,413.09,3679,576,338.99051870000005,-3.895165595412254,0.7085123697916667,0.3375621736049652,29.58317748506864,0.2,0.9335808753967285,0.0003,-0.019883877056417986,8.703012466430664,0.18910056,5750
1925,7090176,425.05,3682,577,344.96491327,-3.869566417237123,0.7017985026041667,0.33679667115211487,27.000066047906877,0.2,0.9364292025566101,0.0003,-0.019906266603114394,7.915024280548096,0.17034571,5760
1927,7102464,463.24,3684,578,375.40086663,-3.863065163294474,0.771337890625,0.33673930168151855,16.05145492355029,0.2,0.9560732841491699,0.0003,-0.0035899477690691127,6.03346586227417,0.29054418,5770
1930,7114752,427.74,3685,579,340.27003433000004,-3.86855012178421,0.6892903645833334,0.3370712101459503,32.01690324942271,0.2,0.9247235059738159,0.0003,-0.021655631562074024,10.849485397338867,0.14455564,5780
1932,7127040,458.45,3687,580,362.28810824,-3.8785450105865795,0.7244303385416667,0.33702996373176575,32.308722613255185,0.2,0.9119551777839661,0.0003,-0.013292762670122709,10.14134693145752,0.17516547,5790
1935,7139328,460.93,3689,581,361.20191108,-3.860349842905998,0.7048421223958333,0.33645692467689514,24.87679933508237,0.2,0.9417174458503723,0.0003,-0.024146800998520727,9.39419174194336,0.18638577,5800
1937,7151616,455.16,3691,582,357.7849867,-3.860247229039669,0.7380859375,0.336463063955307,20.432927309473357,0.2,0.9444645643234253,0.0003,-0.014755792387101488,8.659648895263672,0.21962094,5810
1939,7163904,450.57,3693,583,353.6589400199999,-3.840346215168635,0.6949625651041667,0.3358423411846161,27.85969876050949,0.2,0.9456037878990173,0.0003,-0.022848190438041153,7.142298698425293,0.15500434,5820
1941,7176192,432.63,3695,584,330.93615955,-3.8336998492479326,0.7360514322916667,0.3360258638858795,26.014236211776733,0.2,0.9315894246101379,0.0003,-0.008193649719275223,7.062696933746338,0.17881262,5830
1944,7188480,424.02,3697,585,323.77554596,-3.8084135949611664,0.7057373046875,0.3350743055343628,22.026011153062186,0.2,0.9430246353149414,0.0003,-0.024214256702301405,7.273274898529053,0.20476025,5840
1946,7200768,448.36,3699,586,347.9243049499999,-3.7964780310789745,0.744189453125,0.3354504108428955,27.61508255402247,0.2,0.9474882483482361,0.0003,-0.005377681891453297,10.11608600616455,0.2118191,5850
1948,7213056,423.06,3701,587,332.69298841999995,-3.8181842153271037,0.70947265625,0.335669606924057,29.9035750746727,0.2,0.9292450547218323,0.0003,-0.012556935448083095,6.933948516845703,0.15384088,5860
1950,7225344,451.41,3703,588,357.46307872000006,-3.7696284035841625,0.7134602864583334,0.3343242108821869,27.560620494683583,0.2,0.9461943507194519,0.0003,-0.021358642142634682,10.579052925109863,0.17457986,5870
1953,7237632,443.01,3705,589,338.1117841099999,-3.7438551152745885,0.6852945963541667,0.33380743861198425,34.68929118315379,0.2,0.916285514831543,0.0003,-0.029904005439796797,17.603374481201172,0.1721375,5880
1955,7249920,462.77,3707,590,353.11277248,-3.7469267696142197,0.755517578125,0.3336962163448334,26.947954748074213,0.2,0.930471658706665,0.0003,-0.008913436867199682,10.594146728515625,0.21978481,5890
1957,7262208,475.96,3709,591,360.1678298399999,-3.7309093082944553,0.7401611328125,0.3337225914001465,22.17716947098573,0.2,0.9405792951583862,0.0003,-0.012088955846168876,7.709769248962402,0.22149627,5900
1959,7274496,434.9,3711,592,317.71087259,-3.7480432614684105,0.7509847005208333,0.3337276875972748,22.220924300948777,0.2,0.9335117340087891,0.0003,0.0026836275443201884,7.453097343444824,0.2017567,5910
1962,7286784,446.98,3713,593,341.43951477999997,-3.7600885878006616,0.7044677734375,0.3344893157482147,34.936398599545164,0.2,0.9241864681243896,0.0003,-0.020558925888811547,12.464896202087402,0.18303491,5920
1964,7299072,429.88,3715,594,324.2615057400001,-3.750194737315178,0.6828206380208334,0.3336755931377411,32.377401854594545,0.2,0.9129696488380432,0.0003,-0.02755948312357456,9.173779487609863,0.17494993,5930
1966,7311360,413.61,3717,595,323.27268661,-3.785850953559081,0.7848714192708334,0.33517274260520935,24.47013164162636,0.2,0.9325219392776489,0.0003,0.01205334860618071,7.784170150756836,0.25591806,5940
1968,7323648,418.45,3719,596,324.18513197,-3.798945250113805,0.7359944661458333,0.33551719784736633,21.58825272421042,0.2,0.9480253458023071,0.0003,-0.014319236930653763,6.490372657775879,0.21483941,5950
1971,7335936,420.2,3721,597,327.47640819,-3.7799722482760747,0.6733479817708333,0.33475005626678467,34.41926567753156,0.2,0.9324265718460083,0.0003,-0.02914827472898954,10.030502319335938,0.13389583,5960
1973,7348224,443.94,3723,598,337.9836214899999,-3.7562330390016236,0.695849609375,0.334218829870224,28.0510217577219,0.2,0.9301365613937378,0.0003,-0.02680176805733936,6.729250431060791,0.15988906,5970
1975,7360512,451.96,3725,599,352.41012372999995,-3.7561230406165125,0.7507080078125,0.3343680799007416,20.506573590636254,0.2,0.9458640813827515,0.0003,-0.012320431433424043,6.215573310852051,0.25599632,5980
1978,7372800,453.86,3727,600,350.17046414,-3.7384138360619543,0.6725260416666666,0.33353695273399353,33.902777047952014,0.2,0.9353903532028198,0.0003,-0.030403379131651795,10.450556755065918,0.15093012,5990
1980,7385088,456.99,3729,601,352.04265194,-3.727095784743627,0.747412109375,0.33354583382606506,26.303112375736237,0.2,0.9204407334327698,0.0003,-0.006799559433178123,6.4012532234191895,0.22072412,6000
1982,7397376,437.03,3731,602,332.4438147,-3.7806886543830234,0.8853841145833333,0.33735454082489014,20.0044244458278,0.2,0.9405695199966431,0.0003,0.11743921258021146,7.380769729614258,0.56322867,6010
1984,7409664,434.65,3733,603,317.05644123,-3.8720081826051076,0.6683430989583333,0.3374510109424591,31.75646717151006,0.2,0.9245887398719788,0.0003,-0.028913293659570627,11.34627914428711,0.1420071,6020
1987,7421952,441.21,3734,604,325.76104159,-3.900071093936761,0.7619384765625,0.3379279673099518,21.492091896136603,0.2,0.9343733191490173,0.0003,-0.00026413001566349216,7.611112594604492,0.22705007,6030
1989,7434240,443.67,3736,605,322.73220652,-3.8575849855939546,0.6757893880208333,0.33640822768211365,26.5527657131354,0.2,0.9318656325340271,0.0003,-0.029411093384745377,6.534694671630859,0.14882787,6040
1991,7446528,447.31,3738,606,331.04959898,-3.8132762173811594,0.7390706380208333,0.3351593315601349,20.632790351907413,0.2,0.9447668194770813,0.0003,-0.017508477686351397,8.642719268798828,0.22010173,6050
1994,7458816,444.65,3740,607,345.2064440900001,-3.7632438128193217,0.6503662109375,0.3337615728378296,39.06278267304103,0.2,0.9235725402832031,0.0003,-0.03428005365033945,13.588484764099121,0.1353585,6060
1996,7471104,446.84,3742,608,352.11387208,-3.722302045424779,0.7186686197916666,0.3327389061450958,28.26931347052256,0.2,0.9304922819137573,0.0003,-0.016721150780116052,12.707919120788574,0.17025124,6070
1998,7483392,469.19,3744,609,372.17934747000004,-3.7059008101622264,0.7030110677083333,0.33272913098335266,28.628754639625548,0.2,0.9392650723457336,0.0003,-0.028340895430301317,16.33997344970703,0.20233427,6080
2001,7495680,491.11,3745,610,397.41157591,-3.8146402378877005,0.905322265625,0.3386305272579193,24.91770054101944,0.2,0.9443065524101257,0.0003,0.1300407950708177,17.120742797851562,0.6709247,6090
2003,7507968,510.05,3747,611,403.15464476,-3.9090643847982087,0.6985595703125,0.33816543221473694,23.681819979349772,0.2,0.9468897581100464,0.0003,-0.021544662759212466,12.441264152526855,0.17435853,6100
2005,7520256,460.54,3749,612,361.1514520600001,-3.8936002324024837,0.6599934895833334,0.33784690499305725,35.39242788553238,0.2,0.9191086292266846,0.0003,-0.03299011601096329,22.975553512573242,0.1468032,6110
2007,7532544,440.04,3751,613,345.77543532,-3.8818505490819613,0.6967529296875,0.3372174799442291,27.267248235146205,0.2,0.937595009803772,0.0003,-0.026140114886220544,13.480643272399902,0.17099285,6120
2010,7544832,431.63,3753,614,336.67270226,-3.836928542951743,0.7110188802083334,0.3358539342880249,29.892714393138885,0.2,0.9307601451873779,0.0003,-0.021695677835668902,18.035541534423828,0.20175397,6130
2012,7557120,440.91,3755,615,342.7616312899999,-3.8025693808992704,0.7354329427083334,0.3355676233768463,26.628387006123862,0.2,0.9256247878074646,0.0003,-0.010766727176572507,8.108526229858398,0.23949246,6140
2014,7569408,463.93,3757,616,367.22542611000006,-3.799087552726269,0.7400146484375,0.33560314774513245,21.995013312498727,0.2,0.9423919916152954,0.0003,-0.016148634133666444,5.129683494567871,0.20623398,6150
2016,7581696,472.06,3758,617,376.9449939300001,-3.7868716046214104,0.7024739583333334,0.3349580466747284,25.75674130320549,0.2,0.9314790964126587,0.0003,-0.02597618416233066,21.136747360229492,0.1932713,6160
2019,7593984,447.3,3760,618,358.75482435999993,-3.7745992481708526,0.7038736979166667,0.33452990651130676,26.916122156381608,0.2,0.9294962882995605,0.0003,-0.029999536228812455,12.776047706604004,0.18761289,6170
2021,7606272,475.09,3762,619,384.92499797999994,-3.77753616074721,0.7929931640625,0.33526375889778137,24.037778304020563,0.2,0.9323451519012451,0.0003,0.020234485567198136,7.177610874176025,0.27443662,6180
2023,7618560,482.03,3764,620,395.98174595000006,-3.776320120692253,0.7175618489583333,0.3348311185836792,27.10310866832733,0.2,0.9371107220649719,0.0003,-0.01498324643956342,13.226613998413086,0.18478374,6190
2025,7630848,474.15,3766,621,394.21625821000003,-3.7718417078256605,0.70966796875,0.33496764302253723,24.344065477450687,0.2,0.9225606918334961,0.0003,-0.023284996909690867,9.8413667678833,0.17674242,6200
2028,7643136,463.33,3768,622,377.6095948,-3.74860160301129,0.6607828776041667,0.33413422107696533,37.84837938348452,0.2,0.9341638088226318,0.0003,-0.030379211702772104,14.434822082519531,0.14223796,6210
2030,7655424,438.94,3770,623,346.27181778000005,-3.768047990898291,0.7290934244791667,0.3345664441585541,26.672559690475463,0.2,0.9424050450325012,0.0003,-0.012139717891598897,8.192277908325195,0.19170408,6220
2032,7667712,418.91,3771,624,325.11598016,-3.7654387816786765,0.674609375,0.3350639045238495,35.12127533356349,0.2,0.9304383993148804,0.0003,-0.02987180619772213,14.09206771850586,0.17057252,6230
2035,7680000,431.21,3773,625,322.61089379,-3.7741520499189694,0.7355631510416667,0.3351869285106659,22.55054525534312,0.2,0.9380733370780945,0.0003,-0.01749695310136303,7.334620952606201,0.20893036,6240
2037,7692288,442.75,3775,626,336.21321171999995,-3.803748494386673,0.7666097005208333,0.33587726950645447,22.502002875010174,0.2,0.9332799315452576,0.0003,-0.0015772284532431513,5.541447639465332,0.2254843,6250
2039,7704576,465.73,3777,627,364.87322600999994,-3.804247018694878,0.69716796875,0.3357713222503662,24.58020098010699,0.2,0.9392383694648743,0.0003,-0.02638032645821416,14.25841999053955,0.20051134,6260
2041,7716864,494.21,3779,628,383.17914966000006,-3.7874762624502183,0.742138671875,0.33547601103782654,21.52960584263007,0.2,0.9339149594306946,0.0003,-0.016741470314445905,7.994608402252197,0.24901988,6270
2044,7729152,486.66,3781,629,381.5210063400001,-3.7773385902245837,0.7207194010416667,0.3354240655899048,30.093815879027048,0.2,0.9326659440994263,0.0003,-0.013803814388423537,10.62465763092041,0.1789865,6280
2046,7741440,492.19,3782,630,378.61500622,-3.821673162281513,0.7737548828125,0.3371851444244385,25.242711917559305,0.2,0.9428995847702026,0.0003,0.010369770425798681,18.90035629272461,0.2140588,6290
2048,7753728,455.36,3784,631,341.85346315000004,-3.857472649216652,0.7360758463541667,0.3376704156398773,22.47440149684747,0.2,0.9439399838447571,0.0003,-0.015531329476895431,9.203133583068848,0.21271725,6300
2051,7766016,474.99,3786,632,375.62657831,-3.84104841897885,0.6939208984375,0.33695849776268005,28.188216062386832,0.2,0.9381306767463684,0.0003,-0.023778677456236134,6.639003753662109,0.15394358,6310
2053,7778304,462.36,3788,633,356.56175587000007,-3.8246351733803747,0.7080891927083334,0.33628103137016296,29.90736016432444,0.2,0.9419745206832886,0.0003,-0.020164047866031373,14.011689186096191,0.1789469,6320
2055,7790592,464.79,3790,634,375.14288201000005,-3.831533174216747,0.7510416666666667,0.336594820022583,21.674207137028375,0.2,0.9537979364395142,0.0003,0.00045060989214107394,7.328181743621826,0.21226442,6330
2057,7802880,495.17,3791,635,404.4365915999999,-3.8323572893937428,0.7166666666666667,0.3367699682712555,34.09009786248207,0.2,0.9174747467041016,0.0003,-0.017735627084524214,9.532012939453125,0.18110639,6340
2060,7815168,485.86,3793,636,379.23242873000004,-3.8229669695099195,0.6988362630208333,0.33602914214134216,25.15634261171023,0.2,0.9262730479240417,0.0003,-0.02562631551603166,9.082830429077148,0.1833723,6350
2062,7827456,493.99,3795,637,388.18718856999993,-3.809409847855568,0.7379964192708334,0.33558082580566406,21.77934316198031,0.2,0.9419107437133789,0.0003,-0.015923437286983245,9.237533569335938,0.21492954,6360
2064,7839744,488.02,3797,638,365.8412744699999,-3.7854845002293587,0.7057210286458333,0.33511629700660706,30.19016010562579,0.2,0.9199813604354858,0.0003,-0.025243285296892282,7.606419086456299,0.18101406,6370
2066,7852032,485.81,3798,639,360.96373719999997,-3.8004192541042965,0.7871500651041666,0.33561158180236816,20.08656011124452,0.2,0.9461478590965271,0.0003,0.008559929711918813,8.01550579071045,0.30428544,6380
2069,7864320,471.24,3800,640,351.26511081999996,-3.8863492255409557,0.8410563151041667,0.3387777507305145,19.739079323410987,0.2,0.9349294900894165,0.0003,0.05779710284647687,11.136696815490723,0.33722106,6390
2071,7876608,477.2,3802,641,364.62774916,-3.889308030406634,0.6591959635416667,0.33786216378211975,26.585744007428488,0.2,0.941561758518219,0.0003,-0.03341433752017717,8.732481002807617,0.14373763,6400
2073,7888896,494.64,3804,642,386.0217964799999,-3.8743830626209577,0.7340413411458333,0.3376803398132324,23.011830443143843,0.2,0.9469343423843384,0.0003,-0.012901527239591815,4.742575645446777,0.2010688,6410
2076,7901184,484.97,3805,643,389.19643859,-3.8896539847056073,0.723583984375,0.338179349899292,22.19529559612274,0.2,0.9409715533256531,0.0003,-0.018031347719079348,10.803605079650879,0.19505207,6420
2078,7913472,501.99,3807,644,418.89056035999994,-3.878249467909336,0.6682779947916667,0.3372851312160492,26.166314498583475,0.2,0.9470348358154297,0.0003,-0.030639739044515106,5.0031609535217285,0.16207816,6430
2080,7925760,498.71,3809,645,415.3630176200001,-3.8599709336956343,0.6507893880208333,0.33667346835136414,33.85743852059046,0.2,0.9277315735816956,0.0003,-0.03624978969116152,7.362501621246338,0.13920732,6440
2082,7938048,458.6,3811,646,378.53966839000003,-3.909765030443668,0.889794921875,0.3407796323299408,30.989679821332295,0.2,0.9318056702613831,0.0003,0.11924185214059738,16.481416702270508,0.75741464,6450
2085,7950336,427.56,3812,647,347.3829771300001,-3.977910716334979,0.7000732421875,0.3402169644832611,23.665079653263092,0.2,0.9362185001373291,0.0003,-0.02594706847933897,9.068380355834961,0.18953685,6460
2087,7962624,405.81,3814,648,333.14747539,-3.942173521717389,0.6524251302083334,0.33915337920188904,33.548735374212264,0.2,0.9356499910354614,0.0003,-0.034929451277518335,10.905352592468262,0.1446886,6470
2089,7974912,394.55,3816,649,319.87048136,-3.922306896249453,0.7508056640625,0.33837541937828064,31.22236220637957,0.2,0.9388513565063477,0.0003,0.0004433478859330838,12.616679191589355,0.17700545,6480
2091,7987200,385.77,3818,650,308.74747946,-3.9099180658658343,0.7360270182291667,0.3381964862346649,26.021560660998027,0.2,0.9347270727157593,0.0003,-0.014459183264989406,6.6109137535095215,0.18604977,6490
2094,7999488,388.11,3819,651,301.9631873,-3.902858370045821,0.7299397786458334,0.3379654884338379,22.75990897218386,0.2,0.946642279624939,0.0003,-0.016461217379158673,6.346602916717529,0.2050157,6500
2096,8011776,427.57,3821,652,339.97336701,-3.9219311753908794,0.780615234375,0.3389800488948822,20.922107215722402,0.2,0.9544376730918884,0.0003,0.009592843382658126,10.161714553833008,0.24761033,6510
2098,8024064,456.69,3823,653,365.36479446000004,-3.9477648536364236,0.7333821614583333,0.33998551964759827,20.204047218958536,0.2,0.9502414464950562,0.0003,-0.017248642554235024,9.199053764343262,0.23606765,6520
2101,8036352,498.85,3824,654,395.98042562999996,-3.954605470597744,0.7362711588541667,0.339794397354126,18.68355237841606,0.2,0.9455468654632568,0.0003,-0.017745425994022904,8.553435325622559,0.22834492,6530
2103,8048640,511.47,3826,655,409.2600719599999,-3.928796873986721,0.7324544270833333,0.33868980407714844,17.49237948656082,0.2,0.9450469017028809,0.0003,-0.014845204148635579,8.973381042480469,0.20376988,6540
2105,8060928,492.73,3828,656,391.5368694300001,-3.888744436701139,0.6847330729166666,0.33754613995552063,28.508020170529683,0.2,0.9394301176071167,0.0003,-0.029478493902812868,22.590864181518555,0.1606589,6550
2107,8073216,464.97,3829,657,364.58344264,-3.8559704716006915,0.7076334635416667,0.3365458548069,26.992070802052815,0.2,0.9423877596855164,0.0003,-0.019681857061126115,11.323129653930664,0.19349962,6560
2110,8085504,429.25,3831,658,343.7778300199999,-3.8575286701321603,0.7621663411458334,0.3368988037109375,26.11382011771202,0.2,0.9286588430404663,0.0003,0.00901665868392835,5.519111156463623,0.19179444,6570
2112,8097792,463.56,3833,659,353.26329528,-3.828660161793232,0.7214436848958333,0.3359927237033844,23.51579697926839,0.2,0.9352269172668457,0.0003,-0.01632760709374755,14.740286827087402,0.21264899,6580
2114,8110080,442.72,3834,660,323.36145991,-3.8403087491790453,0.734912109375,0.3366777002811432,22.47571483751138,0.2,0.9309039115905762,0.0003,-0.010789468860214887,4.132212162017822,0.20452148,6590
2117,8122368,479.09,3836,661,357.14056428,-3.8315278177460033,0.701953125,0.33569011092185974,26.642553597688675,0.2,0.9484866261482239,0.0003,-0.027032099979017708,10.485612869262695,0.18652241,6600
2119,8134656,503.48,3838,662,372.2135782499999,-3.8198981399337453,0.7184488932291667,0.33588114380836487,19.165166473388673,0.2,0.933808445930481,0.0003,-0.023256680153523727,10.685778617858887,0.23114996,6610
2121,8146944,469.51,3839,663,354.39457467999983,-3.858840934932232,0.7899820963541667,0.3362540006637573,21.45522858997186,0.2,0.9425806403160095,0.0003,0.014550936017379475,9.136812210083008,0.22929953,6620
2123,8159232,485.66,3841,664,374.55011336999996,-3.8012328182657558,0.6829915364583333,0.33509382605552673,30.463373784224192,0.2,0.9280874729156494,0.0003,-0.02434750178848238,15.955423355102539,0.17134921,6630
2126,8171520,471.23,3843,665,361.17619612000004,-3.786046611269315,0.6935302734375,0.3346085548400879,24.189470581213634,0.2,0.940760612487793,0.0003,-0.027271803369512782,11.448064804077148,0.1933838,6640
2128,8183808,460.12,3844,666,352.22016881,-3.790617554883162,0.7228678385416667,0.33506718277931213,25.45176188747088,0.2,0.9265112280845642,0.0003,-0.02059557945273506,21.550579071044922,0.21428728,6650
2130,8196096,479.67,3846,667,363.03956745000005,-3.882323802014192,0.8973388671875,0.33962714672088623,19.333520485957465,0.2,0.9422411918640137,0.0003,0.11936146912145583,8.65255069732666,0.61868995,6660
2133,8208384,471.34,3848,668,364.26891943000004,-3.9407988170782726,0.71142578125,0.33963122963905334,20.094946626822153,0.2,0.9347683787345886,0.0003,-0.02368009690059504,6.827682971954346,0.19683343,6670
2135,8220672,472.18,3849,669,360.4459018799999,-3.9339685291051865,0.645263671875,0.33877477049827576,30.117898007233936,0.2,0.9283338189125061,0.0003,-0.03686261309000353,6.865653991699219,0.13470842,6680
2137,8232960,470.18,3851,670,365.65567941999996,-3.9789572661121686,0.809228515625,0.340648889541626,17.720366755127905,0.2,0.951813280582428,0.0003,0.04574349790248865,11.162611961364746,0.27492324,6690
2139,8245248,451.23,3853,671,345.87945462000005,-3.9774621124068896,0.6741861979166667,0.3399932384490967,26.44427824219068,0.2,0.9317327737808228,0.0003,-0.029173833746851112,11.838272094726562,0.15177289,6700
2142,8257536,438.9,3854,672,334.3569382,-3.9666162768999738,0.6965413411458333,0.3400222361087799,28.38771048386892,0.2,0.9282618165016174,0.0003,-0.024462882090786783,9.494701385498047,0.16307226,6710
2144,8269824,419.15,3856,673,314.4470788,-3.927638225754102,0.6806396484375,0.3382924795150757,30.645291604598363,0.2,0.9360260367393494,0.0003,-0.02922634026617743,7.555163383483887,0.14874806,6720
2146,8282112,420.6,3858,674,317.5262982,-3.898448832333088,0.7236083984375,0.33788159489631653,25.019207203388213,0.2,0.925922155380249,0.0003,-0.01976586677483283,11.635767936706543,0.19632773,6730
2148,8294400,419.73,3859,675,331.84516047000005,-3.8851306304335593,0.727783203125,0.3371901214122772,27.02507739464442,0.2,0.9244217872619629,0.0003,-0.015896142809651792,19.8369197845459,0.19626307,6740
2151,8306688,361.17,3861,676,287.3810300899999,-3.8657940367857617,0.6845540364583333,0.33743393421173096,33.64888327519099,0.2,0.9285408854484558,0.0003,-0.032312206825493676,14.750885009765625,0.17027049,6750
2153,8318976,349.36,3863,677,278.37774048000006,-3.9140599335233373,0.7942057291666667,0.3385370075702667,24.29364668726921,0.2,0.9449802041053772,0.0003,0.02080689403131449,9.36594009399414,0.25894204,6760
2155,8331264,355.62,3864,678,270.74910046,-3.8942081958055494,0.695458984375,0.3374805748462677,29.939863608280817,0.2,0.9295305609703064,0.0003,-0.02567511244560592,12.939188957214355,0.1656928,6770
2157,8343552,412.25,3866,679,323.38920944,-3.8758265182375906,0.7008219401041667,0.33752933144569397,25.257992964982986,0.2,0.9282048344612122,0.0003,-0.025028859521262346,13.271671295166016,0.19517899,6780
2160,8355840,446.82,3868,680,350.900449,-3.8953661700089772,0.7541097005208334,0.3376096189022064,21.58922176559766,0.2,0.9314876794815063,0.0003,-0.00518075619377972,8.70225715637207,0.24265265,6790
2162,8368128,446.37,3869,681,352.8514416999999,-3.9079836587111156,0.7674235026041667,0.33824846148490906,22.736994709571203,0.2,0.9330222010612488,0.0003,0.002812797317650014,9.756476402282715,0.20822759,6800
2164,8380416,455.17,3871,682,359.69792452999997,-3.920228672027588,0.7260579427083333,0.3384699523448944,22.611330782373745,0.2,0.9342381954193115,0.0003,-0.018416162325108114,13.13361644744873,0.21307576,6810
2166,8392704,427.89,3872,683,335.8923213,-3.933675888677438,0.74873046875,0.3388179838657379,22.298866498470307,0.2,0.9422886371612549,0.0003,-0.010047131356744406,4.980417251586914,0.22067533,6820
2169,8404992,404.07,3874,684,306.36292273000004,-3.948255499204,0.762744140625,0.33867037296295166,19.374352754155794,0.2,0.9418560862541199,0.0003,0.0022977688315828954,13.026199340820312,0.20419632,6830
2171,8417280,374.85,3876,685,283.08220606,-3.889636134604613,0.6787272135416667,0.33702048659324646,32.838313378890355,0.2,0.9364346265792847,0.0003,-0.031259599741315466,20.167747497558594,0.14877631,6840
2173,8429568,372.67,3877,686,282.82828108,-3.897847633063793,0.7422770182291667,0.33747756481170654,23.10746009151141,0.2,0.9462239742279053,0.0003,-0.016810442831774706,13.561290740966797,0.21807921,6850
2176,8441856,351.22,3879,687,275.42205103000003,-3.889537283281485,0.6847086588541667,0.3376246392726898,28.375583044687907,0.2,0.9435685276985168,0.0003,-0.03278787547994095,6.7550368309021,0.17235482,6860
2178,8454144,364.89,3881,688,285.33650356000004,-3.888462705910206,0.7205485026041667,0.3373754322528839,33.00298071106275,0.2,0.9372588992118835,0.0003,-0.01777237018686719,10.125558853149414,0.18186045,6870
2180,8466432,380.34,3882,689,299.61327423,-3.98100317666928,0.8160888671875,0.34013238549232483,24.59156950910886,0.2,0.9495469927787781,0.0003,0.03501432034439252,8.882166862487793,0.279588,6880
2182,8478720,420.37,3884,690,336.9369027999999,-3.966326261560122,0.6736572265625,0.3395042419433594,28.52433094382286,0.2,0.9342336654663086,0.0003,-0.029564349582263578,7.801098823547363,0.16316865,6890
2185,8491008,433.49,3885,691,358.4427048500001,-3.9463756481806436,0.6938069661458334,0.3388526439666748,33.926242482662204,0.2,0.9276352524757385,0.0003,-0.02939275836130643,19.808124542236328,0.18162774,6900
2187,8503296,432.0,3887,692,339.68437133,-3.9389819090565044,0.7278971354166667,0.33851930499076843,37.83447311123212,0.2,0.9371805191040039,0.0003,-0.013042056566822188,15.041339874267578,0.17592888,6910
2189,8515584,407.28,3889,693,318.21530236,-3.9414350633819897,0.736328125,0.3389780521392822,28.189903990427652,0.2,0.9170818328857422,0.0003,-0.014055838464021994,7.1816558837890625,0.22222435,6920
2191,8527872,436.55,3890,694,343.44420187000003,-3.9443063870072366,0.7043619791666667,0.33888041973114014,29.500967492659885,0.2,0.9308744668960571,0.0003,-0.022124739633485054,17.442134857177734,0.18579894,6930
2194,8540160,421.04,3892,695,332.55582809,-3.9056941702961923,0.6728678385416667,0.3376532793045044,32.160118663311,0.2,0.9298009872436523,0.0003,-0.03054596441894925,7.627830505371094,0.14973488,6940
2196,8552448,431.05,3893,696,347.30843889999994,-3.8953426902492843,0.7489013671875,0.33713746070861816,23.521534087260566,0.2,0.9491002559661865,0.0003,-0.014577915964764543,8.683844566345215,0.23915452,6950
2198,8564736,412.91,3895,697,323.55499048,-3.8837672779957453,0.7213460286458333,0.33698728680610657,28.82759463985761,0.2,0.9360467195510864,0.0003,-0.016843190823177187,8.839280128479004,0.1860165,6960
2200,8577024,406.02,3897,698,326.41818268,-3.8860661536455154,0.719189453125,0.33756184577941895,27.117386676867802,0.2,0.9441472887992859,0.0003,-0.0215926415209348,7.3933024406433105,0.21633713,6970
2203,8589312,418.56,3898,699,338.64504539000006,-3.9539086391528446,0.8232584635416667,0.3399665057659149,33.02180856068929,0.2,0.9426947832107544,0.0003,0.050030341071154304,10.973655700683594,0.26955882,6980
2205,8601600,406.44,3900,700,330.09729456,-3.9763720934589704,0.69443359375,0.3400176465511322,35.93428049882253,0.2,0.9263227581977844,0.0003,-0.024288721340902462,15.65545654296875,0.17135383,6990
2207,8613888,395.74,3901,701,314.98801341000006,-3.9983564227819444,0.7538167317708333,0.3407125473022461,24.541068375110626,0.2,0.9457668662071228,0.0003,-0.005597452620471207,6.055440425872803,0.21269186,7000
2209,8626176,360.0,3903,702,273.38814629999996,-4.0175093621015545,0.7596354166666667,0.34081029891967773,25.37987802028656,0.2,0.9533315896987915,0.0003,-0.00012778677191818132,6.093780040740967,0.22318709,7010
2212,8638464,349.62,3905,703,270.58920512000003,-4.019192517300447,0.6646240234375,0.340948224067688,31.181865833203,0.2,0.9395477175712585,0.0003,-0.03391389812265212,11.74875259399414,0.13750203,7020
2214,8650752,361.98,3906,704,288.27239591,-4.008280689517657,0.7145670572916667,0.340844064950943,30.453619388739266,0.2,0.9459369778633118,0.0003,-0.015564185695257037,9.53159236907959,0.1858914,7030
2216,8663040,346.55,3908,705,277.00271728,-4.014240931471189,0.7171793619791667,0.34070491790771484,33.55802778800329,0.2,0.9410384297370911,0.0003,-0.016544398466066923,13.595124244689941,0.17549162,7040
2219,8675328,345.76,3909,706,271.91054077,-3.9873328750332195,0.7111653645833333,0.3399587571620941,29.248477123181026,0.2,0.9392305016517639,0.0003,-0.027878403144616943,8.293807983398438,0.18010509,7050
2221,8687616,374.51,3911,707,286.70604968,-3.9923023005326588,0.7626790364583333,0.34009358286857605,31.608117538690568,0.2,0.9373275637626648,0.0003,-0.002620437606431854,18.89037322998047,0.19841725,7060
2223,8699904,399.79,3912,708,304.75692414,-4.028754438459873,0.8084147135416667,0.3417581617832184,23.92630199591319,0.2,0.9320117235183716,0.0003,0.03363714909258609,6.924355506896973,0.26732665,7070
2225,8712192,409.05,3914,709,313.02931393,-4.033106478055318,0.7007975260416667,0.3411162793636322,29.08531729976336,0.2,0.9444313049316406,0.0003,-0.025079638754444508,9.397255897521973,0.15203123,7080
2228,8724480,448.21,3915,710,360.73455229,-4.014587333798408,0.6857991536458333,0.34140875935554504,27.456015010674793,0.2,0.935580313205719,0.0003,-0.034582736671048525,9.828814506530762,0.2012757,7090
2230,8736768,441.56,3916,711,359.91016139,-4.0158867090940475,0.7302490234375,0.3406902849674225,26.36021141807238,0.2,0.9357725381851196,0.0003,-0.020099406972682723,13.423828125,0.22080629,7100
2232,8749056,441.94,3918,712,363.88225878000003,-3.979713326195876,0.6907389322916667,0.33972835540771484,30.244358082612354,0.2,0.9272565245628357,0.0003,-0.027580784143841203,11.084235191345215,0.200314,7110
2234,8761344,451.98,3920,713,374.38414451000006,-3.930026446779569,0.6869791666666667,0.3382906913757324,31.479516077041627,0.2,0.9369620084762573,0.0003,-0.02969765172456391,15.587935447692871,0.15774764,7120
2237,8773632,432.73,3921,714,358.424478,-3.979066143929958,0.88740234375,0.3421163558959961,21.226280817389487,0.2,0.9497146606445312,0.0003,0.11926668169035111,8.811786651611328,0.49993315,7130
2239,8785920,416.48,3923,715,336.10801618000005,-4.05636245906353,0.6802001953125,0.34169161319732666,29.19643519719442,0.2,0.9255593419075012,0.0003,-0.030544535970936218,10.482357025146484,0.15505078,7140
2241,8798208,418.68,3924,716,334.4833028000001,-4.030533058444659,0.6965006510416667,0.3411773443222046,26.251222668091454,0.2,0.9351223707199097,0.0003,-0.029609045742836314,10.914713859558105,0.17620252,7150
2244,8810496,408.59,3926,717,327.10498501,-4.025888214508693,0.722021484375,0.3412919044494629,25.416510365406673,0.2,0.9307738542556763,0.0003,-0.019781813832135717,15.252071380615234,0.18877308,7160
2246,8822784,395.68,3927,718,321.7984678,-4.020753645896912,0.7313557942708333,0.3410235643386841,29.53378503123919,0.2,0.9468989372253418,0.0003,-0.011810988086896639,15.524093627929688,0.19121784,7170
2248,8835072,375.65,3929,719,304.48022990000004,-4.016516683995723,0.6801513671875,0.3405839502811432,27.88226622144381,0.2,0.9448916912078857,0.0003,-0.02648257779655978,11.530622482299805,0.15066521,7180
2250,8847360,368.12,3930,720,299.42261299,-4.0034751330812774,0.7050211588541667,0.34031614661216736,26.12986448009809,0.2,0.94279545545578,0.0003,-0.027580696311876332,5.870571613311768,0.18378814,7190
2253,8859648,396.09,3932,721,321.92996924,-4.001308324933052,0.7231689453125,0.3403085172176361,28.83403284549713,0.2,0.9407835006713867,0.0003,-0.017714652948779986,6.8940300941467285,0.18494855,7200
2255,8871936,410.43,3933,722,326.31833788000006,-4.000995177527269,0.7598551432291667,0.3404267132282257,28.902679161230722,0.2,0.9351286292076111,0.0003,-0.0055401141861996924,13.598276138305664,0.22070302,7210
2257,8884224,405.49,3935,723,324.48690494999994,-3.978227066497008,0.6953857421875,0.3394438922405243,35.17772532105446,0.2,0.9311463832855225,0.0003,-0.026979221065994353,6.778075218200684,0.15201056,7220
2259,8896512,430.1,3936,724,355.04579054000004,-3.975525787472725,0.7419759114583333,0.3396560251712799,21.159405106306075,0.2,0.9418008923530579,0.0003,-0.016953423216667336,7.637152671813965,0.22215612,7230
2262,8908800,431.31,3938,725,363.51597414,-3.9655643264452616,0.6899332682291667,0.3392377197742462,38.218164938688275,0.2,0.9315752983093262,0.0003,-0.024331702650427663,18.251798629760742,0.14358968,7240
2264,8921088,433.87,3939,726,363.1276353899999,-3.947004920244217,0.7176513671875,0.3385915756225586,32.77647762099902,0.2,0.9253110289573669,0.0003,-0.019467462373237748,12.892422676086426,0.16540672,7250
2266,8933376,413.12,3941,727,344.33804215000004,-4.004151300092539,0.8044759114583333,0.340679794549942,31.362934782107672,0.2,0.9449185729026794,0.0003,0.033917066699359566,9.544120788574219,0.24653138,7260
2268,8945664,413.48,3942,728,331.85121122,-4.039698034524918,0.7495768229166667,0.34155431389808655,31.724494854609173,0.2,0.9420929551124573,0.0003,-0.002452088722687525,9.132283210754395,0.19684573,7270
2271,8957952,407.54,3944,729,328.45654241000005,-4.0273964216311775,0.7255777994791667,0.34093740582466125,24.401963049173354,0.2,0.9502629637718201,0.0003,-0.016667613736353816,14.381516456604004,0.23612721,7280
2273,8970240,421.21,3945,730,337.41036477999995,-4.015159229934215,0.685107421875,0.34050002694129944,31.890321000417075,0.2,0.9409920573234558,0.0003,-0.024649857159238307,15.455439567565918,0.15126286,7290
2275,8982528,436.38,3947,731,358.01377803,-3.9988664418458937,0.7113199869791667,0.3402928113937378,32.14853438536326,0.2,0.9253135323524475,0.0003,-0.019607483368114725,15.826094627380371,0.17560363,7300
2277,8994816,428.85,3948,732,347.51776949,-3.9794792542854944,0.7296223958333333,0.3397347033023834,27.56523510813713,0.2,0.9413097500801086,0.0003,-0.020330958328365036,10.125360488891602,0.20183595,7310
2280,9007104,434.58,3950,733,352.7547571300001,-3.967675863703092,0.7265625,0.3393529951572418,24.455300120512643,0.2,0.9372192621231079,0.0003,-0.016560374009228933,5.882692813873291,0.19541518,7320
2282,9019392,410.75,3951,734,327.88069797,-3.9741971467932067,0.7081461588541667,0.33945807814598083,38.887968599796295,0.2,0.9231451153755188,0.0003,-0.020855438362923452,17.26137924194336,0.18299699,7330
2284,9031680,429.48,3952,735,343.9480117300001,-3.960180839399497,0.7041015625,0.3387870490550995,26.885309477647144,0.2,0.9303848743438721,0.0003,-0.02434607507942322,9.047183990478516,0.16798358,7340
2287,9043968,435.95,3954,736,356.07731609,-3.9961248715718587,0.7757242838541667,0.3409346640110016,37.582441731294,0.2,0.9262800812721252,0.0003,0.020973147248150782,22.40386390686035,0.22122557,7350
2289,9056256,445.92,3955,737,363.23587179000003,-4.010430264969667,0.7280110677083333,0.34074655175209045,28.336061310768127,0.2,0.9333912134170532,0.0003,-0.017390624768449926,7.585655689239502,0.20313013,7360
2291,9068544,430.25,3957,738,354.4767516199999,-4.010265120367209,0.7256510416666667,0.34081029891967773,33.4234905342261,0.2,0.9232684969902039,0.0003,-0.015655506069985375,16.463321685791016,0.1976942,7370
2293,9080832,430.38,3958,739,350.99573055,-4.008509494860967,0.73935546875,0.3405388295650482,34.61122289299965,0.2,0.9222307205200195,0.0003,-0.00378817489836365,13.392608642578125,0.16902669,7380
2296,9093120,418.89,3960,740,336.89874115,-4.011874568959077,0.711962890625,0.340411901473999,29.848251028855643,0.2,0.9311233758926392,0.0003,-0.02200908804370556,12.223233222961426,0.19254868,7390
2298,9105408,437.55,3961,741,357.42002742,-4.022703518966834,0.7365071614583333,0.34102535247802734,31.14283649722735,0.2,0.92887943983078,0.0003,-0.00844417783858565,20.199573516845703,0.1776511,7400
2300,9117696,443.53,3963,742,349.24109511,-4.059424365560214,0.8145751953125,0.3428138196468353,32.58732971350352,0.2,0.9321297407150269,0.0003,0.0480447718766906,5.940124034881592,0.23368561,7410
2302,9129984,468.34,3964,743,379.63896768,-4.088976650436719,0.7740315755208333,0.34318578243255615,22.681644584735235,0.2,0.9422129988670349,0.0003,0.009153104795647475,13.995128631591797,0.21298629,7420
2305,9142272,444.59,3965,744,357.71837920999997,-4.09288561741511,0.6725016276041667,0.34280654788017273,35.91208812197049,0.2,0.9283351898193359,0.0003,-0.03121966200803096,10.28795051574707,0.1457783,7430
2307,9154560,449.53,3967,745,363.64693036999995,-4.116116708517074,0.8148681640625,0.344380259513855,36.88059796889623,0.2,0.9317466616630554,0.0003,0.05097691114448632,14.727468490600586,0.27613634,7440
2309,9166848,418.57,3968,746,345.5929432800001,-4.128549673159918,0.6550455729166667,0.34372183680534363,43.08832831780116,0.2,0.9218380451202393,0.0003,-0.03444988398162726,22.65192413330078,0.15809016,7450
2312,9179136,431.96,3970,747,354.28522546999994,-4.101018721858661,0.7292724609375,0.34259819984436035,29.14881496032079,0.2,0.93459552526474,0.0003,-0.016961891327324945,12.115900039672852,0.1997567,7460
2314,9191424,455.24,3971,748,367.63053232,-4.10289269288381,0.7806640625,0.3433941602706909,34.57162006298701,0.2,0.9277239441871643,0.0003,0.013952541195127803,15.068507194519043,0.21404062,7470
2316,9203712,483.14,3972,749,385.03555266999996,-4.129569442073504,0.7752115885416667,0.3438695967197418,19.107716991504034,0.2,0.9404296875,0.0003,0.002240142398416841,8.413665771484375,0.27288732,7480
2318,9216000,501.51,3974,750,391.5234522,-4.128008323907852,0.730029296875,0.3435251712799072,23.342348767320313,0.2,0.9308983087539673,0.0003,-0.01565596472840601,9.73345947265625,0.20716803,7490
2321,9228288,486.25,3975,751,374.1981379400001,-4.184181957443555,0.8920003255208333,0.3477602005004883,17.102377856771152,0.2,0.9258350133895874,0.0003,0.10781979774765205,5.510674953460693,0.6061325,7500
2323,9240576,483.94,3977,752,376.95395836999995,-4.259583170215289,0.6703043619791667,0.3471945524215698,29.90797815322876,0.2,0.9294828176498413,0.0003,-0.02890232665716515,13.807353019714355,0.1293285,7510
2325,9252864,475.33,3978,753,383.63850737,-4.2331116209427515,0.6572591145833333,0.3461095094680786,30.106310218572617,0.2,0.9251241087913513,0.0003,-0.03422486035221179,11.890315055847168,0.16343316,7520
2327,9265152,488.79,3979,754,412.66917137999997,-4.211620297034582,0.6989420572916667,0.3461238443851471,27.21022321979205,0.2,0.9353694319725037,0.0003,-0.018556295605230845,5.246863842010498,0.18566823,7530
2330,9277440,511.09,3981,755,433.70702807999993,-4.208111556371053,0.7066487630208333,0.3455190658569336,33.759923833608624,0.2,0.9221457839012146,0.0003,-0.0165940990181601,15.023571968078613,0.17564933,7540
2332,9289728,515.02,3982,756,437.97611037,-4.207190023859342,0.7601155598958333,0.3457336723804474,27.87653145492077,0.2,0.9421799182891846,0.0003,-0.0033420277778835345,12.97335147857666,0.22438778,7550
2334,9302016,511.97,3984,757,431.43853568999987,-4.198217665155728,0.6980305989583333,0.3451540172100067,30.827521008253097,0.2,0.9426687359809875,0.0003,-0.025219275797038185,12.501883506774902,0.17135781,7560
2337,9314304,504.7,3985,758,413.20343532000004,-4.177129309376081,0.6975992838541667,0.34517621994018555,25.11810688575109,0.2,0.9445335865020752,0.0003,-0.02126355115227246,13.032102584838867,0.18525954,7570
2339,9326592,524.34,3986,759,439.4502832200001,-4.229468370477359,0.8245930989583333,0.3473273813724518,28.141673225164414,0.2,0.948422372341156,0.0003,0.04905829167886016,16.20708656311035,0.3177456,7580
2341,9338880,527.26,3988,760,444.96391811000007,-4.232251202066739,0.6829996744791667,0.3462146520614624,29.35139316121737,0.2,0.9306027889251709,0.0003,-0.016724294307641684,5.3650360107421875,0.13352141,7590
2343,9351168,555.4,3989,761,456.39529328,-4.209815799196561,0.70810546875,0.34616518020629883,24.77452974319458,0.2,0.9453648924827576,0.0003,-0.015765610041368443,18.541545867919922,0.17496364,7600
2346,9363456,530.71,3991,762,429.8277907199999,-4.25543125073115,0.8015543619791666,0.3477783203125,24.18812563816706,0.2,0.9381905198097229,0.0003,0.03136283529747743,13.55815601348877,0.24007173,7610
2348,9375744,579.04,3992,763,480.39191338999996,-4.282654050985972,0.6625325520833333,0.34760281443595886,36.11690209110578,0.2,0.9306840300559998,0.0003,-0.026497215370667012,16.285531997680664,0.15209293,7620
2350,9388032,592.86,3993,764,500.85319768,-4.26266585290432,0.7208740234375,0.3472076654434204,28.547271806001664,0.2,0.922356128692627,0.0003,-0.013998654168729748,21.337207794189453,0.21659894,7630
2353,9400320,583.51,3994,765,502.27507552,-4.263027027249336,0.7394205729166666,0.34739449620246887,22.61201378504435,0.2,0.9465768337249756,0.0003,-0.007747391441080253,10.374624252319336,0.21376038,7640
2355,9412608,591.8,3996,766,503.70057191,-4.265062527855237,0.6835693359375,0.34745121002197266,25.00699069003264,0.2,0.9472463130950928,0.0003,-0.025678691175805093,16.432628631591797,0.18198168,7650
2357,9424896,585.14,3997,767,504.97232367,-4.257922587792079,0.7338704427083333,0.34703734517097473,21.90579270919164,0.2,0.9498305320739746,0.0003,-0.01359238890678777,9.69427490234375,0.22939612,7660
2360,9437184,522.13,3998,768,432.31742281,-4.242535949746768,0.7284098307291667,0.3471415340900421,25.008734403053918,0.2,0.944174587726593,0.0003,-0.014164607630421717,7.3306145668029785,0.18349917,7670
2362,9449472,485.0,4000,769,385.43066686,-4.238241570194562,0.69775390625,0.3463844954967499,28.19463070034981,0.2,0.9447171092033386,0.0003,-0.025033395389133753,3.9579696655273438,0.1808935,7680
2364,9461760,457.13,4001,770,359.00409361000004,-4.209918052951495,0.6736979166666667,0.34531140327453613,43.98602826396624,0.2,0.9250903725624084,0.0003,-0.02602495521326394,27.165311813354492,0.14300539,7690
2366,9474048,453.71,4002,771,366.16806606,-4.200681366523107,0.6988362630208333,0.3459256887435913,36.14517771402995,0.2,0.9441353678703308,0.0003,-0.021544922619553594,14.48070240020752,0.19337314,7700
2369,9486336,476.14,4004,772,383.10755585,-4.258440309762955,0.7650472005208333,0.34786558151245117,26.20254630645116,0.2,0.9376399517059326,0.0003,0.00588137806917075,6.334486961364746,0.21621835,7710
2371,9498624,517.14,4005,773,424.77585209000006,-4.304054729143778,0.7429850260416667,0.34869852662086487,25.063875156641007,0.2,0.9385998845100403,0.0003,-0.010185003259296839,13.23391056060791,0.2240936,7720
2373,9510912,533.15,4006,774,437.22935796999997,-4.326927408576012,0.7647623697916667,0.34882283210754395,30.15839751660824,0.2,0.9264943599700928,0.0003,0.005939933418994769,12.488306999206543,0.20318083,7730
2375,9523200,535.14,4008,775,427.71409128,-4.391698924700419,0.7952880859375,0.3514459431171417,17.66379734277725,0.2,0.9500370025634766,0.0003,0.020853886697538352,4.610828876495361,0.28138435,7740
2378,9535488,500.64,4009,776,388.95175029000006,-4.39696723818779,0.6483805338541667,0.3511389493942261,33.59264674981435,0.2,0.9251571893692017,0.0003,-0.02959336799685843,8.102059364318848,0.13645706,7750
2380,9547776,458.92,4010,777,341.89141158000007,-4.369440203905105,0.6973551432291667,0.35025396943092346,28.442811848719916,0.2,0.9306820631027222,0.0003,-0.026500925007470262,19.487709045410156,0.17157114,7760
2382,9560064,422.87,4011,778,316.79477169,-4.336015803615252,0.7203043619791667,0.34887778759002686,24.119647908210755,0.2,0.944128155708313,0.0003,-0.02303158055389455,13.61356258392334,0.20169775,7770
2385,9572352,399.53,4013,779,297.96927303,-4.295197248458862,0.7505777994791667,0.34818121790885925,22.786405324935913,0.2,0.9500706195831299,0.0003,-0.007503917193874562,7.653561592102051,0.19397987,7780
2387,9584640,406.91,4014,780,312.02120724,-4.2614067176977795,0.6968424479166667,0.3468950688838959,28.652416616678238,0.2,0.9484853744506836,0.0003,-0.02880735591170378,17.423418045043945,0.19379573,7790
2389,9596928,428.83,4015,781,330.40848211,-4.2962891091903055,0.8431803385416666,0.34888991713523865,31.65300699075063,0.2,0.9474642276763916,0.0003,0.06590268630922462,6.685390949249268,0.29998866,7800
2391,9609216,444.21,4017,782,352.73429408,-4.345284114281337,0.769775390625,0.3501628637313843,31.085643875598908,0.2,0.9304680824279785,0.0003,0.015425653186199876,7.454466819763184,0.20693703,7810
2394,9621504,450.95,4018,783,354.26581307,-4.3549120346705115,0.6944091796875,0.34985247254371643,28.927202703555427,0.2,0.9392821192741394,0.0003,-0.018522706977576794,18.669069290161133,0.1452852,7820
2396,9633792,436.59,4020,784,347.8266182100001,-4.389773726463318,0.7919026692708333,0.35107922554016113,18.762054685751597,0.2,0.9565625786781311,0.0003,0.017313754885011197,8.164937973022461,0.24550779,7830
2398,9646080,431.89,4021,785,334.47726904,-4.418020665645599,0.7531168619791667,0.3521074056625366,31.88864502708117,0.2,0.9246454238891602,0.0003,0.01123516524870259,13.903603553771973,0.17535885,7840
2400,9658368,447.37,4022,786,353.97723881999997,-4.435878150661787,0.705615234375,0.3527151346206665,25.122152386109033,0.2,0.9385154247283936,0.0003,-0.025589437410720468,17.804515838623047,0.19860913,7850
2403,9670656,447.35,4024,787,353.24601473000007,-4.421774562199911,0.6984537760416667,0.35172903537750244,30.693343836069108,0.2,0.9305170178413391,0.0003,-0.022868750636310626,22.76154136657715,0.16363274,7860
2405,9682944,468.8,4025,788,369.3502829200001,-4.388161876797676,0.671435546875,0.3509995937347412,27.617876891295115,0.2,0.9416993856430054,0.0003,-0.030775649055916194,10.881195068359375,0.14407948,7870
2407,9695232,455.12,4026,789,355.68501189999995,-4.379266764720281,0.7231363932291667,0.35089051723480225,19.451117038726807,0.2,0.9392222762107849,0.0003,-0.025497481788625008,8.88351058959961,0.2621754,7880
2410,9707520,437.56,4027,790,335.00182694,-4.365529867013295,0.6961181640625,0.35021543502807617,32.16212157408396,0.2,0.9294803142547607,0.0003,-0.026355379189287,16.289793014526367,0.1798184,7890
2412,9719808,429.66,4029,791,317.2029792200001,-4.37010707060496,0.7620849609375,0.3505711257457733,22.59778196612994,0.2,0.9416865110397339,0.0003,-0.004022336131311022,8.221124649047852,0.22185636,7900
2414,9732096,413.39,4030,792,308.16504225,-4.3989410867293675,0.82548828125,0.3521192967891693,24.74744914372762,0.2,0.9345014095306396,0.0003,0.0467065694295646,6.764701843261719,0.31131744,7910
2416,9744384,403.2,4032,793,308.52074393,-4.397298004229864,0.6751790364583333,0.3509363830089569,31.20317542552948,0.2,0.9306103587150574,0.0003,-0.028351376021358496,8.547759056091309,0.14149913,7920
2418,9756672,419.42,4033,794,329.18257407,-4.352628417809805,0.6605712890625,0.3497868776321411,35.32536401748657,0.2,0.9298557639122009,0.0003,-0.03339716674478647,10.012811660766602,0.14878061,7930
2421,9768960,423.94,4034,795,336.8535390200001,-4.338821533322334,0.7309326171875,0.3493448793888092,25.005744898319243,0.2,0.9435533285140991,0.0003,-0.00960759166337084,18.45742416381836,0.19703422,7940
2423,9781248,459.01,4035,796,374.12104918000006,-4.310283466180166,0.6819580078125,0.34877559542655945,29.123967202504478,0.2,0.929129958152771,0.0003,-0.026236660548117168,7.6032257080078125,0.15681978,7950
2425,9793536,483.09,4037,797,403.00893045,-4.313577569524447,0.7098307291666667,0.3490935266017914,32.09080593387286,0.2,0.9273247718811035,0.0003,-0.021022232162067667,20.608238220214844,0.16396806,7960
2428,9805824,455.38,4038,798,378.08991860000003,-4.302423875530561,0.6509033203125,0.34867849946022034,47.3469272951285,0.2,0.9020406603813171,0.0003,-0.03136228517008324,13.404304504394531,0.13127223,7970
2430,9818112,462.24,4039,799,374.8810962500001,-4.369506662090619,0.8204427083333333,0.3509477376937866,29.796608543395998,0.2,0.9370052218437195,0.0003,0.039941024728371605,14.344307899475098,0.27685758,7980
2432,9830400,467.42,4040,800,375.49740067,-4.408974925676982,0.7585367838541667,0.3518108129501343,30.63931322892507,0.2,0.9291508793830872,0.0003,-0.0018668464889439443,7.22920036315918,0.21181221,7990
2434,9842688,458.6,4042,801,359.18271940000005,-4.3856740166743595,0.7180013020833333,0.35077595710754395,25.480259788036346,0.2,0.9452146887779236,0.0003,-0.019483581618017828,7.24937105178833,0.19576122,8000
2437,9854976,449.16,4043,802,351.9603254599999,-4.376592096686363,0.6908284505208333,0.3505295515060425,26.16198011438052,0.2,0.9331934452056885,0.0003,-0.02357922090450302,7.604458808898926,0.15739234,8010
2439,9867264,437.21,4044,803,341.35868085000004,-4.377039168278376,0.7286051432291667,0.35084518790245056,25.059898952643078,0.2,0.9321373701095581,0.0003,-0.01655176432444326,6.237895488739014,0.19711542,8020
2441,9879552,406.76,4046,804,310.64398012000004,-4.357279409964879,0.6980061848958333,0.35028478503227234,30.860566906134288,0.2,0.932906985282898,0.0003,-0.02144215937393407,6.161808490753174,0.1653301,8030
2443,9891840,415.57,4047,805,319.55790629000006,-4.336406174302101,0.6874267578125,0.3495713174343109,29.35828824043274,0.2,0.922592282295227,0.0003,-0.03199422738640957,9.573831558227539,0.17223223,8040
2446,9904128,419.98,4048,806,329.13629140999996,-4.327354525526364,0.709912109375,0.34949126839637756,27.203940600156784,0.2,0.9391102194786072,0.0003,-0.02950786211367813,8.511624336242676,0.19619332,8050
2448,9916416,422.11,4050,807,332.28784652,-4.327226339777311,0.6977213541666667,0.34910762310028076,36.179907500743866,0.2,0.9242415428161621,0.0003,-0.025141664164645288,13.118022918701172,0.16733079,8060
2450,9928704,466.75,4051,808,367.45516622,-4.314449789126714,0.7421061197916666,0.3491855561733246,29.338523103793463,0.2,0.920734703540802,0.0003,-0.010667967082796773,10.679425239562988,0.21357267,8070
2452,9940992,397.06,4052,809,303.01690546000003,-4.327994160850843,0.95126953125,0.35117414593696594,20.2487100203832,0.2,0.9369043111801147,0.0003,0.2094347448728513,5.596205711364746,6.594078,8080
2455,9953280,280.46,4054,810,209.55013507999993,-4.381982525189717,0.6405843098958334,0.3508399724960327,30.085405482848486,0.2,0.9415552020072937,0.0003,-0.04188655488251243,22.4254207611084,0.12831964,8090
2457,9965568,284.4,4055,811,214.44173633000003,-4.355847958723704,0.6825439453125,0.3500608503818512,26.925820418198903,0.2,0.9432599544525146,0.0003,-0.03964555647350305,9.823162078857422,0.18197252,8100
2459,9977856,274.22,4056,812,199.23575373000003,-4.338845257957776,0.6880126953125,0.34960997104644775,27.166784528891245,0.2,0.9445602893829346,0.0003,-0.03885527180779415,9.382950782775879,0.16832048,8110
2461,9990144,282.56,4057,813,208.39141822999997,-4.320473850766818,0.6578938802083333,0.34894707798957825,33.5307159602642,0.2,0.9349929094314575,0.0003,-0.040248347060211624,15.72359561920166,0.15207385,8120
2464,10002432,296.02,4059,814,226.17397413999998,-4.291048533717791,0.6974690755208334,0.3480319082736969,32.132613174120586,0.2,0.9235475063323975,0.0003,-0.03711283286975231,16.40471649169922,0.17762387,8130
2466,10014720,310.07,4060,815,238.44110682,-4.2636625816424685,0.6959554036458333,0.34707412123680115,37.2186622262001,0.2,0.9256284236907959,0.0003,-0.031455663624607645,16.021541595458984,0.19268101,8140
2468,10027008,308.64,4061,816,237.03467588999996,-4.22395224471887,0.7065755208333333,0.34584006667137146,35.45904286702474,0.2,0.9358570575714111,0.0003,-0.03020695587620139,10.641547203063965,0.17532201,8150
2470,10039296,325.96,4063,817,255.34322116999996,-4.204665206869444,0.7297119140625,0.3459576368331909,30.972496380408604,0.2,0.9289897680282593,0.0003,-0.022684111395695556,10.391935348510742,0.21509658,8160
2472,10051584,359.21,4064,818,288.81037304,-4.176719723145167,0.6976481119791667,0.3445834219455719,38.778258911768596,0.2,0.9198890924453735,0.0003,-0.03052782276160239,16.171815872192383,0.1824056,8170
2475,10063872,359.2,4065,819,294.30854388000006,-4.155118348201116,0.7424967447916667,0.3442387580871582,32.99885894656181,0.2,0.9260644316673279,0.0003,-0.009677971500301889,16.43619728088379,0.22814353,8180
2477,10076160,360.63,4067,820,280.31445857,-4.149879481395086,0.7213460286458333,0.34434202313423157,34.82009595433871,0.2,0.932429313659668,0.0003,-0.024711163627701656,12.582536697387695,0.21015854,8190
2479,10088448,355.49,4068,821,261.07416316,-4.172512792547544,0.7387613932291667,0.34433063864707947,28.106229774157207,0.2,0.9083245992660522,0.0003,-0.02654801396711264,8.073356628417969,0.25136802,8200
2481,10100736,358.06,4069,822,259.37432838,-4.138607600331307,0.715673828125,0.34335625171661377,26.940646952390672,0.2,0.9322168231010437,0.0003,-0.028334949790102353,11.218305587768555,0.22767258,8210
2484,10113024,366.25,4071,823,275.4788547200001,-4.105240261554718,0.7147867838541667,0.34215247631073,32.22610195875168,0.2,0.9251098036766052,0.0003,-0.023956138017820195,10.79605770111084,0.19164133,8220
2486,10125312,356.46,4072,824,276.47416619,-4.087187812725703,0.7091634114583333,0.34233200550079346,30.747759012381234,0.2,0.9233466982841492,0.0003,-0.034571324346082594,10.55388355255127,0.20458949,8230
2488,10137600,334.19,4073,825,257.99725329,-4.086232354243596,0.7241536458333333,0.34185585379600525,35.23150397539139,0.2,0.9289673566818237,0.0003,-0.021308846816342944,13.018826484680176,0.19039167,8240
2490,10149888,334.35,4074,826,262.38244928,-4.135975334048271,0.9322428385416667,0.3466530740261078,26.41922107934952,0.2,0.9377439022064209,0.0003,0.19234209557180293,13.940239906311035,1.3256091,8250
2493,10162176,333.02,4076,827,259.0153104099999,-4.207766666014989,0.6709635416666667,0.34539350867271423,28.764937353134155,0.2,0.9306143522262573,0.0003,-0.03898351788811851,11.841334342956543,0.17376757,8260
2495,10174464,351.12,4077,828,266.3184821,-4.179302374521892,0.6927083333333334,0.3446388244628906,30.44904597600301,0.2,0.917594313621521,0.0003,-0.0355708638827006,12.041337013244629,0.18665195,8270
2497,10186752,361.85,4078,829,276.28005666999996,-4.18051136235396,0.7162353515625,0.3445071280002594,29.253370624780654,0.2,0.9366436004638672,0.0003,-0.0274768921949241,15.865015983581543,0.19778608,8280
2499,10199040,376.26,4079,830,292.73775820000003,-4.162341976165772,0.7085611979166667,0.3437376916408539,32.21018214623133,0.2,0.9285886883735657,0.0003,-0.029647747055181146,18.822410583496094,0.21883456,8290
2502,10211328,383.23,4081,831,310.27761009,-4.138398343324662,0.7425618489583333,0.34346485137939453,24.956324433286984,0.2,0.9351096749305725,0.0003,-0.019528215279569848,8.572822570800781,0.26814213,8300
2504,10223616,351.36,4082,832,281.96960623999996,-4.109318940838178,0.6619140625,0.3421800136566162,34.450636104742685,0.2,0.9359918832778931,0.0003,-0.04207891311380081,11.284674644470215,0.16486353,8310
2506,10235904,337.83,4083,833,266.51659811,-4.07815766731898,0.6970784505208333,0.3415766656398773,37.17977790832519,0.2,0.932596743106842,0.0003,-0.02761951342302685,12.871298789978027,0.17806418,8320
2508,10248192,334.65,4084,834,265.76526434000004,-4.059212060769399,0.728564453125,0.34117361903190613,28.762424828608832,0.2,0.9335997104644775,0.0003,-0.02778983649429089,11.701470375061035,0.24997503,8330
2510,10260480,353.65,4086,835,273.80598592999996,-4.059555296103159,0.7373128255208333,0.340901643037796,29.54027796785037,0.2,0.9418073296546936,0.0003,-0.013842448215776433,7.829293251037598,0.2163688,8340
2513,10272768,349.32,4087,836,263.62953331999995,-4.099003587166468,0.8267415364583334,0.34294983744621277,25.859019817908607,0.2,0.9280539155006409,0.0003,0.049680671551808095,9.666308403015137,0.31633994,8350
2515,10285056,386.57,4088,837,285.06974436,-4.123331469297409,0.7057779947916667,0.342581182718277,25.945923803249993,0.2,0.922364354133606,0.0003,-0.02932300287260053,6.942257881164551,0.19332486,8360
2517,10297344,407.5,4089,838,301.62963809,-4.1127867072820665,0.71787109375,0.3422965109348297,21.063242510954538,0.2,0.9421316385269165,0.0003,-0.030661148291255814,8.890347480773926,0.23832543,8370
2519,10309632,438.84,4091,839,325.60566921,-4.086963867147763,0.7151692708333334,0.34124818444252014,27.299856930971146,0.2,0.9239608645439148,0.0003,-0.02524401281843893,10.362610816955566,0.2154193,8380
2522,10321920,440.57,4092,840,329.04653174,-4.079150644938151,0.816845703125,0.3418187201023102,22.35738035241763,0.2,0.9278496503829956,0.0003,0.027597331654396838,11.036802291870117,0.31748262,8390
2524,10334208,452.63,4093,841,329.11127031999996,-4.086485062042872,0.7058512369791666,0.34155914187431335,26.906000725428264,0.2,0.9265663623809814,0.0003,-0.02728115804687453,8.657625198364258,0.17033261,8400
2526,10346496,434.76,4094,842,315.91892906,-4.0891705820957815,0.7539469401041666,0.34156379103660583,14.32266322473685,0.2,0.9442929625511169,0.0003,-0.021817676302938103,4.036226272583008,0.30367586,8410
2529,10358784,436.66,4095,843,326.24772031,-4.056604621807734,0.7050211588541667,0.3400250971317291,23.93660418788592,0.2,0.9388481974601746,0.0003,-0.03546404481846063,7.512030124664307,0.19922434,8420
2531,10371072,426.21,4097,844,322.59708102,-4.016370958089828,0.7446858723958333,0.3395949900150299,35.024684103329975,0.2,0.9181652665138245,0.0003,-0.008043076870186875,10.719908714294434,0.19245785,8430
2533,10383360,407.63,4098,845,314.87770390000003,-4.045959220826626,0.8018961588541667,0.3405645787715912,33.40593373775482,0.2,0.9126722812652588,0.0003,0.0354264938418055,16.87343978881836,0.24227662,8440
2535,10395648,447.25,4099,846,350.04190346,-4.020947423080603,0.6889973958333333,0.3394681513309479,30.214065102736154,0.2,0.9175500869750977,0.0003,-0.03191384033270879,18.302200317382812,0.17901711,8450
2537,10407936,440.23,4100,847,339.23938150000004,-3.996192142367363,0.7003255208333333,0.3384719789028168,27.775173181295393,0.2,0.930207371711731,0.0003,-0.03221202083514072,10.151663780212402,0.1848094,8460
2540,10420224,435.41,4102,848,337.38085985,-3.9867637351155283,0.7536865234375,0.33851566910743713,24.144216165939966,0.2,0.9352633953094482,0.0003,-0.01269541797034132,7.4464802742004395,0.264615,8470
2542,10432512,412.57,4103,849,315.28468551000003,-3.9752259065707523,0.6991780598958334,0.3380596339702606,37.492396235466,0.2,0.9268064498901367,0.0003,-0.027036949991694807,13.29295539855957,0.15551822,8480
2544,10444800,412.72,4104,850,317.46288045,-3.960110427935918,0.7118001302083333,0.33741840720176697,30.21564840277036,0.2,0.9324183464050293,0.0003,-0.02621385641687084,9.143360137939453,0.2018228,8490
2546,10457088,451.6,4105,851,347.92000534,-3.9390992065270742,0.7211018880208333,0.337358683347702,32.3109255750974,0.2,0.9270693063735962,0.0003,-0.022250914538744837,12.364712715148926,0.2002977,8500
2550,10469376,467.9,4105,852,353.10045026,-4.004776924351851,0.8281087239583333,0.33959701657295227,25.375659318765006,0.2,0.9184527397155762,0.0003,0.04186590420819509,9.807262420654297,0.31851104,8510
2555,10481664,493.03,4100,853,383.62383734,-3.994497312605381,0.7130452473958333,0.3387834131717682,28.11307185490926,0.2,0.9335259199142456,0.0003,-0.022949520647913838,11.874279975891113,0.2169957,8520
2560,10493952,501.91,4098,854,385.5235351500001,-4.031141910453638,0.8165608723958333,0.3403439521789551,26.229439586400986,0.2,0.9337568879127502,0.0003,0.03024953953863587,9.163162231445312,0.28477207,8530
2564,10506240,496.09,4096,855,385.18394965999994,-4.029454220334689,0.6943929036458333,0.3398013114929199,26.42257926662763,0.2,0.9250940680503845,0.0003,-0.025280481155884143,6.337321758270264,0.20457797,8540
2569,10518528,481.13,4094,856,367.48803137000004,-4.004829721152783,0.7561848958333334,0.3388350009918213,16.106534003218016,0.2,0.9560406804084778,0.0003,-0.01634316068084445,8.358678817749023,0.32411242,8550
2573,10530816,482.58,4091,857,363.77261545999994,-3.979989253481229,0.6650797526041666,0.33813169598579407,34.88522828420003,0.2,0.9242880940437317,0.0003,-0.03775229525344912,16.536998748779297,0.13825865,8560
2577,10543104,485.8,4089,858,361.25428311,-3.997752234339714,0.783984375,0.3391963541507721,19.827664443850516,0.2,0.9164097905158997,0.0003,-0.00079658381716096,4.001326560974121,0.3066598,8570
2582,10555392,446.87,4087,859,329.59508145,-3.997318561375141,0.7569254557291667,0.3388126790523529,18.81982415020466,0.2,0.9359216094017029,0.0003,-0.013343609104049392,9.342844009399414,0.26760316,8580
2586,10567680,453.09,4085,860,335.81234983,-3.9735500236352284,0.66416015625,0.3376244306564331,34.03844098250071,0.2,0.9393848180770874,0.0003,-0.04064353928746035,9.537687301635742,0.15346824,8590
2591,10579968,449.7,4083,861,346.37124272,-3.938266597688198,0.7019449869791666,0.3370005190372467,34.266652423143384,0.2,0.9281625151634216,0.0003,-0.026335106342836905,14.166951179504395,0.20512669,8600
2595,10592256,434.39,4081,862,332.86341421,-3.91093214203914,0.76552734375,0.3361254632472992,21.95734148323536,0.2,0.929357647895813,0.0003,-0.010326126451642874,8.407583236694336,0.27243716,8610
2599,10604544,448.77,4079,863,346.33385005,-3.9485925947626432,0.8348388671875,0.3386356830596924,28.989677931865057,0.2,0.9313879013061523,0.0003,0.049199896552211915,15.171089172363281,0.36170506,8620
2604,10616832,469.69,4077,864,346.03151808999996,-4.07021593550841,0.8551839192708334,0.34240683913230896,17.649954934914906,0.2,0.9484554529190063,0.0003,0.07512779869818284,8.768084526062012,0.49692523,8630
2608,10629120,473.69,4075,865,343.0552268799999,-4.094662248094877,0.73310546875,0.34143319725990295,14.134443867206574,0.2,0.9493895173072815,0.0003,-0.02680779365230895,5.39622688293457,0.24611501,8640
2612,10641408,509.86,4073,866,364.14857469000003,-4.09536378979683,0.7353678385416667,0.3416748046875,19.64499667187532,0.2,0.9415438771247864,0.0003,-0.015712022575219937,6.947854518890381,0.18318026,8650
2617,10653696,509.89,4070,867,363.16744208000006,-4.09581881860892,0.7229654947916667,0.34193098545074463,17.35315121114254,0.2,0.9473789930343628,0.0003,-0.024190753214255286,5.815728187561035,0.22140794,8660
2621,10665984,489.31,4068,868,350.29407304,-4.072733516494433,0.6542236328125,0.3408154547214508,24.39673785765966,0.2,0.942332923412323,0.0003,-0.03890365541446954,9.081787109375,0.15302941,8670
2625,10678272,503.19,4066,869,370.5717736200001,-4.102840808033943,0.7670166015625,0.341625452041626,20.193615233898164,0.2,0.9433705806732178,0.0003,-0.0012924863452402253,18.01467514038086,0.23341388,8680
2629,10690560,482.94,4064,870,357.56002455000004,-4.058741283416748,0.7121826171875,0.3402637243270874,23.00857433875402,0.2,0.9412460923194885,0.0003,-0.025010095676407218,8.301263809204102,0.19657369,8690
2634,10702848,468.94,4063,871,361.9521713600001,-4.010026552776496,0.7077880859375,0.3388991057872772,23.654514376322428,0.2,0.9431576728820801,0.0003,-0.02484303742821794,6.077899932861328,0.18316354,8700
2638,10715136,467.91,4060,872,366.23454982000004,-3.972145730257034,0.6940836588541667,0.3379104435443878,35.490582809845606,0.2,0.9274671077728271,0.0003,-0.029764323978452013,17.86018180847168,0.1668241,8710
2642,10727424,483.05,4059,873,372.65025741000005,-3.9714692120750743,0.7385579427083333,0.3380375802516937,21.657375566164653,0.2,0.9341168403625488,0.0003,-0.022706336863726997,11.715524673461914,0.24908698,8720
2647,10739712,468.89,4057,874,364.6572522700001,-3.956175990899404,0.7426676432291667,0.33774176239967346,20.66520992219448,0.2,0.9271007180213928,0.0003,-0.022952927972073666,8.51187515258789,0.25153172,8730
2651,10752000,481.43,4054,875,360.1045385599999,-3.947471077243487,0.76162109375,0.3372992277145386,27.3947727560997,0.2,0.9427507519721985,0.0003,-0.0008383255209385728,11.461856842041016,0.23348029,8740
2656,10764288,494.35,4052,876,369.93903813,-3.90242321540912,0.7044677734375,0.33599933981895447,29.2681751648585,0.2,0.9320358037948608,0.0003,-0.026929418495274148,8.922045707702637,0.2042654,8750
2660,10776576,463.18,4050,877,356.27230879999996,-3.868514882028103,0.7165201822916667,0.3348757326602936,23.37329070866108,0.2,0.9407282471656799,0.0003,-0.03184571927122306,6.795295715332031,0.2284921,8760
2664,10788864,479.19,4048,878,373.46314312000004,-3.8510222017765043,0.7210611979166667,0.3347020447254181,25.3814403851827,0.2,0.9408729672431946,0.0003,-0.024397510874647803,12.17330551147461,0.21521495,8770
2668,10801152,492.15,4047,879,389.78148441000013,-3.8596866115927697,0.754248046875,0.3351862132549286,24.896171454588572,0.2,0.9309141039848328,0.0003,-0.01453413426837263,7.553979396820068,0.23812614,8780
2673,10813440,474.84,4045,880,368.4379801,-3.836741486688455,0.7282552083333333,0.33426618576049805,30.34499928355217,0.2,0.92505943775177,0.0003,-0.019663135255298888,15.808183670043945,0.20135482,8790
2677,10825728,474.48,4042,881,363.87708537000003,-3.9579379121462503,0.9200358072916667,0.3410741090774536,17.110219722986223,0.2,0.9388399720191956,0.0003,0.14817690107544573,3.7473838329315186,1.038389,8800
2682,10838016,484.45,4040,882,368.1238614,-4.051883958776792,0.7130859375,0.3406631052494049,22.762233249346416,0.2,0.9345784187316895,0.0003,-0.026003640066483057,12.614110946655273,0.19482793,8810
2686,10850304,485.86,4039,883,362.91550064,-4.019680841267109,0.6675211588541666,0.33961358666419983,26.264874482154845,0.2,0.9083574414253235,0.0003,-0.03586344580592898,16.998382568359375,0.16989823,8820
2690,10862592,482.75,4037,884,373.43776683000016,-4.005620629092058,0.7184488932291667,0.339290589094162,29.23549144466718,0.2,0.9250690340995789,0.0003,-0.014618166290650455,16.218679428100586,0.17193413,8830
2694,10874880,473.48,4035,885,372.70422101,-3.9964714512228965,0.68720703125,0.3390584886074066,25.205813550949095,0.2,0.9370906949043274,0.0003,-0.03649371774711956,6.420734882354736,0.19521594,8840
2699,10887168,414.93,4033,886,331.15791171999996,-3.9766741385062536,0.6933512369791667,0.3383871018886566,39.680345173676805,0.2,0.9094315767288208,0.0003,-0.031432341133283144,13.119780540466309,0.16549219,8850
2703,10899456,389.92,4031,887,304.96280043999997,-3.9655478090047835,0.6779459635416667,0.33799490332603455,36.6898319820563,0.2,0.9304091930389404,0.0003,-0.03494372412775799,10.469841003417969,0.16610378,8860
2708,10911744,377.89,4029,888,294.95844022999995,-3.9448834518591562,0.720703125,0.33703938126564026,27.921480172872542,0.2,0.9359409213066101,0.0003,-0.025450846739113332,8.022871017456055,0.22755484,8870
2712,10924032,384.32,4027,889,304.05926679,-3.926501452922821,0.7732340494791666,0.3369426727294922,27.247940774758657,0.2,0.9378281235694885,0.0003,-0.011782894315547309,9.150668144226074,0.27412602,8880
2716,10936320,428.12,4025,890,347.34560330999994,-3.917830144862334,0.72509765625,0.33686456084251404,30.97629027167956,0.2,0.9384005069732666,0.0003,-0.02649822859093547,8.890877723693848,0.20534973,8890
2720,10948608,447.38,4023,891,365.1155200599999,-3.9107942755023637,0.6819498697916667,0.33661437034606934,40.28054891427358,0.2,0.9125678539276123,0.0003,-0.031036315356808095,9.863302230834961,0.15791006,8900
2725,10960896,482.57,4022,892,388.82878930000015,-3.926575893163681,0.7954264322916667,0.3367372453212738,20.75205537378788,0.2,0.9308211803436279,0.0003,0.003926016652985709,11.28293228149414,0.34299448,8910
2729,10973184,504.68,4020,893,401.2239933000001,-3.946146784722805,0.7235026041666667,0.33708563446998596,30.05345787803332,0.2,0.9235883355140686,0.0003,-0.019419714842418518,15.70704174041748,0.20848231,8920
2733,10985472,503.94,4018,894,390.5195181899999,-3.9720284645756085,0.77197265625,0.3385050594806671,21.364514031012853,0.2,0.929391086101532,0.0003,0.001204218486479173,5.938222408294678,0.26195475,8930
2738,10997760,493.09,4016,895,381.92061813,-3.968320605158806,0.6941324869791666,0.33789828419685364,30.503598924477895,0.2,0.915934145450592,0.0003,-0.02877278365728368,11.074810028076172,0.18395884,8940
2742,11010048,486.25,4014,896,394.36163998999996,-3.9520030026634534,0.7453694661458333,0.3374159336090088,29.834252226352692,0.2,0.9367753863334656,0.0003,-0.01506882419247025,11.99125862121582,0.22024973,8950
2746,11022336,437.78,4013,897,349.69709190000003,-3.941737273832162,0.7594075520833333,0.33705100417137146,34.07624580661456,0.2,0.9246247410774231,0.0003,-0.004241387839526093,10.054718971252441,0.23083563,8960
2750,11034624,412.3,4011,898,332.2036174400001,-3.937623353799184,0.73271484375,0.33693715929985046,29.877950596809388,0.2,0.9385534524917603,0.0003,-0.02076732851564884,19.803613662719727,0.19659066,8970
2755,11046912,409.33,4009,899,329.72970494000003,-3.8929896846413614,0.6830078125,0.336019903421402,35.80262313286463,0.2,0.9429542422294617,0.0003,-0.03477104671765119,11.233625411987305,0.17019565,8980
2759,11059200,396.18,4007,900,316.81052038,-3.887814957400163,0.7147542317708333,0.3359091281890869,33.11145609418551,0.2,0.9333365559577942,0.0003,-0.023681261430707916,13.220955848693848,0.18220662,8990
2763,11071488,377.61,4006,901,304.85818803,-3.868965795636177,0.7126871744791666,0.33485233783721924,32.52387109001477,0.2,0.9412509202957153,0.0003,-0.024205331315170043,21.454971313476562,0.18767965,9000
2767,11083776,358.03,4004,902,292.13485132,-3.846648475031058,0.7069498697916666,0.33445751667022705,40.72405748367309,0.2,0.9289479851722717,0.0003,-0.025703634514745013,16.230632781982422,0.18348931,9010
2772,11096064,360.23,4001,903,293.29228585,-3.835882298151652,0.71904296875,0.33473095297813416,40.69233963092168,0.2,0.9416683316230774,0.0003,-0.022559195514865373,17.974870681762695,0.2465338,9020
2776,11108352,360.4,4000,904,295.71484123,-3.832831132908662,0.7227213541666667,0.3341703414916992,29.98627318739891,0.2,0.9429600238800049,0.0003,-0.024469209017115644,16.31429100036621,0.21743847,9030
2781,11120640,395.65,3998,905,319.85415745,-3.8238823006550473,0.7572428385416666,0.3343934714794159,35.36876867810885,0.2,0.9419847726821899,0.0003,-0.0064901045009416215,16.032285690307617,0.22403848,9040
2785,11132928,397.01,3996,906,316.76984491999997,-3.8513288676738737,0.734033203125,0.3348919153213501,26.2533999701341,0.2,0.9368352890014648,0.0003,-0.023964852774709774,7.245321273803711,0.21045089,9050
2789,11145216,418.41,3994,907,339.10743859999997,-3.8457719470063845,0.7197672526041666,0.33484187722206116,26.940420403083166,0.2,0.936616837978363,0.0003,-0.029612834998988546,13.387005805969238,0.2330414,9060
2797,11157504,446.45,3988,908,370.4565760699999,-3.857764708995819,0.709619140625,0.3349362909793854,30.7461261510849,0.2,0.9319537878036499,0.0003,-0.02823435280782481,19.6711368560791,0.23945479,9070
2807,11169792,418.41,3978,909,347.2198505099999,-3.9004024590055146,0.7802734375,0.3365246057510376,24.842945802211762,0.2,0.9451789855957031,0.0003,0.0009037331445142626,9.578767776489258,0.42581305,9080
4668,11182080,397.47,2395,910,327.37503936999997,-3.8932961255311964,0.7113932291666667,0.33537280559539795,28.934894593556724,0.2,0.9487445950508118,0.0003,-0.024832439767002747,11.403252601623535,0.18577199,9090
4671,11194368,399.22,2396,911,323.75810449999994,-3.8804428686698276,0.769189453125,0.3352036476135254,25.24970482389132,0.2,0.9541516900062561,0.0003,-0.005792114576130795,14.027523040771484,0.26448616,9100
4674,11206656,422.18,2397,912,346.1851199999999,-3.863639083504677,0.7535074869791667,0.3352271616458893,29.58070028026899,0.2,0.9367339611053467,0.0003,-0.011424452664990288,7.4169158935546875,0.21957655,9110
4679,11218944,443.91,2397,913,355.3517696799999,-3.848826608558496,0.7408203125,0.3345285952091217,29.616195845603944,0.2,0.9548812508583069,0.0003,-0.01245044486616583,6.6794281005859375,0.21847387,9120
4682,11231232,472.71,2398,914,378.10533708,-3.8454175064961116,0.7593017578125,0.3344325125217438,25.238820441563924,0.2,0.9398725032806396,0.0003,-0.00680619127524551,7.719164848327637,0.22660047,9130
4685,11243520,474.09,2399,915,369.34428586,-3.8817740812897683,0.8389567057291667,0.33601388335227966,23.727867538730305,0.2,0.9501765370368958,0.0003,0.05136854216446712,12.448564529418945,0.5036137,9140
4687,11255808,496.58,2401,916,384.47344654,-3.8752773880958555,0.6974690755208334,0.33519527316093445,33.91328992247581,0.2,0.9335771203041077,0.0003,-0.030167658510617913,19.5112247467041,0.18361272,9150
4690,11268096,494.96,2402,917,385.62970227,-3.8821323985854783,0.7972005208333334,0.3359715938568115,21.066274866461754,0.2,0.9482148289680481,0.0003,0.018035186306709267,9.699236869812012,0.2946969,9160
4693,11280384,459.57,2403,918,360.6824027799999,-3.880700700978438,0.7199462890625,0.3352566063404083,26.703669760624567,0.2,0.9400861859321594,0.0003,-0.019976937088843745,16.155704498291016,0.2173819,9170
4697,11292672,468.65,2404,919,369.23265783999994,-3.8500247543056805,0.7085530598958333,0.3343256413936615,37.12987778584162,0.2,0.9299977421760559,0.0003,-0.020052467926871032,11.558218955993652,0.16650046,9180
4700,11304960,471.69,2405,920,374.79445984000006,-3.8229464332262677,0.707177734375,0.3337158262729645,30.443132745226226,0.2,0.916446328163147,0.0003,-0.026637096984389548,12.044053077697754,0.19286852,9190
4703,11317248,489.02,2406,921,393.53567703999994,-3.81825815786918,0.7479817708333333,0.3336995542049408,23.881424415111542,0.2,0.9399855732917786,0.0003,-0.014081482186641854,6.146506309509277,0.24008691,9200
4705,11329536,492.66,2407,922,395.24667055,-3.8188062027096747,0.7550455729166666,0.3343295156955719,30.47018493413925,0.2,0.9307756423950195,0.0003,-0.007435822244345521,8.481555938720703,0.24481952,9210
4708,11341824,526.17,2408,923,431.26139348,-3.8847172960639,0.8087483723958333,0.3363867700099945,24.201134346922238,0.2,0.9449820518493652,0.0003,0.022255578693390513,18.09486198425293,0.32303512,9220
4710,11354112,526.65,2410,924,437.38907922000004,-3.963577423989773,0.8518310546875,0.34011101722717285,25.03196321427822,0.2,0.9431105852127075,0.0003,0.06217553217575187,17.220197677612305,0.41559276,9230
4805,11366400,504.97,2365,925,416.11049896000003,-4.027255379160246,0.7086344401041667,0.33986449241638184,25.201129951079686,0.2,0.9435219764709473,0.0003,-0.021627420736573793,25.531925201416016,0.21256305,9240
4809,11378688,547.82,2365,926,442.3703777700001,-4.026094473401705,0.6988932291666666,0.3400610387325287,29.385044153531393,0.2,0.9324138164520264,0.0003,-0.019753198107355274,15.506253242492676,0.16782938,9250
4813,11390976,514.61,2366,927,402.03462211,-4.0916504462560015,0.8465250651041667,0.3426031172275543,16.325024579962093,0.2,0.9455336332321167,0.0003,0.06158311093846957,6.0797343254089355,0.39630577,9260
4817,11403264,526.65,2367,928,398.87950902000006,-4.141487863659859,0.7615559895833334,0.34296712279319763,17.612594037254652,0.2,0.9413289427757263,0.0003,-0.001981357492816945,5.294215202331543,0.24445945,9270
4821,11415552,530.73,2367,929,394.44793428,-4.123168537020684,0.6807373046875,0.3424284756183624,23.09510114292304,0.2,0.9347013235092163,0.0003,-0.03171248465951067,4.966279983520508,0.16322033,9280
4824,11427840,518.84,2368,930,399.00065277,-4.118347055713335,0.6746744791666667,0.3423292338848114,22.534729540348053,0.2,0.942783772945404,0.0003,-0.031177686337226382,7.82373571395874,0.1926024,9290
4828,11440128,525.74,2369,931,412.2525522899999,-4.0996992240349455,0.6941243489583333,0.34158602356910706,25.693254512548446,0.2,0.9381969571113586,0.0003,-0.02414187206789696,11.417200088500977,0.20293313,9300
4832,11452416,512.47,2369,932,414.1348013499999,-4.081568143765131,0.7098551432291667,0.34123626351356506,17.853785795966783,0.2,0.950685977935791,0.0003,-0.0263024848177641,4.079607963562012,0.21706061,9310
4836,11464704,510.73,2370,933,415.22345786,-4.062287233273188,0.7354085286458333,0.3408408463001251,32.789525326093035,0.2,0.913644552230835,0.0003,-0.011487512176002686,18.590734481811523,0.18016194,9320
4839,11476992,534.07,2371,934,430.92454744,-4.043481273452441,0.7178304036458333,0.3399992287158966,27.596315014362336,0.2,0.9323384761810303,0.0003,-0.018225648055279937,16.861160278320312,0.19462444,9330
4842,11489280,553.14,2372,935,442.26526159,-4.067509314417839,0.7125162760416667,0.34124255180358887,29.57486999432246,0.2,0.9160594940185547,0.0003,-0.02394169718803217,7.357532978057861,0.21897428,9340
4846,11501568,573.72,2373,936,451.66066754,-4.189338978131612,0.8864420572916667,0.3469438850879669,14.255040351549784,0.2,0.9317160844802856,0.0003,0.10429301445644039,4.53466272354126,0.8804733,9350
4849,11513856,591.79,2374,937,471.7325662,-4.258085542917252,0.6946207682291666,0.3460145890712738,17.75715746978919,0.2,0.9418323040008545,0.0003,-0.02462634263113917,4.391966342926025,0.19375955,9360
4852,11526144,592.58,2375,938,462.90535762,-4.208360170324643,0.668359375,0.34428104758262634,27.763079903523128,0.2,0.9291297197341919,0.0003,-0.03387207760339758,5.670985698699951,0.17468975,9370
4856,11538432,586.11,2376,939,460.39262429999997,-4.187276163697243,0.74580078125,0.3440190255641937,24.488614747921627,0.2,0.9448862075805664,0.0003,-0.011580519124011819,5.755634307861328,0.22828294,9380
4858,11550720,548.05,2377,940,431.4371076100001,-4.167451466123263,0.7206380208333333,0.3437168598175049,27.961536520719527,0.2,0.9236727952957153,0.0003,-0.016684319018774357,10.28973388671875,0.18243615,9390
4861,11563008,517.71,2378,941,397.91191825999994,-4.15545028646787,0.6659342447916666,0.3432956635951996,35.35300025542577,0.2,0.9283676743507385,0.0003,-0.030395394643225396,20.395204544067383,0.15646966,9400
4864,11575296,523.46,2379,942,405.04518991000003,-4.160922647515933,0.7156819661458333,0.3431908190250397,24.38552695910136,0.2,0.9326725602149963,0.0003,-0.022748249576155406,10.674114227294922,0.19165151,9410
4866,11587584,550.75,2380,943,438.47047038000005,-4.153003828724225,0.7386881510416666,0.3433164656162262,29.950432819128036,0.2,0.9243614077568054,0.0003,-0.008482428157003596,9.596433639526367,0.19801909,9420
4869,11599872,550.94,2382,944,435.67737505,-4.192850360274315,0.7849934895833334,0.34451189637184143,14.584554879367351,0.2,0.9517958164215088,0.0003,-0.0032994336186675357,4.1911540031433105,0.35445443,9430
4871,11612160,568.84,2383,945,447.95317381,-4.184470922748248,0.7100504557291667,0.34388160705566406,28.196447614828745,0.2,0.9398618936538696,0.0003,-0.02015369961542698,10.410296440124512,0.18123001,9440
4874,11624448,553.1,2384,946,429.90425224000006,-4.178641766309738,0.7317057291666667,0.3436606824398041,23.11294604043166,0.2,0.9419327974319458,0.0003,-0.017712235231495774,9.3711576461792,0.20790781,9450
4877,11636736,543.21,2385,947,420.2415505199999,-4.182004302740097,0.7325927734375,0.3441953957080841,23.067735053102176,0.2,0.9102840423583984,0.0003,-0.01970458331828316,11.828741073608398,0.238463,9460
4880,11649024,508.66,2387,948,392.55683956,-4.188473905126254,0.7187906901041666,0.34388431906700134,21.411691638827325,0.2,0.9419894814491272,0.0003,-0.021710712089164492,8.32624626159668,0.20263171,9470
4883,11661312,509.46,2388,949,392.34157774000005,-4.22525541583697,0.8122233072916667,0.3454194962978363,21.621182843049368,0.2,0.9386972188949585,0.0003,0.02084778996068053,7.165581226348877,0.27213776,9480
4885,11673600,495.99,2389,950,390.65658242000006,-4.23509042263031,0.6714925130208333,0.3456798493862152,28.902549809217454,0.2,0.915813684463501,0.0003,-0.03321866929036332,16.94074249267578,0.17089899,9490
4888,11685888,482.47,2390,951,374.50013954,-4.236969856421153,0.7615885416666667,0.34589067101478577,24.761174048980077,0.2,0.9368579983711243,0.0003,-0.006759030918086258,6.757400989532471,0.24428235,9500
4890,11698176,515.04,2391,952,397.39025719000006,-4.258452981710434,0.7482014973958333,0.34617945551872253,22.792968541383743,0.2,0.9344776272773743,0.0003,-0.009654000752198045,15.960421562194824,0.2211022,9510
4893,11710464,540.24,2393,953,431.44634145000003,-4.300759545962015,0.9016764322916667,0.3499657213687897,16.50615369776885,0.2,0.9503388404846191,0.0003,0.11373352615288847,16.168960571289062,0.86504394,9520
4896,11722752,548.38,2394,954,431.8231080599999,-4.355526273449262,0.6413492838541667,0.3490801155567169,21.928724830349285,0.2,0.9469419717788696,0.0003,-0.03841941460850649,11.714153289794922,0.139169,9530
4898,11735040,546.7,2395,955,422.41533927999996,-4.344969457387924,0.7313720703125,0.3489650785923004,17.980349923173588,0.2,0.9480617046356201,0.0003,-0.01568729739713793,6.7262725830078125,0.23035507,9540
4901,11747328,542.74,2396,956,428.53639782999994,-4.335369152824084,0.6910970052083333,0.34853723645210266,31.36005117893219,0.2,0.9263113737106323,0.0003,-0.025359415518081126,13.33934497833252,0.20629066,9550
4903,11759616,531.49,2398,957,418.5214073099999,-4.324651678403218,0.6958414713541666,0.3483726978302002,31.596536799271902,0.2,0.9239499568939209,0.0003,-0.024452026322251186,8.77955150604248,0.16768467,9560
4906,11771904,529.93,2399,958,433.24435953000005,-4.301100832223892,0.7152262369791667,0.3471379280090332,24.3852236499389,0.2,0.9287014603614807,0.0003,-0.024229338625931025,10.640047073364258,0.21882169,9570
4908,11784192,510.09,2400,959,412.56706582,-4.2836317161719,0.7363118489583333,0.346719354391098,31.433586887518565,0.2,0.9358041286468506,0.0003,-0.008094460249412804,7.973316669464111,0.17473286,9580
4911,11796480,481.96,2401,960,384.3300681,-4.2727101057767864,0.6956949869791667,0.34658169746398926,28.498917414744696,0.2,0.9267456531524658,0.0003,-0.028578632401574093,9.752664566040039,0.18943907,9590
4913,11808768,465.43,2403,961,370.93214316999996,-4.273612105846405,0.7430013020833334,0.3469303846359253,26.888546880086263,0.2,0.9313006401062012,0.0003,-0.014919851859061358,5.666473388671875,0.23372181,9600
4916,11821056,468.32,2404,962,365.07928862999995,-4.2717398524284365,0.6884765625,0.34693512320518494,26.832069224119188,0.2,0.9311972260475159,0.0003,-0.03351703040728656,17.35942840576172,0.18384008,9610
4918,11833344,463.66,2405,963,369.23042296,-4.314474927385648,0.742138671875,0.3477402925491333,29.815260851383208,0.2,0.9388424158096313,0.0003,-0.012059321415533002,21.270631790161133,0.21629445,9620
4921,11845632,513.95,2406,964,423.11625208000004,-4.295148273309072,0.6782633463541666,0.34694960713386536,38.03066921234131,0.2,0.912601888179779,0.0003,-0.027201492986932863,16.484371185302734,0.16069369,9630
4924,11857920,476.7,2408,965,387.41806528,-4.298451258738836,0.8049886067708333,0.3479708135128021,26.878777262568473,0.2,0.9395266175270081,0.0003,0.030189423353779905,7.763376235961914,0.26816735,9640
4926,11870208,506.92,2409,966,408.81848646,-4.358669262131055,0.8351155598958333,0.3499518632888794,22.72877517143885,0.2,0.9379597902297974,0.0003,0.04512384801103811,10.451494216918945,0.36675215,9650
4929,11882496,532.86,2410,967,424.54301919000005,-4.381800158818563,0.7367838541666667,0.34974536299705505,20.12182389398416,0.2,0.9354205131530762,0.0003,-0.009782060255141308,4.539464950561523,0.23265374,9660
4931,11894784,511.57,2411,968,400.22142804,-4.371998528639476,0.7247233072916667,0.34939682483673096,21.586108519633612,0.2,0.9508623480796814,0.0003,-0.021048123620372887,11.811042785644531,0.18829417,9670
4934,11907072,523.97,2413,969,417.27943012000003,-4.345252341032028,0.6750813802083333,0.34868332743644714,29.282014282544456,0.2,0.9368683099746704,0.0003,-0.03130240343452897,17.200801849365234,0.15217675,9680
4936,11919360,464.49,2414,970,377.3317539599999,-4.35294084250927,0.7289143880208333,0.3497152626514435,34.12999297181765,0.2,0.93821781873703,0.0003,-0.005279481220350135,10.065389633178711,0.17465311,9690
4939,11931648,479.19,2415,971,379.24595847000006,-4.3787144710620245,0.7270833333333333,0.3496202528476715,37.05500822464625,0.2,0.924385130405426,0.0003,-0.00895167198323179,6.423450469970703,0.17981428,9700
4941,11943936,489.37,2416,972,385.47676550999995,-4.418490879734358,0.8060791015625,0.35113176703453064,20.669152560830117,0.2,0.9366524815559387,0.0003,0.01906685497184905,10.175698280334473,0.32226834,9710
4944,11956224,523.59,2418,973,414.01893944000005,-4.422137061754863,0.7169840494791667,0.35122737288475037,20.46590276757876,0.2,0.9324749112129211,0.0003,-0.021768031970229154,6.166007995605469,0.2206363,9720
4946,11968512,553.38,2419,974,438.0878961,-4.406445534030596,0.6890787760416667,0.35019996762275696,29.768365824222563,0.2,0.9285351634025574,0.0003,-0.0296517375051432,6.681062698364258,0.19694288,9730
4949,11980800,571.4,2420,975,454.90882702999994,-4.362610467274984,0.7230061848958333,0.3486819267272949,25.28862319389979,0.2,0.9256870746612549,0.0003,-0.022385946113111763,6.149693965911865,0.2372901,9740
4952,11993088,532.23,2421,976,416.90678600000007,-4.311892919739088,0.7172770182291667,0.34737733006477356,34.335488047202425,0.2,0.9309541583061218,0.0003,-0.02144373366512203,10.42666244506836,0.17854053,9750
4954,12005376,500.6,2423,977,381.25919949,-4.33893001973629,0.83291015625,0.34875425696372986,23.5119819800059,0.2,0.9249674081802368,0.0003,0.036841457521465296,4.549426555633545,0.362192,9760
4957,12017664,487.22,2424,978,364.2819039,-4.312018971641859,0.7123616536458334,0.347276896238327,24.612461737791698,0.2,0.9209466576576233,0.0003,-0.025677216741314624,5.9922990798950195,0.17418158,9770
4959,12029952,519.74,2425,979,393.5106981399999,-4.279505302508672,0.7378580729166667,0.34663042426109314,19.89922874867916,0.2,0.9318814277648926,0.0003,-0.018992232065162776,8.885955810546875,0.2563025,9780
4962,12042240,526.25,2426,980,396.3391201499999,-4.254298428694407,0.7334391276041666,0.3462207019329071,20.139596784114836,0.2,0.9223559498786926,0.0003,-0.018494011384124556,6.745930194854736,0.21587825,9790
4965,12054528,530.99,2427,981,414.9782938800001,-4.266039337714513,0.734326171875,0.3462125062942505,25.374797506133714,0.2,0.9318537712097168,0.0003,-0.021708962441577266,9.991979598999023,0.22437139,9800
4967,12066816,507.51,2428,982,395.59466693,-4.248416841030121,0.6950276692708334,0.3457675874233246,20.839435931046804,0.2,0.9442610740661621,0.0003,-0.032696236649644564,9.181811332702637,0.19826557,9810
4970,12079104,477.74,2430,983,371.44292384000005,-4.22789475719134,0.6953369140625,0.3451460897922516,25.33342812259992,0.2,0.9269875884056091,0.0003,-0.029733995709102602,11.579405784606934,0.18394311,9820
4973,12091392,466.23,2431,984,363.96105157000005,-4.227899528543154,0.7489990234375,0.34488558769226074,22.8959600687027,0.2,0.9429919719696045,0.0003,-0.01726000513784432,7.4385986328125,0.33270445,9830
4975,12103680,451.15,2432,985,346.47715764999987,-4.277683539191882,0.8440999348958333,0.34769749641418457,21.065483114123346,0.2,0.9544580578804016,0.0003,0.06395650325891135,6.705358505249023,0.36171436,9840
4977,12115968,452.29,2434,986,344.02404220999995,-4.286234277486801,0.6789306640625,0.34665408730506897,27.636484962701797,0.2,0.9343540668487549,0.0003,-0.02844984905871873,19.77768325805664,0.16330707,9850
4979,12128256,439.35,2435,987,333.60797456999995,-4.248256037632625,0.6708577473958334,0.34562453627586365,26.903683153788247,0.2,0.9200496673583984,0.0003,-0.03299780201584023,8.649225234985352,0.16002555,9860
4981,12140544,414.4,2437,988,311.12966449999993,-4.237915767232577,0.7035400390625,0.3452042043209076,29.446041522423425,0.2,0.9290302395820618,0.0003,-0.026912568682261433,14.45164966583252,0.18775727,9870
4982,12152832,419.01,2439,989,318.57536180999995,-4.248116391897201,0.7304280598958334,0.3457883596420288,29.323260380824408,0.2,0.9305718541145325,0.0003,-0.017354833411809524,8.0059175491333,0.20777732,9880
4984,12165120,423.5,2440,990,321.06285944999996,-4.265261186162631,0.8219889322916667,0.34741970896720886,33.07399059931437,0.2,0.8950912356376648,0.0003,0.04177013803564478,14.559760093688965,0.28552353,9890
4986,12177408,437.01,2442,991,336.87135689,-4.291673533121744,0.7218668619791667,0.34667763113975525,37.51682465473811,0.2,0.9204599261283875,0.0003,-0.020118061528288916,13.43820858001709,0.21064724,9900
4987,12189696,459.28,2443,992,359.04014230000007,-4.261566456158956,0.7054036458333334,0.3456052243709564,32.460790274540585,0.2,0.9149167537689209,0.0003,-0.0284009806161824,5.542173862457275,0.17912167,9910
4989,12201984,418.54,2445,993,329.19797428,-4.260816784699758,0.7344563802083334,0.3463689982891083,32.17580125530561,0.2,0.9098069667816162,0.0003,-0.017527833116279604,16.08517074584961,0.23268062,9920
4991,12214272,443.1,2447,994,354.66678558,-4.300042883555094,0.7826090494791667,0.347317099571228,32.1608493288358,0.2,0.9230132699012756,0.0003,0.019933550819405354,12.652223587036133,0.2485431,9930
4992,12226560,455.29,2448,995,355.56809570999997,-4.276214744647344,0.7215006510416667,0.3463343679904938,30.128194216887156,0.2,0.9286258220672607,0.0003,-0.01957900502990621,14.759564399719238,0.20800538,9940
4994,12238848,468.36,2450,996,365.65988372999993,-4.278416469693184,0.7865071614583333,0.34690389037132263,21.18022064169248,0.2,0.9452207088470459,0.0003,0.006178622778194646,5.062771320343018,0.36052606,9950
4996,12251136,466.26,2452,997,354.7702341300001,-4.282427905996641,0.6765380859375,0.3464728891849518,29.279881713787713,0.2,0.9248586893081665,0.0003,-0.03515623709536157,13.33620834350586,0.17469697,9960
4997,12263424,447.91,2453,998,345.81280754,-4.316428525249163,0.7913736979166667,0.34811273217201233,29.9799006263415,0.2,0.9305490851402283,0.0003,0.024112304570735432,13.178145408630371,0.22309028,9970
4999,12275712,451.93,2455,999,356.50953401000004,-4.292369041840235,0.6678955078125,0.3468973636627197,38.4281102180481,0.2,0.9106000065803528,0.0003,-0.03742476574552711,12.273747444152832,0.16578415,9980
5001,12288000,430.57,2456,1000,329.57947614999995,-4.311517887314161,0.8007568359375,0.3474893867969513,23.45180809299151,0.2,0.9326772689819336,0.0003,0.010714034823467954,11.773303985595703,0.30884027,9990
5002,12300288,459.11,2458,1001,353.5168649600001,-4.310530372460684,0.6970947265625,0.34790587425231934,29.239788073301316,0.2,0.9235897064208984,0.0003,-0.02824779242606989,11.436326026916504,0.20281427,10000
5004,12312576,464.08,2460,1002,354.13824008000006,-4.312637835741043,0.7209716796875,0.34785938262939453,22.62905092438062,0.2,0.9352933764457703,0.0003,-0.022719802314531988,5.207030773162842,0.22502936,10010
5006,12324864,460.6,2461,1003,361.65040429999993,-4.305486910541853,0.6940022786458333,0.34752413630485535,30.075377251704534,0.2,0.9170279502868652,0.0003,-0.030597669416844536,11.57190227508545,0.19756456,10020
5008,12337152,489.08,2463,1004,384.14861580999997,-4.322930838664373,0.7227783203125,0.3479015827178955,33.927589925130206,0.2,0.9168660044670105,0.0003,-0.018593606087961234,12.657188415527344,0.18996175,10030
5009,12349440,472.76,2465,1005,374.09810125,-4.324385377764702,0.7457600911458333,0.34777164459228516,22.38503371079763,0.2,0.9362902641296387,0.0003,-0.019628008135381,14.613455772399902,0.22540027,10040
5011,12361728,464.65,2466,1006,361.65263128999993,-4.3365009804566705,0.7249267578125,0.3480936288833618,26.80030761361122,0.2,0.9240950345993042,0.0003,-0.015555494703585282,5.951290130615234,0.20111306,10050
5013,12374016,485.01,2468,1007,376.63159132,-4.324352100491524,0.7077311197916667,0.348032146692276,28.19854862689972,0.2,0.9305948615074158,0.0003,-0.027988965703116264,10.659992218017578,0.23447783,10060
5014,12386304,526.45,2469,1008,411.4310327200001,-4.396303720275561,0.8934895833333333,0.35215601325035095,14.31602176229159,0.2,0.9541269540786743,0.0003,0.11751748252330192,4.766387462615967,0.6937268,10070
5016,12398592,545.14,2471,1009,421.08645244,-4.507610547542572,0.7602783203125,0.35358044505119324,16.07644158999125,0.2,0.9564107656478882,0.0003,-0.006521626790830245,5.772005558013916,0.29003024,10080
5018,12410880,538.25,2473,1010,421.84981444,-4.498799090584119,0.6874348958333333,0.35278138518333435,27.7326174835364,0.2,0.9269375801086426,0.0003,-0.026360582928949345,6.865005016326904,0.1672767,10090
5019,12423168,541.39,2474,1011,415.1763624400001,-4.4656995733579,0.6824951171875,0.3518291413784027,24.27650114496549,0.2,0.9364041090011597,0.0003,-0.034445591512485406,12.383893966674805,0.17266218,10100
5021,12435456,508.14,2476,1012,388.53180094000004,-4.444904310504596,0.7109130859375,0.3513078987598419,22.801063216725986,0.2,0.9373819828033447,0.0003,-0.025604765337872475,5.65883731842041,0.21213226,10110
5023,12447744,490.23,2478,1013,366.2940729000001,-4.467469090223313,0.756640625,0.35231563448905945,16.638529993096988,0.2,0.9416080117225647,0.0003,-0.014715385223583628,4.827291011810303,0.28195187,10120
5024,12460032,516.94,2479,1014,384.3719820600001,-4.452534699440003,0.6943929036458333,0.35169363021850586,22.12096026738485,0.2,0.9438100457191467,0.0003,-0.024787910164741335,8.934751510620117,0.21506333,10130
5026,12472320,513.94,2481,1015,382.91022494,-4.447326763470968,0.7014485677083333,0.3515879809856415,22.27141584555308,0.2,0.9367910623550415,0.0003,-0.02494545685767662,7.237327575683594,0.19221646,10140
5028,12484608,520.33,2482,1016,389.05170309,-4.434034009774526,0.69716796875,0.35107240080833435,34.467180693149565,0.2,0.9090976715087891,0.0003,-0.026659469603328035,15.293498039245605,0.18453948,10150
5029,12496896,543.67,2484,1017,420.31840607,-4.4590961039066315,0.7571126302083333,0.3520069420337677,25.53036141892274,0.2,0.9329413175582886,0.0003,-0.006416356118279509,7.908100128173828,0.22903252,10160
5031,12509184,558.82,2486,1018,430.80491892000003,-4.443584286173185,0.7084798177083333,0.35107603669166565,25.51582622130712,0.2,0.9336578845977783,0.0003,-0.0284659585779688,7.644258975982666,0.19899374,10170
5033,12521472,530.8,2487,1019,398.8779059700001,-4.415474091966947,0.7603678385416667,0.3507702350616455,18.408701621492703,0.2,0.9388370513916016,0.0003,-0.01603868984869526,4.717769622802734,0.27025485,10180
5034,12533760,512.23,2489,1020,389.03710655999987,-4.428023463487625,0.6794270833333333,0.3512082099914551,24.060173467795053,0.2,0.939530611038208,0.0003,-0.03149204452201957,6.381223678588867,0.17953669,10190
5036,12546048,492.01,2490,1021,367.2715036,-4.417477800448736,0.7138671875,0.35071802139282227,34.27361280520757,0.2,0.9215149283409119,0.0003,-0.02034170069285513,8.018376350402832,0.17275076,10200
5038,12558336,472.58,2492,1022,351.8460757300001,-4.411478649576505,0.7363606770833333,0.35015884041786194,31.01639355023702,0.2,0.933468222618103,0.0003,-0.015149677818408236,10.672773361206055,0.19372852,10210
5040,12570624,465.65,2494,1023,340.91949291,-4.405490573247274,0.7557210286458333,0.3503376543521881,25.67012981971105,0.2,0.9187322854995728,0.0003,-0.010631654279616971,6.930793285369873,0.22928591,10220
5041,12582912,475.17,2495,1024,342.97155822,-4.410633249084155,0.7537760416666667,0.3506861627101898,23.51094190378984,0.2,0.9305309057235718,0.0003,-0.017053936839996217,8.009300231933594,0.25068256,10230
5043,12595200,520.06,2497,1025,382.81695345,-4.429219879706701,0.7646484375,0.35088101029396057,20.50308583776156,0.2,0.9473435282707214,0.0003,-0.00843987502885284,5.738141059875488,0.2564314,10240
5045,12607488,504.14,2498,1026,377.81646346,-4.395374825596809,0.6982340494791667,0.34999170899391174,31.14856816927592,0.2,0.9145551919937134,0.0003,-0.029114966127478208,14.188427925109863,0.1720622,10250
5046,12619776,513.95,2500,1027,399.47534741999993,-4.397466320792834,0.6868733723958333,0.3503977954387665,22.43872080941995,0.2,0.9462835788726807,0.0003,-0.03132505235747279,7.498541355133057,0.20396657,10260
5048,12632064,530.29,2502,1028,423.44240156,-4.370842435956002,0.6878336588541667,0.3490928113460541,41.41193416515986,0.2,0.911521852016449,0.0003,-0.025395640017328937,20.616010665893555,0.18127257,10270
5050,12644352,468.6,2503,1029,373.75804330999995,-4.362830044825872,0.7603678385416667,0.3491116464138031,20.967485831181207,0.2,0.9435224533081055,0.0003,-0.006335019684047438,11.890462875366211,0.29379997,10280
5051,12656640,449.71,2505,1030,350.90145287,-4.337326025962829,0.7212972005208333,0.34818601608276367,30.32912206252416,0.2,0.9182121157646179,0.0003,-0.021676490695487396,11.362387657165527,0.21736509,10290
5053,12668928,469.83,2506,1031,363.71914022,-4.319310083985329,0.7306884765625,0.3477492332458496,29.01961732506752,0.2,0.9357244968414307,0.0003,-0.01946816795874232,12.969141006469727,0.19032067,10300
5055,12681216,445.77,2508,1032,345.39579771000007,-4.289218669136365,0.71953125,0.34653306007385254,25.954818419615428,0.2,0.9403198957443237,0.0003,-0.027848487933321547,7.743602275848389,0.22076821,10310
5056,12693504,462.71,2510,1033,364.50726388999993,-4.2486405819654465,0.7084065755208333,0.3450462520122528,29.909016235669455,0.2,0.9260709285736084,0.0003,-0.026236079105486473,8.02640151977539,0.17803116,10320
5058,12705792,467.94,2511,1034,378.85266035000006,-4.230290051301321,0.7473063151041667,0.34548744559288025,31.92229955792427,0.2,0.9284175038337708,0.0003,-0.013167931246183191,14.735238075256348,0.21084411,10330
5060,12718080,468.26,2513,1035,390.8793263999999,-4.234124756852785,0.7728515625,0.3453977108001709,31.854975378513338,0.2,0.9220484495162964,0.0003,0.0050954115218094865,6.832699775695801,0.24841388,10340
5061,12730368,463.99,2514,1036,388.41099628999996,-4.220777925848961,0.6877034505208334,0.3450210392475128,36.59458299676577,0.2,0.9303240776062012,0.0003,-0.031785240918785956,11.380061149597168,0.18178105,10350
5063,12742656,463.77,2516,1037,376.63954614999994,-4.260859048366546,0.787744140625,0.3462526798248291,23.374812879165013,0.2,0.9267613291740417,0.0003,0.002876462963952993,7.538788795471191,0.2979649,10360
5065,12754944,453.49,2517,1038,358.1858945,-4.269025059541066,0.7215494791666667,0.3460110127925873,30.52544094324112,0.2,0.9149242639541626,0.0003,-0.028586152722709812,18.052297592163086,0.22860254,10370
5067,12767232,483.69,2519,1039,372.64025554999995,-4.257951617240906,0.7621419270833333,0.3459346294403076,31.13321210741997,0.2,0.935617208480835,0.0003,-0.001168520010348099,14.503621101379395,0.21996634,10380
5069,12779520,491.46,2520,1040,385.03378497,-4.243153489629427,0.7479654947916666,0.3452678918838501,23.345711481571197,0.2,0.9334478378295898,0.0003,-0.015587814649916255,4.993629455566406,0.2594116,10390
5071,12791808,492.23,2522,1041,385.92841067999996,-4.231457789738973,0.7635172526041667,0.3451051712036133,18.46496008435885,0.2,0.9366472363471985,0.0003,-0.009248262880525241,5.608144760131836,0.2851576,10400
5072,12804096,505.15,2524,1042,402.06983764999995,-4.286251772443453,0.8412516276041667,0.34811463952064514,25.73763220111529,0.2,0.9418131709098816,0.0003,0.061780646814925906,6.883360862731934,0.404083,10410
5074,12816384,492.03,2525,1043,390.0154230999999,-4.318549540638924,0.7295654296875,0.34786978363990784,24.51635286907355,0.2,0.9319487810134888,0.0003,-0.020037700054914846,11.158920288085938,0.21472077,10420
5076,12828672,471.19,2527,1044,372.19961592000004,-4.296950048208236,0.7095947265625,0.34732064604759216,19.487121222416558,0.2,0.9456790685653687,0.0003,-0.0289167322810196,5.1678266525268555,0.20214315,10430
5078,12840960,481.45,2528,1045,375.16833056,-4.261619405945142,0.6674641927083333,0.3459740877151489,32.44387841820717,0.2,0.934146523475647,0.0003,-0.038563580130964205,13.351683616638184,0.17355208,10440
5080,12853248,454.8,2530,1046,343.62420375999994,-4.2445300847291945,0.72958984375,0.3456364572048187,24.320270210504532,0.2,0.9281352758407593,0.0003,-0.02781869268267959,9.953702926635742,0.2529857,10450
5207,12865536,459.11,2470,1047,352.85499118,-4.281281411647797,0.754931640625,0.34725627303123474,22.778371489048006,0.2,0.939668595790863,0.0003,-0.013069683521947203,11.645201683044434,0.23368345,10460
5209,12877824,461.78,2472,1048,352.0151076499999,-4.301764141519865,0.7772298177083333,0.34773269295692444,17.202797386050225,0.2,0.9488108158111572,0.0003,-0.0014442645692421745,6.817533493041992,0.2707818,10470
5211,12890112,453.83,2473,1049,361.10152674,-4.279226409395536,0.7171142578125,0.34615349769592285,23.775121010343234,0.2,0.9388068914413452,0.0003,-0.029414005043023887,7.4041666984558105,0.22493517,10480
5213,12902400,431.63,2474,1050,340.22081212999996,-4.248265161116918,0.7197428385416667,0.34551072120666504,25.491302984952927,0.2,0.9463314414024353,0.0003,-0.02865157735456402,7.933403015136719,0.21665435,10490
5215,12914688,440.06,2476,1051,348.27315963,-4.242484656969706,0.7555908203125,0.34517255425453186,19.805196489890417,0.2,0.9448624849319458,0.0003,-0.011372193529192979,13.173614501953125,0.2376495,10500
5217,12926976,445.11,2477,1052,352.28903534000005,-4.207289616266887,0.7062662760416667,0.3445703089237213,29.452246795097988,0.2,0.9367551803588867,0.0003,-0.02715731659748902,7.051787376403809,0.19355136,10510
5219,12939264,449.55,2479,1053,355.65431909000006,-4.197956941525141,0.7132405598958333,0.34442248940467834,33.04996335307757,0.2,0.9385917782783508,0.0003,-0.020408050182353085,9.17602825164795,0.18270336,10520
5221,12951552,460.12,2480,1054,378.15817939999994,-4.185192703207334,0.7452555338541667,0.3441772162914276,29.517029762268066,0.2,0.937961757183075,0.0003,-0.009549835762785126,10.177525520324707,0.20936495,10530
5223,12963840,450.29,2481,1055,375.71945984999996,-4.197076744834582,0.7457600911458333,0.34433987736701965,28.508952365318933,0.2,0.939864993095398,0.0003,-0.009965119565216203,13.692635536193848,0.19408171,10540
5224,12976128,501.64,2483,1056,425.93175254,-4.209400762120882,0.7853434244791667,0.34483298659324646,26.126652570565543,0.2,0.9485756754875183,0.0003,0.009468870207395714,6.624130725860596,0.24894083,10550
5226,12988416,516.38,2485,1057,434.97920461999996,-4.188525997598966,0.71953125,0.34408092498779297,20.050822619597117,0.2,0.9505666494369507,0.0003,-0.024438975388572242,6.640000343322754,0.2150367,10560
5228,13000704,519.54,2486,1058,436.50764716,-4.240911844372749,0.87314453125,0.347462922334671,20.689393649498623,0.2,0.9498023390769958,0.0003,0.08544628618110436,4.401111125946045,0.58612597,10570
5230,13012992,523.28,2488,1059,439.49043455,-4.265540943543116,0.6577229817708333,0.3462713062763214,30.27792448202769,0.2,0.9265308380126953,0.0003,-0.030651544383727015,9.213953018188477,0.14817937,10580
5232,13025280,487.95,2489,1060,393.48899818999996,-4.233734642465909,0.6890299479166667,0.3454357087612152,34.894201497236885,0.2,0.9268265962600708,0.0003,-0.02832848457522535,16.947065353393555,0.1659699,10590
5233,13037568,511.03,2491,1061,416.46298298,-4.242802252372106,0.7614908854166667,0.3456026315689087,21.195571933190028,0.2,0.9417295455932617,0.0003,-0.003209461169899441,5.975747585296631,0.2481987,10600
5235,13049856,506.28,2492,1062,400.11601001,-4.227316836516063,0.7678792317708333,0.34538766741752625,16.18832581738631,0.2,0.9490244388580322,0.0003,-0.01338728479167912,4.4760966300964355,0.29220352,10610
5237,13062144,474.7,2494,1063,375.2388510000001,-4.209606353441874,0.6929931640625,0.3446904420852661,25.717417458693188,0.2,0.9465568661689758,0.0003,-0.032349245376341665,12.253236770629883,0.19278145,10620
5238,13074432,449.45,2495,1064,368.26386437,-4.180959934989612,0.6635986328125,0.34348973631858826,40.887511233488716,0.2,0.9320139288902283,0.0003,-0.03433414865576197,12.03272533416748,0.15363404,10630
5240,13086720,386.64,2497,1065,313.39407590999997,-4.146494351824125,0.6997639973958333,0.34307265281677246,37.134664142131804,0.2,0.9347076416015625,0.0003,-0.02675709723456142,13.044116020202637,0.17056824,10640
5242,13099008,408.13,2498,1066,333.00648585000005,-4.138688465952873,0.8634684244791667,0.3439699113368988,37.377221777041754,0.2,0.9342716336250305,0.0003,0.08682907994710452,9.690781593322754,0.4862341,10650
5243,13111296,424.55,2500,1067,337.1837183900001,-4.237427015105883,0.8210774739583333,0.34610962867736816,31.86319622794787,0.2,0.9363163113594055,0.0003,0.047874614433385435,12.49937915802002,0.27753976,10660
5245,13123584,438.96,2501,1068,344.49722628999996,-4.240418606996537,0.7137858072916666,0.34567251801490784,34.588504962126414,0.2,0.9295920133590698,0.0003,-0.019901283924506668,15.170719146728516,0.16595139,10670
5247,13135872,434.76,2503,1069,341.8203943599999,-4.2177089869976045,0.6832600911458333,0.34459933638572693,32.613151637713116,0.2,0.914985716342926,0.0003,-0.03461042481552189,8.534540176391602,0.17675094,10680
5249,13148160,436.61,2504,1070,338.4800059500001,-4.265584839383761,0.8246256510416666,0.34725573658943176,23.96428235967954,0.2,0.9330766201019287,0.0003,0.03764821861356419,4.291664123535156,0.3195394,10690
5252,13160448,461.4,2505,1071,362.53608488000003,-4.286771458387375,0.7288411458333334,0.34674468636512756,32.401342135667804,0.2,0.92514967918396,0.0003,-0.018878612058081976,13.000282287597656,0.20584297,10700
5254,13172736,441.6,2506,1072,344.2233693300001,-4.273589395483335,0.715478515625,0.3468862771987915,29.70756715933482,0.2,0.9285515546798706,0.0003,-0.020882087823702024,12.36606502532959,0.18705511,10710
5256,13185024,442.06,2508,1073,353.25966940000006,-4.267744674285253,0.7020345052083333,0.34642812609672546,30.439407223463057,0.2,0.9383531212806702,0.0003,-0.031627267498212555,8.449854850769043,0.18270735,10720
5258,13197312,381.83,2509,1074,299.8763032999999,-4.2548188954591755,0.734814453125,0.3462406396865845,33.74624943931897,0.2,0.9316477179527283,0.0003,-0.018768214718753975,20.854141235351562,0.19015555,10730
5260,13209600,400.7,2511,1075,326.49201072000005,-4.337424642841021,0.8843505859375,0.35119763016700745,37.451950095097224,0.2,0.9276784062385559,0.0003,0.10435756379980982,17.775876998901367,0.693794,10740
5262,13221888,400.07,2512,1076,320.50794771999995,-4.391184232632319,0.6484293619791667,0.35008201003074646,41.82598786354065,0.2,0.9119635820388794,0.0003,-0.03821833343924178,16.432336807250977,0.13945484,10750
5264,13234176,405.26,2514,1077,322.6201972,-4.398993051052093,0.7455647786458334,0.3501792848110199,29.755540192127228,0.2,0.9396629929542542,0.0003,-0.011289592103760999,24.955318450927734,0.21292448,10760
5265,13246464,396.85,2515,1078,314.13325277000007,-4.378077227870623,0.701318359375,0.349904865026474,27.68965470790863,0.2,0.9296773076057434,0.0003,-0.03639519170489317,20.576173782348633,0.21837282,10770
5267,13258752,393.59,2517,1079,321.1559166999999,-4.351503334442774,0.7206787109375,0.34885480999946594,43.82546879649162,0.2,0.9160066843032837,0.0003,-0.02045912364750014,9.656685829162598,0.19430816,10780
5269,13271040,410.34,2518,1080,339.43337012000006,-4.322057983279228,0.7081949869791667,0.34768223762512207,33.63522059321404,0.2,0.9246025681495667,0.0003,-0.029946684571526324,17.039335250854492,0.22836101,10790
5271,13283328,401.79,2520,1081,341.67024770000006,-4.274702947338422,0.7369547526041667,0.3465413749217987,25.898027900854746,0.2,0.9376158714294434,0.0003,-0.029430609820216582,9.239055633544922,0.23855679,10800
5272,13295616,385.68,2521,1082,321.26508676000003,-4.230571294824283,0.7115397135416667,0.3450116217136383,47.853177885214485,0.2,0.9269558191299438,0.0003,-0.028633790025681567,13.629749298095703,0.19193716,10810
5274,13307904,365.46,2523,1083,298.6197508,-4.2457827746868135,0.8022623697916667,0.346113920211792,23.943312430381773,0.2,0.9440768361091614,0.0003,0.01325897705683019,15.015172004699707,0.27706733,10820
5276,13320192,418.53,2524,1084,329.69079676,-4.247319439053536,0.7324951171875,0.34601321816444397,27.035351779063543,0.2,0.9225770831108093,0.0003,-0.028230380457049856,5.806041240692139,0.24960224,10830
5278,13332480,454.07,2525,1085,352.70261082,-4.311823020378749,0.8264078776041667,0.34876748919487,14.884759667515755,0.2,0.9380977749824524,0.0003,0.02523081387480488,4.283618450164795,0.42973986,10840
5280,13344768,494.5,2527,1086,386.8586740300001,-4.326612999041875,0.7323567708333333,0.34771084785461426,17.495419763525327,0.2,0.9483938217163086,0.0003,-0.02651105733142079,10.389777183532715,0.24402423,10850
5281,13357056,504.66,2528,1087,394.64875721,-4.2984888056914015,0.7342854817708333,0.34689104557037354,30.481973018248876,0.2,0.9251116514205933,0.0003,-0.010814857310712493,21.685745239257812,0.1662877,10860
5283,13369344,496.79,2530,1088,403.65089867,-4.2373226126035055,0.6915934244791667,0.3453947603702545,31.56813203692436,0.2,0.9254107475280762,0.0003,-0.026952080568783763,7.804342269897461,0.17690189,10870
5285,13381632,504.62,2531,1089,401.98093448,-4.185158675909042,0.6844319661458333,0.3438839912414551,31.33333599170049,0.2,0.9285851716995239,0.0003,-0.030981760389598396,14.047392845153809,0.16634594,10880
5286,13393920,490.07,2533,1090,385.0628065099999,-4.206497503320376,0.7980305989583333,0.3450181782245636,19.624827193220458,0.2,0.929599404335022,0.0003,-0.0006652421206429911,3.0619258880615234,0.37852678,10890
5288,13406208,479.07,2534,1091,375.93231575,-4.18972247838974,0.72099609375,0.34392595291137695,27.729012495279314,0.2,0.9313763380050659,0.0003,-0.023626992607993693,16.61795425415039,0.20585494,10900
5290,13418496,458.8,2536,1092,361.11886255999997,-4.220207999149959,0.7822184244791667,0.34539595246315,31.219467973709108,0.2,0.9424765706062317,0.0003,0.01114026499077833,19.017541885375977,0.2311949,10910
5291,13430784,428.9,2537,1093,337.49517170999985,-4.2065588414669035,0.6806884765625,0.3445947468280792,34.17632033228874,0.2,0.9268459677696228,0.0003,-0.032767682573952094,21.630897521972656,0.17535721,10920
5293,13443072,399.0,2539,1094,304.81750579999994,-4.209084380666415,0.7455647786458334,0.3446791172027588,24.958298740784326,0.2,0.9405673742294312,0.0003,-0.021603028753694766,10.912583351135254,0.22555105,10930
5295,13455360,422.4,2540,1095,327.63399061999996,-4.241178081432978,0.8123453776041667,0.34585845470428467,28.141145231326423,0.2,0.9397154450416565,0.0003,0.034262950302218084,7.611782073974609,0.28215456,10940
5297,13467648,409.83,2542,1096,325.53490561,-4.251697573065758,0.7106038411458333,0.34605872631073,31.28313009341558,0.2,0.9390794038772583,0.0003,-0.024034674147454402,11.40630054473877,0.20884697,10950
5298,13479936,427.72,2543,1097,343.53142921000006,-4.239606833457946,0.713134765625,0.3452790081501007,34.03433382511139,0.2,0.9326449632644653,0.0003,-0.024326052341105728,10.438220977783203,0.19893388,10960
5300,13492224,383.91,2545,1098,299.35561777000004,-4.27047157784303,0.846142578125,0.34753647446632385,30.10083028872808,0.2,0.9413344264030457,0.0003,0.06238654384796973,15.122016906738281,0.34769884,10970
5302,13504512,411.33,2546,1099,306.21757291,-4.269647816816966,0.671533203125,0.3463391363620758,31.398553387324014,0.2,0.9046102166175842,0.0003,-0.03728705387911759,13.490224838256836,0.1701622,10980
5304,13516800,451.31,2548,1100,335.43517284,-4.263700061043104,0.7653564453125,0.3469930589199066,22.23113956252734,0.2,0.9278380274772644,0.0003,-0.015891237289179117,4.6067795753479,0.26176262,10990
5306,13529088,454.14,2549,1101,342.99936662,-4.264958316087723,0.7663818359375,0.34691765904426575,25.961194767554602,0.2,0.922209620475769,0.0003,-0.006307438140114149,7.568248748779297,0.25568292,11000
5308,13541376,473.19,2551,1102,362.78534326,-4.2505609661340715,0.7071940104166666,0.3456611931324005,25.672849941253663,0.2,0.929021418094635,0.0003,-0.0318371442136898,5.905732154846191,0.2044174,11010
5310,13553664,436.61,2552,1103,339.03271014,-4.210075674454371,0.7054361979166667,0.3444087505340576,31.714857294162115,0.2,0.9281381368637085,0.0003,-0.029828734311740844,14.622629165649414,0.1832165,11020
5311,13565952,403.64,2553,1104,303.33471834999995,-4.1701655954122545,0.7621419270833333,0.3436215817928314,18.651155638694764,0.2,0.9270867109298706,0.0003,-0.020470844357623717,8.884195327758789,0.30349478,11030
5313,13578240,400.18,2555,1105,291.42681639,-4.107981699705124,0.7005126953125,0.3416636288166046,25.139559056361517,0.2,0.9271215796470642,0.0003,-0.032873600173237115,11.348390579223633,0.18151607,11040
5315,13590528,413.14,2556,1106,305.23330537000004,-4.079087505737941,0.7618570963541667,0.34193429350852966,26.40496655503909,0.2,0.931320071220398,0.0003,-0.011058907765254844,10.73736572265625,0.28617013,11050
5317,13602816,397.56,2557,1107,301.65546059999997,-4.050876465439797,0.6958658854166667,0.3402308225631714,29.356452059745788,0.2,0.9208810925483704,0.0003,-0.03547685724818924,7.5414652824401855,0.19884737,11060
5319,13615104,427.44,2559,1108,341.86158588,-4.028629271189372,0.730224609375,0.33989226818084717,19.29620872338613,0.2,0.9494419097900391,0.0003,-0.027711903819969543,4.013924598693848,0.26454327,11070
5321,13627392,444.33,2560,1109,373.64437752000003,-4.050233050187429,0.7707112630208334,0.34078919887542725,25.504481489459675,0.2,0.9273355007171631,0.0003,-0.0035662448392637697,12.125819206237793,0.2885224,11080
5322,13639680,428.06,2562,1110,354.68396457999995,-4.047368766864141,0.7330647786458333,0.34030571579933167,23.16009547909101,0.2,0.9451720118522644,0.0003,-0.021643338602734728,11.183457374572754,0.23906757,11090
5324,13651968,411.41,2563,1111,332.13722071000007,-4.040376569827398,0.7374430338541667,0.34035566449165344,24.978571013609567,0.2,0.9356445670127869,0.0003,-0.02369973612561201,7.896585464477539,0.22962202,11100
5326,13664256,412.89,2565,1112,328.8308637899999,-4.060929415623347,0.8210042317708334,0.3413863182067871,22.577210532625518,0.2,0.9460880160331726,0.0003,0.031817834140626174,10.357973098754883,0.3452624,11110
5328,13676544,434.63,2566,1113,344.53825329000006,-4.064260987440745,0.7321695963541667,0.34136831760406494,22.23768506248792,0.2,0.9347329139709473,0.0003,-0.021502475612214765,5.80301570892334,0.21622415,11120
5329,13688832,445.75,2568,1114,362.4138549600001,-4.049306013186773,0.689501953125,0.3406847417354584,28.397775614261626,0.2,0.9339545965194702,0.0003,-0.03420829130724693,8.606940269470215,0.18194135,11130
5331,13701120,410.7,2569,1115,312.15068512000005,-4.05729051331679,0.6990966796875,0.34089985489845276,33.17605153719584,0.2,0.9340097904205322,0.0003,-0.027865121984117044,20.4312744140625,0.18449622,11140
5333,13713408,398.66,2571,1116,295.24435539,-4.108898860216141,0.8327473958333333,0.34331953525543213,21.490155695875487,0.2,0.9449701309204102,0.0003,0.038890480461608,4.227580547332764,0.39785507,11150
5335,13725696,390.27,2572,1117,283.59864611000006,-4.11887886027495,0.7372151692708333,0.3424697816371918,32.191180072228114,0.2,0.9235531091690063,0.0003,-0.015377245499015165,11.757551193237305,0.18750735,11160
5337,13737984,427.32,2574,1118,310.09562045999996,-4.108115633328755,0.7249755859375,0.34229159355163574,21.833756178617477,0.2,0.9362533688545227,0.0003,-0.02712224117713049,14.680862426757812,0.2411346,11170
5338,13750272,458.18,2575,1119,346.34522771,-4.1054368078708645,0.7357177734375,0.34210264682769775,21.27816558877627,0.2,0.950621485710144,0.0003,-0.023809124426528192,6.04583740234375,0.23703575,11180
5340,13762560,460.12,2577,1120,360.8421849300001,-4.086899009346962,0.7227620442708333,0.3416629135608673,30.37663152416547,0.2,0.9310179948806763,0.0003,-0.025758191919885577,9.220599174499512,0.20479618,11190
5342,13774848,444.61,2578,1121,353.01937993000007,-4.089519352714221,0.7310628255208333,0.341644287109375,21.63517762819926,0.2,0.9505187273025513,0.0003,-0.025841263826199185,8.049854278564453,0.23166227,11200
5344,13787136,445.96,2579,1122,356.49926934,-4.0693758169809975,0.7398844401041667,0.34139928221702576,34.10680799682935,0.2,0.9367780089378357,0.0003,-0.013805222450658523,10.974207878112793,0.20354152,11210
5345,13799424,456.64,2581,1123,359.83826962000006,-4.053701226909955,0.707470703125,0.34063518047332764,26.929369749625526,0.2,0.9340950846672058,0.0003,-0.0248035499137283,9.798665046691895,0.20096521,11220
5347,13811712,169.64,2582,1124,122.16282386,-4.031935620307922,0.9703776041666666,0.3414951264858246,25.892057681083678,0.2,0.9381904602050781,0.0003,0.21753196416345114,6.518887042999268,15.768021,11230
5349,13824000,126.02,2584,1125,86.13378792000002,-4.066343272725741,0.6472005208333333,0.3413475453853607,33.078474875291185,0.2,0.9070121049880981,0.0003,-0.055477807841574155,11.537959098815918,0.17121989,11240
5351,13836288,135.08,2585,1126,90.64049215000003,-4.049857301513354,0.7111897786458333,0.34101757407188416,23.657202665011088,0.2,0.9280195236206055,0.0003,-0.03717274824739434,12.35714054107666,0.2186291,11250
5354,13848576,139.3,2586,1127,93.93262756999998,-4.040108091632525,0.72724609375,0.34049853682518005,22.127731351057687,0.2,0.9247542023658752,0.0003,-0.03988799315702636,7.912605285644531,0.2391596,11260
5356,13860864,151.85,2587,1128,106.89018214,-4.01711476445198,0.7447184244791667,0.33951306343078613,19.41751285592715,0.2,0.9266219139099121,0.0003,-0.03191533145242526,7.190819263458252,0.27821156,11270
5359,13873152,155.19,2588,1129,106.74256550999999,-3.9877619286378225,0.724365234375,0.3391993045806885,22.56024040579796,0.2,0.9314998984336853,0.0003,-0.04042599355064643,8.024306297302246,0.23863463,11280
5361,13885440,157.11,2589,1130,109.72572219000001,-3.983265732228756,0.7563557942708333,0.33892354369163513,16.905014163255693,0.2,0.9325756430625916,0.0003,-0.03127197787131687,6.132471084594727,0.31205013,11290
5363,13897728,170.1,2591,1131,118.07157918999998,-3.9658519183595975,0.7446370442708333,0.33839449286460876,18.39176299969355,0.2,0.9271931648254395,0.0003,-0.028407796959315116,7.065417766571045,0.26549432,11300
5392,13910016,179.81,2579,1132,126.53909320999998,-3.943775766591231,0.7533284505208333,0.33733996748924255,16.757951909303664,0.2,0.9339856505393982,0.0003,-0.030811585328774527,5.918920993804932,0.28075317,11310
5398,13922304,189.35,2578,1133,134.44248942000002,-3.87481901148955,0.7350911458333333,0.33549439907073975,19.48161455988884,0.2,0.9339501261711121,0.0003,-0.03337819378745432,8.218822479248047,0.24355917,11320
5401,13934592,192.23,2579,1134,137.32365983999998,-3.8357109025120737,0.7439860026041667,0.3350292146205902,18.722003126144408,0.2,0.9299622774124146,0.0003,-0.03340287933388027,6.402096748352051,0.25173977,11330
5403,13946880,202.27,2580,1135,150.69347114,-3.8302602022886276,0.7438883463541667,0.3341422379016876,17.481642719109853,0.2,0.9377791285514832,0.0003,-0.02928370999385758,6.617541313171387,0.27115583,11340
5406,13959168,200.02,2582,1136,144.68922768000002,-3.806322484711806,0.6968180338541666,0.33441177010536194,22.650480816761654,0.2,0.9359861016273499,0.0003,-0.041110826216754506,8.640841484069824,0.18898259,11350
5408,13971456,196.19,2583,1137,140.74257087,-3.8275820637742677,0.7203531901041667,0.3348483145236969,21.780216493209203,0.2,0.9345206022262573,0.0003,-0.037749782049407564,9.03251838684082,0.23162115,11360
5410,13983744,203.4,2584,1138,147.73360984,-3.817545076707999,0.708251953125,0.3341311514377594,23.35409582257271,0.2,0.930986762046814,0.0003,-0.037992430442439704,13.398712158203125,0.21158107,11370
5412,13996032,229.67,2585,1139,172.34753217000002,-3.8235628073414167,0.7265299479166667,0.3343973457813263,23.879047403732937,0.2,0.923128604888916,0.0003,-0.03467838697154851,14.800736427307129,0.24578042,11380
5415,14008320,243.88,2586,1140,188.07665374000004,-3.7741533567508063,0.7313069661458333,0.33232581615448,20.645124862591427,0.2,0.9316453337669373,0.0003,-0.03331660001713317,7.205255031585693,0.233958,11390
5417,14020608,225.11,2588,1141,166.5803884,-3.7298140302300453,0.7365641276041667,0.33150485157966614,25.314126873016356,0.2,0.9351203441619873,0.0003,-0.030517404154913188,11.188580513000488,0.24490595,11400
5419,14032896,217.8,2589,1142,153.58506845,-3.727766138315201,0.7526529947916667,0.3315208852291107,21.683008277416228,0.2,0.9410030245780945,0.0003,-0.017538054887942658,13.630059242248535,0.25409698,11410
5421,14045184,236.92,2590,1143,171.05104568999997,-3.7005966722965242,0.7408203125,0.33070293068885803,22.484908847014108,0.2,0.9359142184257507,0.0003,-0.02540365238285934,8.854734420776367,0.23685022,11420
5424,14057472,241.69,2591,1144,176.20054427000002,-3.6865540484587354,0.7134440104166667,0.3304152190685272,26.847336788972218,0.2,0.9312489032745361,0.0003,-0.03518982002860867,11.981402397155762,0.21586238,11430
5426,14069760,222.19,2592,1145,155.53124634999998,-3.6700297951698304,0.7283284505208333,0.32950112223625183,25.417443893353145,0.2,0.9361230134963989,0.0003,-0.030657879964564927,9.733695030212402,0.22038324,11440
5429,14082048,245.14,2593,1146,176.53740691,-3.6305994505683583,0.7616617838541667,0.3283217251300812,19.44833107391993,0.2,0.9297715425491333,0.0003,-0.02591386008328603,6.8502912521362305,0.31094575,11450
5431,14094336,283.62,2594,1147,206.08955689,-3.6218448584278424,0.7462158203125,0.3286376893520355,25.387133538722992,0.2,0.9243531227111816,0.0003,-0.019506708548093835,11.13239574432373,0.23595636,11460
5433,14106624,300.81,2596,1148,224.1698829,-3.646702931324641,0.7740641276041667,0.32911577820777893,22.833796890576682,0.2,0.9286017417907715,0.0003,-0.0030738014679324503,13.66367244720459,0.2645067,11470
5435,14118912,294.68,2597,1149,221.65732771,-3.6372878442207974,0.7139973958333333,0.32894009351730347,30.777328568696976,0.2,0.9257736802101135,0.0003,-0.0352780579579606,14.791366577148438,0.21240719,11480
5445,14131200,285.77,2595,1150,207.12145601,-3.638941259185473,0.7478841145833334,0.32889533042907715,26.475572041670482,0.2,0.9313924312591553,0.0003,-0.01746673141218101,10.33415699005127,0.24489443,11490
5448,14143488,281.44,2595,1151,202.26225325,-3.628943877418836,0.7481038411458333,0.32876041531562805,23.74632043838501,0.2,0.9365982413291931,0.0003,-0.021523623952331643,17.97161102294922,0.2647806,11500
5453,14155776,311.55,2595,1152,234.60564782999998,-3.6348806604743005,0.7997721354166667,0.32868504524230957,26.171843479077022,0.2,0.9303303956985474,0.0003,0.01213287643622607,6.054331302642822,0.3119776,11510
5456,14168064,318.6,2596,1153,241.61332854,-3.6079788848757746,0.7272542317708334,0.3279809057712555,25.846485789616903,0.2,0.9236720204353333,0.0003,-0.03245449219636309,6.716517925262451,0.21014495,11520
5458,14180352,329.67,2597,1154,244.63084588000004,-3.5999491780996324,0.7576904296875,0.3277184069156647,24.586941119035085,0.2,0.9158903360366821,0.0003,-0.0169758052865897,8.206817626953125,0.2706619,11530
5460,14192640,341.13,2598,1155,251.28227500000006,-3.650301111241182,0.824658203125,0.3298514485359192,23.35794290105502,0.2,0.9237101078033447,0.0003,0.04068335527263116,7.81181001663208,0.32213768,11540
5463,14204928,318.48,2599,1156,236.69279438000004,-3.6522642080982526,0.6899007161458334,0.3291361927986145,26.808209258317948,0.2,0.92946457862854,0.0003,-0.038146686705294995,14.075726509094238,0.19449799,11550
5465,14217216,304.49,2601,1157,228.0304135,-3.638741644223531,0.7202229817708333,0.32888349890708923,27.115903494755425,0.2,0.9297565817832947,0.0003,-0.030150372620361545,15.188597679138184,0.2027551,11560
5468,14229504,307.3,2602,1158,230.52366931000003,-3.6340784415602685,0.7211588541666667,0.3287762701511383,31.9303404768308,0.2,0.9383055567741394,0.0003,-0.02095578728670565,10.46084976196289,0.2116362,11570
5470,14241792,327.66,2603,1159,252.44429000999997,-3.6225617811083795,0.7220540364583333,0.3280438780784607,30.24040673772494,0.2,0.9314042925834656,0.0003,-0.026721617795798618,11.591300964355469,0.22186168,11580
5472,14254080,343.52,2604,1160,264.07794365,-3.601986277103424,0.7392171223958334,0.32751190662384033,28.031533324718474,0.2,0.9303823709487915,0.0003,-0.023562587842267627,8.615705490112305,0.21936475,11590
5475,14266368,365.5,2605,1161,277.80321992000006,-3.674553731580575,0.8415852864583333,0.33124110102653503,28.480828060706457,0.2,0.9235133528709412,0.0003,0.05359795382052349,15.210918426513672,0.47500134,11600
5477,14278656,378.26,2606,1162,291.68107481000004,-3.785075407723586,0.8167724609375,0.3334434926509857,18.510471868515015,0.2,0.9430441856384277,0.0003,0.03526985656838709,6.294995307922363,0.37290275,11610
5479,14290944,400.13,2608,1163,314.08846144999995,-3.8153282816211385,0.7803385416666667,0.33360108733177185,24.904145754377048,0.2,0.9370119571685791,0.0003,0.008075663912071226,5.351070880889893,0.26366177,11620
5481,14303232,373.78,2609,1164,295.58010989,-3.8113076145450275,0.7719889322916667,0.33338138461112976,18.988831373055778,0.2,0.9389209747314453,0.0003,-0.006417153879495648,5.862973690032959,0.28464615,11630
5484,14315520,349.44,2610,1165,277.94704806,-3.7882348095377285,0.6789388020833333,0.33300450444221497,29.39873898625374,0.2,0.9350098967552185,0.0003,-0.034210462975897825,12.569289207458496,0.1590414,11640
5486,14327808,318.39,2611,1166,244.91399488000002,-3.7718504284818968,0.7036458333333333,0.33221200108528137,24.196560074885685,0.2,0.9470389485359192,0.0003,-0.030284966217004695,7.236332893371582,0.20651652,11650
5488,14340096,335.56,2612,1167,260.18137934,-3.778242889046669,0.7263753255208333,0.33282360434532166,28.142857682704925,0.2,0.9275513887405396,0.0003,-0.024884875664914336,9.307931900024414,0.23646928,11660
5490,14352384,345.94,2613,1168,256.24153545,-3.810364866256714,0.72939453125,0.33354651927948,27.638308278719585,0.2,0.9352938532829285,0.0003,-0.020100045235206684,6.877008438110352,0.20406945,11670
5493,14364672,371.83,2615,1169,283.37284283,-3.8562477404872575,0.8736979166666666,0.33706235885620117,27.82619937856992,0.2,0.9312007427215576,0.0003,0.10420630064424283,11.508055686950684,0.5555145,11680
5495,14376960,363.42,2616,1170,274.74300418,-3.9184216459592185,0.6959798177083333,0.3364892303943634,23.47294668952624,0.2,0.9314243793487549,0.0003,-0.03440379860015431,5.797540187835693,0.21769416,11690
5497,14389248,376.74,2617,1171,294.7976787,-3.928612510859966,0.7490071614583333,0.3367116153240204,22.719341069459915,0.2,0.9456632733345032,0.0003,-0.01343897610786371,8.554084777832031,0.23678963,11700
5499,14401536,355.25,2618,1172,278.20983384000004,-3.916814472277959,0.7089762369791667,0.3362928330898285,25.90632815162341,0.2,0.9368606805801392,0.0003,-0.026229023371706718,11.63818073272705,0.18547376,11710
5502,14413824,380.6,2619,1173,300.18342416,-3.925229062139988,0.789990234375,0.3366833031177521,17.392777238289515,0.2,0.9552838802337646,0.0003,0.004881006097032999,4.499891757965088,0.30432984,11720
5504,14426112,400.6,2620,1174,318.7735495300001,-3.9635403156280518,0.7588948567708333,0.33850929141044617,22.12351597547531,0.2,0.9495850205421448,0.0003,-0.0023475192792830057,7.3638997077941895,0.25682226,11730
5506,14438400,430.02,2621,1175,346.3951045,-3.9854013323783875,0.7219970703125,0.3385174572467804,28.27516725262006,0.2,0.9344663619995117,0.0003,-0.02945788069628179,19.430957794189453,0.22254126,11740
5508,14450688,424.51,2623,1176,333.58938943,-3.9931213657061257,0.6865804036458333,0.33834823966026306,30.14802078406016,0.2,0.9318362474441528,0.0003,-0.03512880878794628,17.2069091796875,0.17862178,11750
5511,14462976,425.02,2624,1177,340.62506819000004,-4.001895396411419,0.7668863932291666,0.3384917974472046,17.222707960009576,0.2,0.9498404264450073,0.0003,-0.014623228121975747,5.980345249176025,0.3185629,11760
5513,14475264,405.11,2625,1178,314.76880108999995,-3.9941263760129613,0.7078369140625,0.33825960755348206,33.30318032105764,0.2,0.9283617734909058,0.0003,-0.023261155281215907,12.93216323852539,0.1768568,11770
5515,14487552,386.09,2626,1179,308.27498979999996,-4.0337261701623595,0.922314453125,0.34259235858917236,25.075711813569068,0.2,0.9478349089622498,0.0003,0.1518989297997905,12.500687599182129,1.591411,11780
5518,14499840,377.23,2627,1180,300.80658196999997,-4.1136210093895595,0.6703857421875,0.3418070375919342,24.72135981718699,0.2,0.9383909106254578,0.0003,-0.03613219263400727,12.015865325927734,0.1619101,11790
5520,14512128,393.34,2628,1181,324.34402492,-4.096732531984647,0.689208984375,0.3411159813404083,37.110837093989055,0.2,0.9390795230865479,0.0003,-0.025444032339146362,8.43814468383789,0.1789403,11800
5522,14524416,418.53,2629,1182,340.69803676000004,-4.033271353443464,0.688623046875,0.3396029770374298,34.03314920067787,0.2,0.9305076003074646,0.0003,-0.03194785722007509,8.702215194702148,0.17359065,11810
5525,14536704,448.81,2631,1183,352.48541663000003,-4.075780732433001,0.936083984375,0.3442920744419098,13.555219334363937,0.2,0.955406904220581,0.0003,0.19615533263616575,4.062910079956055,2.5232608,11820
5527,14548992,482.9,2632,1184,355.4318476899999,-4.213967725634575,0.7867594401041667,0.344949871301651,22.07506035665671,0.2,0.936299741268158,0.0003,0.0051040841295616705,18.871232986450195,0.26975754,11830
5529,14561280,468.91,2633,1185,334.33766901,-4.207227795322736,0.7329345703125,0.3450142443180084,24.303161184986433,0.2,0.9419052600860596,0.0003,-0.019464613233382503,12.741787910461426,0.23001643,11840
5531,14573568,455.59,2634,1186,325.32296221,-4.213610419631005,0.74013671875,0.3449321985244751,24.726294351617494,0.2,0.9452187418937683,0.0003,-0.005789264797931537,17.025188446044922,0.18674754,11850
5534,14585856,459.8,2635,1187,338.17268083999994,-4.253632073601087,0.7999918619791667,0.34653520584106445,22.572401075561842,0.2,0.952410876750946,0.0003,0.017960420650585243,5.155014514923096,0.2565904,11860
5536,14598144,472.36,2636,1188,352.0606225,-4.262041442592939,0.7478759765625,0.3465295732021332,22.735865385333696,0.2,0.9282604455947876,0.0003,-0.003506545422715135,13.26842212677002,0.22201349,11870
5538,14610432,489.9,2637,1189,359.21878074,-4.283573920528094,0.7263671875,0.34667348861694336,21.436572126547496,0.2,0.9477370977401733,0.0003,-0.019827137528773166,11.29056453704834,0.20329815,11880
5540,14622720,506.63,2639,1190,375.38905612,-4.336449588338534,0.9120524088541667,0.35150885581970215,18.26355772614479,0.2,0.9471439719200134,0.0003,0.14277879002523453,7.014558792114258,0.8267372,11890
5543,14635008,483.52,2640,1191,351.53472707000003,-4.4680322259664536,0.7653971354166667,0.3520982265472412,22.00090046028296,0.2,0.9462167620658875,0.0003,-0.0027982873589886973,13.6901216506958,0.22497742,11900
5545,14647296,489.31,2641,1192,350.28060629999993,-4.464848566055298,0.6994222005208334,0.3521055281162262,26.729528510570525,0.2,0.9373435974121094,0.0003,-0.023106327721810278,19.81464958190918,0.16716486,11910
5547,14659584,490.31,2642,1193,350.65819072,-4.468499566117923,0.7514811197916667,0.35199522972106934,17.839617676536243,0.2,0.9441595077514648,0.0003,-0.010271422473791366,12.38078498840332,0.26860803,11920
5550,14671872,502.69,2643,1194,368.2258754600001,-4.4874770482381185,0.7447835286458333,0.3532086908817291,15.558489840229353,0.2,0.9441549777984619,0.0003,-0.016031472850590943,4.852894306182861,0.28831944,11930
5552,14684160,491.8,2644,1195,355.21979209000006,-4.490584923823675,0.72724609375,0.35294780135154724,26.43220746020476,0.2,0.9404158592224121,0.0003,-0.013837368309032172,11.111120223999023,0.19465964,11940
5554,14696448,463.47,2645,1196,334.00451217,-4.526527731617292,0.763525390625,0.3539501428604126,17.712946712970734,0.2,0.9545928239822388,0.0003,-0.005023258070286829,6.969117164611816,0.24484134,11950
5556,14708736,448.03,2646,1197,327.52127171,-4.520177309711774,0.7105794270833333,0.3532874286174774,23.47104071378708,0.2,0.932472288608551,0.0003,-0.023899189983300553,5.193154811859131,0.18975757,11960
5559,14721024,471.52,2648,1198,329.12524036,-4.500550628701846,0.716357421875,0.35327085852622986,22.717166322469712,0.2,0.9345054030418396,0.0003,-0.023152809580399964,12.548002243041992,0.21078543,11970
5561,14733312,503.27,2649,1199,375.74333389,-4.508633214235306,0.783154296875,0.35336002707481384,14.998463941613833,0.2,0.9438843131065369,0.0003,0.0018183978866242493,6.468053340911865,0.3487542,11980
5563,14745600,488.49,2650,1200,368.97114266999995,-4.478595829010009,0.65380859375,0.35224059224128723,26.431573794285455,0.2,0.9253050684928894,0.0003,-0.036944555590162055,8.212502479553223,0.14100811,11990
5565,14757888,495.34,2651,1201,383.97038391000007,-4.443681867917379,0.6854329427083333,0.3510272204875946,24.042398552099865,0.2,0.9422433972358704,0.0003,-0.03175227432414734,12.733085632324219,0.18711455,12000
5568,14770176,482.59,2652,1202,391.38246652000004,-4.415295747915904,0.7403401692708333,0.3500654399394989,24.869790015618005,0.2,0.9392919540405273,0.0003,-0.01221166627316658,8.03966999053955,0.21590833,12010
5570,14782464,463.13,2653,1203,370.52401862,-4.3913006762663525,0.7275390625,0.3498351275920868,23.390688090523085,0.2,0.9500615000724792,0.0003,-0.016385242617495046,9.93088150024414,0.2505419,12020
5572,14794752,490.87,2654,1204,397.67754319000005,-4.403670640786489,0.7206868489583333,0.35064494609832764,22.464054918289186,0.2,0.9461101293563843,0.0003,-0.02196211389673408,8.403789520263672,0.21289313,12030
5574,14807040,487.08,2656,1205,396.26974641999993,-4.448965715368589,0.796875,0.3515315055847168,25.88865698178609,0.2,0.9372304677963257,0.0003,0.016035353793025328,10.892239570617676,0.24725147,12040
5577,14819328,489.78,2657,1206,395.8220086900001,-4.478595220049223,0.8049967447916667,0.35299238562583923,24.43881336649259,0.2,0.948999285697937,0.0003,0.025275341493155187,20.93515396118164,0.26673773,12050
5579,14831616,477.79,2658,1207,396.2336097899999,-4.498767666021982,0.70078125,0.3532784879207611,21.26738909482956,0.2,0.9496602416038513,0.0003,-0.023199208366956253,13.44133186340332,0.17439799,12060
5581,14843904,462.08,2659,1208,374.88693737999995,-4.50626401702563,0.7145345052083333,0.3535975515842438,22.98487109144529,0.2,0.9407814145088196,0.0003,-0.019560060925383975,16.5277156829834,0.22860177,12070
5583,14856192,436.23,2660,1209,356.25997343999995,-4.507297815879186,0.6939208984375,0.3535116910934448,26.143366370598475,0.2,0.9469157457351685,0.0003,-0.030969862686470152,7.6111907958984375,0.18111281,12080
5586,14868480,398.3,2661,1210,325.51114835000004,-4.4981584240992865,0.7231282552083333,0.35278424620628357,27.481697044769923,0.2,0.950774610042572,0.0003,-0.01950575349474093,6.79197359085083,0.1808964,12090
5588,14880768,400.81,2662,1211,321.42011963,-4.464560600121816,0.6998860677083333,0.3523177206516266,25.091884243488312,0.2,0.9381465315818787,0.0003,-0.027100039279321208,9.288874626159668,0.19122964,12100
5590,14893056,381.32,2663,1212,295.98333112999995,-4.450301845868428,0.7069905598958334,0.3516676723957062,27.517061732212703,0.2,0.9354295134544373,0.0003,-0.024880861669468384,8.379050254821777,0.19582565,12110
5593,14905344,392.41,2664,1213,302.2473923900001,-4.44270778397719,0.7565999348958333,0.3517267405986786,18.91489617029826,0.2,0.952818751335144,0.0003,-0.013755134562476694,13.466233253479004,0.38844618,12120
5595,14917632,399.65,2666,1214,317.6398349,-4.449493956565857,0.755126953125,0.35184165835380554,24.494608595967293,0.2,0.9445837736129761,0.0003,-0.011403425219274748,7.724388122558594,0.23184861,12130
5597,14929920,429.44,2667,1215,347.79236599999996,-4.414690810441971,0.7279866536458334,0.35020145773887634,27.085569965839387,0.2,0.9309951066970825,0.0003,-0.01606672386211964,4.734350204467773,0.20050566,12140
5599,14942208,458.12,2668,1216,378.86836124999996,-4.376758082707723,0.7215983072916666,0.3492721617221832,25.805099173386893,0.2,0.9293684959411621,0.0003,-0.023343188013435188,7.66373348236084,0.20358326,12150
5602,14954496,453.79,2669,1217,378.63190499999996,-4.379335038860639,0.767578125,0.3501911163330078,30.438606836398442,0.2,0.9498948454856873,0.0003,0.0064027612233379235,19.66487693786621,0.21491897,12160
5604,14966784,457.39,2670,1218,378.07653400000004,-4.385185275475184,0.7076578776041667,0.34976089000701904,28.24626489082972,0.2,0.9413803815841675,0.0003,-0.02358057739669069,16.78736686706543,0.17828031,12170
5606,14979072,446.26,2671,1219,366.98836739000006,-4.391516596078873,0.7144775390625,0.35030558705329895,25.87097294330597,0.2,0.937519371509552,0.0003,-0.02790683722317529,8.609833717346191,0.25985935,12180
5608,14991360,463.57,2672,1220,383.84123919999996,-4.49423384865125,0.8878987630208334,0.3561462461948395,25.396597643693287,0.2,0.9540722370147705,0.0003,0.10855255940017135,12.226929664611816,0.78579473,12190
5611,15003648,471.43,2673,1221,392.53373759999994,-4.618452579776446,0.72783203125,0.35727420449256897,30.480795150995256,0.2,0.9282833337783813,0.0003,-0.009348781113900865,13.770566940307617,0.18320303,12200
5613,15015936,450.22,2674,1222,376.6812675099999,-4.628054236372312,0.7237548828125,0.3571162223815918,27.876836971441904,0.2,0.9425361156463623,0.0003,-0.012919484305894003,14.74099349975586,0.16906305,12210
5615,15028224,495.56,2676,1223,405.13358414999993,-4.598836875955263,0.7507486979166667,0.35665199160575867,26.64700104991595,0.2,0.9393136501312256,0.0003,-0.0012610390200279652,13.637475967407227,0.19133087,12220
5617,15040512,514.92,2677,1224,412.27858389,-4.659180330236753,0.7920247395833333,0.35865965485572815,15.968890668948491,0.2,0.950066328048706,0.0003,0.0008623209219270696,3.0995264053344727,0.35810748,12230
5620,15052800,502.07,2678,1225,402.90471373,-4.66639042198658,0.7705647786458333,0.35763558745384216,20.82138673067093,0.2,0.9400805234909058,0.0003,-0.0004824900582510357,10.838676452636719,0.2695777,12240
5622,15065088,544.3,2679,1226,445.8907813,-4.6261506100495655,0.6730143229166666,0.3572721481323242,33.14547577897708,0.2,0.92519611120224,0.0003,-0.02872253931418527,16.833324432373047,0.1550594,12250
5624,15077376,517.27,2680,1227,429.98947877,-4.615296323100726,0.7528238932291667,0.3568213880062103,25.31531539062659,0.2,0.9302451014518738,0.0003,-0.0031676692703816417,12.615900039672852,0.23692344,12260
5626,15089664,484.74,2681,1228,403.17612809999997,-4.608351420362791,0.7555419921875,0.356740802526474,39.52569175759951,0.2,0.9291819334030151,0.0003,0.0008956300681650949,21.112916946411133,0.20158516,12270
5629,15101952,476.6,2682,1229,387.02758635000004,-4.591335053245227,0.6881022135416667,0.35595646500587463,31.062099281946818,0.2,0.9366812705993652,0.0003,-0.029771416250150652,10.748992919921875,0.17895053,12280
5631,15114240,433.4,2683,1230,335.0358319200001,-4.615432942907016,0.7793701171875,0.3571564257144928,31.544417079289754,0.2,0.9268671870231628,0.0003,0.011651988570035125,21.350282669067383,0.25598523,12290
5633,15126528,441.36,2684,1231,347.91450739,-4.6241361925999325,0.7186279296875,0.35724499821662903,18.505051343639693,0.2,0.9494304060935974,0.0003,-0.023079309720196763,6.802834987640381,0.22771592,12300
5635,15138816,442.86,2686,1232,354.21343622,-4.602930647134781,0.6745768229166667,0.35606876015663147,26.327357850472133,0.2,0.9408054947853088,0.0003,-0.03244870314762617,6.86731481552124,0.1734552,12310
5638,15151104,423.25,2687,1233,346.9123132799999,-4.569765234986941,0.72646484375,0.3553130626678467,31.528251904249192,0.2,0.937230110168457,0.0003,-0.02140245937043801,11.546958923339844,0.22231543,12320
5640,15163392,452.74,2688,1234,367.31230838000005,-4.590236653884252,0.9006998697916667,0.3591567575931549,24.97317278981209,0.2,0.942066490650177,0.0003,0.12423333160501594,8.647109985351562,1.1645228,12330
5642,15175680,474.68,2689,1235,376.58111045000004,-4.734586885571479,0.8283772786458333,0.3618941307067871,26.275760079423588,0.2,0.9341009259223938,0.0003,0.04927423142992969,7.482466697692871,0.30977538,12340
5645,15187968,490.91,2690,1236,390.4514874900001,-4.769685342907906,0.713427734375,0.3614424765110016,18.183281658093133,0.2,0.9532428979873657,0.0003,-0.02939543365452361,5.135394096374512,0.2186126,12350
5647,15200256,534.16,2691,1237,428.93567286999996,-4.7550948093334835,0.6944742838541667,0.3607507050037384,24.758260666330656,0.2,0.9425022602081299,0.0003,-0.02608614200289594,4.455987930297852,0.1681484,12360
5649,15212544,483.8,2692,1238,388.86258720000006,-4.747989336649577,0.7316487630208334,0.3606922924518585,23.23545391956965,0.2,0.937218427658081,0.0003,-0.01630662499325505,19.6117000579834,0.2271014,12370
5651,15224832,468.83,2693,1239,390.38882853,-4.715635813275973,0.6680257161458333,0.3593538701534271,34.95604937076568,0.2,0.9351511597633362,0.0003,-0.03000757748329003,16.10053253173828,0.17148972,12380
5654,15237120,461.73,2694,1240,381.55781327,-4.70427251458168,0.7240152994791667,0.3596871793270111,28.978367161750793,0.2,0.9315518140792847,0.0003,-0.017236405734244422,18.479524612426758,0.2037595,12390
5656,15249408,446.31,2695,1241,363.43980298,-4.69770413239797,0.7837320963541666,0.3588391840457916,18.062787201007207,0.2,0.9327691197395325,0.0003,0.004282315238378942,7.345945358276367,0.29872194,12400
5658,15261696,457.78,2697,1242,374.72542781000004,-4.682571215430896,0.6898356119791667,0.3587803840637207,25.435196650028228,0.2,0.9393006563186646,0.0003,-0.02655966079425222,6.740966320037842,0.17670162,12410
5660,15273984,441.8,2698,1243,363.61510508999993,-4.709335981806119,0.7253743489583333,0.3598075807094574,30.457788729667662,0.2,0.93049156665802,0.0003,-0.013012088019362029,11.90226936340332,0.16205876,12420
5663,15286272,416.02,2699,1244,345.1666135999999,-4.6987512896458306,0.6660563151041666,0.3590412437915802,33.241143023967744,0.2,0.9353326559066772,0.0003,-0.036285569831185666,14.40751838684082,0.14515592,12430
5665,15298560,408.48,2700,1245,327.12781902000006,-4.6758861889441805,0.7279703776041667,0.35884180665016174,27.611904402573902,0.2,0.9315852522850037,0.0003,-0.019718301608130182,10.514203071594238,0.24434257,12440
5667,15310848,406.18,2701,1246,319.21126139000006,-4.687610548734665,0.7218180338541667,0.35899654030799866,29.920994939406715,0.2,0.9293035268783569,0.0003,-0.024082481553584025,7.630396842956543,0.20621796,12450
5670,15323136,407.86,2702,1247,311.60821092000003,-4.710125774145126,0.8460774739583333,0.3607245683670044,31.841152507066727,0.2,0.9373576641082764,0.0003,0.06926100445950094,20.876239776611328,0.35765338,12460
5672,15335424,404.54,2703,1248,308.11472105999997,-4.72831039528052,0.7369140625,0.36035266518592834,24.906459919611613,0.2,0.9385209679603577,0.0003,-0.019372382701840253,18.301565170288086,0.2321393,12470
5674,15347712,420.36,2704,1249,330.48306576000004,-4.781762705246607,0.9213541666666667,0.3647598922252655,26.93736817340056,0.2,0.9276905655860901,0.0003,0.1808827354941362,12.464599609375,2.2029223,12480
5676,15360000,395.23,2705,1250,307.10231507000003,-4.868346500396728,0.6277018229166667,0.3646467626094818,41.95842358271281,0.2,0.9202755689620972,0.0003,-0.04031190427679879,16.17894744873047,0.11845384,12490
5679,15372288,414.3,2706,1251,321.62885797,-4.850316174825033,0.67919921875,0.36380735039711,28.141866807142893,0.2,0.9323465824127197,0.0003,-0.03391116715793032,18.846506118774414,0.15417576,12500
5681,15384576,381.56,2707,1252,301.39387315,-4.85463744699955,0.6985677083333334,0.36424168944358826,33.25996601184209,0.2,0.9189713597297668,0.0003,-0.030417781130139095,9.591153144836426,0.16731298,12510
5683,15396864,405.18,2708,1253,320.27197113,-4.851340633630753,0.6612141927083334,0.36426839232444763,39.79517472187678,0.2,0.910162091255188,0.0003,-0.03884860525140539,9.8125581741333,0.15916203,12520
5685,15409152,394.54,2710,1254,307.40453663,-4.858210055033366,0.7373697916666667,0.3640481233596802,26.51784954071045,0.2,0.9295023083686829,0.0003,-0.02541714488567474,6.814058303833008,0.22881944,12530
5688,15421440,393.42,2711,1255,298.28683290000004,-4.8731676141421,0.7389322916666666,0.36447596549987793,24.020791931947073,0.2,0.9356581568717957,0.0003,-0.02175965607263303,8.850682258605957,0.22636712,12540
5690,15433728,372.05,2712,1256,283.21528761999997,-4.860766798257828,0.7419352213541667,0.36426854133605957,30.964058023691177,0.2,0.921627402305603,0.0003,-0.015541155293370442,13.846390724182129,0.20632212,12550
5692,15446016,384.74,2713,1257,292.76844108,-4.845874671141306,0.7223714192708334,0.3639697730541229,24.595374492804208,0.2,0.9369701743125916,0.0003,-0.02223352426760054,6.038210868835449,0.19977964,12560
5694,15458304,417.77,2714,1258,323.10445791,-4.867628169059754,0.7853922526041667,0.36519578099250793,28.967691242694855,0.2,0.9141077995300293,0.0003,0.020285151795784866,9.677104949951172,0.23798974,12570
5697,15470592,441.71,2715,1259,353.46740153999997,-4.87861655652523,0.7274658203125,0.3646644353866577,25.333137504259746,0.2,0.9282795190811157,0.0003,-0.02516467518483599,6.975117206573486,0.2331547,12580
5699,15482880,471.13,2716,1260,378.82397320999996,-4.920109767715136,0.9341634114583334,0.36894622445106506,24.036973677078883,0.2,0.9284122586250305,0.0003,0.1925804963024954,7.842654228210449,2.4339306,12590
5701,15495168,487.38,2717,1261,378.07789741,-5.022273031870524,0.7228352864583333,0.36955562233924866,16.346938283244768,0.2,0.9453022480010986,0.0003,-0.022504349288647064,9.93986988067627,0.24129431,12600
5703,15507456,472.77,2718,1262,357.69163937999997,-5.014612797896067,0.7360107421875,0.36848363280296326,14.277218633890152,0.2,0.9517543911933899,0.0003,-0.023840661105350592,4.358656406402588,0.26692763,12610
5706,15519744,465.61,2719,1263,332.4454475,-5.000513701637586,0.7467529296875,0.3685285151004791,15.48937675356865,0.2,0.9490684866905212,0.0003,-0.016381650594606376,5.6126227378845215,0.32652643,12620
5708,15532032,442.85,2720,1264,328.32330822999995,-5.001487649480501,0.7302571614583333,0.3681250512599945,27.649379935860633,0.2,0.9297239780426025,0.0003,-0.013300409600681936,13.183917045593262,0.19241147,12630
5710,15544320,425.48,2721,1265,326.49708764,-4.97962597211202,0.6890380859375,0.3678101599216461,25.35871825615565,0.2,0.9393883943557739,0.0003,-0.02965249766469545,9.120308876037598,0.19248243,12640
5712,15556608,424.52,2723,1266,324.77494365000007,-4.981154973308246,0.7296793619791667,0.3678530156612396,23.171993053952853,0.2,0.9401224255561829,0.0003,-0.01721014973979133,5.820745944976807,0.22040029,12650
5715,15568896,432.42,2724,1267,328.69916722,-4.973099134365717,0.7381103515625,0.36728039383888245,18.785321749250095,0.2,0.9495079517364502,0.0003,-0.015207120527338702,8.918798446655273,0.22859426,12660
5717,15581184,470.19,2725,1268,348.04807345,-4.966914556423823,0.7261149088541666,0.3676133155822754,15.076421035329501,0.2,0.950485348701477,0.0003,-0.020715895581330794,3.5322659015655518,0.22243337,12670
5719,15593472,475.54,2726,1269,354.33212647999994,-4.983137246966362,0.7277669270833333,0.3675471842288971,17.80275199910005,0.2,0.9515002965927124,0.0003,-0.02069703107602739,5.10518741607666,0.22245532,12680
5721,15605760,459.49,2727,1270,332.61117429000006,-4.958767546216647,0.6792805989583334,0.36690405011177063,28.699258663256963,0.2,0.9359536170959473,0.0003,-0.03406270235088111,9.467680931091309,0.16827722,12690
5724,15618048,440.75,2728,1271,320.84834766999995,-4.943592826525371,0.7558919270833333,0.36634182929992676,17.38639685412248,0.2,0.9320785999298096,0.0003,-0.01640102599825089,5.512328624725342,0.27255222,12700
5726,15630336,405.59,2729,1272,286.96486694,-4.9456702391306555,0.6888509114583333,0.3662790060043335,27.040588108698525,0.2,0.9303656816482544,0.0003,-0.031739031499212915,9.394647598266602,0.17293651,12710
5728,15642624,438.75,2730,1273,318.98640995000005,-4.942011790474256,0.7324788411458333,0.3661087453365326,20.550333226720493,0.2,0.9365564584732056,0.0003,-0.021930905023570327,6.163644790649414,0.23639081,12720
5730,15654912,439.47,2731,1274,337.83330525,-4.908460962772369,0.7087727864583333,0.36542654037475586,16.257516917586326,0.2,0.9578725099563599,0.0003,-0.031450471229618415,7.108339786529541,0.26495004,12730
5733,15667200,422.99,2732,1275,325.39550325000005,-4.897880251208941,0.7048909505208333,0.36491820216178894,30.416433966159822,0.2,0.9344896674156189,0.0003,-0.022921272905659863,8.542540550231934,0.18105282,12740
5735,15679488,429.78,2733,1276,335.6907024099999,-4.888708943128586,0.7151774088541667,0.3642207682132721,24.433291160066922,0.2,0.9393367767333984,0.0003,-0.022431467282391773,10.870477676391602,0.19601275,12750
5737,15691776,396.74,2734,1277,299.25576058,-4.859956873456637,0.7339274088541666,0.3634292185306549,21.01789970397949,0.2,0.9521608352661133,0.0003,-0.021465601307378773,5.5549445152282715,0.22351283,12760
5739,15704064,421.13,2735,1278,321.94869717999995,-4.846491950750351,0.7366780598958333,0.3639885187149048,31.68015921711922,0.2,0.9397923946380615,0.0003,-0.010864885466192693,7.852196216583252,0.21084623,12770
5742,15716352,433.9,2737,1279,330.89094881,-4.8646766205628715,0.6976155598958333,0.3638642728328705,31.165187311172485,0.2,0.9286041259765625,0.0003,-0.028056975002982654,13.649857521057129,0.17134827,12780
5744,15728640,444.11,2738,1280,348.75608697,-4.8839510649442675,0.7918050130208333,0.3651261627674103,24.365265428026518,0.2,0.9393526315689087,0.0003,0.010240561379274975,11.48592472076416,0.2783705,12790
5746,15740928,448.12,2739,1281,355.12904193,-4.891875305771828,0.7074300130208333,0.3643275201320648,28.000228252013525,0.2,0.9375001192092896,0.0003,-0.024477029780003552,13.443907737731934,0.17821223,12800
5748,15753216,479.37,2740,1282,387.09824175999995,-4.875204548239708,0.730712890625,0.3644537031650543,25.275480117400488,0.2,0.9407008290290833,0.0003,-0.021191593050025402,11.673250198364258,0.2358477,12810
5751,15765504,472.86,2741,1283,369.00963345,-4.913640471299489,0.7749186197916667,0.36524614691734314,24.03625202178955,0.2,0.9446593523025513,0.0003,0.0022603456183181454,7.537843704223633,0.26413345,12820
5753,15777792,477.83,2742,1284,374.72367445999987,-4.904693255821864,0.7002522786458333,0.36492666602134705,19.977320530017217,0.2,0.9457230567932129,0.0003,-0.03306421344653548,11.471029281616211,0.20837748,12830
5755,15790080,458.88,2743,1285,352.73709344,-4.895970876018207,0.7304036458333333,0.36460813879966736,24.52913721402486,0.2,0.9410555958747864,0.0003,-0.019627622781748264,7.293234825134277,0.20726387,12840
5757,15802368,427.37,2744,1286,325.31904488,-4.869371778766314,0.7324300130208333,0.3635917603969574,20.58603085676829,0.2,0.9409754872322083,0.0003,-0.024788440531119706,16.038013458251953,0.22692192,12850
5759,15814656,414.54,2745,1287,319.52114476,-4.834459261099497,0.72724609375,0.3625980317592621,22.7240613758564,0.2,0.9477476477622986,0.0003,-0.022204981025424786,7.122593879699707,0.23543215,12860
5762,15826944,412.52,2746,1288,319.33879026,-4.824982198079427,0.7083170572916667,0.3628573715686798,25.281985437870027,0.2,0.943554699420929,0.0003,-0.026055029985339692,10.526711463928223,0.1950723,12870
5764,15839232,428.79,2747,1289,341.27921829999997,-4.811236469944318,0.7001220703125,0.36236104369163513,26.387257117033005,0.2,0.9370589852333069,0.0003,-0.029805199347417027,15.923600196838379,0.19354184,12880
5766,15851520,423.1,2748,1290,340.6433028,-4.858698692917824,0.739697265625,0.36377033591270447,27.068660511573157,0.2,0.9447009563446045,0.0003,-0.012797545515544092,10.599925994873047,0.21898894,12890
5769,15863808,396.14,2749,1291,316.22200358,-4.864659437537194,0.7465169270833333,0.3638339340686798,29.499176611502964,0.2,0.9415085911750793,0.0003,-0.011512726836372167,12.836896896362305,0.21828015,12900
5771,15876096,382.46,2750,1292,307.77986595,-4.829790926973025,0.6838623046875,0.36285170912742615,38.74263306458791,0.2,0.9369447827339172,0.0003,-0.027437521244670884,16.116018295288086,0.15443805,12910
5773,15888384,376.23,2751,1293,300.83068504000005,-4.824971829851468,0.6955159505208334,0.3626044988632202,32.08791773319244,0.2,0.9254004955291748,0.0003,-0.03176396569906501,9.879694938659668,0.16825598,12920
5775,15900672,364.35,2752,1294,291.61149505,-4.845370734731357,0.7602294921875,0.3634519875049591,28.329681956768034,0.2,0.9351104497909546,0.0003,-0.005109357473944935,7.46622896194458,0.22878604,12930
5778,15912960,386.47,2754,1295,307.34722387999994,-4.844177001714707,0.7220621744791667,0.3632928133010864,27.387692095836005,0.2,0.9417620301246643,0.0003,-0.02435807989483389,9.163122177124023,0.20332305,12940
5780,15925248,389.7,2754,1296,308.19658006000003,-4.8302473594745,0.7732259114583333,0.36276283860206604,31.48689392209053,0.2,0.9275587797164917,0.0003,0.006562074782171597,10.991377830505371,0.25683734,12950
5783,15937536,387.9,2755,1297,312.39391149,-4.8209196875492735,0.731103515625,0.3627074956893921,20.70853325923284,0.2,0.9518788456916809,0.0003,-0.025874969690145615,12.118864059448242,0.25673223,12960
5785,15949824,363.96,2756,1298,286.03215273,-4.843320701519648,0.7878499348958333,0.3629132807254791,22.570794079701106,0.2,0.9492411017417908,0.0003,0.009610928614468625,9.975411415100098,0.2773447,12970
5788,15962112,343.61,2757,1299,275.08497103999997,-4.8053401708602905,0.68935546875,0.3621777594089508,23.8395281513532,0.2,0.9503107666969299,0.0003,-0.03125643716678799,9.889043807983398,0.18721373,12980
5790,15974400,341.98,2758,1300,273.45883519,-4.794060499469439,0.6573486328125,0.36178675293922424,36.537968800465265,0.2,0.9400198459625244,0.0003,-0.034221375646302475,15.599294662475586,0.13218342,12990
5792,15986688,360.18,2759,1301,302.78606052,-4.76083757976691,0.7105794270833333,0.36039337515830994,28.781931569178898,0.2,0.9370417594909668,0.0003,-0.027509542046270024,17.841867446899414,0.20804079,13000
5795,15998976,378.02,2760,1302,316.70164699000003,-4.736784001191457,0.7313557942708333,0.3603271543979645,22.968597571055096,0.2,0.9477965235710144,0.0003,-0.019707951188320295,10.646778106689453,0.24564083,13010
5797,16011264,403.29,2761,1303,345.54740344,-4.752920623620351,0.76142578125,0.36136922240257263,21.978401391704878,0.2,0.935683012008667,0.0003,-0.0073151247740800805,10.42013168334961,0.2801763,13020
5799,16023552,407.8,2762,1304,352.43707514999994,-4.746610110998153,0.7211181640625,0.36001697182655334,30.690048974752425,0.2,0.9467834830284119,0.0003,-0.011927075217439171,12.136545181274414,0.16827862,13030
5801,16035840,353.6,2763,1305,298.43696637000005,-4.705255259076754,0.6846923828125,0.35935211181640625,35.68965499599775,0.2,0.9394999742507935,0.0003,-0.03207761446634928,29.141277313232422,0.17795593,13040
5804,16048128,341.0,2764,1306,282.07776988000006,-4.703691119949023,0.708935546875,0.3589606285095215,30.52740398446719,0.2,0.9442745447158813,0.0003,-0.026639105015783572,15.440824508666992,0.18242794,13050
5806,16060416,329.03,2765,1307,271.46458983,-4.716310838858287,0.7703450520833334,0.3595055043697357,25.091707036892572,0.2,0.947622537612915,0.0003,0.004513023795637613,11.580678939819336,0.24530083,13060
5808,16072704,348.82,2767,1308,287.68088844,-4.693858925501505,0.7157470703125,0.35871848464012146,33.609899822870894,0.2,0.9445112347602844,0.0003,-0.023795784429724638,22.15436553955078,0.2084515,13070
5810,16084992,329.31,2768,1309,263.9183147,-4.6981472194194795,0.7203043619791667,0.358957976102829,30.016809717814127,0.2,0.9270583391189575,0.0003,-0.02477933167926191,14.153304100036621,0.20288211,13080
5813,16097280,337.62,2769,1310,259.91953389,-4.673519612352053,0.6787679036458333,0.35800158977508545,30.146939579645792,0.2,0.9269206523895264,0.0003,-0.03242178717628121,8.272896766662598,0.16849287,13090
5815,16109568,359.03,2770,1311,285.49582234,-4.712199287613233,0.7770426432291667,0.35998401045799255,27.63910387357076,0.2,0.9443893432617188,0.0003,0.008443170659787332,8.75883674621582,0.22469349,13100
5817,16121856,374.29,2771,1312,303.05581122,-4.715547108650208,0.7279459635416666,0.3595524728298187,35.8828398724397,0.2,0.9364509582519531,0.0003,-0.019646557588324263,9.747456550598145,0.2138657,13110
5819,16134144,355.7,2772,1313,293.49254562,-4.702776593963305,0.7295735677083334,0.3591707646846771,27.863747121890388,0.2,0.9390590190887451,0.0003,-0.02415261990293705,13.111446380615234,0.23090382,13120
5822,16146432,342.92,2773,1314,275.62748123,-4.687388858199119,0.7281901041666666,0.3590625822544098,24.47524008154869,0.2,0.946392834186554,0.0003,-0.027509427286471086,10.159205436706543,0.22471456,13130
5824,16158720,350.57,2774,1315,284.72359109,-4.694339929024379,0.7697021484375,0.358701229095459,22.8386949578921,0.2,0.9469311237335205,0.0003,-0.00849604701215867,10.715038299560547,0.28980827,13140
5826,16171008,375.62,2775,1316,308.52155455,-4.676930938164393,0.7281005859375,0.35821303725242615,27.35232152144114,0.2,0.9409784078598022,0.0003,-0.017500731155935985,22.186351776123047,0.19271739,13150
5828,16183296,407.29,2776,1317,339.59450918000005,-4.640782024463018,0.7345703125,0.3572886288166046,26.285591572523117,0.2,0.9327043890953064,0.0003,-0.023740253336533592,13.70551872253418,0.2348821,13160
5830,16195584,398.31,2777,1318,320.02654622,-4.62068838874499,0.7444986979166667,0.3569604158401489,19.475904578963917,0.2,0.9557077884674072,0.0003,-0.020378700137371197,5.671440124511719,0.26757228,13170
5833,16207872,397.44,2778,1319,322.83676988,-4.6253715296586355,0.7285237630208333,0.35690292716026306,27.04241311152776,0.2,0.9320178031921387,0.0003,-0.02268320013245102,10.384295463562012,0.22031723,13180
5835,16220160,405.28,2779,1320,323.81007692000003,-4.594670447707176,0.7156331380208333,0.3559730052947998,28.54216280678908,0.2,0.9333986639976501,0.0003,-0.02607010131032439,11.112467765808105,0.22995758,13190
5837,16232448,416.65,2780,1321,344.02590086000004,-4.585788501302401,0.7577473958333333,0.35550403594970703,27.890580787261328,0.2,0.9286037683486938,0.0003,-0.009939816830834995,14.913658142089844,0.23078986,13200
5839,16244736,436.81,2781,1322,354.22284011000005,-4.594995281100273,0.7481852213541667,0.35601839423179626,30.717785549163818,0.2,0.9298802614212036,0.0003,-0.013039094902342185,9.115724563598633,0.21745603,13210
5842,16257024,406.82,2782,1323,313.84211295,-4.596662920713425,0.717431640625,0.35580945014953613,30.864197766780855,0.2,0.9281901121139526,0.0003,-0.022457204599049874,10.850131034851074,0.20025088,13220
5844,16269312,415.28,2783,1324,315.39258551,-4.561483758687973,0.7473470052083333,0.3549044132232666,23.801445613304775,0.2,0.9346076846122742,0.0003,-0.015282357718873148,6.679776668548584,0.2288338,13230
5846,16281600,413.38,2784,1325,314.91155169,-4.5493097017208735,0.7468017578125,0.35487714409828186,23.794720415274302,0.2,0.9365789890289307,0.0003,-0.020088067201625866,8.408796310424805,0.22927131,13240
5848,16293888,424.05,2785,1326,317.56637515,-4.553616095582644,0.7223307291666666,0.3548075258731842,25.602778353293736,0.2,0.9326387047767639,0.0003,-0.027463857992552222,11.954559326171875,0.21449375,13250
5850,16306176,439.59,2786,1327,334.69235474999994,-4.5871528287728625,0.7848714192708334,0.35583290457725525,19.815483153859773,0.2,0.9265806674957275,0.0003,0.0009413770021637902,7.323253631591797,0.30792397,13260
5853,16318464,423.63,2787,1328,319.24213446,-4.555441042780876,0.7062093098958333,0.35447338223457336,22.371913041671117,0.2,0.9314388036727905,0.0003,-0.031191031969501636,8.644067764282227,0.18753457,13270
5855,16330752,420.35,2789,1329,311.27401294,-4.545083020130793,0.7417643229166667,0.3544616997241974,26.95586005250613,0.2,0.9242752194404602,0.0003,-0.011139358632499352,13.519330024719238,0.21193044,13280
5857,16343040,423.81,2790,1330,325.97033816,-4.573912660280864,0.793212890625,0.35607656836509705,26.481787886222204,0.2,0.9253262877464294,0.0003,0.009677816107675123,17.81816291809082,0.30437478,13290
5859,16355328,422.86,2791,1331,317.38767953999997,-4.647974927226702,0.7907633463541667,0.3578683137893677,20.649147299925485,0.2,0.9524680972099304,0.0003,0.012215352150572774,14.720739364624023,0.2864314,13300
5862,16367616,444.4,2792,1332,341.14560105,-4.6623055626948675,0.725927734375,0.3583465814590454,21.37186297774315,0.2,0.9307194948196411,0.0003,-0.021579202848079147,5.692420482635498,0.21998493,13310
5864,16379904,432.57,2793,1333,334.97252498,-4.65178492863973,0.7022216796875,0.3578706681728363,25.79229624470075,0.2,0.9342895150184631,0.0003,-0.028238057716710802,11.103586196899414,0.19254643,13320
5866,16392192,414.27,2794,1334,322.79301337,-4.68816692729791,0.7980550130208334,0.3591698706150055,32.50584412614504,0.2,0.938908040523529,0.0003,0.03133774631957446,8.311805725097656,0.28206548,13330
5868,16404480,390.74,2795,1335,301.95995153,-4.6858794073263805,0.6757568359375,0.3587242364883423,36.419118175903954,0.2,0.9265924096107483,0.0003,-0.03263192304390638,17.438627243041992,0.16992593,13340
5870,16416768,402.12,2796,1336,310.60728916999994,-4.65898702343305,0.6921549479166667,0.35716772079467773,32.47463847398758,0.2,0.9276772737503052,0.0003,-0.033957093865804686,8.220682144165039,0.1841991,13350
5873,16429056,422.29,2797,1337,325.07524494999996,-4.635852389534315,0.7223307291666666,0.3569096326828003,25.556025465329487,0.2,0.9332005977630615,0.0003,-0.02382545365350476,5.851064682006836,0.45421717,13360
5875,16441344,440.24,2798,1338,331.29355731000004,-4.658529910445213,0.850048828125,0.35908111929893494,24.558921191096307,0.2,0.9351789355278015,0.0003,0.0612068923151431,7.05933141708374,0.4354155,13370
5877,16453632,463.46,2799,1339,356.20721119999996,-4.682384476065636,0.7329508463541666,0.3581056594848633,19.702930853764215,0.2,0.9405011534690857,0.0003,-0.024543449706591978,4.129289627075195,0.22713071,13380
5879,16465920,448.1,2800,1340,332.45824581,-4.654447716474533,0.754931640625,0.3575499951839447,17.630706627170245,0.2,0.9435851573944092,0.0003,-0.009392612797091715,6.289661407470703,0.2715321,13390
5882,16478208,430.08,2801,1341,328.81642107,-4.637064851323763,0.6708821614583333,0.35715988278388977,31.76054156025251,0.2,0.9368224740028381,0.0003,-0.032722870743600654,17.28682518005371,0.20086749,13400
5884,16490496,436.15,2802,1342,338.59176958999996,-4.63522375424703,0.7178629557291667,0.35681095719337463,21.188031367460887,0.2,0.948654055595398,0.0003,-0.027996978772959362,7.309693336486816,0.24322796,13410
5886,16502784,443.6,2803,1343,346.91373186,-4.642255808909734,0.7441080729166667,0.35720738768577576,24.6424394706885,0.2,0.935384213924408,0.0003,-0.01653069997264538,14.148571968078613,0.24049123,13420
5888,16515072,464.91,2804,1344,369.23588960999996,-4.6726736426353455,0.7642333984375,0.35816553235054016,17.0026129980882,0.2,0.9523183107376099,0.0003,-0.010404807297163643,5.781684398651123,0.27050295,13430
5890,16527360,458.52,2805,1345,357.98418010000006,-4.66885302166144,0.67265625,0.35765340924263,27.47930091818174,0.2,0.9374545812606812,0.0003,-0.03591671252603798,11.816372871398926,0.1621849,13440
5893,16539648,443.77,2806,1346,338.35196267,-4.649593615531922,0.7548421223958334,0.35746443271636963,25.7871175467968,0.2,0.9209170937538147,0.0003,-0.01085458768357057,9.642481803894043,0.24092299,13450
5895,16551936,414.93,2807,1347,320.30518548000003,-4.654002231359482,0.717724609375,0.35793426632881165,25.92952136596044,0.2,0.9293566942214966,0.0003,-0.02683353120131263,9.495320320129395,0.21123774,13460
5897,16564224,436.7,2808,1348,332.6513093599999,-4.666392379999161,0.744921875,0.358245849609375,23.659131785233814,0.2,0.9435141682624817,0.0003,-0.016307921721211944,10.988813400268555,0.25305226,13470
5899,16576512,458.75,2809,1349,352.89489948999994,-4.645723007122675,0.7259358723958333,0.3574714660644531,29.50314102768898,0.2,0.9317862391471863,0.0003,-0.016579338827674896,16.00948143005371,0.23555441,13480
5902,16588800,458.01,2810,1350,358.80580721000007,-4.625181137522062,0.737353515625,0.35704898834228516,20.352524088819823,0.2,0.9368847608566284,0.0003,-0.02133224322266566,6.849860191345215,0.24102576,13490
5904,16601088,481.62,2811,1351,372.03582109999996,-4.621842722098033,0.7419108072916667,0.3567728102207184,23.288816888133685,0.2,0.9490734934806824,0.0003,-0.01680553020366157,10.510899543762207,0.20739412,13500
5906,16613376,453.22,2812,1352,354.74732486,-4.621681759754817,0.7879475911458333,0.3573237359523773,13.32663762072722,0.2,0.9445810317993164,0.0003,-0.004998946237416628,3.769145965576172,0.33960858,13510
5908,16625664,445.28,2813,1353,351.54273692999993,-4.612395307421684,0.6811604817708333,0.35608914494514465,29.57514343857765,0.2,0.9260262250900269,0.0003,-0.03602202493978742,10.346393585205078,0.17368563,13520
5910,16637952,439.3,2814,1354,340.19927843,-4.599635796745618,0.72109375,0.3563947379589081,27.283376518885294,0.2,0.9265074133872986,0.0003,-0.030168781528482215,10.989025115966797,0.21446045,13530
5913,16650240,435.36,2815,1355,338.6903942199999,-4.602970984578133,0.6977620442708333,0.3563488721847534,30.840293113390604,0.2,0.9229679107666016,0.0003,-0.028787173573315766,10.86573600769043,0.19660409,13540
5915,16662528,456.07,2816,1356,363.08296083,-4.6007316440343855,0.7309244791666667,0.356398344039917,25.793699552615482,0.2,0.932424783706665,0.0003,-0.018575439137445453,15.306222915649414,0.22546028,13550
5918,16674816,457.42,2817,1357,383.38148855,-4.598004035154978,0.7416585286458334,0.35596632957458496,24.979065151015917,0.2,0.9384046792984009,0.0003,-0.01976011495523077,4.321330547332764,0.24846958,13560
5920,16687104,448.63,2818,1358,375.91769941,-4.59800616701444,0.698095703125,0.3561824858188629,43.281349780162174,0.2,0.9318965077400208,0.0003,-0.02563213753067733,23.916345596313477,0.15974467,13570
5922,16699392,418.31,2819,1359,350.7853865000001,-4.597433289885521,0.7513916015625,0.3562123775482178,25.412905317544936,0.2,0.9402709007263184,0.0003,-0.013650114052385713,7.222497940063477,0.28146905,13580
5924,16711680,397.37,2820,1360,325.36028386,-4.576213718454043,0.7114990234375,0.35449886322021484,32.574726686875024,0.2,0.9267355799674988,0.0003,-0.027071605240538095,6.683938980102539,0.23038657,13590
5927,16723968,420.16,2821,1361,347.2960194,-4.52944562236468,0.7592366536458334,0.35406792163848877,31.872003503640492,0.2,0.9399310350418091,0.0003,-0.009691519990641002,12.197437286376953,0.23850553,13600
5929,16736256,433.38,2822,1362,355.47777963,-4.5055318713188175,0.6820556640625,0.3532825708389282,35.97287989258766,0.2,0.9151040315628052,0.0003,-0.029608111671404914,20.203819274902344,0.18519199,13610
5931,16748544,455.61,2823,1363,361.84498837,-4.503129469354947,0.7788248697916667,0.35307255387306213,18.090424063801766,0.2,0.9300272464752197,0.0003,-0.0055772759966203015,6.687872409820557,0.33283284,13620
5933,16760832,468.22,2824,1364,374.18695052,-4.5115362962087,0.7678548177083333,0.35323795676231384,26.342935433983804,0.2,0.942700982093811,0.0003,0.00033967527754915255,5.382906436920166,0.26270533,13630
5935,16773120,439.89,2825,1365,340.53051446999996,-4.4990040302276615,0.6806315104166667,0.3536258637905121,37.9945110976696,0.2,0.9253537058830261,0.0003,-0.03219039807057319,12.598593711853027,0.16636224,13640
5938,16785408,398.08,2826,1366,306.45706917,-4.602990420659383,0.8571695963541667,0.3576255142688751,24.434186106920244,0.2,0.9428683519363403,0.0003,0.06486402823599444,10.374968528747559,0.497154,13650
5940,16797696,396.35,2827,1367,305.63442731000004,-4.6219059725602465,0.713671875,0.3568676710128784,26.478689370552697,0.2,0.9375340938568115,0.0003,-0.02643415780136517,11.543506622314453,0.22392939,13660
5942,16809984,399.43,2828,1368,312.97629385000005,-4.62181311249733,0.6848063151041667,0.35693180561065674,30.96576895713806,0.2,0.9306743741035461,0.0003,-0.029886380352157477,16.68973159790039,0.178358,13670
5944,16822272,394.79,2829,1369,320.00014937000003,-4.625992780923843,0.7608154296875,0.35717615485191345,27.49880610903104,0.2,0.9371998310089111,0.0003,-0.0027294465030233066,7.699610233306885,0.2323222,13680
5947,16834560,374.04,2830,1370,292.50582141,-4.6150838722785315,0.7166910807291667,0.35647687315940857,26.608421423037846,0.2,0.9386008381843567,0.0003,-0.024956617202648582,7.986795902252197,0.19825637,13690
5949,16846848,382.52,2831,1371,304.73874035,-4.596486951907476,0.7539632161458333,0.35574284195899963,26.832681540648142,0.2,0.9340614676475525,0.0003,-0.011403724062256515,8.410212516784668,0.23029613,13700
5951,16859136,385.4,2832,1372,292.06442058000005,-4.57487143377463,0.7032552083333333,0.3553711175918579,34.961114875475566,0.2,0.9301793575286865,0.0003,-0.03085121411277214,8.967859268188477,0.18520911,13710
5953,16871424,395.49,2833,1373,305.84983934,-4.585725375016531,0.7729817708333333,0.3560545742511749,25.70402382016182,0.2,0.9336291551589966,0.0003,-0.004621246989700012,8.627643585205078,0.25773,13720
5956,16883712,396.74,2834,1374,304.23097020999995,-4.612756709257762,0.7798095703125,0.35700568556785583,32.488741197188695,0.2,0.9206136465072632,0.0003,0.011110406208899803,14.762248992919922,0.2366426,13730
5958,16896000,391.83,2835,1375,301.10112072,-4.645586277047793,0.7639241536458333,0.35783687233924866,28.926346548398335,0.2,0.9355331659317017,0.0003,0.0010265571375687916,9.871440887451172,0.23643827,13740
5960,16908288,387.39,2836,1376,301.1362750199999,-4.637585459152858,0.6875406901041666,0.3573415279388428,42.01893697182337,0.2,0.9081346988677979,0.0003,-0.035815099493872064,16.441787719726562,0.17124765,13750
5963,16920576,394.1,2837,1377,300.81005827,-4.642774579922358,0.7410237630208333,0.3578479290008545,26.277845480044682,0.2,0.9272611141204834,0.0003,-0.026503323913008595,7.788682460784912,0.26283392,13760
5965,16932864,370.57,2838,1378,276.16328798,-4.668864059448242,0.7572184244791667,0.35813677310943604,24.64003426829974,0.2,0.925597071647644,0.0003,-0.016507602418035578,11.9218168258667,0.24656522,13770
5967,16945152,408.05,2839,1379,311.69087003,-4.682349358995755,0.74267578125,0.3587301969528198,23.202968565622964,0.2,0.9396350383758545,0.0003,-0.022190311625793886,9.491172790527344,0.22069182,13780
5969,16957440,404.37,2840,1380,316.74136013,-4.669740322232246,0.7224446614583333,0.35832229256629944,32.01546240448952,0.2,0.9160742163658142,0.0003,-0.021667668711355267,18.975543975830078,0.19705482,13790
5971,16969728,428.11,2841,1381,338.3929736999999,-4.699532563487689,0.765234375,0.3593606650829315,26.66884777744611,0.2,0.926234781742096,0.0003,-0.008714806319524844,16.419719696044922,0.28222167,13800
5974,16982016,427.42,2842,1382,336.36190000000005,-4.7413019180297855,0.7471923828125,0.3604799509048462,31.981649446487427,0.2,0.9215569496154785,0.0003,-0.006867585460713599,8.35615062713623,0.23773354,13810
5976,16994304,425.43,2843,1383,336.9609348900001,-4.7399271140495935,0.7204264322916667,0.36002683639526367,20.227858785788218,0.2,0.9354383945465088,0.0003,-0.027569419079615423,6.088304042816162,0.25396708,13820
5978,17006592,440.83,2844,1384,349.51893208,-4.713547091682752,0.7477945963541667,0.35901331901550293,31.62892234325409,0.2,0.9159190058708191,0.0003,-0.007945176249874446,16.03847312927246,0.22020192,13830
5980,17018880,458.27,2845,1385,357.00879295,-4.696925802032153,0.7775960286458333,0.35875293612480164,26.5257543583711,0.2,0.908064603805542,0.0003,0.0008005555331086119,13.800298690795898,0.281989,13840
5983,17031168,479.77,2846,1386,375.73614921,-4.707295791308085,0.791748046875,0.35921570658683777,16.004287025332452,0.2,0.932040274143219,0.0003,0.0019771256862441077,3.12644624710083,0.35321966,13850
5985,17043456,475.1,2847,1387,366.84221349,-4.725806743899981,0.7419596354166667,0.3601691424846649,22.462565929690996,0.2,0.9129154086112976,0.0003,-0.01837023726014498,13.176599502563477,0.24186604,13860
5987,17055744,437.12,2848,1388,342.16776373,-4.71524807214737,0.717822265625,0.3590807020664215,28.50931392709414,0.2,0.9300993084907532,0.0003,-0.025984390790108593,16.099414825439453,0.20091309,13870
5989,17068032,431.9,2849,1389,344.8790768999999,-4.716877179344495,0.7874186197916667,0.3594854772090912,26.915660480658214,0.2,0.9414543509483337,0.0003,0.017202535420074126,6.451959133148193,0.28544003,13880
5992,17080320,424.65,2850,1390,334.0917755100001,-4.697385052839915,0.7263671875,0.3586444854736328,28.79619333545367,0.2,0.9337198734283447,0.0003,-0.022929052503119843,12.753799438476562,0.21074188,13890
5994,17092608,467.75,2851,1391,366.82774439,-4.6755682518084845,0.7367106119791667,0.35848769545555115,22.558179528514543,0.2,0.9232702851295471,0.0003,-0.022007501751068047,4.426894664764404,0.25321475,13900
5996,17104896,485.87,2852,1392,377.40659645999995,-4.731341790159544,0.7917236328125,0.36018499732017517,15.894422461589178,0.2,0.9507184028625488,0.0003,0.00511143782932777,4.068601131439209,0.3143112,13910
5998,17117184,513.95,2853,1393,405.0467688600001,-4.699967688322067,0.6675130208333333,0.3585539162158966,34.2668142914772,0.2,0.9260376691818237,0.0003,-0.03345338585495483,8.43381118774414,0.14423306,13920
6001,17129472,553.31,2854,1394,435.00254727,-4.658006203174591,0.71279296875,0.35780099034309387,23.101271867752075,0.2,0.933191180229187,0.0003,-0.026652652324022103,7.519863605499268,0.2429102,13930
6003,17141760,526.37,2855,1395,421.27180633000006,-4.659250713388125,0.77294921875,0.35806572437286377,15.956516682108242,0.2,0.9388905167579651,0.0003,-0.012493484736963486,4.981243133544922,0.3541266,13940
6005,17154048,534.35,2856,1396,428.02642066,-4.653641651074092,0.7324300130208333,0.3576221466064453,20.726497054100037,0.2,0.944819986820221,0.0003,-0.01723323346232064,7.105669975280762,0.21297197,13950
6007,17166336,526.54,2857,1397,407.34968036000004,-4.635941122968991,0.7120524088541667,0.3572902977466583,26.704430829485258,0.2,0.9187253713607788,0.0003,-0.026429410736697415,11.753623962402344,0.18989153,13960
6010,17178624,509.48,2858,1398,382.4451698099999,-4.616558793187141,0.7452880859375,0.35615479946136475,27.114209707578024,0.2,0.9159701466560364,0.0003,-0.017883511984352177,15.048172950744629,0.21830623,13970
6012,17190912,522.45,2859,1399,397.30773559,-4.63609589934349,0.795263671875,0.3579740822315216,16.959253470102947,0.2,0.9300460815429688,0.0003,0.008100974415477443,7.97271203994751,0.35883474,13980
6014,17203200,521.42,2860,1400,401.90406841000004,-4.625488191843033,0.6862467447916667,0.35707125067710876,29.693059305349987,0.2,0.9134525656700134,0.0003,-0.03146693352900911,13.339864730834961,0.20300497,13990
6016,17215488,510.58,2861,1401,410.77120161000005,-4.636285843451818,0.7333170572916666,0.35718321800231934,28.450175406535468,0.2,0.9229429960250854,0.0003,-0.013771399188893458,18.60774040222168,0.22187655,14000
6018,17227776,498.17,2862,1402,414.25828247,-4.649145540595055,0.784228515625,0.35863789916038513,36.28380882342656,0.2,0.9298267364501953,0.0003,0.014699913908649857,24.106475830078125,0.23372795,14010
6021,17240064,501.43,2863,1403,413.70429179,-4.7060297151406605,0.7972819010416666,0.3601863384246826,21.286745139956473,0.2,0.9322549700737,0.0003,0.011793293463415466,23.82828140258789,0.3115296,14020
6023,17252352,466.45,2864,1404,369.52340534999996,-4.748780435323715,0.9001871744791666,0.36359429359436035,14.40003475199143,0.2,0.9468086361885071,0.0003,0.119552151139942,2.605891704559326,1.0221667,14030
6025,17264640,466.1,2865,1405,363.24597379,-4.825001054008802,0.6537353515625,0.36311593651771545,19.74749246239662,0.2,0.9535717964172363,0.0003,-0.038471970407408664,4.099902629852295,0.1466969,14040
6027,17276928,428.0,2866,1406,339.17076701999997,-4.789389816919963,0.6571614583333333,0.36179983615875244,27.69068832397461,0.2,0.9390075206756592,0.0003,-0.03759780400432646,13.428932189941406,0.15708137,14050
6029,17289216,411.8,2867,1407,324.09518869,-4.768351243933042,0.6650634765625,0.3612239360809326,31.675054665406545,0.2,0.9456085562705994,0.0003,-0.03597865264600841,11.225836753845215,0.16327782,14060
6032,17301504,416.18,2868,1408,331.85963919,-4.754040162762006,0.7218180338541667,0.36085620522499084,24.057642517487206,0.2,0.9380317330360413,0.0003,-0.024255879541548588,9.260054588317871,0.22519939,14070
6034,17313792,438.41,2869,1409,353.93693740999987,-4.716555655002594,0.7044108072916667,0.35976991057395935,22.49101071357727,0.2,0.9426183700561523,0.0003,-0.03098428744415287,5.39051628112793,0.22992408,14080
6036,17326080,450.95,2870,1410,357.07020497999997,-4.692474667231242,0.6804524739583333,0.35926565527915955,39.410840316613516,0.2,0.9258056879043579,0.0003,-0.02920693541430713,17.709474563598633,0.14961393,14090
6038,17338368,437.94,2871,1411,349.36088937999995,-4.748825490474701,0.8382161458333334,0.3626995384693146,28.82946982383728,0.2,0.9229856133460999,0.0003,0.05659059867806112,9.955278396606445,0.33762965,14100
6041,17350656,413.43,2872,1412,328.32556396,-4.78340510626634,0.7439697265625,0.3624531030654907,32.37759161392848,0.2,0.9270775318145752,0.0003,-0.005526072030382541,10.592192649841309,0.1905051,14110
6043,17362944,407.78,2873,1413,318.43598724,-4.759983265399933,0.701708984375,0.3615131676197052,30.302432866891227,0.2,0.9295035004615784,0.0003,-0.034497440614601756,10.84793758392334,0.18660317,14120
6045,17375232,421.27,2874,1414,330.91821809,-4.747999601562818,0.782470703125,0.36117038130760193,18.098919700582822,0.2,0.9520096778869629,0.0003,-0.0020596483479797217,6.437230110168457,0.29774472,14130
6047,17387520,428.16,2875,1415,335.89613449999996,-4.765251125892004,0.7699137369791667,0.3618401288986206,23.347819023331006,0.2,0.9474353194236755,0.0003,-0.002718257898717032,11.209787368774414,0.29809842,14140
6049,17399808,450.91,2876,1416,368.0668376400001,-4.758029055595398,0.681103515625,0.3612971305847168,31.742758015791576,0.2,0.9357513189315796,0.0003,-0.03423164399573579,9.434175491333008,0.17653024,14150
6052,17412096,448.44,2877,1417,368.2036928499999,-4.7329020470380785,0.6946533203125,0.36075106263160706,30.326850376526515,0.2,0.9294239282608032,0.0003,-0.03220025195526735,20.273006439208984,0.18188994,14160
6054,17424384,394.52,2877,1418,321.17915891,-4.714827421307564,0.741943359375,0.35991325974464417,27.75211179057757,0.2,0.9264239072799683,0.0003,-0.015662148230088255,7.918368816375732,0.20497228,14170
6056,17436672,391.43,2878,1419,311.85532265,-4.670442759990692,0.7214599609375,0.3586360514163971,36.71705334186554,0.2,0.9217112064361572,0.0003,-0.019652629182868017,7.228736877441406,0.18771468,14180
6058,17448960,410.99,2879,1420,334.33238544,-4.645136629541715,0.7146158854166667,0.35757341980934143,28.860816919803618,0.2,0.9252851009368896,0.0003,-0.02655368933289234,16.53813934326172,0.22353311,14190
6061,17461248,434.28,2880,1421,355.7092593599999,-4.648750106493632,0.7193359375,0.35827696323394775,30.268380218744277,0.2,0.9177005887031555,0.0003,-0.018877420853823424,8.868703842163086,0.19812898,14200
6063,17473536,476.69,2881,1422,389.76335125,-4.640415215492249,0.7372233072916666,0.3577170670032501,26.22573014895121,0.2,0.9280452728271484,0.0003,-0.02046547220185554,8.09615421295166,0.21339495,14210
6065,17485824,485.14,2882,1423,391.4039355000001,-4.607649944225947,0.7468424479166667,0.35688480734825134,32.75281539162,0.2,0.9147918224334717,0.0003,-0.013713668365380727,19.170921325683594,0.2524619,14220
6067,17498112,470.64,2883,1424,377.94488183,-4.5804155955712,0.7302897135416667,0.3556353747844696,24.53174760341644,0.2,0.926131546497345,0.0003,-0.024657826055772603,6.768301963806152,0.24600285,14230
6070,17510400,421.76,2884,1425,333.90862585,-4.5649702976147335,0.7434895833333334,0.3557685911655426,34.057020942370094,0.2,0.9287522435188293,0.0003,-0.011669131210267854,17.664173126220703,0.22322662,14240
6072,17522688,398.12,2885,1426,312.02057863,-4.570238638917605,0.7253499348958333,0.35587069392204285,32.413619657357536,0.2,0.9351524710655212,0.0003,-0.027031828182225583,9.402356147766113,0.24501927,14250
6075,17534976,355.99,2886,1427,272.64361098999996,-4.612954541047414,0.8296468098958333,0.3580237925052643,21.328401268521944,0.2,0.9372978210449219,0.0003,0.04140323681155375,9.950042724609375,0.37400162,14260
6077,17547264,396.98,2887,1428,312.58339763,-4.625100419918696,0.7135660807291667,0.35736727714538574,22.125067126750945,0.2,0.9492718577384949,0.0003,-0.03438040077065428,9.090200424194336,0.20078933,14270
6079,17559552,378.16,2888,1429,300.14083629,-4.632939933737119,0.7439127604166667,0.35749462246894836,24.797542107105254,0.2,0.9357837438583374,0.0003,-0.023965308118689185,12.979820251464844,0.27932447,14280
6081,17571840,406.27,2889,1430,328.7788419199999,-4.628101920088132,0.7162516276041667,0.3578241765499115,27.236970871686935,0.2,0.9460635185241699,0.0003,-0.028987931488275838,5.831654071807861,0.193092,14290
6084,17584128,411.86,2890,1431,338.18216418,-4.660778772830963,0.7511555989583333,0.3581472337245941,22.216702356934547,0.2,0.944129467010498,0.0003,-0.017047321721717405,6.394763469696045,0.23626934,14300
6086,17596416,411.96,2891,1432,351.80205494,-4.639958921074867,0.7339192708333333,0.35751858353614807,25.163823489348093,0.2,0.9500553011894226,0.0003,-0.01683190160935434,8.48285961151123,0.22128911,14310
6088,17608704,439.82,2892,1433,374.95802004999996,-4.6051249504089355,0.6926676432291666,0.3564342260360718,32.609461120764415,0.2,0.9402176141738892,0.0003,-0.029918169188022148,13.281733512878418,0.18422611,14320
6090,17620992,419.86,2893,1434,365.61978714000014,-4.571835860610008,0.7234375,0.35577353835105896,39.10217851599057,0.2,0.9156842231750488,0.0003,-0.020669406568049453,12.754899978637695,0.20832212,14330
6093,17633280,390.74,2893,1435,340.2895847700001,-4.550466787815094,0.7172770182291667,0.3551422357559204,34.02653269767761,0.2,0.9333469271659851,0.0003,-0.025659982859118222,9.87761116027832,0.22443016,14340
6095,17645568,390.56,2894,1436,343.34411291,-4.534274384379387,0.7329020182291667,0.35449445247650146,30.119394626220068,0.2,0.9364923238754272,0.0003,-0.024406331041245722,11.821535110473633,0.24887085,14350
6097,17657856,376.14,2895,1437,330.1685675300001,-4.5747595916191734,0.7767415364583333,0.3564175069332123,30.062888425588607,0.2,0.9461488723754883,0.0003,0.0023481802199967206,10.425856590270996,0.23766236,14360
6099,17670144,417.23,2896,1438,363.50201769,-4.635565819342931,0.8598714192708333,0.35928526520729065,29.601716504494348,0.2,0.9433355927467346,0.0003,0.08027573068975472,17.537078857421875,0.39425543,14370
6102,17682432,415.27,2897,1439,353.21814396999997,-4.6694288700819016,0.6795979817708333,0.35846877098083496,37.89993370175362,0.2,0.9379444122314453,0.0003,-0.033457964927947614,25.30036163330078,0.15893722,14380
6104,17694720,427.04,2898,1440,363.86248667000007,-4.661484037836392,0.7387613932291667,0.3588885962963104,26.00083823800087,0.2,0.9412509202957153,0.0003,-0.021905528872836536,10.523357391357422,0.24794787,14390
6106,17707008,357.27,2899,1441,292.09491703,-4.651836145917574,0.6951009114583333,0.3582638204097748,46.123751219113664,0.2,0.924596905708313,0.0003,-0.023007762044047315,14.437285423278809,0.16026688,14400
6108,17719296,332.43,2900,1442,271.10607659000004,-4.656426393985749,0.7816975911458334,0.3580951690673828,22.65542778571447,0.2,0.9506372213363647,0.0003,-0.009068756771739572,10.967071533203125,0.2970261,14410
6110,17731584,344.12,2901,1443,277.05394913,-4.617158113916715,0.6975992838541667,0.35712313652038574,34.55466333429019,0.2,0.9392755031585693,0.0003,-0.03314253449546716,21.170249938964844,0.16903329,14420
6113,17743872,377.8,2902,1444,311.51792368,-4.6001077403624855,0.7530598958333333,0.3567868769168854,26.634523224830627,0.2,0.9498159289360046,0.0003,-0.017400566490444667,6.817463397979736,0.25423518,14430
6115,17756160,390.98,2903,1445,327.72974532,-4.58712409834067,0.6882405598958333,0.3563436269760132,38.78090165456136,0.2,0.9276756048202515,0.0003,-0.0346181033164612,13.264925003051758,0.17485471,14440
6117,17768448,396.86,2904,1446,336.87708316000004,-4.581637492775917,0.7544840494791667,0.3561075031757355,29.237007357676823,0.2,0.945414662361145,0.0003,-0.011394457409429985,14.925293922424316,0.226426,14450
6119,17780736,408.72,2905,1447,351.09035255,-4.554197969039281,0.7905680338541666,0.3556463420391083,25.744944405555724,0.2,0.9473294019699097,0.0003,0.004626201126666274,5.845742225646973,0.27145994,14460
6122,17793024,414.13,2906,1448,341.89375748,-4.627023189266523,0.8098551432291666,0.3578835725784302,27.52607982357343,0.2,0.9399529099464417,0.0003,0.03020611085133472,13.960617065429688,0.30152622,14470
6124,17805312,397.28,2907,1449,337.04413489000007,-4.685852014025053,0.7748046875,0.3598146438598633,21.394932696223258,0.2,0.9516441822052002,0.0003,-0.0021601722420503695,9.71349048614502,0.32953975,14480
6126,17817600,395.91,2908,1450,330.89953714,-4.668514036138853,0.6817789713541667,0.35878849029541016,35.18100248376528,0.2,0.9457132816314697,0.0003,-0.03267306514802234,21.33383560180664,0.160659,14490
6128,17829888,394.39,2909,1451,322.71747302999995,-4.651472964882851,0.6876790364583333,0.35817599296569824,41.10857463677724,0.2,0.9334806799888611,0.0003,-0.0336475707697294,10.795883178710938,0.16207787,14500
6131,17842176,400.83,2910,1452,327.31352978,-4.610691834489504,0.7253011067708334,0.3567776679992676,26.99819816549619,0.2,0.9304671883583069,0.0003,-0.03049510801405025,9.907405853271484,0.22648497,14510
6133,17854464,412.57,2911,1453,334.57215834000004,-4.58773850897948,0.69306640625,0.35613059997558594,45.84815766811371,0.2,0.9293805956840515,0.0003,-0.030983487680593193,10.940262794494629,0.18218978,14520
6135,17866752,424.32,2912,1454,350.2071906899999,-4.6256339599688845,0.90205078125,0.35995352268218994,32.19360253612201,0.2,0.9302492737770081,0.0003,0.13166012164341132,9.359783172607422,1.2116828,14530
6137,17879040,428.26,2912,1455,364.84263934999996,-4.688063410917918,0.7479248046875,0.359141081571579,22.3257530550162,0.2,0.9547931551933289,0.0003,-0.019881349545903503,12.193087577819824,0.26742694,14540
6139,17891328,447.21,2913,1456,377.26237818999994,-4.6771611899137495,0.7312744140625,0.358865350484848,28.506048778692882,0.2,0.9496484994888306,0.0003,-0.01957937823802543,6.966678142547607,0.23903798,14550
6142,17903616,432.72,2914,1457,357.5473602400001,-4.672602865099907,0.7215087890625,0.35867300629615784,31.93331527709961,0.2,0.9329191446304321,0.0003,-0.019765868739341386,10.56261920928955,0.19024767,14560
6144,17915904,423.76,2915,1458,353.28317207999993,-4.665496098001798,0.729638671875,0.35829153656959534,27.96196480790774,0.2,0.9417427778244019,0.0003,-0.02358370149449911,10.246167182922363,0.20620258,14570
6146,17928192,463.39,2916,1459,381.71989267,-4.650889194011688,0.7531412760416667,0.35840606689453125,24.869614416360854,0.2,0.9436830878257751,0.0003,-0.009504445212466331,13.113945007324219,0.25774112,14580
6148,17940480,481.96,2917,1460,399.25107383,-4.6514490216970446,0.7033121744791667,0.35803237557411194,29.010270736614864,0.2,0.9328087568283081,0.0003,-0.03021110541158123,7.515669345855713,0.181271,14590
6151,17952768,500.42,2918,1461,420.18940545,-4.702840114633243,0.7947184244791666,0.3598274886608124,26.411881389220557,0.2,0.9327791929244995,0.0003,0.012164431866646433,7.251227378845215,0.338477,14600
6153,17965056,520.62,2919,1462,435.0755722899999,-4.7274026791254675,0.7871907552083334,0.3607570230960846,21.782712610562644,0.2,0.9361544251441956,0.0003,0.005969402168314749,6.443548202514648,0.32854518,14610
6155,17977344,534.17,2920,1463,452.7940504,-4.72864606877168,0.6962483723958334,0.3604157865047455,27.050146907567978,0.2,0.937390148639679,0.0003,-0.02869793641778718,9.62874984741211,0.18032588,14620
6157,17989632,507.56,2921,1464,424.6702560500001,-4.702161817749341,0.7247314453125,0.3600260317325592,26.562277421355247,0.2,0.93339604139328,0.0003,-0.023499355450621807,6.7074761390686035,0.20209992,14630
6159,18001920,432.49,2922,1465,353.30242362999996,-4.6917386581500375,0.7085774739583334,0.3590036928653717,35.047557375828426,0.2,0.9380404353141785,0.0003,-0.02905149329987277,6.893764019012451,0.17583966,14640
6162,18014208,398.35,2923,1466,320.75127601,-4.650710592667262,0.6981608072916666,0.35813093185424805,31.034040733178458,0.2,0.9279927611351013,0.0003,-0.03398810801057455,16.009706497192383,0.20006461,14650
6164,18026496,384.43,2924,1467,309.00196558999994,-4.631059134006501,0.7430582682291667,0.35802415013313293,28.1451174279054,0.2,0.9409815669059753,0.0003,-0.01845932764845202,14.738460540771484,0.26649097,14660
6166,18038784,399.17,2925,1468,316.82293827,-4.70194744169712,0.8748860677083333,0.3616851270198822,21.747042669852576,0.2,0.9509892463684082,0.0003,0.09018558683649948,8.6472806930542,0.5976361,14670
6168,18051072,428.05,2926,1469,334.2980235400001,-4.729215769966443,0.6895345052083334,0.36026307940483093,28.547846017281213,0.2,0.9454193711280823,0.0003,-0.03663556698156754,13.773802757263184,0.20168698,14680
6171,18063360,403.85,2927,1470,307.74126352,-4.758860510587692,0.8307454427083333,0.3618687093257904,26.581309965252878,0.2,0.9434903860092163,0.0003,0.03950831857509911,9.11012077331543,0.3546408,14690
6173,18075648,411.46,2928,1471,323.20076244999996,-4.769842657446861,0.7451904296875,0.3613990843296051,20.45736262202263,0.2,0.9477579593658447,0.0003,-0.019101724947298258,9.661839485168457,0.24523515,14700
6175,18087936,421.34,2928,1472,334.58822403,-4.7145540376504265,0.6750081380208334,0.35983791947364807,34.11333524783452,0.2,0.9307433366775513,0.0003,-0.03676232293073554,16.35211181640625,0.15636802,14710
6177,18100224,401.38,2929,1473,321.13032028,-4.719984119137128,0.7383219401041666,0.3606652021408081,27.105300533771516,0.2,0.9352191686630249,0.0003,-0.016697184764780104,9.217591285705566,0.23586456,14720
6180,18112512,421.41,2930,1474,339.05284534000003,-4.7124533226092655,0.7325276692708333,0.3598555028438568,25.490642615159352,0.2,0.947003185749054,0.0003,-0.022049051607609726,5.864744663238525,0.21052091,14730
6182,18124800,454.84,2931,1475,371.23037129000005,-4.702712898453076,0.7293863932291667,0.3600336015224457,21.214241677522658,0.2,0.9385802745819092,0.0003,-0.027226904344085295,13.771053314208984,0.24313329,14740
6184,18137088,449.55,2932,1476,371.00767402999986,-4.674854657053947,0.7284830729166667,0.35907137393951416,24.416124284267426,0.2,0.9473747611045837,0.0003,-0.023543256664803874,11.021142959594727,0.21394838,14750
6186,18149376,449.86,2933,1477,368.47868219999987,-4.6609142859776815,0.7070638020833333,0.35813161730766296,32.856341491142906,0.2,0.9406577348709106,0.0003,-0.025391023267487375,12.676939010620117,0.1785024,14760
6189,18161664,424.72,2934,1478,347.5228213,-4.667392528057098,0.8092692057291667,0.3594646751880646,27.574499315023424,0.2,0.9487184286117554,0.0003,0.030734533272334375,12.281646728515625,0.33942786,14770
6191,18173952,416.14,2935,1479,337.92302745,-4.6693359007438024,0.7428059895833333,0.3585529029369354,30.457894476254783,0.2,0.9298743009567261,0.0003,-0.015398622611731602,12.108134269714355,0.22935851,14780
6193,18186240,429.19,2936,1480,348.75206870999995,-4.647993452350298,0.7412760416666667,0.35825395584106445,25.44425937930743,0.2,0.940470814704895,0.0003,-0.022657659165755226,4.517812728881836,0.23551767,14790
6195,18198528,434.43,2937,1481,350.74015674000003,-4.661679359277089,0.7560953776041667,0.3586181700229645,25.501880225539207,0.2,0.9353688955307007,0.0003,-0.017638556094122276,7.739309787750244,0.24674654,14800
6198,18210816,419.08,2938,1482,343.79777202,-4.675872772932053,0.7536865234375,0.3588135540485382,22.81433809598287,0.2,0.9498898983001709,0.0003,-0.01688453936270283,8.450088500976562,0.2452337,14810
6200,18223104,439.99,2938,1483,367.98162776000004,-4.674067894617717,0.7002522786458333,0.35876917839050293,21.7674066166083,0.2,0.9536983966827393,0.0003,-0.036103312761406416,12.161795616149902,0.20150322,14820
6202,18235392,448.11,2939,1484,372.9861633099999,-4.689507589737574,0.7913655598958333,0.3595273792743683,16.01287337342898,0.2,0.9509709477424622,0.0003,-0.0032648133870679884,12.409941673278809,0.32832006,14830
6205,18247680,453.61,2940,1485,376.7953782999999,-4.717248699069023,0.8158447265625,0.36065831780433655,24.97221813102563,0.2,0.9490762948989868,0.0003,0.03271025290014222,9.28783130645752,0.3046292,14840
6207,18259968,500.7,2941,1486,421.89476097,-4.7111765573422115,0.7025716145833333,0.35993775725364685,20.27016989191373,0.2,0.9512057900428772,0.0003,-0.035376987115402395,8.554463386535645,0.19646263,14850
6209,18272256,500.99,2942,1487,413.6226801099999,-4.6970764319101965,0.697998046875,0.3593197166919708,30.122679297129313,0.2,0.9111381769180298,0.0003,-0.025444908026838676,6.367960453033447,0.16765499,14860
6212,18284544,486.08,2943,1488,401.29611317,-4.76210138897101,0.8980794270833333,0.3643845021724701,21.92454039355119,0.2,0.9262102246284485,0.0003,0.10927707001780315,10.122797012329102,0.63657933,14870
6214,18296832,467.1,2944,1489,383.27521496,-4.842323687672615,0.6573649088541667,0.3636651933193207,26.758662074804306,0.2,0.9366475939750671,0.0003,-0.03775024787076594,10.477317810058594,0.16093637,14880
6216,18309120,455.9,2945,1490,364.46815376,-4.822784691055616,0.6875895182291667,0.3630840480327606,30.406806536515553,0.2,0.9312247037887573,0.0003,-0.03540275957299552,8.972228050231934,0.17071283,14890
6218,18321408,423.93,2946,1491,353.43238501,-4.811455521980921,0.7322347005208333,0.3626856505870819,25.13389996488889,0.2,0.949821949005127,0.0003,-0.02076760223232365,11.942212104797363,0.21216594,14900
6221,18333696,414.01,2946,1492,335.2679821000001,-4.793156483769417,0.6770345052083333,0.36210528016090393,44.63961720665296,0.2,0.9268698692321777,0.0003,-0.02953885455353884,7.283823013305664,0.1534362,14910
6223,18345984,387.0,2947,1493,313.68402527,-4.776701120535533,0.7339111328125,0.36161860823631287,31.758735805749893,0.2,0.9280153512954712,0.0003,-0.022490653196776598,21.93324851989746,0.24165362,14920
6225,18358272,373.8,2948,1494,290.17237925,-4.771364124615987,0.7534016927083333,0.36109933257102966,30.50345870455106,0.2,0.9286271929740906,0.0003,-0.012413280327261115,12.68083381652832,0.22696732,14930
6227,18370560,388.01,2949,1495,301.36179353000006,-4.731758684913317,0.7201009114583333,0.35972777009010315,34.691452052195864,0.2,0.9236845374107361,0.0003,-0.0265251899312716,10.374998092651367,0.20046897,14940
6230,18382848,406.41,2950,1496,329.43537215,-4.741782363255819,0.8470865885416666,0.3616064786911011,27.413538440068564,0.2,0.9268564581871033,0.0003,0.05777506661446144,13.880528450012207,0.59640795,14950
6232,18395136,425.08,2951,1497,352.72535252999995,-4.755958642562231,0.75751953125,0.36149775981903076,22.19914534687996,0.2,0.9522877335548401,0.0003,-0.010966726133483462,9.65444278717041,0.27895075,14960
6234,18407424,424.05,2952,1498,352.7216223299999,-4.757162542144457,0.6863444010416667,0.360713392496109,36.20342585643132,0.2,0.9342944622039795,0.0003,-0.031633239312213846,11.987909317016602,0.16152066,14970
6237,18419712,421.12,2953,1499,344.75980985999996,-4.766940307617188,0.7462483723958333,0.3610171377658844,22.377732509374617,0.2,0.9408916234970093,0.0003,-0.019495475328585598,10.93314266204834,0.29689637,14980
6239,18432000,416.51,2954,1500,326.31562049,-4.760770107309024,0.7666748046875,0.36062073707580566,23.29694730639458,0.2,0.945306658744812,0.0003,-0.010279031635339683,14.080982208251953,0.24760908,14990
6241,18444288,458.77,2955,1501,362.61562835000007,-4.719107881188393,0.7143391927083333,0.3596385419368744,29.468980598449708,0.2,0.9300604462623596,0.0003,-0.026511059317272156,7.912456512451172,0.20101452,15000
6243,18456576,481.81,2955,1502,385.85459925000004,-4.687572550773621,0.7493001302083333,0.35812410712242126,26.968191107114155,0.2,0.9258833527565002,0.0003,-0.018374688869031767,11.599425315856934,0.26956412,15010
6246,18468864,496.38,2956,1503,404.38376674,-4.6784543345371885,0.8022705078125,0.3587701618671417,21.90613001982371,0.2,0.943230152130127,0.0003,0.008443075438844972,6.325418949127197,0.3580924,15020
6248,18481152,487.54,2957,1504,390.62824363000004,-4.662776895364126,0.700244140625,0.35770586133003235,32.59171273907025,0.2,0.9245213866233826,0.0003,-0.020706595254402296,12.970610618591309,0.16109063,15030
6250,18493440,469.27,2958,1505,375.82878647000007,-4.6436086366573965,0.7685791015625,0.35731586813926697,26.36615775426229,0.2,0.9416646957397461,0.0003,-0.00684160239979974,6.628689765930176,0.29205763,15040
6253,18505728,473.75,2959,1506,378.67066158999995,-4.635157804687818,0.7456787109375,0.35744762420654297,31.082991174856822,0.2,0.930160403251648,0.0003,-0.006666590654640458,8.6262845993042,0.20045765,15050
6255,18518016,457.54,2960,1507,362.89574538999995,-4.634151996175448,0.7536783854166667,0.3571913242340088,40.09027126232783,0.2,0.924048662185669,0.0003,-0.002271824164684707,6.038824558258057,0.22049649,15060
6257,18530304,450.88,2961,1508,367.28838559000013,-4.634613744417826,0.7259440104166667,0.356926828622818,29.095055345694224,0.2,0.9344481229782104,0.0003,-0.02550760007967862,6.441918849945068,0.22372265,15070
6259,18542592,478.87,2962,1509,395.28371408000004,-4.595433754722277,0.7083577473958333,0.3559016287326813,29.37456910610199,0.2,0.9342336654663086,0.0003,-0.03097902588682094,13.48613166809082,0.19957519,15080
6261,18554880,456.37,2963,1510,370.50057795999993,-4.590099660555522,0.7422688802083334,0.3558269441127777,27.82309885621071,0.2,0.928955078125,0.0003,-0.01665203950445478,14.677717208862305,0.26376662,15090
6263,18567168,465.47,2964,1511,381.55990636999996,-4.620847780505816,0.8101806640625,0.356954962015152,30.312877692778905,0.2,0.9178914427757263,0.0003,0.019963984211790374,6.771661758422852,0.31879792,15100
6264,18579456,475.77,2965,1512,391.21430358999993,-4.60543827911218,0.6996175130208333,0.3559740483760834,34.679490546385445,0.2,0.913071870803833,0.0003,-0.029722663749028773,8.09918212890625,0.19495659,15110
6266,18591744,474.5,2966,1513,388.62392451,-4.649141149719556,0.8502766927083333,0.358699768781662,31.225920448700588,0.2,0.918233335018158,0.0003,0.06595316819439176,7.251094818115234,0.4323008,15120
6268,18604032,457.56,2967,1514,377.58004784,-4.715225174029668,0.761376953125,0.3597022294998169,26.31413960556189,0.2,0.9394724369049072,0.0003,-0.004954408570968857,6.810152530670166,0.24031769,15130
6270,18616320,450.68,2968,1515,367.0351010299999,-4.7332491348187125,0.7313557942708333,0.3601754605770111,26.440027193228403,0.2,0.9302209615707397,0.0003,-0.01659690880527099,8.606720924377441,0.21146388,15140
6272,18628608,448.26,2970,1516,366.88048581999993,-4.7255532075961435,0.71845703125,0.35948023200035095,27.79662738243739,0.2,0.9480641484260559,0.0003,-0.02674707167413241,11.6088228225708,0.20840621,15150
6273,18640896,467.47,2971,1517,388.6807000199999,-4.69276519815127,0.6959309895833333,0.35859349370002747,37.27048662304878,0.2,0.935247540473938,0.0003,-0.0256593584548682,17.24973487854004,0.16614138,15160
6275,18653184,435.64,2972,1518,350.3271325799999,-4.780250199635824,0.8939453125,0.36440786719322205,15.036600217223167,0.2,0.9520215392112732,0.0003,0.100202991686092,6.167879104614258,0.70533055,15170
6277,18665472,442.32,2973,1519,360.49512828,-4.846821358799934,0.7046468098958333,0.363227516412735,25.391028070449828,0.2,0.9387121796607971,0.0003,-0.028712770910351536,13.873621940612793,0.19591947,15180
6279,18677760,456.93,2974,1520,369.56258110999994,-4.836135869224866,0.6961669921875,0.3629891872406006,30.453687264521918,0.2,0.9340345859527588,0.0003,-0.029919642849320856,16.662513732910156,0.18461655,15190
6280,18690048,421.82,2975,1521,329.38038158,-4.821519881486893,0.6777180989583333,0.3625117242336273,27.19037056763967,0.2,0.9245161414146423,0.0003,-0.03814147980689692,9.355527877807617,0.17171915,15200
6282,18702336,460.17,2976,1522,358.28303200000005,-4.833163023988406,0.731787109375,0.3631775379180908,25.734696062405906,0.2,0.9339869022369385,0.0003,-0.023799059412946615,6.748656272888184,0.24904723,15210
6284,18714624,508.24,2978,1523,398.97737767,-4.8722254971663155,0.8336588541666666,0.3640458285808563,15.223276661833127,0.2,0.9496808648109436,0.0003,0.028688808391840816,10.169929504394531,0.4243342,15220
6285,18726912,493.16,2979,1524,385.5612001399999,-4.836425532897313,0.7271728515625,0.36309561133384705,24.85286077062289,0.2,0.9306836724281311,0.0003,-0.020373992075474235,8.390098571777344,0.20083387,15230
6287,18739200,510.1,2980,1525,404.58164318,-4.811077286799748,0.7227294921875,0.36224356293678284,26.905118062098822,0.2,0.9416642189025879,0.0003,-0.025546169501224843,9.290328025817871,0.22828786,15240
6289,18751488,496.74,2981,1526,393.76369505,-4.789428701003392,0.7358317057291667,0.3620830774307251,28.045568229754767,0.2,0.9366551637649536,0.0003,-0.022255069460758628,6.808492183685303,0.25588456,15250
6291,18763776,507.91,2982,1527,411.66435031000003,-4.800056492288907,0.7703450520833334,0.3620361387729645,24.410105967521666,0.2,0.9472390413284302,0.0003,-0.006432517715923799,8.50900650024414,0.2554068,15260
6292,18776064,532.99,2983,1528,434.15862903,-4.798895074923833,0.7624918619791666,0.36199137568473816,19.217468151450156,0.2,0.9480219483375549,0.0003,-0.008478397147943422,5.432804584503174,0.2793506,15270
6294,18788352,520.39,2984,1529,425.8963034800001,-4.813615572452545,0.774658203125,0.3631744384765625,20.98436056772868,0.2,0.9450661540031433,0.0003,0.008156180560278396,5.635372161865234,0.265066,15280
6296,18800640,522.65,2986,1530,437.38502746,-4.808268410960833,0.7122314453125,0.3619246184825897,21.97060172955195,0.2,0.9427785277366638,0.0003,-0.022706086837570184,7.7299675941467285,0.20138408,15290
6297,18812928,536.07,2987,1531,448.93922289999995,-4.775152681271235,0.6838785807291666,0.3608967363834381,34.00613170862198,0.2,0.9216605424880981,0.0003,-0.030886252458246114,10.647666931152344,0.19743937,15300
6299,18825216,496.51,2988,1532,404.85124092000007,-4.768636137247086,0.7562255859375,0.36087942123413086,18.664504940311115,0.2,0.9361009001731873,0.0003,-0.019341227396701775,6.430334091186523,0.26114354,15310
6301,18837504,482.68,2989,1533,394.98956779,-4.760134136676788,0.7441080729166667,0.3605472147464752,26.743114890654883,0.2,0.9456336498260498,0.0003,-0.01362132077338174,4.608772277832031,0.24060787,15320
6303,18849792,482.5,2990,1534,398.29951700999993,-4.7475775728623075,0.6864827473958334,0.36015868186950684,36.934571439027785,0.2,0.9378176927566528,0.0003,-0.03308497177677054,19.004270553588867,0.17151149,15330
6304,18862080,468.05,2991,1535,385.94339956,-4.718729948997497,0.7315673828125,0.35925817489624023,32.270471052328745,0.2,0.9227739572525024,0.0003,-0.021049073007695065,11.11792278289795,0.2825506,15340
6306,18874368,476.76,2992,1536,397.62673268,-4.702803255120913,0.7792805989583333,0.3592802584171295,17.56075457731883,0.2,0.9551040530204773,0.0003,-0.0077070908601551006,5.604724884033203,0.32835856,15350
6308,18886656,448.15,2994,1537,366.00516064999994,-4.710522403319676,0.7333902994791667,0.35912084579467773,27.25501681168874,0.2,0.9372967481613159,0.0003,-0.009568931074075712,13.124656677246094,0.1989413,15360
6309,18898944,474.8,2995,1538,381.30967071,-4.683717489242554,0.6870279947916667,0.35843920707702637,34.86857586105665,0.2,0.9384640455245972,0.0003,-0.03028941254791183,11.67824935913086,0.17612857,15370
6311,18911232,449.75,2996,1539,367.5838870000001,-4.728188662727674,0.8065348307291667,0.3602581024169922,20.44445042113463,0.2,0.946864902973175,0.0003,0.011813464542016542,9.38668155670166,0.35671747,15380
6313,18923520,485.22,2997,1540,402.07998884,-4.731679565707842,0.7121419270833333,0.36008474230766296,29.89127134680748,0.2,0.93726646900177,0.0003,-0.02790051208770213,5.805078029632568,0.24579471,15390
6314,18935808,503.61,2998,1541,412.09908857000005,-4.717390515406927,0.7178304036458333,0.3593997657299042,34.585833915074666,0.2,0.9108150005340576,0.0003,-0.021578340556394928,13.75240421295166,0.20686924,15400
6316,18948096,496.66,2999,1542,412.56476086999993,-4.698070509235064,0.7444010416666667,0.3587576150894165,24.389196528991064,0.2,0.9184888601303101,0.0003,-0.017829256839468142,10.431553840637207,1.9627186,15410
6318,18960384,508.1,3000,1543,422.11296088,-4.665151866277059,0.7091796875,0.3579328954219818,33.86014683643977,0.2,0.9265018105506897,0.0003,-0.025396238556519773,20.003087997436523,0.18627174,15420
6319,18972672,470.48,3002,1544,390.50782657,-4.681095969676972,0.7353597005208333,0.35855209827423096,35.82122364640236,0.2,0.9179434180259705,0.0003,-0.021747955873433967,7.668031215667725,0.24132888,15430
6321,18984960,438.35,3003,1545,371.2689539499999,-4.659211992224058,0.7476806640625,0.35747775435447693,26.591769297917683,0.2,0.9454447627067566,0.0003,-0.019837660270665462,6.256707668304443,0.26406044,15440
6323,18997248,421.15,3004,1546,342.28400325000007,-4.611950918038686,0.7224690755208333,0.35591116547584534,36.29030629793803,0.2,0.9195452928543091,0.0003,-0.024651782222402593,17.116249084472656,0.19148618,15450
6325,19009536,416.03,3005,1547,335.8590904,-4.628630798061689,0.8104573567708333,0.357487291097641,26.59566483894984,0.2,0.9311861991882324,0.0003,0.02425400256955375,14.473824501037598,0.3486109,15460
6326,19021824,419.18,3006,1548,320.77552842,-4.640414771437645,0.7598063151041666,0.357173353433609,21.344920668999354,0.2,0.9199362993240356,0.0003,-0.01328175661425727,6.277534484863281,0.295773,15470
6328,19034112,450.18,3007,1549,358.0032448799999,-4.664523826042811,0.7627360026041666,0.357953816652298,27.780348799626033,0.2,0.9439709186553955,0.0003,-0.006083293393991577,5.70920467376709,0.25178397,15480
6330,19046400,444.84,3008,1550,359.9613505400001,-4.642250574628512,0.7217041015625,0.3568776845932007,31.102569433053336,0.2,0.9291517734527588,0.0003,-0.02147040988347726,13.296892166137695,0.3168186,15490
6331,19058688,404.35,3009,1551,333.41339473,-4.595403930544853,0.6854899088541667,0.3555412292480469,35.60375649730364,0.2,0.9287499189376831,0.0003,-0.03447102405480109,16.79884147644043,0.1723267,15500
6333,19070976,421.75,3011,1552,345.28589867999995,-4.581733639041583,0.6991455078125,0.35535740852355957,35.73845214446386,0.2,0.9210213422775269,0.0003,-0.03392860666887524,12.264260292053223,0.19789493,15510
6335,19083264,419.55,3012,1553,343.23500182,-4.628751635551453,0.8071533203125,0.3565988540649414,30.88783789277077,0.2,0.9069713354110718,0.0003,0.011712162750579106,5.1995954513549805,0.38085946,15520
6336,19095552,467.28,3013,1554,391.42548947999995,-4.664860318104426,0.8221761067708333,0.35898879170417786,23.929499773184457,0.2,0.9410207867622375,0.0003,0.0427530881279381,9.101184844970703,0.33583474,15530
6338,19107840,474.35,3014,1555,394.68768737999994,-4.720010703802108,0.76171875,0.359540194272995,28.562849742174148,0.2,0.9287707805633545,0.0003,-0.009312320205693444,10.384292602539062,0.25235924,15540
6340,19120128,481.14,3015,1556,398.1873391200001,-4.749135238925616,0.7549967447916667,0.3606126308441162,30.03385910987854,0.2,0.9381440281867981,0.0003,-0.00879033302286795,15.441386222839355,0.232979,15550
6342,19132416,473.69,3016,1557,391.0785915499999,-4.803779546419779,0.8447916666666667,0.36271652579307556,22.826066638032597,0.2,0.9377513527870178,0.0003,0.04538171725192418,7.352714538574219,0.43487957,15560
6343,19144704,491.06,3017,1558,404.51749021,-4.812223213911056,0.7036295572916667,0.3622695207595825,19.386507139603296,0.2,0.9503266215324402,0.0003,-0.03458850179061604,9.509705543518066,0.22835614,15570
6345,19156992,507.8,3019,1559,413.69471678,-4.798906409740448,0.7152587890625,0.3621401786804199,23.471210358540215,0.2,0.9396498203277588,0.0003,-0.025641290646550866,9.795516014099121,0.22290067,15580
6347,19169280,519.26,3020,1560,429.89516673,-4.757642409205436,0.7195231119791666,0.35996779799461365,25.27980440656344,0.2,0.9491979479789734,0.0003,-0.02684023495676229,13.92824649810791,0.23742914,15590
6348,19181568,538.81,3021,1561,451.16256182999996,-4.7286593874295555,0.7558919270833333,0.3595387637615204,24.356166034936905,0.2,0.9403387308120728,0.0003,-0.014877581422721657,6.948055744171143,0.27109882,15600
6350,19193856,522.54,3022,1562,425.82425850999994,-4.720746665199598,0.7506591796875,0.3593701124191284,18.143331333001456,0.2,0.9488915205001831,0.0003,-0.014440605897107162,10.483251571655273,0.2544917,15610
6352,19206144,529.06,3023,1563,442.55361931,-4.722736550370852,0.7789632161458333,0.35991421341896057,29.45616451303164,0.2,0.932952344417572,0.0003,0.009462361274442325,10.74364185333252,0.25955167,15620
6353,19218432,497.18,3024,1564,402.20054990999995,-4.716130486130714,0.7062906901041667,0.3591701090335846,24.662690391143162,0.2,0.9335729479789734,0.0003,-0.02881756311301918,14.058942794799805,0.21509612,15630
6355,19230720,472.1,3025,1565,379.87505647000006,-4.703152593970299,0.694287109375,0.3587742745876312,38.022262459993364,0.2,0.9175956845283508,0.0003,-0.026444630107531945,16.03105354309082,0.1463956,15640
6357,19243008,495.57,3026,1566,412.4820463000001,-4.725267958641052,0.8144694010416667,0.3600498139858246,24.063511507709823,0.2,0.9459516406059265,0.0003,0.02285329922839689,12.587621688842773,0.34516397,15650
6359,19255296,485.27,3028,1567,402.73921978,-4.715970640381177,0.6685791015625,0.3590109348297119,29.010833007097244,0.2,0.920969545841217,0.0003,-0.035528787001385356,9.058533668518066,0.18363298,15660
6360,19267584,527.27,3029,1568,441.3945418100001,-4.719466827313105,0.7589599609375,0.3592081367969513,27.44238301316897,0.2,0.9430968761444092,0.0003,-0.010408389695415583,15.40216064453125,0.27876428,15670
6362,19279872,542.87,3030,1569,458.45735272999997,-4.766208655635515,0.8888427734375,0.3631971776485443,25.048391886552174,0.2,0.9383212327957153,0.0003,0.11167782549067246,10.285908699035645,0.86965007,15680
6364,19292160,539.89,3031,1570,437.90882825999995,-4.816964147488276,0.7399088541666666,0.3618997037410736,21.309942775964736,0.2,0.9368535280227661,0.0003,-0.020321446028538047,7.52209997177124,0.2569884,15690
6365,19304448,534.96,3032,1571,426.25447176,-4.815975168347359,0.7607503255208333,0.3623625934123993,23.227874753872552,0.2,0.9332879781723022,0.0003,-0.00928913376313479,6.671169281005859,0.23605649,15700
6367,19316736,502.0,3033,1572,397.64563493,-4.844922350843747,0.9072916666666667,0.36608949303627014,24.742718375722568,0.2,0.9309371113777161,0.0003,0.1241249004563239,8.838805198669434,0.7412291,15710
6369,19329024,512.92,3034,1573,402.35798155,-4.902640285094579,0.6411783854166667,0.3647192418575287,30.253299742937088,0.2,0.9232959747314453,0.0003,-0.04328429115994368,7.125877380371094,0.13613604,15720
6371,19341312,490.55,3035,1574,394.7145980700001,-4.908256389697393,0.7200032552083333,0.36493977904319763,20.734902330239613,0.2,0.9282965660095215,0.0003,-0.026925058432486063,11.78548526763916,0.22530258,15730
6372,19353600,481.64,3036,1575,387.4518498500001,-4.896813174088796,0.6969807942708334,0.3647861182689667,25.741292730967203,0.2,0.9222766757011414,0.0003,-0.03324109874471712,12.055270195007324,0.19898611,15740
6374,19365888,494.04,3037,1576,394.94920006,-4.889514250556628,0.6754638671875,0.3646620810031891,35.45602232416471,0.2,0.9102776646614075,0.0003,-0.034255824624172725,13.344548225402832,0.18810928,15750
6376,19378176,480.07,3038,1577,390.598447,-4.867753600080808,0.7198893229166666,0.3636392056941986,19.81336287955443,0.2,0.9352679252624512,0.0003,-0.02726946845650673,6.731179237365723,0.27272046,15760
6378,19390464,466.61,3040,1578,381.4466861100001,-4.8502888679504395,0.6737955729166667,0.36298415064811707,36.91805948615074,0.2,0.9310653805732727,0.0003,-0.03895915552760319,13.244382858276367,0.16817397,15770
6379,19402752,466.27,3041,1579,374.84781689000005,-4.91421432197094,0.8493326822916667,0.36613908410072327,25.730106508731843,0.2,0.9381051659584045,0.0003,0.058304903867732114,7.290783882141113,0.4615749,15780
6381,19415040,460.7,3042,1580,369.6882893700001,-4.925878752271334,0.6933837890625,0.36527252197265625,23.62928569316864,0.2,0.9319587349891663,0.0003,-0.039862704860085314,6.60089635848999,0.21017182,15790
6383,19427328,476.45,3043,1581,374.63083545000006,-4.96459858516852,0.8266276041666667,0.36700546741485596,22.252262220780054,0.2,0.9266626834869385,0.0003,0.024671192834891068,8.104279518127441,0.3302083,15800
6385,19439616,459.66,3044,1582,363.73913871,-4.970996489127477,0.7318766276041667,0.36659225821495056,27.360915182034173,0.2,0.9418832063674927,0.0003,-0.01657512186211534,13.29662036895752,0.2300877,15810
6386,19451904,464.11,3045,1583,359.19754156000005,-4.9563873161872225,0.7215901692708333,0.36628174781799316,26.26629972656568,0.2,0.9428185820579529,0.0003,-0.022079999742951866,11.105644226074219,0.19519828,15820
6388,19464192,458.7,3046,1584,362.88003811999994,-4.9472120354572935,0.7673095703125,0.3659144937992096,21.057809589306512,0.2,0.9443801641464233,0.0003,-0.009538953676625776,11.003567695617676,0.2697793,15830
6390,19476480,468.01,3047,1585,364.0536845100001,-4.91157688498497,0.6968668619791667,0.3650895655155182,34.59958106478055,0.2,0.9237626791000366,0.0003,-0.026187684607187598,10.558947563171387,0.21624745,15840
6391,19488768,459.61,3049,1586,361.12683742,-4.883958539366722,0.7082600911458333,0.3640495240688324,26.86169007817904,0.2,0.9298884272575378,0.0003,-0.032500369449068485,11.866985321044922,0.22166352,15850
6393,19501056,481.91,3050,1587,379.47961609,-4.819609953959783,0.7204264322916667,0.3619329035282135,24.930999010801315,0.2,0.9314514398574829,0.0003,-0.02917170832370175,6.9617180824279785,0.21198417,15860
6395,19513344,467.5,3051,1588,365.57480340999996,-4.815283380945524,0.7861490885416667,0.3630087375640869,27.357651968797047,0.2,0.9226102232933044,0.0003,-0.00376886189430176,17.73714256286621,0.45533833,15870
6396,19525632,462.98,3052,1589,360.61794914,-4.8165273606777195,0.7385579427083333,0.3626538813114166,22.02961094180743,0.2,0.9367229342460632,0.0003,-0.023238104444074755,9.168036460876465,0.23222989,15880
6398,19537920,493.2,3053,1590,385.40635715,-4.83328963915507,0.7819254557291667,0.3632926046848297,22.319276533524196,0.2,0.9435101747512817,0.0003,-0.005466550031754499,4.8201069831848145,0.2930855,15890
6400,19550208,496.8,3054,1591,390.273106,-4.875784361362458,0.851806640625,0.36556723713874817,25.728862377007804,0.2,0.9315403699874878,0.0003,0.06034251059560726,5.146782875061035,0.4070338,15900
6402,19562496,521.96,3055,1592,403.34758134999987,-4.88353954454263,0.6628011067708334,0.36426863074302673,27.476269300778707,0.2,0.9293337464332581,0.0003,-0.0397222191648325,8.01551628112793,0.2322111,15910
6403,19574784,535.46,3056,1593,422.49204721999996,-4.844667174418768,0.7116292317708334,0.36358559131622314,26.621028437217078,0.2,0.9260275363922119,0.0003,-0.027918429953570013,6.150637626647949,0.21145087,15920
6405,19587072,535.93,3057,1594,419.88156035,-4.841091742118199,0.738671875,0.36331358551979065,30.30793433189392,0.2,0.928452730178833,0.0003,-0.01865880296099931,17.666913986206055,0.21719877,15930
6407,19599360,545.51,3058,1595,419.23932570000005,-4.911280635992686,0.8652099609375,0.36687251925468445,21.490198413530987,0.2,0.9402945637702942,0.0003,0.06070762688468676,7.1444315910339355,0.45387682,15940
6408,19611648,560.07,3060,1596,444.26937611,-4.973328858613968,0.7819417317708334,0.36760643124580383,21.93729753692945,0.2,0.9472730159759521,0.0003,0.0016137035907983468,8.353011131286621,0.28872684,15950
6410,19623936,534.31,3061,1597,422.07038131999997,-4.977330273389816,0.753125,0.36740222573280334,24.173303948839507,0.2,0.9279418587684631,0.0003,-0.010768359895640364,8.650288581848145,0.2666915,15960
6412,19636224,523.66,3062,1598,413.60932433999994,-4.978172911206881,0.7326822916666667,0.3670174777507782,28.848264131943385,0.2,0.9066510796546936,0.0003,-0.01626245413402406,12.724967002868652,0.19231856,15970
6414,19648512,534.66,3063,1599,437.41855791,-4.979430383443832,0.7467854817708334,0.3676624298095703,25.661893609166146,0.2,0.9282701015472412,0.0003,-0.01966147743029675,13.524359703063965,0.25293446,15980
6415,19660800,538.15,3064,1600,441.13046451,-4.969339368740718,0.7335611979166666,0.36714234948158264,21.50459066728751,0.2,0.9364354610443115,0.0003,-0.024584746092053442,3.3090879917144775,0.2502585,15990
6417,19673088,528.33,3065,1601,419.60302852000007,-4.927743019660314,0.6854085286458333,0.3657108247280121,27.762096047401428,0.2,0.9255785942077637,0.0003,-0.03558794419708041,17.579299926757812,0.19174232,16000
6419,19685376,543.63,3066,1602,434.9399338400001,-4.910349734624227,0.7487711588541667,0.3654804229736328,23.443835001190504,0.2,0.9282954335212708,0.0003,-0.015485510809230617,9.700163841247559,0.25395682,16010
6420,19697664,562.98,3067,1603,444.54360267000004,-4.900287562608719,0.7458089192708334,0.36479201912879944,25.804097963372865,0.2,0.925042986869812,0.0003,-0.01906733377109049,6.784509181976318,0.25322613,16020
6422,19709952,561.5,3068,1604,441.79301984,-4.936702555418014,0.8399251302083334,0.36729201674461365,17.779553230603536,0.2,0.9403226971626282,0.0003,0.02603410408337368,8.057731628417969,0.47413197,16030
6424,19722240,575.17,3070,1605,442.82170573999997,-4.961451628804207,0.7484537760416666,0.3667418956756592,20.351719798644385,0.2,0.9326950907707214,0.0003,-0.017199344709661092,14.417112350463867,0.28211078,16040
6425,19734528,576.37,3071,1606,447.94545289000007,-4.937696329752604,0.7202718098958333,0.36582353711128235,23.283175293604533,0.2,0.9337010383605957,0.0003,-0.020897836690225328,5.261017322540283,0.19062044,16050
6427,19746816,569.6,3072,1607,449.69781222999995,-4.8981139153242115,0.697998046875,0.3650304973125458,24.98064775764942,0.2,0.9273102879524231,0.0003,-0.028880552069070593,15.910853385925293,0.20638151,16060
6429,19759104,554.02,3073,1608,430.64720822999993,-4.89892202715079,0.7744547526041666,0.36508241295814514,23.62295979956786,0.2,0.9312175512313843,0.0003,-0.010266956283400457,6.900120735168457,0.28309003,16070
6430,19771392,575.72,3074,1609,460.48843918,-4.899195623397827,0.7695068359375,0.3654140532016754,20.789480233192442,0.2,0.9365221858024597,0.0003,-0.0168832087549769,10.614214897155762,0.3485926,16080
6432,19783680,585.78,3075,1610,474.90822375999994,-4.889415595928828,0.6925374348958333,0.3647838532924652,23.57612901031971,0.2,0.9395856261253357,0.0003,-0.0362374731436527,4.6681389808654785,0.19133462,16090
6434,19795968,583.36,3076,1611,475.2100978200001,-4.914915807048479,0.79267578125,0.36596009135246277,18.16580332716306,0.2,0.9399507641792297,0.0003,0.009776069387347283,8.798418045043945,0.2837651,16100
6436,19808256,595.81,3077,1612,476.4495435,-4.907810395956039,0.7123209635416666,0.3650561273097992,22.921054555972418,0.2,0.9233865141868591,0.0003,-0.02400473514086722,7.895941257476807,0.20197654,16110
6437,19820544,587.01,3078,1613,470.2439904,-4.918251482645671,0.81953125,0.3673013746738434,17.986477216084797,0.2,0.9335463047027588,0.0003,0.023190297922701573,4.943862438201904,0.43945995,16120
6439,19832832,584.56,3079,1614,446.45714190000007,-4.9660934686660765,0.7358805338541666,0.36743149161338806,28.133924346168836,0.2,0.9284493327140808,0.0003,-0.015127286368321316,4.404128074645996,0.20425533,16130
6441,19845120,584.44,3081,1615,447.42096379999987,-4.948752003908157,0.72060546875,0.366544634103775,19.43511132001877,0.2,0.9281800389289856,0.0003,-0.027097473230727094,6.28318452835083,0.2228157,16140
6442,19857408,585.91,3082,1616,448.60164173,-4.9279657433430355,0.7320882161458333,0.3657780587673187,20.945486802856127,0.2,0.9132083654403687,0.0003,-0.02231996921279157,12.293164253234863,0.31073272,16150
6444,19869696,568.64,3083,1617,441.99711840000003,-4.908850600322087,0.7139078776041666,0.3650687634944916,26.47999498844147,0.2,0.9262290000915527,0.0003,-0.026648803910939024,11.142535209655762,0.19331677,16160
6446,19881984,577.36,3084,1618,457.38134972000006,-4.863696331779162,0.6947672526041667,0.3641963005065918,30.67203599214554,0.2,0.9081458449363708,0.0003,-0.03227288975176634,8.767189979553223,0.2042443,16170
6447,19894272,521.26,3085,1619,406.29574081999993,-4.86013223528862,0.6905924479166666,0.36380961537361145,35.66745985746384,0.2,0.9157050251960754,0.0003,-0.029171447673191627,14.852073669433594,0.21139699,16180
6449,19906560,507.24,3086,1620,386.56094004,-4.90022345483303,0.8181640625,0.36505892872810364,32.24239527980487,0.2,0.9280710220336914,0.0003,0.03349506524925042,22.120189666748047,0.314242,16190
6451,19918848,524.94,3087,1621,401.33471927000005,-4.9135266164938605,0.7679443359375,0.3658790588378906,18.517983865737914,0.2,0.9382725358009338,0.0003,-0.015661430564068723,5.482515335083008,0.31924248,16200
6452,19931136,505.06,3088,1622,386.31908925999994,-4.896068548162778,0.7007161458333333,0.3648676872253418,30.8423368871212,0.2,0.917214572429657,0.0003,-0.027948058713809586,6.9569830894470215,0.2231073,16210
6454,19943424,523.93,3089,1623,402.02524481999995,-4.880730997522672,0.73017578125,0.3644183576107025,25.443897596995036,0.2,0.9460136890411377,0.0003,-0.02290515521308407,4.955387115478516,0.2564425,16220
6456,19955712,549.91,3090,1624,431.4940352,-4.861496063073476,0.7235677083333333,0.3638260066509247,23.624421137571336,0.2,0.9482042789459229,0.0003,-0.026641782069539963,5.113458156585693,0.23182356,16230
6457,19968000,540.24,3092,1625,424.61896191000017,-4.881480075915655,0.7540852864583333,0.36453643441200256,24.367488052447637,0.2,0.9354086518287659,0.0003,-0.016311240187496877,6.003987789154053,0.26924416,16240
6459,19980288,557.36,3093,1626,451.48803644,-4.883323653539022,0.778759765625,0.3638145923614502,18.957981852690377,0.2,0.9436626434326172,0.0003,-0.012069267804812019,5.818484783172607,0.31603944,16250
6461,19992576,553.05,3094,1627,439.26879098999996,-4.863902077078819,0.71748046875,0.3640829026699066,23.67846760948499,0.2,0.9411733746528625,0.0003,-0.026808824294615383,10.117053985595703,0.22334039,16260
6462,20004864,536.96,3095,1628,429.01501604000003,-4.8173455933729805,0.7000813802083333,0.3619162142276764,24.79612199664116,0.2,0.9389271140098572,0.0003,-0.03219743957403504,7.083402156829834,0.22165139,16270
