time/iterations,time/total_timesteps,time/time_elapsed,rollout/ep_rew_mean,rollout/ep_len_mean,time/fps,train/policy_gradient_loss,train/explained_variance,train/learning_rate,train/loss,train/clip_fraction,train/n_updates,train/std,train/approx_kl,train/entropy_loss,train/value_loss,train/clip_range
1,12288,1,-4.84344972,61.53,12030,,,,,,,,,,,
2,24576,2,-4.004690300000001,63.21,8944,-0.020388701974540405,-0.03135645389556885,0.0003,2.3304476737976074,0.19568684895833333,10,0.9944736957550049,0.016138265,-16.976573995749156,5.338099384307862,0.2
3,36864,4,-3.4304194099999994,60.49,8299,-0.025659233956442526,0.047738730907440186,0.0003,2.9126393795013428,0.21023763020833333,20,0.9881299138069153,0.016822051,-16.901284285386403,5.454971141616503,0.2
4,49152,6,-3.5760137099999993,61.85,8004,-0.026100394389262267,0.11929702758789062,0.0003,2.359776735305786,0.2147705078125,30,0.9812166690826416,0.016584357,-16.82198849519094,4.586786778271199,0.2
5,61440,7,-2.23049986,63.0,7777,-0.028261189799619994,0.18838024139404297,0.0003,2.150233268737793,0.24520670572916667,40,0.9735344052314758,0.020368336,-16.730020554860435,4.692654746770859,0.2
6,73728,9,-1.2509157199999996,62.32,7677,-0.02833109425797981,0.292370080947876,0.0003,2.1790761947631836,0.24943033854166666,50,0.9672794342041016,0.019187601,-16.645900853474934,4.575160463651021,0.2
7,86016,11,-0.58146635,63.55,7618,-0.03088976305783338,0.3274320960044861,0.0003,1.665851354598999,0.26800944010416666,60,0.959788978099823,0.022430459,-16.54652307033539,4.292147401968638,0.2
8,98304,13,0.12511072999999995,64.6,7537,-0.03330296505203781,0.26651304960250854,0.0003,1.9967018365859985,0.29130859375,70,0.9525287747383118,0.022726392,-16.46312485933304,4.407000483075778,0.2
9,110592,14,2.7744789100000005,61.44,7500,-0.03220621190557722,0.33064621686935425,0.0003,1.951701045036316,0.28871256510416665,80,0.9455384612083435,0.024457395,-16.370943240324657,4.102750457326571,0.2
10,122880,16,3.3855269700000004,61.79,7479,-0.033520752497618864,0.4221145510673523,0.0003,1.4025827646255493,0.303857421875,90,0.9386915564537048,0.025657875,-16.278088931242625,3.5072148313124973,0.2
11,135168,18,4.09840415,62.98,7458,-0.03461928149141992,0.47612565755844116,0.0003,1.228247046470642,0.3206298828125,100,0.9283726215362549,0.026827365,-16.16044147014618,3.224573070804278,0.2
12,147456,19,4.69360148,61.49,7436,-0.036986393732756064,0.5571949481964111,0.0003,1.373288631439209,0.3184000651041667,110,0.9189074635505676,0.027800014,-16.029648858308793,3.2185293664534886,0.2
13,159744,21,5.798896220000001,62.28,7427,-0.035213448610253786,0.6370069980621338,0.0003,1.2255902290344238,0.32859700520833335,120,0.9099909663200378,0.02944587,-15.910322227080663,3.0087422668933868,0.2
14,172032,23,7.77516069,61.22,7414,-0.035789597093874664,0.641985297203064,0.0003,1.1356210708618164,0.3454508463541667,130,0.9033753275871277,0.029423408,-15.80598129828771,2.771513578295708,0.2
15,184320,24,7.6445430199999995,61.91,7407,-0.03806926264757446,0.7054320573806763,0.0003,1.0994106531143188,0.34601236979166666,140,0.8957543969154358,0.0312563,-15.709112960100175,2.7407779835164545,0.2
16,196608,26,8.868908480000002,62.56,7403,-0.03791565395561823,0.718762993812561,0.0003,1.3327507972717285,0.3458170572916667,150,0.8881112933158875,0.030749207,-15.608188382784526,2.904970394571622,0.2
17,208896,28,9.85754575,62.12,7400,-0.03936867444378246,0.7977491617202759,0.0003,0.9106459617614746,0.37112630208333336,160,0.8787312507629395,0.03559583,-15.476317507028579,2.3832212055722874,0.2
18,221184,29,9.2536838,62.52,7398,-0.03928495160653256,0.7977477312088013,0.0003,1.0594216585159302,0.36455891927083334,170,0.8703258633613586,0.03332376,-15.356354788939159,2.669431290527185,0.2
19,233472,31,11.063679400000002,62.63,7398,-0.040478427783333853,0.8092287182807922,0.0003,1.467268705368042,0.3755126953125,180,0.8637436032295227,0.035297703,-15.253174438079197,2.5823162719607353,0.2
20,245760,33,12.766801800000001,65.84,7396,-0.038807754024552804,0.8359604477882385,0.0003,1.1137974262237549,0.38434244791666666,190,0.8544242978096008,0.03584073,-15.12951073050499,2.505026851097743,0.2
21,258048,34,13.02902366,63.46,7393,-0.040969558157181986,0.8546936511993408,0.0003,1.0799850225448608,0.3732177734375,200,0.8443241119384766,0.03734177,-14.979249439636867,2.4928583838045597,0.2
22,270336,36,14.46519947,62.93,7393,-0.0405077838950092,0.852651834487915,0.0003,1.4916002750396729,0.3783447265625,210,0.8368068337440491,0.034942742,-14.86290482878685,2.730145459373792,0.2
23,282624,38,14.16131453,64.11,7375,-0.040998359996592626,0.8787743449211121,0.0003,0.8492615222930908,0.40283203125,220,0.8285412788391113,0.037336838,-14.73515076637268,2.274223904808362,0.2
24,294912,39,15.820378069999999,62.24,7375,-0.042077691120600016,0.8753102421760559,0.0003,1.0213147401809692,0.40611165364583335,230,0.8206179738044739,0.038996797,-14.609481594959895,2.4294392615556717,0.2
25,307200,41,16.240434890000003,64.19,7377,-0.0406971057576205,0.8873310089111328,0.0003,1.0162211656570435,0.4185709635416667,240,0.8120319843292236,0.04189359,-14.484055709838866,2.4315442057947316,0.2
26,319488,43,19.74680778,65.97,7380,-0.0431421719850429,0.8865494728088379,0.0003,1.0991405248641968,0.40741373697916666,250,0.8036906123161316,0.041409746,-14.352988638480504,2.6042803602914018,0.2
27,331776,44,18.834502370000003,64.81,7383,-0.041250027579371816,0.9041463136672974,0.0003,1.141647219657898,0.4119384765625,260,0.7969660758972168,0.041556362,-14.242894242207209,2.656010501086712,0.2
28,344064,46,19.681384700000002,67.8,7386,-0.042868960806905915,0.9062088131904602,0.0003,1.2176852226257324,0.4103922526041667,270,0.7882635593414307,0.040477674,-14.10600166519483,2.6585539502402145,0.2
29,356352,48,20.79416103,67.73,7388,-0.044770882654120214,0.9112987518310547,0.0003,1.253071904182434,0.421142578125,280,0.7832146286964417,0.042842794,-14.011397914091747,2.680370303491751,0.2
30,368640,49,20.90216723,65.41,7390,-0.04413468698427702,0.9119024872779846,0.0003,1.0626232624053955,0.4102783203125,290,0.7761725783348083,0.041766044,-13.90336410800616,3.014219379425049,0.2
31,380928,51,23.01635669,69.26,7391,-0.04340161650713223,0.9212730526924133,0.0003,0.9712333083152771,0.4329833984375,300,0.7698219418525696,0.044990618,-13.790919373432795,2.641812844077746,0.2
32,393216,53,24.5092346,69.16,7389,-0.04449070298336058,0.9253538846969604,0.0003,1.1023608446121216,0.4317138671875,310,0.7611600756645203,0.04543234,-13.658656752109527,2.870668314148982,0.2
33,405504,54,25.95468826,68.74,7391,-0.04378738747812652,0.923837423324585,0.0003,1.3464460372924805,0.41880696614583335,320,0.7537333965301514,0.043220613,-13.527181835969289,3.4084708298246067,0.2
34,417792,56,26.472675090000003,70.92,7393,-0.04299641977898621,0.9343544244766235,0.0003,1.2384307384490967,0.4322428385416667,330,0.7453667521476746,0.044503387,-13.399813824892044,3.140450137356917,0.2
35,430080,58,28.624454569999997,71.15,7395,-0.04367729701916687,0.9309883713722229,0.0003,1.0077791213989258,0.44775390625,340,0.7386398911476135,0.04821233,-13.283624126513798,3.0174795503417653,0.2
36,442368,59,28.378193989999996,69.92,7396,-0.04386111338390038,0.9412456750869751,0.0003,1.3176240921020508,0.4447428385416667,350,0.7311903834342957,0.04823644,-13.14658168554306,3.1425166338682176,0.2
37,454656,61,29.915381129999997,70.55,7398,-0.041539758819756877,0.9394738078117371,0.0003,1.6178725957870483,0.4472900390625,360,0.7227516174316406,0.047486395,-13.011529167493185,3.357347032427788,0.2
38,466944,63,32.896822300000004,72.84,7393,-0.04352855528801835,0.9445888996124268,0.0003,1.2972458600997925,0.455322265625,370,0.7143576741218567,0.04914866,-12.865906637907027,3.217038079102834,0.2
39,479232,64,31.238873709999996,70.64,7393,-0.04368272679469858,0.9432100653648376,0.0003,1.4983583688735962,0.4507568359375,380,0.7075913548469543,0.048384294,-12.736904654900233,3.9376436129212378,0.2
40,491520,66,36.756041630000006,75.5,7394,-0.04302542282433327,0.9455613493919373,0.0003,1.6969822645187378,0.42596028645833334,390,0.7019874453544617,0.045829535,-12.62807474931081,4.2047652741273245,0.2
41,503808,68,34.708064189999995,72.35,7395,-0.0406946291923911,0.9478991627693176,0.0003,1.6257060766220093,0.45675455729166664,400,0.696861207485199,0.053942513,-12.537450045347214,3.8222677568594614,0.2
42,516096,69,36.16653459,70.46,7387,-0.04114926074495694,0.9530503153800964,0.0003,1.3819234371185303,0.49615885416666666,410,0.689791202545166,0.060322534,-12.410196558634441,3.2275453584889573,0.2
43,528384,71,38.200558879999996,74.0,7388,-0.041583050302385044,0.9560708403587341,0.0003,1.3479654788970947,0.481396484375,420,0.6838300824165344,0.05554551,-12.300619826714199,3.3624512985348702,0.2
44,540672,73,41.38959384,76.82,7390,-0.042414073482116996,0.9579276442527771,0.0003,1.6320276260375977,0.47190755208333335,430,0.6786277890205383,0.055297267,-12.19004322687785,3.657926124831041,0.2
45,552960,74,39.36669193,71.71,7392,-0.04238286029625063,0.9538726806640625,0.0003,2.096722364425659,0.4351399739583333,440,0.6717492938041687,0.046742875,-12.076689153909683,4.82034984578689,0.2
46,565248,76,39.69059119999999,73.73,7394,-0.04009215050803808,0.962601363658905,0.0003,1.7412636280059814,0.5149495442708333,450,0.6646851897239685,0.064814575,-11.941386892398198,3.356466323385636,0.2
47,577536,78,40.34889304,72.75,7396,-0.03987011472005785,0.9586849212646484,0.0003,2.1366429328918457,0.458349609375,460,0.6602297425270081,0.049800593,-11.848345476388932,4.455304961899916,0.2
48,589824,79,41.54233288,74.23,7397,-0.04166587917134166,0.9586417078971863,0.0003,1.8009042739868164,0.4623616536458333,470,0.6541538238525391,0.054720294,-11.740578200419744,4.355697798728943,0.2
49,602112,81,41.744537799999996,72.11,7398,-0.03802445648179855,0.9572303295135498,0.0003,1.6720340251922607,0.46512044270833336,480,0.6491712927818298,0.05331145,-11.633625968297322,4.875180501739184,0.2
50,614400,83,44.718819429999996,78.0,7397,-0.037987674199879015,0.9639654159545898,0.0003,1.5727975368499756,0.5055094401041667,490,0.6455939412117004,0.06538717,-11.556010127067566,3.762882670760155,0.2
51,626688,84,46.390122110000014,77.89,7399,-0.03799274895476022,0.954009473323822,0.0003,2.4943432807922363,0.46709798177083334,500,0.6415743827819824,0.053375002,-11.47921981016795,5.559557783603668,0.2
52,638976,86,45.12486410999999,76.25,7400,-0.0351693760205914,0.9587088823318481,0.0003,2.416276693344116,0.4971923828125,510,0.6368066072463989,0.06055757,-11.377984432379405,4.889239194989204,0.2
53,651264,87,45.510102350000004,76.23,7402,-0.037694084548274984,0.9557850360870361,0.0003,1.9639687538146973,0.49781901041666665,520,0.6330355405807495,0.05910975,-11.293362059195836,5.048002734283606,0.2
54,663552,89,48.60566796999999,79.31,7403,-0.03609872213564813,0.9563543796539307,0.0003,2.2318477630615234,0.5004231770833333,530,0.6292989253997803,0.059622392,-11.232345960537593,5.11028088927269,0.2
55,675840,91,50.01355871999999,78.4,7405,-0.03584530780499336,0.9568151831626892,0.0003,3.3070240020751953,0.49175618489583334,540,0.6250977516174316,0.05596222,-11.152861615022024,6.075174957513809,0.2
56,688128,92,45.130246279999994,74.55,7403,-0.03799176716323321,0.9601364135742188,0.0003,1.7650187015533447,0.5260579427083333,550,0.6209416389465332,0.07033271,-11.05584304134051,4.918448688089848,0.2
57,700416,94,49.683017770000006,77.38,7403,-0.035270726772917746,0.9548973441123962,0.0003,2.1863434314727783,0.5001708984375,560,0.6167440414428711,0.05669436,-10.972362663348516,5.7163191060225165,0.2
58,712704,96,47.31371081,75.99,7404,-0.036101566395761134,0.9646776914596558,0.0003,1.8167377710342407,0.5269612630208333,570,0.612813413143158,0.069891535,-10.890097087621688,4.45957528402408,0.2
59,724992,97,51.92956770999999,80.83,7401,-0.031084196466448097,0.9636237621307373,0.0003,2.153911590576172,0.5533203125,580,0.6085069179534912,0.07121427,-10.801457758744558,4.455274892350038,0.2
60,737280,99,48.73611736000001,76.08,7397,-0.03704317290491114,0.9602405428886414,0.0003,3.0134708881378174,0.5147786458333333,590,0.6058747172355652,0.06822735,-10.740844964981079,5.376942790051301,0.2
61,749568,101,47.095260440000004,75.65,7395,-0.03459346360711303,0.9600130915641785,0.0003,2.7975189685821533,0.5098714192708333,600,0.6023204922676086,0.064661436,-10.659179870287577,5.818320727348327,0.2
62,761856,102,50.779339750000005,76.78,7396,-0.02999805255967658,0.9257138967514038,0.0003,3.176381826400757,0.4855143229166667,610,0.5990036129951477,0.050901536,-10.600616047779718,9.862432563801606,0.2
63,774144,104,50.23086045,75.9,7398,-0.03195239532166549,0.9490271806716919,0.0003,2.6437933444976807,0.5371744791666667,620,0.5967268347740173,0.06836051,-10.545214742422104,7.178727604448795,0.2
64,786432,106,50.80689016,76.87,7400,-0.033902279517496935,0.9683122634887695,0.0003,1.5525915622711182,0.5801106770833333,630,0.5934631824493408,0.089504935,-10.476633763313293,4.2124587451418245,0.2
65,798720,107,53.62907532000001,81.1,7401,-0.03589917270777126,0.9577224254608154,0.0003,2.2979230880737305,0.5249430338541666,640,0.5937449336051941,0.066369586,-10.461941973368328,6.700802083313465,0.2
66,811008,109,52.31581476,80.25,7402,-0.03522599201144961,0.961042046546936,0.0003,2.534512758255005,0.5139241536458333,650,0.5903180241584778,0.06641119,-10.39729941089948,6.027401332557202,0.2
67,823296,111,53.12954097,81.44,7403,-0.034921778353357996,0.9529456496238708,0.0003,3.010889768600464,0.5204752604166667,660,0.5861219763755798,0.06448715,-10.312841514746347,7.368466905752817,0.2
68,835584,112,51.964036690000015,77.3,7397,-0.03637555713842933,0.929729163646698,0.0003,4.342511177062988,0.4707112630208333,670,0.5836169719696045,0.051674318,-10.25785970489184,12.898839442928631,0.2
69,847872,114,54.33628995,84.51,7398,-0.030820582530577668,0.9559911489486694,0.0003,3.0066773891448975,0.5653645833333333,680,0.5806997418403625,0.08296557,-10.190185296535493,6.039259214202563,0.2
70,860160,116,55.89304210999999,81.22,7399,-0.028017161781705605,0.9132365584373474,0.0003,4.444273948669434,0.5013590494791667,690,0.5797498226165771,0.055156317,-10.158427027861277,15.333464456597964,0.2
71,872448,117,51.42773029,76.72,7399,-0.03101936826230182,0.9618624448776245,0.0003,2.745083808898926,0.5785319010416666,700,0.5763176083564758,0.08537231,-10.098564594984055,6.70313195635875,0.2
72,884736,119,54.92394837,81.6,7399,-0.031515063531696794,0.9507443904876709,0.0003,3.280553102493286,0.5638427734375,710,0.5726327300071716,0.07440304,-10.023535092671713,7.745256172617276,0.2
73,897024,121,57.873091139999985,83.85,7400,-0.03590478741292221,0.9586779475212097,0.0003,2.439915180206299,0.5365397135416666,720,0.569105327129364,0.07047274,-9.943564156691233,7.069166895747185,0.2
74,909312,122,54.72982956,80.53,7401,-0.034671168617690755,0.9443535804748535,0.0003,3.945002794265747,0.519873046875,730,0.5674189329147339,0.06736208,-9.904114403327306,9.358902862668037,0.2
75,921600,124,52.260280709999996,77.74,7402,-0.03512771273769128,0.9567497968673706,0.0003,3.2937941551208496,0.5439534505208333,740,0.5644987225532532,0.071323685,-9.845480446020762,7.663057314356168,0.2
76,933888,126,55.51374287999999,83.35,7403,-0.028364512976258992,0.9621005654335022,0.0003,2.6697638034820557,0.5931966145833333,750,0.5610026121139526,0.09251058,-9.778407472372056,5.960621885955334,0.2
77,946176,127,55.150340749999984,83.58,7404,-0.029893599163430432,0.9482792615890503,0.0003,3.3447346687316895,0.5550537109375,760,0.5582171082496643,0.075556815,-9.710378770033518,9.059591024120648,0.2
78,958464,129,52.35207810999999,79.5,7404,-0.034990357463054046,0.9498631954193115,0.0003,2.926668167114258,0.5288492838541666,770,0.5555431246757507,0.065993555,-9.651393751303354,8.270417081316312,0.2
79,970752,131,55.566923960000004,82.02,7403,-0.02940364294045139,0.9503291249275208,0.0003,2.4515888690948486,0.5650309244791667,780,0.5532233119010925,0.08241316,-9.602033066749573,6.467823546131452,0.2
80,983040,132,57.62425241999999,85.17,7404,-0.030419430636781424,0.9480994939804077,0.0003,2.9084436893463135,0.5619710286458334,790,0.5502710342407227,0.08348749,-9.53538388411204,8.436230729023615,0.2
81,995328,134,54.88709883999999,84.43,7404,-0.029626737432166313,0.9432098865509033,0.0003,2.1185429096221924,0.5552327473958333,800,0.5483352541923523,0.07612247,-9.486163689692814,7.931592510143916,0.2
82,1007616,136,59.64065561,89.0,7404,-0.03274226186185843,0.95340895652771,0.0003,3.9791088104248047,0.5487630208333333,810,0.545017659664154,0.07572362,-9.425339945157369,8.214749655127525,0.2
83,1019904,137,58.18849673,86.61,7403,-0.035978210340059984,0.9451397657394409,0.0003,4.891036510467529,0.5147379557291667,820,0.5425049662590027,0.06925247,-9.358771435419719,9.133141935865085,0.2
84,1032192,139,54.807537410000016,83.04,7404,-0.03192490781123827,0.9542277455329895,0.0003,2.9401161670684814,0.5719970703125,830,0.5399280190467834,0.08574883,-9.305162827173868,7.259526300430298,0.2
85,1044480,141,58.10844488,86.48,7405,-0.031232126838100765,0.9447698593139648,0.0003,3.893200159072876,0.5271728515625,840,0.5386139750480652,0.074908495,-9.2647545059522,9.261472179492314,0.2
86,1056768,142,58.48649341,85.97,7406,-0.025628155915183016,0.9411215782165527,0.0003,10.644412994384766,0.5639811197916667,850,0.5363897681236267,0.077159815,-9.216202088197072,11.626897465189298,0.2
87,1069056,144,53.884258759999994,82.93,7406,-0.031742356900455584,0.9453489184379578,0.0003,4.295675754547119,0.5603678385416667,860,0.5349881052970886,0.07936301,-9.164558313290279,10.233171411355336,0.2
88,1081344,145,58.71300170000001,88.25,7406,-0.02888138645212166,0.90623539686203,0.0003,4.964237689971924,0.5301188151041667,870,0.5310537219047546,0.060725886,-9.097564568122229,15.900089717904727,0.2
89,1093632,147,57.89539918,86.99,7407,-0.031470755087502765,0.9067071676254272,0.0003,5.385807037353516,0.5141276041666667,880,0.5299138426780701,0.06353339,-9.050466698408126,17.215308969219524,0.2
90,1105920,149,54.26684523000001,82.76,7408,-0.03060396260698326,0.9263384938240051,0.0003,8.13095760345459,0.5650227864583334,890,0.5284869074821472,0.08463509,-9.016183344523112,14.125060831507048,0.2
91,1118208,150,58.66322698000001,91.32,7408,-0.028330613380724876,0.938259482383728,0.0003,5.646922588348389,0.6097819010416666,900,0.5278516411781311,0.102594435,-9.004594445228577,9.83875097533067,0.2
92,1130496,152,56.06157860999999,89.94,7407,-0.031757364676741416,0.9015931487083435,0.0003,5.309664249420166,0.5058268229166667,910,0.5254762768745422,0.06066522,-8.954077084859213,19.608892146746317,0.2
93,1142784,154,52.90583332999999,87.34,7407,-0.034109696442707595,0.9367595911026001,0.0003,3.8703205585479736,0.556103515625,920,0.5231243968009949,0.07763874,-8.906595075130463,11.055275842547417,0.2
94,1155072,155,58.14233363999999,96.13,7407,-0.02898157558811363,0.9372614026069641,0.0003,4.236161231994629,0.5886881510416667,930,0.5213527083396912,0.09205613,-8.857280433177948,11.317682748039564,0.2
95,1167360,157,58.89978237,95.96,7408,-0.030026192911706554,0.900068461894989,0.0003,8.137869834899902,0.5271891276041667,940,0.5203090310096741,0.07397138,-8.823650427659352,18.443317931890487,0.2
96,1179648,159,59.12237839,88.63,7408,-0.03449439991090912,0.9070777893066406,0.0003,8.43471908569336,0.5132568359375,950,0.5185672640800476,0.068213046,-8.782698907454808,18.667244172096254,0.2
97,1191936,160,59.004166209999994,93.07,7407,-0.027698269772614973,0.9477190375328064,0.0003,2.9452152252197266,0.6195963541666667,960,0.5171913504600525,0.10602508,-8.762782243887584,8.821808485190074,0.2
98,1204224,162,56.32321570999999,90.16,7403,-0.025176315889014707,0.8450034856796265,0.0003,7.340254783630371,0.4718424479166667,970,0.516007661819458,0.052405592,-8.731445068120957,28.14834789435069,0.2
99,1216512,164,59.22434026,99.04,7403,-0.030597636882642595,0.9319013357162476,0.0003,5.168389320373535,0.6099202473958333,980,0.5149262547492981,0.10746237,-8.699848832686742,11.452085642019908,0.2
100,1228800,165,56.38452268,91.75,7403,-0.03400787900269885,0.8980541825294495,0.0003,7.510312557220459,0.5302327473958334,990,0.5145936608314514,0.07535173,-8.692282150189081,18.598571238915124,0.2
101,1241088,167,55.78648404999999,91.18,7403,-0.02880404420211562,0.8998215794563293,0.0003,4.69368314743042,0.5818196614583333,1000,0.5136584639549255,0.095389366,-8.682848304510117,15.403286120295524,0.2
102,1253376,169,58.81415387000001,90.6,7403,-0.030207237480014252,0.9322368502616882,0.0003,3.9418582916259766,0.6046468098958333,1010,0.5114021301269531,0.10522292,-8.635123725732168,10.10118392209212,0.2
103,1265664,170,55.40994433000001,98.39,7403,-0.02629578891695322,0.940012514591217,0.0003,3.8067023754119873,0.6244954427083333,1020,0.5100248456001282,0.11944342,-8.602356902758281,9.15616373916467,0.2
104,1277952,172,58.85341581000001,97.38,7397,-0.035440257426428916,0.8939892053604126,0.0003,6.746145248413086,0.50927734375,1030,0.5085272789001465,0.062081564,-8.565255920092264,18.473187200228374,0.2
105,1290240,174,58.618922160000004,98.35,7397,-0.03268675421907877,0.8747391700744629,0.0003,10.331791877746582,0.49075520833333336,1040,0.5063105225563049,0.058278263,-8.524214345216752,26.83176893591881,0.2
106,1302528,176,58.846827090000005,91.47,7397,-0.03499607357468146,0.8994912505149841,0.0003,7.4629621505737305,0.5373372395833333,1050,0.5063037276268005,0.08456832,-8.495082757870357,18.629077835877737,0.2
107,1314816,177,57.57062679999999,101.42,7396,-0.02846225262134491,0.9284124970436096,0.0003,3.746640920639038,0.6143636067708333,1060,0.5047042369842529,0.11778402,-8.490265383323033,11.861039712031682,0.2
108,1327104,179,58.21431212999999,92.83,7395,-0.032973849244687395,0.870489776134491,0.0003,9.626734733581543,0.5191731770833333,1070,0.5046407580375671,0.061852187,-8.46877706448237,24.50406751036644,0.2
109,1339392,181,53.14689720000001,95.89,7395,-0.029685860687944418,0.9177843332290649,0.0003,4.772493362426758,0.5972737630208333,1080,0.5051736235618591,0.10832996,-8.479496550559997,11.861481794714928,0.2
110,1351680,182,55.31193985,98.62,7395,-0.03078071962518152,0.9008713960647583,0.0003,6.533756256103516,0.56279296875,1090,0.5051553249359131,0.08547308,-8.48067653576533,15.158048238356908,0.2
111,1363968,184,57.157354850000004,92.98,7395,-0.03086466478125658,0.8479909896850586,0.0003,10.909542083740234,0.5237548828125,1100,0.504940390586853,0.062034648,-8.475902525583903,26.128497689962387,0.2
112,1376256,186,53.79202888,97.74,7394,-0.02956220402896482,0.9190487265586853,0.0003,4.3572258949279785,0.6087646484375,1110,0.5029740929603577,0.10858902,-8.435930230220158,10.584730426470438,0.2
113,1388544,187,55.65203199999999,96.57,7394,-0.029227927385363728,0.8651823401451111,0.0003,9.276518821716309,0.5596516927083334,1120,0.501817524433136,0.07301233,-8.411924185355504,22.177970002094906,0.2
114,1400832,189,58.11490814,95.96,7394,-0.031142703222576527,0.9117385149002075,0.0003,5.028050899505615,0.5891438802083333,1130,0.5013246536254883,0.09546584,-8.401502899328868,14.368723334868749,0.2
115,1413120,191,59.936049069999996,98.01,7395,-0.036959689651848746,0.9155378341674805,0.0003,5.516263484954834,0.60361328125,1140,0.4995138645172119,0.113373004,-8.35451525648435,13.610767657558123,0.2
116,1425408,192,56.85113193,96.52,7394,-0.036407401580072475,0.9277364611625671,0.0003,4.0413665771484375,0.5932535807291667,1150,0.4985457956790924,0.09653581,-8.32378448843956,11.323854386806488,0.2
117,1437696,194,58.136527029999996,98.77,7395,-0.03592571219681607,0.9190404415130615,0.0003,4.542745590209961,0.594287109375,1160,0.4963266849517822,0.09479549,-8.273542016744614,11.569269920388857,0.2
118,1449984,196,59.20423709,98.16,7392,-0.03575511258968618,0.906893253326416,0.0003,6.150557994842529,0.5515950520833334,1170,0.49534091353416443,0.07441423,-8.233062551418941,15.522957517703373,0.2
119,1462272,197,57.72017265,94.83,7390,-0.036317768045895114,0.9128488302230835,0.0003,7.1167073249816895,0.5734293619791667,1180,0.49468374252319336,0.08471209,-8.212009412050246,15.939396663506825,0.2
120,1474560,199,61.90183256000001,103.96,7387,-0.03135182842670474,0.9132645130157471,0.0003,5.855889320373535,0.5963134765625,1190,0.49379169940948486,0.09847502,-8.190171966950098,14.33839490711689,0.2
121,1486848,201,58.60987551999999,100.42,7385,-0.03576757542323321,0.9212603569030762,0.0003,6.795365333557129,0.5901529947916667,1200,0.49332395195961,0.092320465,-8.186916204293569,15.70918720761935,0.2
122,1499136,202,59.99466146,105.12,7385,-0.03493582175093858,0.9110085368156433,0.0003,6.1467695236206055,0.5903483072916667,1210,0.4940512478351593,0.10244914,-8.202723157405853,15.646565345923106,0.2
123,1511424,204,55.63326234000001,103.88,7384,-0.036776734990417025,0.904583752155304,0.0003,7.513240337371826,0.534814453125,1220,0.49317172169685364,0.077415496,-8.182895525296528,16.546366788943608,0.2
124,1523712,206,51.6082143,102.19,7384,-0.034598465984648406,0.9084620475769043,0.0003,5.861626148223877,0.5696451822916667,1230,0.492769330739975,0.088902436,-8.166517704725266,16.0541648765405,0.2
125,1536000,207,57.5260368,103.89,7384,-0.03596742182126036,0.8778724670410156,0.0003,7.431694507598877,0.5451822916666667,1240,0.4929756224155426,0.07888759,-8.176680042346318,21.192942996819813,0.2
126,1548288,209,59.516329230000004,103.41,7382,-0.03767036004234493,0.8833739757537842,0.0003,6.333528995513916,0.5445882161458333,1250,0.4909185469150543,0.081847794,-8.134030969937642,21.519552648067474,0.2
127,1560576,211,60.12475143999999,107.93,7377,-0.033862611228444923,0.8949732184410095,0.0003,5.655702114105225,0.5856201171875,1260,0.4911762475967407,0.09507835,-8.131664250294367,15.509787408510844,0.2
128,1572864,213,53.06184487,103.78,7377,-0.035380298896537474,0.891638994216919,0.0003,7.704670429229736,0.5650227864583334,1270,0.48940542340278625,0.08274362,-8.100297111272813,20.479702401161195,0.2
129,1585152,214,59.22362249,106.04,7377,-0.03411398171059166,0.867854118347168,0.0003,8.065610885620117,0.567041015625,1280,0.48859989643096924,0.08624194,-8.083695101737977,18.86587501366933,0.2
130,1597440,216,46.21972057,108.54,7375,-0.03664060499577317,0.8933192491531372,0.0003,4.981443881988525,0.5741455078125,1290,0.48663124442100525,0.09207664,-8.04404045343399,17.947918629646303,0.2
131,1609728,218,52.41472824999999,100.94,7376,-0.03273339971589546,0.6945621967315674,0.0003,22.094562530517578,0.46710611979166666,1300,0.48623088002204895,0.044321846,-8.020348650217056,80.04315960009893,0.2
132,1622016,219,56.524062799999996,103.94,7376,-0.02938939395438259,0.8792959451675415,0.0003,5.589483261108398,0.6416178385416667,1310,0.4861499071121216,0.13379014,-8.004752536614737,18.15184159477552,0.2
133,1634304,221,59.67356995000001,104.16,7376,-0.03564833777879054,0.8565391898155212,0.0003,7.660511493682861,0.573291015625,1320,0.486593097448349,0.08833971,-8.019681073228519,20.590324827035268,0.2
134,1646592,223,60.929707230000005,106.53,7376,-0.03459908421403573,0.877467155456543,0.0003,5.506889820098877,0.6116292317708333,1330,0.48621416091918945,0.11816896,-8.024659083286922,17.816762683788934,0.2
135,1658880,224,55.040599150000006,101.24,7373,-0.03833115360078712,0.8752655982971191,0.0003,12.414456367492676,0.5682291666666667,1340,0.48390236496925354,0.08980366,-7.9771619458993275,21.53971788684527,0.2
136,1671168,226,54.88941122,110.29,7366,-0.03193176400818629,0.8778296709060669,0.0003,7.8161301612854,0.5944091796875,1350,0.48261892795562744,0.098837726,-7.946982716520627,18.456336996952693,0.2
137,1683456,228,55.84478557000001,115.32,7361,-0.03254414826418118,0.880553126335144,0.0003,6.2650322914123535,0.6110677083333333,1360,0.48125162720680237,0.115941174,-7.904188963770866,18.86012322107951,0.2
138,1695744,230,49.74059926999999,111.28,7359,-0.038448815207812,0.8485912084579468,0.0003,9.63439655303955,0.5181315104166667,1370,0.4803897440433502,0.06965136,-7.878320208191871,26.175791331132253,0.2
139,1708032,232,60.329314530000005,112.93,7353,-0.037391102965921165,0.778405487537384,0.0003,13.703490257263184,0.52216796875,1380,0.48017439246177673,0.064717375,-7.8608532766501105,34.0116839448611,0.2
140,1720320,234,58.13977028,112.36,7351,-0.030643440182029736,0.8671619892120361,0.0003,6.637274265289307,0.6204752604166667,1390,0.47947296500205994,0.118477285,-7.842478560407956,20.328769954045615,0.2
141,1732608,235,66.69338427,115.2,7346,-0.03747463434992824,0.8231842517852783,0.0003,7.923215389251709,0.5529134114583333,1400,0.47787585854530334,0.07737338,-7.802454418937365,25.470723698536556,0.2
142,1744896,237,55.38392375999999,118.44,7344,-0.02980868773399076,0.8719627261161804,0.0003,8.793574333190918,0.6172932942708333,1410,0.47757890820503235,0.1057327,-7.793294160564741,21.91859090924263,0.2
143,1757184,239,51.75839876,107.31,7342,-0.03292216013748354,0.8121994137763977,0.0003,13.272855758666992,0.5778238932291667,1420,0.47787198424339294,0.08479741,-7.790941832462947,33.25471126635869,0.2
144,1769472,241,59.52217277,114.34,7338,-0.03072875138313975,0.868288516998291,0.0003,7.951913356781006,0.6378987630208334,1430,0.4770602285861969,0.11637881,-7.769941202799479,19.627771917978922,0.2
145,1781760,242,53.69093222000001,105.99,7338,-0.03575830681438674,0.8826922178268433,0.0003,9.0856294631958,0.5878580729166667,1440,0.4749588966369629,0.09381151,-7.729022213816643,22.634412815173466,0.2
146,1794048,244,59.807113019999996,119.82,7339,-0.03148428108349132,0.8650614023208618,0.0003,9.26976490020752,0.6167236328125,1450,0.47455933690071106,0.11911675,-7.705272890130678,20.22648746172587,0.2
147,1806336,246,52.10667014,108.72,7338,-0.039827847478833674,0.8909287452697754,0.0003,5.888663291931152,0.5628255208333334,1460,0.4733090102672577,0.08786172,-7.673782383402188,18.549695654710135,0.2
148,1818624,247,61.36423035,117.75,7338,-0.02880236725565434,0.8589234948158264,0.0003,9.557119369506836,0.6158203125,1470,0.47209134697914124,0.10990143,-7.652074366807938,21.359838195641835,0.2
149,1830912,249,52.87400667,111.98,7339,-0.03588785360382948,0.8810455203056335,0.0003,7.543630599975586,0.5886800130208333,1480,0.4710566997528076,0.09780989,-7.6186777720848715,19.847125989198684,0.2
150,1843200,251,57.49100218999999,115.35,7339,-0.0375127457693452,0.8447803854942322,0.0003,16.59096336364746,0.5781005859375,1490,0.4695505201816559,0.09155785,-7.579868520299594,28.21066873073578,0.2
151,1855488,252,55.29419242,114.75,7339,-0.039993980768485926,0.8502019643783569,0.0003,11.110695838928223,0.5615234375,1500,0.4685404598712921,0.07996974,-7.550899742046992,25.604375676314035,0.2
152,1867776,254,55.39550285,120.84,7340,-0.034955594133740914,0.8858979940414429,0.0003,6.623621463775635,0.6234700520833333,1510,0.46709680557250977,0.12578428,-7.5215719203154245,17.173873724540076,0.2
153,1880064,256,53.19544124000001,119.29,7341,-0.03535373734678918,0.8280371427536011,0.0003,10.423785209655762,0.6109130859375,1520,0.4671279191970825,0.1039589,-7.5072387556235,25.643217980861664,0.2
154,1892352,257,55.80867981,122.14,7341,-0.035737166381053,0.8104089498519897,0.0003,10.488425254821777,0.5663411458333333,1530,0.4671926200389862,0.07576422,-7.4962235420942305,32.857490513722105,0.2
155,1904640,259,64.59750515000002,115.02,7342,-0.039529294520131465,0.8426969051361084,0.0003,12.548457145690918,0.5818196614583333,1540,0.46685874462127686,0.102501325,-7.487126678228378,24.475755180915197,0.2
156,1916928,261,56.0525223,121.27,7343,-0.028269328262346485,0.924125075340271,0.0003,4.507891654968262,0.666357421875,1550,0.4654477536678314,0.15994896,-7.460437478621801,12.006225592891376,0.2
157,1929216,262,60.81158592999999,123.69,7343,-0.036928056983742866,0.8555070161819458,0.0003,8.673633575439453,0.57890625,1560,0.4643023908138275,0.09006324,-7.4343621601661045,21.65276003877322,0.2
158,1941504,264,56.41634754,120.94,7343,-0.03905051235827462,0.8633264899253845,0.0003,10.320775985717773,0.5676839192708333,1570,0.46238449215888977,0.08722747,-7.385023495554924,24.73622018098831,0.2
159,1953792,266,58.799677339999995,125.44,7344,-0.03769271939090686,0.8319939970970154,0.0003,11.177417755126953,0.5446044921875,1580,0.4622407853603363,0.07647287,-7.366050360600154,29.202446935574212,0.2
160,1966080,267,60.64384310999999,124.62,7344,-0.03489786161856803,0.8383201360702515,0.0003,10.396745681762695,0.5858235677083333,1590,0.46039652824401855,0.10375615,-7.329047296444575,28.435799582799277,0.2
161,1978368,269,59.93539813,121.25,7345,-0.03604164650605526,0.8786904215812683,0.0003,8.65665340423584,0.6232584635416667,1600,0.4584575593471527,0.12252414,-7.292374324798584,21.065570189555487,0.2
162,1990656,270,55.543370149999994,124.03,7345,-0.03410595855578625,0.8628042340278625,0.0003,6.102716445922852,0.6200602213541667,1610,0.4564119875431061,0.11919583,-7.242771777510643,19.769668747981388,0.2
163,2002944,272,54.249459349999995,122.77,7344,-0.03659040928080989,0.8603389263153076,0.0003,8.432610511779785,0.6073649088541667,1620,0.45567047595977783,0.10913222,-7.219337470332781,26.24181989232699,0.2
164,2015232,274,61.14762067000001,123.93,7345,-0.037788762999116446,0.8440734148025513,0.0003,7.051697731018066,0.5937581380208333,1630,0.4537581503391266,0.10259136,-7.170936481157939,24.18440929055214,0.2
165,2027520,275,56.59340112000001,121.56,7346,-0.03636239033658058,0.8334519863128662,0.0003,11.409661293029785,0.5836344401041667,1640,0.4528062343597412,0.09029066,-7.144944645961126,25.39097950855891,0.2
166,2039808,277,57.91036822,127.72,7347,-0.02912913085698771,0.8586692810058594,0.0003,7.489140033721924,0.6482503255208333,1650,0.45189985632896423,0.13339768,-7.126885412136714,19.08842451572418,0.2
167,2052096,279,63.09106936000001,125.59,7347,-0.033803623572263554,0.788642406463623,0.0003,14.4329833984375,0.5734537760416667,1660,0.45112696290016174,0.08323867,-7.094347959756851,33.465280123551686,0.2
168,2064384,280,53.317770319999994,122.44,7348,-0.032257025444414465,0.8520025014877319,0.0003,6.380481243133545,0.6588623046875,1670,0.4496665894985199,0.14355434,-7.0766494025786715,18.309637987613677,0.2
169,2076672,282,55.850854749999996,123.49,7349,-0.03460860906149416,0.8041175007820129,0.0003,9.098138809204102,0.6015787760416667,1680,0.4486120939254761,0.10251075,-7.0334939877192175,26.424465097983678,0.2
170,2088960,284,57.4469492,132.43,7349,-0.038857499558556205,0.8448864221572876,0.0003,9.809496879577637,0.6039957682291667,1690,0.4477318823337555,0.11667337,-7.0081343015035,24.812826333443322,0.2
171,2101248,285,42.65454711,127.11,7350,-0.03425869265944736,0.7847446203231812,0.0003,16.998699188232422,0.5842122395833333,1700,0.4470475912094116,0.09023696,-6.998394927382469,39.50204888979594,0.2
172,2113536,287,52.755599110000006,129.87,7351,-0.03670413582294714,0.7483206987380981,0.0003,27.965396881103516,0.5813151041666667,1710,0.4454940855503082,0.09409725,-6.958368163307508,47.5652764638265,0.2
173,2125824,289,39.74820573,131.58,7352,-0.03348629386261261,0.7963987588882446,0.0003,9.631970405578613,0.6310628255208334,1720,0.44337764382362366,0.12201271,-6.912785785396894,32.22211461464564,0.2
174,2138112,290,57.62206761,122.83,7352,-0.03836180477179975,0.690187931060791,0.0003,18.491846084594727,0.5607747395833333,1730,0.44263848662376404,0.08767531,-6.87891948223114,54.0544310092926,0.2
175,2150400,292,48.8818259,124.6,7351,-0.03202741778998946,0.8202871084213257,0.0003,14.556744575500488,0.6249430338541667,1740,0.44202670454978943,0.120287895,-6.864809885621071,30.11689203977585,0.2
176,2162688,294,53.14876889999999,122.58,7352,-0.03383484327738794,0.715692937374115,0.0003,11.708733558654785,0.5888509114583333,1750,0.44186845421791077,0.092394054,-6.859997336069743,46.43332104285558,0.2
177,2174976,295,50.53214051,128.29,7352,-0.03268676578736631,0.7958604693412781,0.0003,11.024837493896484,0.64697265625,1760,0.44153133034706116,0.14040114,-6.852827870845795,23.214680512746174,0.2
178,2187264,297,52.7807131,121.74,7353,-0.030613033650054907,0.8085838556289673,0.0003,10.331503868103027,0.63056640625,1770,0.4410310685634613,0.120604135,-6.831821698943774,29.751241157452267,0.2
179,2199552,299,47.81372843000001,121.94,7354,-0.035040757361760676,0.8240078091621399,0.0003,13.193598747253418,0.6272379557291666,1780,0.4395042359828949,0.12744105,-6.803233587741852,26.503715155522027,0.2
180,2211840,300,50.217790699999995,126.14,7354,-0.03564104079559911,0.7739065885543823,0.0003,13.4309720993042,0.6061604817708334,1790,0.43827351927757263,0.1103104,-6.763986027240753,30.633405832449593,0.2
181,2224128,302,44.69617072,127.11,7355,-0.031101503850368317,0.818381667137146,0.0003,8.425688743591309,0.6442220052083333,1800,0.4374922513961792,0.13744193,-6.730527099967003,21.04910453359286,0.2
182,2236416,304,49.53358118,132.3,7354,-0.035922172184412675,0.749130129814148,0.0003,10.825984001159668,0.6078857421875,1810,0.43713757395744324,0.10925081,-6.7223358432451885,32.589527328809105,0.2
183,2248704,305,52.525970969999996,128.28,7354,-0.03781040586763993,0.7819890379905701,0.0003,11.207881927490234,0.6041341145833333,1820,0.43629273772239685,0.10385811,-6.701586121320725,28.682691393295922,0.2
184,2260992,307,48.723285929999996,125.66,7355,-0.03533518227050081,0.7759087085723877,0.0003,13.356380462646484,0.6166259765625,1830,0.43536972999572754,0.11914509,-6.671671183904012,34.149306639035544,0.2
185,2273280,309,44.91667596,128.53,7355,-0.03740359559596982,0.8046770095825195,0.0003,15.41469669342041,0.5924641927083333,1840,0.4345528781414032,0.0995549,-6.647196727991104,37.877675131956735,0.2
186,2285568,310,50.131174910000006,120.53,7356,-0.031806864693498936,0.7678266763687134,0.0003,12.208035469055176,0.6357991536458333,1850,0.43383899331092834,0.11763912,-6.643385206659635,32.087485655148825,0.2
187,2297856,312,50.377738169999986,125.3,7357,-0.027747935298733258,0.8492906093597412,0.0003,7.751909255981445,0.6678059895833334,1860,0.43360981345176697,0.15180069,-6.625137810905774,20.43512380719185,0.2
188,2310144,313,54.53187368999999,128.36,7358,-0.035739987704437225,0.8131159543991089,0.0003,7.796510696411133,0.6188557942708334,1870,0.433478444814682,0.1150287,-6.617347630858421,26.0727221429348,0.2
189,2322432,315,43.53348166,124.91,7359,-0.033271064383734485,0.8238545656204224,0.0003,8.054590225219727,0.659033203125,1880,0.43372514843940735,0.15831397,-6.614558471242587,22.190001513560613,0.2
190,2334720,317,39.156182369999996,128.11,7359,-0.03477768843586091,0.8360327482223511,0.0003,10.781363487243652,0.6343343098958333,1890,0.43167921900749207,0.132268,-6.596153436104457,26.549008709192275,0.2
191,2347008,318,48.80474325,129.91,7360,-0.03930092181350726,0.7895300388336182,0.0003,12.126919746398926,0.5837483723958333,1900,0.4309821128845215,0.0963402,-6.560072136918704,32.17837347189585,0.2
192,2359296,320,45.38276778,125.04,7361,-0.03636111287293412,0.820014238357544,0.0003,10.251500129699707,0.5842041015625,1910,0.4302290976047516,0.093716465,-6.5542156805594765,36.25838823119799,0.2
193,2371584,322,52.62373966999999,128.12,7362,-0.037774959916714576,0.7649564146995544,0.0003,9.097249984741211,0.5969319661458333,1920,0.4284956157207489,0.11079834,-6.519671514630318,35.966787509123485,0.2
194,2383872,323,50.74279378,126.66,7362,-0.036905783312977294,0.8112848401069641,0.0003,7.175064563751221,0.6306803385416667,1930,0.42712005972862244,0.13411538,-6.479909027616183,23.19698564608892,0.2
195,2396160,325,55.42582154000001,125.23,7363,-0.03380843987979461,0.7997824549674988,0.0003,5.658665657043457,0.6331136067708333,1940,0.4259023666381836,0.13207066,-6.449484066168467,24.23575102686882,0.2
196,2408448,327,55.88642544,121.09,7364,-0.034966507601590514,0.8086944818496704,0.0003,7.115574836730957,0.6433024088541667,1950,0.42481768131256104,0.16114436,-6.414710617065429,21.812250330050787,0.2
197,2420736,328,46.10378142999999,125.95,7364,-0.02983415078779217,0.8324648141860962,0.0003,4.417422294616699,0.6832194010416667,1960,0.42484548687934875,0.181385,-6.40264475941658,15.024162817001343,0.2
198,2433024,330,56.699941439999996,119.85,7365,-0.03939606196411963,0.7380939722061157,0.0003,23.01602554321289,0.5215576171875,1970,0.42311349511146545,0.0674211,-6.360857737064362,58.320162351926164,0.2
199,2445312,331,57.72199594000001,130.46,7366,-0.036736224019356695,0.8587701320648193,0.0003,5.990655899047852,0.6629069010416667,1980,0.42198577523231506,0.182343,-6.33103381494681,18.035533944765728,0.2
200,2457600,333,53.275083089999995,124.5,7366,-0.04360507042874815,0.8112280368804932,0.0003,12.221409797668457,0.587255859375,1990,0.42180195450782776,0.09745953,-6.308737575014432,28.767666351795196,0.2
201,2469888,335,57.41668444000001,124.55,7367,-0.032711430766115275,0.8233402967453003,0.0003,7.217798233032227,0.65380859375,2000,0.42210304737091064,0.13159077,-6.314298002918561,19.223634334405265,0.2
202,2482176,336,53.06048801,125.57,7367,-0.028442995541263373,0.8452509641647339,0.0003,4.64860200881958,0.6951985677083333,2010,0.4205923080444336,0.19877334,-6.292593835790952,14.066687660415967,0.2
203,2494464,338,51.36396461,123.74,7368,-0.026773487046011724,0.831080436706543,0.0003,6.697761058807373,0.6620279947916666,2020,0.41948866844177246,0.13363792,-6.254907136162122,19.922083630164465,0.2
204,2506752,340,58.82391495000001,114.99,7368,-0.035059969751940416,0.8403292298316956,0.0003,5.952270030975342,0.6480387369791667,2030,0.41899213194847107,0.13646202,-6.239683310190837,20.311198524634044,0.2
205,2519040,341,63.021608470000004,120.36,7368,-0.032480069035470176,0.8479388356208801,0.0003,4.1819963455200195,0.6664876302083333,2040,0.4194062650203705,0.15976238,-6.245472714304924,14.18934628367424,0.2
206,2531328,343,62.73235934,122.84,7368,-0.03405486624590897,0.8269971609115601,0.0003,4.877762317657471,0.6176350911458334,2050,0.4176163673400879,0.11925926,-6.2052855332692465,19.141287968556085,0.2
207,2543616,345,60.02945009,123.64,7367,-0.034569737376781026,0.8498415946960449,0.0003,5.021565914154053,0.6369222005208334,2060,0.41574499011039734,0.14459129,-6.157928550243378,17.857652149597804,0.2
208,2555904,346,62.13727095,124.99,7367,-0.03374357554421294,0.7890422344207764,0.0003,6.927023410797119,0.61337890625,2070,0.4156282842159271,0.109056674,-6.1417277455329895,24.242963604132335,0.2
209,2568192,348,54.53594521000001,117.54,7367,-0.03535753890561561,0.8441213965415955,0.0003,4.800541877746582,0.6447672526041667,2080,0.4140239953994751,0.14674161,-6.112691369652748,19.576404545704523,0.2
210,2580480,350,57.47909917999999,120.08,7367,-0.034810872257609544,0.8328635096549988,0.0003,7.278398036956787,0.6494710286458333,2090,0.4136379659175873,0.12937939,-6.081083032488823,21.450655470291775,0.2
211,2592768,352,57.68250852,129.73,7364,-0.028706281162643184,0.8710851669311523,0.0003,4.495717525482178,0.7038411458333333,2100,0.4134107530117035,0.1999823,-6.061782277623812,13.137149769067765,0.2
212,2605056,353,59.94501058000001,124.21,7363,-0.03560837082429013,0.7548088431358337,0.0003,15.43295955657959,0.57412109375,2110,0.4122351109981537,0.09077271,-6.031700313091278,36.324105266729994,0.2
213,2617344,355,57.68590554,130.01,7364,-0.035760914828279054,0.8116300702095032,0.0003,9.985690116882324,0.6280354817708333,2120,0.4105217456817627,0.11720439,-5.998342985908191,27.8357184390227,0.2
214,2629632,357,47.852788409999995,121.16,7365,-0.03653002646266638,0.8066068291664124,0.0003,9.02551555633545,0.626220703125,2130,0.40946269035339355,0.12884726,-5.956435068448385,27.149171336491904,0.2
215,2641920,358,56.44556368000001,129.06,7365,-0.03798723264383928,0.7376463413238525,0.0003,16.717756271362305,0.5804524739583333,2140,0.4084280729293823,0.08970424,-5.92921267747879,37.02857717672984,0.2
216,2654208,360,66.20534352,129.8,7365,-0.033151013245029996,0.8501675724983215,0.0003,8.466623306274414,0.667724609375,2150,0.40704023838043213,0.15650521,-5.893408479293187,21.37196562886238,0.2
217,2666496,361,55.33237585,130.35,7366,-0.03461551749448214,0.8015745282173157,0.0003,6.385475158691406,0.6311686197916667,2160,0.4050239622592926,0.12045772,-5.828937466939291,25.687479945023856,0.2
218,2678784,363,53.65793278000001,132.62,7366,-0.030805335987436896,0.8004122376441956,0.0003,5.8341169357299805,0.6737060546875,2170,0.4041191637516022,0.16586764,-5.811730673909187,23.302374804019927,0.2
219,2691072,365,54.869564499999996,132.06,7365,-0.03410866237342513,0.7884713411331177,0.0003,10.627123832702637,0.6357259114583333,2180,0.40306827425956726,0.1337669,-5.775851434469223,29.78741214076678,0.2
220,2703360,367,56.71539699000001,131.81,7366,-0.0356864200681836,0.7904171943664551,0.0003,12.571465492248535,0.6112874348958334,2190,0.402963787317276,0.11500722,-5.7667661229769385,34.8186186114947,0.2
221,2715648,368,55.17793866000001,128.49,7366,-0.025290899245495286,0.7875471115112305,0.0003,10.743426322937012,0.6789225260416667,2200,0.403463751077652,0.15173978,-5.776071167985598,32.722311625878014,0.2
222,2727936,370,56.566412140000004,125.69,7367,-0.031175237408024258,0.8505502939224243,0.0003,5.7745747566223145,0.6750406901041667,2210,0.4019581079483032,0.17902577,-5.753144542376201,20.79563617706299,0.2
223,2740224,371,53.36201070000001,125.25,7368,-0.0367025387318184,0.7710322737693787,0.0003,9.369772911071777,0.6354410807291667,2220,0.40103062987327576,0.1333941,-5.72313408056895,33.5346140841643,0.2
224,2752512,373,48.901783859999995,130.55,7368,-0.031316718259768096,0.7999042272567749,0.0003,7.128041744232178,0.6567138671875,2230,0.40146514773368835,0.16104294,-5.726697167754173,24.28978206117948,0.2
225,2764800,375,52.39818947,131.13,7369,-0.03410224086837843,0.6415697336196899,0.0003,38.23343276977539,0.5635416666666667,2240,0.4013652801513672,0.07576539,-5.716334450244903,71.10087755521138,0.2
226,2777088,376,39.243315499999994,136.09,7370,-0.04056142357876524,0.6486402750015259,0.0003,21.780773162841797,0.5708740234375,2250,0.40035685896873474,0.0996953,-5.689969595273336,47.394427208105725,0.2
227,2789376,378,43.45987576,135.4,7370,-0.03629805156379007,0.6479448676109314,0.0003,17.802330017089844,0.6029866536458334,2260,0.4004061222076416,0.103107296,-5.689122665921847,58.22821214596431,0.2
228,2801664,380,51.95431881999999,131.95,7371,-0.029107319519486433,0.7036105394363403,0.0003,16.042625427246094,0.6537272135416666,2270,0.4007273018360138,0.14084361,-5.701589811841647,43.73904729684194,0.2
229,2813952,381,53.610986440000005,133.66,7372,-0.025576767168240623,0.7032121419906616,0.0003,9.397794723510742,0.6737386067708333,2280,0.40219512581825256,0.16091973,-5.723088025053342,34.32454309463501,0.2
230,2826240,383,45.788460699999995,133.98,7372,-0.02559745602241795,0.7116649150848389,0.0003,6.8364787101745605,0.6963948567708333,2290,0.4023083746433258,0.18255569,-5.73345034122467,25.397845168908436,0.2
231,2838528,384,55.746353989999996,129.37,7373,-0.027753411732070767,0.6656062602996826,0.0003,21.24903106689453,0.6446533203125,2300,0.4010256230831146,0.13251173,-5.7030758390824,44.41533511479695,0.2
232,2850816,386,41.54490073,136.93,7373,-0.02997966735274531,0.7512383460998535,0.0003,8.28751277923584,0.6699869791666667,2310,0.39957475662231445,0.15770118,-5.65146835843722,26.965280654033027,0.2
233,2863104,388,35.780962689999996,145.81,7374,-0.02858688680959555,0.6670036911964417,0.0003,12.369282722473145,0.6410888671875,2320,0.3992392122745514,0.13105594,-5.641692032416661,37.523825426896416,0.2
234,2875392,389,45.26431540000001,140.92,7374,-0.032986680226167665,0.47599899768829346,0.0003,20.952539443969727,0.5732421875,2330,0.3982888162136078,0.09032974,-5.609391906857491,77.88040401935578,0.2
235,2887680,391,52.440655239999984,140.94,7375,-0.025328708142236186,0.7354744672775269,0.0003,10.935898780822754,0.6749186197916667,2340,0.3978829085826874,0.17660588,-5.595110127329827,29.53698450525602,0.2
236,2899968,393,43.59004038000002,138.45,7375,-0.03677250014152378,0.598457396030426,0.0003,27.20517349243164,0.5657389322916667,2350,0.39770495891571045,0.085370444,-5.583593873182933,75.91957943439483,0.2
237,2912256,394,41.45587989,137.35,7376,-0.022982918840231528,0.6671991348266602,0.0003,10.340356826782227,0.6772054036458334,2360,0.3974287509918213,0.14976855,-5.580258563160896,41.78054842948914,0.2
238,2924544,396,35.254203849999996,141.06,7376,-0.03365537804493215,0.6830767393112183,0.0003,13.662382125854492,0.6404378255208333,2370,0.396336168050766,0.14114998,-5.550848128398259,42.26437005201976,0.2
239,2936832,398,42.89574334000001,137.68,7377,-0.022339338674404036,0.6987528800964355,0.0003,9.924845695495605,0.6694173177083333,2380,0.39649900794029236,0.15802945,-5.544715815782547,35.71765875021617,0.2
240,2949120,399,36.661010100000006,141.19,7377,-0.024053297982512354,0.6492884159088135,0.0003,13.277667045593262,0.68310546875,2390,0.3969470262527466,0.17384595,-5.564215891559919,30.3152994175752,0.2
241,2961408,401,38.24995098,136.65,7378,-0.031048770389558437,0.6639471650123596,0.0003,18.87384796142578,0.6300944010416667,2400,0.39662614464759827,0.12673153,-5.5630686551332476,46.45010166962941,0.2
242,2973696,402,33.70182884,141.01,7379,-0.028186689117380107,0.6762681007385254,0.0003,11.190678596496582,0.6507080078125,2410,0.396066814661026,0.1377425,-5.542782686154047,36.53690994183223,0.2
243,2985984,404,36.337947639999996,140.76,7379,-0.03211869778848874,0.6463025808334351,0.0003,10.92514419555664,0.6145589192708333,2420,0.3951810896396637,0.11194185,-5.519951472679774,50.2688361565272,0.2
244,2998272,406,35.86080443,139.96,7380,-0.03104598752494591,0.6344261169433594,0.0003,14.181840896606445,0.6650472005208333,2430,0.3952679932117462,0.154384,-5.523421829938888,34.27213768959045,0.2
245,3010560,407,32.647985479999996,134.12,7380,-0.01463632057226884,0.7460261583328247,0.0003,8.50442123413086,0.7288736979166667,2440,0.3950246274471283,0.22676738,-5.521004051963488,23.56814727584521,0.2
246,3022848,409,48.37195685,142.27,7381,-0.03478755628845344,0.7209616899490356,0.0003,11.720650672912598,0.6368977864583333,2450,0.3935438394546509,0.1307569,-5.49073883096377,35.80789946715037,0.2
247,3035136,411,24.992820889999997,142.25,7381,-0.035088055068627,0.7116408944129944,0.0003,10.282771110534668,0.635888671875,2460,0.3933299779891968,0.14324258,-5.475274965167046,30.492967011531196,0.2
248,3047424,412,33.7967741,137.3,7381,-0.03996151435906844,0.679746687412262,0.0003,18.68720245361328,0.6066243489583333,2470,0.3933704197406769,0.11883966,-5.472161460916201,48.59206395546595,0.2
249,3059712,414,38.57291955,134.39,7381,-0.03628795336408075,0.6621010899543762,0.0003,10.858991622924805,0.6438883463541667,2480,0.3932236135005951,0.15544121,-5.475350527962049,37.789789044857024,0.2
250,3072000,416,42.40406427,131.13,7382,-0.03695017029337275,0.6861920952796936,0.0003,14.113371849060059,0.6248616536458333,2490,0.3917190134525299,0.12955064,-5.430351692438125,48.94550423224767,0.2
251,3084288,417,38.29433985,137.73,7382,-0.029693197525921276,0.6666595935821533,0.0003,12.568617820739746,0.6314697265625,2500,0.39178046584129333,0.13305163,-5.425543765227,48.779034368197124,0.2
252,3096576,419,30.159613689999997,131.31,7383,-0.031636145485875504,0.7197771668434143,0.0003,9.326111793518066,0.6723388671875,2510,0.3922574520111084,0.16612719,-5.431433136264483,35.28711416522662,0.2
253,3108864,421,48.994904269999985,132.68,7383,-0.0368246106634615,0.6134333610534668,0.0003,17.95961570739746,0.6272867838541667,2520,0.3909358084201813,0.13869551,-5.400592664877574,50.13547388315201,0.2
254,3121152,422,36.92307566,134.86,7384,-0.02918638843014681,0.7666865587234497,0.0003,9.722548484802246,0.68623046875,2530,0.38992395997047424,0.18655474,-5.377468501528104,30.23572761019071,0.2
255,3133440,424,42.43503049,140.36,7384,-0.03264211820884763,0.6871210336685181,0.0003,15.061785697937012,0.6478352864583333,2540,0.38988223671913147,0.15387122,-5.358422805865605,43.215282714366914,0.2
256,3145728,425,46.71830695999999,134.26,7385,-0.03403311625443166,0.7311928272247314,0.0003,10.106167793273926,0.6677571614583333,2550,0.3893730342388153,0.15879114,-5.353537640968958,33.97921858429909,0.2
257,3158016,427,42.359776249999996,131.6,7384,-0.035471235215178844,0.7764763236045837,0.0003,8.337569236755371,0.6695638020833333,2560,0.3894875943660736,0.16999137,-5.348206309477488,28.407734994093577,0.2
258,3170304,429,41.46741164,141.05,7384,-0.032517374506763494,0.7820067405700684,0.0003,7.466222763061523,0.6828043619791667,2570,0.3902400732040405,0.20614402,-5.3609675834576285,27.28079241514206,0.2
259,3182592,430,45.06235752999999,136.76,7385,-0.03425201309704183,0.6831386089324951,0.0003,10.439723014831543,0.6267740885416667,2580,0.38909611105918884,0.124265075,-5.357008613149325,41.10591269731522,0.2
260,3194880,432,45.92908238,138.62,7385,-0.03554490095896957,0.7191029787063599,0.0003,11.262639999389648,0.6614908854166667,2590,0.388209730386734,0.14972007,-5.330201833446821,37.31003501812617,0.2
261,3207168,434,39.86097461,140.13,7386,-0.03593667635868769,0.6773720979690552,0.0003,9.833398818969727,0.6497639973958333,2600,0.38767752051353455,0.1526918,-5.319457389911016,34.12244448661804,0.2
262,3219456,435,48.772826269999996,138.88,7387,-0.03257841928279959,0.720986008644104,0.0003,12.52338981628418,0.6535888671875,2610,0.387313574552536,0.14077139,-5.2919401268164314,39.447538673877716,0.2
263,3231744,437,44.36219627000001,137.74,7387,-0.030879783817605738,0.6907745599746704,0.0003,8.42580795288086,0.6536865234375,2620,0.3876756727695465,0.15577398,-5.301068740089734,32.8754834095637,0.2
264,3244032,439,54.50269291000001,134.82,7388,-0.028320579492719843,0.712222695350647,0.0003,8.054038047790527,0.6936197916666667,2630,0.3866140842437744,0.19217789,-5.271514974037806,26.362450017531714,0.2
265,3256320,440,54.307435700000006,139.47,7388,-0.026902472619743396,0.7889409065246582,0.0003,6.98325252532959,0.7191813151041667,2640,0.3864723742008209,0.24470626,-5.2752178609371185,20.768160251776376,0.2
266,3268608,442,54.04791486999999,137.83,7389,-0.029880291535907114,0.7823826670646667,0.0003,8.916766166687012,0.6831787109375,2650,0.3861503303050995,0.16766,-5.264108674724897,21.703686340649924,0.2
267,3280896,443,42.31900587,133.46,7389,-0.0276511118223425,0.7910966277122498,0.0003,3.532010078430176,0.7248942057291666,2660,0.3862072229385376,0.2471304,-5.257485565543175,12.557084858417511,0.2
268,3293184,445,51.326827269999995,129.85,7390,-0.026310434002274025,0.7279084920883179,0.0003,6.077736854553223,0.6962320963541667,2670,0.3856171667575836,0.20437622,-5.2496126860380175,18.418235699335735,0.2
269,3305472,447,41.6256468,134.54,7390,-0.03286785230059953,0.8198524713516235,0.0003,3.5111801624298096,0.6759684244791667,2680,0.3851989209651947,0.18481553,-5.233387984832128,14.849207156896592,0.2
270,3317760,448,44.67450833,129.28,7391,-0.03252562643319834,0.6852871775627136,0.0003,9.987970352172852,0.6456705729166666,2690,0.3841613233089447,0.14843531,-5.210399257143338,27.20792605082194,0.2
271,3330048,450,51.55168386,128.48,7391,-0.032486909462022595,0.7776800990104675,0.0003,4.923534393310547,0.6661214192708333,2700,0.3843705952167511,0.17488842,-5.19935816625754,19.37979881564776,0.2
272,3342336,452,37.630548600000004,134.98,7392,-0.03899066294737471,0.7693305611610413,0.0003,7.613558292388916,0.65224609375,2710,0.3834446370601654,0.15322055,-5.170894840359688,21.6357594927152,0.2
273,3354624,453,46.664870879999995,133.83,7392,-0.03844095373351593,0.6768375635147095,0.0003,10.608646392822266,0.6031656901041667,2720,0.3819151818752289,0.10513093,-5.141451978683472,38.66303964058558,0.2
274,3366912,455,49.25529723,130.94,7392,-0.02795568883351128,0.7446355819702148,0.0003,7.027475357055664,0.6991455078125,2730,0.3809475004673004,0.21865197,-5.100381744901339,19.405387421449024,0.2
275,3379200,457,48.99452557000001,133.62,7393,-0.03374355719909848,0.7328777313232422,0.0003,11.272687911987305,0.6630777994791667,2740,0.3807244300842285,0.16455352,-5.0833279182513555,24.746334677934648,0.2
276,3391488,458,52.92584266,128.53,7393,-0.03164557107375003,0.7895245552062988,0.0003,6.708322525024414,0.7036051432291667,2750,0.3796520233154297,0.19908996,-5.057939017812411,19.76865299344063,0.2
277,3403776,460,44.32898044,127.03,7394,-0.03540578948450275,0.7418791055679321,0.0003,6.3913960456848145,0.6616455078125,2760,0.37971290946006775,0.17204033,-5.038564081986745,23.0015053431193,0.2
278,3416064,461,53.70148303999999,128.37,7394,-0.034928366000531244,0.6971172094345093,0.0003,11.174922943115234,0.6307535807291667,2770,0.3794132173061371,0.1294089,-5.032321672638258,33.78410415649414,0.2
279,3428352,463,53.777275300000014,127.02,7394,-0.03596266874519642,0.8262578248977661,0.0003,4.74241304397583,0.6972249348958334,2780,0.3791373670101166,0.21163185,-5.031638791163762,17.533111727237703,0.2
280,3440640,465,58.06922277,123.04,7395,-0.03671344905354393,0.774810791015625,0.0003,7.381618499755859,0.6857991536458333,2790,0.3783091604709625,0.20116967,-5.022859309116999,20.532489059368768,0.2
281,3452928,466,50.84307662000001,117.71,7395,-0.02659642844713138,0.834680438041687,0.0003,4.2427239418029785,0.7397135416666667,2800,0.3786345422267914,0.25925943,-5.005085436503093,12.548759119709333,0.2
282,3465216,468,57.86344667,125.73,7395,-0.03849242703096631,0.8126277327537537,0.0003,6.545610427856445,0.6675537109375,2810,0.37803301215171814,0.17219727,-5.013131155570348,21.13783852458,0.2
283,3477504,470,53.386008860000004,122.17,7396,-0.031665118759459196,0.803316593170166,0.0003,10.053291320800781,0.6665364583333333,2820,0.3776676654815674,0.1523773,-4.995407271385193,24.568808442354204,0.2
284,3489792,471,49.528094470000006,119.21,7396,-0.03611759838531725,0.8242918848991394,0.0003,6.603320121765137,0.6803466796875,2830,0.3778388202190399,0.17328864,-5.005671776334444,21.103649576505024,0.2
285,3502080,473,53.44204798,122.86,7395,-0.03957620923902141,0.7633791565895081,0.0003,8.31838607788086,0.6760009765625,2840,0.37751030921936035,0.17486171,-4.988497623801232,23.413253225882848,0.2
286,3514368,475,55.16361208999999,128.91,7396,-0.032761419052258135,0.8351156115531921,0.0003,6.104578495025635,0.7025146484375,2850,0.37521564960479736,0.23062234,-4.934544174869855,17.701804860432944,0.2
287,3526656,476,52.75295288,127.05,7396,-0.030475217542940906,0.7546188831329346,0.0003,8.252066612243652,0.6644612630208333,2860,0.373935341835022,0.16069208,-4.86945093870163,25.810023536284763,0.2
288,3538944,478,47.76701036,125.55,7396,-0.03467831810509476,0.795302152633667,0.0003,6.150381088256836,0.6670328776041666,2870,0.37319228053092957,0.16930656,-4.839940526088079,22.408601731061935,0.2
289,3551232,480,51.43423105,127.27,7397,-0.029263195123833914,0.7623279094696045,0.0003,5.030857563018799,0.6918619791666667,2880,0.3728046119213104,0.17337525,-4.825397650400798,21.154549201329548,0.2
290,3563520,481,52.32638521999999,125.53,7397,-0.03495219860245318,0.7643477916717529,0.0003,10.53195571899414,0.6689534505208333,2890,0.3726646900177002,0.15267289,-4.817901221911113,30.88602233529091,0.2
291,3575808,483,50.341046590000005,123.88,7397,-0.024413540952082258,0.7956879734992981,0.0003,6.323015213012695,0.7231526692708333,2900,0.3723014295101166,0.23285031,-4.814634454250336,20.525645254055657,0.2
292,3588096,484,52.143360920000006,127.46,7398,-0.024377940181875602,0.7795588970184326,0.0003,6.033961772918701,0.710986328125,2910,0.3715848922729492,0.19846855,-4.787152480085691,20.179014976819357,0.2
293,3600384,486,51.01302445,129.7,7398,-0.033110244168589514,0.768191933631897,0.0003,8.198838233947754,0.6898193359375,2920,0.3717120587825775,0.17470245,-4.781800611813863,24.39989096124967,0.2
294,3612672,488,52.13406511,136.79,7398,-0.020443761993859274,0.7844052314758301,0.0003,4.781238079071045,0.7114908854166667,2930,0.37074342370033264,0.20050399,-4.769568272431692,17.792161056399344,0.2
295,3624960,489,50.77506014000001,128.58,7398,-0.03153302281377061,0.7514339685440063,0.0003,5.973972320556641,0.686767578125,2940,0.3705189526081085,0.17889436,-4.750530658165614,22.13011608918508,0.2
296,3637248,491,52.5785185,126.73,7398,-0.037766211764634745,0.7613046169281006,0.0003,8.173206329345703,0.6740804036458333,2950,0.370362788438797,0.16645171,-4.744523151715597,23.738736355304717,0.2
297,3649536,493,49.53109326,129.21,7398,-0.026801897941428857,0.7755864858627319,0.0003,5.7836737632751465,0.7079996744791667,2960,0.3705160617828369,0.19828789,-4.759013264377912,19.804315193494162,0.2
298,3661824,494,49.80022126999998,123.53,7399,-0.032451703219946164,0.7849038243293762,0.0003,4.890872478485107,0.7056396484375,2970,0.3706435263156891,0.24247356,-4.748034018278122,16.40872908035914,0.2
299,3674112,496,48.27644027000001,120.41,7399,-0.03566118829670207,0.7773105502128601,0.0003,5.860121250152588,0.6864176432291667,2980,0.37017226219177246,0.1750176,-4.731390967965126,23.06188022295634,0.2
300,3686400,498,58.82488361000001,123.36,7400,-0.03152306649620489,0.7663216590881348,0.0003,8.901260375976562,0.6918863932291667,2990,0.36977753043174744,0.20549528,-4.718755975365639,21.810794268051783,0.2
301,3698688,499,54.74344145999999,112.37,7400,-0.022508709365502,0.8276540637016296,0.0003,4.651797294616699,0.7407633463541666,3000,0.36933836340904236,0.23638736,-4.717510989308357,13.460191411773364,0.2
302,3710976,501,56.97708209,122.72,7400,-0.0286475822707871,0.846682071685791,0.0003,3.735553503036499,0.7275797526041666,3010,0.3684758245944977,0.26909992,-4.696481242775917,11.591621359189352,0.2
303,3723264,503,58.559973930000005,123.28,7401,-0.033763532904170765,0.8543750047683716,0.0003,3.5196547508239746,0.7048502604166667,3020,0.367452472448349,0.21254261,-4.663130251566569,13.887573697169621,0.2
304,3735552,504,54.91808371,125.08,7401,-0.033972320014436265,0.8435201048851013,0.0003,4.072715759277344,0.6989501953125,3030,0.36595669388771057,0.21308248,-4.618733976284663,13.703334122896194,0.2
305,3747840,506,51.95134195000001,116.64,7401,-0.03513208174748191,0.7588365077972412,0.0003,5.459679126739502,0.6672932942708333,3040,0.36526358127593994,0.1475509,-4.5938999911149345,21.371800100803377,0.2
306,3760128,507,63.43434582999999,122.3,7402,-0.03165183239567947,0.8046205043792725,0.0003,5.122289180755615,0.7078857421875,3050,0.36418280005455017,0.21902198,-4.564918971061706,17.811628083388012,0.2
307,3772416,509,58.66566736,113.52,7402,-0.025986275075896022,0.8790953159332275,0.0003,3.3236265182495117,0.7367838541666667,3060,0.36287227272987366,0.2501563,-4.537049598495165,10.921163387099902,0.2
308,3784704,511,57.376268550000006,111.82,7402,-0.036661397801071874,0.8673018217086792,0.0003,5.868157386779785,0.7028401692708334,3070,0.3624139726161957,0.22791946,-4.5077393253644304,12.613413167993228,0.2
309,3796992,512,62.515042720000004,112.17,7402,-0.030450060456738964,0.8693461418151855,0.0003,6.214977264404297,0.711279296875,3080,0.36072564125061035,0.20430602,-4.466559273004532,13.41301261583964,0.2
310,3809280,514,59.085399409999994,110.02,7403,-0.03304733986927507,0.8980704545974731,0.0003,3.473496675491333,0.7289306640625,3090,0.3609526455402374,0.24741177,-4.458033588528633,9.94903659125169,0.2
311,3821568,516,56.10607212,111.31,7403,-0.03247919399679328,0.9083320498466492,0.0003,3.5009477138519287,0.7246744791666667,3100,0.3591268062591553,0.21865469,-4.429218348860741,10.02007579902808,0.2
312,3833856,517,59.405099240000006,114.97,7403,-0.03685686130290075,0.8607449531555176,0.0003,7.959683895111084,0.6779215494791667,3110,0.35859695076942444,0.1818078,-4.39080227414767,18.701903834939003,0.2
313,3846144,519,60.57502425,118.29,7404,-0.02712046908272896,0.8646294474601746,0.0003,4.569196701049805,0.7088216145833334,3120,0.35872069001197815,0.20378692,-4.388514664769173,12.211181900898616,0.2
314,3858432,521,57.48985635,118.62,7404,-0.03627636714712328,0.8796830773353577,0.0003,4.3484392166137695,0.7014241536458333,3130,0.3580240309238434,0.22660677,-4.368306293090185,11.982099310557048,0.2
315,3870720,522,59.87438952,114.58,7404,-0.03783916584167552,0.8267678022384644,0.0003,6.022889137268066,0.6583658854166666,3140,0.35756000876426697,0.14867519,-4.353398136297861,22.090944786866505,0.2
316,3883008,524,53.571481250000005,117.33,7404,-0.028522681066048487,0.8829013109207153,0.0003,6.408544063568115,0.7224527994791666,3150,0.35765787959098816,0.25112167,-4.342203138271968,14.732950712243715,0.2
317,3895296,526,57.574956990000004,117.75,7404,-0.03606322444975376,0.8457549810409546,0.0003,7.76889705657959,0.678759765625,3160,0.3566151559352875,0.16773613,-4.322612558801969,20.765419312318166,0.2
318,3907584,527,56.60528493000002,122.27,7404,-0.022325282281963156,0.8613988161087036,0.0003,4.158579349517822,0.7386555989583333,3170,0.3560386598110199,0.25922692,-4.296943514545759,12.980816745758057,0.2
319,3919872,529,58.03467371,123.24,7405,-0.03403870529048921,0.8586280941963196,0.0003,5.708327770233154,0.6876871744791667,3180,0.35566118359565735,0.17618985,-4.289073951045672,15.654694290955861,0.2
320,3932160,530,60.42254254,116.83,7405,-0.031145273932876687,0.856192946434021,0.0003,6.66024112701416,0.6993489583333333,3190,0.35482656955718994,0.19671285,-4.268908083438873,16.133106685678165,0.2
321,3944448,532,63.10770512000001,124.85,7404,-0.026922610814411503,0.8784435987472534,0.0003,3.0964183807373047,0.7442464192708333,3200,0.35442888736724854,0.28331533,-4.245407687624295,10.262325177590052,0.2
322,3956736,534,56.77485703,121.05,7404,-0.03217934309213888,0.8759806156158447,0.0003,4.331305503845215,0.7086181640625,3210,0.3537985384464264,0.21753967,-4.2272045056025185,12.3601288408041,0.2
323,3969024,536,46.43399239,126.17,7404,-0.03398895064989726,0.8669830560684204,0.0003,4.576127529144287,0.7253499348958333,3220,0.3538547456264496,0.24647744,-4.225053690870603,11.174248705307642,0.2
324,3981312,537,57.255276730000006,122.08,7405,-0.03985134668570633,0.6914800405502319,0.0003,16.522544860839844,0.6152180989583333,3230,0.3531033992767334,0.11136503,-4.200563856959343,36.29488840699196,0.2
325,3993600,539,54.89428707,125.65,7405,-0.027307206461167275,0.8397754430770874,0.0003,3.581573247909546,0.7331136067708334,3240,0.3521762788295746,0.26592168,-4.185457229614258,11.979082792003949,0.2
326,4005888,540,54.37528466,128.13,7405,-0.02724734905544513,0.8301565051078796,0.0003,5.75172233581543,0.7072672526041667,3250,0.35124555230140686,0.21171087,-4.157865958412488,16.02616418103377,0.2
327,4018176,542,53.12420989,126.03,7406,-0.031887630912630506,0.8734400868415833,0.0003,3.7248969078063965,0.7263509114583333,3260,0.3508894443511963,0.2366436,-4.134998407959938,11.745217712720235,0.2
328,4030464,544,56.17217444,128.14,7406,-0.031627394346287474,0.813251793384552,0.0003,5.293128490447998,0.6840983072916667,3270,0.3502853810787201,0.18019418,-4.114157705505689,17.57805334031582,0.2
329,4042752,545,58.64179671,124.71,7406,-0.03179179469589144,0.8601489067077637,0.0003,3.1577842235565186,0.7352213541666667,3280,0.35002878308296204,0.27158618,-4.111352976163229,10.877275836467742,0.2
330,4055040,547,62.915885460000005,125.76,7407,-0.03152297677006573,0.8262189626693726,0.0003,7.716634273529053,0.6963948567708333,3290,0.3497042655944824,0.18205617,-4.09228111008803,19.58564986983935,0.2
331,4067328,549,57.00876714,125.75,7407,-0.01950364519143477,0.8979156613349915,0.0003,2.6651506423950195,0.76669921875,3300,0.34990227222442627,0.34142205,-4.100777689615885,7.955313155055046,0.2
332,4079616,550,60.75759208,128.63,7407,-0.026849181661964393,0.8886488080024719,0.0003,3.7693819999694824,0.7322265625,3310,0.34980323910713196,0.23928215,-4.110864190260569,11.128938166300456,0.2
333,4091904,552,61.57498533000001,125.82,7407,-0.03550763619617404,0.8529014587402344,0.0003,5.161677837371826,0.6778727213541667,3320,0.3495213985443115,0.1687998,-4.099401209751765,16.621426009138425,0.2
334,4104192,554,60.83197338000001,124.45,7408,-0.03792717327208569,0.8944950103759766,0.0003,3.2589335441589355,0.7136881510416667,3330,0.34866055846214294,0.25125954,-4.0689952383438746,10.969495846827824,0.2
335,4116480,555,66.6385871,128.16,7408,-0.034146588723524475,0.9034699201583862,0.0003,2.727665901184082,0.7296223958333333,3340,0.34821298718452454,0.27237344,-4.0615642189979555,8.316817710796991,0.2
336,4128768,557,66.15637649,133.1,7408,-0.03354058839128508,0.8979747891426086,0.0003,3.6786227226257324,0.7217610677083334,3350,0.34795746207237244,0.25025076,-4.039861333370209,9.80793166657289,0.2
337,4141056,558,58.697817570000005,125.73,7409,-0.028572195741192748,0.9082213640213013,0.0003,2.3128297328948975,0.7365315755208334,3360,0.34648561477661133,0.3047741,-4.012484534581502,7.064356939991315,0.2
338,4153344,560,56.93691648,119.08,7409,-0.03752930918514418,0.8762260675430298,0.0003,2.986680030822754,0.6984944661458333,3370,0.3452277183532715,0.21237369,-3.964231922229131,11.245298399527867,0.2
339,4165632,562,63.189003060000005,123.95,7409,-0.03202389119736229,0.885043740272522,0.0003,3.66353702545166,0.7302815755208333,3380,0.3443383276462555,0.25704163,-3.940372060239315,10.020468363165856,0.2
340,4177920,563,59.373475060000004,123.36,7409,-0.03323970310933267,0.9167112112045288,0.0003,2.5107221603393555,0.7347412109375,3390,0.3426187336444855,0.2678306,-3.882826127608617,8.098410938183466,0.2
341,4190208,565,65.23752119000001,129.77,7409,-0.028448552044574173,0.9147395491600037,0.0003,2.450796127319336,0.7335367838541667,3400,0.34168872237205505,0.27186564,-3.850126077234745,8.61393281519413,0.2
342,4202496,567,63.26585782,122.69,7409,-0.028195913995538526,0.8880891799926758,0.0003,4.383565425872803,0.712109375,3410,0.34055694937705994,0.20588088,-3.8253458857536318,12.322759211063385,0.2
343,4214784,568,62.97934517000001,120.57,7410,-0.0284108553120556,0.9199738502502441,0.0003,2.8204026222229004,0.7424560546875,3420,0.33946433663368225,0.2736516,-3.770022567609946,8.015440953771273,0.2
344,4227072,570,65.48392467999997,124.01,7410,-0.032877943826800524,0.9040635228157043,0.0003,4.710346698760986,0.7200602213541667,3430,0.3381386697292328,0.23062016,-3.7381863122185073,11.533845289548237,0.2
345,4239360,572,66.22095798,125.25,7410,-0.02907482469357395,0.9274449944496155,0.0003,2.3800060749053955,0.7292154947916667,3440,0.33738669753074646,0.25487468,-3.6968584323922795,8.281665031115214,0.2
346,4251648,573,65.28174731,129.91,7410,-0.039224178537066716,0.9064558148384094,0.0003,4.349964618682861,0.6865641276041666,3450,0.3368530571460724,0.18194182,-3.6752567117412887,11.115687494476637,0.2
347,4263936,575,60.00836996,125.49,7411,-0.02813062992790947,0.900326132774353,0.0003,2.9556918144226074,0.7232828776041667,3460,0.3358787000179291,0.22219849,-3.640532182653745,10.466782990098,0.2
348,4276224,576,67.74724556000001,127.66,7411,-0.038895891728073666,0.8853082060813904,0.0003,3.920544385910034,0.6849934895833333,3470,0.33429408073425293,0.17626186,-3.613085962831974,15.075433985392253,0.2
349,4288512,578,66.97480390000001,132.58,7411,-0.03027100207594534,0.8955923318862915,0.0003,4.965827941894531,0.7225830078125,3480,0.33413925766944885,0.22612767,-3.600606660544872,13.338152348001797,0.2
350,4300800,580,57.85494448999999,129.84,7412,-0.029029448871733622,0.9075099229812622,0.0003,4.525515556335449,0.7238362630208334,3490,0.33317458629608154,0.2315365,-3.5716098760565123,11.937157762050628,0.2
351,4313088,581,60.35333790999999,125.8,7412,-0.030285889464236486,0.892347514629364,0.0003,4.389019012451172,0.7291178385416667,3500,0.3328898847103119,0.22762412,-3.5447332595785457,12.055208171407381,0.2
352,4325376,583,62.00923365,129.45,7412,-0.02999267099852053,0.8948699235916138,0.0003,5.9107346534729,0.7265055338541667,3510,0.33210209012031555,0.25387493,-3.5326657980680465,12.44005305270354,0.2
353,4337664,585,64.43106356,127.61,7412,-0.030227735861747835,0.8709533214569092,0.0003,5.0457444190979,0.7026611328125,3520,0.33168885111808777,0.19163752,-3.500845997532209,15.269344581166903,0.2
354,4349952,586,58.63943084,128.67,7412,-0.022439651045715436,0.8993985652923584,0.0003,3.496504068374634,0.7623453776041667,3530,0.33093544840812683,0.30459282,-3.482321782410145,9.724006655812264,0.2
355,4362240,588,54.88914525,132.03,7413,-0.022485765143452834,0.8830854892730713,0.0003,4.248569011688232,0.7360677083333333,3540,0.3300999701023102,0.23739256,-3.4575409332911176,12.300688595573108,0.2
356,4374528,590,63.152034359999995,130.04,7413,-0.03358884798265838,0.8309216499328613,0.0003,7.684591293334961,0.6673746744791667,3550,0.32849493622779846,0.14285754,-3.413523165881634,25.70860643784205,0.2
357,4386816,591,66.45226558,126.42,7413,-0.027820263784572793,0.9068565964698792,0.0003,3.6640892028808594,0.7429117838541667,3560,0.32759231328964233,0.27759454,-3.37791859159867,10.499198389053344,0.2
358,4399104,593,64.73486932,120.37,7413,-0.029551715361109624,0.8698246479034424,0.0003,4.230961799621582,0.7173258463541666,3570,0.3270632326602936,0.21950002,-3.3472790251175564,14.038033388058345,0.2
359,4411392,595,61.776147099999996,125.69,7413,-0.019793655037453086,0.8833124041557312,0.0003,3.5850307941436768,0.7495768229166667,3580,0.3274881839752197,0.27673474,-3.362601887683074,13.144328260421753,0.2
360,4423680,596,70.18611728,122.34,7414,-0.024909310842243335,0.8673004508018494,0.0003,5.703490734100342,0.7154296875,3590,0.3275545537471771,0.225565,-3.3678827822208404,15.675703461964925,0.2
361,4435968,598,66.43610154,121.35,7414,-0.023065519971229756,0.8946952223777771,0.0003,4.971057891845703,0.750439453125,3600,0.32657477259635925,0.26458085,-3.3579615001877148,13.323500226934751,0.2
362,4448256,599,61.89611221000001,113.54,7414,-0.005950763313254962,0.8896775245666504,0.0003,3.1988651752471924,0.7724202473958334,3610,0.3265562951564789,0.28172973,-3.350698919594288,12.846312606334687,0.2
363,4460544,601,58.38730255999999,115.69,7414,-0.01814551183827765,0.9121008515357971,0.0003,3.1643667221069336,0.7671956380208333,3620,0.32782208919525146,0.30562064,-3.3795586094260215,9.418750038743019,0.2
364,4472832,603,63.01288389999999,119.17,7415,-0.03268756598069255,0.8862449526786804,0.0003,4.829812049865723,0.7199381510416667,3630,0.3267471492290497,0.23941219,-3.365669577817122,13.101403697331746,0.2
365,4485120,604,66.46254173000001,122.69,7415,-0.03251391091519811,0.8971567153930664,0.0003,5.151705265045166,0.7159830729166666,3640,0.326189786195755,0.21469967,-3.3292808418472606,15.614785905679067,0.2
366,4497408,606,64.69732271000001,120.11,7415,-0.03467602137534413,0.9100821614265442,0.0003,3.8238604068756104,0.7283610026041667,3650,0.3259095549583435,0.25199983,-3.317049024005731,12.296834695339204,0.2
367,4509696,608,68.15924732,120.1,7415,-0.020713975855809016,0.8932179808616638,0.0003,3.971358299255371,0.7464762369791667,3660,0.32567813992500305,0.29332772,-3.314253781239192,12.561135059595108,0.2
368,4521984,609,64.58590838,121.41,7416,-0.03381020303155916,0.9039917588233948,0.0003,3.757232427597046,0.7232828776041667,3670,0.325816810131073,0.22712266,-3.2977140034238497,14.80134711265564,0.2
369,4534272,611,56.58307094999999,124.53,7416,-0.028275832719130752,0.9011037349700928,0.0003,3.294938325881958,0.7376953125,3680,0.32418203353881836,0.28029555,-3.26677521665891,11.870402839779853,0.2
370,4546560,613,66.47644561,130.86,7415,-0.0306651102049121,0.852074146270752,0.0003,5.839955806732178,0.7094807942708333,3690,0.3240087926387787,0.2060266,-3.2391446804006896,18.491653761267663,0.2
371,4558848,614,59.701729750000005,130.91,7415,-0.030523609163356013,0.8812739849090576,0.0003,9.895934104919434,0.7314615885416667,3700,0.3231118619441986,0.25155643,-3.214637831846873,16.056818049152692,0.2
372,4571136,616,62.60742686,127.45,7416,-0.026587832476070616,0.8499855995178223,0.0003,6.165143013000488,0.7257242838541667,3710,0.322480171918869,0.2110976,-3.2003922700881957,18.184552110234897,0.2
373,4583424,618,67.9465919,122.78,7416,-0.015876463960739783,0.8495697379112244,0.0003,4.256335258483887,0.7528564453125,3720,0.321711927652359,0.24696983,-3.173606838285923,13.91219192246596,0.2
374,4595712,619,65.17250732000001,125.76,7416,-0.021522012941810924,0.9090406894683838,0.0003,4.439480304718018,0.7544189453125,3730,0.32118114829063416,0.26429713,-3.1531774421532948,10.838148613770803,0.2
375,4608000,621,62.10919757999999,122.91,7417,-0.026372528097514683,0.9141702055931091,0.0003,3.251906633377075,0.75302734375,3740,0.3206958472728729,0.30166888,-3.1388280913233757,10.76141172250112,0.2
376,4620288,622,60.430036789999996,122.15,7417,-0.01949806392658502,0.8967504501342773,0.0003,4.125744819641113,0.7675211588541667,3750,0.320332795381546,0.31133652,-3.1394028743108113,10.810461942354838,0.2
377,4632576,624,59.09311637999999,124.26,7417,-0.02778950374243626,0.8869107365608215,0.0003,4.4368486404418945,0.7150227864583333,3760,0.31983423233032227,0.21089812,-3.109037408729394,17.81233386596044,0.2
378,4644864,626,62.30906212,125.76,7417,-0.023429202024514477,0.864263653755188,0.0003,5.152884483337402,0.7352620442708333,3770,0.3193615972995758,0.24047367,-3.0852057933807373,15.566860044002533,0.2
379,4657152,627,67.09398936,125.65,7418,-0.022168271957586208,0.8806014060974121,0.0003,8.25064468383789,0.7384602864583333,3780,0.31872251629829407,0.22904116,-3.0716256032387417,17.831222247083982,0.2
380,4669440,629,64.5907506,127.7,7418,-0.029857522971966925,0.8861753344535828,0.0003,5.060546875,0.7240559895833333,3790,0.3176233768463135,0.23635946,-3.0355915427207947,15.745586635669072,0.2
381,4681728,631,56.42788983,133.6,7418,-0.011727244263359657,0.8936735391616821,0.0003,5.277886390686035,0.7698567708333334,3800,0.317977637052536,0.29690287,-3.0401120339830716,12.6687153895696,0.2
382,4694016,632,61.214427210000004,136.16,7418,-0.03515509001445025,0.7919187545776367,0.0003,8.511109352111816,0.6482177734375,3810,0.3168436586856842,0.14011109,-3.0111749470233917,26.005814146995544,0.2
383,4706304,634,66.30534599,138.03,7418,-0.022697718059256054,0.8524103760719299,0.0003,6.044211387634277,0.7387858072916667,3820,0.3167193830013275,0.25406215,-2.992107349137465,16.895842051506044,0.2
384,4718592,636,56.68222032,134.38,7419,-0.01589549887382115,0.8438021540641785,0.0003,5.625460147857666,0.7483642578125,3830,0.31696566939353943,0.23419173,-3.0068605586886408,20.87198683321476,0.2
385,4730880,637,66.09566366000001,141.08,7419,-0.008774261204719854,0.8655887842178345,0.0003,7.4751081466674805,0.7669270833333334,3840,0.3171386420726776,0.24572742,-3.02351925522089,15.613323542475701,0.2
386,4743168,639,57.45148444,144.98,7419,-0.03589443823196537,0.8668084740638733,0.0003,7.386239528656006,0.7128173828125,3850,0.31547486782073975,0.22428305,-2.973723854621251,18.030818663040797,0.2
387,4755456,640,60.455377049999996,141.09,7419,-0.031628324901491096,0.8205246925354004,0.0003,8.076092720031738,0.697509765625,3860,0.31508752703666687,0.18704814,-2.93193718791008,22.132086382309595,0.2
388,4767744,642,65.98121764000001,141.66,7420,-0.03412646211509127,0.7672866582870483,0.0003,13.01582145690918,0.6624186197916667,3870,0.3139677941799164,0.13842209,-2.900249862174193,36.726376150051756,0.2
389,4780032,644,64.37416370999999,142.57,7420,-0.002879685663113681,0.8444230556488037,0.0003,5.948403835296631,0.7859456380208333,3880,0.31440499424934387,0.34086886,-2.919462737441063,18.349801602959634,0.2
390,4792320,645,66.62526468,140.39,7420,-0.01830805884771204,0.8529611229896545,0.0003,5.706851005554199,0.7505126953125,3890,0.31424573063850403,0.25441566,-2.9179684360822042,16.780430800716083,0.2
391,4804608,647,58.38523398,130.78,7420,-0.026420418183746127,0.8319264650344849,0.0003,5.916500091552734,0.7196370442708333,3900,0.3137916028499603,0.21959229,-2.900621176759402,20.910430322090786,0.2
392,4816896,649,69.50079192,132.47,7420,-0.005808329910602576,0.7897619605064392,0.0003,12.617445945739746,0.7358235677083333,3910,0.3146301209926605,0.17500895,-2.9105017776290576,28.178052093585332,0.2
393,4829184,650,66.39003331999999,136.02,7421,-0.017718261109742648,0.8298854827880859,0.0003,8.449658393859863,0.7526041666666666,3920,0.3151572644710541,0.2777798,-2.93392420510451,22.013411420583726,0.2
394,4841472,652,59.083246290000005,137.76,7421,-0.022951313109175923,0.8500552177429199,0.0003,8.187148094177246,0.7331705729166667,3930,0.3153194785118103,0.23814483,-2.93747975975275,23.493078484137854,0.2
395,4853760,654,57.320146079999994,127.51,7421,-0.025596219758153894,0.7279940247535706,0.0003,12.223889350891113,0.6950032552083333,3940,0.31528615951538086,0.16687799,-2.938909693559011,38.54452223380407,0.2
396,4866048,655,64.96670784,126.52,7421,-0.01895130879614347,0.7665227651596069,0.0003,9.23675537109375,0.7287760416666667,3950,0.31468892097473145,0.2075895,-2.9311616882681846,35.65315433343252,0.2
397,4878336,657,64.88188601,127.78,7420,0.003817782533587888,0.8500893712043762,0.0003,5.336941719055176,0.8004069010416667,3960,0.3146773874759674,0.36597767,-2.9240639920036,16.409162871042888,0.2
398,4890624,659,56.51682453999999,117.22,7421,-0.01665594168807729,0.8306875228881836,0.0003,7.111438751220703,0.7400146484375,3970,0.3144662082195282,0.20117436,-2.9254550392429035,28.564033140738804,0.2
399,4902912,660,72.81284182,129.87,7421,0.009624310407768158,0.8007272481918335,0.0003,9.302684783935547,0.7694173177083333,3980,0.3152066469192505,0.19935018,-2.9427913094560307,28.467228531837463,0.2
400,4915200,662,63.93254124999999,127.63,7421,-0.005571169020064796,0.8667340874671936,0.0003,5.940896987915039,0.7949788411458333,3990,0.3161153495311737,0.37238678,-2.9688408290346464,14.809867891669274,0.2
401,4927488,663,61.25638509999999,128.32,7421,0.002525909811083693,0.8646984100341797,0.0003,4.947402477264404,0.8044921875,4000,0.31660524010658264,0.3655043,-3.002769809464614,13.780797545115153,0.2
402,4939776,665,71.41510051,129.47,7421,-0.024754231707386984,0.8368099927902222,0.0003,10.501240730285645,0.7251057942708333,4010,0.3154947757720947,0.22600287,-2.98059261093537,21.411393551031747,0.2
403,4952064,667,66.82736712,134.55,7421,-0.019262722851514504,0.902316689491272,0.0003,4.421839237213135,0.7699869791666667,4020,0.31445491313934326,0.3390017,-2.947943266729514,10.802364570895831,0.2
404,4964352,668,62.910191590000004,133.11,7422,-0.026584733970230444,0.8783213496208191,0.0003,5.408206462860107,0.7499593098958334,4030,0.3143555819988251,0.27790046,-2.9315949718157452,12.599616690476735,0.2
405,4976640,670,63.071654259999995,129.84,7422,-0.022280236116300027,0.8515651226043701,0.0003,5.552860260009766,0.7462809244791667,4040,0.3141610622406006,0.26391944,-2.925212037563324,16.20044609606266,0.2
406,4988928,672,61.70281636,137.08,7422,-0.013225719046992405,0.8835087418556213,0.0003,5.616100788116455,0.7677571614583333,4050,0.31363120675086975,0.30784592,-2.926405875881513,14.80668597916762,0.2
407,5001216,673,59.87587387999999,133.04,7423,-0.032414158492853555,0.7802889943122864,0.0003,10.789731979370117,0.6549397786458333,4060,0.31311070919036865,0.13065057,-2.891034014026324,34.54497616291046,0.2
408,5013504,675,66.15792865000002,137.81,7422,-0.020711588044650852,0.8766963481903076,0.0003,4.397678852081299,0.7697835286458333,4070,0.3133597671985626,0.3651471,-2.8989322712024053,12.24280389646689,0.2
409,5025792,677,66.96462439999999,130.04,7422,-0.0288754335323271,0.8399628400802612,0.0003,8.16270923614502,0.7256510416666667,4080,0.3128724992275238,0.23470823,-2.8957660590608914,20.43656525015831,0.2
410,5038080,678,69.70858831000001,137.57,7423,-0.01945976713031996,0.8877389430999756,0.0003,3.7278013229370117,0.7487630208333333,4090,0.3130508363246918,0.27361703,-2.8906660730640095,13.883218109607697,0.2
411,5050368,680,52.881026930000004,135.76,7423,-0.028653940315901613,0.8403183221817017,0.0003,4.658447265625,0.7224527994791666,4100,0.3125017583370209,0.21868984,-2.8797183523575467,18.49266475637754,0.2
412,5062656,681,65.79448805999999,137.72,7423,-0.012591783521929755,0.6717849969863892,0.0003,24.724102020263672,0.707080078125,4110,0.31289854645729065,0.15116549,-2.8770850817362468,54.23560657898585,0.2
413,5074944,683,65.77924397000001,140.99,7424,-0.0025128462264547126,0.8333360552787781,0.0003,7.824234962463379,0.7824625651041667,4120,0.31407639384269714,0.30673406,-2.9314536010225614,19.874330045779548,0.2
414,5087232,685,61.07078534,136.96,7424,-0.017462417780188845,0.8421871066093445,0.0003,5.741357326507568,0.7534749348958333,4130,0.31361058354377747,0.24648006,-2.9342673897743223,20.394077120224633,0.2
415,5099520,686,58.351337290000004,138.62,7424,-0.023345536067063223,0.8100367784500122,0.0003,10.25756549835205,0.73232421875,4140,0.31256991624832153,0.2593805,-2.8955669422944386,24.388171952962875,0.2
416,5111808,688,61.20041218,138.78,7424,-0.027141437500298102,0.7806026935577393,0.0003,11.655314445495605,0.716259765625,4150,0.3119603395462036,0.18199821,-2.8636670355995495,30.387404084205627,0.2
417,5124096,690,71.44129503,138.18,7425,-0.016407382517354564,0.8076918125152588,0.0003,11.268945693969727,0.7439778645833334,4160,0.31224343180656433,0.21045667,-2.863837035000324,27.716890476147334,0.2
418,5136384,691,58.57557756,138.21,7425,0.004334218469254362,0.875275731086731,0.0003,5.086981773376465,0.8073811848958333,4170,0.3123203217983246,0.38078907,-2.8738640889525415,14.9309247225523,0.2
419,5148672,693,63.52417157,137.85,7425,-0.0345579148173177,0.8088296055793762,0.0003,5.535400390625,0.6919352213541666,4180,0.3114074468612671,0.17430969,-2.850875714421272,23.314512377977373,0.2
420,5160960,695,67.40041793000002,129.8,7425,-0.020299845151021144,0.8585523366928101,0.0003,6.6302289962768555,0.7487223307291667,4190,0.31137213110923767,0.25519857,-2.832599095503489,21.811873112122218,0.2
421,5173248,696,69.0371199,129.33,7425,-0.009038793193758466,0.8658836483955383,0.0003,6.160560607910156,0.7677001953125,4200,0.31186196208000183,0.27666083,-2.8480564137299855,16.043432275454204,0.2
422,5185536,698,70.59732779,122.03,7426,-0.017437013671345387,0.8812786936759949,0.0003,5.20000696182251,0.7619222005208334,4210,0.3124580383300781,0.32240793,-2.876006439824899,13.739364050825436,0.2
423,5197824,699,70.64258862000001,123.66,7426,-0.00940742933889851,0.8802741765975952,0.0003,4.078067302703857,0.788818359375,4220,0.31225916743278503,0.36723748,-2.879731466372808,11.50074598789215,0.2
424,5210112,701,58.65671082,121.0,7426,-0.02312042659614235,0.8979362845420837,0.0003,5.6592254638671875,0.7646484375,4230,0.312507301568985,0.32886893,-2.8740779504179956,12.704119461774827,0.2
425,5222400,703,65.78779001000001,117.61,7426,-0.02538344946806319,0.8375770449638367,0.0003,6.226447105407715,0.7232991536458333,4240,0.311479389667511,0.21285021,-2.8490501950184504,18.165312896172207,0.2
426,5234688,704,63.53568542000001,123.21,7426,-0.001912500861605319,0.9029350876808167,0.0003,6.060080051422119,0.7930989583333333,4250,0.3121204376220703,0.3310983,-2.859541912873586,12.859169885516167,0.2
427,5246976,706,68.48656501,119.62,7426,-0.017561205924721435,0.8748441338539124,0.0003,3.42087721824646,0.7561848958333334,4260,0.31185123324394226,0.26230457,-2.862478996813297,14.921939718723298,0.2
428,5259264,708,67.47811549,119.48,7427,-0.012040962629059019,0.9156500697135925,0.0003,3.779118537902832,0.7797037760416666,4270,0.31155064702033997,0.33988997,-2.8504909401138625,9.918037161231041,0.2
429,5271552,709,66.70898238,122.93,7426,-0.024595976286218502,0.8948445320129395,0.0003,3.836622476577759,0.7586995442708333,4280,0.31065309047698975,0.30894783,-2.824593340357145,12.013273496429125,0.2
430,5283840,711,67.35438432000001,125.63,7426,-0.016704052534381238,0.9110808372497559,0.0003,2.8431646823883057,0.773046875,4290,0.3109946548938751,0.35034823,-2.8157934014995893,8.49841486811638,0.2
431,5296128,713,64.21444609000001,124.24,7425,-0.00014673139861163994,0.9161956906318665,0.0003,3.309842586517334,0.7792724609375,4300,0.310843825340271,0.3075814,-2.8219762990872064,9.246414151787757,0.2
432,5308416,714,63.74870876999999,123.56,7425,-0.035709975546342324,0.8969516754150391,0.0003,6.410409450531006,0.7209391276041667,4310,0.3096042275428772,0.22246604,-2.7757598395148912,14.133495165904362,0.2
433,5320704,716,65.43932288,129.36,7425,-0.025591132214564518,0.883287787437439,0.0003,4.522814750671387,0.7482991536458333,4320,0.3089453876018524,0.25156483,-2.7505660369992255,11.488851899902025,0.2
434,5332992,718,62.18341880999999,124.86,7425,-0.025320528992839778,0.887638509273529,0.0003,4.934419631958008,0.7355631510416667,4330,0.30830228328704834,0.25322315,-2.7234211499492327,15.406442785263062,0.2
435,5345280,719,65.39528235,127.12,7425,-0.03432340580232752,0.8299869298934937,0.0003,6.1257643699646,0.6878499348958333,4340,0.3074393570423126,0.18705134,-2.6714833080768585,20.78490764896075,0.2
436,5357568,721,62.403877650000005,131.4,7426,-0.02260146274250777,0.8796207904815674,0.0003,3.6869020462036133,0.7522786458333334,4350,0.3067527115345001,0.29187438,-2.6461676051219305,12.751560511191686,0.2
437,5369856,723,62.55485294000001,126.2,7426,-0.021790203332784586,0.8478567004203796,0.0003,5.919642448425293,0.7469401041666667,4360,0.3061709702014923,0.2321736,-2.634634230534236,21.700470997889838,0.2
438,5382144,724,67.79021166,126.25,7426,-0.009848901479078147,0.8293154239654541,0.0003,5.6556782722473145,0.7595296223958333,4370,0.30696195363998413,0.24915022,-2.6516289075215655,18.64163135488828,0.2
439,5394432,726,70.4229817,129.1,7426,-0.025160223144242384,0.8488694429397583,0.0003,4.026883602142334,0.7368570963541666,4380,0.30672234296798706,0.25967345,-2.6415955483913423,15.414264062047005,0.2
440,5406720,728,64.11644618,125.17,7426,-0.019725479416471594,0.8595366477966309,0.0003,6.6708083152771,0.7557047526041667,4390,0.3060791790485382,0.24767749,-2.6283752888441088,16.96867079734802,0.2
441,5419008,729,63.612737020000004,118.91,7426,0.0022402191922689476,0.837913453578949,0.0003,4.402770042419434,0.7858561197916667,4400,0.3070168197154999,0.3060722,-2.6445442299048105,14.01998731692632,0.2
442,5431296,731,62.46845069999999,122.62,7426,0.07128960021364036,0.892972469329834,0.0003,5.081928730010986,0.8594645182291667,4410,0.3099554479122162,0.49326965,-2.73709224263827,11.751645270983378,0.2
443,5443584,732,69.40134334,126.16,7426,-0.030573823450928708,0.8590960502624512,0.0003,7.051713466644287,0.7274739583333333,4420,0.3097864091396332,0.24174671,-2.764411050081253,15.828492398063341,0.2
444,5455872,734,71.03512823,127.25,7427,-0.018495812988354978,0.9139239192008972,0.0003,3.0234549045562744,0.7798746744791667,4430,0.30887240171432495,0.3728077,-2.739266570409139,9.687454500794411,0.2
445,5468160,736,72.20517455999999,123.26,7427,-0.006784033723912823,0.9275047779083252,0.0003,3.873967409133911,0.7992431640625,4440,0.30874165892601013,0.39217934,-2.729271276295185,8.89075376689434,0.2
446,5480448,737,67.94223377,124.06,7426,-0.02591871584299952,0.9291333556175232,0.0003,2.0963516235351562,0.7499267578125,4450,0.3080970346927643,0.29110512,-2.722984872261683,8.340724899371464,0.2
447,5492736,739,66.83067096999999,122.83,7426,-0.03215607077969859,0.9007246494293213,0.0003,3.834254741668701,0.730419921875,4460,0.30735623836517334,0.23668341,-2.6954882348577183,12.655880957841873,0.2
448,5505024,741,68.73023420999999,125.85,7427,-0.02828858097200282,0.8988083004951477,0.0003,5.4370436668396,0.7338785807291667,4470,0.30628523230552673,0.2316416,-2.6509512344996136,15.727736602226893,0.2
449,5517312,742,59.57477821000001,126.23,7427,-0.028262805867416318,0.8947489261627197,0.0003,4.426741123199463,0.7348388671875,4480,0.30588242411613464,0.24196367,-2.6229926298062005,13.078516562779745,0.2
450,5529600,744,64.03633986000001,125.82,7427,-0.015724702093090553,0.8555500507354736,0.0003,6.528478145599365,0.7564371744791667,4490,0.3060701787471771,0.25341007,-2.6291704908013345,17.188363381226857,0.2
451,5541888,746,66.65056592,121.36,7427,-0.022396020928378373,0.8584982752799988,0.0003,7.070500373840332,0.7454020182291666,4500,0.3060002326965332,0.25815523,-2.6197639271616935,15.522783293326695,0.2
452,5554176,747,71.98261463,121.98,7428,-0.0029552001282960798,0.8882070779800415,0.0003,4.11396598815918,0.7879557291666667,4510,0.3063133955001831,0.3379328,-2.6500741307934126,14.241746242841085,0.2
453,5566464,749,60.36261713000001,121.66,7428,-0.0140675451849044,0.9073282480239868,0.0003,5.229398727416992,0.7607666015625,4520,0.30644237995147705,0.2673141,-2.6452318246165913,12.865425291657449,0.2
454,5578752,750,65.35161112,115.35,7428,-0.02435758144711144,0.8602825403213501,0.0003,3.4967401027679443,0.7432779947916667,4530,0.30426260828971863,0.26381496,-2.5900862365961075,15.889657992124558,0.2
455,5591040,752,65.71146622,117.88,7428,-0.011950822436483577,0.9137179255485535,0.0003,2.2709522247314453,0.8028401692708333,4540,0.30482086539268494,0.4331193,-2.582638989885648,8.177115744849045,0.2
456,5603328,754,63.22917094,113.73,7428,0.005553735504023886,0.9052509665489197,0.0003,3.948436737060547,0.808056640625,4550,0.3045572340488434,0.39310372,-2.585937561094761,9.784197890758515,0.2
457,5615616,755,69.54512498,116.32,7428,-0.021332669793628155,0.9218283295631409,0.0003,3.0262153148651123,0.7556315104166667,4560,0.3042691946029663,0.2881811,-2.572712004184723,10.24216513534387,0.2
458,5627904,757,63.555468890000014,113.62,7428,-0.030408541654469445,0.9314088225364685,0.0003,2.7096712589263916,0.756494140625,4570,0.3044191896915436,0.29626095,-2.5773969401915866,8.357994956274828,0.2
459,5640192,759,67.45659146,118.45,7428,-0.0230854596515807,0.9144735932350159,0.0003,4.4586262702941895,0.7524658203125,4580,0.303600549697876,0.28867742,-2.565263806283474,10.85984564423561,0.2
460,5652480,760,64.01937987000001,117.89,7428,-0.026829477767266022,0.9155023694038391,0.0003,2.827482223510742,0.7528401692708333,4590,0.30247238278388977,0.31504476,-2.5124847114086153,9.784258197744688,0.2
461,5664768,762,62.10324222,120.03,7429,-0.025194761610570517,0.898076057434082,0.0003,6.367095947265625,0.7468098958333333,4600,0.30252978205680847,0.25097367,-2.4967241962750752,14.277295314272244,0.2
462,5677056,764,59.384422580000006,113.43,7429,-0.03240134161702978,0.8453818559646606,0.0003,5.127424240112305,0.6845703125,4610,0.30169132351875305,0.15268417,-2.471329818665981,21.55048227508863,0.2
463,5689344,765,68.24284582999998,121.54,7429,0.028934619077093278,0.9095855355262756,0.0003,4.065804958343506,0.8304280598958333,4620,0.30274906754493713,0.42172185,-2.5054830561081567,10.448418825864792,0.2
464,5701632,767,59.87729547999999,123.31,7429,-0.03149523689062335,0.9192062020301819,0.0003,3.119647979736328,0.7462727864583333,4630,0.3019721806049347,0.3029773,-2.489527152478695,10.62705316344897,0.2
465,5713920,769,62.35808621,118.87,7429,-0.035435767639622404,0.8471933603286743,0.0003,5.895522117614746,0.6836344401041666,4640,0.301501601934433,0.16706072,-2.4529969170689583,19.295953862865765,0.2
466,5726208,770,59.33558181,117.88,7429,-0.034701421656063755,0.8488277196884155,0.0003,6.6332926750183105,0.6862711588541667,4650,0.30101069808006287,0.18422373,-2.4423882285753886,20.186942209800083,0.2
467,5738496,772,64.92823547,120.91,7429,-0.015849814273921462,0.8766811490058899,0.0003,6.506287574768066,0.770849609375,4660,0.3013719320297241,0.31167963,-2.4535475368301074,15.493660275141398,0.2
468,5750784,774,61.05697472000001,113.14,7429,-0.016482203066698276,0.8681871891021729,0.0003,4.170510768890381,0.7800455729166667,4670,0.3022262752056122,0.34951782,-2.47825184216102,11.091258165240287,0.2
469,5763072,775,68.73951917,115.9,7429,-0.0003943977698024052,0.926361620426178,0.0003,3.4334652423858643,0.8079915364583333,4680,0.30220070481300354,0.40192422,-2.4815909385681154,9.123360057671865,0.2
470,5775360,777,61.62290686,118.41,7430,-0.01886964839650318,0.9168915748596191,0.0003,4.4313578605651855,0.7676106770833333,4690,0.3024576008319855,0.31253663,-2.4854154561956725,11.070775596300761,0.2
471,5787648,778,64.14673747,122.21,7430,-0.011703144788043573,0.8613606691360474,0.0003,4.390748977661133,0.7475504557291667,4700,0.30294039845466614,0.22692187,-2.511933074394862,16.153771246472996,0.2
472,5799936,780,61.34460093,129.26,7430,-0.030447800137335435,0.8695815205574036,0.0003,6.928181171417236,0.7241536458333333,4710,0.3021816909313202,0.22391485,-2.4961504956086475,18.361737124125163,0.2
473,5812224,782,60.207242889999996,118.98,7430,-0.043072819804850344,0.8009428381919861,0.0003,7.4461469650268555,0.6467447916666667,4720,0.300980806350708,0.1405197,-2.4460047895709676,28.259540388981502,0.2
474,5824512,783,65.28968417,121.25,7430,-0.007546581866336055,0.8747056126594543,0.0003,4.193002700805664,0.7844807942708333,4730,0.3015289008617401,0.31414935,-2.4436081419388453,15.089700941244761,0.2
475,5836800,785,57.423603670000006,123.52,7430,-0.022130219972071548,0.8805100321769714,0.0003,4.132867813110352,0.773193359375,4740,0.3015308678150177,0.33844623,-2.4542958468198774,11.666621525088946,0.2
476,5849088,787,57.77456926000001,120.02,7430,-0.021571358094903795,0.811741292476654,0.0003,6.049890995025635,0.7430908203125,4750,0.30197814106941223,0.23459102,-2.46380659788847,18.54628491997719,0.2
477,5861376,788,59.05971655999999,116.49,7430,-0.012888639355272366,0.8267014026641846,0.0003,6.653237342834473,0.7741943359375,4760,0.3022734224796295,0.303357,-2.4846078981955846,18.240281099081038,0.2
478,5873664,790,67.96344329,119.31,7431,-0.006613759654768122,0.8816429376602173,0.0003,5.139907360076904,0.7871663411458333,4770,0.30325284600257874,0.4050168,-2.517523085077604,12.485623075564702,0.2
479,5885952,792,56.57770663000001,110.62,7431,-0.00880858358189774,0.9217264652252197,0.0003,3.159858226776123,0.7958414713541667,4780,0.3043116629123688,0.4049773,-2.552493265271187,7.831606464584668,0.2
480,5898240,793,57.06652806000001,108.4,7431,-0.01102264538446131,0.9049863219261169,0.0003,3.9359500408172607,0.7798095703125,4790,0.30365368723869324,0.3393804,-2.555789056420326,10.690831499298413,0.2
481,5910528,795,64.21079082,114.41,7431,-0.02609508086364561,0.8711501955986023,0.0003,5.229308128356934,0.714501953125,4800,0.3029402792453766,0.18333328,-2.5240840698281923,17.505221688747405,0.2
482,5922816,796,57.660513879999996,104.87,7431,-0.025217492478744438,0.9034867286682129,0.0003,3.2985663414001465,0.7763671875,4810,0.30305933952331543,0.39723158,-2.5187913795312245,9.742001802722614,0.2
483,5935104,798,59.44383468,106.79,7431,0.0023843674852590388,0.9237657785415649,0.0003,2.2999074459075928,0.8143961588541667,4820,0.3037414252758026,0.4426392,-2.556923857331276,7.557142722606659,0.2
484,5947392,800,65.45336202,110.11,7431,-0.019049707991265073,0.9011458158493042,0.0003,4.219923496246338,0.7583984375,4830,0.3032896816730499,0.25509807,-2.543293802936872,11.605140092968941,0.2
485,5959680,801,61.67466912,111.08,7431,-0.02085205822562178,0.9274141788482666,0.0003,3.781649589538574,0.7691080729166667,4840,0.3028245270252228,0.30346423,-2.5281751478711763,9.99283166329066,0.2
486,5971968,803,62.63187626,113.68,7431,-0.02213022414847122,0.9183512926101685,0.0003,3.2796318531036377,0.7559163411458333,4850,0.30201029777526855,0.26839343,-2.5080012942353886,10.941534164547921,0.2
487,5984256,805,64.36330402,114.0,7431,-0.03250398098025471,0.8936076164245605,0.0003,5.202340126037598,0.7265787760416667,4860,0.3014044165611267,0.23542784,-2.4713597506284715,15.069641306002934,0.2
488,5996544,806,61.97143470000001,112.67,7431,-0.018959230419325953,0.9061518907546997,0.0003,3.5944199562072754,0.7756754557291666,4870,0.3002910614013672,0.33460477,-2.4333174859484035,11.20474715232849,0.2
489,6008832,808,65.69871118,118.99,7431,-0.016243839214439504,0.9104181528091431,0.0003,2.784576654434204,0.7874186197916667,4880,0.300195574760437,0.3996288,-2.4354448184370994,9.218353489041329,0.2
490,6021120,810,61.326825449999994,116.15,7432,-0.018342833774901614,0.9115894436836243,0.0003,4.591057777404785,0.776806640625,4890,0.30023834109306335,0.32933268,-2.4377881055076918,11.420871820052465,0.2
491,6033408,811,60.17891659000001,117.13,7432,-0.021456222102278842,0.8856462836265564,0.0003,2.6957852840423584,0.7618001302083334,4900,0.2999579608440399,0.31371513,-2.4329004575808844,11.50532688399156,0.2
492,6045696,813,68.58174658000002,118.1,7432,-0.03821897964808159,0.8773717284202576,0.0003,6.823170185089111,0.6952718098958334,4910,0.2996771037578583,0.19737689,-2.411954735219479,18.871203790108364,0.2
493,6057984,815,64.1593703,108.05,7432,-0.04237088948818079,0.8985176086425781,0.0003,5.28453254699707,0.7025390625,4920,0.2987197935581207,0.21236281,-2.380804219841957,14.560360284646352,0.2
494,6070272,816,62.50479187,111.84,7432,-0.00013457486153735468,0.9303818345069885,0.0003,3.1717121601104736,0.8133138020833334,4930,0.29985517263412476,0.469612,-2.415320706864198,7.217425873875618,0.2
495,6082560,818,64.74068182,116.8,7432,-0.011791574619322395,0.9158013463020325,0.0003,2.968722343444824,0.789013671875,4940,0.2985466718673706,0.35500088,-2.3951103379329046,9.1493976354599,0.2
496,6094848,819,61.90633151,117.84,7432,-0.011244141161053751,0.920039713382721,0.0003,2.8892507553100586,0.7878499348958333,4950,0.29796314239501953,0.34005055,-2.3513692170381546,9.264089950919152,0.2
497,6107136,821,64.99174221999999,123.48,7432,-0.02749075863684993,0.8776849508285522,0.0003,6.259598731994629,0.7371907552083333,4960,0.297819048166275,0.24104016,-2.3478491455316544,15.054839825630188,0.2
498,6119424,823,68.18726154999999,119.3,7432,0.006622247382377585,0.9108448624610901,0.0003,3.058722496032715,0.8064453125,4970,0.2982804477214813,0.41886887,-2.3642209296425185,10.732674699028333,0.2
499,6131712,824,67.41935165000001,116.44,7433,-0.03418311354277345,0.8804787397384644,0.0003,5.5979743003845215,0.7155192057291667,4980,0.29782891273498535,0.21864581,-2.3483648175994554,16.122102308273316,0.2
500,6144000,826,60.740097850000005,111.01,7433,-0.013042608587420545,0.9167384505271912,0.0003,5.087390899658203,0.7761149088541667,4990,0.2972151041030884,0.30051237,-2.3290549476941425,11.455501423279445,0.2
501,6156288,828,64.70878056,111.85,7433,-0.026345678366487844,0.8899221420288086,0.0003,3.5161898136138916,0.7157552083333333,5000,0.29701974987983704,0.24021792,-2.3167199537158014,14.69631442030271,0.2
502,6168576,829,70.53103532,117.98,7433,-0.012968800073334326,0.9195057153701782,0.0003,5.436020851135254,0.771044921875,5010,0.2972930669784546,0.30005506,-2.319415632883708,13.092136976122855,0.2
503,6180864,831,61.46278778,112.77,7433,-0.03547273334503795,0.91023188829422,0.0003,5.742149829864502,0.7147786458333333,5020,0.2968684434890747,0.20004253,-2.3103398432334266,15.905839504798253,0.2
504,6193152,833,64.09316396,118.88,7433,0.002585615551409622,0.8994784355163574,0.0003,5.649454593658447,0.8042073567708333,5030,0.2976711094379425,0.35219166,-2.324216061333815,12.959581364194552,0.2
505,6205440,834,71.58023514000001,118.63,7433,-0.013975072155396144,0.890577495098114,0.0003,5.156215190887451,0.762060546875,5040,0.2980702221393585,0.23160641,-2.3559370999534925,17.479160669445992,0.2
506,6217728,836,58.92520043999999,114.32,7433,-0.013626922142429975,0.9144569039344788,0.0003,2.949446678161621,0.774365234375,5050,0.2981441617012024,0.32904658,-2.361498083670934,10.604629545410473,0.2
507,6230016,838,66.89300535000001,110.37,7433,-0.0197611910882794,0.8293223977088928,0.0003,8.367013931274414,0.7216634114583333,5060,0.2969449460506439,0.21989918,-2.33217796087265,19.91938344836235,0.2
508,6242304,839,68.17974020000001,115.96,7433,0.04715271558961831,0.918329656124115,0.0003,5.148660182952881,0.852734375,5070,0.29911312460899353,0.4823543,-2.3769158015648526,11.26471776564916,0.2
509,6254592,841,65.27042039000001,116.99,7433,-0.025548305556973596,0.8969635963439941,0.0003,5.518831729888916,0.7410970052083333,5080,0.2995738983154297,0.28908977,-2.4109536573290824,13.55595740576585,0.2
510,6266880,842,66.7263457,118.49,7434,-0.021343347481645954,0.8927671909332275,0.0003,5.374243259429932,0.7495686848958333,5090,0.2992383539676666,0.27738693,-2.415490733583768,13.587391272187233,0.2
511,6279168,844,61.68972097999998,119.95,7434,-0.006894850691120761,0.8919824957847595,0.0003,3.732635021209717,0.7850016276041667,5100,0.29853299260139465,0.32233712,-2.3943901191155117,12.230518303314845,0.2
512,6291456,846,58.76476391,124.13,7434,-0.015624048798539054,0.9022034406661987,0.0003,5.241410255432129,0.760498046875,5110,0.29845842719078064,0.27626452,-2.3866843715310098,13.80580612619718,0.2
513,6303744,847,70.51240552,123.83,7434,-0.03208082241859908,0.7298654317855835,0.0003,22.481788635253906,0.6262369791666667,5120,0.29770129919052124,0.10403421,-2.3535413081447283,43.94103042682012,0.2
514,6316032,849,67.73655648,116.07,7434,-0.01306383533810731,0.8985909223556519,0.0003,3.856043577194214,0.770703125,5130,0.297608345746994,0.30485213,-2.3462871904174487,13.086254009604454,0.2
515,6328320,851,66.43479983,119.74,7434,0.07856489159942916,0.9207673072814941,0.0003,3.7016689777374268,0.8679606119791666,5140,0.3006342947483063,0.5354934,-2.4247458850344024,10.148216935992242,0.2
516,6340608,852,65.39510612999999,123.41,7434,-0.019726097081729677,0.9251476526260376,0.0003,2.273642063140869,0.7816650390625,5150,0.30174729228019714,0.40142968,-2.4993174046278,7.441318829854329,0.2
517,6352896,854,67.01024869000001,117.19,7434,-0.03169526090981283,0.8647720813751221,0.0003,6.77133321762085,0.7214029947916667,5160,0.301382452249527,0.209368,-2.499041256805261,18.2454128185908,0.2
518,6365184,856,70.7546349,118.95,7434,-0.02357258874544641,0.9189696907997131,0.0003,3.340559959411621,0.76416015625,5170,0.30103182792663574,0.30230796,-2.494687207043171,10.260850150386492,0.2
519,6377472,857,59.65552140999999,114.75,7434,-0.024930555129928204,0.9219521880149841,0.0003,3.4408509731292725,0.7746500651041667,5180,0.3006691634654999,0.33046645,-2.4752515589197475,10.162319221099217,0.2
520,6389760,859,59.812990600000006,115.29,7435,-0.02458934221067466,0.89194655418396,0.0003,5.129129409790039,0.7451416015625,5190,0.2990807592868805,0.29172453,-2.413775999347369,13.420997687180837,0.2
521,6402048,861,60.22300329999998,113.53,7434,-0.027920063458926354,0.887171745300293,0.0003,6.3902106285095215,0.7437093098958333,5200,0.2984206974506378,0.26753482,-2.3917155399918557,12.942310112714768,0.2
522,6414336,862,67.92835790000001,115.46,7434,-0.007842503303739553,0.8944564461708069,0.0003,5.172013759613037,0.786962890625,5210,0.297151118516922,0.34304953,-2.351435839633147,12.413275873661041,0.2
523,6426624,864,65.69429868,112.64,7434,-0.015085074496649515,0.9250948429107666,0.0003,3.1577417850494385,0.8032633463541666,5220,0.29708173871040344,0.46208084,-2.32727308322986,8.2897318760554,0.2
524,6438912,866,67.24969603999999,113.92,7434,-0.004268231085734442,0.9169813394546509,0.0003,5.215061664581299,0.8007568359375,5230,0.2975030541419983,0.3714095,-2.352506834765275,11.51331224044164,0.2
525,6451200,867,69.15719896,113.36,7434,-0.019054581806994975,0.9191551208496094,0.0003,5.591242790222168,0.7725830078125,5240,0.29703226685523987,0.30900458,-2.338241011897723,10.78670679628849,0.2
526,6463488,869,66.02608791,114.93,7434,-0.027145366439557013,0.9422438144683838,0.0003,2.27113938331604,0.7693033854166667,5250,0.2970326244831085,0.33570734,-2.3250845511754354,7.688776996731758,0.2
527,6475776,870,64.21361797,114.27,7435,-0.02388595665009537,0.9188450574874878,0.0003,5.409423351287842,0.7616861979166667,5260,0.2971285581588745,0.30067164,-2.3341133877635003,11.516691879431407,0.2
528,6488064,872,67.63176487000001,120.26,7435,-0.01377646300631265,0.9414100050926208,0.0003,3.7206332683563232,0.783740234375,5270,0.2974621653556824,0.32532623,-2.357419109841188,9.148640274008114,0.2
529,6500352,874,60.653780049999995,115.44,7435,-0.03279251418231676,0.8971856236457825,0.0003,4.656642913818359,0.7340738932291667,5280,0.2968713343143463,0.24397635,-2.3558562278747557,16.00145704448223,0.2
530,6512640,875,61.24177260000001,117.27,7435,-0.02056209625249418,0.9020006656646729,0.0003,5.510209560394287,0.7533121744791667,5290,0.2967372536659241,0.2368744,-2.3465481077631316,13.45754895011584,0.2
531,6524928,877,64.4820856,118.96,7435,-0.0243842159359095,0.8777438998222351,0.0003,6.5691633224487305,0.7425537109375,5300,0.29610589146614075,0.23554456,-2.3171428541342416,16.912862926721573,0.2
532,6537216,879,60.706047680000005,127.71,7435,-0.016511303852894343,0.9056372046470642,0.0003,4.628690242767334,0.7611328125,5310,0.29518458247184753,0.29200915,-2.294025401274363,13.405149371425312,0.2
533,6549504,880,62.790216220000005,122.0,7435,-0.02397968752096252,0.7993912100791931,0.0003,15.292057037353516,0.71552734375,5320,0.2943930923938751,0.18255347,-2.2432835290829343,32.30282392104467,0.2
534,6561792,882,68.23778241,121.18,7435,-0.010395836438207576,0.8827202916145325,0.0003,4.054314136505127,0.7820149739583333,5330,0.29421934485435486,0.33981308,-2.2430908446510633,16.030903083086013,0.2
535,6574080,884,59.33875303,121.74,7435,-0.014628939704562072,0.8794397115707397,0.0003,8.374590873718262,0.769482421875,5340,0.2942669689655304,0.30426204,-2.236572599411011,17.954845088720322,0.2
536,6586368,885,63.93240542,113.67,7435,-0.01706236338262291,0.8044061064720154,0.0003,13.206567764282227,0.7473795572916667,5350,0.2943747043609619,0.20287915,-2.2378821929295856,37.164131341377896,0.2
537,6598656,887,63.946921010000004,115.38,7435,0.044303048746466324,0.9231967329978943,0.0003,6.322610855102539,0.8545654296875,5360,0.2966389060020447,0.52814156,-2.303449692328771,10.13474290072918,0.2
538,6610944,889,53.9995039,119.05,7433,-0.017082263686461374,0.9077155590057373,0.0003,4.2221245765686035,0.7789957682291667,5370,0.2970527112483978,0.34187403,-2.3435643126567203,10.962818944454193,0.2
539,6623232,891,58.933508549999985,118.13,7433,-0.0395950413774699,0.8231174945831299,0.0003,7.186323165893555,0.6897542317708333,5380,0.29622334241867065,0.1928892,-2.3395052954554556,20.273681857188542,0.2
540,6635520,893,61.17014626,118.66,7429,-0.025056807793832073,0.7990755438804626,0.0003,6.275186061859131,0.69658203125,5390,0.29590919613838196,0.16849135,-2.3126800626516344,23.65875832637151,0.2
541,6647808,894,71.24878798,122.81,7428,0.004392940309480764,0.8595304489135742,0.0003,7.450590133666992,0.802490234375,5400,0.2958742678165436,0.33896685,-2.32199720342954,18.73270725607872,0.2
542,6660096,896,65.6385727,125.91,7427,-0.005408534419257194,0.9183844923973083,0.0003,2.21114444732666,0.808837890625,5410,0.2965105473995209,0.45428547,-2.34972455650568,7.308661480247975,0.2
543,6672384,898,57.44610286,122.8,7427,-0.03849258032569196,0.8326940536499023,0.0003,9.840536117553711,0.6670979817708333,5420,0.29564669728279114,0.14614046,-2.3219067896405856,26.59638277689616,0.2
544,6684672,900,64.18961647,119.16,7426,-0.027070266510903215,0.8563517332077026,0.0003,8.66856861114502,0.7400227864583333,5430,0.2951977550983429,0.23555773,-2.299749408165614,21.667633392413457,0.2
545,6696960,901,60.39758409,120.46,7426,0.0060605758199623475,0.8870922327041626,0.0003,4.165318965911865,0.8026285807291667,5440,0.2956157624721527,0.38536325,-2.3068637530008953,13.028058024247487,0.2
546,6709248,903,67.62442947999999,117.67,7425,-0.02091607745484604,0.8838144540786743,0.0003,5.273512363433838,0.7641438802083333,5450,0.2958560287952423,0.29247192,-2.328215624888738,14.860907075802485,0.2
547,6721536,905,67.87906077999999,120.37,7425,0.011566885726642795,0.9010707139968872,0.0003,2.897947311401367,0.820751953125,5460,0.29682281613349915,0.37067774,-2.3769345064957936,11.489109035332998,0.2
548,6733824,906,64.42145934,120.31,7424,-0.017276194851244025,0.920221209526062,0.0003,3.4296586513519287,0.7784505208333333,5470,0.2959645688533783,0.34069324,-2.3457990820209185,9.927110527952513,0.2
549,6746112,908,60.17697279000001,116.17,7423,-0.022506552725826624,0.8788576722145081,0.0003,4.302380084991455,0.7457600911458333,5480,0.29560068249702454,0.23203683,-2.3263362382849055,15.953689055641492,0.2
550,6758400,910,72.49137786,122.85,7422,-0.019669454512768424,0.8884221911430359,0.0003,4.6090240478515625,0.7740885416666666,5490,0.2944946587085724,0.3299309,-2.288313326239586,13.227610089381535,0.2
551,6770688,912,70.25618062,122.12,7422,-0.030724977473922385,0.9021666049957275,0.0003,4.290494918823242,0.7448486328125,5500,0.29391011595726013,0.29603085,-2.249235668281714,13.154892416795095,0.2
552,6782976,913,62.214039330000006,126.62,7421,-0.001885283924639225,0.9231733083724976,0.0003,2.994403123855591,0.8168212890625,5510,0.2945849895477295,0.42737052,-2.2704857592781384,8.012395978470643,0.2
553,6795264,915,62.71731476,124.7,7421,-0.02876656747927579,0.8815723061561584,0.0003,6.517106533050537,0.7431722005208333,5520,0.29495498538017273,0.2553498,-2.2832772259910903,12.824460559089978,0.2
554,6807552,917,70.14559984000002,127.22,7421,-0.02295851510328551,0.8376991748809814,0.0003,11.185544967651367,0.7305745442708333,5530,0.29432716965675354,0.1783628,-2.26661087423563,28.314716017246248,0.2
555,6819840,919,66.81755973,122.73,7420,-0.021030304740027834,0.8854157328605652,0.0003,3.794253349304199,0.7661214192708333,5540,0.2941141724586487,0.29334438,-2.2451389133930206,14.83492941359679,0.2
556,6832128,920,74.19315114,129.45,7420,-0.016186307937217256,0.8759522438049316,0.0003,3.059854507446289,0.7790120442708334,5550,0.29413679242134094,0.32494172,-2.2652615050474805,11.3554393440485,0.2
557,6844416,922,69.14163868,131.73,7420,-0.020302097629367685,0.9226119518280029,0.0003,3.684810161590576,0.7940348307291667,5560,0.29490360617637634,0.42435917,-2.2786702906092007,8.313528606295586,0.2
558,6856704,924,59.72500286,124.12,7418,-0.0376234083872987,0.8308977484703064,0.0003,9.9064359664917,0.6935302734375,5570,0.2940478026866913,0.18258293,-2.263313466310501,21.768976080417634,0.2
559,6868992,925,69.86157724,127.11,7418,-0.01857775491468298,0.8515734076499939,0.0003,5.405036926269531,0.7623942057291667,5580,0.29386603832244873,0.2930065,-2.2405837391813597,16.431909012794495,0.2
560,6881280,927,54.14704930999999,130.11,7416,-0.018405139992925493,0.8581887483596802,0.0003,4.342829704284668,0.7856282552083333,5590,0.2941924035549164,0.3848121,-2.2594685489932695,13.218206481138866,0.2
561,6893568,929,63.21113755,132.91,7416,-0.028142238136691353,0.7996532320976257,0.0003,13.015055656433105,0.7203531901041667,5600,0.29342806339263916,0.20483978,-2.2388364081581433,26.792549854516984,0.2
562,6905856,931,60.55148413999999,127.74,7415,-0.026992143480553447,0.7984378933906555,0.0003,9.178696632385254,0.7125406901041667,5610,0.2930198907852173,0.19344346,-2.2149656956394512,27.470607980092367,0.2
563,6918144,932,69.09440083,132.17,7415,-0.016864793817027626,0.8502466678619385,0.0003,5.025452136993408,0.7830973307291667,5620,0.2931034564971924,0.3821822,-2.2214791839321455,14.589437952637672,0.2
564,6930432,934,61.81078606000002,137.21,7414,-0.022556196825462393,0.8361995220184326,0.0003,7.0728020668029785,0.7671712239583334,5630,0.29287204146385193,0.31340095,-2.207031843562921,18.19147034684817,0.2
565,6942720,936,57.17008813,131.55,7414,-0.028614259827494,0.7929987907409668,0.0003,8.458686828613281,0.7291666666666666,5640,0.2918265163898468,0.23356342,-2.179635079205036,20.091898540655773,0.2
566,6955008,938,64.12009641,127.2,7413,-0.008111558032396715,0.7877951860427856,0.0003,5.780472278594971,0.7742838541666667,5650,0.29296445846557617,0.28491354,-2.198270220557849,18.58838978211085,0.2
567,6967296,939,62.992554039999995,135.57,7412,-0.016891462101193612,0.854723334312439,0.0003,4.9636945724487305,0.7609700520833333,5660,0.2921237051486969,0.29998323,-2.1951614528894425,15.66729962627093,0.2
568,6979584,941,64.84036839,129.72,7411,-0.023977570037823172,0.7138519287109375,0.0003,13.876166343688965,0.7007649739583334,5670,0.29169169068336487,0.16211571,-2.1722674424449604,42.89173238277435,0.2
569,6991872,943,70.93433295000001,128.63,7410,0.005422586779362367,0.8067023754119873,0.0003,6.009521484375,0.7991292317708333,5680,0.29292479157447815,0.400404,-2.201078430811564,16.18168030778567,0.2
570,7004160,945,58.416545400000004,122.65,7410,0.03146953782415949,0.9040801525115967,0.0003,3.0174388885498047,0.8409586588541667,5690,0.294789582490921,0.47740778,-2.263766486446063,11.927901109059652,0.2
571,7016448,946,66.42570367,121.98,7410,-0.017320426495280115,0.8907634019851685,0.0003,2.456317901611328,0.7756754557291666,5700,0.29449889063835144,0.3465548,-2.2909557874004047,10.184949254989624,0.2
572,7028736,948,69.45247973,130.17,7410,-0.01615701836902493,0.8644427061080933,0.0003,4.699690341949463,0.7593343098958333,5710,0.2942347228527069,0.2712161,-2.2662215322256087,13.335708633065224,0.2
573,7041024,950,62.70413982,120.52,7409,-0.01949580794365223,0.8704339861869812,0.0003,5.295851707458496,0.7669270833333334,5720,0.2940717339515686,0.31494287,-2.260048005481561,14.378518642981847,0.2
574,7053312,951,63.40639196,119.91,7408,-0.0112954991714408,0.9008675813674927,0.0003,4.671947002410889,0.7994954427083333,5730,0.29487958550453186,0.410527,-2.2862413873275123,9.84879996975263,0.2
575,7065600,953,69.84069466,119.73,7408,-0.019991963099649488,0.8647172451019287,0.0003,4.969544887542725,0.7681559244791667,5740,0.2945449650287628,0.30646122,-2.274981439113617,16.56966378291448,0.2
576,7077888,955,69.40987452,119.73,7407,-0.01726424081158863,0.9209394454956055,0.0003,2.0571231842041016,0.7916748046875,5750,0.2936745882034302,0.42217088,-2.2670016303658485,7.267392869790395,0.2
577,7090176,957,65.6491774,116.14,7406,0.0024411872883016864,0.9096629619598389,0.0003,2.8689870834350586,0.816943359375,5760,0.29406216740608215,0.45121476,-2.248242552578449,9.616708366572857,0.2
578,7102464,959,68.03051904,124.98,7405,-0.010933578503318131,0.9354382157325745,0.0003,2.3766977787017822,0.7972412109375,5770,0.29492267966270447,0.41057435,-2.2922373975316686,8.267665488521258,0.2
579,7114752,960,70.12671625000002,125.52,7405,-0.0359166302116743,0.8652732372283936,0.0003,4.086028575897217,0.651904296875,5780,0.29411306977272034,0.14227585,-2.2720943028728167,18.668722481528917,0.2
580,7127040,962,66.93200798,120.69,7404,-0.03240063188422937,0.9105948805809021,0.0003,5.3177080154418945,0.7427408854166667,5790,0.29397082328796387,0.2647945,-2.2523175184925397,11.845176432530085,0.2
581,7139328,964,62.52042766,115.83,7404,-0.008390430369763635,0.9306094646453857,0.0003,2.3532490730285645,0.8029459635416667,5800,0.29387879371643066,0.46933153,-2.25793941617012,6.998969373603662,0.2
582,7151616,965,67.19906924,122.66,7403,-0.010507454291412918,0.9159921407699585,0.0003,4.1370320320129395,0.7916341145833333,5810,0.2936294972896576,0.33764526,-2.258648897707462,10.759130197763444,0.2
583,7163904,967,66.18183739999999,117.29,7403,-0.030610005869918192,0.8847984075546265,0.0003,4.329603672027588,0.7153238932291667,5820,0.2931267321109772,0.2092727,-2.2286686912178992,12.35334688325723,0.2
584,7176192,969,71.34630263,120.91,7403,-0.011065978342473196,0.9174479842185974,0.0003,3.919412612915039,0.7888997395833334,5830,0.29267486929893494,0.35269928,-2.223199011882146,10.786936862270037,0.2
585,7188480,971,66.62871183000001,119.29,7403,-0.020837656203851414,0.9360707998275757,0.0003,3.318647623062134,0.77890625,5840,0.2921360433101654,0.35473165,-2.190378178159396,8.458576730390389,0.2
586,7200768,972,64.86805929,117.87,7402,9.164689690805971e-05,0.9209967255592346,0.0003,3.974958896636963,0.8071614583333333,5850,0.2926958501338959,0.38772807,-2.2027987495064734,10.00036847392718,0.2
587,7213056,974,66.94531559,116.87,7401,-0.018897083530706973,0.9267391562461853,0.0003,3.9095847606658936,0.783935546875,5860,0.29240936040878296,0.3447231,-2.214368983109792,10.113991316159566,0.2
588,7225344,976,67.93521184,120.6,7402,-0.020120286488478693,0.9379240274429321,0.0003,2.692631244659424,0.7857991536458333,5870,0.2928324043750763,0.35000655,-2.2143855805198354,8.597589614987374,0.2
589,7237632,977,70.64425053999999,119.66,7401,-0.03304288625755968,0.9250616431236267,0.0003,3.0857651233673096,0.7514729817708333,5880,0.29317185282707214,0.3382176,-2.227569504082203,7.716547226905822,0.2
590,7249920,979,67.97101316,115.71,7401,-0.0269186570115077,0.9330739378929138,0.0003,2.4585111141204834,0.7746012369791667,5890,0.29293838143348694,0.36758646,-2.2343308473626773,7.751123057802518,0.2
591,7262208,981,61.10087007,114.84,7401,-0.028411046178856245,0.9288213849067688,0.0003,4.856070518493652,0.7614664713541667,5900,0.2922104299068451,0.28408542,-2.2024887864788374,10.170123619834582,0.2
592,7274496,982,61.85214032999999,118.35,7401,-0.024194184793547416,0.9139728546142578,0.0003,4.382297039031982,0.7587809244791667,5910,0.2918541729450226,0.3039911,-2.185875973602136,10.51726885040601,0.2
593,7286784,984,68.18455605,121.23,7401,-0.01654564182390459,0.8929305672645569,0.0003,5.744880199432373,0.7598714192708333,5920,0.29101383686065674,0.25734743,-2.1630867451429365,15.11162036061287,0.2
594,7299072,986,60.5868967,114.17,7401,-0.023512704156261558,0.9235996603965759,0.0003,3.1252472400665283,0.7693440755208333,5930,0.2907066345214844,0.3362495,-2.133734935025374,9.445662092169126,0.2
595,7311360,987,59.9916902,111.75,7400,-0.025713012675987558,0.9118210673332214,0.0003,4.213992595672607,0.7560302734375,5940,0.28942957520484924,0.30572173,-2.0901317611336707,12.071691914399464,0.2
596,7323648,989,60.97653415999999,107.68,7400,-0.014019576842353368,0.895766019821167,0.0003,3.985459089279175,0.7761149088541667,5950,0.2892753481864929,0.30012,-2.07507473329703,16.01983422736327,0.2
597,7335936,991,66.66926434,115.07,7400,-0.012984598200030934,0.9203259944915771,0.0003,2.5006468296051025,0.7793538411458333,5960,0.28906774520874023,0.32282555,-2.0722515652577083,9.425191205739974,0.2
598,7348224,992,59.90503098999999,111.55,7400,-0.021845069623668677,0.9185331463813782,0.0003,5.373692989349365,0.7716145833333333,5970,0.2893211543560028,0.30826163,-2.073509685198466,11.40050320327282,0.2
599,7360512,994,67.28704406,124.36,7400,-0.0045946707163238894,0.9291019439697266,0.0003,2.5126054286956787,0.820703125,5980,0.29104363918304443,0.4880742,-2.139335484802723,7.494996606806914,0.2
600,7372800,996,65.38865766999999,122.39,7401,-0.020889892699779013,0.8797730207443237,0.0003,7.23892068862915,0.7579427083333333,5990,0.29066258668899536,0.26206195,-2.1472810700535776,16.580901297926903,0.2
601,7385088,997,62.73262899,121.22,7401,-0.024059416788319746,0.9037479758262634,0.0003,5.475601673126221,0.7697916666666667,6000,0.289894163608551,0.34851554,-2.1231430366635324,10.847723792990049,0.2
602,7397376,999,66.61408421999998,126.4,7401,-0.023868045709483945,0.907377302646637,0.0003,3.826967239379883,0.760595703125,6010,0.2887166738510132,0.3068996,-2.081009639799595,10.222283097108205,0.2
603,7409664,1001,59.85815209,115.91,7401,-0.02377618772055333,0.842558741569519,0.0003,6.533738136291504,0.7448404947916667,6020,0.28850123286247253,0.24871401,-2.0549601882696154,17.151046386361124,0.2
604,7421952,1002,67.47752814,126.48,7401,-0.015926864132052288,0.9039456248283386,0.0003,2.8255279064178467,0.782177734375,6030,0.2886985242366791,0.39180413,-2.0557135914762816,9.199459592501322,0.2
605,7434240,1004,62.09488934000001,119.69,7401,-0.027082566125318407,0.8971319198608398,0.0003,3.750995635986328,0.7629475911458333,6040,0.2879900634288788,0.28018737,-2.0414920220772426,12.557425726453463,0.2
606,7446528,1006,60.83573202999998,118.08,7401,-0.0024539641405378156,0.9002116322517395,0.0003,4.814813613891602,0.8007405598958334,6050,0.2883191406726837,0.38706067,-2.054196239511172,11.792018565535546,0.2
607,7458816,1007,57.94042813999999,116.89,7402,0.00016983885628481707,0.9004316329956055,0.0003,3.0285701751708984,0.8146565755208334,6060,0.28820839524269104,0.49708724,-2.0543403973182044,9.853830016652743,0.2
608,7471104,1009,59.2392696,115.8,7402,-0.027932329563676226,0.8720641136169434,0.0003,5.900615692138672,0.7362955729166667,6070,0.28792604804039,0.24107178,-2.040931164721648,16.552995231747627,0.2
609,7483392,1010,64.02679678,121.52,7402,-0.0031315347674535587,0.8987253904342651,0.0003,5.811818599700928,0.8013753255208333,6080,0.28791823983192444,0.3423151,-2.042298527061939,13.26658124923706,0.2
610,7495680,1012,60.89774658,116.83,7401,-0.025199412427900823,0.8900747299194336,0.0003,3.776029109954834,0.763623046875,6090,0.2878722846508026,0.30255798,-2.0386246889829636,12.442797334988912,0.2
611,7507968,1014,68.17829945,116.64,7402,-0.005907816066367862,0.8980708718299866,0.0003,5.608704090118408,0.7944254557291667,6100,0.2883197069168091,0.35338926,-2.059894949197769,13.585434918602308,0.2
612,7520256,1015,64.98619301000001,117.64,7402,-0.029882628605507004,0.9140899777412415,0.0003,4.456008434295654,0.757275390625,6110,0.2876334488391876,0.29845765,-2.04184115032355,11.815462489922842,0.2
613,7532544,1017,59.97934136,114.36,7402,-0.005794236756628379,0.9173675775527954,0.0003,2.5256574153900146,0.808056640625,6120,0.28785261511802673,0.383116,-2.0481245453159014,8.612001618246238,0.2
614,7544832,1019,56.97129623000001,114.78,7402,-0.008424101908652422,0.8838717937469482,0.0003,4.967987060546875,0.7871337890625,6130,0.2880445420742035,0.30408287,-2.0357932676871617,13.79781242609024,0.2
615,7557120,1020,62.68730839999999,115.87,7402,-0.016952220643482483,0.8855741620063782,0.0003,4.132717132568359,0.7713623046875,6140,0.2875288426876068,0.3168598,-2.031855460504691,12.125510198871295,0.2
616,7569408,1022,61.8800936,115.51,7402,-0.0183345900082107,0.8973983526229858,0.0003,5.9820027351379395,0.7841471354166667,6150,0.28829312324523926,0.35259208,-2.0480721878508725,11.446547823150953,0.2
617,7581696,1024,62.45522575,118.63,7402,-0.008682465711414504,0.9050695300102234,0.0003,3.355390787124634,0.7941243489583333,6160,0.2883909046649933,0.3903124,-2.0618032326300937,9.698747128248215,0.2
618,7593984,1025,64.63786701000001,118.57,7402,-0.02830540180633155,0.9198958277702332,0.0003,3.4618468284606934,0.7795979817708333,6170,0.2887808680534363,0.36361733,-2.06809171885252,8.578771015008291,0.2
619,7606272,1027,60.46056175,118.3,7402,-0.0184321280302053,0.9324593544006348,0.0003,2.5439913272857666,0.7877278645833333,6180,0.28803861141204834,0.40716377,-2.053820582727591,7.265586793422699,0.2
620,7618560,1029,57.21066646000001,112.83,7401,-0.029201106752346582,0.8947314023971558,0.0003,6.298542022705078,0.74921875,6190,0.2873210608959198,0.26980877,-2.031391892333825,12.06340511739254,0.2
621,7630848,1031,68.45224902000001,120.94,7400,-0.016095606976887212,0.9064161777496338,0.0003,5.520823955535889,0.7765462239583333,6200,0.28758296370506287,0.29904446,-2.0230737790465354,11.558592945337296,0.2
622,7643136,1032,66.76049257999999,125.85,7400,-0.02704120722094861,0.9179894924163818,0.0003,3.1677932739257812,0.7608235677083334,6210,0.28738072514533997,0.3523437,-2.01341756383578,9.146003804604213,0.2
623,7655424,1034,58.92297632,116.02,7399,-0.017946137928326302,0.8126356601715088,0.0003,4.2364888191223145,0.7090413411458333,6220,0.287479430437088,0.16283105,-2.0027104201416175,17.84188037117322,0.2
624,7667712,1036,63.47548474999999,121.03,7397,-0.00421747392101679,0.8800223469734192,0.0003,5.254253387451172,0.7968180338541667,6230,0.2878362834453583,0.33761656,-2.0245543186863264,13.87634691198667,0.2
625,7680000,1038,66.58218055000002,124.98,7397,-0.0034740910778054968,0.9176199436187744,0.0003,2.891634464263916,0.8151774088541667,6240,0.28742459416389465,0.46140012,-2.017988028625647,8.481121862431367,0.2
626,7692288,1039,61.930454850000004,121.11,7396,-0.037485288384292895,0.9016477465629578,0.0003,3.239182710647583,0.7392740885416667,6250,0.2865610122680664,0.26375723,-1.981021979699532,11.534933960437774,0.2
627,7704576,1041,60.6191734,120.04,7397,-0.028954200776449095,0.8738285303115845,0.0003,6.198444843292236,0.74677734375,6260,0.2864404022693634,0.27952483,-1.9676323843499024,14.613415316740673,0.2
628,7716864,1043,63.19156695000001,126.09,7397,-0.026713181401525312,0.8534122705459595,0.0003,4.099824905395508,0.7291829427083333,6270,0.2860831022262573,0.23249368,-1.960406705737114,17.97800652384758,0.2
629,7729152,1044,61.480792539999996,121.47,7397,-0.027878862185267885,0.8394627571105957,0.0003,6.37349796295166,0.7513102213541667,6280,0.2854566276073456,0.2877622,-1.9371252988775571,20.116243175665538,0.2
630,7741440,1046,63.579920460000004,120.5,7397,0.006531513933441602,0.8898319005966187,0.0003,3.7992796897888184,0.8227132161458334,6290,0.28742650151252747,0.42840016,-1.9914517735441526,11.923260977864265,0.2
631,7753728,1048,62.24915044,125.37,7397,-0.00974668283694579,0.8978484869003296,0.0003,2.8573784828186035,0.8077311197916667,6300,0.28738662600517273,0.43221566,-2.0100911408662796,8.736584880948067,0.2
632,7766016,1049,53.32828625,124.28,7397,-0.034747920980347166,0.8432097434997559,0.0003,8.18716049194336,0.7106852213541667,6310,0.28750336170196533,0.19478612,-1.9987171205381553,20.657948991656305,0.2
633,7778304,1051,61.99989339999999,126.41,7397,-0.025227922624132284,0.8283709287643433,0.0003,7.697902202606201,0.7456298828125,6320,0.2872919738292694,0.23704182,-2.001013956715663,18.979888616005578,0.2
634,7790592,1053,62.62555254,126.64,7396,-0.016093831449203812,0.8352291584014893,0.0003,5.4502105712890625,0.77724609375,6330,0.28669190406799316,0.32722718,-1.9947240677972635,13.497869512438774,0.2
635,7802880,1055,61.44469046000001,126.0,7395,-0.019832834295812063,0.8699520826339722,0.0003,3.523263931274414,0.7739176432291667,6340,0.28602540493011475,0.34925818,-1.9649325435360272,12.682893935839335,0.2
636,7815168,1056,65.66668783999998,124.88,7395,0.016264981244845936,0.8705556392669678,0.0003,3.4513938426971436,0.8289225260416667,6350,0.28714245557785034,0.41333726,-1.9847234241664409,12.138510325551033,0.2
637,7827456,1058,65.80066513999999,126.04,7394,-0.020223355891842706,0.9037981033325195,0.0003,2.741105318069458,0.7987467447916666,6360,0.2863330543041229,0.41424248,-1.9753684977690378,8.105713025728862,0.2
638,7839744,1060,56.04384547000001,121.43,7392,-0.025043997987328717,0.8968625664710999,0.0003,2.592343330383301,0.7783528645833333,6370,0.28611692786216736,0.3819667,-1.9644380137324333,8.625692297021548,0.2
639,7852032,1062,62.414067200000005,125.73,7391,0.0014902149783059333,0.8435407876968384,0.0003,6.101752758026123,0.7819417317708334,6380,0.28635478019714355,0.28040615,-1.964609724531571,15.809535320599874,0.2
640,7864320,1064,66.81029786,125.82,7390,-0.015045600822971513,0.8698842525482178,0.0003,5.120822906494141,0.758740234375,6390,0.28593960404396057,0.23516484,-1.9591461310784022,16.2831735988458,0.2
641,7876608,1065,63.42191304,120.18,7389,-0.017204377236582028,0.8836672306060791,0.0003,5.824398040771484,0.7860432942708333,6400,0.2858225405216217,0.3951048,-1.9495248168706893,11.432106962800026,0.2
642,7888896,1067,57.29835515,121.23,7388,-0.021416050222857544,0.8958446979522705,0.0003,3.8862414360046387,0.7784749348958333,6410,0.2853899896144867,0.36862692,-1.9381803053120772,10.316559930642446,0.2
643,7901184,1069,64.44956350000001,118.86,7388,-0.0162894998434543,0.8190858960151672,0.0003,11.426007270812988,0.7579182942708333,6420,0.28484341502189636,0.23143686,-1.9136081740260125,20.503676555554073,0.2
644,7913472,1071,64.84649495999999,123.44,7388,-0.02352634811444053,0.9016754031181335,0.0003,3.9211478233337402,0.778759765625,6430,0.2850843667984009,0.3781326,-1.9164401722451052,12.106486955285073,0.2
645,7925760,1072,67.61744938000001,127.51,7387,0.0001591046981047839,0.8891522884368896,0.0003,6.339338302612305,0.800537109375,6440,0.28525254130363464,0.3438829,-1.922826840976874,13.152935930093129,0.2
646,7938048,1074,64.45123658,126.03,7386,-0.022724464161971505,0.8757114410400391,0.0003,5.55894136428833,0.7628092447916667,6450,0.2848426401615143,0.291095,-1.9076152873535952,17.163150425752004,0.2
647,7950336,1076,61.85324968999999,121.34,7386,-0.003358695876280156,0.9042494297027588,0.0003,3.200634002685547,0.8121663411458333,6460,0.2854478359222412,0.4410464,-1.9331220420698325,9.013466771443685,0.2
648,7962624,1078,64.25906699000001,117.29,7386,-0.03126280890816512,0.8872212171554565,0.0003,6.1993560791015625,0.7603108723958333,6470,0.2851869761943817,0.30333617,-1.9289412818849088,13.307018559177717,0.2
649,7974912,1079,60.088324660000005,108.91,7386,-0.014679217642939573,0.8893586993217468,0.0003,3.6382651329040527,0.7878499348958333,6480,0.2852921187877655,0.35752872,-1.9350080261627833,12.641108205914497,0.2
650,7987200,1081,59.6585596,115.3,7386,0.011387305534056699,0.9235721230506897,0.0003,4.119589328765869,0.8311848958333333,6490,0.2861607074737549,0.45550165,-1.962127859890461,8.436317627628645,0.2
651,7999488,1083,54.188005440000005,109.67,7386,-0.027771607915443988,0.8903042674064636,0.0003,7.214148044586182,0.7480550130208333,6500,0.2855706512928009,0.251218,-1.9386590776344141,15.399829570452372,0.2
652,8011776,1084,54.68043415,115.44,7386,-0.011040199240475583,0.8797747492790222,0.0003,4.247514247894287,0.7872477213541667,6510,0.285254567861557,0.3283857,-1.9265070373813311,12.777648747960727,0.2
653,8024064,1086,65.06614226999999,118.1,7386,-0.02682900899865975,0.8498286008834839,0.0003,6.166451454162598,0.7509928385416667,6520,0.2850286662578583,0.2701656,-1.9140856936573982,19.255705575148266,0.2
654,8036352,1087,57.72261482999999,118.74,7386,-0.020608447366491114,0.9140976071357727,0.0003,3.2805752754211426,0.7999430338541667,6530,0.28412166237831116,0.42266205,-1.884536175429821,9.537813408176104,0.2
655,8048640,1089,61.88076748,117.89,7386,-0.013317937613464892,0.8745400309562683,0.0003,4.095547199249268,0.7704915364583333,6540,0.28360262513160706,0.2843764,-1.8583545376857122,15.099213818709055,0.2
656,8060928,1091,58.64287876,116.62,7386,-0.0004830722081048104,0.879180908203125,0.0003,4.616744041442871,0.7978597005208333,6550,0.284045547246933,0.3204985,-1.8674182320634525,13.845480719208718,0.2
657,8073216,1092,63.156464709999995,126.68,7387,-0.01799647286485803,0.8926036953926086,0.0003,3.2942569255828857,0.7826741536458334,6560,0.2834535837173462,0.34454384,-1.854782228420178,11.140407660603524,0.2
658,8085504,1094,64.36799094999999,122.98,7387,-0.028313761273360192,0.8371268510818481,0.0003,9.356392860412598,0.7398193359375,6570,0.2831244468688965,0.24722587,-1.8364281756182512,20.60329396526019,0.2
659,8097792,1096,61.132855340000006,123.37,7387,-0.016373004092019982,0.8890185952186584,0.0003,3.8541812896728516,0.7797526041666667,6580,0.28315553069114685,0.33121714,-1.840555878976981,13.950111224253972,0.2
660,8110080,1097,59.179667259999995,121.67,7387,-0.02345453933327614,0.8641475439071655,0.0003,5.565009593963623,0.7773844401041666,6590,0.283555269241333,0.33647296,-1.8469049694637458,13.174662869175275,0.2
661,8122368,1099,60.907607360000014,117.06,7387,-0.02087193807140769,0.8307266235351562,0.0003,11.216008186340332,0.7312825520833334,6600,0.28349027037620544,0.20356445,-1.8439151140550771,22.35734563867251,0.2
662,8134656,1101,65.92836351999999,128.23,7388,-0.02357503135620694,0.8917294144630432,0.0003,3.000809669494629,0.7770833333333333,6610,0.2833028733730316,0.33901903,-1.8435497942070167,11.6036837130785,0.2
663,8146944,1102,67.45228689000001,129.57,7388,-0.01895733488490805,0.9009487628936768,0.0003,5.254097938537598,0.7855061848958333,6620,0.28315845131874084,0.33858475,-1.843842830012242,13.346721516052883,0.2
664,8159232,1104,63.096241580000004,124.91,7388,-0.026917342886251087,0.87008136510849,0.0003,6.4466118812561035,0.7514322916666667,6630,0.283527135848999,0.25477812,-1.8470791533589364,16.299009915192922,0.2
665,8171520,1105,65.41473212999999,124.83,7388,0.01256530314470486,0.899210512638092,0.0003,3.942763328552246,0.829443359375,6640,0.28425711393356323,0.46623254,-1.8746603079140187,10.27478856742382,0.2
666,8183808,1107,66.46759631,123.55,7388,-0.008640256402820038,0.8981944918632507,0.0003,8.89454174041748,0.7895182291666667,6650,0.2838723957538605,0.32216188,-1.8746665654083092,15.401606640219688,0.2
667,8196096,1109,64.8876429,119.69,7388,0.004371708304582474,0.9243382811546326,0.0003,2.2117791175842285,0.820654296875,6660,0.2845350503921509,0.50851494,-1.882804020990928,9.101883713404337,0.2
668,8208384,1111,70.25749524000001,127.34,7387,-0.01946978401392698,0.9184098243713379,0.0003,4.872068405151367,0.79501953125,6670,0.28524360060691833,0.36976528,-1.9227209051450094,9.925929698348046,0.2
669,8220672,1112,66.92396414999999,127.46,7387,-0.02053753369060966,0.9220150709152222,0.0003,3.9265270233154297,0.7826416015625,6680,0.28503498435020447,0.3521242,-1.9101120688021183,9.476510631044706,0.2
670,8232960,1114,68.39514788,125.28,7384,-0.03273941476897259,0.9112169742584229,0.0003,4.4185471534729,0.7464274088541667,6690,0.2847915589809418,0.28161833,-1.9134244138995806,10.283483786384265,0.2
671,8245248,1116,60.43357752000001,126.43,7382,-0.023651403548137752,0.9208351969718933,0.0003,3.8667218685150146,0.7858642578125,6700,0.28421515226364136,0.38632122,-1.8886605401833851,9.460237060983976,0.2
672,8257536,1150,60.251338839999995,122.86,7179,-0.026538129865851565,0.8928779363632202,0.0003,4.668517589569092,0.7673095703125,6710,0.2839420735836029,0.30848494,-1.8742001379529636,13.276547358433406,0.2
673,8269824,1153,63.232809509999996,132.59,7172,-0.030293469125172123,0.8990508913993835,0.0003,5.914122581481934,0.7513834635416666,6720,0.2834879159927368,0.29395744,-1.8547280182441075,15.823034070928891,0.2
674,8282112,1155,61.800395829999985,125.24,7168,-0.027228227365897813,0.853087306022644,0.0003,9.247746467590332,0.7205485026041667,6730,0.2835092842578888,0.18211524,-1.8527682210008303,20.91137149731318,0.2
675,8294400,1157,60.011049439999994,121.0,7168,-0.012084585683381496,0.9131357669830322,0.0003,1.912858247756958,0.8145263671875,6740,0.28406956791877747,0.48554468,-1.878511709968249,8.663168768088022,0.2
676,8306688,1158,55.068269449999995,129.36,7168,-0.013830092173399559,0.8770121335983276,0.0003,8.585037231445312,0.7727376302083333,6750,0.2842539846897125,0.2674242,-1.8798894559343655,15.634081860383352,0.2
677,8318976,1160,58.13070769999999,123.12,7169,-0.017750429779213543,0.8794224858283997,0.0003,4.601390838623047,0.7783854166666667,6760,0.2842128276824951,0.35203567,-1.891546833018462,13.266371648510297,0.2
678,8331264,1162,57.02128910000001,129.1,7169,-0.02483172316569835,0.8603739738464355,0.0003,8.27787971496582,0.7591471354166667,6770,0.2842693030834198,0.29866573,-1.8902222914000353,15.838261976838112,0.2
679,8343552,1164,65.76280115,131.48,7166,-0.014478424237070915,0.8550447821617126,0.0003,6.573806285858154,0.7774658203125,6780,0.2837856709957123,0.32164896,-1.8746180032690367,16.886088506380716,0.2
680,8355840,1165,55.04576983,130.44,7166,-0.015577949509800721,0.900428295135498,0.0003,3.6521096229553223,0.7831217447916666,6790,0.28391745686531067,0.32752672,-1.8785878397524356,10.653320030371349,0.2
681,8368128,1167,62.532997560000005,130.68,7166,-0.036746441451881155,0.8441412448883057,0.0003,5.153628826141357,0.7382242838541667,6800,0.28320756554603577,0.26115456,-1.8459067734579244,16.68455171485742,0.2
682,8380416,1169,48.807402280000005,134.98,7165,-0.0027709374990081415,0.874445915222168,0.0003,4.186129093170166,0.8067952473958333,6810,0.28415441513061523,0.39667264,-1.873136782646179,12.567650631070137,0.2
683,8392704,1171,59.2740715,130.81,7163,-0.03069332892773673,0.7667232751846313,0.0003,12.806788444519043,0.7174235026041667,6820,0.28308334946632385,0.19014688,-1.844093814988931,27.266362019379933,0.2
684,8404992,1173,60.16637834,127.93,7161,0.02131952065586423,0.852924644947052,0.0003,7.0499725341796875,0.8288818359375,6830,0.28488287329673767,0.4441038,-1.9007910604278246,16.716481401522955,0.2
685,8417280,1175,52.89195509000001,125.54,7160,-0.031218658051026676,0.8431836366653442,0.0003,5.47466516494751,0.7365885416666667,6840,0.2849753797054291,0.26831436,-1.9078156252702076,19.76931779384613,0.2
686,8429568,1177,62.14265862,130.32,7159,-0.03819319766383463,0.7306650876998901,0.0003,13.315013885498047,0.6485188802083334,6850,0.2840030789375305,0.12926932,-1.8779227711260318,36.05227336883545,0.2
687,8441856,1179,54.92751687999999,120.19,7158,-0.022572540462715552,0.8246570825576782,0.0003,8.299468994140625,0.7511474609375,6860,0.28326284885406494,0.26897073,-1.8463527277112006,20.45599264303843,0.2
688,8454144,1181,59.587678620000005,123.8,7158,0.03315569295567305,0.8365893363952637,0.0003,4.829801082611084,0.8350504557291667,6870,0.28447267413139343,0.419011,-1.87853177562356,17.36337396403154,0.2
689,8466432,1182,62.73651925,123.76,7157,0.017986430656552935,0.8618339896202087,0.0003,5.403836727142334,0.8334065755208333,6880,0.2858468294143677,0.4622701,-1.9314473867416382,12.647149082024892,0.2
690,8478720,1184,61.295358410000006,121.24,7156,-0.015156728813114266,0.8958718180656433,0.0003,3.902855396270752,0.8024820963541667,6890,0.2851611077785492,0.4697945,-1.93051802739501,10.427384595076242,0.2
691,8491008,1186,70.88040828,128.4,7155,-0.022368172221952896,0.8705651760101318,0.0003,3.3248560428619385,0.7708984375,6900,0.28529319167137146,0.28860772,-1.9312043440838655,15.220281479756038,0.2
692,8503296,1188,59.12510582,126.48,7154,-0.02186473611218389,0.904408872127533,0.0003,2.311772108078003,0.7893798828125,6910,0.2849918305873871,0.40243292,-1.9253683452804884,9.362307913104694,0.2
693,8515584,1190,60.64651288,125.89,7153,0.004767322852664317,0.8106390833854675,0.0003,9.004263877868652,0.7816569010416666,6920,0.28456804156303406,0.25085625,-1.9057908435662587,25.681661701202394,0.2
694,8527872,1192,56.553492430000006,125.72,7153,-0.02676897957668795,0.8345068693161011,0.0003,8.342905044555664,0.7416585286458334,6930,0.2841936945915222,0.2207966,-1.8900266982614995,22.39545958638191,0.2
695,8540160,1193,63.15421063000001,128.3,7153,-0.004513618439765802,0.8037282824516296,0.0003,6.976688861846924,0.7881429036458333,6940,0.2847905457019806,0.29054996,-1.8883929630120595,20.381033472220103,0.2
696,8552448,1195,60.64809929000001,123.3,7154,-0.008553176229664434,0.8742014169692993,0.0003,7.059855937957764,0.801220703125,6950,0.2852145731449127,0.39374533,-1.9289148402710756,15.129848477244376,0.2
697,8564736,1197,62.30704265,132.62,7153,0.0012809987015013273,0.8942310214042664,0.0003,3.7046830654144287,0.8187093098958333,6960,0.286650151014328,0.44771066,-1.978190090507269,9.912522345781326,0.2
698,8577024,1199,64.5634549,127.91,7152,-0.028154828131664544,0.8608123660087585,0.0003,4.5323967933654785,0.7515462239583334,6970,0.28539013862609863,0.29034814,-1.9526168453196684,14.726395369569461,0.2
699,8589312,1200,55.80706336000001,126.52,7152,-0.015768192460139593,0.8865280151367188,0.0003,3.836986541748047,0.7892903645833333,6980,0.28514543175697327,0.33846354,-1.9447133352359136,13.225873237848282,0.2
700,8601600,1202,60.877778479999996,130.98,7153,-0.03882679228360454,0.8562511801719666,0.0003,6.372876167297363,0.7249755859375,6990,0.2845292091369629,0.23906171,-1.9161229677498341,18.383142441511154,0.2
701,8613888,1204,68.78673189000001,130.48,7152,-0.030629091138447015,0.809090793132782,0.0003,7.566173076629639,0.7604248046875,7000,0.28483685851097107,0.29986486,-1.9174466493229072,19.813318940003715,0.2
702,8626176,1206,62.78502844,132.46,7152,-0.030421612655239492,0.850265383720398,0.0003,4.960115432739258,0.7653401692708334,7010,0.2839408814907074,0.34323826,-1.903393608580033,13.723379494746526,0.2
703,8638464,1207,56.56787502,132.13,7152,-0.02448427443644808,0.7148244380950928,0.0003,20.381519317626953,0.7031819661458333,7020,0.2831360399723053,0.15893495,-1.8612037864824136,38.38133623798688,0.2
704,8650752,1209,59.272186569999995,126.56,7152,0.03805655658361502,0.8508727550506592,0.0003,5.611135005950928,0.8454182942708334,7030,0.2848069369792938,0.4731724,-1.916992576420307,14.586805747946103,0.2
705,8663040,1211,62.09105484,127.57,7153,-0.026028186857001857,0.8640134930610657,0.0003,4.9678802490234375,0.7592447916666667,7040,0.2843458950519562,0.2964317,-1.9132955364882946,16.717043296496072,0.2
706,8675328,1212,58.42540037,127.82,7152,-0.02119164604616041,0.8598489761352539,0.0003,6.996817111968994,0.7767578125,7050,0.28321409225463867,0.3177546,-1.8764092112580935,17.141968735059102,0.2
707,8687616,1214,63.43691639000001,124.36,7151,0.02308098551002331,0.8454779386520386,0.0003,4.895578384399414,0.8238037109375,7060,0.2835959196090698,0.39575544,-1.8728968158364296,14.065545253952344,0.2
708,8699904,1216,62.18165854,128.36,7151,0.06420225620434697,0.8490091562271118,0.0003,9.328530311584473,0.8624837239583333,7070,0.287109375,0.5102372,-1.9757046068708102,16.777900208036105,0.2
709,8712192,1218,57.89341554,129.99,7151,-0.016779093037863884,0.9141390919685364,0.0003,4.098645210266113,0.8001627604166667,7080,0.2877518832683563,0.3819499,-2.045292074729999,8.394174613555272,0.2
710,8724480,1220,65.46627557000002,125.84,7151,-0.03495426805069049,0.8492953181266785,0.0003,7.847064971923828,0.7186279296875,7090,0.28708335757255554,0.20760286,-2.0284388976792496,17.532458989818892,0.2
711,8736768,1221,60.81697666,122.24,7150,-0.03090270909257621,0.823379397392273,0.0003,6.186715602874756,0.7240478515625,7100,0.28613507747650146,0.2082109,-1.9951128008464971,27.739315313100814,0.2
712,8749056,1223,63.53769354999999,123.32,7150,-0.028829095354497743,0.8609240651130676,0.0003,9.237902641296387,0.7631917317708333,7110,0.28549620509147644,0.29796728,-1.9564045707384745,17.667496542135876,0.2
713,8761344,1225,58.911769039999996,124.19,7150,0.014579760788668258,0.9040213823318481,0.0003,3.005622148513794,0.8324462890625,7120,0.2865200340747833,0.45829502,-1.9843402273952961,10.248552108804384,0.2
714,8773632,1226,59.491782220000005,119.8,7150,-0.021887148463186654,0.8377048969268799,0.0003,5.322265625,0.7486409505208333,7130,0.28654560446739197,0.22368842,-1.9859565670291583,22.108853469292324,0.2
715,8785920,1228,63.7613627,125.61,7151,-0.020180102959663295,0.8663152456283569,0.0003,4.695394992828369,0.7752278645833334,7140,0.28635770082473755,0.34166336,-1.996445506811142,15.07803769906362,0.2
716,8798208,1230,63.34591239,119.11,7150,-0.008252175323529324,0.8745753169059753,0.0003,3.111584186553955,0.8027669270833333,7150,0.28624227643013,0.38158646,-1.996693663050731,11.871157708764077,0.2
717,8810496,1232,64.01452562,117.4,7150,-0.01791422702469087,0.8949441909790039,0.0003,5.102787971496582,0.7922607421875,7160,0.28630387783050537,0.3663032,-1.9988494808475177,12.716204168399175,0.2
718,8822784,1233,62.80503164000001,119.91,7151,-0.011234991763679621,0.9025742411613464,0.0003,3.1273672580718994,0.8125162760416667,7170,0.28760433197021484,0.42962298,-2.0412439244488874,10.595318571726482,0.2
719,8835072,1235,66.73094211,125.46,7151,-0.02604507270928783,0.8934494853019714,0.0003,4.3060503005981445,0.77685546875,7180,0.28655651211738586,0.34419465,-2.0186660793920357,12.558762567241986,0.2
720,8847360,1237,58.358029050000006,118.18,7151,-0.024165049667741793,0.9096639752388,0.0003,3.563918352127075,0.7896240234375,7190,0.2858622074127197,0.38723657,-1.9893966764211655,9.91705392797788,0.2
721,8859648,1238,54.89321840999999,115.29,7151,-0.028711694819503464,0.8504730463027954,0.0003,6.194479465484619,0.7300944010416667,7200,0.28497570753097534,0.23308285,-1.9520552203059196,18.561828673879305,0.2
722,8871936,1240,64.11526949,120.13,7151,-0.01666784602663635,0.8576946258544922,0.0003,8.80673599243164,0.7676920572916667,7210,0.2844148874282837,0.26793578,-1.9201619093616804,20.845475647846857,0.2
723,8884224,1242,63.48735172,124.76,7150,-0.028811121893037733,0.8947217464447021,0.0003,3.868480682373047,0.7690592447916667,7220,0.2842312753200531,0.32384035,-1.9051911155382792,11.72361715634664,0.2
724,8896512,1244,64.50471171,122.27,7150,-0.024062345226411708,0.8656154870986938,0.0003,6.433219909667969,0.7777262369791667,7230,0.2843661308288574,0.35242692,-1.9147938564419746,17.886402531464896,0.2
725,8908800,1245,59.68156312,114.38,7150,-0.015661014138216463,0.9061216115951538,0.0003,4.217464447021484,0.795703125,7240,0.2846182882785797,0.37599823,-1.917142389714718,11.936416428287824,0.2
726,8921088,1247,62.17335176,115.7,7151,0.024479637558882435,0.8910407423973083,0.0003,4.440370559692383,0.8314778645833333,7250,0.2859152555465698,0.40108657,-1.9568208515644074,13.232392572363217,0.2
727,8933376,1249,64.89250125000001,121.06,7151,0.0005294583019955705,0.917724072933197,0.0003,2.7978408336639404,0.8295084635416666,7260,0.286700576543808,0.5190858,-1.98114448611935,7.787398559848468,0.2
728,8945664,1250,65.81860269000002,120.31,7151,-0.021196167183613095,0.9213374853134155,0.0003,3.2898447513580322,0.7973958333333333,7270,0.2866427004337311,0.38348308,-2.013365388164918,8.90185223420461,0.2
729,8957952,1252,57.37761141000001,116.57,7151,-0.027752378568402493,0.9067001938819885,0.0003,5.975636005401611,0.768017578125,7280,0.28609699010849,0.31131956,-1.9838517645994822,11.161326864361763,0.2
730,8970240,1254,57.65108202,115.49,7151,-0.017388822692252386,0.8944940567016602,0.0003,3.660457134246826,0.7813720703125,7290,0.28620338439941406,0.33148006,-1.9976898605624835,10.553954205910365,0.2
731,8982528,1256,65.16237923,122.05,7151,-0.029923763973541403,0.8907897472381592,0.0003,5.365950584411621,0.7641520182291667,7300,0.2853807210922241,0.3274164,-1.9661320994297664,12.44771536886692,0.2
732,8994816,1257,56.317597709999994,117.44,7151,-0.02593267089687288,0.8612778782844543,0.0003,9.960037231445312,0.739013671875,7310,0.2848968803882599,0.22225766,-1.932176441202561,16.985068188110986,0.2
733,9007104,1259,65.06748141999998,122.29,7151,-0.030118395465736587,0.8660963773727417,0.0003,6.92241096496582,0.7558268229166667,7320,0.28434696793556213,0.31815937,-1.9239362366497517,15.417920582493146,0.2
734,9019392,1261,57.99620885,119.09,7151,-0.015717038242534422,0.9007734656333923,0.0003,4.865450382232666,0.8042399088541666,7330,0.2842104732990265,0.39817396,-1.914600057899952,10.207280558347701,0.2
735,9031680,1262,57.73105984,121.6,7152,-0.02125226545613259,0.8116466999053955,0.0003,6.346682071685791,0.7475423177083333,7340,0.2836625874042511,0.22701742,-1.8940407499670981,25.073407868544262,0.2
736,9043968,1264,65.74388784999998,121.98,7152,-0.021721813941258005,0.785193920135498,0.0003,8.724739074707031,0.7327392578125,7350,0.28300246596336365,0.21380074,-1.8636878455678623,25.111012589931487,0.2
737,9056256,1266,67.86138653,123.96,7152,0.0022104429255705325,0.9127702713012695,0.0003,4.350741863250732,0.8244222005208334,7360,0.28344905376434326,0.4586902,-1.8830474699536959,10.882915736238163,0.2
738,9068544,1267,60.05158441,120.66,7152,-0.02765693323647914,0.9097841382026672,0.0003,2.770826578140259,0.7791097005208333,7370,0.2832014262676239,0.36531523,-1.8762300446629525,10.58339971502622,0.2
739,9080832,1269,61.92260467000001,125.4,7153,-0.01968421979205838,0.8603126406669617,0.0003,5.6538777351379395,0.7842692057291667,7380,0.2828465402126312,0.35951304,-1.8653991589943568,16.36649386982123,0.2
740,9093120,1271,67.6216988,126.64,7153,-0.01608233113656752,0.8726128935813904,0.0003,4.865293502807617,0.7892496744791667,7390,0.2825656533241272,0.3637433,-1.8527936287224294,11.7820566624403,0.2
741,9105408,1272,61.82852282999999,121.69,7153,-0.00245392390206689,0.9021785259246826,0.0003,2.9023947715759277,0.8100179036458334,7400,0.2824818193912506,0.41095814,-1.839813007414341,10.246735171477,0.2
742,9117696,1274,66.70924104999999,122.87,7153,-0.030388228730104553,0.8519653081893921,0.0003,5.711757659912109,0.7433919270833333,7410,0.2822458744049072,0.25105557,-1.8304411043723425,15.09877995053927,0.2
743,9129984,1276,67.49902516,118.89,7153,-0.005706661887234077,0.9180729985237122,0.0003,2.96592378616333,0.8189615885416667,7420,0.2826460599899292,0.4592905,-1.8399283694724242,8.885915044943491,0.2
744,9142272,1278,65.20624151,119.93,7153,0.0038582884376713385,0.9221837520599365,0.0003,3.1696603298187256,0.8263509114583333,7430,0.2830830514431,0.470992,-1.854915073265632,8.498336132367452,0.2
745,9154560,1279,64.36555322,117.9,7153,-0.020198090759610446,0.9174490571022034,0.0003,2.262539863586426,0.7908121744791666,7440,0.2822951376438141,0.38858923,-1.831194490691026,9.352127984166145,0.2
746,9166848,1281,65.51896101,120.85,7153,-0.02162307537413047,0.8921019434928894,0.0003,4.1104302406311035,0.7635009765625,7450,0.28243550658226013,0.25950417,-1.82976586073637,13.365848077336947,0.2
747,9179136,1283,63.76335821999999,118.33,7153,-0.018668986096357306,0.9181697368621826,0.0003,5.480432510375977,0.794189453125,7460,0.2825867235660553,0.35565272,-1.845220227787892,10.119112919767698,0.2
748,9191424,1285,64.24097344,120.13,7152,-0.02560751482087653,0.8977492451667786,0.0003,7.916472434997559,0.7741129557291667,7470,0.28249964118003845,0.33023313,-1.836879846950372,13.04795978864034,0.2
749,9203712,1286,61.3146788,116.5,7151,-0.004608727067049282,0.906733512878418,0.0003,3.3818883895874023,0.8063557942708334,7480,0.28370752930641174,0.36454186,-1.8763392041126887,10.996685020128886,0.2
750,9216000,1288,61.756639809999996,110.86,7150,-0.026602543281236044,0.9050133228302002,0.0003,3.715813398361206,0.7640787760416666,7490,0.28295981884002686,0.29695633,-1.8673617584009965,13.724240657687186,0.2
751,9228288,1290,63.81806179,118.98,7150,-0.0022650317218600928,0.9278063178062439,0.0003,2.4195425510406494,0.8232503255208333,7500,0.2839328944683075,0.5064358,-1.8991131814817588,7.451590521633625,0.2
752,9240576,1292,59.349028819999994,116.26,7149,-0.03240388150928387,0.9167159795761108,0.0003,2.9153366088867188,0.762158203125,7510,0.28335320949554443,0.29736444,-1.8806535119811694,10.545078966021538,0.2
753,9252864,1294,63.83624495,118.61,7148,-0.0322687047291159,0.8779963850975037,0.0003,6.065895080566406,0.7313069661458333,7520,0.2821875214576721,0.24569619,-1.8347447444995244,14.989183660348257,0.2
754,9265152,1296,64.92819322000001,125.17,7147,-0.017256390408147127,0.9075051546096802,0.0003,3.7465200424194336,0.8065673828125,7530,0.2815490663051605,0.4384656,-1.8106035530567168,8.856995745499928,0.2
755,9277440,1297,61.98171717,120.65,7147,-0.029114998426909247,0.8919948935508728,0.0003,6.123764514923096,0.7568277994791667,7540,0.2810142934322357,0.2650657,-1.7725833055873712,14.672902025779088,0.2
756,9289728,1299,63.330948479999996,120.15,7147,-0.00424235330913992,0.890723466873169,0.0003,3.1840193271636963,0.7957926432291667,7550,0.28124067187309265,0.31270882,-1.7894899542133014,13.549243181943893,0.2
757,9302016,1301,64.20408946000002,117.07,7147,-0.01114513302454725,0.8980175256729126,0.0003,3.9168388843536377,0.8098388671875,7560,0.2816173732280731,0.42736122,-1.8029333613812923,10.196829184889793,0.2
758,9314304,1303,63.48230661,119.01,7145,0.01894334696698934,0.922161877155304,0.0003,1.652898907661438,0.8367919921875,7570,0.28258636593818665,0.4949697,-1.8347131801148255,7.838724424938361,0.2
759,9326592,1305,64.77805855,117.53,7145,-0.009225723015454908,0.9132375717163086,0.0003,2.4548299312591553,0.798193359375,7580,0.28279992938041687,0.40375492,-1.843332052975893,8.236997279524804,0.2
760,9338880,1307,62.28552189999999,113.82,7144,-0.011449204846091259,0.9210633039474487,0.0003,3.8960328102111816,0.7978515625,7590,0.2833496034145355,0.40786552,-1.864176730066538,8.714536025126774,0.2
761,9351168,1309,66.41085267,116.89,7142,-0.016597664656486207,0.9259848594665527,0.0003,3.095708131790161,0.7944417317708333,7600,0.28298893570899963,0.35858914,-1.8675453037023544,8.605826972921689,0.2
762,9363456,1310,66.59938076,120.52,7142,-0.021535352712574726,0.9239597916603088,0.0003,2.6074912548065186,0.7892578125,7610,0.28287115693092346,0.4051857,-1.8649933169285455,7.855832973619302,0.2
763,9375744,1312,64.70069,119.44,7142,-0.012822733088978567,0.9272962808609009,0.0003,3.0498905181884766,0.7958251953125,7620,0.2827807366847992,0.34906995,-1.8421444773674012,10.372520881891251,0.2
764,9388032,1314,67.43523354000001,122.52,7141,-0.026349373836031493,0.9196028709411621,0.0003,3.5072503089904785,0.7674072265625,7630,0.28278422355651855,0.29246184,-1.849921054393053,11.233678502837817,0.2
765,9400320,1316,72.00271082999998,120.65,7140,-0.034812571347962756,0.935222327709198,0.0003,4.058348655700684,0.7701497395833333,7640,0.2827436029911041,0.35781065,-1.8458041476706664,8.17799397011598,0.2
766,9412608,1318,77.20167106000001,134.42,7140,-0.013973106968721064,0.9442906975746155,0.0003,2.798105478286743,0.8045817057291667,7650,0.2829383611679077,0.41976058,-1.8475116568307082,7.065882652997971,0.2
767,9424896,1319,65.20012176,122.24,7140,-0.031333471710483236,0.933922290802002,0.0003,2.7652978897094727,0.7626546223958334,7660,0.28235486149787903,0.29537675,-1.8352245777845382,9.268998379508654,0.2
768,9437184,1321,66.16119818000001,125.73,7140,-0.010512415280876061,0.9180929660797119,0.0003,2.5468897819519043,0.7945231119791667,7670,0.2825106084346771,0.33349434,-1.8454060365756353,9.463167915741602,0.2
769,9449472,1323,69.85682851,126.98,7139,-0.024531675102965285,0.9201424717903137,0.0003,3.178483486175537,0.771044921875,7680,0.2823488414287567,0.32056296,-1.8288587910433611,9.324215272068978,0.2
770,9461760,1325,67.43020802,124.26,7140,-0.019106162808990728,0.9257746934890747,0.0003,3.0747861862182617,0.7872965494791667,7690,0.2821078598499298,0.3731967,-1.8321529609461626,9.106945126255352,0.2
771,9474048,1326,70.34068015,128.68,7140,0.003723968297223716,0.928151547908783,0.0003,2.6067824363708496,0.8309651692708333,7700,0.2832791805267334,0.48272327,-1.861328658213218,7.511085167527199,0.2
772,9486336,1328,67.70441416,122.88,7141,-0.03043855527357664,0.9261709451675415,0.0003,4.515906810760498,0.7621337890625,7710,0.2834984064102173,0.32541296,-1.8724277906119824,10.979927453398705,0.2
773,9498624,1330,70.09356995,131.04,7141,-0.007071937798173167,0.9337109327316284,0.0003,2.039508581161499,0.8104817708333333,7720,0.2832799255847931,0.41512242,-1.884967571000258,6.751572572688262,0.2
774,9510912,1331,66.85482259,132.46,7142,-0.027115505336162946,0.8929928541183472,0.0003,4.31887674331665,0.7408610026041667,7730,0.2826943099498749,0.26456672,-1.8517530592779319,11.176148426532745,0.2
775,9523200,1333,63.018918619999994,123.9,7142,-0.043674595127231444,0.9041092395782471,0.0003,5.16768217086792,0.7276936848958333,7740,0.2823145091533661,0.24129514,-1.829520549128453,13.632280416289966,0.2
776,9535488,1334,70.22473618999999,126.77,7143,-0.024980944668641314,0.9157015085220337,0.0003,4.6525468826293945,0.7724202473958334,7750,0.2823173701763153,0.326032,-1.8406722639997801,12.211504858732223,0.2
777,9547776,1336,78.23344578999999,136.23,7143,0.007327268313383683,0.9309746026992798,0.0003,3.6980676651000977,0.8254964192708333,7760,0.2824917137622833,0.46937215,-1.84190583974123,9.449167706569035,0.2
778,9560064,1338,65.13615128,128.3,7144,-0.013811826522578485,0.916250467300415,0.0003,3.443162202835083,0.7940104166666667,7770,0.2823165953159332,0.3895379,-1.8373223145802815,9.847112707297008,0.2
779,9572352,1339,70.28185018,131.1,7144,-0.015669446864437,0.8914436101913452,0.0003,8.606794357299805,0.765673828125,7780,0.2820505201816559,0.26413134,-1.8253586406509081,15.232637268304824,0.2
780,9584640,1341,65.94405116999998,136.71,7145,-0.02946096798599077,0.9194575548171997,0.0003,3.1728057861328125,0.7750406901041667,7790,0.2814996540546417,0.33364153,-1.807459325591723,10.864787765343983,0.2
781,9596928,1343,67.25722652000002,129.95,7145,-0.01449703479205103,0.8822532296180725,0.0003,6.8452582359313965,0.7833821614583333,7800,0.2813856303691864,0.32760322,-1.8056197663148243,13.964374241232871,0.2
782,9609216,1344,65.16429422,125.91,7146,-0.022547747440209303,0.8915401101112366,0.0003,4.812469482421875,0.7830403645833334,7810,0.2808926999568939,0.35151234,-1.77846407443285,13.656267035007478,0.2
783,9621504,1346,64.94752751,125.94,7146,0.013383185972149174,0.9098402857780457,0.0003,2.499009847640991,0.8239827473958333,7820,0.28168895840644836,0.41582546,-1.7946290840705237,7.90711177935203,0.2
784,9633792,1347,64.81751366,124.51,7146,-0.026199882800574413,0.8939869403839111,0.0003,7.482697486877441,0.7611490885416666,7830,0.2814393937587738,0.31680202,-1.805362524588903,15.247517275810242,0.2
785,9646080,1349,63.29426073,126.06,7147,-0.013458745020519322,0.8624190092086792,0.0003,7.545404434204102,0.76923828125,7840,0.28118690848350525,0.28678623,-1.798621441423893,15.641386693716049,0.2
786,9658368,1351,65.48435196,127.97,7147,-0.0007064379159904395,0.8683006167411804,0.0003,6.826516151428223,0.7857340494791667,7850,0.2812535762786865,0.26869595,-1.803451008349657,18.399868842959403,0.2
787,9670656,1352,65.16087320999999,126.26,7148,-0.0035979603591840712,0.8943639397621155,0.0003,4.6674981117248535,0.8039306640625,7860,0.2819804847240448,0.3924868,-1.8138655324776967,11.43949036002159,0.2
788,9682944,1354,62.845080070000016,122.9,7148,-0.03211203727308506,0.8698456287384033,0.0003,4.877406120300293,0.7471516927083334,7870,0.281534880399704,0.25215432,-1.8079617880284786,16.624708968400956,0.2
789,9695232,1356,66.56211524000001,125.7,7148,-0.01577920160004093,0.8859955668449402,0.0003,9.493855476379395,0.7905192057291667,7880,0.2807674705982208,0.33239686,-1.780864353477955,18.287610934178034,0.2
790,9707520,1357,70.81660431999998,128.08,7149,0.027212096385968228,0.883689284324646,0.0003,4.3170552253723145,0.8241536458333333,7890,0.28146815299987793,0.37604442,-1.7940665346880753,15.421273934841157,0.2
791,9719808,1359,67.55660759999999,124.71,7149,-0.018274591248094416,0.9018306732177734,0.0003,2.9987144470214844,0.8021647135416666,7900,0.2817709743976593,0.44768187,-1.809448205679655,8.995637155572574,0.2
792,9732096,1361,70.61230934,132.64,7150,0.003695077132821704,0.9278375506401062,0.0003,2.377354860305786,0.8329671223958334,7910,0.28202328085899353,0.54581213,-1.8443114134172598,7.881100970506668,0.2
793,9744384,1362,65.94917454,120.49,7150,-0.02284918252553325,0.8695616722106934,0.0003,6.678953170776367,0.7618570963541667,7920,0.28065502643585205,0.29487965,-1.7845542882879575,12.34736639559269,0.2
794,9756672,1364,66.88593632999999,124.54,7151,-0.01705715323332697,0.9313986897468567,0.0003,2.3775382041931152,0.7971761067708333,7930,0.2808992564678192,0.4125267,-1.7903230642278989,7.098031117518743,0.2
795,9768960,1365,67.71424553,120.27,7151,-0.013765208285379534,0.9225695729255676,0.0003,2.381235361099243,0.79794921875,7940,0.27983176708221436,0.4183813,-1.7407380891342958,8.671908075610796,0.2
796,9781248,1367,64.42978491000001,118.27,7152,-0.021772647520022777,0.9207108616828918,0.0003,3.4431979656219482,0.7812906901041666,7950,0.2793930768966675,0.35729393,-1.7236796495815119,8.693142807980378,0.2
797,9793536,1369,68.58150842,118.79,7152,-0.020814392364506298,0.9269064664840698,0.0003,2.1472771167755127,0.8003499348958333,7960,0.2795311212539673,0.4463428,-1.726950211574634,7.046973484754562,0.2
798,9805824,1370,68.51409909,123.88,7153,-0.02546045294147916,0.9252524375915527,0.0003,4.148381233215332,0.7818440755208333,7970,0.2788982689380646,0.3458487,-1.710475820551316,9.998367362221082,0.2
799,9818112,1372,72.39507791,127.32,7153,-0.009504967773197374,0.9167357683181763,0.0003,3.3523008823394775,0.7971516927083333,7980,0.27936217188835144,0.36060742,-1.720673357695341,10.258702251315118,0.2
800,9830400,1374,62.87187492000001,126.59,7154,0.019042586256788733,0.9152189493179321,0.0003,5.315886974334717,0.8147705078125,7990,0.28000035881996155,0.32778814,-1.7401277385652065,14.198488322893779,0.2
801,9842688,1375,63.96322160999999,126.22,7154,-0.03743684780589926,0.7624613642692566,0.0003,11.010045051574707,0.6006591796875,8000,0.2791011929512024,0.09758195,-1.7007058955729009,32.58978391091029,0.2
802,9854976,1377,71.5962307,126.77,7155,0.010399554964775841,0.9210596084594727,0.0003,5.475586414337158,0.819677734375,8010,0.28015652298927307,0.4292271,-1.7495699380834897,10.960578058163325,0.2
803,9867264,1378,63.28541405,123.95,7155,-0.013111363211646677,0.9234204888343811,0.0003,4.8271803855896,0.7904947916666667,8020,0.2807048261165619,0.36973682,-1.7650763171414534,11.414847337206204,0.2
804,9879552,1380,63.29849647000001,121.34,7155,-0.028487122297519818,0.8966432809829712,0.0003,3.875199317932129,0.7606852213541667,8030,0.2810576558113098,0.2796788,-1.7759225818018118,16.454964730143548,0.2
805,9891840,1382,77.79708405999999,133.88,7156,-0.0045701956347329546,0.8888419270515442,0.0003,7.022841930389404,0.7864664713541667,8040,0.2815095782279968,0.29730088,-1.8047520890831947,16.344623437523843,0.2
806,9904128,1383,63.66127486000001,123.33,7156,-0.01074142788371925,0.920467734336853,0.0003,4.416337013244629,0.7879557291666667,8050,0.28106868267059326,0.33608928,-1.7977956026792525,12.79341066579024,0.2
807,9916416,1385,65.91671086,119.42,7157,0.020696664570520322,0.8881711363792419,0.0003,4.224861145019531,0.8191813151041667,8060,0.28234580159187317,0.37910402,-1.8197940128544967,13.643161897857984,0.2
808,9928704,1387,69.69280335,121.38,7157,-0.00934929058906467,0.8982580900192261,0.0003,3.5000901222229004,0.789794921875,8070,0.28206050395965576,0.3338515,-1.824218316624562,14.926996957262357,0.2
809,9940992,1388,64.47034619,119.6,7158,-0.012319468331891887,0.9143886566162109,0.0003,8.621472358703613,0.7962565104166667,8080,0.2825859487056732,0.340382,-1.8516186324258646,14.756684049963951,0.2
810,9953280,1390,67.23678706,125.58,7158,0.010850398682426507,0.926103949546814,0.0003,3.5080690383911133,0.8313069661458333,8090,0.2840392291545868,0.46655944,-1.8875088090697925,10.273927972714107,0.2
811,9965568,1392,63.654641790000014,122.32,7158,-0.03397940859431401,0.9028286337852478,0.0003,5.38958740234375,0.7433430989583333,8100,0.28247562050819397,0.2587696,-1.861709925532341,14.182006099820137,0.2
812,9977856,1393,76.62809288,131.51,7159,0.0016187750220221157,0.9148035049438477,0.0003,4.078423976898193,0.8094156901041667,8110,0.2839576303958893,0.38715374,-1.8978109469016393,11.464688129226367,0.2
813,9990144,1395,72.55198533000001,130.55,7159,-0.02176990755542647,0.9281332492828369,0.0003,1.7860287427902222,0.7840494791666667,8120,0.2834005653858185,0.37532797,-1.8943748354911805,8.59388034939766,0.2
814,10002432,1397,62.80404744,131.75,7159,-0.023061492701526732,0.8996321558952332,0.0003,3.631682872772217,0.7557942708333333,8130,0.28226447105407715,0.26068518,-1.8545999591549238,11.534918229778608,0.2
