time/time_elapsed,time/fps,time/iterations,time/total_timesteps,rollout/ep_rew_mean,rollout/ep_len_mean,train/std,train/loss,train/approx_kl,train/clip_fraction,train/entropy_loss,train/n_updates,train/policy_gradient_loss,train/value_loss,train/explained_variance,train/clip_range,train/learning_rate
1,11408,1,12288,1420.9668074166666,1000.0,,,,,,,,,,,
2,8287,2,24576,1418.3174492500002,1000.0,0.17437875270843506,0.007809343747794628,0.042648345,0.45108235677083336,5.681378555297852,8150,-0.00347517017556432,0.028588983858935536,0.9877256751060486,0.2,5e-05
4,7494,3,36864,1419.7727737222222,1000.0,0.17422448098659515,-0.0014341846108436584,0.052140545,0.4596354166666667,5.697237366437912,8160,-0.0019514331788135072,0.05612708843545988,0.9856699109077454,0.2,5e-05
6,7372,4,49152,1393.6051671041666,982.0625,0.17396824061870575,0.02298162132501602,0.047811914,0.4870361328125,5.71521475315094,8170,0.0002975938332383521,0.0532727650172698,0.9541759490966797,0.2,5e-05
8,7308,5,61440,1382.2765276833331,974.1833333333333,0.1738654375076294,0.0001879725605249405,0.0447567,0.4600911458333333,5.730895214279493,8180,-0.0030041917469740536,0.4683246027949887,0.9655084013938904,0.2,5e-05
10,7273,6,73728,1373.034447472973,966.972972972973,0.17380939424037933,0.2330600619316101,0.050738495,0.49736328125,5.7366222739219666,8190,0.0002449729436193593,0.3992833717687366,0.9664402008056641,0.2,5e-05
11,7245,7,86016,1380.467359744186,971.5813953488372,0.17384423315525055,0.12034406512975693,0.05180049,0.5130126953125,5.739186705152194,8200,0.001546286782589353,0.8567679401331891,0.9817533493041992,0.2,5e-05
13,7224,8,98304,1383.4863013979593,975.0612244897959,0.1737741082906723,0.04790044575929642,0.06952703,0.5364013671875,5.744529596964518,8210,0.009665558208750251,0.08161964749451726,0.9738286137580872,0.2,5e-05
15,7146,9,110592,1384.2387735900002,975.56,0.17361833155155182,0.005701282061636448,0.044653863,0.46356608072916666,5.75199432571729,8220,0.003378969268427075,0.043526361614931376,0.9868758320808411,0.2,5e-05
17,7137,10,122880,1373.0570415299999,966.51,0.17353390157222748,0.006999701261520386,0.04627447,0.4633707682291667,5.76129296819369,8230,0.0018049626945867204,0.02385154034709558,0.9882860779762268,0.2,5e-05
18,7132,11,135168,1373.4134190999996,966.51,0.17321781814098358,0.03903394937515259,0.041412186,0.46254069010416665,5.77440206905206,8240,-0.002499996258605582,0.12435936820499288,0.9827011227607727,0.2,5e-05
20,7128,12,147456,1372.6117123999998,966.26,0.17275632917881012,-0.009542073123157024,0.046767995,0.4567789713541667,5.801821968952814,8250,-0.0003570549573244837,0.026803491672035308,0.991794764995575,0.2,5e-05
22,7130,13,159744,1383.4826550599996,973.14,0.17255334556102753,0.04501008242368698,0.042916875,0.48068033854166664,5.818816437323888,8260,-0.002532976297273611,0.47024754574522376,0.9111559391021729,0.2,5e-05
24,7126,14,172032,1396.96828618,982.09,0.17211000621318817,0.019104894250631332,0.041451227,0.44671223958333334,5.844152309497198,8270,0.001977088899972538,0.02193608266146233,0.9871485829353333,0.2,5e-05
25,7111,15,184320,1396.7409456199998,982.09,0.17169003188610077,0.005792928859591484,0.056027215,0.479931640625,5.871272531151772,8280,-0.0005854539384017698,0.032485792452159025,0.98072350025177,0.2,5e-05
27,7109,16,196608,1399.0259106599997,982.09,0.17115958034992218,0.0036249905824661255,0.04186785,0.4504475911458333,5.903604944547017,8290,0.0015212133240614398,0.029818498188008864,0.9807100296020508,0.2,5e-05
29,7108,17,208896,1400.38254304,982.09,0.17070333659648895,-0.023321829736232758,0.03960335,0.4401611328125,5.938639144102733,8300,-0.0007483128598930003,0.03205560396114985,0.9904102683067322,0.2,5e-05
31,7107,18,221184,1413.4087811499996,991.14,0.1704121232032776,0.009551736526191235,0.049390096,0.4513346354166667,5.962862396240235,8310,-0.0020124180722632446,0.02849857193650678,0.9818630218505859,0.2,5e-05
32,7102,19,233472,1413.9426502200001,991.14,0.17017178237438202,-0.02036655880510807,0.04286116,0.4326171875,5.982471869389216,8320,-0.00039036892800747104,0.022453879590223855,0.9837830662727356,0.2,5e-05
34,7103,20,245760,1414.6846622699998,991.14,0.16998739540576935,0.00613798201084137,0.046945985,0.44032389322916665,6.001580205559731,8330,1.8987379250271866e-05,0.019269252065957213,0.9916536211967468,0.2,5e-05
36,7102,21,258048,1427.1297691600003,1000.0,0.16960518062114716,0.005318892188370228,0.045520473,0.44593912760416665,6.028444303075473,8340,-0.003764027787838131,0.02006558210705407,0.9898443222045898,0.2,5e-05
38,7064,22,270336,1427.3700776199998,1000.0,0.16937875747680664,0.023785971105098724,0.041814063,0.43404947916666664,6.055572884281476,8350,-0.0004901655736224105,0.031118164584040642,0.9738414287567139,0.2,5e-05
40,7052,23,282624,1427.33571179,1000.0,0.16900241374969482,-0.0068083456717431545,0.040935844,0.4369303385416667,6.078635852535566,8360,-2.441818117707347e-05,0.02012577966088429,0.9910416007041931,0.2,5e-05
41,7058,24,294912,1427.2772329900001,1000.0,0.16882312297821045,-0.019867168739438057,0.040665507,0.4508138020833333,6.099662132064501,8370,4.833034545299597e-05,0.018460132338805123,0.9815910458564758,0.2,5e-05
43,7065,25,307200,1427.8574742499998,1000.0,0.16854016482830048,0.013483243063092232,0.05012721,0.48634440104166665,6.118232137958208,8380,0.004824514916739038,0.07752806368904809,0.9451959133148193,0.2,5e-05
45,7067,26,319488,1426.9471303299995,1000.0,0.1680680364370346,0.01075637899339199,0.041763563,0.43492024739583335,6.142957103252411,8390,-0.0009844195121938052,0.02516266199333283,0.9781045913696289,0.2,5e-05
46,7067,27,331776,1425.6336190700001,1000.0,0.1675373762845993,0.0009002364240586758,0.045577765,0.4523681640625,6.176882367332777,8400,0.0005561386865641301,0.02074152305528211,0.9926124811172485,0.2,5e-05
48,7074,28,344064,1425.9752805200003,1000.0,0.16720682382583618,-0.0005767019465565681,0.046577156,0.45131022135416665,6.206257184346517,8410,-0.0017362098020385019,0.021683854671816032,0.9873155355453491,0.2,5e-05
50,7072,29,356352,1426.77477508,1000.0,0.16679435968399048,-0.00599916186183691,0.041505124,0.4260335286458333,6.233364286025365,8420,-0.0010207459820473256,0.014629903827638676,0.9922896027565002,0.2,5e-05
52,7071,30,368640,1426.51705088,1000.0,0.1663917899131775,-0.021344870328903198,0.042536765,0.4394938151041667,6.266970807313919,8430,-0.0008316107792779803,0.015023782486484076,0.9912688732147217,0.2,5e-05
54,7047,31,380928,1427.7704714800002,1000.0,0.16612876951694489,-0.0073386249132454395,0.04343472,0.4463704427083333,6.29299838244915,8440,-0.0026194053517732147,0.020449757389724255,0.9817054867744446,0.2,5e-05
55,7029,32,393216,1427.0172521800005,1000.0,0.16579172015190125,-0.0072088539600372314,0.04490563,0.43772786458333335,6.31339265803496,8450,0.00010456207673996687,0.015896789512286583,0.9883906841278076,0.2,5e-05
57,7009,33,405504,1417.66741399,993.67,0.16554881632328033,0.005813693627715111,0.045045983,0.4646240234375,6.333662688732147,8460,-0.00039441603779171905,0.024092300125630572,0.9834839701652527,0.2,5e-05
59,7000,34,417792,1417.1720043,993.67,0.16540081799030304,0.3395994007587433,0.055914253,0.49384765625,6.346263434489568,8470,0.003328716611819497,0.9263384614838287,0.8859920501708984,0.2,5e-05
61,6996,35,430080,1417.68481987,993.67,0.16515526175498962,-0.008572159335017204,0.0554139,0.472265625,6.359492178757986,8480,0.0018082831428425075,0.023759432290292655,0.9875141382217407,0.2,5e-05
63,7003,36,442368,1418.4251591099996,993.67,0.16487811505794525,-0.00026264414191246033,0.03906514,0.45254720052083336,6.3721608996391295,8490,0.0026041551054125497,0.016471527652659763,0.9880629777908325,0.2,5e-05
64,6995,37,454656,1417.8726660900002,993.67,0.16451703011989594,-0.024677537381649017,0.04085813,0.441650390625,6.396935985485713,8500,-0.00039721924937718235,0.020104612724389882,0.986345112323761,0.2,5e-05
66,6976,38,466944,1418.4848065699998,993.67,0.16400982439517975,0.01539674587547779,0.055942446,0.48214518229166664,6.427502968907357,8510,0.0014925418921241846,0.059747467779864866,0.9342941045761108,0.2,5e-05
68,6973,39,479232,1417.5858424899998,993.67,0.16404153406620026,0.01425229012966156,0.0542755,0.46856282552083334,6.446978505452474,8520,0.001337361145609369,0.029891487174124147,0.983384370803833,0.2,5e-05
70,6975,40,491520,1417.2617150699998,993.67,0.16375498473644257,-0.007245935499668121,0.048169356,0.45126139322916664,6.463717613617579,8530,0.0036575744823494462,0.018928856577258558,0.9908847808837891,0.2,5e-05
72,6971,41,503808,1418.17310954,993.67,0.16347983479499817,0.015920616686344147,0.03849497,0.42300618489583336,6.491714045405388,8540,0.0006710866446762036,0.011105813801016969,0.9842846989631653,0.2,5e-05
74,6972,42,516096,1427.1041692,1000.0,0.16316156089305878,0.004713563248515129,0.05223586,0.46356608072916666,6.518854254484177,8550,0.0039041256653338983,0.02116081488978428,0.9919095635414124,0.2,5e-05
75,6971,43,528384,1428.3895607100003,1000.0,0.16296441853046417,-0.02061968855559826,0.037791353,0.4474690755208333,6.54820913473765,8560,0.001139332668632657,0.011263820601743645,0.9911907315254211,0.2,5e-05
77,6974,44,540672,1429.4711740799996,1000.0,0.16266696155071259,-0.00675711315125227,0.044986054,0.4570231119791667,6.569294263919194,8570,0.0010418014283156178,0.02560426125419326,0.9827724695205688,0.2,5e-05
79,6954,45,552960,1427.3860597300002,1000.0,0.16231665015220642,0.027325643226504326,0.04397824,0.4665771484375,6.5911500672499335,8580,-0.0010518423330116396,0.02710801320693766,0.9887652397155762,0.2,5e-05
81,6951,46,565248,1427.64401683,1000.0,0.16189241409301758,-0.02194187417626381,0.044301808,0.4465576171875,6.620426534612974,8590,0.0016426578654015127,0.01726368794722172,0.9920229911804199,0.2,5e-05
83,6956,47,577536,1428.45637934,1000.0,0.16179732978343964,0.0008104043081402779,0.05244243,0.47308756510416666,6.642596665024757,8600,0.00012635328772982272,0.03463809295596244,0.9794535040855408,0.2,5e-05
84,6960,48,589824,1427.1642405300001,1000.0,0.16163375973701477,0.04734879732131958,0.051661205,0.4576416015625,6.659447170297304,8610,-0.0004407495015281408,0.019220007847373686,0.991215169429779,0.2,5e-05
86,6964,49,602112,1414.3155202500002,991.69,0.16163985431194305,0.043849553912878036,0.05075279,0.4887939453125,6.667848006884257,8620,-0.0026686291152145714,0.7279992915379504,0.8923647999763489,0.2,5e-05
88,6969,50,614400,1415.5179274500003,991.69,0.1612996906042099,0.010122396051883698,0.050996568,0.47263997395833335,6.682861736416816,8630,0.0017705669762411466,0.01919312455186931,0.9991569519042969,0.2,5e-05
89,6969,51,626688,1411.3862479400004,989.47,0.1609649807214737,0.0025075646117329597,0.042261317,0.44085286458333334,6.709320549170176,8640,-0.0008802435501517417,0.024220924521796406,0.9869256615638733,0.2,5e-05
91,6970,52,638976,1410.6289704999997,989.47,0.16090027987957,0.03044348582625389,0.04347393,0.4681477864583333,6.725344349940618,8650,0.0024323949231378115,0.5693934626605672,0.8304272294044495,0.2,5e-05
93,6973,53,651264,1413.5378526900001,989.47,0.1606360524892807,0.023014336824417114,0.046171855,0.454736328125,6.744890225927035,8660,0.0004069784782283629,0.019137958648692197,0.9835199117660522,0.2,5e-05
95,6976,54,663552,1411.05059923,988.19,0.16024795174598694,0.018755920231342316,0.043589566,0.460986328125,6.7688348631064095,8670,-0.0015958581592713018,0.030283508197559664,0.9849273562431335,0.2,5e-05
96,6978,55,675840,1411.9981959299996,988.19,0.16013740003108978,0.20759987831115723,0.0627676,0.5125244140625,6.783729995290439,8680,0.003552725038510592,2.7814397043936574,0.9107012748718262,0.2,5e-05
98,6981,56,688128,1412.5503573799997,988.19,0.16009657084941864,0.00417100265622139,0.050256655,0.5019694010416667,6.787899566690127,8690,0.0034312460731598547,0.04374801529338583,0.9650484323501587,0.2,5e-05
100,6982,57,700416,1424.1134444299998,996.5,0.15983366966247559,0.030873477458953857,0.050935954,0.48972981770833335,6.795445910096168,8700,0.003049883966256554,0.042886791847801455,0.9815268516540527,0.2,5e-05
102,6985,58,712704,1424.2744185899999,996.5,0.15963207185268402,0.001474679447710514,0.05129079,0.48720703125,6.809479416410128,8710,0.005093087610657676,0.022991031386967127,0.980027437210083,0.2,5e-05
103,6986,59,724992,1427.0535325900003,998.72,0.15933740139007568,0.008827678859233856,0.053793427,0.47513020833333336,6.8330459773540495,8720,0.00044235698296688495,0.02567925412246647,0.9885011911392212,0.2,5e-05
105,6989,60,737280,1427.1195717199996,998.72,0.15922971069812775,0.010202284902334213,0.04356019,0.4630940755208333,6.853177218635877,8730,0.003649408748121156,0.025736401602625848,0.9849845767021179,0.2,5e-05
107,6992,61,749568,1424.9573156800002,998.72,0.1587924212217331,-0.0012195874005556107,0.0457785,0.4716878255208333,6.879435778657595,8740,0.004587913427773553,0.028479107515886427,0.9888076186180115,0.2,5e-05
108,6993,62,761856,1428.46460622,1000.0,0.1586887091398239,0.17991243302822113,0.04249693,0.50478515625,6.899930647015571,8750,0.001334617313113995,0.31663490812061357,0.849009096622467,0.2,5e-05
110,6996,63,774144,1427.9662397,1000.0,0.15861372649669647,0.0016935206949710846,0.056042556,0.479443359375,6.907950975497564,8760,0.002840456950555866,0.02473945536573107,0.9640277028083801,0.2,5e-05
112,6995,64,786432,1428.10918686,1000.0,0.1582551896572113,-0.0019792658276855946,0.046819914,0.47018229166666664,6.921181937058766,8770,0.0014684633531336052,0.022378279082477092,0.9905148148536682,0.2,5e-05
114,6995,65,798720,1428.8375457299999,1000.0,0.15788836777210236,-0.015968438237905502,0.04460545,0.4731201171875,6.94967568218708,8780,0.0038108662362598502,0.02196601017494686,0.9902713894844055,0.2,5e-05
115,6997,66,811008,1428.1830836299998,1000.0,0.15762104094028473,0.010688087902963161,0.049721945,0.49021809895833335,6.973947756489118,8790,0.0035179982495416578,0.03008960695199979,0.9928185939788818,0.2,5e-05
117,6990,67,823296,1427.6030345000004,1000.0,0.15736068785190582,-0.003848082385957241,0.05267893,0.48248697916666666,6.991928031047185,8800,0.0034566220128908753,0.034709162559981147,0.9887698888778687,0.2,5e-05
119,6985,68,835584,1427.1405595,1000.0,0.15706728398799896,-0.014889704063534737,0.050774336,0.46254069010416665,7.016144668062528,8810,0.00025813792356833197,0.01932933599067231,0.9872848987579346,0.2,5e-05
121,6971,69,847872,1428.9585605200002,1000.0,0.1567062884569168,-0.007225530222058296,0.04360382,0.46013997395833334,7.048388901352882,8820,0.0026729083993510963,0.016128700556388747,0.9891847968101501,0.2,5e-05
123,6967,70,860160,1428.70522195,1000.0,0.15665902197360992,-0.009222596883773804,0.053449612,0.4743570963541667,7.068361939986547,8830,0.0030344932873655733,0.01954142876396266,0.9874868988990784,0.2,5e-05
125,6959,71,872448,1427.80695343,1000.0,0.15635114908218384,-0.009719605557620525,0.053649347,0.47039388020833334,7.08574036459128,8840,0.002863121843256522,0.020071768871275708,0.9871264100074768,0.2,5e-05
127,6954,72,884736,1427.52812971,1000.0,0.15589506924152374,0.024511633440852165,0.05218813,0.4513346354166667,7.112411256631216,8850,-6.12479071908941e-05,0.015647553528348606,0.9918387532234192,0.2,5e-05
128,6954,73,897024,1429.1543486100002,1000.0,0.15563371777534485,-0.016589075326919556,0.043070447,0.44693196614583336,7.137400699655215,8860,0.0007776820809037114,0.016158596014914414,0.9877163767814636,0.2,5e-05
130,6956,74,909312,1430.49405497,1000.0,0.15543119609355927,-0.012504218146204948,0.045443892,0.44874674479166665,7.156530995170275,8870,-0.0006511756015243009,0.011285010828093316,0.9811998605728149,0.2,5e-05
132,6953,75,921600,1432.66877133,1000.0,0.15510667860507965,-0.010748028755187988,0.051157713,0.4549153645833333,7.183668553829193,8880,0.002149455831264883,0.013250667898682877,0.98971027135849,0.2,5e-05
134,6940,76,933888,1433.99774265,1000.0,0.1548745036125183,-0.016364436596632004,0.04138958,0.44334309895833335,7.2132810612519584,8890,0.002348977445702379,0.010496256317128427,0.9846096038818359,0.2,5e-05
136,6929,77,946176,1433.62207246,1000.0,0.1546543687582016,-0.014251920394599438,0.04821232,0.4802734375,7.235697653889656,8900,0.004310555104166269,0.017000914293263728,0.9918280243873596,0.2,5e-05
138,6923,78,958464,1433.6099307700001,1000.0,0.15416830778121948,0.018649106845259666,0.04144906,0.45362955729166665,7.262279177705447,8910,0.004789257567608729,0.013556175915679584,0.9930116534233093,0.2,5e-05
140,6909,79,970752,1435.3527638599999,1000.0,0.1540483832359314,0.010743977501988411,0.045038443,0.4549641927083333,7.286029369632403,8920,0.002786158566110923,0.012607350746596543,0.9881409406661987,0.2,5e-05
142,6906,80,983040,1435.0296795499996,1000.0,0.1536753624677658,-0.0052360594272613525,0.050596412,0.4760009765625,7.307939039667447,8930,0.004873669244746756,0.017037752835312857,0.9898911714553833,0.2,5e-05
144,6907,81,995328,1428.99757897,997.02,0.15358775854110718,0.0025334302335977554,0.047032785,0.46670735677083336,7.322980303565661,8940,0.004959162965436311,0.01745048478090515,0.992710530757904,0.2,5e-05
145,6907,82,1007616,1428.88757586,997.02,0.15330739319324493,0.032576024532318115,0.04765715,0.46925455729166665,7.336902113755544,8950,-0.004718315728920667,0.1442880237843686,0.9552350640296936,0.2,5e-05
147,6906,83,1019904,1429.26317931,997.02,0.1530291885137558,-0.01528841070830822,0.051188648,0.47478841145833334,7.366458279887835,8960,0.007292476494330913,0.020277471462031828,0.9814108610153198,0.2,5e-05
149,6906,84,1032192,1428.67954123,997.02,0.15265454351902008,-0.002188117243349552,0.04918992,0.46751302083333335,7.395374229550361,8970,0.004602380821355231,0.018736686520666505,0.9906172752380371,0.2,5e-05
151,6905,85,1044480,1428.94387806,997.02,0.15232568979263306,-0.005292410962283611,0.052020255,0.4792724609375,7.427841714024543,8980,0.00047164536614824706,0.01757545056170784,0.987824022769928,0.2,5e-05
153,6905,86,1056768,1428.1447493199998,997.02,0.15201306343078613,0.003354255110025406,0.04390873,0.4709554036458333,7.459658465782801,8990,0.0028156893892931595,0.016331390669802204,0.992445707321167,0.2,5e-05
154,6906,87,1069056,1426.59952873,997.02,0.15151269733905792,0.0048859622329473495,0.04447497,0.46095377604166665,7.492151846488317,9000,0.00526744058879558,0.01384653090693367,0.9942102432250977,0.2,5e-05
156,6902,88,1081344,1426.9962243100006,997.02,0.15108464658260345,-0.019264142960309982,0.044556666,0.451953125,7.5288180857896805,9010,0.002140335171134211,0.013670563511550427,0.9918119311332703,0.2,5e-05
158,6895,89,1093632,1432.5532073499996,1000.0,0.15071122348308563,-0.01671503856778145,0.049796123,0.4810872395833333,7.560607100526492,9020,0.004683014754361162,0.01567372493639899,0.9928515553474426,0.2,5e-05
160,6886,90,1105920,1430.7747070899998,1000.0,0.15041352808475494,0.006471321918070316,0.051140774,0.46332194010416666,7.587376369039218,9030,0.001920231855183374,0.014174945912479113,0.9931124448776245,0.2,5e-05
162,6880,91,1118208,1430.7816666600002,1000.0,0.15009647607803345,-0.021740242838859558,0.04748106,0.465869140625,7.610834656159083,9040,0.0025824720554131395,0.015535664628259838,0.9919807314872742,0.2,5e-05
164,6880,92,1130496,1422.3164665000004,994.74,0.14988364279270172,0.017758209258317947,0.04707287,0.48846842447916666,7.6292257606983185,9050,0.0032395018798221523,0.025906392148075004,0.9881646633148193,0.2,5e-05
166,6880,93,1142784,1422.3348056100003,994.74,0.14979898929595947,0.44002875685691833,0.06399178,0.5052571614583333,7.638869284590085,9060,0.003515462638461031,1.9704989143298008,0.8857625126838684,0.2,5e-05
167,6880,94,1155072,1422.9460872200004,994.74,0.14942680299282074,0.016366925090551376,0.053303313,0.5013346354166667,7.6611968040466305,9070,0.009329592263384257,0.01720405522501096,0.9891247153282166,0.2,5e-05
169,6879,95,1167360,1423.8199081499997,994.74,0.14904549717903137,-0.003110717050731182,0.052822787,0.4948486328125,7.697934555013974,9080,0.006623607693957941,0.016758233972359447,0.9895973801612854,0.2,5e-05
171,6879,96,1179648,1423.43318969,994.74,0.14857709407806396,-0.004428200423717499,0.060077563,0.49635416666666665,7.7321528146664305,9090,0.003453221147841153,0.021519383475727714,0.9872996211051941,0.2,5e-05
173,6877,97,1191936,1424.068014,994.74,0.14827848970890045,0.011019248515367508,0.054994445,0.4880777994791667,7.759194345275561,9100,0.0051200631103711204,0.017103379553494353,0.9858301877975464,0.2,5e-05
175,6876,98,1204224,1424.3943982,994.74,0.14803467690944672,-0.007762232795357704,0.050037336,0.4808349609375,7.777873620390892,9110,0.0019346444552259831,0.021147009163784484,0.9912123680114746,0.2,5e-05
176,6876,99,1216512,1424.73323176,994.74,0.14782895147800446,-0.0020170407369732857,0.05724439,0.4930501302083333,7.799266251921654,9120,0.0032616344251437113,0.0200413596292492,0.9863160848617554,0.2,5e-05
178,6874,100,1228800,1426.52116086,995.57,0.1474795937538147,0.011592177674174309,0.051266562,0.48024088541666665,7.825098312894503,9130,0.005222243826331881,0.01456489003515647,0.9887456297874451,0.2,5e-05
180,6875,101,1241088,1425.50671294,995.57,0.14724351465702057,0.024767018854618073,0.05458873,0.4688639322916667,7.845834218462309,9140,-0.005007241254497785,0.19129872700432315,0.9321303367614746,0.2,5e-05
182,6875,102,1253376,1425.5977656199998,995.57,0.1469428688287735,0.029750483110547066,0.058139194,0.5072916666666667,7.871122005581856,9150,0.00727152065859021,0.025419872457860038,0.9893204569816589,0.2,5e-05
184,6874,103,1265664,1425.33449636,995.57,0.14654095470905304,0.018570659682154655,0.052469254,0.4945475260416667,7.902733777960141,9160,0.005979714101219239,0.017137293903700387,0.9901130199432373,0.2,5e-05
185,6870,104,1277952,1425.6040234599996,995.57,0.1464948058128357,-0.00339478999376297,0.05795631,0.5168294270833333,7.926820621887843,9170,0.0042339633364463225,0.027174979066088175,0.9843802452087402,0.2,5e-05
187,6871,105,1290240,1425.9910435799998,995.57,0.14635635912418365,0.024433264508843422,0.04720549,0.47671712239583336,7.939650539557139,9180,0.0009868277811619919,0.026299735486585027,0.98112553358078,0.2,5e-05
189,6872,106,1302528,1426.22752894,995.57,0.14639966189861298,-0.005994708277285099,0.054968655,0.49466145833333336,7.948959995309512,9190,0.005574076816265006,0.02149189945970041,0.982959508895874,0.2,5e-05
191,6869,107,1314816,1421.6385113,992.12,0.14614327251911163,0.007466733921319246,0.04861635,0.47012532552083336,7.9633433798948925,9200,0.0028044245768493663,0.014730713233196488,0.9896838068962097,0.2,5e-05
193,6867,108,1327104,1428.8364150500001,996.55,0.14610542356967926,0.3462084233760834,0.07333686,0.5681640625,7.97526159187158,9210,0.009234912142953059,1.4369846917145574,0.9438138604164124,0.2,5e-05
195,6868,109,1339392,1421.80006111,991.77,0.14602863788604736,0.013862384483218193,0.067685075,0.5528645833333333,7.981935816009839,9220,0.009234195577543384,0.032063841649020715,0.9584537148475647,0.2,5e-05
196,6868,110,1351680,1423.3343655400004,991.77,0.14590872824192047,1.2302583456039429,0.05751581,0.5226481119791667,7.9924283554156625,9230,0.0013135562815781061,1.4795618450501933,0.9181649088859558,0.2,5e-05
198,6868,111,1363968,1422.5638278900003,991.77,0.14587952196598053,0.06756852567195892,0.0712905,0.57255859375,7.99828397432963,9240,0.010302879418789719,0.8030812993878499,0.5347433090209961,0.2,5e-05
200,6868,112,1376256,1422.10588792,991.77,0.1456160694360733,0.023669937625527382,0.07189829,0.5750244140625,8.008828017115594,9250,0.009001215275687476,0.03345900857821107,0.9639205932617188,0.2,5e-05
202,6868,113,1388544,1422.81104969,991.77,0.14548374712467194,0.011750664561986923,0.061082665,0.5011962890625,8.024746702114742,9260,0.006314007033749173,0.01740204088661509,0.9830703139305115,0.2,5e-05
203,6869,114,1400832,1422.82362752,991.77,0.14537659287452698,-0.0206142570823431,0.059953045,0.5099609375,8.040664060910542,9270,0.0047745806601597,0.02418949471709008,0.979246973991394,0.2,5e-05
205,6869,115,1413120,1422.1188441600002,991.77,0.1449120193719864,0.0021155085414648056,0.049348682,0.47574055989583336,8.06899443467458,9280,0.0031335579697042704,0.02927892005148654,0.9638206958770752,0.2,5e-05
207,6868,116,1425408,1427.7951868900002,995.22,0.14471273124217987,-0.014967626892030239,0.05253309,0.48988444010416665,8.096280831098557,9290,0.003158447471408484,0.014576456927655575,0.9923138618469238,0.2,5e-05
209,6869,117,1437696,1435.9101044100003,1000.0,0.14453236758708954,0.028248287737369537,0.064318694,0.5273274739583333,8.111853943268459,9300,0.0050312379113165665,0.03978294717768828,0.9680696129798889,0.2,5e-05
211,6865,118,1449984,1435.8039396,1000.0,0.14434915781021118,0.012873167172074318,0.050115004,0.4781005859375,8.126256269216537,9310,0.002375354867641969,0.01555266159606011,0.9920622110366821,0.2,5e-05
212,6866,119,1462272,1436.6488513599998,1000.0,0.1442130208015442,0.010324228554964066,0.04049146,0.4575113932291667,8.14132415453593,9320,-0.0005164552538190037,0.013538097330213834,0.9861913919448853,0.2,5e-05
214,6864,120,1474560,1437.3001185599999,1000.0,0.1438998132944107,0.01144011877477169,0.05130397,0.49423828125,8.159138015906017,9330,0.005908568016699671,0.01231333814697185,0.990984320640564,0.2,5e-05
216,6865,121,1486848,1436.7756905400001,1000.0,0.1435711532831192,0.012393531389534473,0.053424507,0.486083984375,8.190581965446473,9340,0.0047849317246194305,0.011617081717122345,0.9924545288085938,0.2,5e-05
218,6865,122,1499136,1436.72663187,1000.0,0.14321932196617126,0.0042993538081645966,0.048736274,0.4844889322916667,8.22283868988355,9350,0.003607582371720734,0.014865580748300999,0.9907688498497009,0.2,5e-05
220,6859,123,1511424,1436.2554433500002,1000.0,0.14309929311275482,-0.008824086748063564,0.051049594,0.49685872395833336,8.246378898620605,9360,0.005879522006822905,0.014076787818339653,0.9914358258247375,0.2,5e-05
222,6852,124,1523712,1436.6181571600005,1000.0,0.14297761023044586,0.0038209548220038414,0.05162156,0.4990234375,8.263590653737387,9370,0.004113894041802268,0.018421281901343414,0.9793716669082642,0.2,5e-05
224,6853,125,1536000,1437.6646824099998,1000.0,0.14270545542240143,-0.0020383698865771294,0.050401267,0.48561197916666665,8.282383702198665,9380,0.011873498346055082,0.012012316944310441,0.9953925609588623,0.2,5e-05
225,6852,126,1548288,1428.86809106,994.61,0.14248976111412048,0.0024948008358478546,0.050824177,0.45940755208333334,8.306243739525478,9390,0.00477447725327996,0.009098683858367925,0.98409503698349,0.2,5e-05
227,6850,127,1560576,1428.0329221300003,994.61,0.14232958853244781,0.03309192135930061,0.05373754,0.5264485677083334,8.320850769678751,9400,0.0007528402260504663,0.17930689849890769,0.9645427465438843,0.2,5e-05
229,6848,128,1572864,1423.8760502300001,992.12,0.1422216147184372,0.05805416777729988,0.06701831,0.5093343098958333,8.33050979177157,9410,0.003884871446158892,0.028625537049568568,0.9783626794815063,0.2,5e-05
231,6848,129,1585152,1417.2599332900002,987.59,0.14237873256206512,0.0017211996018886566,0.061086643,0.5268717447916667,8.3286099811395,9420,0.0010248545256520932,0.23359092190124406,0.9608389735221863,0.2,5e-05
233,6848,130,1597440,1416.44493615,987.59,0.1422649621963501,0.020578527823090553,0.069200225,0.5309163411458333,8.326771509647369,9430,0.00565549525199458,0.3628050425982413,0.9269241690635681,0.2,5e-05
235,6847,131,1609728,1416.2147020900002,987.59,0.14220929145812988,0.06725692003965378,0.10155227,0.623095703125,8.34027212659518,9440,0.012667261651464893,0.14016450482110182,0.854907751083374,0.2,5e-05
236,6846,132,1622016,1411.4021206999998,984.23,0.14203190803527832,0.014514975249767303,0.07098653,0.5608154296875,8.35402055978775,9450,0.008925262304546776,0.03850218085184073,0.9581834077835083,0.2,5e-05
238,6844,133,1634304,1410.4625911100002,984.23,0.14202983677387238,0.015117833390831947,0.059284776,0.5329752604166667,8.367570612827937,9460,0.007905325913452544,0.17377344280248508,0.9631722569465637,0.2,5e-05
240,6844,134,1646592,1418.42993844,989.62,0.14194969832897186,0.030750878155231476,0.072714806,0.5391031901041666,8.38080934882164,9470,0.008595039360807277,0.027011980843963102,0.9650425910949707,0.2,5e-05
242,6844,135,1658880,1402.5271283,979.0,0.14185231924057007,0.7480811476707458,0.058102418,0.5043782552083333,8.39143681526184,9480,0.0007696850642484302,2.3013561631242436,0.9054600596427917,0.2,5e-05
244,6841,136,1671168,1393.1017329400001,972.27,0.14195497334003448,0.4133003354072571,0.09094731,0.6017740885416667,8.391397591431936,9490,0.009157424604442592,1.604992952492709,0.9363474249839783,0.2,5e-05
246,6839,137,1683456,1399.8709774299998,976.8,0.14181672036647797,0.044022031128406525,0.08056715,0.5902994791666667,8.392139730850856,9500,0.007859448084491304,1.7172241956228391,0.9346787333488464,0.2,5e-05
247,6840,138,1695744,1401.40492411,976.8,0.14156685769557953,0.022872434929013252,0.07585149,0.5728841145833333,8.404895665248235,9510,0.013982023020313742,0.09312454196236407,0.8746492266654968,0.2,5e-05
249,6840,139,1708032,1401.5660999700003,976.8,0.14146369695663452,0.023081421852111816,0.061188143,0.5355794270833333,8.414803496996562,9520,0.010371890739770606,0.040407999321663134,0.9601276516914368,0.2,5e-05
251,6840,140,1720320,1408.33092785,980.16,0.14114151895046234,0.015637461096048355,0.04596427,0.48519694010416664,8.430173224210739,9530,0.006441664292651694,0.03199212015606463,0.9317468404769897,0.2,5e-05
253,6839,141,1732608,1408.4583824499998,980.16,0.14096592366695404,0.020596738904714584,0.06555309,0.5159423828125,8.447706407308578,9540,0.003037591955702131,0.031496211416864144,0.9560511112213135,0.2,5e-05
255,6839,142,1744896,1407.91801309,980.16,0.14074502885341644,0.007377590984106064,0.05248191,0.48618977864583335,8.462919926643371,9550,0.0039781073074361,0.026798426447203382,0.9489837288856506,0.2,5e-05
256,6838,143,1757184,1424.0853614300001,990.78,0.14052323997020721,-0.0016216505318880081,0.055736948,0.5373291015625,8.479012747605642,9560,0.00494045669377859,0.0365408958052285,0.9633393883705139,0.2,5e-05
258,6838,144,1769472,1423.7757746199998,990.84,0.14024268090724945,0.018510064110159874,0.05997646,0.5302571614583333,8.504794758558273,9570,0.002811008095401727,0.053750968033758305,0.942581057548523,0.2,5e-05
260,6838,145,1781760,1414.5466708200004,985.51,0.14010116457939148,1.6725436449050903,0.076309144,0.53837890625,8.52063140074412,9580,0.0006955991659197025,2.185323219699785,0.9512486457824707,0.2,5e-05
262,6837,146,1794048,1414.10502727,985.51,0.1400933861732483,0.165159672498703,0.06308264,0.56923828125,8.528244117895762,9590,0.007804377288024019,0.33513337417971345,0.9929069876670837,0.2,5e-05
264,6837,147,1806336,1414.63680604,985.51,0.1399444192647934,0.017860334366559982,0.06583961,0.5561360677083333,8.532066295544306,9600,0.007680923110456206,0.05491392095961298,0.9476600289344788,0.2,5e-05
266,6833,148,1818624,1413.4973756000002,985.51,0.13962838053703308,-0.009546946734189987,0.05660807,0.5131754557291667,8.552040978272755,9610,0.008266201026223522,0.025757544974718865,0.9705296754837036,0.2,5e-05
267,6833,149,1830912,1413.8403617899999,985.51,0.13941197097301483,-0.01767079159617424,0.061513018,0.5271891276041667,8.573881169160208,9620,0.006450427811068948,0.02783145760380042,0.9789295196533203,0.2,5e-05
269,6832,150,1843200,1412.4601675499998,985.51,0.1394471526145935,0.023423168808221817,0.06361806,0.516259765625,8.579298255840937,9630,0.003949517996322053,0.0282348708055603,0.9871813654899597,0.2,5e-05
271,6832,151,1855488,1412.5910128399998,985.51,0.1390479952096939,0.018546419218182564,0.05906226,0.5556966145833333,8.588932057221731,9640,0.008406782581975374,0.07982932152226567,0.9720271229743958,0.2,5e-05
273,6832,152,1867776,1426.8226764,994.59,0.13879817724227905,0.011862827464938164,0.05149178,0.4822591145833333,8.61821318467458,9650,0.004578627467465898,0.027858698080914717,0.9800857901573181,0.2,5e-05
275,6832,153,1880064,1436.23761269,999.92,0.1386108249425888,0.00778647605329752,0.058447525,0.5294270833333333,8.635226915280024,9660,0.007798792943989005,0.28625538109918125,0.9207016825675964,0.2,5e-05
276,6832,154,1892352,1435.8611291900004,999.92,0.13861654698848724,0.043824147433042526,0.07297007,0.5494954427083333,8.64548791050911,9670,0.007912725408095867,0.047155287101243934,0.9470546245574951,0.2,5e-05
278,6832,155,1904640,1426.84221971,994.55,0.13867849111557007,-0.0004070596769452095,0.06306595,0.5545735677083333,8.64778300523758,9680,0.005783136857886954,0.05056808909090857,0.962928831577301,0.2,5e-05
280,6832,156,1916928,1427.1913317100002,994.55,0.13884340226650238,0.13503716886043549,0.08776799,0.5739501953125,8.63835611542066,9690,0.011052730927622179,0.33741372915295265,0.9638673663139343,0.2,5e-05
282,6831,157,1929216,1427.52300568,994.55,0.13879744708538055,0.02383706532418728,0.06441388,0.5393229166666667,8.638201940059663,9700,0.009540822282239484,0.04694009122516339,0.9676107168197632,0.2,5e-05
284,6830,158,1941504,1428.5851691200003,994.55,0.13851244747638702,0.027994144707918167,0.06290156,0.5039794921875,8.650134060780207,9710,0.006975267451586357,0.029772239353042095,0.9815798997879028,0.2,5e-05
286,6830,159,1953792,1428.85422698,994.55,0.13849855959415436,0.001354455016553402,0.06428946,0.5083902994791667,8.667103242874145,9720,0.004992915018616865,0.031027656314351285,0.9656152725219727,0.2,5e-05
287,6831,160,1966080,1428.6243603499997,994.55,0.13832654058933258,-0.011274151504039764,0.0561727,0.5040771484375,8.680245677630106,9730,0.005166333259451979,0.023248969676205888,0.9774435758590698,0.2,5e-05
289,6830,161,1978368,1429.3501919899998,994.63,0.13816197216510773,-0.014869277365505695,0.05345416,0.48690592447916664,8.694713280598323,9740,0.006532110436819494,0.021507830710227913,0.9805704951286316,0.2,5e-05
291,6831,162,1990656,1430.47026838,994.63,0.13791079819202423,-0.0006370292976498604,0.06310347,0.5020914713541667,8.714608228206634,9750,0.005799956707536088,0.022793396403236934,0.9840725660324097,0.2,5e-05
293,6830,163,2002944,1438.9139290499998,1000.0,0.13772013783454895,0.012510359287261963,0.06077206,0.49893391927083336,8.73675831158956,9760,0.004363232105727851,0.025929271441418676,0.975631833076477,0.2,5e-05
295,6829,164,2015232,1438.14944482,1000.0,0.13763052225112915,0.002409597858786583,0.057940498,0.5059895833333333,8.749520299832026,9770,0.0073479737276405405,0.022030163404997437,0.9862927198410034,0.2,5e-05
296,6829,165,2027520,1437.3872323700002,1000.0,0.13747169077396393,-0.011774535290896893,0.057541143,0.49488932291666665,8.760513116916021,9780,0.007242938021469551,0.023820437432732433,0.985005795955658,0.2,5e-05
298,6829,166,2039808,1438.0524559400003,1000.0,0.1373906135559082,0.016364743933081627,0.054250013,0.4729085286458333,8.772113587458929,9790,0.005608836657484062,0.01663316898047924,0.9905214905738831,0.2,5e-05
300,6829,167,2052096,1437.2526472499999,998.78,0.13717113435268402,-0.0268308874219656,0.043961544,0.4673990885416667,8.783089645703633,9800,0.00575157058823,0.015794732625363395,0.9696906208992004,0.2,5e-05
302,6830,168,2064384,1426.2552912200001,991.71,0.13715729117393494,0.006144169718027115,0.06576524,0.5619873046875,8.786643638213475,9810,0.011065361033737038,0.1443277522281278,0.9278387427330017,0.2,5e-05
304,6828,169,2076672,1425.7740670599999,991.71,0.13723081350326538,0.5677921772003174,0.09916705,0.618603515625,8.787915341059367,9820,0.011569821096782108,1.1725442321505397,0.9609366655349731,0.2,5e-05
305,6828,170,2088960,1425.1891410199999,991.71,0.13701874017715454,0.017294729128479958,0.07549497,0.5558268229166666,8.799715101718903,9830,0.01115530923998449,0.07582606418291107,0.922566294670105,0.2,5e-05
307,6829,171,2101248,1425.1963659700004,991.71,0.13702420890331268,0.05766396224498749,0.103004664,0.5829833984375,8.806415245930355,9840,0.011251491761261908,0.12452584013808518,0.9368553757667542,0.2,5e-05
309,6829,172,2113536,1416.5015796799998,984.81,0.136610209941864,0.04515177011489868,0.06362042,0.530419921875,8.817201936244965,9850,0.008562650364668419,0.03421768618669982,0.9761691093444824,0.2,5e-05
311,6829,173,2125824,1417.81568997,984.81,0.1362391859292984,0.02197461575269699,0.06439615,0.5327718098958333,8.83817516565323,9860,-0.00035829400197447586,0.2056652685937782,0.9575271606445312,0.2,5e-05
313,6827,174,2138112,1416.77545395,984.81,0.13601326942443848,0.008599734865128994,0.07501168,0.5539469401041667,8.859676384925843,9870,0.007896089486894197,0.049705911703252545,0.9670804142951965,0.2,5e-05
315,6825,175,2150400,1418.2978902,986.03,0.13593363761901855,-0.008059151470661163,0.07665027,0.5515380859375,8.870169405142466,9880,0.00946779143268941,0.025462218385655433,0.9836481809616089,0.2,5e-05
317,6822,176,2162688,1429.40406847,993.1,0.13593095541000366,0.030406635254621506,0.08370501,0.6005045572916666,8.87808530330658,9890,0.007541075896733673,0.062018011033069344,0.8768371343612671,0.2,5e-05
318,6820,177,2174976,1429.28663014,993.1,0.13586671650409698,0.017696188762784004,0.05421923,0.5381754557291667,8.883849757909775,9900,0.006054843345676394,0.04805585349677131,0.9759317636489868,0.2,5e-05
320,6815,178,2187264,1418.5967727099999,986.29,0.13558809459209442,0.05123373493552208,0.062487632,0.5345296223958333,8.899176971117656,9910,0.004180790434232525,0.09600560742546804,0.9677203893661499,0.2,5e-05
322,6812,179,2199552,1417.97852001,986.29,0.13536803424358368,0.059569209814071655,0.057994258,0.52216796875,8.919062240918477,9920,0.0014445744241432597,0.2759639521013014,0.9646866917610168,0.2,5e-05
324,6810,180,2211840,1426.51745738,993.19,0.13509505987167358,-0.004732420668005943,0.060129244,0.5191650390625,8.942601722478866,9930,0.007942678451217943,0.03259208925495235,0.9857577085494995,0.2,5e-05
326,6808,181,2224128,1425.8428643100006,993.19,0.1347806751728058,-0.016764968633651733,0.06725824,0.5228841145833333,8.969755568106969,9940,0.01110181170127665,0.02290588919422589,0.9809449315071106,0.2,5e-05
328,6806,182,2236416,1426.1985654900002,993.19,0.13456635177135468,0.007944080978631973,0.06371743,0.5138834635416667,8.996815888086955,9950,0.008518230292247608,0.024504551353553932,0.9892963767051697,0.2,5e-05
330,6805,183,2248704,1423.05616507,991.08,0.13452114164829254,0.0018792683258652687,0.057468727,0.48115234375,9.01010674238205,9960,0.004397954584662026,0.016466690491264067,0.9893966913223267,0.2,5e-05
332,6805,184,2260992,1423.2701256699997,991.08,0.13443677127361298,0.012476536445319653,0.07202953,0.5693929036458333,9.011392891407013,9970,0.012874449656616585,0.1010663404284666,0.9698378443717957,0.2,5e-05
333,6806,185,2273280,1423.65577202,991.08,0.1343298703432083,0.007977820001542568,0.07829308,0.5435139973958333,9.021427857875825,9980,0.004703042672675414,0.08083680868536855,0.9251206517219543,0.2,5e-05
335,6806,186,2285568,1433.78305569,997.89,0.13427509367465973,0.01289297454059124,0.06268038,0.5250813802083333,9.021872864166896,9990,0.0069229316960748594,0.03832990409185489,0.9808794856071472,0.2,5e-05
337,6807,187,2297856,1433.8142964600002,997.89,0.13404561579227448,0.01191632729023695,0.06163002,0.5337890625,9.030292683839798,10000,0.0070586988644208756,0.030108186703485747,0.976976752281189,0.2,5e-05
339,6807,188,2310144,1435.2623724300001,997.89,0.13392020761966705,0.020584970712661743,0.07994866,0.562939453125,9.046303389469783,10010,0.009135858731800303,0.04773308964213356,0.9675381779670715,0.2,5e-05
341,6805,189,2322432,1435.4711941900002,997.89,0.13366223871707916,0.015056352131068707,0.055138078,0.5128255208333333,9.06403779188792,10020,0.006913405421558613,0.021526067127706484,0.9841384291648865,0.2,5e-05
343,6799,190,2334720,1435.70880694,997.89,0.1334061473608017,0.0002496456727385521,0.055256795,0.5290771484375,9.082769904534022,10030,0.004637274245275573,0.03219143760506995,0.9754687547683716,0.2,5e-05
345,6795,191,2347008,1439.2032848799995,1000.0,0.1332419365644455,-0.005701775662600994,0.056379814,0.5023030598958333,9.103829358021418,10040,0.00891297736816341,0.013049381237942725,0.9851478338241577,0.2,5e-05
347,6792,192,2359296,1438.5782179200003,1000.0,0.1330263912677765,-0.026189610362052917,0.05167659,0.48271484375,9.127662350734076,10050,0.003126317009446211,0.013293076776123295,0.9871543049812317,0.2,5e-05
349,6790,193,2371584,1438.05825719,1000.0,0.13286636769771576,0.014839542098343372,0.057654094,0.5191731770833333,9.145341821511586,10060,0.003977205085781558,0.019917879009153695,0.9908158779144287,0.2,5e-05
351,6788,194,2383872,1438.1349692399997,1000.0,0.13253743946552277,0.004777280613780022,0.05726096,0.527685546875,9.169426836570103,10070,0.01231431261646018,0.017805600414673488,0.9929758906364441,0.2,5e-05
353,6783,195,2396160,1425.0307967700003,991.26,0.13225074112415314,-0.0009625614620745182,0.053170722,0.4986979166666667,9.201807204882304,10080,0.007147372159912872,0.011619395678280853,0.9924500584602356,0.2,5e-05
355,6779,196,2408448,1425.9695295000001,991.26,0.13219104707241058,0.04417791962623596,0.054574322,0.5230631510416667,9.220794075727463,10090,-0.0004619906103471294,0.5204501025339899,0.8989591598510742,0.2,5e-05
357,6778,197,2420736,1418.2673588599998,986.53,0.13212992250919342,-0.007576781790703535,0.06508576,0.5335123697916667,9.226712588469187,10100,0.006427463646711355,0.035068799132325995,0.9741321802139282,0.2,5e-05
359,6770,198,2433024,1418.03586938,986.53,0.13199131190776825,0.0015864400193095207,0.098913155,0.5310628255208333,9.229815475145976,10110,0.008606540943340709,0.09753725660654405,0.9589388370513916,0.2,5e-05
361,6765,199,2445312,1417.6892595000004,986.53,0.13163354992866516,2.3807398974895477e-05,0.06543525,0.5408772786458333,9.255976408720016,10120,0.010759385017687842,0.01692463252111338,0.9912814497947693,0.2,5e-05
363,6763,200,2457600,1417.79826003,986.53,0.13126641511917114,-0.0024840179830789566,0.06502821,0.5084228515625,9.284755883614222,10130,0.008354855675133877,0.014314727349362026,0.993066668510437,0.2,5e-05
365,6760,201,2469888,1417.5913801199997,986.53,0.1311997026205063,-0.009590051136910915,0.06594613,0.538671875,9.30439805984497,10140,0.006043750092067058,0.020269598969025537,0.9882593750953674,0.2,5e-05
367,6761,202,2482176,1418.6495733200002,986.53,0.13104206323623657,0.033911630511283875,0.06099978,0.5008870442708333,9.315193053086599,10150,0.0070072111338959076,0.018356594511230166,0.9918111562728882,0.2,5e-05
368,6763,203,2494464,1418.1708048300002,986.53,0.13083703815937042,0.040325164794921875,0.06319752,0.55,9.331211113929749,10160,0.0066646387373718126,0.05646707453609755,0.9363178014755249,0.2,5e-05
370,6761,204,2506752,1417.6693559599998,986.15,0.13069485127925873,0.02170521393418312,0.05531305,0.5121907552083333,9.354400475819906,10170,0.011506415327312424,0.013738633032577734,0.988518238067627,0.2,5e-05
372,6759,205,2519040,1425.59279922,990.88,0.13055692613124847,0.10480843484401703,0.05760895,0.5139567057291666,9.366664091746012,10180,0.00013743180703992646,0.6269212717947085,0.9035714268684387,0.2,5e-05
374,6759,206,2531328,1414.2430609799997,983.1,0.13037045300006866,0.004170604050159454,0.0651899,0.5135009765625,9.384297641118367,10190,0.004861983323644381,0.024133939034072682,0.9793674945831299,0.2,5e-05
376,6761,207,2543616,1415.42335704,983.1,0.13020937144756317,-0.0010428326204419136,0.063631766,0.547998046875,9.394768510262171,10200,-0.0010959212231682613,0.1610769495620237,0.9746540784835815,0.2,5e-05
377,6763,208,2555904,1415.8425259000003,983.1,0.1302245557308197,-0.010878941975533962,0.06905248,0.5581705729166667,9.399497358004252,10210,0.01019805460673524,0.022604180302005263,0.9766605496406555,0.2,5e-05
379,6765,209,2568192,1416.5963264799998,983.1,0.13005520403385162,0.023711100220680237,0.0655017,0.5250325520833333,9.403115328152975,10220,0.009873307778616437,0.01620230533881113,0.9846104383468628,0.2,5e-05
381,6767,210,2580480,1417.8304615799998,983.1,0.12983252108097076,-0.006239496171474457,0.05040283,0.48798014322916666,9.420963104565939,10230,0.004626459258239872,0.012069417830207384,0.9819168448448181,0.2,5e-05
383,6769,211,2592768,1417.98876171,983.1,0.12970030307769775,0.021509060636162758,0.05230284,0.5135335286458333,9.441872485478719,10240,0.004491688980488106,0.02069631398965915,0.9888066053390503,0.2,5e-05
384,6771,212,2605056,1431.9038571300002,992.22,0.12975843250751495,0.023893162608146667,0.06077065,0.5512776692708333,9.454550973574321,10250,0.008846415704222938,0.03130544227315113,0.9821943044662476,0.2,5e-05
386,6773,213,2617344,1431.79246882,992.22,0.12959124147891998,-0.0011167507618665695,0.056273405,0.5010416666666667,9.462267710765202,10260,0.007142488511938912,0.010066555139686292,0.991357684135437,0.2,5e-05
388,6775,214,2629632,1443.96801308,1000.0,0.12938298285007477,-0.006124275270849466,0.051884685,0.5019856770833333,9.476783965031306,10270,0.007554717745612531,0.008415615393702561,0.9843631982803345,0.2,5e-05
389,6777,215,2641920,1443.94976731,1000.0,0.12935227155685425,0.003098385874181986,0.05393989,0.4827962239583333,9.494988946119944,10280,0.006208831446807987,0.008934787517258276,0.9872972965240479,0.2,5e-05
391,6779,216,2654208,1433.68338758,993.87,0.1292654424905777,0.0005934992805123329,0.06089055,0.5270833333333333,9.508732414245605,10290,0.007751020216771091,0.015990937073365786,0.992719292640686,0.2,5e-05
393,6781,217,2666496,1433.0408999899998,993.87,0.12931209802627563,-0.0016971100121736526,0.08054695,0.5935384114583333,9.50896069407463,10300,0.007111343165646152,0.7774446449358947,0.8965414762496948,0.2,5e-05
394,6783,218,2678784,1432.4446885500001,993.87,0.1290111094713211,0.03381216526031494,0.07571376,0.5510823567708333,9.525483592351277,10310,0.01204093407432083,0.027954512105012933,0.9657579064369202,0.2,5e-05
396,6785,219,2691072,1432.5122759100004,993.87,0.12893347442150116,-0.0036002267152071,0.06583747,0.5224446614583333,9.550224109490712,10320,0.00961585533853698,0.014041463039272154,0.9905831813812256,0.2,5e-05
398,6787,220,2703360,1431.38492007,993.87,0.12896479666233063,0.8262665271759033,0.10515801,0.6040771484375,9.55855728785197,10330,0.007313043656176887,2.5451175720896573,0.7914358377456665,0.2,5e-05
399,6789,221,2715648,1432.2719391599999,993.87,0.12881062924861908,0.017314299941062927,0.07760421,0.5874593098958333,9.566137272119523,10340,0.012945444703897616,0.03302645706377613,0.8734987378120422,0.2,5e-05
401,6791,222,2727936,1431.92071408,993.87,0.12846757471561432,-0.0011343173682689667,0.059086937,0.5315755208333334,9.589368257919947,10350,0.010886947190738284,0.011897937389827954,0.9771197438240051,0.2,5e-05
403,6792,223,2740224,1429.8628929899999,993.87,0.12835903465747833,-0.002806292846798897,0.06806231,0.5572672526041667,9.607975085576376,10360,0.0061041594461736775,0.02824195056843261,0.972400963306427,0.2,5e-05
405,6793,224,2752512,1438.8766086500002,1000.0,0.12817321717739105,0.008876247331500053,0.076383494,0.5450358072916667,9.615656501054763,10370,0.007987044391726764,0.02382609141835322,0.9870135188102722,0.2,5e-05
406,6796,225,2764800,1426.3477559299997,990.92,0.1279064267873764,-0.01393202319741249,0.06678882,0.5319742838541667,9.633339043458303,10380,0.008994327036877319,0.01673867867211811,0.9865113496780396,0.2,5e-05
408,6798,226,2777088,1426.1250068600002,990.92,0.12773841619491577,0.03918464481830597,0.056906085,0.5162272135416667,9.653442072868348,10390,0.0005355394571476305,0.7611155375450228,0.9148880839347839,0.2,5e-05
410,6800,227,2789376,1426.3464009700003,990.92,0.12760204076766968,0.03487373888492584,0.058634777,0.5571207682291667,9.672049297889073,10400,0.015523331835477923,0.032809630948274084,0.9445295929908752,0.2,5e-05
411,6802,228,2801664,1427.88539425,990.92,0.1276756078004837,0.02989652380347252,0.0641857,0.5542317708333333,9.676980767647425,10410,0.010097765399647567,0.08701946317257049,0.8477696180343628,0.2,5e-05
413,6804,229,2813952,1426.5929258500005,990.92,0.12735150754451752,0.03348122164607048,0.07094994,0.5290283203125,9.691680741310119,10420,0.010829069149379696,0.019987706636311487,0.9791616201400757,0.2,5e-05
415,6805,230,2826240,1414.4042516099998,984.09,0.12732209265232086,0.036466360092163086,0.0823253,0.559619140625,9.709266287088393,10430,0.010826335191571465,0.0602639155384774,0.9636307954788208,0.2,5e-05
416,6807,231,2838528,1414.9327412500002,984.09,0.12729071080684662,0.17518962919712067,0.06703449,0.5832438151041667,9.708444738388062,10440,0.007447427727796215,1.2557950309089696,0.890865683555603,0.2,5e-05
418,6809,232,2850816,1407.3769569300002,978.65,0.12718211114406586,0.0163441002368927,0.0738847,0.5362548828125,9.712021140257518,10450,0.010879985053907148,0.0326607889845036,0.9762211441993713,0.2,5e-05
420,6811,233,2863104,1410.9083236200004,981.03,0.12727393209934235,0.24193595349788666,0.08974892,0.6175699869791667,9.70962915023168,10460,0.005794040383868075,0.9079777113782863,0.9330452680587769,0.2,5e-05
422,6812,234,2875392,1411.23828835,981.03,0.12735192477703094,0.0687476098537445,0.08192737,0.6067545572916667,9.700765713055928,10470,0.0010658532822465834,0.5082359803413662,0.9765878319740295,0.2,5e-05
423,6813,235,2887680,1410.3846597400002,981.03,0.12742309272289276,0.005193476565182209,0.071265824,0.5609619140625,9.703827212254206,10480,0.017747381665200616,0.024814499887482574,0.9796302914619446,0.2,5e-05
425,6814,236,2899968,1409.9923518700002,981.03,0.1272612363100052,0.04705853760242462,0.09357104,0.6121907552083333,9.709057335058848,10490,0.021009257416881155,0.07783845919960489,0.9283894300460815,0.2,5e-05
427,6813,237,2912256,1410.1788036,981.03,0.1271134465932846,0.015096252784132957,0.06659865,0.5482340494791667,9.717237520217896,10500,0.012124187410032997,0.02161197104724124,0.9885097146034241,0.2,5e-05
429,6813,238,2924544,1421.4854949299997,987.86,0.12693634629249573,0.0052258772775530815,0.07566775,0.5492268880208333,9.729789471626281,10510,0.008041309879142014,0.028309231212673088,0.9834133386611938,0.2,5e-05
431,6813,239,2936832,1421.64570426,987.86,0.12686200439929962,0.0375329926609993,0.07661225,0.5604736328125,9.738914628823599,10520,0.001427483763351726,0.11697212165842454,0.9634292125701904,0.2,5e-05
432,6815,240,2949120,1429.7767038299999,993.3,0.1266690194606781,0.0026186085306108,0.05437999,0.5053548177083333,9.75530928572019,10530,0.011399085754722668,0.015579033698304556,0.9885902404785156,0.2,5e-05
434,6816,241,2961408,1438.8964710000002,1000.0,0.1266494244337082,0.007615305483341217,0.06598545,0.5218505859375,9.76752383907636,10540,0.008771889293469334,0.018875062950731564,0.986258864402771,0.2,5e-05
436,6814,242,2973696,1438.3883113600002,1000.0,0.1265721619129181,0.022783402353525162,0.064844504,0.5459147135416667,9.77371605038643,10550,0.009993277863153101,0.01693779745255597,0.9920790195465088,0.2,5e-05
438,6814,243,2985984,1438.4323669300002,1000.0,0.1264040619134903,0.020542046055197716,0.09301969,0.5868733723958334,9.783293209473293,10560,0.023905020014111263,0.018911222796305083,0.9722284078598022,0.2,5e-05
439,6815,244,2998272,1438.28609071,1000.0,0.12642979621887207,0.01247756090015173,0.06408683,0.5228678385416666,9.791164618730544,10570,0.010469616905902512,0.02365279051979693,0.9728347063064575,0.2,5e-05
441,6816,245,3010560,1439.50854197,1000.0,0.1263587325811386,0.013920885510742664,0.046966746,0.5051350911458333,9.79479250907898,10580,0.009660779329715296,0.022559818068596846,0.9758008718490601,0.2,5e-05
443,6818,246,3022848,1433.9751532399998,996.74,0.12632475793361664,0.0044228024780750275,0.06719678,0.5398681640625,9.800839304924011,10590,0.004578120530883704,0.03214718879510959,0.9832991361618042,0.2,5e-05
445,6820,247,3035136,1434.2387111700002,996.74,0.12622785568237305,-0.002351585775613785,0.073882155,0.5417887369791666,9.80589265624682,10600,0.005329755532632892,0.16545840244895468,0.9355117678642273,0.2,5e-05
446,6821,248,3047424,1419.6000509799999,987.56,0.126128688454628,0.01688513159751892,0.06242783,0.5267659505208333,9.819228527943293,10610,0.008807583896850702,0.02067805073456839,0.9871670007705688,0.2,5e-05
448,6823,249,3059712,1421.2398850099999,987.56,0.12597374618053436,0.20196157693862915,0.057353783,0.5494873046875,9.830114477872849,10620,0.0009529415091189245,1.0768361808072464,0.8860234022140503,0.2,5e-05
450,6824,250,3072000,1421.6535004,987.56,0.12587788701057434,0.0019107423722743988,0.099876426,0.6330810546875,9.840312892198563,10630,0.010427399521965223,0.09584428656186599,0.7878517508506775,0.2,5e-05
451,6826,251,3084288,1421.8332920499995,987.56,0.1257283091545105,0.0014004632830619812,0.09474036,0.5693603515625,9.843594177563984,10640,0.010554484653403052,0.03189980203557449,0.9487675428390503,0.2,5e-05
453,6827,252,3096576,1422.47214237,987.56,0.12573404610157013,0.008570277132093906,0.055232275,0.5152994791666666,9.854128805796305,10650,0.010469493764685468,0.01926069812422308,0.983293354511261,0.2,5e-05
455,6829,253,3108864,1423.3025579100001,987.56,0.125637948513031,0.0007492294535040855,0.05571154,0.5020914713541667,9.86833341519038,10660,0.009631229072692805,0.012115291409039249,0.9821321964263916,0.2,5e-05
456,6830,254,3121152,1424.78406138,987.56,0.12544701993465424,-0.002184064593166113,0.057880253,0.4884521484375,9.880083131790162,10670,0.005018028543175509,0.010238730308871406,0.983921468257904,0.2,5e-05
458,6832,255,3133440,1430.87642066,990.82,0.12535102665424347,-0.0015605026856064796,0.051756073,0.504150390625,9.896212089061738,10680,0.00814307859254768,0.01196499665772232,0.9872709512710571,0.2,5e-05
460,6834,256,3145728,1432.53546767,991.56,0.12523019313812256,0.00457162968814373,0.059161197,0.5038167317708333,9.909941073258718,10690,0.008233145318808966,0.012341368294437416,0.9855474233627319,0.2,5e-05
461,6835,257,3158016,1419.4502716800002,982.75,0.12520015239715576,0.01477229967713356,0.054615185,0.5480143229166666,9.913777536153793,10700,-0.0016295077924344998,0.6467944190759832,0.9403625130653381,0.2,5e-05
463,6837,258,3170304,1420.7743303399998,982.75,0.12514282763004303,0.03282313048839569,0.07379631,0.5617268880208334,9.926413351297379,10710,0.007455664153288429,1.0257526554322491,0.9478079676628113,0.2,5e-05
465,6838,259,3182592,1414.4659500199998,978.18,0.12520767748355865,0.04171647131443024,0.08813823,0.6215901692708333,9.929286110401154,10720,0.020288664446464585,0.04934434894433556,0.9371521472930908,0.2,5e-05
467,6840,260,3194880,1413.8960846999998,978.18,0.125014528632164,0.0314396508038044,0.09338064,0.6413492838541667,9.928392662604649,10730,0.020072587912242548,0.31594035499729217,0.963395357131958,0.2,5e-05
468,6841,261,3207168,1403.1898637299998,971.94,0.12498056888580322,0.06477764993906021,0.07970142,0.5798095703125,9.936385552088419,10740,0.010729498397510421,0.09478642779868096,0.9702118635177612,0.2,5e-05
470,6843,262,3219456,1401.99022403,971.94,0.12491761893033981,0.5780468583106995,0.09996762,0.6204752604166667,9.942183887958526,10750,0.005370426993370832,2.076133118647461,0.9468844532966614,0.2,5e-05
472,6844,263,3231744,1401.3046080799995,971.94,0.12485500425100327,0.021508555859327316,0.111798406,0.6224365234375,9.950593052307765,10760,0.016281351418971704,0.10095875973735625,0.9190812110900879,0.2,5e-05
473,6846,264,3244032,1399.94489833,971.94,0.12476620823144913,0.004610812291502953,0.06461223,0.5564371744791666,9.957675381501515,10770,0.010513516734257185,0.026822780072689057,0.9745330810546875,0.2,5e-05
475,6847,265,3256320,1425.5187055499998,989.19,0.12471970170736313,0.014546876773238182,0.06641622,0.5478108723958334,9.962756381432216,10780,0.009712133298065358,0.03427853581573193,0.9660443663597107,0.2,5e-05
477,6848,266,3268608,1424.6729581699997,989.19,0.12430072575807571,-0.014630432240664959,0.07161975,0.5311686197916666,9.98423256079356,10790,0.007247687124133032,0.023392696290587385,0.9818283319473267,0.2,5e-05
478,6850,267,3280896,1424.69752755,989.19,0.12424308806657791,-0.010904338210821152,0.06478899,0.5272054036458333,10.007400848468144,10800,0.012369199072903332,0.01529021943376089,0.9839433431625366,0.2,5e-05
480,6851,268,3293184,1431.64035854,993.76,0.12397518008947372,0.04502183943986893,0.06521308,0.5344889322916667,10.027289307117462,10810,0.010067980812406556,0.017632274999050422,0.9884299039840698,0.2,5e-05
482,6853,269,3305472,1438.3033710799998,998.57,0.12398913502693176,0.010480531491339207,0.07133291,0.5397705078125,10.039669432242711,10820,0.008945270336213677,0.014681960937256615,0.9923350214958191,0.2,5e-05
484,6853,270,3317760,1439.28189827,998.57,0.12394242733716965,0.26850128173828125,0.10024614,0.5978190104166666,10.043070669968923,10830,0.011044848925666883,1.1014349774302294,0.9104277491569519,0.2,5e-05
485,6854,271,3330048,1438.6150461599996,998.57,0.12396562099456787,0.017965728417038918,0.08392028,0.5817952473958333,10.046810682614645,10840,0.015380898238800001,0.031682005433443315,0.9804535508155823,0.2,5e-05
487,6855,272,3342336,1439.7133370300005,998.57,0.12390659004449844,0.014863181859254837,0.06194481,0.5297526041666667,10.049132104714712,10850,0.009879411963144473,0.022452259925194083,0.9846504330635071,0.2,5e-05
489,6856,273,3354624,1439.74649402,998.57,0.12382025271654129,-0.024461861699819565,0.064201444,0.5288655598958333,10.058458364009857,10860,0.00904342542780796,0.017099248753705373,0.9813510775566101,0.2,5e-05
490,6858,274,3366912,1439.5828907599998,998.57,0.1235058531165123,-0.00043520471081137657,0.07209461,0.5543701171875,10.078073622783025,10870,0.008107997602201067,0.020611591860263918,0.9619823098182678,0.2,5e-05
492,6859,275,3379200,1439.6596779900003,998.57,0.12344083935022354,0.03578219935297966,0.06480139,0.4978434244791667,10.095998309055965,10880,0.009971382849228879,0.010260652067760627,0.9910767078399658,0.2,5e-05
494,6861,276,3391488,1439.9863779700004,998.57,0.12326217442750931,-0.014100837521255016,0.059610937,0.5278889973958333,10.107045308748882,10890,0.0037027309323699833,0.01966645885646964,0.978023886680603,0.2,5e-05
495,6862,277,3403776,1443.26653513,1000.0,0.12304616719484329,0.027003232389688492,0.054442357,0.5040283203125,10.132179327805837,10900,0.007115650315730211,0.012956270054564812,0.9858084917068481,0.2,5e-05
497,6863,278,3416064,1441.51928308,1000.0,0.12293487042188644,0.00927051529288292,0.09250649,0.5760986328125,10.146995333830516,10910,0.013682046374015044,0.022035044555862745,0.9862591624259949,0.2,5e-05
499,6864,279,3428352,1443.02432554,1000.0,0.1227637305855751,0.005505789071321487,0.07721153,0.5550537109375,10.155750157435735,10920,0.014307284199943145,0.023357426966928566,0.988684892654419,0.2,5e-05
501,6866,280,3440640,1442.4041157,1000.0,0.12240182608366013,0.010257132351398468,0.05762188,0.5148193359375,10.175570120414099,10930,0.00730455210529423,0.011646227005015438,0.9916646480560303,0.2,5e-05
502,6867,281,3452928,1442.7269133,1000.0,0.12228274345397949,-0.014152239076793194,0.061476965,0.5151529947916667,10.196786026159922,10940,0.007606918969152806,0.010270882032151955,0.985849916934967,0.2,5e-05
504,6869,282,3465216,1441.6680033700002,1000.0,0.12217576056718826,-0.0014281012117862701,0.06284063,0.5371500651041666,10.212071891625722,10950,0.008179587424577524,0.0269691516131085,0.9763081073760986,0.2,5e-05
506,6871,283,3477504,1427.8493980399999,990.9,0.12207608669996262,-0.007871182635426521,0.059457067,0.5162190755208333,10.225270398457845,10960,0.011093057304969988,0.01045428921643179,0.9932844638824463,0.2,5e-05
507,6872,284,3489792,1407.4864291499998,977.22,0.1220063641667366,0.012350205332040787,0.05940483,0.5320638020833334,10.237778071562449,10970,0.0008363026917019549,0.6097561698368129,0.9209564328193665,0.2,5e-05
509,6874,285,3502080,1407.35910975,977.22,0.12189364433288574,0.9903820753097534,0.08537657,0.5885172526041667,10.246261761585872,10980,0.003692775328818243,2.0353846909012647,0.936188817024231,0.2,5e-05
511,6875,286,3514368,1408.9880258399999,977.22,0.12191915512084961,-0.010858318768441677,0.07688401,0.6203369140625,10.251268253723781,10990,0.023170979986995615,0.028372019552625714,0.9472295641899109,0.2,5e-05
512,6876,287,3526656,1407.3792172500002,977.22,0.12197238951921463,0.022569600492715836,0.09742829,0.618017578125,10.248482275009156,11000,0.018466319814130352,0.057828811678336936,0.9643835425376892,0.2,5e-05
514,6878,288,3538944,1406.9373991999998,977.22,0.12186569720506668,0.03178822994232178,0.085148595,0.5691243489583333,10.253949876626333,11010,0.011931832019157203,0.016653891169698908,0.9855369329452515,0.2,5e-05
516,6879,289,3551232,1407.39365574,977.22,0.12177759408950806,-0.006748122163116932,0.060633183,0.541552734375,10.262062186002732,11020,0.009891470350945989,0.015449027219437994,0.982110857963562,0.2,5e-05
517,6881,290,3563520,1408.0813752,977.22,0.12156138569116592,-0.0017358064651489258,0.06516722,0.54013671875,10.279434833923975,11030,0.009252450077231819,0.020252015732694417,0.97032231092453,0.2,5e-05
519,6882,291,3575808,1421.96388702,986.32,0.12132904678583145,-0.01620863750576973,0.055272568,0.5312337239583333,10.30441810687383,11040,0.010329657446224398,0.00975216151952433,0.990520715713501,0.2,5e-05
521,6883,292,3588096,1442.34683418,1000.0,0.1211886927485466,0.1106615737080574,0.06323528,0.5407389322916667,10.322725023825964,11050,0.005185409702729279,0.3024815754596299,0.8946644067764282,0.2,5e-05
523,6883,293,3600384,1442.4207169699998,1000.0,0.12119704484939575,0.004138100892305374,0.084848486,0.5952311197916667,10.331948377688725,11060,0.02041998206501982,0.10015725203750965,0.5810668468475342,0.2,5e-05
525,6879,294,3612672,1442.7184636399998,1000.0,0.12124514579772949,-0.00025492720305919647,0.06927121,0.5472493489583333,10.334920114278793,11070,0.010878999805330143,0.020217584288911895,0.9759876728057861,0.2,5e-05
527,6876,295,3624960,1443.2804841000002,1000.0,0.12095770984888077,-0.008957384154200554,0.06332443,0.5362711588541667,10.348252310355504,11080,0.0062252356804189425,0.017272389840218238,0.9832910299301147,0.2,5e-05
528,6876,296,3637248,1444.4184202299998,1000.0,0.12073826789855957,0.007754672318696976,0.074995644,0.5390625,10.365088760852814,11090,0.011274690193143517,0.015179860526889874,0.9878028631210327,0.2,5e-05
530,6874,297,3649536,1444.0083964399998,1000.0,0.12059175223112106,0.01536945067346096,0.08781586,0.575537109375,10.375878540674845,11100,0.007307418240331268,0.0354754981934093,0.9785919785499573,0.2,5e-05
532,6871,298,3661824,1439.2498566600002,997.12,0.12048826366662979,0.019993383437395096,0.06360712,0.5652669270833334,10.387451334794362,11110,0.01121941349847475,0.03267624584259465,0.9845025539398193,0.2,5e-05
534,6868,299,3674112,1425.00645801,988.1,0.12039303779602051,0.002830948680639267,0.078227475,0.5485595703125,10.392439575990041,11120,0.005706096463351666,0.10944376239397874,0.9626027941703796,0.2,5e-05
536,6867,300,3686400,1425.43928461,988.1,0.12036993354558945,0.028237197548151016,0.057044763,0.5692301432291667,10.402462400992711,11130,0.005244811406979958,1.312924050242873,0.8878421783447266,0.2,5e-05
538,6866,301,3698688,1425.98367186,988.1,0.12018940597772598,0.0010194117203354836,0.07391404,0.5659261067708333,10.415853478511174,11140,0.015652724936808228,0.02934924996419189,0.9557701945304871,0.2,5e-05
540,6866,302,3710976,1425.7396661600003,988.1,0.12015493959188461,0.024428240954875946,0.08501332,0.6113199869791667,10.427704844872157,11150,0.015744477035089705,0.02146451364775809,0.9622107744216919,0.2,5e-05
542,6866,303,3723264,1425.5428112699997,988.1,0.12008470296859741,0.01611536741256714,0.09750056,0.5801676432291667,10.429692234595617,11160,0.014271468343455733,0.022600570551973457,0.9853522777557373,0.2,5e-05
544,6864,304,3735552,1424.82889197,988.1,0.11990413069725037,-0.00739713292568922,0.06127916,0.5465413411458333,10.443159011999766,11170,0.0074273117958606845,0.01952319522582305,0.9848621487617493,0.2,5e-05
546,6864,305,3747840,1426.28506802,988.1,0.11985404044389725,-0.0015022042207419872,0.06644361,0.5321533203125,10.453163162867229,11180,0.007962754622470432,0.01495750790151457,0.971917450428009,0.2,5e-05
547,6865,306,3760128,1430.7629940800002,990.98,0.11972527951002121,-0.010505120269954205,0.05915135,0.5148844401041667,10.466719832022985,11190,0.007347977997172469,0.010850834043230862,0.9880518913269043,0.2,5e-05
549,6866,307,3772416,1444.47075094,1000.0,0.11963757127523422,0.012826520949602127,0.07881807,0.5551595052083333,10.4785770992438,11200,0.009571586324697515,0.02282715308344147,0.985604465007782,0.2,5e-05
551,6867,308,3784704,1445.3587122,1000.0,0.11947772651910782,0.027596808969974518,0.070670515,0.5489583333333333,10.490551161766053,11210,0.0036395536934530053,0.0971452783443965,0.9054930210113525,0.2,5e-05
552,6867,309,3796992,1445.2587949899998,1000.0,0.1195405125617981,-0.006933239288628101,0.07480699,0.5514892578125,10.504411103328069,11220,0.00941509541250222,0.0167395159349932,0.972150444984436,0.2,5e-05
554,6868,310,3809280,1445.13451932,1000.0,0.11943340301513672,0.01718052476644516,0.07406608,0.5512858072916667,10.514279886086781,11230,0.009455257516674465,0.04163602023812321,0.9369951486587524,0.2,5e-05
556,6869,311,3821568,1445.68728368,1000.0,0.11941021680831909,0.015483476221561432,0.07300884,0.55478515625,10.522814307610194,11240,0.01025411293982567,0.024495616192386174,0.9797959923744202,0.2,5e-05
557,6871,312,3833856,1446.61847611,1000.0,0.11911439895629883,0.03442420810461044,0.07175689,0.5335530598958333,10.538405472040177,11250,0.006830423983046785,0.019520906052396942,0.98334139585495,0.2,5e-05
559,6872,313,3846144,1446.60385495,1000.0,0.11905010789632797,0.009186085313558578,0.057080925,0.5217122395833333,10.554795231421789,11260,0.011219438957050442,0.010553320432275843,0.9917024970054626,0.2,5e-05
561,6873,314,3858432,1446.2995167000001,1000.0,0.11873719841241837,-0.006516461260616779,0.065975316,0.5115152994791666,10.578245896100999,11270,0.011176411337025153,0.007116695203391524,0.9906537532806396,0.2,5e-05
563,6874,315,3870720,1445.7744305300002,1000.0,0.11869097501039505,0.03789475932717323,0.07948592,0.5543294270833333,10.602653509378433,11280,0.011297859768092167,0.0372062460713399,0.9806960821151733,0.2,5e-05
564,6875,316,3883008,1444.8992728400003,1000.0,0.11829791218042374,-0.008827895857393742,0.060416173,0.5389078776041667,10.628201508522034,11290,0.008875357312596558,0.0108741295785876,0.9903063178062439,0.2,5e-05
566,6875,317,3895296,1430.69191061,990.85,0.11821497231721878,0.004142289981245995,0.0603462,0.5396077473958333,10.649315122763316,11300,0.012589702842766807,0.009022308831724028,0.9928250908851624,0.2,5e-05
568,6876,318,3907584,1431.6397788900001,990.85,0.11812058836221695,0.01828654482960701,0.064916134,0.5303548177083334,10.656526809930801,11310,0.0025959408303606324,0.5125417492565855,0.9294663071632385,0.2,5e-05
569,6877,319,3919872,1431.32709893,990.85,0.11795095354318619,0.009523633867502213,0.07640379,0.58369140625,10.667610849936803,11320,0.012830951562015495,0.026198442490810218,0.956980288028717,0.2,5e-05
571,6878,320,3932160,1430.90395948,990.85,0.11785141378641129,-0.008297416381537914,0.066815406,0.55234375,10.680627940098445,11330,0.0095332071185112,0.015988422109512613,0.9823198914527893,0.2,5e-05
573,6880,321,3944448,1430.9520043900002,990.85,0.1177113950252533,-0.004902917891740799,0.06184046,0.5348470052083333,10.700596735874813,11340,0.010522156029279965,0.013046800630399957,0.9860323667526245,0.2,5e-05
575,6881,322,3956736,1404.83431624,973.14,0.11741891503334045,-0.0014949231408536434,0.06325567,0.5443440755208333,10.720640673240025,11350,0.010003311813246303,0.014428762668588509,0.9857691526412964,0.2,5e-05
576,6882,323,3969024,1406.0571232400002,973.14,0.11735712736845016,1.1937018632888794,0.066617794,0.5632405598958333,10.735535150766372,11360,0.0008663772663567215,1.929245710041141,0.9234384298324585,0.2,5e-05
578,6883,324,3981312,1407.12058846,973.14,0.11719623953104019,0.04203379154205322,0.07682348,0.5653238932291667,10.749189058939615,11370,0.018279906972990527,0.015600586799943509,0.9814105033874512,0.2,5e-05
580,6884,325,3993600,1421.21437697,982.29,0.11728578060865402,0.009583797305822372,0.07032761,0.5602701822916667,10.759868055582047,11380,0.01534203837751799,0.015390355526081596,0.9844093322753906,0.2,5e-05
581,6885,326,4005888,1420.7678878200002,982.29,0.11716129630804062,-0.010904829017817974,0.07691815,0.5722737630208333,10.764649665355682,11390,0.009891302487327872,0.019887399640477574,0.9625802636146545,0.2,5e-05
583,6886,327,4018176,1421.2465436599998,982.29,0.11696556955575943,0.02507220394909382,0.059183408,0.5401529947916667,10.779177445173264,11400,0.013029809185536579,0.008566109233652242,0.9930033683776855,0.2,5e-05
585,6887,328,4030464,1420.5309261500004,982.29,0.11673623323440552,-0.01289403811097145,0.06463143,0.5513671875,10.797374073664347,11410,0.01316721976812308,0.01267770050423375,0.9940783977508545,0.2,5e-05
586,6888,329,4042752,1420.4674028600002,982.18,0.1165054440498352,-0.016430333256721497,0.054425508,0.5117268880208333,10.824397665262222,11420,0.007040502414262543,0.007910347191500477,0.9922441840171814,0.2,5e-05
588,6890,330,4055040,1433.1548044,990.99,0.11642065644264221,0.0005677510052919388,0.059502047,0.5646647135416667,10.83945553302765,11430,0.005579057444992941,0.5813119979206628,0.9122375249862671,0.2,5e-05
590,6891,331,4067328,1432.7557057200002,990.99,0.1164555773139,0.44541114568710327,0.09029887,0.6283528645833333,10.844417587916057,11440,0.010632575420216502,1.1418179483579782,0.6703103184700012,0.2,5e-05
591,6892,332,4079616,1432.51711169,990.99,0.11630109697580338,0.01999310776591301,0.09387857,0.6226236979166667,10.846698466936747,11450,0.023930514859966934,0.06727011362284732,0.9242284893989563,0.2,5e-05
593,6893,333,4091904,1431.21994291,990.99,0.1161399707198143,-0.00341834407299757,0.069620386,0.577294921875,10.853708100318908,11460,0.014064080457319505,0.015413881049607881,0.9785230159759521,0.2,5e-05
595,6894,334,4104192,1430.68637009,990.99,0.11610624194145203,-0.005015159957110882,0.07375767,0.5773030598958333,10.855974342425665,11470,0.011534448570455425,0.02163813976609769,0.9828386902809143,0.2,5e-05
597,6895,335,4116480,1430.4893379899995,990.99,0.1158173456788063,0.005226338282227516,0.062457036,0.5304768880208334,10.874522999922435,11480,0.010691576502237392,0.013283775410188051,0.989366888999939,0.2,5e-05
598,6896,336,4128768,1430.87250106,990.99,0.11571583151817322,0.0007030181586742401,0.06413288,0.5346761067708333,10.901055296262106,11490,0.009350974394086128,0.012018986768089235,0.9912903904914856,0.2,5e-05
600,6897,337,4141056,1444.51390827,1000.0,0.11560257524251938,-0.0007631159387528896,0.06397766,0.5273844401041666,10.91471706032753,11500,0.014524391961943668,0.0076104516512714325,0.9911611080169678,0.2,5e-05
602,6898,338,4153344,1444.9046892100005,1000.0,0.11549977213144302,-0.009194603189826012,0.062585466,0.5175374348958334,10.92820765376091,11510,0.00655035246212113,0.010728564198749761,0.9899353384971619,0.2,5e-05
603,6898,339,4165632,1444.99672788,1000.0,0.11529841274023056,0.004722954705357552,0.075458355,0.573779296875,10.943590108553568,11520,0.01440314046800874,0.025051106822987397,0.9835190773010254,0.2,5e-05
605,6899,340,4177920,1444.0804061299998,1000.0,0.11521144956350327,0.02479964680969715,0.08221239,0.569482421875,10.955252597729364,11530,0.012760043345527569,0.014898358024462746,0.9923902750015259,0.2,5e-05
607,6900,341,4190208,1444.83980196,1000.0,0.11499545723199844,-0.011536309495568275,0.0733802,0.5320231119791666,10.969766014814377,11540,0.00833330598397879,0.012564812225173227,0.9927043318748474,0.2,5e-05
608,6900,342,4202496,1445.38519906,1000.0,0.11480791121721268,-0.008729084394872189,0.065321796,0.5254557291666667,10.991063714027405,11550,0.009866306682912789,0.012986824744924281,0.9879248142242432,0.2,5e-05
610,6901,343,4214784,1445.72681541,1000.0,0.11468556523323059,0.0076236240565776825,0.06392047,0.5424479166666667,11.006816176573436,11560,0.012947058741216703,0.016675782542248878,0.9868922233581543,0.2,5e-05
612,6902,344,4227072,1446.18015664,1000.0,0.11464780569076538,0.03274599462747574,0.05758824,0.5312174479166667,11.01592187086741,11570,0.012138299279225368,0.008088631781477791,0.991607666015625,0.2,5e-05
614,6903,345,4239360,1445.27207211,1000.0,0.11451200395822525,0.011917414143681526,0.06879848,0.5416097005208333,11.025479324658711,11580,0.009216427770540273,0.012641834851820022,0.9923360347747803,0.2,5e-05
615,6905,346,4251648,1445.39019876,1000.0,0.1143103763461113,0.005338714923709631,0.06121714,0.5177734375,11.04261032740275,11590,0.009254464190356278,0.007328844579751604,0.990822970867157,0.2,5e-05
617,6906,347,4263936,1445.0594395299997,1000.0,0.11418019980192184,0.01742909476161003,0.07117483,0.5590169270833333,11.052989015976587,11600,0.014160026235913392,0.014887869581192112,0.9908053278923035,0.2,5e-05
619,6906,348,4276224,1446.3880796100002,1000.0,0.11415866762399673,-0.002001514658331871,0.08007804,0.5621012369791667,11.058644670248032,11610,0.01141521694274464,0.015229938332534705,0.9892691373825073,0.2,5e-05
620,6907,349,4288512,1445.36863077,1000.0,0.11402342468500137,0.004181292839348316,0.07775023,0.5691162109375,11.065111873547236,11620,0.012646483412148276,0.01766126193688251,0.9923273324966431,0.2,5e-05
622,6908,350,4300800,1445.5182813499998,1000.0,0.11391720920801163,0.04023122042417526,0.07246173,0.5559163411458333,11.076036703586578,11630,0.013688771656597964,0.01402486797014717,0.9884626865386963,0.2,5e-05
624,6909,351,4313088,1432.3432216499998,991.78,0.11398839205503464,0.038613177835941315,0.071940474,0.5417073567708334,11.085522731145224,11640,0.010764569551004874,0.01262252700010625,0.9944794774055481,0.2,5e-05
625,6910,352,4325376,1432.5443318800003,991.78,0.11395642906427383,0.035090312361717224,0.055551574,0.5500081380208334,11.087366382280985,11650,0.0050010873596572,0.6410499332918941,0.9438534379005432,0.2,5e-05
627,6910,353,4337664,1433.2910400299997,991.78,0.11383052915334702,0.014693953096866608,0.075762,0.5536376953125,11.098267457882564,11660,0.020666165260869698,0.015882322967324097,0.9858720898628235,0.2,5e-05
629,6911,354,4349952,1432.4414639300003,991.78,0.11384639889001846,0.014937834814190865,0.068320155,0.5501139322916667,11.096346096197765,11670,0.01701042741672912,0.010807216935791075,0.991610050201416,0.2,5e-05
631,6912,355,4362240,1434.4699319400002,991.78,0.11367414146661758,0.0036470491904765368,0.05654558,0.5267008463541667,11.102817861239116,11680,0.011635775935913747,0.008340041709016078,0.9842157363891602,0.2,5e-05
632,6913,356,4374528,1433.1613825300003,991.78,0.1136007234454155,0.0012622876092791557,0.08591148,0.5859537760416667,11.118572541077931,11690,0.013287179880717304,0.015185435613966547,0.9913086891174316,0.2,5e-05
634,6914,357,4386816,1433.4320719599998,991.78,0.11358135938644409,-0.005257299169898033,0.06756584,0.5610270182291667,11.129899150133133,11700,0.011909056157552793,0.017010466340191974,0.9884592890739441,0.2,5e-05
636,6915,358,4399104,1433.4585674599998,991.78,0.11340834945440292,0.022999675944447517,0.08190865,0.5494873046875,11.143719245990118,11710,0.008888455426252525,0.014999580464791506,0.9894112348556519,0.2,5e-05
637,6916,359,4411392,1433.62611175,991.78,0.11327876895666122,0.0024436665698885918,0.071048945,0.5558024088541667,11.164331154028575,11720,0.014336222147782489,0.01504860338754952,0.9936352372169495,0.2,5e-05
639,6917,360,4423680,1445.77419997,1000.0,0.11322727799415588,-0.0004020482301712036,0.06239051,0.536328125,11.174910261233647,11730,0.009044914970096822,0.010232119911233895,0.9898278117179871,0.2,5e-05
641,6918,361,4435968,1446.5246651,1000.0,0.11316710710525513,0.011965091340243816,0.063505,0.5225504557291667,11.17745600740115,11740,0.011118506743271913,0.008452035780646839,0.9914477467536926,0.2,5e-05
642,6919,362,4448256,1447.43352716,1000.0,0.1130150854587555,0.0036035683006048203,0.06112598,0.5337320963541666,11.190809122721355,11750,0.013184533855625584,0.00909637657168787,0.9875694513320923,0.2,5e-05
644,6920,363,4460544,1446.0045237500003,1000.0,0.11285579204559326,-0.007047835271805525,0.059837207,0.5368408203125,11.206527437766393,11760,0.009949207263222586,0.010321939582354389,0.9927558302879333,0.2,5e-05
646,6921,364,4472832,1446.4164053600002,1000.0,0.11271794885396957,0.015358077362179756,0.08313838,0.5686116536458333,11.22137152949969,11770,0.012339798994556379,0.017184940907948962,0.9895346760749817,0.2,5e-05
647,6922,365,4485120,1429.92092754,989.29,0.11253201961517334,0.005895530339330435,0.06299015,0.5419840494791667,11.23837507168452,11780,0.008560896734221994,0.0116475904796971,0.9928814172744751,0.2,5e-05
649,6922,366,4497408,1430.7298631200001,989.29,0.11247953027486801,0.5256524085998535,0.107150294,0.6405598958333333,11.25206185777982,11790,0.019364413576840888,1.573002743763694,0.9526916146278381,0.2,5e-05
651,6923,367,4509696,1430.5785602099998,989.29,0.11258155107498169,0.01215049996972084,0.110176705,0.6199055989583333,11.258537820974986,11800,0.02650729942445954,0.028886602382408456,0.9629668593406677,0.2,5e-05
653,6924,368,4521984,1430.1175275599996,989.29,0.11244720220565796,-0.003324153833091259,0.074902065,0.5659098307291667,11.267915381987889,11810,0.010818534083955455,0.01579503659546996,0.9861588478088379,0.2,5e-05
654,6925,369,4534272,1429.1502351499998,989.29,0.11220250278711319,0.02159254625439644,0.07253124,0.5571858723958333,11.289801961183548,11820,0.014278757836048801,0.012454907341937846,0.9906176924705505,0.2,5e-05
656,6926,370,4546560,1428.6961981,989.29,0.11208804696798325,0.0061523765325546265,0.06286612,0.5437337239583333,11.311442677179972,11830,0.013143350427950888,0.010243307046281794,0.9931323528289795,0.2,5e-05
658,6927,371,4558848,1428.9938867600004,989.29,0.11191215366125107,-0.0007084798999130726,0.067950696,0.5369954427083333,11.32894547979037,11840,0.01180078181787394,0.009947292316549767,0.9914677143096924,0.2,5e-05
659,6928,372,4571136,1429.0389478300006,989.29,0.11205043643712997,-0.0002572210505604744,0.08263487,0.5620198567708333,11.333018358548482,11850,0.01387863639247371,0.021691412115857626,0.984615683555603,0.2,5e-05
661,6929,373,4583424,1444.83999423,1000.0,0.11191076040267944,0.01977008953690529,0.09086985,0.5812174479166666,11.336700264612833,11860,0.014982302653758476,0.022968914340405416,0.9859114289283752,0.2,5e-05
663,6930,374,4595712,1444.51717057,1000.0,0.11177518963813782,-0.016501454636454582,0.06031668,0.524365234375,11.348011849323909,11870,0.012708917732622164,0.014218406724588325,0.9898066520690918,0.2,5e-05
664,6930,375,4608000,1444.39070225,1000.0,0.11155039072036743,0.03065856546163559,0.06714784,0.5386637369791667,11.365976148843766,11880,0.01317630361202949,0.012269814234847824,0.9931131601333618,0.2,5e-05
666,6931,376,4620288,1438.8934423499998,995.55,0.11150143295526505,0.0047288453206419945,0.06983314,0.5448649088541667,11.382452448209127,11890,0.019514541859583307,0.006958145834505558,0.9933480620384216,0.2,5e-05
668,6932,377,4632576,1438.8077113200006,995.55,0.11125481873750687,0.04436683654785156,0.10679668,0.5110432942708333,11.405019603172939,11900,-0.008262358270197485,0.06859556630564233,0.9775047302246094,0.2,5e-05
669,6933,378,4644864,1438.96276751,995.55,0.11121431738138199,0.023113228380680084,0.060643937,0.5363118489583333,11.434182250499726,11910,0.011295876326524497,0.011907640191687581,0.9896642565727234,0.2,5e-05
671,6934,379,4657152,1438.8354823400002,995.55,0.11111756414175034,0.007803732994943857,0.066419534,0.5387288411458333,11.44767856001854,11920,0.013580701836326625,0.009734370838850736,0.9932314157485962,0.2,5e-05
673,6934,380,4669440,1439.4484227799999,995.55,0.11093399673700333,-0.006189961917698383,0.06515468,0.5267985026041667,11.46961060166359,11930,0.011801829488831572,0.009838795874384233,0.9939458966255188,0.2,5e-05
675,6935,381,4681728,1439.4775946099999,995.55,0.1108335480093956,0.03069421648979187,0.06714524,0.54345703125,11.48567912975947,11940,0.00882447452871323,0.010588580133238186,0.9940396547317505,0.2,5e-05
676,6936,382,4694016,1440.0116154199995,995.55,0.1105424091219902,-0.0056943451054394245,0.057143982,0.5310139973958333,11.504531174898148,11950,0.012097835795430001,0.006861130188917741,0.9913280010223389,0.2,5e-05
678,6937,383,4706304,1441.0524034,995.55,0.11043882369995117,0.01288537122309208,0.06674066,0.536962890625,11.522195132573446,11960,0.015440728512476198,0.006154416243468101,0.9942339658737183,0.2,5e-05
680,6938,384,4718592,1446.6830391699998,1000.0,0.11034935712814331,-0.0062018330208957195,0.07380132,0.5578125,11.532681081692377,11970,0.011117595325049478,0.0100025156250922,0.9949975609779358,0.2,5e-05
681,6939,385,4730880,1446.1621702700004,1000.0,0.11024459451436996,0.01123979315161705,0.06781226,0.5381998697916667,11.549282014369965,11980,0.016595214001912002,0.0070612088815929985,0.9955217242240906,0.2,5e-05
683,6940,386,4743168,1445.4360982900005,1000.0,0.11010199785232544,0.024514202028512955,0.07089109,0.55205078125,11.561684779326121,11990,0.01824473943755341,0.008004473612527364,0.9964607954025269,0.2,5e-05
685,6941,387,4755456,1445.57959645,1000.0,0.10996425151824951,0.05032352730631828,0.07343208,0.5547281901041666,11.579174868265788,12000,0.015245873806755602,0.008975020859118861,0.9941657781600952,0.2,5e-05
686,6941,388,4767744,1438.5318648999998,995.4,0.10973919183015823,0.015573477372527122,0.08040812,0.5391031901041666,11.595923582712809,12010,0.017861335411240967,0.008347727613484797,0.9961580634117126,0.2,5e-05
688,6942,389,4780032,1438.6150790100003,995.4,0.1095869243144989,0.007793506607413292,0.10516582,0.6042317708333333,11.60672447681427,12020,0.017667466134662392,0.03466096729777443,0.9912460446357727,0.2,5e-05
690,6942,390,4792320,1438.4032754900004,995.4,0.10954561084508896,0.02511376142501831,0.07729519,0.5857014973958333,11.61613044142723,12030,0.01622713544056751,0.015394803674037878,0.9811983704566956,0.2,5e-05
692,6943,391,4804608,1437.84609881,995.4,0.10938948392868042,0.03689494729042053,0.07824206,0.5661376953125,11.624240279197693,12040,0.013692875092480487,0.010468637064332143,0.9934630393981934,0.2,5e-05
693,6943,392,4816896,1428.7385390700001,989.45,0.10917804390192032,-0.0015360591933131218,0.06856748,0.5731526692708333,11.642794328927994,12050,0.01252141109337875,0.01594796593126375,0.994172215461731,0.2,5e-05
695,6944,393,4829184,1428.5125413900003,989.45,0.10921347886323929,0.21012446284294128,0.10378405,0.6361897786458334,11.649118336041768,12060,0.01016157732932091,1.6557461116074894,0.9424067139625549,0.2,5e-05
697,6945,394,4841472,1429.5489100399998,989.45,0.10930011421442032,-0.0008336291648447514,0.1039035,0.620458984375,11.646920657157898,12070,0.03227216248196783,0.020213201328685197,0.9883548617362976,0.2,5e-05
698,6946,395,4853760,1430.1604307100006,989.45,0.10931649804115295,0.037076521664857864,0.0770786,0.5689778645833333,11.649556235472362,12080,0.021290471892765103,0.008033254028608402,0.9952073693275452,0.2,5e-05
700,6947,396,4866048,1437.6097601899999,994.05,0.10913333296775818,0.009657674469053745,0.07830422,0.5848551432291667,11.655542947848637,12090,0.023066634915206427,0.013913983188103884,0.9930881261825562,0.2,5e-05
702,6948,397,4878336,1431.2035336799997,989.76,0.10904517024755478,0.01158449612557888,0.08686527,0.5862548828125,11.664224849144619,12100,0.017379325136425906,0.010980894788129565,0.9929305911064148,0.2,5e-05
703,6949,398,4890624,1430.3560074200002,989.76,0.10889953374862671,-0.006621841341257095,0.14255878,0.595361328125,11.672129573424657,12110,0.009786772587782858,0.05126694599554563,0.9962981939315796,0.2,5e-05
705,6949,399,4902912,1431.34111841,989.76,0.10884326696395874,0.0056856293231248856,0.071298786,0.5588948567708333,11.688659157355627,12120,0.014402866198603684,0.009593082870317933,0.9883763790130615,0.2,5e-05
707,6950,400,4915200,1440.6265909900003,995.71,0.10876671224832535,0.011572252959012985,0.06653156,0.5484781901041667,11.702046833435695,12130,0.0076116735552204775,0.06174761876657916,0.8293004631996155,0.2,5e-05
708,6951,401,4927488,1441.6982144,995.71,0.10868501663208008,0.02269209921360016,0.07617903,0.560302734375,11.71453704237938,12140,0.016597604543009462,0.010214893463610982,0.9851034283638,0.2,5e-05
710,6952,402,4939776,1441.9496161099999,995.71,0.10838437080383301,0.00494872173294425,0.06114191,0.5483805338541666,11.735225917895635,12150,0.01663960917988637,0.009968983429522875,0.9901458621025085,0.2,5e-05
712,6953,403,4952064,1428.30744132,986.96,0.1082826629281044,0.012986207380890846,0.074137196,0.5455647786458333,11.74852062066396,12160,0.012318291408882942,0.013291952130384744,0.9808934926986694,0.2,5e-05
713,6953,404,4964352,1428.4857999199999,986.96,0.10820309072732925,0.20207282900810242,0.09015902,0.5971028645833333,11.746852723757426,12170,0.007392693395377137,0.6256853909231722,0.943969190120697,0.2,5e-05
715,6954,405,4976640,1435.2394200099995,991.25,0.10819432884454727,-0.01664343662559986,0.06776073,0.5500895182291666,11.752495924631754,12180,0.01921723304791764,0.007478643308665293,0.9934556484222412,0.2,5e-05
717,6955,406,4988928,1435.77669049,991.25,0.10808625817298889,0.025152940303087234,0.07226961,0.57529296875,11.762892570098241,12190,0.01287387563303734,0.015180920306011102,0.9855920076370239,0.2,5e-05
718,6955,407,5001216,1434.37290648,991.25,0.10794174671173096,-0.0020428155548870564,0.07107029,0.5553873697916667,11.77783621152242,12200,0.010805838996505675,0.00936811713327188,0.990911066532135,0.2,5e-05
720,6956,408,5013504,1435.0984209200005,991.25,0.1078372597694397,0.020386673510074615,0.105928175,0.60126953125,11.7865225593249,12210,0.018709829039289617,0.017317067800710597,0.9904896020889282,0.2,5e-05
722,6957,409,5025792,1435.3699598,991.25,0.1077897921204567,-0.0032961852848529816,0.062059212,0.5276285807291666,11.799510115385056,12220,0.011594280818826519,0.006048832119752963,0.9957696795463562,0.2,5e-05
724,6957,410,5038080,1436.01896924,991.25,0.107509084045887,0.03102410025894642,0.07536122,0.5336181640625,11.815041700998941,12230,0.01834977831846724,0.004787042876705528,0.9940009713172913,0.2,5e-05
725,6958,411,5050368,1450.0674743099999,1000.0,0.10722281783819199,0.013166737742722034,0.0704849,0.5347005208333333,11.84273150364558,12240,0.01692366080872792,0.005273847986245528,0.9929233193397522,0.2,5e-05
727,6959,412,5062656,1450.13781306,1000.0,0.10708242654800415,-0.008203307166695595,0.068317056,0.5448404947916666,11.866186825434367,12250,0.013564058705621088,0.006880310884055992,0.9919301867485046,0.2,5e-05
729,6960,413,5074944,1450.3870108400004,1000.0,0.10698043555021286,0.021133780479431152,0.090788305,0.5899495442708333,11.881492360432942,12260,0.016059018479912385,0.011988725761087456,0.9898118376731873,0.2,5e-05
730,6960,414,5087232,1450.0460980799999,1000.0,0.10702022910118103,0.024159569293260574,0.06865201,0.5401285807291667,11.889739294846853,12270,0.011574274188023991,0.007769025674012179,0.9948592185974121,0.2,5e-05
732,6961,415,5099520,1450.3428973000002,1000.0,0.10698125511407852,-0.012094506993889809,0.0656606,0.5619140625,11.894437646865844,12280,0.013175666708654414,0.00831907297009214,0.9929887652397156,0.2,5e-05
734,6961,416,5111808,1451.1464344899996,1000.0,0.10687265545129776,-0.01827680505812168,0.06767595,0.5659016927083333,11.900762516260148,12290,0.012656717939535156,0.006791077441206047,0.9926996231079102,0.2,5e-05
735,6962,417,5124096,1450.7912048699998,1000.0,0.10663480311632156,0.01577373966574669,0.07320393,0.5504475911458333,11.919188688198725,12300,0.014193176094947073,0.006575045726882915,0.9931837916374207,0.2,5e-05
737,6963,418,5136384,1450.3946063600001,1000.0,0.10654911398887634,-0.002693106420338154,0.06882136,0.5423665364583333,11.941954572995504,12310,0.014817817685252522,0.006306283681866868,0.9939350485801697,0.2,5e-05
739,6964,419,5148672,1449.8578572699998,1000.0,0.10632866621017456,-0.0032948963344097137,0.07190904,0.5371663411458333,11.959124378363292,12320,0.009437559922904864,0.006134679433792674,0.991640567779541,0.2,5e-05
740,6964,420,5160960,1444.23680647,996.87,0.10617625713348389,-0.004980965051800013,0.07949294,0.5553873697916667,11.98002954920133,12330,0.00872209632313267,0.010914865380618722,0.990482747554779,0.2,5e-05
742,6965,421,5173248,1442.95869656,996.87,0.10611701011657715,0.11325379461050034,0.087505795,0.6434326171875,11.991134951512018,12340,0.012242405319799825,0.7902386154397391,0.9374378323554993,0.2,5e-05
744,6966,422,5185536,1443.0605906400003,996.87,0.10602735728025436,0.006665029097348452,0.09118146,0.5949625651041667,11.999766230583191,12350,0.02418062546979248,0.013069765573406281,0.991040050983429,0.2,5e-05
746,6966,423,5197824,1443.1093936100006,996.87,0.10580345243215561,0.0009140078909695148,0.06685067,0.562060546875,12.016671659549077,12360,0.01356559882357639,0.006792629882208227,0.9921132326126099,0.2,5e-05
747,6967,424,5210112,1442.04679617,996.87,0.1055326834321022,0.010643310844898224,0.07073752,0.5677327473958333,12.035680172840754,12370,0.015861113331629893,0.007827858998886465,0.9946549534797668,0.2,5e-05
749,6968,425,5222400,1442.54131982,996.87,0.1054396852850914,-0.006791854742914438,0.069047,0.5477376302083333,12.054205679893494,12380,0.017551563435942323,0.007751149256364442,0.9926456212997437,0.2,5e-05
751,6968,426,5234688,1442.46959027,996.87,0.10531079769134521,-0.001588189508765936,0.07186232,0.5630208333333333,12.073762126763661,12390,0.012995413616590668,0.009035514510469512,0.9897634983062744,0.2,5e-05
752,6969,427,5246976,1442.1512199000001,996.87,0.10528246313333511,0.041388511657714844,0.07608654,0.5538818359375,12.08912277619044,12400,0.015976177709914434,0.006339537572542516,0.9929952621459961,0.2,5e-05
754,6970,428,5259264,1441.4330204499995,996.87,0.10515028238296509,-0.006097726058214903,0.08063325,0.6003580729166667,12.10238302151362,12410,0.019048150567687116,0.009134273347444832,0.9945915341377258,0.2,5e-05
756,6970,429,5271552,1447.4015276700002,1000.0,0.10502218455076218,0.01593654975295067,0.08984006,0.5651774088541667,12.115446871519088,12420,0.017633448088599835,0.007769521329707155,0.9949327111244202,0.2,5e-05
757,6971,430,5283840,1448.27076657,1000.0,0.10488075017929077,-0.009177934378385544,0.070295,0.5719807942708334,12.127542740106582,12430,0.01610047669018968,0.011357888597801017,0.9926704168319702,0.2,5e-05
759,6972,431,5296128,1446.6054534300001,1000.0,0.10484164953231812,-0.011424437165260315,0.08294026,0.5812337239583333,12.127513708670934,12440,0.01634954893379472,0.013121864275308325,0.9941740036010742,0.2,5e-05
761,6972,432,5308416,1446.5909127999996,1000.0,0.1046626940369606,-0.0028868597000837326,0.09026918,0.5573974609375,12.137475262085596,12450,0.008147914282259687,0.010034687087560694,0.993362307548523,0.2,5e-05
762,6973,433,5320704,1447.63118878,1000.0,0.10458574444055557,0.017292501404881477,0.07910403,0.5611897786458333,12.153874985376994,12460,0.015968460763785212,0.005369053866403798,0.9907498359680176,0.2,5e-05
764,6974,434,5332992,1434.82133141,991.2,0.10443582385778427,-0.0046946825459599495,0.07030655,0.5450113932291667,12.174646401405335,12470,0.014945296781661455,0.00611380175347828,0.9919043779373169,0.2,5e-05
766,6975,435,5345280,1434.49701395,991.2,0.10433634370565414,0.06449975073337555,0.08249252,0.5921956380208333,12.18951762119929,12480,0.00364373307772136,0.8221131677642309,0.9686222672462463,0.2,5e-05
768,6975,436,5357568,1435.0015865400003,991.2,0.10430091619491577,0.023871755227446556,0.109123975,0.6327718098958334,12.197965294122696,12490,0.025431537151841137,0.024061937165485384,0.9775065183639526,0.2,5e-05
769,6976,437,5369856,1434.48988444,991.2,0.10415344685316086,-0.009899047203361988,0.089877985,0.6067545572916667,12.204092500607173,12500,0.015528687207067075,0.012663463523495011,0.9870668649673462,0.2,5e-05
771,6976,438,5382144,1434.4498881599998,991.2,0.10401773452758789,0.02009454369544983,0.09484899,0.5959635416666667,12.212347332636515,12510,0.016166129539730414,0.008568218603613786,0.9922293424606323,0.2,5e-05
773,6977,439,5394432,1436.01458961,991.2,0.10395508259534836,0.021149300038814545,0.08709205,0.5872233072916667,12.22169144352277,12520,0.016936192543653306,0.008621482036930198,0.9941406846046448,0.2,5e-05
774,6978,440,5406720,1434.73370915,991.2,0.10386735200881958,0.01100853644311428,0.108022355,0.6606770833333333,12.22739173769951,12530,0.016797875685248678,0.05634591201475511,0.9374326467514038,0.2,5e-05
776,6978,441,5419008,1433.86824089,991.2,0.10384169220924377,0.0030263466760516167,0.0862822,0.5684488932291667,12.233669583002726,12540,0.013949069263859807,0.011442357244474503,0.9927758574485779,0.2,5e-05
778,6979,442,5431296,1446.1355028700002,1000.0,0.10373301059007645,-0.008881781250238419,0.09457003,0.5952880859375,12.241135557492575,12550,0.016351081523074146,0.009837157147315641,0.9936061501502991,0.2,5e-05
779,6979,443,5443584,1446.2566525999998,1000.0,0.10379000753164291,-0.002478226087987423,0.08925254,0.5885172526041667,12.24742821653684,12560,0.01908014323756409,0.010248275251554636,0.99125075340271,0.2,5e-05
781,6980,444,5455872,1446.72306518,1000.0,0.1036415696144104,0.012774679809808731,0.06455347,0.5634521484375,12.252326349417368,12570,0.014240731841224867,0.006025226801769653,0.9945124983787537,0.2,5e-05
783,6981,445,5468160,1446.7820188500002,1000.0,0.10361728817224503,0.0025461632758378983,0.083132535,0.5804361979166667,12.259799532095592,12580,0.013785014081319484,0.012547853124366763,0.9868011474609375,0.2,5e-05
784,6981,446,5480448,1446.26755784,1000.0,0.10350513458251953,0.020745472982525826,0.083342396,0.5697184244791667,12.270351699988048,12590,0.017541373221805164,0.007224139173437531,0.9950056672096252,0.2,5e-05
786,6982,447,5492736,1446.65310929,1000.0,0.10329383611679077,0.025801299139857292,0.086919524,0.5535970052083333,12.290866895516713,12600,0.012503856382681987,0.006349446410604287,0.9953324198722839,0.2,5e-05
788,6982,448,5505024,1448.51416706,1000.0,0.10325223952531815,0.022227102890610695,0.0817107,0.5838704427083333,12.305050625403721,12610,0.019941786177029523,0.006822724408508899,0.9929889440536499,0.2,5e-05
790,6983,449,5517312,1449.2761944600002,1000.0,0.10309062153100967,-0.013873965479433537,0.061878454,0.5390380859375,12.319779785474141,12620,0.005925569191943699,0.008661829636063581,0.9896723031997681,0.2,5e-05
791,6984,450,5529600,1449.4625253500003,1000.0,0.10295429825782776,-0.009903501719236374,0.07019635,0.5568196614583333,12.342534295717876,12630,0.01575652047661909,0.005888421921796786,0.9958459138870239,0.2,5e-05
793,6985,451,5541888,1449.86113839,1000.0,0.10276182740926743,0.017519984394311905,0.06848496,0.5410481770833333,12.36066766778628,12640,0.01569482848184028,0.006535595361007533,0.9918075203895569,0.2,5e-05
795,6985,452,5554176,1449.51008289,1000.0,0.10263951867818832,-0.002870670985430479,0.06676995,0.5446370442708334,12.375562936067581,12650,0.013846986009351287,0.005975645398818111,0.9967401027679443,0.2,5e-05
796,6986,453,5566464,1449.17808128,1000.0,0.10258951038122177,0.01822984591126442,0.07436589,0.5715983072916667,12.385577873388927,12660,0.014712246148458992,0.007751790071294332,0.9962000846862793,0.2,5e-05
798,6986,454,5578752,1444.5473495799995,996.55,0.10252562910318375,0.046551335602998734,0.07495798,0.54453125,12.39383205374082,12670,0.013252258777113942,0.006191360354811574,0.994042158126831,0.2,5e-05
800,6987,455,5591040,1444.1632628799996,996.55,0.10239680856466293,-0.011579234153032303,0.10362724,0.5797037760416667,12.4069060643514,12680,0.014267892031057272,0.06251898519694805,0.9676331877708435,0.2,5e-05
801,6988,456,5603328,1444.5765073599998,996.55,0.10229464620351791,0.003381898393854499,0.069854386,0.5564046223958333,12.422922497987747,12690,0.020672705048734013,0.004947885112293686,0.9948793649673462,0.2,5e-05
803,6989,457,5615616,1445.0602221500003,996.55,0.10210307687520981,0.013605542480945587,0.07506586,0.5470784505208334,12.435203923781712,12700,0.014372621031846696,0.0057080105892964635,0.9893372654914856,0.2,5e-05
805,6989,458,5627904,1439.1623448500002,993.43,0.10195819288492203,0.0069725411012768745,0.096921675,0.5777994791666666,12.449733155965806,12710,0.0032758903597520355,0.05081678166752681,0.9845406413078308,0.2,5e-05
806,6990,459,5640192,1438.1151057100003,993.43,0.10177519917488098,0.0008831070736050606,0.08626785,0.5955322265625,12.472980976104736,12720,0.01594010797756103,0.011752206581877544,0.9997716546058655,0.2,5e-05
808,6990,460,5652480,1439.0961602099999,993.43,0.101678766310215,-0.025374893099069595,0.085462175,0.5710367838541667,12.48502593835195,12730,0.020030154653068167,0.007885937418905087,0.9940409660339355,0.2,5e-05
810,6991,461,5664768,1439.89718582,993.43,0.10154807567596436,-0.013591257855296135,0.07099459,0.5468994140625,12.498019536336264,12740,0.014926224181059903,0.005780320283277737,0.9948379993438721,0.2,5e-05
811,6991,462,5677056,1445.3857482699998,996.88,0.10141148418188095,0.003627986880019307,0.08201801,0.5507649739583333,12.515924270947774,12750,0.011061258924989185,0.00508223583601648,0.9956713318824768,0.2,5e-05
813,6991,463,5689344,1443.9879684199998,996.88,0.10127314180135727,0.02315967157483101,0.1054428,0.6028564453125,12.528841324647267,12760,0.020259356876582993,0.00975507487116071,0.9955468773841858,0.2,5e-05
815,6992,464,5701632,1429.1966067100002,987.82,0.10115750879049301,0.03922364115715027,0.11265012,0.6360921223958333,12.539056022961935,12770,0.0214678339776583,0.015199201959573354,0.9899423122406006,0.2,5e-05
817,6992,465,5713920,1428.4197350099996,987.82,0.10109583288431168,0.04176777973771095,0.08481788,0.5952473958333333,12.542687471707662,12780,0.004417577171989251,0.6250730340407851,0.9142577052116394,0.2,5e-05
818,6993,466,5726208,1433.7274384399998,990.94,0.10105807334184647,0.0225610863417387,0.10472412,0.6254801432291667,12.548026845852535,12790,0.01826698365912307,0.02159670245309826,0.9744073152542114,0.2,5e-05
820,6993,467,5738496,1433.4213625400005,990.94,0.10083123296499252,-0.0051796394400298595,0.07453085,0.5883219401041667,12.554952104886373,12800,0.012740897363498031,0.011591219946664448,0.9923611879348755,0.2,5e-05
822,6994,468,5750784,1432.7770644899997,990.94,0.10067953914403915,0.005907878279685974,0.10144001,0.6094563802083334,12.572894487778346,12810,0.014656642485836832,0.0181991347441605,0.9787789583206177,0.2,5e-05
823,6995,469,5763072,1432.73322195,990.94,0.10075172781944275,0.0029199710115790367,0.09421205,0.5923990885416667,12.572219216823578,12820,0.021283187569254854,0.012188035925889077,0.9828896522521973,0.2,5e-05
825,6995,470,5775360,1432.4722829199995,990.94,0.10068222880363464,0.0033207330852746964,0.07548062,0.591455078125,12.57175573905309,12830,0.01550870564193853,0.011192899605763766,0.9860886335372925,0.2,5e-05
827,6996,471,5787648,1433.7502935700002,990.94,0.10061337798833847,0.026649869978427887,0.09294803,0.5738932291666666,12.585205707947413,12840,0.015088876595837065,0.008160970543394796,0.9953040480613708,0.2,5e-05
828,6996,472,5799936,1447.9124546800003,1000.0,0.10036512464284897,0.010952780023217201,0.07278938,0.5549641927083333,12.601849081118901,12850,0.017093810582203637,0.006151157043738446,0.9957587718963623,0.2,5e-05
830,6997,473,5812224,1447.6202081199997,1000.0,0.10029035806655884,0.005343286786228418,0.10278674,0.6065836588541667,12.613014489412308,12860,0.01988529510757265,0.010730317957738104,0.9926439523696899,0.2,5e-05
832,6998,474,5824512,1448.6195775400001,1000.0,0.09999724477529526,-0.0019355923868715763,0.0718759,0.5364583333333334,12.63603351910909,12870,0.013279392468878845,0.0052770927208863816,0.9915184378623962,0.2,5e-05
833,6998,475,5836800,1448.79103281,1000.0,0.09984491020441055,-0.010191054083406925,0.078078665,0.5654703776041666,12.664402802785238,12880,0.014708031196641968,0.007447086441485832,0.994602620601654,0.2,5e-05
835,6999,476,5849088,1449.8703960899993,1000.0,0.09961377829313278,0.011891957372426987,0.06669232,0.5501383463541667,12.691865609089534,12890,0.013537555642445416,0.005362866976550625,0.9929787516593933,0.2,5e-05
837,6999,477,5861376,1450.1194848500004,1000.0,0.09946366399526596,0.021246036514639854,0.06277397,0.5460856119791667,12.719173914194107,12900,0.01470380281098187,0.004724768547263617,0.9953530430793762,0.2,5e-05
839,7000,478,5873664,1449.7058027800003,1000.0,0.09942799806594849,0.06396274268627167,0.09250283,0.592724609375,12.727403698364894,12910,0.018403310101227057,0.010294518696900923,0.9932824969291687,0.2,5e-05
840,7001,479,5885952,1449.24928352,1000.0,0.09935275465250015,0.01457874197512865,0.092187285,0.5782877604166666,12.740188658237457,12920,0.019370392665587134,0.006878367546596565,0.9944670796394348,0.2,5e-05
842,7001,480,5898240,1450.0256093100002,1000.0,0.09927147626876831,0.007298751268535852,0.08376671,0.5819580078125,12.750931078195572,12930,0.01778557656046663,0.00600561799898666,0.9927766919136047,0.2,5e-05
844,7002,481,5910528,1451.01330108,1000.0,0.09920237213373184,-0.0051748198457062244,0.09093651,0.5876302083333333,12.757514043649037,12940,0.018288524037294942,0.008902876224601642,0.9918950796127319,0.2,5e-05
845,7002,482,5922816,1450.36041402,1000.0,0.09908439964056015,-0.010837957262992859,0.06762871,0.5532958984375,12.7728908598423,12950,0.018712556768635598,0.004768439953719886,0.9960076808929443,0.2,5e-05
847,7002,483,5935104,1451.36075201,1000.0,0.09884951263666153,-0.0031279451213777065,0.090749204,0.5592610677083333,12.796960234642029,12960,0.015369867830304428,0.004655432751072415,0.9933027625083923,0.2,5e-05
849,7003,484,5947392,1449.6184465100002,1000.0,0.09859468787908554,-0.010422179475426674,0.08462477,0.5935302734375,12.825862383842468,12970,0.00838109118049033,0.02327383128964963,0.9833249449729919,0.2,5e-05
850,7003,485,5959680,1448.9066460199997,1000.0,0.0986790731549263,0.030205577611923218,0.16303076,0.67548828125,12.837355460723241,12980,0.031439935883342214,0.06868971036941124,0.9506128430366516,0.2,5e-05
852,7004,486,5971968,1448.7654504500001,1000.0,0.09852224588394165,0.05164323002099991,0.07967764,0.5747314453125,12.84359474380811,12990,0.020404062344459815,0.006588917443878017,0.9947329163551331,0.2,5e-05
854,7005,487,5984256,1448.96119361,1000.0,0.09845093637704849,0.0084966029971838,0.07709604,0.5667643229166667,12.856096524000169,13000,0.01401205703781064,0.007372712568030693,0.9943134784698486,0.2,5e-05
855,7005,488,5996544,1442.8313868100001,996.3,0.09844972938299179,0.004454814828932285,0.09522605,0.6373209635416667,12.858728663126628,13010,0.020518026509671473,0.020442826168922085,0.9843994975090027,0.2,5e-05
857,7006,489,6008832,1443.2901812199998,996.3,0.09844692796468735,-0.005862094461917877,0.07778316,0.6109944661458333,12.85826527873675,13020,0.010326650834758765,0.05470240700621313,0.9591944217681885,0.2,5e-05
859,7006,490,6021120,1443.13720512,996.3,0.0984087884426117,0.022481435909867287,0.08532051,0.5851318359375,12.869378958145777,13030,0.019963071004895028,0.009102143477260445,0.9934300184249878,0.2,5e-05
861,7007,491,6033408,1442.8008606800004,996.3,0.09821244329214096,0.00014697783626616,0.09002646,0.5923177083333333,12.884816930691402,13040,0.018855024897735953,0.009346672335717206,0.9940613508224487,0.2,5e-05
862,7007,492,6045696,1444.5433908900002,996.3,0.09808996319770813,0.03551425412297249,0.10221386,0.6032389322916667,12.904882113138834,13050,0.019322478080478808,0.012446049386441397,0.9889116883277893,0.2,5e-05
864,7008,493,6057984,1445.1033550399998,996.3,0.09810789674520493,0.026866404339671135,0.0956823,0.594677734375,12.913350051641464,13060,0.017712177072341243,0.01526600428430053,0.9880833029747009,0.2,5e-05
866,7009,494,6070272,1446.2125669499999,996.3,0.0981239601969719,0.013304191641509533,0.072910465,0.566357421875,12.925152955452601,13070,0.018238109616019453,0.005510735928449625,0.9910531640052795,0.2,5e-05
867,7009,495,6082560,1446.41744244,996.3,0.09806108474731445,0.010130898095667362,0.10129685,0.605810546875,12.936876847346623,13080,0.019447262529380775,0.009140497367479839,0.9924384355545044,0.2,5e-05
869,7010,496,6094848,1450.9095694599998,1000.0,0.09808981418609619,0.01237624790519476,0.086258024,0.5854899088541666,12.941219580173492,13090,0.021030845463004273,0.01072866225731559,0.990646243095398,0.2,5e-05
871,7010,497,6107136,1450.47914461,1000.0,0.09808354824781418,-0.006673152558505535,0.07735098,0.564990234375,12.93902039527893,13100,0.017080341986729763,0.007145458607313534,0.994959831237793,0.2,5e-05
872,7011,498,6119424,1450.9528837599998,1000.0,0.09795337915420532,0.02297130599617958,0.087403595,0.5721598307291667,12.95292275150617,13110,0.01664301558630541,0.007132694233344713,0.9938994646072388,0.2,5e-05
874,7011,499,6131712,1451.0242408500003,1000.0,0.09782207012176514,0.004603964276611805,0.07319084,0.559521484375,12.967490289608637,13120,0.014728869922206893,0.0044776598098299775,0.9945492744445801,0.2,5e-05
876,7012,500,6144000,1450.3222467699995,1000.0,0.0976264700293541,0.00916997529566288,0.082835406,0.5847493489583333,12.988474615414937,13130,0.016016543386407043,0.009099609416928918,0.9938591122627258,0.2,5e-05
877,7012,501,6156288,1450.04521456,1000.0,0.09757118672132492,0.0014274423010647297,0.08871404,0.5958984375,13.00678671002388,13140,0.020958056596767468,0.012408631619958517,0.987646758556366,0.2,5e-05
879,7013,502,6168576,1449.71329009,1000.0,0.09750371426343918,-0.0026280912570655346,0.0838025,0.5765950520833333,13.010673220952352,13150,0.017461660965151775,0.006829228285641875,0.9936233162879944,0.2,5e-05
881,7013,503,6180864,1449.45443145,1000.0,0.09740815311670303,0.01305869035422802,0.08426041,0.5884765625,13.013715928792953,13160,0.018387615137908143,0.006321972171523763,0.9959087371826172,0.2,5e-05
882,7014,504,6193152,1449.83961474,1000.0,0.09725932031869888,0.000559522770345211,0.09310689,0.5920572916666667,13.02763159473737,13170,0.015264891656018638,0.009527755617940177,0.9936491847038269,0.2,5e-05
884,7014,505,6205440,1449.42787159,1000.0,0.09720339626073837,-0.006237116642296314,0.091039695,0.5953531901041667,13.039883156617483,13180,0.017552482264485057,0.007884117888170294,0.9937692284584045,0.2,5e-05
886,7015,506,6217728,1448.35085815,1000.0,0.09716641157865524,0.011982312425971031,0.10457667,0.6030680338541666,13.044464731216431,13190,0.019385558807698544,0.010904076136648655,0.9935625195503235,0.2,5e-05
887,7015,507,6230016,1448.8359917100004,1000.0,0.09710890054702759,0.043705154210329056,0.07136122,0.5544352213541667,13.050363997618357,13200,0.015807067982192773,0.005619322755956091,0.9946367740631104,0.2,5e-05
889,7016,508,6242304,1448.8160155399999,1000.0,0.09689489752054214,-0.013151565566658974,0.06780248,0.5666178385416667,13.069177669286727,13210,0.01995474073725442,0.0054142755533879,0.9939150214195251,0.2,5e-05
891,7016,509,6254592,1449.6962136500003,1000.0,0.0968051552772522,0.04216165840625763,0.089999765,0.5934733072916667,13.090699923038482,13220,0.01796315401928344,0.0065989682281118196,0.9897047877311707,0.2,5e-05
893,7017,510,6266880,1450.19462502,1000.0,0.09666872769594193,0.025401901453733444,0.07727498,0.5758056640625,13.111582710345585,13230,0.017933508428298713,0.005338331686410432,0.996230959892273,0.2,5e-05
894,7017,511,6279168,1450.02141482,1000.0,0.09654704481363297,0.021332107484340668,0.079591535,0.5702311197916666,13.12984625895818,13240,0.017442542984887646,0.006602624832400276,0.9955909252166748,0.2,5e-05
896,7018,512,6291456,1446.1911569399995,997.49,0.09637340158224106,0.0054980372078716755,0.06914082,0.5518636067708333,13.147437709569932,13250,0.016496843761221194,0.004032999796618242,0.9964774250984192,0.2,5e-05
898,7018,513,6303744,1446.6440162900003,997.49,0.09615214914083481,-0.008260659873485565,0.13452701,0.566748046875,13.166292748848598,13260,0.002863795000303071,0.03347428699295658,0.9825502634048462,0.2,5e-05
899,7019,514,6316032,1448.3407187700002,997.49,0.0960966944694519,0.013566813431680202,0.07958288,0.5488850911458333,13.188756901025773,13270,0.020009863052594785,0.005293447194465746,0.9887674450874329,0.2,5e-05
901,7019,515,6328320,1447.84325006,997.49,0.09597533196210861,0.00409075990319252,0.08288876,0.5761474609375,13.19730088909467,13280,0.01960943412608079,0.005886920625440931,0.9940381050109863,0.2,5e-05
903,7019,516,6340608,1448.7027974499997,997.49,0.09585966914892197,0.01794593781232834,0.067591794,0.55673828125,13.207518951098125,13290,0.019207309657940642,0.004667535035211282,0.9910376071929932,0.2,5e-05
904,7019,517,6352896,1447.7020757699997,997.49,0.09567046165466309,0.012709260918200016,0.10478133,0.5915852864583333,13.221010752518971,13300,0.015451477948226966,0.009139528343318186,0.9942339062690735,0.2,5e-05
906,7020,518,6365184,1434.3359507599996,989.09,0.09570053219795227,-0.018267760053277016,0.085769236,0.6133138020833333,13.228389052549998,13310,0.02261012389935786,0.013520314302877524,0.9895668029785156,0.2,5e-05
908,7020,519,6377472,1434.34481457,989.09,0.09552475064992905,1.1516796350479126,0.068697505,0.5835367838541666,13.236092273394267,13320,0.0036666369681673436,0.741963808411189,0.9070600271224976,0.2,5e-05
910,7021,520,6389760,1433.7981003199998,989.09,0.09562599658966064,0.025029553100466728,0.17835574,0.6729329427083334,13.241135923067729,13330,0.0376891677005915,0.029118431743700057,0.9816814661026001,0.2,5e-05
911,7021,521,6402048,1438.15629985,991.6,0.09542771428823471,0.002894292352721095,0.085804336,0.6006266276041666,13.239837433894476,13340,0.026477329368935897,0.008964172381092794,0.9910448789596558,0.2,5e-05
913,7022,522,6414336,1436.3620195800002,991.6,0.09532781690359116,0.02380959317088127,0.08814623,0.58974609375,13.25443438887596,13350,0.024757842571125364,0.009300827938326013,0.9958878755569458,0.2,5e-05
915,7022,523,6426624,1435.68335955,991.6,0.09524252265691757,0.04790670797228813,0.10200276,0.6060302734375,13.2614999016126,13360,0.02661948871197334,0.00939853409654461,0.9941384792327881,0.2,5e-05
916,7023,524,6438912,1434.42694655,991.6,0.0952494740486145,0.014586396515369415,0.09450003,0.6216145833333333,13.264106925328573,13370,0.021937940939581797,0.01654423134556661,0.9924860000610352,0.2,5e-05
918,7023,525,6451200,1435.31706193,991.6,0.09522318840026855,0.01841149292886257,0.08143529,0.59345703125,13.268343645334244,13380,0.025252882115213045,0.006725519121391699,0.9925378561019897,0.2,5e-05
920,7024,526,6463488,1447.95868339,1000.0,0.09510723501443863,0.014356539584696293,0.111861736,0.6114908854166666,13.281529116630555,13390,0.028037623230193275,0.014323644216832083,0.994532585144043,0.2,5e-05
921,7024,527,6475776,1434.18175544,990.85,0.09500496834516525,0.03545457497239113,0.080213584,0.5908528645833333,13.29099021355311,13400,0.022635777862160467,0.00716802020566926,0.9957135319709778,0.2,5e-05
923,7025,528,6488064,1434.6419435900002,990.85,0.09496531635522842,0.0885661169886589,0.06729411,0.5775716145833333,13.297218803564707,13410,0.003977988456123664,0.8341505189387438,0.9358000755310059,0.2,5e-05
925,7025,529,6500352,1434.2474356599998,990.85,0.09486084431409836,-0.004246018826961517,0.091440566,0.6002766927083333,13.310373449325562,13420,0.017692424997706742,0.022309279863839036,0.9716446399688721,0.2,5e-05
926,7026,530,6512640,1435.42083881,990.85,0.09495797753334045,0.013449147343635559,0.13662885,0.6349039713541667,13.310573009649913,13430,0.014337703425553627,0.034198979818999456,0.9366740584373474,0.2,5e-05
928,7026,531,6524928,1435.66445966,990.85,0.09492499381303787,0.015878846868872643,0.10948181,0.6092447916666667,13.302478716770809,13440,0.016184348626605546,0.021028218666712443,0.9782044291496277,0.2,5e-05
930,7027,532,6537216,1435.7131080099998,990.85,0.09501058608293533,0.01930529996752739,0.12259405,0.6713785807291667,13.300136945645015,13450,0.01905855964869261,0.02551917946548201,0.956952691078186,0.2,5e-05
931,7027,533,6549504,1435.6941277300002,990.85,0.09486010670661926,-0.004138508811593056,0.07572944,0.5866617838541667,13.302561819553375,13460,0.01816970917667883,0.011588512667609999,0.9908774495124817,0.2,5e-05
933,7027,534,6561792,1433.28046723,988.95,0.09490738064050674,-0.00022290553897619247,0.099663384,0.6370849609375,13.307649572690329,13470,0.011615822406262548,0.0512264948997957,0.9174820780754089,0.2,5e-05
935,7028,535,6574080,1446.7320060799998,998.1,0.09488943964242935,0.08790361136198044,0.08728126,0.6344075520833333,13.3073692659537,13480,0.00686198188632261,0.6128277960737857,0.952907919883728,0.2,5e-05
937,7028,536,6586368,1447.4063660800002,998.1,0.09488656371831894,0.0351555272936821,0.1108279,0.6095458984375,13.305247286955515,13490,0.025561297004848407,0.009226918078881378,0.9896133542060852,0.2,5e-05
938,7028,537,6598656,1447.47032477,998.1,0.09476754069328308,0.007481470704078674,0.082465224,0.5848551432291667,13.30912789106369,13500,0.019898112091080597,0.00629052577278344,0.9939977526664734,0.2,5e-05
940,7029,538,6610944,1447.67662301,998.1,0.09481936693191528,0.008374648168683052,0.07684811,0.5857584635416667,13.313881450891495,13510,0.019328383717220277,0.007021836565885072,0.9921395778656006,0.2,5e-05
942,7029,539,6623232,1447.8092361099998,998.1,0.09462324529886246,0.010510985739529133,0.077775754,0.5799723307291667,13.326452535390853,13520,0.01738623613321882,0.005457005764765199,0.990772008895874,0.2,5e-05
943,7030,540,6635520,1447.1278897599998,998.1,0.0945800319314003,0.010875139385461807,0.08298946,0.6001627604166667,13.341082326571147,13530,0.01724550539753788,0.013243415955609331,0.9923428297042847,0.2,5e-05
945,7030,541,6647808,1446.3566284099998,998.1,0.09460020065307617,-0.006472006440162659,0.11343745,0.6223470052083333,13.342325548330942,13540,0.020396378131893773,0.014828768672305159,0.9917193055152893,0.2,5e-05
947,7031,542,6660096,1450.33103676,1000.0,0.09441546350717545,0.011832423508167267,0.10441524,0.6175618489583333,13.343717990318934,13550,0.027756695835948145,0.008757181009665752,0.9933858513832092,0.2,5e-05
948,7031,543,6672384,1438.5290005200002,991.79,0.09441027045249939,0.009036485105752945,0.08308168,0.5736002604166667,13.349710907538732,13560,0.01862384504711372,0.007098395935706018,0.9878056049346924,0.2,5e-05
950,7032,544,6684672,1424.74236838,982.73,0.09436658024787903,0.2698414623737335,0.10302448,0.609912109375,13.352464965979259,13570,0.006799181717118093,0.8420217173882217,0.9429261684417725,0.2,5e-05
952,7032,545,6696960,1412.6796248399999,974.16,0.0943114161491394,0.008737531490623951,0.074068345,0.611376953125,13.356481218338013,13580,0.003226389687915798,0.7676343010738492,0.9432643055915833,0.2,5e-05
953,7033,546,6709248,1398.1164210899997,965.25,0.09429160505533218,1.352501630783081,0.15327288,0.7103841145833333,13.36376505891482,13590,0.019158877746182648,4.5250345703912895,0.9438284635543823,0.2,5e-05
955,7033,547,6721536,1397.11920006,965.25,0.09425822645425797,0.05439057946205139,3.6689517,0.7829833984375,13.360867957274118,13600,0.027349488769444482,1.7213611718965693,0.9656762480735779,0.2,5e-05
957,7034,548,6733824,1396.1701675200002,965.25,0.09453002363443375,0.15007354319095612,0.16548713,0.6843668619791666,13.346929627656937,13610,0.03627341424677676,0.06575948293708886,0.929673969745636,0.2,5e-05
958,7034,549,6746112,1395.0912616899996,965.25,0.094610296189785,0.0333624929189682,0.104733646,0.6496744791666667,13.324205593268077,13620,0.031072993572646132,0.04898504238032426,0.926692545413971,0.2,5e-05
960,7035,550,6758400,1392.6432455200004,965.25,0.09464295953512192,-0.00022113602608442307,0.14744058,0.6788492838541667,13.307763922214509,13630,0.028874081380975743,0.05632442170754075,0.9532488584518433,0.2,5e-05
962,7035,551,6770688,1401.4848722099998,973.46,0.09460964798927307,0.07116401940584183,0.13262688,0.6695963541666666,13.296741153796514,13640,0.030402331103687175,0.10574054063375418,0.9705565571784973,0.2,5e-05
964,7035,552,6782976,1411.8739234199998,982.52,0.09461995959281921,0.042999833822250366,0.10061488,0.6514729817708333,13.292743438482285,13650,0.021127283380095226,0.08008475026581437,0.9788772463798523,0.2,5e-05
965,7036,553,6795264,1424.19425751,991.09,0.09475123882293701,0.032693490386009216,0.09268749,0.6043294270833334,13.284218235810597,13660,0.03068980909786963,0.021342731408852463,0.9899555444717407,0.2,5e-05
967,7036,554,6807552,1422.05782985,991.09,0.09462746232748032,0.019919607788324356,0.094949864,0.5923095703125,13.28279082775116,13670,0.01979570793240176,0.02812071307368266,0.9935281872749329,0.2,5e-05
969,7036,555,6819840,1435.3017150099997,1000.0,0.09463778883218765,0.0016864798963069916,0.085365914,0.5705159505208334,13.292992407083512,13680,0.02296585846634116,0.01804741277980308,0.994778037071228,0.2,5e-05
970,7037,556,6832128,1435.9043446100002,1000.0,0.09458988159894943,0.0010981392115354538,0.13856642,0.6522623697916666,13.290722966194153,13690,0.021352540648270708,0.025555201198828096,0.9831811785697937,0.2,5e-05
972,7037,557,6844416,1436.5803711400006,1000.0,0.09457576274871826,0.011614983901381493,0.07939133,0.5740478515625,13.287905077139536,13700,0.018058567060991966,0.01831568341391782,0.9899488091468811,0.2,5e-05
974,7038,558,6856704,1437.3320113599996,1000.0,0.09457976371049881,-0.008349206298589706,0.07307991,0.5610188802083333,13.283324813842773,13710,0.016797793628938962,0.012759002482440943,0.9932071566581726,0.2,5e-05
975,7038,559,6868992,1440.3997338399997,1000.0,0.09452008455991745,0.03904401883482933,0.08733836,0.5892659505208333,13.282623797655106,13720,0.02385675331291471,0.013178475392245067,0.9910141825675964,0.2,5e-05
977,7038,560,6881280,1441.8320206100002,1000.0,0.09461786597967148,0.0019822008907794952,0.06958871,0.5627848307291666,13.279103889067967,13730,0.013781423187659432,0.016549205826595425,0.9878609776496887,0.2,5e-05
979,7039,561,6893568,1442.3728398100002,1000.0,0.09460345655679703,0.01744726672768593,0.07477871,0.572265625,13.278218380610149,13740,0.016126447526039554,0.009697614975933296,0.9937164187431335,0.2,5e-05
980,7039,562,6905856,1443.4148999099998,1000.0,0.09463999420404434,0.013972281478345394,0.09314672,0.5699462890625,13.277211127678553,13750,0.018641892815746058,0.014800013913190923,0.9872888326644897,0.2,5e-05
982,7040,563,6918144,1444.9066043800003,1000.0,0.09459453821182251,-0.003014904912561178,0.074871905,0.580810546875,13.275816075007121,13760,0.020027162245241925,0.008915278666730348,0.9933620691299438,0.2,5e-05
984,7040,564,6930432,1444.9734947000002,1000.0,0.09446501731872559,0.01956353336572647,0.08343238,0.587353515625,13.286210165421169,13770,0.01821917385289756,0.010993062561222662,0.9947564005851746,0.2,5e-05
986,7040,565,6942720,1444.37160938,1000.0,0.09442403167486191,-0.0013547330163419247,0.110491455,0.6067708333333334,13.294179213047027,13780,0.016150726792693602,0.0145942875368443,0.9924519062042236,0.2,5e-05
987,7041,566,6955008,1444.6227680999998,1000.0,0.09446439892053604,0.05847631022334099,0.09178636,0.5887044270833334,13.294584707419078,13790,0.018616390681806174,0.009121217417608326,0.9949114918708801,0.2,5e-05
989,7041,567,6967296,1443.70658212,1000.0,0.09447226673364639,0.029569553211331367,0.09103552,0.593603515625,13.293895262479783,13800,0.02071372040566833,0.017006487643811852,0.9952481389045715,0.2,5e-05
991,7041,568,6979584,1444.0775330899999,1000.0,0.09444918483495712,0.04427483677864075,0.09291557,0.5923177083333333,13.293886522452036,13810,0.02128680866395977,0.007745193404844031,0.994035005569458,0.2,5e-05
992,7042,569,6991872,1444.02167081,1000.0,0.09440704435110092,-0.01708340458571911,0.08078545,0.5902262369791667,13.29040209253629,13820,0.018973929987502438,0.011912654398474842,0.9892818927764893,0.2,5e-05
994,7042,570,7004160,1443.71230573,1000.0,0.09434153884649277,0.032003071159124374,0.08022199,0.5827392578125,13.293895481030146,13830,0.016825568557639295,0.013920082155770312,0.9935027360916138,0.2,5e-05
996,7042,571,7016448,1443.4557259099997,1000.0,0.09434513002634048,0.020578434690833092,0.074872375,0.5785237630208333,13.296923764546712,13840,0.015380198279065857,0.01655734229134396,0.9903282523155212,0.2,5e-05
997,7042,572,7028736,1444.48889003,1000.0,0.09431314468383789,0.04327656328678131,0.12088091,0.6301025390625,13.293746115763982,13850,0.023135956427965235,0.01585444135707803,0.9932153224945068,0.2,5e-05
999,7043,573,7041024,1445.25796719,1000.0,0.09431330114603043,0.015006126835942268,0.08844223,0.6008138020833333,13.289806352059047,13860,0.019907442777669832,0.012955201045648816,0.9935775399208069,0.2,5e-05
1001,7043,574,7053312,1444.6219579799997,1000.0,0.09434890002012253,0.015359601005911827,0.10004156,0.6089518229166667,13.287759915987651,13870,0.02119091120014976,0.014583185341325588,0.9916051030158997,0.2,5e-05
1003,7043,575,7065600,1445.0499284199998,1000.0,0.0942884087562561,0.07602141797542572,0.09547049,0.5889811197916667,13.292203933000565,13880,0.015713992797827814,0.012215345117147081,0.9941242337226868,0.2,5e-05
1004,7044,576,7077888,1445.3638253399997,1000.0,0.09413352608680725,0.014887461438775063,0.08203853,0.5764404296875,13.304672402143478,13890,0.018047897797077894,0.0074812277831370014,0.9961448311805725,0.2,5e-05
1006,7044,577,7090176,1445.7883232400002,1000.0,0.09405818581581116,-0.00031306827440857887,0.073714025,0.5881754557291666,13.317688516775767,13900,0.013177391047308144,0.013018856206326746,0.9912501573562622,0.2,5e-05
1008,7045,578,7102464,1446.0366886000002,1000.0,0.09389323741197586,0.041214533150196075,0.09462134,0.609716796875,13.332297486066818,13910,0.020532024269292983,0.014013619208708406,0.9919828176498413,0.2,5e-05
1009,7045,579,7114752,1446.97622783,1000.0,0.09386775642633438,0.0089128902181983,0.081540555,0.567138671875,13.344681986172994,13920,0.01698817493597744,0.008053843412684121,0.9949064254760742,0.2,5e-05
1011,7046,580,7127040,1447.3509364899999,1000.0,0.09387227892875671,0.0016105370596051216,0.06910178,0.5684000651041666,13.350868159532547,13930,0.019401551402309754,0.0052686521570043015,0.9954187870025635,0.2,5e-05
1013,7046,581,7139328,1447.3595819299996,1000.0,0.09375163912773132,0.008426779881119728,0.093191646,0.61005859375,13.354003232717513,13940,0.018144779955522,0.01436463263623106,0.9924824237823486,0.2,5e-05
1014,7046,582,7151616,1446.94279865,1000.0,0.09366261959075928,0.033159755170345306,0.08665824,0.60595703125,13.363545733690263,13950,0.023132423137334022,0.014887856196340483,0.9921807050704956,0.2,5e-05
1016,7047,583,7163904,1448.37114737,1000.0,0.09351322054862976,0.016644591465592384,0.08017724,0.55615234375,13.375945556163789,13960,0.016460113120168294,0.006641925290750805,0.9945544004440308,0.2,5e-05
1018,7047,584,7176192,1447.8461528999999,1000.0,0.09339245408773422,0.0019841655157506466,0.08436414,0.5924560546875,13.389645441373188,13970,0.017456062569787417,0.011639052817675596,0.9930607080459595,0.2,5e-05
1019,7048,585,7188480,1448.8309363100002,1000.0,0.09332070499658585,0.004603024572134018,0.078664124,0.5611979166666666,13.3972791492939,13980,0.020976955537723066,0.0067619563837070015,0.9926266074180603,0.2,5e-05
1021,7048,586,7200768,1449.71807083,1000.0,0.09322941303253174,0.007451429031789303,0.07356054,0.57734375,13.400665167967478,13990,0.0185689832806626,0.007210318382324961,0.9953480958938599,0.2,5e-05
1023,7048,587,7213056,1447.6206547699999,1000.0,0.09308186173439026,0.035913314670324326,0.11410946,0.6192220052083334,13.41211340824763,14000,0.01900425898153723,0.015863926150874855,0.9953331351280212,0.2,5e-05
1025,7048,588,7225344,1447.61756211,1000.0,0.0929933488368988,0.02892960049211979,0.07971263,0.5734456380208334,13.42464390595754,14010,0.02762819073201778,0.008205222188068243,0.9931848645210266,0.2,5e-05
1026,7049,589,7237632,1448.56260404,1000.0,0.09300398826599121,0.012570126913487911,0.076602675,0.5470865885416667,13.43288447658221,14020,0.01825272500718711,0.004785162838137087,0.9943656921386719,0.2,5e-05
1028,7049,590,7249920,1449.35155621,1000.0,0.09300395846366882,0.0655989944934845,0.10557914,0.6097005208333334,13.432044017314912,14030,0.017904479786132774,0.009799893805757165,0.9929484724998474,0.2,5e-05
1030,7049,591,7262208,1448.6127538399999,1000.0,0.09285005182027817,0.010934262536466122,0.08426326,0.5920003255208334,13.43928909699122,14040,0.023623334484000225,0.009903876639630957,0.9919410943984985,0.2,5e-05
1031,7049,592,7274496,1449.9338650500001,1000.0,0.09285672754049301,-0.02106022834777832,0.067559995,0.5516357421875,13.447219928105673,14050,0.01662369026550247,0.004295007295634908,0.9907431602478027,0.2,5e-05
1033,7050,593,7286784,1449.3464230200002,1000.0,0.09273885935544968,0.0019170548766851425,0.08870188,0.6044026692708333,13.44911210735639,14060,0.014702597745053936,0.011169652126651879,0.9880287647247314,0.2,5e-05
1035,7050,594,7299072,1450.2395552799999,1000.0,0.09274517744779587,0.024938208982348442,0.071793266,0.5572509765625,13.45755532781283,14070,0.02210578725983699,0.005805053797666914,0.9896154403686523,0.2,5e-05
1036,7051,595,7311360,1452.0831340399998,1000.0,0.09266209602355957,0.009542252868413925,0.077738345,0.55302734375,13.466426769892374,14080,0.018767192262263657,0.00438947665534215,0.9960328936576843,0.2,5e-05
1038,7051,596,7323648,1450.4956002400002,1000.0,0.09266386181116104,0.008152619935572147,0.08662844,0.6134521484375,13.470885397990545,14090,0.01629939743434079,0.01570087754225824,0.992457926273346,0.2,5e-05
1040,7051,597,7335936,1450.1191399099998,1000.0,0.0926351249217987,0.03162334859371185,0.0856218,0.5832275390625,13.474349755048753,14100,0.021603949418931734,0.006420554006278205,0.9951234459877014,0.2,5e-05
1041,7052,598,7348224,1451.3020127000002,1000.0,0.0925312414765358,0.01825142465531826,0.08188472,0.5693929036458333,13.47944062948227,14110,0.017024770549323876,0.005825584265403449,0.990421712398529,0.2,5e-05
1043,7052,599,7360512,1452.1466010000001,1000.0,0.09240243583917618,-0.009792556054890156,0.075635396,0.5984293619791666,13.486767560243607,14120,0.01271132360949802,0.014190532512535962,0.9845033288002014,0.2,5e-05
1045,7052,600,7372800,1436.7781809700004,991.13,0.09239830821752548,-0.003180167870596051,0.093923174,0.5892578125,13.490930954615274,14130,0.014016335662260342,0.008826769027412714,0.9952365756034851,0.2,5e-05
1047,7053,601,7385088,1437.2152201000001,991.13,0.09234857559204102,0.062281738966703415,0.09484587,0.616064453125,13.490393539269766,14140,0.008861334868803776,0.49325297188091405,0.9087920784950256,0.2,5e-05
1048,7053,602,7397376,1436.51340942,991.13,0.09233734756708145,0.0012452867813408375,0.090663604,0.6115478515625,13.494293679793676,14150,0.023953659654944205,0.009704239820712246,0.991658627986908,0.2,5e-05
1050,7054,603,7409664,1436.76301483,991.13,0.0923626646399498,0.03204180300235748,0.10692922,0.6226318359375,13.494839636484782,14160,0.01681442101932286,0.02115258944007413,0.94550621509552,0.2,5e-05
1052,7054,604,7421952,1438.1510434900001,991.13,0.09236151725053787,0.0040379720740020275,0.08636733,0.5815592447916667,13.492473886410396,14170,0.016169734701300818,0.011175491622028251,0.9849715232849121,0.2,5e-05
1053,7054,605,7434240,1438.59587746,991.13,0.09235569089651108,-0.009423619136214256,0.110602416,0.641455078125,13.495863924423853,14180,0.007346875804068986,0.020876226664404383,0.9516538381576538,0.2,5e-05
1055,7055,606,7446528,1438.25239944,991.13,0.09234436601400375,0.0334036611020565,0.09093984,0.6018391927083333,13.50277962088585,14190,0.01949174032488372,0.0074587832340815416,0.987225353717804,0.2,5e-05
1057,7055,607,7458816,1437.5816365199998,991.13,0.09230160713195801,0.01265423372387886,0.090186276,0.5836669921875,13.503295814990997,14200,0.0172758610448606,0.014979798172134906,0.9911200404167175,0.2,5e-05
1058,7055,608,7471104,1442.29100193,993.82,0.09215613454580307,0.012453556060791016,0.08727202,0.5984212239583333,13.516075545549393,14210,0.016889160173498872,0.008826929690743175,0.9900538921356201,0.2,5e-05
1060,7055,609,7483392,1442.7479708699998,993.82,0.09198278188705444,0.01047854870557785,0.18637343,0.5558268229166666,13.53194066286087,14220,-0.0010854932329190585,0.0848522623477038,0.9882832765579224,0.2,5e-05
1062,7056,610,7495680,1441.1644117800004,993.82,0.0918719470500946,0.0391969233751297,0.113147356,0.6637532552083333,13.551708122094473,14230,0.016487607849315584,0.07736939180079692,0.9087374210357666,0.2,5e-05
1063,7056,611,7507968,1441.55337949,993.82,0.09181323647499084,0.02569464221596718,0.086511694,0.5790934244791667,13.571647280454636,14240,0.02229462562536355,0.007181266857757388,0.991934061050415,0.2,5e-05
1065,7057,612,7520256,1441.0834152200002,993.82,0.0916898250579834,0.03504473343491554,0.100747846,0.6261637369791667,13.583647392193477,14250,0.02232534621337739,0.011852175210757801,0.9915655851364136,0.2,5e-05
1067,7057,613,7532544,1440.1944705399997,993.82,0.0915486216545105,0.01400643028318882,0.089068644,0.5806233723958333,13.600238452355066,14260,0.008656685819732956,0.03905629085784312,0.9216891527175903,0.2,5e-05
1069,7057,614,7544832,1439.24916053,993.82,0.09152065962553024,-0.007432413753122091,0.09460461,0.6192138671875,13.615886984268824,14270,0.019294157080730658,0.016066917300728772,0.9883455038070679,0.2,5e-05
1070,7058,615,7557120,1439.68082444,993.82,0.09143344312906265,0.001661077607423067,0.079771124,0.6033040364583333,13.625750488042831,14280,0.01466125037841266,0.01321050496189855,0.9904088973999023,0.2,5e-05
1072,7058,616,7569408,1449.6404953200001,1000.0,0.09129133075475693,-0.018851565197110176,0.086171865,0.5721110026041667,13.640919476747513,14290,0.020739441739472873,0.004776737864691919,0.990996778011322,0.2,5e-05
1074,7058,617,7581696,1449.7679546699999,1000.0,0.09118014574050903,0.0011232760734856129,0.097499155,0.5874267578125,13.654450768232346,14300,0.0107223566902879,0.01329848416595875,0.9805818796157837,0.2,5e-05
1075,7059,618,7593984,1451.3677035500002,1000.0,0.09102153033018112,0.025331486016511917,0.08426864,0.5809000651041667,13.671069453159967,14310,0.027482588575124586,0.004916419337678235,0.9925733804702759,0.2,5e-05
1077,7059,619,7606272,1451.5725352599998,1000.0,0.0908554270863533,0.020275821909308434,0.08049562,0.579052734375,13.693535580237706,14320,0.02164427917644692,0.006467551738023758,0.9840133786201477,0.2,5e-05
1079,7059,620,7618560,1451.88839761,1000.0,0.0909009575843811,0.017807556316256523,0.092109084,0.5839680989583333,13.700832452376684,14330,0.01732216326102692,0.010341390701554095,0.991969645023346,0.2,5e-05
1080,7060,621,7630848,1453.0561679999998,1000.0,0.0908585786819458,0.010344438254833221,0.10474809,0.5813313802083333,13.700863995154698,14340,0.018852920729356508,0.006591712100392518,0.9894726872444153,0.2,5e-05
1082,7060,622,7643136,1454.3589923199997,1000.0,0.09077886492013931,0.011362450197339058,0.07938278,0.5606363932291667,13.707959866523742,14350,0.01680704239018572,0.0047662788851691095,0.9876726865768433,0.2,5e-05
1084,7060,623,7655424,1453.78469792,1000.0,0.09072085469961166,-0.02376638725399971,0.1155032,0.6435953776041666,13.714808466037114,14360,0.017925220256923544,0.019069288147147746,0.9913411736488342,0.2,5e-05
1085,7060,624,7667712,1440.8320690899998,990.99,0.09064579755067825,0.0011780394706875086,0.07591751,0.5680745442708334,13.727885925769806,14370,0.020657345374153615,0.005070719748619013,0.9926339387893677,0.2,5e-05
1087,7061,625,7680000,1440.4401274499999,990.99,0.0905713215470314,0.10058429092168808,0.07123817,0.5749430338541667,13.74172186056773,14380,0.0028786723341909237,0.5397427035088185,0.9280778169631958,0.2,5e-05
1089,7061,626,7692288,1440.00525597,990.99,0.09055111557245255,0.05933314561843872,0.15831687,0.6549560546875,13.752264285087586,14390,0.017110027675516903,0.15338994603274234,0.7174171805381775,0.2,5e-05
1091,7061,627,7704576,1439.90398203,990.99,0.0904432162642479,0.011565458960831165,0.11032786,0.64599609375,13.759143807490666,14400,0.014872733951779082,0.01858455100931072,0.933323860168457,0.2,5e-05
1092,7061,628,7716864,1440.07308391,990.99,0.09037044644355774,-0.0072671459056437016,0.0932549,0.6263753255208333,13.769338323672612,14410,0.015896657789320066,0.017649931069172453,0.9709139466285706,0.2,5e-05
1094,7061,629,7729152,1439.6762021700001,990.99,0.09031756967306137,0.017189379781484604,0.08760039,0.5810872395833333,13.777843350172043,14420,0.018564178232918494,0.006153639867261518,0.9928547739982605,0.2,5e-05
1096,7062,630,7741440,1439.2354408200003,990.99,0.09025149792432785,0.017079783603549004,0.07939721,0.5676920572916667,13.788071922461192,14430,0.018908601256165034,0.0053784409537911415,0.9918995499610901,0.2,5e-05
1097,7062,631,7753728,1439.07430236,990.99,0.09024858474731445,0.04762841761112213,0.09633503,0.6034993489583333,13.796448103586833,14440,0.015601055877050385,0.012068598588424113,0.987255871295929,0.2,5e-05
1099,7062,632,7766016,1451.93473525,1000.0,0.09009341150522232,-0.0005048178136348724,0.104710884,0.6301839192708333,13.80680212577184,14450,0.016686459959601052,0.022271764942464262,0.9790590405464172,0.2,5e-05
1101,7063,633,7778304,1451.9616173800002,1000.0,0.09003537893295288,-0.02547784522175789,0.09958585,0.6271728515625,13.819741930564245,14460,0.018508087960071862,0.01758662528397205,0.9872100353240967,0.2,5e-05
1102,7063,634,7790592,1450.63614366,1000.0,0.08994898200035095,0.01113382913172245,0.09378185,0.5972412109375,13.830322529872259,14470,0.022105221423650314,0.00702733700745739,0.9949288368225098,0.2,5e-05
1104,7063,635,7802880,1450.7031694599998,1000.0,0.08991125226020813,0.0043233479373157024,0.08363733,0.5855061848958333,13.84024395942688,14480,0.023699833335801182,0.004914973208603139,0.99507075548172,0.2,5e-05
1106,7064,636,7815168,1451.09061113,1000.0,0.08989965170621872,-0.001618499867618084,0.06874418,0.5611002604166667,13.849762270847956,14490,0.015480814605446843,0.0050284034092328515,0.9961611032485962,0.2,5e-05
1107,7064,637,7827456,1450.8624720699997,1000.0,0.08977872133255005,0.01014121063053608,0.10199424,0.6162109375,13.860868767897289,14500,0.01972413231609001,0.008064802326164985,0.9945139288902283,0.2,5e-05
1109,7064,638,7839744,1451.0489045000002,1000.0,0.08978889137506485,0.043578892946243286,0.0865342,0.5713704427083334,13.868681476513546,14510,0.019418815080037653,0.0042588519582447285,0.9944128394126892,0.2,5e-05
1111,7064,639,7852032,1438.45928886,991.35,0.0897500142455101,-0.0015809694305062294,0.10644003,0.6101155598958333,13.866164050499599,14520,0.02278820382101306,0.011303592384016762,0.9902369379997253,0.2,5e-05
1113,7064,640,7864320,1438.8548589900001,991.35,0.089701808989048,0.04578889161348343,0.07401771,0.6133056640625,13.8690361003081,14530,0.003114952322842631,0.8397035646019504,0.8877182602882385,0.2,5e-05
1114,7065,641,7876608,1439.4778271900002,991.35,0.08973919600248337,-0.02272740565240383,0.11723558,0.6239827473958334,13.87461309035619,14540,0.03162280635927649,0.007514765664624671,0.9930201172828674,0.2,5e-05
1116,7065,642,7888896,1440.01463725,991.35,0.0896720215678215,0.0021869265474379063,0.08335781,0.6170328776041667,13.880385585625966,14550,0.020325062672782224,0.014244845639526223,0.9865094423294067,0.2,5e-05
1118,7065,643,7901184,1425.98150573,982.36,0.08962631970643997,-0.010005914606153965,0.09550834,0.6164876302083333,13.88934475183487,14560,0.013736591727259414,0.03203519105736632,0.919625997543335,0.2,5e-05
1119,7066,644,7913472,1425.4796350499998,982.36,0.08957510441541672,0.5857939124107361,0.08855299,0.6237874348958333,13.893289683262507,14570,0.011264579747391205,0.6894508481724188,0.9222341775894165,0.2,5e-05
1121,7066,645,7925760,1425.78041517,982.36,0.08954125642776489,0.0133049376308918,0.13352115,0.6414469401041667,13.895887710650761,14580,0.018037724532769063,0.019466850985190833,0.9499041438102722,0.2,5e-05
1123,7066,646,7938048,1424.99153574,982.36,0.08954322338104248,0.010611796751618385,0.11339235,0.62666015625,13.899751357237498,14590,0.017514694265507082,0.020945593552702726,0.9662644863128662,0.2,5e-05
1125,7066,647,7950336,1437.7639047199998,991.01,0.08961024880409241,0.017888102680444717,0.12962289,0.6629557291666667,13.893396802743275,14600,0.01499487182009034,0.019842782990114452,0.9799716472625732,0.2,5e-05
1126,7066,648,7962624,1436.8942539199998,991.01,0.08962570875883102,-0.00037636375054717064,0.13550405,0.6515462239583333,13.88898330728213,14610,0.018031900862115435,0.01574152761604637,0.9829632043838501,0.2,5e-05
1128,7067,649,7974912,1423.3518796199999,981.74,0.08948332071304321,0.010879604145884514,0.08054874,0.5739339192708334,13.895189515749614,14620,0.017677842427413756,0.010165930647053756,0.9907329678535461,0.2,5e-05
1130,7067,650,7987200,1423.8137369899998,981.74,0.08943181484937668,0.031423263251781464,0.07915225,0.58955078125,13.903888169924418,14630,0.008354305197523596,0.6409537390708768,0.9178116917610168,0.2,5e-05
1131,7067,651,7999488,1437.5380404799998,990.73,0.0894203707575798,0.04446715861558914,0.28395423,0.7042724609375,13.906588192780813,14640,0.026477172888310935,0.042635029352580504,0.8441827297210693,0.2,5e-05
1133,7068,652,8011776,1437.2063108,990.73,0.08949819207191467,0.0018698135390877724,0.12926273,0.6487548828125,13.895011250178019,14650,0.016222802930375715,0.029297147759158784,0.9617335796356201,0.2,5e-05
1135,7068,653,8024064,1438.2560979099999,990.73,0.08943420648574829,0.023365838453173637,0.0912281,0.577001953125,13.891221060355504,14660,0.01937106129626045,0.007104221283710407,0.9821933507919312,0.2,5e-05
1136,7068,654,8036352,1425.4280892299998,981.79,0.08933372050523758,0.03202757611870766,0.0731431,0.5756510416666667,13.904755369822185,14670,0.01697172259882791,0.006312925316645609,0.9810522794723511,0.2,5e-05
1138,7068,655,8048640,1426.2854698300005,981.79,0.08921736478805542,-0.006796328350901604,0.07814662,0.5736735026041667,13.917433345317841,14680,0.002516473122523166,0.4322955448316255,0.931857705116272,0.2,5e-05
1140,7069,656,8060928,1426.8887339,981.79,0.0891723707318306,-0.0037257843650877476,0.13129538,0.690673828125,13.928466830650965,14690,0.02609600998427292,0.03481657910451759,0.9372605085372925,0.2,5e-05
1141,7069,657,8073216,1440.2348385599998,991.06,0.08908996731042862,0.013187672011554241,0.10459906,0.6277587890625,13.932039123773574,14700,0.019073870769837718,0.013737263266618054,0.9771133065223694,0.2,5e-05
1143,7069,658,8085504,1439.9484461499999,991.06,0.08907341957092285,0.0020305421203374863,0.088035785,0.6109375,13.93616319100062,14710,0.018652259574931426,0.01656371040638381,0.9722371101379395,0.2,5e-05
1145,7069,659,8097792,1440.7110529499998,991.06,0.08906000852584839,0.026471054181456566,0.09417614,0.5940022786458333,13.942057812213898,14720,0.016857926334341754,0.007215007012806988,0.9862046241760254,0.2,5e-05
1147,7069,660,8110080,1440.79368207,991.06,0.08906706422567368,0.000828456599265337,0.09481593,0.6038248697916667,13.942145506540934,14730,0.016873452161235036,0.017878846063589058,0.9858795404434204,0.2,5e-05
1148,7069,661,8122368,1439.6909480199997,991.06,0.0890229344367981,0.021253155544400215,0.10267355,0.6121988932291667,13.939217205842336,14740,0.019651775082456878,0.012367917968852756,0.9910579323768616,0.2,5e-05
1150,7069,662,8134656,1452.3434773099998,1000.0,0.0890607237815857,0.011909833177924156,0.08570182,0.5859619140625,13.934645507733027,14750,0.016059764787981597,0.007941748191660736,0.9922130703926086,0.2,5e-05
1152,7070,663,8146944,1451.9823044499997,1000.0,0.08900731801986694,0.022346390411257744,0.08546007,0.6095784505208334,13.939140752951305,14760,0.01763978276673394,0.009968123044624614,0.9764261841773987,0.2,5e-05
1154,7069,664,8159232,1448.4732027199998,997.72,0.08901647478342056,0.03797994554042816,0.1078867,0.6244384765625,13.943309948841732,14770,0.020009659598387467,0.009366245759883896,0.9908007383346558,0.2,5e-05
1155,7069,665,8171520,1447.67682042,997.72,0.08885230869054794,0.004563421010971069,0.0746992,0.5581949869791667,13.954426525036494,14780,-0.0028313641843851654,0.1776986656206039,0.9247751235961914,0.2,5e-05
1157,7069,666,8183808,1447.39470953,997.72,0.0888628363609314,0.07979613542556763,0.10147673,0.6209635416666667,13.97375123500824,14790,0.02694254858700636,0.020002794062990385,0.9853233098983765,0.2,5e-05
1159,7070,667,8196096,1446.6557270999997,997.72,0.0889098048210144,0.019785452634096146,0.15524255,0.6831705729166667,13.9703948199749,14800,0.028494523165621406,0.053065054611458135,0.9635339975357056,0.2,5e-05
1160,7070,668,8208384,1447.1226093600003,997.72,0.08884158730506897,0.030340025201439857,0.1014904,0.5945231119791666,13.974947392940521,14810,0.017556617343992307,0.0074651776065972324,0.9931749701499939,0.2,5e-05
1162,7070,669,8220672,1437.0852859000004,991.62,0.08882049471139908,0.026231124997138977,0.112896405,0.64208984375,13.980458796024323,14820,0.025007081519288477,0.022712199270608836,0.9673382639884949,0.2,5e-05
1164,7070,670,8232960,1436.7062442200006,991.62,0.08869993686676025,0.0059479838237166405,0.065849625,0.5618815104166667,13.994221953550975,14830,0.006316179885470774,0.08819890243660969,0.9639001488685608,0.2,5e-05
1166,7070,671,8245248,1435.69413452,991.62,0.08870688825845718,0.0005568745546042919,0.08821124,0.6122314453125,14.006549682219823,14840,0.02103715975342008,0.0160180649952963,0.9923824071884155,0.2,5e-05
1167,7071,672,8257536,1439.9271919399994,993.9,0.08872465044260025,0.034497298300266266,0.12122876,0.6333089192708333,14.005369154612223,14850,0.029492929729652437,0.015483843100567659,0.9879693388938904,0.2,5e-05
1169,7071,673,8269824,1440.86781476,993.9,0.08871928602457047,-0.00592554546892643,0.08698266,0.5794921875,14.006358176469803,14860,0.014011521619007301,0.007780913685564883,0.9910756349563599,0.2,5e-05
1171,7071,674,8282112,1440.83261306,993.9,0.08870180696249008,0.009267311543226242,0.09651756,0.5864908854166667,14.01670226852099,14870,0.01698691808269359,0.010028758327825927,0.9937892556190491,0.2,5e-05
1172,7071,675,8294400,1441.23397677,993.9,0.0885215774178505,0.019885888323187828,0.09311691,0.6033528645833334,14.034630195299785,14880,0.022236684607438897,0.011406524280513015,0.9891586303710938,0.2,5e-05
1174,7071,676,8306688,1440.42943367,993.9,0.08846216648817062,0.011784059926867485,0.09901158,0.6220947265625,14.053384764989216,14890,0.014220920910884161,0.0368824457245258,0.9536709189414978,0.2,5e-05
1176,7071,677,8318976,1451.02083973,1000.0,0.0884212777018547,0.0038569122552871704,0.11063861,0.6384195963541667,14.05772362947464,14900,0.024478124074812514,0.014469749429069149,0.9885712265968323,0.2,5e-05
1178,7072,678,8331264,1450.5175900399997,1000.0,0.08826026320457458,0.01902928575873375,0.11523831,0.6327473958333333,14.068249507745106,14910,0.009819647694045367,0.08174313121320059,0.83678138256073,0.2,5e-05
1179,7072,679,8343552,1451.2386442299996,1000.0,0.08816563338041306,0.017675593495368958,0.1007249,0.5906005859375,14.085353881120682,14920,0.022792668859862412,0.009790519320813474,0.9857468605041504,0.2,5e-05
1181,7072,680,8355840,1452.01451879,1000.0,0.08820673823356628,0.013613026589155197,0.11474734,0.6243082682291666,14.091808478037516,14930,0.017059029222097403,0.010499703067762312,0.9863533973693848,0.2,5e-05
1183,7072,681,8368128,1451.3034629399997,1000.0,0.0881412997841835,0.023143846541643143,0.09769643,0.629638671875,14.091762336095174,14940,0.0204170676554592,0.010687449589022435,0.9899060130119324,0.2,5e-05
1184,7072,682,8380416,1451.5133802100004,1000.0,0.08817038685083389,0.019979428499937057,0.09775999,0.6214274088541667,14.096620229880015,14950,0.01830713382854204,0.010949613246096609,0.9909240007400513,0.2,5e-05
1186,7072,683,8392704,1450.6031504199998,1000.0,0.08812061697244644,0.02000032551586628,0.100021444,0.6130289713541667,14.103824333349865,14960,0.017488208101713098,0.013382811492192559,0.9896226525306702,0.2,5e-05
1188,7073,684,8404992,1451.22988724,1000.0,0.08814211934804916,0.059794194996356964,0.07956038,0.57021484375,14.111869911352793,14970,0.017932542001168863,0.006469348084647208,0.9930130839347839,0.2,5e-05
1189,7073,685,8417280,1452.1227944099999,1000.0,0.08818187564611435,-0.014779641292989254,0.083231255,0.5928629557291667,14.11160642504692,14980,0.019250447570811957,0.006205644887328768,0.9911938309669495,0.2,5e-05
1191,7073,686,8429568,1453.1886006500001,1000.0,0.0881095826625824,0.043654777109622955,0.0836885,0.58046875,14.118712737162907,14990,0.020807635693927296,0.004697792636579834,0.9951821565628052,0.2,5e-05
1193,7073,687,8441856,1453.3618593400001,1000.0,0.08803999423980713,0.00913428794592619,0.08290629,0.5716389973958333,14.133525427182516,15000,0.014894350550700134,0.006093222757529778,0.9934072494506836,0.2,5e-05
1195,7074,688,8454144,1452.2875196199998,1000.0,0.08794073015451431,-0.009910515509545803,0.103115045,0.6263997395833333,14.147544129689534,15010,0.019130591019347776,0.009813513050418502,0.9943289756774902,0.2,5e-05
1196,7074,689,8466432,1453.3077865800003,1000.0,0.0878196731209755,0.0009177764877676964,0.09880796,0.5798258463541667,14.158688217401505,15020,0.02044674636660299,0.004732189859593442,0.9943986535072327,0.2,5e-05
1198,7074,690,8478720,1453.8018373400002,1000.0,0.08782371133565903,0.01090913824737072,0.09229392,0.6044270833333333,14.160404751698175,15030,0.015031391942466143,0.008611150010256096,0.9933531284332275,0.2,5e-05
1200,7074,691,8491008,1453.4909155500002,1000.0,0.08777248114347458,0.003757928963750601,0.10266147,0.6255289713541666,14.163952751954396,15040,0.02170530685301249,0.009365567459220377,0.99428391456604,0.2,5e-05
1201,7074,692,8503296,1452.33407391,1000.0,0.08776328712701797,0.019170431420207024,0.08283391,0.6049723307291667,14.163315081596375,15050,0.017935018075513655,0.00808301349801089,0.9943298101425171,0.2,5e-05
1203,7075,693,8515584,1451.7105682499998,1000.0,0.0876818597316742,-0.004515495616942644,0.104169786,0.6107828776041667,14.167879678805669,15060,0.02193596805736888,0.010577353006616856,0.9942097663879395,0.2,5e-05
1205,7074,694,8527872,1451.5503349000003,1000.0,0.08766166120767593,0.003918512724339962,0.09963525,0.6433512369791666,14.169800718625387,15070,0.014885290585516487,0.02213042913742053,0.9602426886558533,0.2,5e-05
1207,7075,695,8540160,1450.8073231000003,1000.0,0.08761114627122879,-0.012913770973682404,0.108632624,0.6276448567708334,14.177713340520858,15080,0.022341904161536755,0.014476901877787895,0.9922420382499695,0.2,5e-05
1208,7075,696,8552448,1451.1289621799997,1000.0,0.08753419667482376,0.029633039608597755,0.090050645,0.5985432942708333,14.18967804312706,15090,0.021795477419315527,0.0063878722018368235,0.9929813742637634,0.2,5e-05
1210,7075,697,8564736,1436.2730105300004,990.86,0.08743629604578018,0.024330152198672295,0.11403912,0.6673177083333334,14.19522030154864,15100,0.02111039398199258,0.02267262474827779,0.9890360832214355,0.2,5e-05
1212,7075,698,8577024,1436.18534434,990.86,0.08737003803253174,0.30635619163513184,0.09354758,0.5986490885416667,14.19577506184578,15110,0.009171579871326685,0.9989582248711183,0.8984498977661133,0.2,5e-05
1213,7075,699,8589312,1436.7094333700004,990.86,0.08747097104787827,0.05193084478378296,0.12692441,0.6653971354166667,14.20076387723287,15120,0.032287877143244256,0.016228697636688594,0.9828716516494751,0.2,5e-05
1215,7075,700,8601600,1437.2546670599997,990.86,0.08752709627151489,0.030312567949295044,0.108227275,0.6146402994791667,14.197382976611456,15130,0.0209159667128309,0.0168039102582649,0.9839032888412476,0.2,5e-05
1217,7075,701,8613888,1437.5507374299996,990.86,0.08754680305719376,0.048750899732112885,0.1174617,0.6172932942708333,14.198838810125986,15140,0.02439371543005109,0.009658575191375954,0.9921640157699585,0.2,5e-05
1219,7075,702,8626176,1437.0013739699996,990.86,0.08735549449920654,-0.018877645954489708,0.10196344,0.6118896484375,14.208859380086263,15150,0.01751544217307431,0.010117894156913583,0.987872302532196,0.2,5e-05
1220,7075,703,8638464,1438.2634593699997,990.86,0.08728363364934921,0.009376791305840015,0.08572904,0.5819661458333333,14.225558682282765,15160,0.022121068965740658,0.0063578677790549895,0.9851682186126709,0.2,5e-05
1222,7075,704,8650752,1425.9920607899999,982.87,0.08716093748807907,-0.0032866820693016052,0.07373727,0.5941324869791667,14.234732657670975,15170,0.023634943749251156,0.009589343512197956,0.9830998182296753,0.2,5e-05
1224,7076,705,8663040,1440.8053497100002,992.01,0.08700258284807205,0.03241194784641266,0.07160958,0.5823567708333334,14.244340578715006,15180,0.004696104368000912,0.28715108733158556,0.9143276214599609,0.2,5e-05
1225,7076,706,8675328,1437.3889626300006,989.84,0.08694043755531311,0.02705901488661766,0.0922268,0.6292887369791667,14.268019356330235,15190,0.020137219977914355,0.016075505308496454,0.966581404209137,0.2,5e-05
1227,7076,707,8687616,1436.8757100899998,989.84,0.08696562796831131,0.05790691450238228,0.09704587,0.5929850260416667,14.269930237531662,15200,0.007416667512734421,0.22255185360554605,0.9610354900360107,0.2,5e-05
1229,7076,708,8699904,1422.0520493799997,980.66,0.08693238347768784,0.025324827060103416,0.1088365,0.6570638020833334,14.272368321816126,15210,0.014914067497496337,0.02798900248502226,0.9688100218772888,0.2,5e-05
1231,7077,709,8712192,1422.1299278099998,980.66,0.08693346381187439,0.10691439360380173,0.2605914,0.7281412760416667,14.272204577922821,15220,0.016446914692642166,1.3332781956686328,0.8776615858078003,0.2,5e-05
1232,7077,710,8724480,1408.1436798900002,971.47,0.08699177950620651,0.031107645481824875,0.11344155,0.6219401041666667,14.26822333931923,15230,0.0178475223845453,0.038927548890933396,0.9540517926216125,0.2,5e-05
1234,7077,711,8736768,1409.0820243600006,971.47,0.08694805949926376,3.2737388610839844,0.084990144,0.6282796223958333,14.266629793246587,15240,0.010662235414686923,2.015867162049593,0.9459607005119324,0.2,5e-05
1236,7077,712,8749056,1420.6519575700001,979.46,0.087067149579525,0.008209854364395142,0.17271543,0.710107421875,14.257098207871119,15250,0.026119499251944945,0.07263193834999887,0.8882383108139038,0.2,5e-05
1237,7078,713,8761344,1420.5783639900003,979.46,0.08716607093811035,0.004018639679998159,0.12767535,0.6503499348958334,14.237359766165415,15260,0.019257790840492818,0.02500443553629642,0.9500378370285034,0.2,5e-05
1239,7078,714,8773632,1423.4543059899997,981.63,0.0872349739074707,-0.007199951913207769,0.107026756,0.6278401692708333,14.227905279397964,15270,0.018029683272955784,0.019143889206073558,0.9762119054794312,0.2,5e-05
1241,7078,715,8785920,1424.4026242700002,981.63,0.0870814397931099,0.008190596476197243,0.08717155,0.5861409505208334,14.225141368309657,15280,0.01397533434452877,0.01118167825237227,0.9882170557975769,0.2,5e-05
1242,7079,716,8798208,1439.4834921100003,990.81,0.08708373457193375,0.01029167976230383,0.070027865,0.5751220703125,14.227475208044051,15290,0.019463540683015406,0.008065415102464613,0.9916094541549683,0.2,5e-05
1244,7079,717,8810496,1439.24105755,990.81,0.08719756454229355,0.013375104404985905,0.11338832,0.6436116536458333,14.226457037528355,15300,0.025006617154576815,0.013009376354360332,0.9917547106742859,0.2,5e-05
1246,7079,718,8822784,1453.2426656499997,1000.0,0.08713539689779282,-0.0003306744620203972,0.097239256,0.6162679036458333,14.225218882163366,15310,0.01774990422757886,0.01485911406634841,0.9722714424133301,0.2,5e-05
1247,7079,719,8835072,1451.6212691099997,1000.0,0.0869840607047081,-0.008569338358938694,0.093646325,0.6234700520833333,14.237438291311264,15320,0.029872057984175627,0.013166837538786542,0.9870908856391907,0.2,5e-05
1249,7079,720,8847360,1451.9246295299997,1000.0,0.08696926385164261,0.021954616531729698,0.10191784,0.6055013020833333,14.24548922777176,15330,0.01794899989715001,0.011663384248580162,0.9885412454605103,0.2,5e-05
1251,7079,721,8859648,1451.67319655,1000.0,0.0869096890091896,0.02005915530025959,0.08603704,0.5846028645833333,14.249785093466441,15340,0.01872808068001177,0.008167495442709576,0.9929851293563843,0.2,5e-05
1253,7079,722,8871936,1452.4033296899997,1000.0,0.08680162578821182,-0.0010091308504343033,0.07946689,0.5737467447916667,14.26292627453804,15350,0.01687604005273897,0.005379252817753392,0.9900941848754883,0.2,5e-05
1254,7079,723,8884224,1452.594227,1000.0,0.08670976758003235,0.015214135870337486,0.08622289,0.5752522786458333,14.273770344257354,15360,0.014073995484553355,0.006991332729618686,0.9871541857719421,0.2,5e-05
1256,7079,724,8896512,1447.33634308,996.34,0.08666155487298965,0.016034020110964775,0.08325246,0.5910725911458333,14.281899483998616,15370,0.024017635967660076,0.005163133773506464,0.9910370707511902,0.2,5e-05
1258,7079,725,8908800,1437.7220211899999,989.71,0.0866585373878479,0.011112632229924202,0.08375114,0.5918050130208333,14.28449974656105,15380,0.006998193284865313,0.16142626373718183,0.9627898931503296,0.2,5e-05
1260,7078,726,8921088,1437.7380898300003,989.71,0.08664283901453018,0.3758513927459717,0.15504368,0.6602294921875,14.288947862386703,15390,0.020264846709324047,0.502281633981814,0.9671149253845215,0.2,5e-05
1262,7078,727,8933376,1437.9078072500006,989.71,0.0865715742111206,0.0396505743265152,0.11382129,0.6281982421875,14.291700079043705,15400,0.025012758646820052,0.021033767749516603,0.9868082404136658,0.2,5e-05
1263,7078,728,8945664,1438.7507890400002,989.71,0.08651841431856155,0.03465621918439865,0.10890468,0.6161946614583333,14.293553737799327,15410,0.02817631772001429,0.0152182983244226,0.9842679500579834,0.2,5e-05
1265,7077,729,8957952,1439.4891454600001,989.71,0.0862572193145752,0.03385283052921295,0.07826832,0.5759195963541667,14.309875065088272,15420,0.01725743284538718,0.010115385175352761,0.9855538606643677,0.2,5e-05
1267,7077,730,8970240,1429.0145353,983.19,0.08623891323804855,0.06962257623672485,0.124279864,0.6884440104166667,14.320459403594334,15430,0.025102201571765667,0.9588891663588583,0.9562955498695374,0.2,5e-05
1269,7077,731,8982528,1427.7952729499998,983.19,0.08622010797262192,0.22857901453971863,0.20028013,0.7481363932291667,14.31669432123502,15440,0.03347120354010258,0.5637486745448163,0.9650757312774658,0.2,5e-05
1270,7077,732,8994816,1432.3751147500004,986.85,0.08626721054315567,0.1155553013086319,0.1270131,0.648583984375,14.316381798187892,15450,0.02937442552065477,0.2255387444747612,0.9297325015068054,0.2,5e-05
1272,7076,733,9007104,1442.41842367,993.48,0.08628249913454056,0.053069405257701874,0.10641512,0.6162190755208333,14.31390370329221,15460,0.023266366575262508,0.050203527347184716,0.9632266759872437,0.2,5e-05
1274,7076,734,9019392,1442.8357223800003,993.48,0.08623506873846054,0.014972440898418427,0.08831108,0.6050862630208333,14.316692185401916,15470,0.023969872756667124,0.02141427989699878,0.9810158014297485,0.2,5e-05
1276,7076,735,9031680,1443.5820629799998,993.48,0.08614016324281693,0.04595135524868965,0.10243025,0.6111735026041667,14.327322041988372,15480,0.021284865996373508,0.013304210420271072,0.9846978187561035,0.2,5e-05
1278,7076,736,9043968,1443.1937932800001,993.48,0.08613809198141098,-0.023874623700976372,0.09798771,0.6106689453125,14.33653964996338,15490,0.024171202939760404,0.008238801591020698,0.9869912266731262,0.2,5e-05
1279,7076,737,9056256,1443.53091681,993.48,0.08598185330629349,0.034317806363105774,0.092188865,0.6077718098958333,14.348321704069773,15500,0.019327886789202844,0.013163660581146057,0.9767374396324158,0.2,5e-05
1281,7075,738,9068544,1452.54527156,1000.0,0.085926853120327,0.00934712402522564,0.10793514,0.6348714192708333,14.359880004326502,15510,0.01911303165203814,0.024979526784348612,0.975998044013977,0.2,5e-05
1283,7073,739,9080832,1453.1364095099998,1000.0,0.08586151152849197,-0.004510659724473953,0.096144654,0.6200276692708333,14.362510442733765,15520,0.01896069674548926,0.010185699624707922,0.9884192943572998,0.2,5e-05
1285,7072,740,9093120,1453.0551619199996,1000.0,0.08586277812719345,-0.007035193033516407,0.10246841,0.6444580078125,14.366839857896169,15530,0.02353228857148982,0.01266434881351112,0.9904531240463257,0.2,5e-05
1287,7072,741,9105408,1453.58897529,1000.0,0.08592688292264938,0.01706557534635067,0.09493502,0.5793212890625,14.3682035724322,15540,0.022099359010947714,0.008296225554173968,0.9881258606910706,0.2,5e-05
1289,7072,742,9117696,1452.96878264,1000.0,0.08583137392997742,0.023489512503147125,0.090320885,0.61328125,14.37308539946874,15550,0.021712034618879748,0.010804624622687697,0.9943946003913879,0.2,5e-05
1290,7072,743,9129984,1452.0951565000003,1000.0,0.0857708677649498,-0.0080224284902215,0.11710694,0.6244222005208333,14.377646072705586,15560,0.02308818021022792,0.01225800944569831,0.9918656945228577,0.2,5e-05
1292,7072,744,9142272,1452.33762214,1000.0,0.08568669110536575,0.023579388856887817,0.11253566,0.6217366536458333,14.382582624753317,15570,0.020306203770451246,0.009823730513259459,0.9876158237457275,0.2,5e-05
1294,7072,745,9154560,1452.4735530300002,1000.0,0.08554782718420029,0.004906210117042065,0.07366022,0.5686360677083333,14.394173137346904,15580,0.016152118474565214,0.005158600067079533,0.9914620518684387,0.2,5e-05
1295,7073,746,9166848,1453.6525265299997,1000.0,0.0854586586356163,0.0518864281475544,0.08151624,0.567431640625,14.408679928382238,15590,0.020898986133397558,0.003506244450060573,0.992046058177948,0.2,5e-05
1297,7073,747,9179136,1443.49993422,992.78,0.08547159284353256,-0.008319190703332424,0.107333004,0.6043619791666667,14.41380753715833,15600,0.026895784404769075,0.004620862879770963,0.990013062953949,0.2,5e-05
1299,7073,748,9191424,1443.3120043799997,992.78,0.08542834967374802,-0.004284681752324104,0.09254718,0.5992106119791667,14.412839017311732,15610,0.00401421580609167,0.10489209755323828,0.970237135887146,0.2,5e-05
1301,7074,749,9203712,1443.89274933,992.78,0.08545850962400436,0.02422078140079975,0.08909851,0.612060546875,14.412489748001098,15620,0.02586817868432263,0.01108061983444107,0.9808174967765808,0.2,5e-05
1302,7074,750,9216000,1444.6969346399999,992.78,0.08543213456869125,0.034039970487356186,0.18131876,0.7031656901041666,14.405883485078812,15630,0.028157882355541612,0.029727310196418937,0.9609867930412292,0.2,5e-05
1304,7074,751,9228288,1444.8895866600003,992.78,0.0853506550192833,0.03626802936196327,0.13480498,0.6633056640625,14.407854725917181,15640,0.02306378432015966,0.02401183913946928,0.990236222743988,0.2,5e-05
1306,7074,752,9240576,1444.6904263299998,992.78,0.08530453592538834,0.0015716778580099344,0.10336995,0.613671875,14.414774811267852,15650,0.023847578115722474,0.01091867742361501,0.9904119968414307,0.2,5e-05
1307,7075,753,9252864,1444.19012247,992.78,0.08526400476694107,0.0050420742481946945,0.10966455,0.6387125651041666,14.420593623320261,15660,0.02494642317178659,0.029294848554612448,0.9858242273330688,0.2,5e-05
1309,7075,754,9265152,1443.0545454200003,992.78,0.08523327112197876,0.025211788713932037,0.09543387,0.6013753255208333,14.422506187359492,15670,0.01768807540065609,0.011748161819802287,0.9879473447799683,0.2,5e-05
1311,7075,755,9277440,1452.7907647599998,1000.0,0.08534952998161316,0.04369606822729111,0.14550993,0.6691162109375,14.416258734464645,15680,0.026291915526477774,0.020769129968054283,0.9867081642150879,0.2,5e-05
1312,7075,756,9289728,1439.3900827000002,990.82,0.08530978113412857,0.03557939827442169,0.093930304,0.6017659505208334,14.410470666488012,15690,0.02141488296232031,0.010641048468338946,0.9915183782577515,0.2,5e-05
1314,7075,757,9302016,1437.14794141,990.82,0.0852539911866188,0.06134500354528427,0.090450026,0.6518798828125,14.413506454229355,15700,0.009199847831041552,0.8082830963190645,0.9192904829978943,0.2,5e-05
1316,7076,758,9314304,1436.4760024799998,990.82,0.08522587269544601,0.002665785141289234,0.122236945,0.628857421875,14.418925601243973,15710,0.019768615400244015,0.029105297130687782,0.9418344497680664,0.2,5e-05
1317,7076,759,9326592,1436.153453,990.82,0.08513835817575455,0.05785438045859337,0.09506222,0.6203125,14.424097754557927,15720,0.027512685994346007,0.025677455983047062,0.973759114742279,0.2,5e-05
1319,7076,760,9338880,1435.53952219,990.82,0.08524647355079651,0.02551407180726528,0.102373786,0.640625,14.419512184460958,15730,0.01961479163292097,0.021069303977613647,0.9851480722427368,0.2,5e-05
1321,7077,761,9351168,1436.3185963300002,990.82,0.0852208137512207,0.006578201428055763,0.0864412,0.5792724609375,14.412753554185231,15740,0.019973633286038725,0.007515749878075439,0.9867426156997681,0.2,5e-05
1323,7077,762,9363456,1434.4318463099999,989.42,0.08516377210617065,-0.00925346091389656,0.07065352,0.557080078125,14.41469903389613,15750,0.01845802378084045,0.006066946453938726,0.9866332411766052,0.2,5e-05
1324,7077,763,9375744,1434.5174964799996,989.42,0.08503685146570206,0.014009707607328892,0.13006853,0.5999186197916667,14.418194230397543,15760,0.0050728397036436945,0.060227273491909726,0.9815382957458496,0.2,5e-05
1326,7077,764,9388032,1447.3283730200005,998.6,0.08496934920549393,0.016395941376686096,0.10108141,0.60087890625,14.431524481376012,15770,0.022773403409519232,0.011708026533597149,0.9946825504302979,0.2,5e-05
1328,7078,765,9400320,1448.5674975499996,998.6,0.0849665105342865,0.02793346717953682,0.11726502,0.6578776041666666,14.433750532070796,15780,0.027772433476153918,0.0162875163902451,0.9887008666992188,0.2,5e-05
1329,7078,766,9412608,1447.94836805,998.6,0.08486121892929077,0.027288686484098434,0.16960876,0.6748372395833333,14.442162624994914,15790,0.01936084903863957,0.05775893948157318,0.9737009406089783,0.2,5e-05
1331,7078,767,9424896,1447.2217493599999,998.6,0.08486530929803848,0.0060514481738209724,0.115141846,0.6117757161458334,14.448195644219716,15800,0.02493153764420034,0.015257529425434768,0.9938379526138306,0.2,5e-05
1333,7078,768,9437184,1447.97892789,998.6,0.08480890840291977,0.0384090393781662,0.08460448,0.6002115885416667,14.448289428154627,15810,0.02189696759742219,0.01447233095241245,0.9862655997276306,0.2,5e-05
1334,7079,769,9449472,1447.64828337,998.6,0.08480372279882431,0.013605531305074692,0.075844474,0.5557779947916667,14.446838496128718,15820,0.020648799375097344,0.006877376110060141,0.9919493198394775,0.2,5e-05
1336,7079,770,9461760,1448.82597817,1000.0,0.08471391350030899,0.008625777438282967,0.08711975,0.5850748697916667,14.451698905229568,15830,0.02249482784148616,0.007631164587413271,0.9944123029708862,0.2,5e-05
1338,7079,771,9474048,1429.2177406500005,986.94,0.08469367772340775,0.013745163567364216,0.08112567,0.583349609375,14.461202243963877,15840,0.019156363172320803,0.007712099334942953,0.9912664890289307,0.2,5e-05
1339,7079,772,9486336,1419.36435512,979.88,0.0845210924744606,-0.006919505540281534,0.1326648,0.583984375,14.475570942958196,15850,0.003617828454783497,0.2199621752583577,0.9368023872375488,0.2,5e-05
1341,7080,773,9498624,1418.75446066,979.88,0.08450566977262497,0.048002153635025024,0.09849193,0.6697102864583333,14.487706251939137,15860,0.015246468583063688,0.34285952501619854,0.9783937335014343,0.2,5e-05
1343,7080,774,9510912,1419.20035825,979.88,0.08442550897598267,0.028284501284360886,0.10024036,0.6397542317708333,14.490327773491542,15870,0.021000446716789155,0.03128121045301668,0.9490683078765869,0.2,5e-05
1344,7080,775,9523200,1420.0246013200003,979.88,0.08434734493494034,0.024908412247896194,0.1670068,0.7128173828125,14.4955743988355,15880,0.036863527430978135,0.062170640503366785,0.9002775549888611,0.2,5e-05
1346,7080,776,9535488,1408.69567091,972.56,0.08439318090677261,0.016523832455277443,0.09846466,0.601123046875,14.492620064814885,15890,0.016982643325657895,0.016378907853504644,0.9798429608345032,0.2,5e-05
1348,7081,777,9547776,1408.50730452,972.56,0.08450981229543686,0.13888128101825714,0.1416474,0.6515462239583333,14.484140314658482,15900,0.02256682829077666,0.5497323411749676,0.9497451782226562,0.2,5e-05
1350,7081,778,9560064,1408.5110399700002,972.56,0.08453714102506638,0.01667231321334839,0.12361121,0.6153076171875,14.479154233137766,15910,0.015722844418147967,0.021361250776681117,0.973778486251831,0.2,5e-05
1351,7081,779,9572352,1429.3672379900004,985.62,0.08455896377563477,0.01197114959359169,0.12837787,0.6348388671875,14.478016599019368,15920,0.024721671353715162,0.019443324629294996,0.9149565696716309,0.2,5e-05
1353,7081,780,9584640,1426.49726319,983.42,0.08455663919448853,0.5067353844642639,0.06764239,0.5604899088541667,14.473769448200862,15930,0.00673401023959741,1.259874341066461,0.8874924182891846,0.2,5e-05
1355,7082,781,9596928,1427.1487504499999,983.42,0.08451168984174728,0.13569511473178864,0.13817506,0.6686116536458333,14.46687275369962,15940,0.02076674310034529,0.1978122050136638,0.9470645189285278,0.2,5e-05
1356,7082,782,9609216,1428.18563499,983.42,0.08449340611696243,0.037098705768585205,0.10930491,0.6123860677083334,14.462482235829036,15950,0.026623822373706692,0.02335240682004951,0.9663438200950623,0.2,5e-05
1358,7082,783,9621504,1428.1794688300004,983.42,0.08452930301427841,0.059818025678396225,0.13344747,0.6495849609375,14.459298566977184,15960,0.023510384485901644,0.0347844375607868,0.9666619300842285,0.2,5e-05
1360,7082,784,9633792,1440.1986158900002,990.74,0.08445996046066284,0.02722657471895218,0.11275894,0.597412109375,14.462058734893798,15970,0.020734146675871066,0.01304426404822152,0.975986123085022,0.2,5e-05
1361,7083,785,9646080,1429.7407213400004,983.95,0.08445342630147934,0.011338389478623867,0.10700073,0.5897054036458333,14.463758891820907,15980,0.014774418541734727,0.016684544469656733,0.9804593920707703,0.2,5e-05
1363,7083,786,9658368,1418.62854139,976.77,0.08445747941732407,0.2214747965335846,0.083905645,0.5983154296875,14.460158576567968,15990,0.003573199243207152,0.2196432710508816,0.9650615453720093,0.2,5e-05
1365,7083,787,9670656,1418.26765789,976.77,0.0845138430595398,0.1439020037651062,0.17158121,0.7455647786458334,14.453944931427637,16000,0.036480610699557776,0.4641934318933636,0.9894154667854309,0.2,5e-05
1366,7083,788,9682944,1432.3295127499996,986.03,0.08443749696016312,0.1471920609474182,0.19034111,0.7027018229166667,14.443212062120438,16010,0.033594924262918845,0.20918802052425842,0.7454678416252136,0.2,5e-05
1368,7083,789,9695232,1432.4905709099999,986.03,0.08436401933431625,0.05059689283370972,0.10054041,0.6193440755208334,14.44575514793396,16020,0.022067758583580142,0.052519030325735606,0.9481517672538757,0.2,5e-05
1370,7084,790,9707520,1430.3687915099997,986.03,0.08443012088537216,0.014644460752606392,0.14302383,0.6561360677083333,14.44668493270874,16030,0.02426265921094455,0.03341250556792753,0.9835150241851807,0.2,5e-05
1371,7084,791,9719808,1430.50494548,986.03,0.08441206067800522,-0.014186608605086803,0.096729726,0.6250569661458333,14.441383937994638,16040,0.01808419902311774,0.038022643259804076,0.9592840671539307,0.2,5e-05
1373,7084,792,9732096,1430.0278370400001,986.03,0.08449357748031616,-0.0019421689212322235,0.08117418,0.6183756510416667,14.43634957075119,16050,0.01872680524150686,0.026051393682913235,0.9614831805229187,0.2,5e-05
1375,7084,793,9744384,1440.1558558100003,992.82,0.08440068364143372,0.013008760288357735,0.093659095,0.6181477864583333,14.44027995467186,16060,0.023208223158144393,0.01886129659930399,0.9768779277801514,0.2,5e-05
1377,7085,794,9756672,1450.69728395,1000.0,0.08439787477254868,0.03718790039420128,0.10492606,0.5967936197916667,14.449727380275727,16070,0.01988206821066948,0.015121195057872683,0.9880260825157166,0.2,5e-05
1378,7085,795,9768960,1450.9853929,1000.0,0.08430421352386475,0.034631624817848206,0.09945625,0.6187662760416667,14.455030065774917,16080,0.02264518749191969,0.019725874640668432,0.9718327522277832,0.2,5e-05
1380,7085,796,9781248,1451.15872601,1000.0,0.08423811197280884,0.027078960090875626,0.07858429,0.5669759114583334,14.465259144703547,16090,0.020974671090759026,0.011181334013235756,0.9801439642906189,0.2,5e-05
1382,7085,797,9793536,1451.4612093400003,1000.0,0.08421245962381363,0.02160985767841339,0.0849187,0.5802652994791667,14.472042634089787,16100,0.02464619316839768,0.00899208704843962,0.9680083394050598,0.2,5e-05
1383,7086,798,9805824,1452.9160384699999,1000.0,0.08414236456155777,0.00938071683049202,0.07844343,0.5763264973958333,14.474676531553268,16110,0.018175681098364295,0.010821895148061837,0.9890490770339966,0.2,5e-05
1385,7086,799,9818112,1444.3546732100003,994.7,0.0842026099562645,0.008869409561157227,0.09223459,0.6102457682291667,14.469296518961588,16120,0.01941162552878571,0.01967139243497513,0.9778341054916382,0.2,5e-05
1387,7086,800,9830400,1444.31495139,994.7,0.08414749056100845,0.013894420117139816,0.10783353,0.6030192057291667,14.464107964436213,16130,0.010041955783284115,0.1562535904018053,0.9590588808059692,0.2,5e-05
1388,7086,801,9842688,1443.78132604,994.7,0.08422106504440308,0.010841102339327335,0.2222117,0.7236979166666667,14.457612287998199,16140,0.023047282661961314,0.06825693536472197,0.8341028094291687,0.2,5e-05
1390,7086,802,9854976,1445.1667699899997,994.7,0.08433286100625992,0.32050976157188416,0.17078668,0.6987548828125,14.43924278418223,16150,0.024759322606162943,0.9009848952293396,0.8116024732589722,0.2,5e-05
1392,7087,803,9867264,1444.72307737,994.7,0.08425638824701309,-0.016382064670324326,0.10934756,0.6285481770833333,14.434977453947067,16160,0.028553262860805263,0.014041245225234889,0.9899579286575317,0.2,5e-05
1393,7087,804,9879552,1444.95927341,994.7,0.08422747254371643,0.01055263914167881,0.1393177,0.6659342447916666,14.441646927595139,16170,0.020521076747293896,0.02341857740054062,0.9544504284858704,0.2,5e-05
1395,7087,805,9891840,1443.40440781,994.7,0.08418358117341995,0.07239055633544922,0.13828897,0.6899332682291667,14.444090298811595,16180,0.023144727164617507,0.07921306020580232,0.9594010710716248,0.2,5e-05
1397,7088,806,9904128,1443.17223182,994.7,0.08426482230424881,0.03480449318885803,0.17777012,0.7056722005208333,14.436519594987233,16190,0.03680556987577196,0.04709009266225621,0.9768755435943604,0.2,5e-05
1398,7088,807,9916416,1451.66129767,1000.0,0.08428513258695602,0.008887393400073051,0.101213194,0.62236328125,14.424613358577092,16200,0.024299844731770767,0.01715775652555749,0.9853123426437378,0.2,5e-05
1400,7088,808,9928704,1451.7375995200002,1000.0,0.08426892757415771,0.026901714503765106,0.09545779,0.6020100911458334,14.425057111183802,16210,0.021410546987802568,0.011248965031700208,0.9885285496711731,0.2,5e-05
1402,7088,809,9940992,1452.4499093300003,1000.0,0.08415741473436356,-0.004082809202373028,0.07698941,0.5626546223958333,14.433402933677037,16220,0.013593038461112882,0.010386916660354472,0.9911404252052307,0.2,5e-05
1404,7089,810,9953280,1451.40913087,1000.0,0.08414437621831894,0.020794488489627838,0.097791046,0.6242106119791667,14.439727012316386,16230,0.026982519239148437,0.01766264307855939,0.9909382462501526,0.2,5e-05
1405,7088,811,9965568,1450.65708305,1000.0,0.0841478630900383,0.00863106269389391,0.09364077,0.5966471354166667,14.436106701691946,16240,0.023139708124896668,0.012345346603736592,0.9928421378135681,0.2,5e-05
1407,7089,812,9977856,1449.5976904199997,1000.0,0.08413835614919662,0.018080098554491997,0.08115532,0.5915283203125,14.434580298264821,16250,0.0192949863980175,0.010497322198352777,0.9924755096435547,0.2,5e-05
1409,7089,813,9990144,1450.9592098,1000.0,0.08407691866159439,-0.008299686014652252,0.09047332,0.5791829427083334,14.439890267451604,16260,0.02064377269950152,0.007399338862645284,0.9938704967498779,0.2,5e-05
1410,7089,814,10002432,1451.74709669,1000.0,0.08389440923929214,0.023427339270710945,0.08229274,0.5955322265625,14.452328290541967,16270,0.02056181081570685,0.008537728763379467,0.9913714528083801,0.2,5e-05
