time/total_timesteps,time/iterations,rollout/ep_len_mean,time/time_elapsed,rollout/ep_rew_mean,time/fps,train/policy_gradient_loss,train/explained_variance,train/value_loss,train/clip_range,train/clip_fraction,train/std,train/approx_kl,train/n_updates,train/learning_rate,train/entropy_loss,train/loss
12288,1,771.2857142857143,1,842.488546142857,11097,,,,,,,,,,,
24576,2,859.0,3,958.3095068076923,7757,-0.029798450356853814,0.9807511568069458,5.185563127696514,0.2,0.21470540364583332,0.2713066041469574,0.017053355,11390,5e-05,-0.9927703320980072,2.1787502765655518
36864,3,877.8684210526316,5,981.9308473684212,7347,-0.02299172858086725,0.9750006794929504,3.0297326079259315,0.2,0.3874755859375,0.2711808979511261,0.038108114,11400,5e-05,-0.9837861333042384,0.3786282539367676
49152,4,896.6,6,1001.6624539800001,7240,-0.0365736463854167,0.9870961308479309,2.017554430787762,0.2,0.3505615234375,0.2709255814552307,0.035842877,11410,5e-05,-0.9721463618179162,0.666969895362854
61440,5,901.0645161290323,8,1009.0189736451614,7228,-0.03424878613150213,0.9872829914093018,1.6499495322505633,0.2,0.40255533854166664,0.27083730697631836,0.042354982,11420,5e-05,-0.9665007490664721,0.9145638346672058
73728,6,887.8051948051948,10,997.6669006363635,7190,-0.03372367594371705,0.9910750985145569,1.4653333533555268,0.2,0.35674641927083334,0.27068236470222473,0.03259263,11430,5e-05,-0.9604749105870724,0.7396601438522339
86016,7,902.3,11,1014.5775215111111,7193,-0.029834177464363166,0.9803159236907959,2.6264225393533707,0.2,0.37626953125,0.270320862531662,0.039856073,11440,5e-05,-0.9461582408597072,1.7315036058425903
98304,8,910.41,13,1022.61033481,7179,-0.03143237601810445,0.9780051112174988,5.031742789596319,0.2,0.230126953125,0.27015671133995056,0.02112729,11450,5e-05,-0.932861216366291,3.262014865875244
110592,9,920.0,15,1041.42438552,7175,-0.028888883077888748,0.9869982600212097,3.948337072506547,0.2,0.30474446614583334,0.2699534296989441,0.030303026,11460,5e-05,-0.926006505638361,1.0473982095718384
122880,10,910.84,17,1025.70252466,7169,-0.03260383915427762,0.9883848428726196,1.5434359658509493,0.2,0.4265869140625,0.2695728540420532,0.045772135,11470,5e-05,-0.907649515941739,1.0308655500411987
135168,11,891.93,18,1007.8593011800002,7167,-0.027333106137424085,0.9845097661018372,1.6701583821947377,0.2,0.3868896484375,0.269146203994751,0.038838547,11480,5e-05,-0.8899047990640004,0.8908952474594116
147456,12,880.06,20,992.68524491,7166,-0.029344876000929315,0.9900340437889099,2.294172256315748,0.2,0.3161539713541667,0.2689598500728607,0.029975882,11490,5e-05,-0.8772424312929312,0.6947586536407471
159744,13,885.92,22,1001.8606106599999,7173,-0.03273436770153542,0.9924288988113403,1.8868931997567415,0.2,0.35723470052083334,0.2686874568462372,0.036199264,11500,5e-05,-0.8665229946374893,0.42914941906929016
172032,14,893.29,23,1013.3120583900001,7180,-0.030101879005572603,0.9816462993621826,3.1694907528658707,0.2,0.28309733072916665,0.2684018015861511,0.027098184,11510,5e-05,-0.8532941767325004,2.0709736347198486
184320,15,917.02,25,1046.1628135600001,7181,-0.04349153047757379,0.9916425943374634,0.5153462329258521,0.2,0.4940592447916667,0.2677481472492218,0.053298716,11520,5e-05,-0.8315360490232706,0.1674213409423828
196608,16,923.56,27,1054.12483059,7185,-0.045780851133167745,0.9893117547035217,0.4391335820779204,0.2,0.4254069010416667,0.2672402858734131,0.043785434,11530,5e-05,-0.7988243747502566,0.14836391806602478
208896,17,932.91,29,1065.27924223,7190,-0.047033405608090106,0.9931778311729431,0.37008410757407545,0.2,0.39376627604166664,0.2668604850769043,0.04016721,11540,5e-05,-0.7832774313787619,0.10561004281044006
221184,18,945.95,30,1086.2518857000002,7182,-0.04515126643527765,0.994349479675293,0.3779408483766019,0.2,0.3614501953125,0.2666250467300415,0.037074476,11550,5e-05,-0.767233835781614,0.1564960777759552
233472,19,962.44,32,1107.4578773599999,7188,-0.025292325845415083,0.9825358390808105,1.912921193614602,0.2,0.20852864583333333,0.2663746774196625,0.017354786,11560,5e-05,-0.7552795457343261,0.3793780505657196
245760,20,964.4,34,1106.91350863,7196,-0.03137341172647818,0.9855623841285706,1.2907103836536407,0.2,0.28814290364583334,0.2662699222564697,0.0277451,11570,5e-05,-0.746599010999004,0.4549286365509033
258048,21,976.22,35,1117.7106313,7199,-0.02636818447014472,0.9857360124588013,1.914955349949499,0.2,0.25296223958333336,0.26590168476104736,0.023032427,11580,5e-05,-0.7364007322738568,0.7498884201049805
270336,22,968.36,37,1106.4462270600002,7202,-0.03494805676746182,0.9809814095497131,0.667257841428121,0.2,0.3969970703125,0.265764445066452,0.043236207,11590,5e-05,-0.7219700815776984,0.1825137436389923
282624,23,962.85,39,1096.6396373799998,7210,-0.02501024616455349,0.9823558926582336,2.1052552229414383,0.2,0.2527669270833333,0.265451043844223,0.021708516,11600,5e-05,-0.7072635980943839,0.41245442628860474
294912,24,949.71,40,1074.97007674,7217,-0.02090899622029004,0.961487889289856,7.396418589850267,0.2,0.23577473958333334,0.26540836691856384,0.018032935,11610,5e-05,-0.6986345039059718,1.4360668659210205
307200,25,943.71,42,1065.77366669,7223,-0.026161483971130415,0.9845301508903503,1.4679980943600337,0.2,0.36228841145833335,0.2651301324367523,0.03733312,11620,5e-05,-0.6908445677409569,0.21851441264152527
319488,26,930.81,44,1051.17174144,7227,-0.027263647776756748,0.9805083274841309,3.5081262864172458,0.2,0.3000895182291667,0.26467642188072205,0.027901521,11630,5e-05,-0.670831352720658,1.3215728998184204
331776,27,937.61,45,1061.0088912099998,7230,-0.027009223348189455,0.9838008284568787,2.076736941250662,0.2,0.40782063802083335,0.26432666182518005,0.03851159,11640,5e-05,-0.6519990306347608,0.4933314025402069
344064,28,943.35,47,1072.9363601700002,7234,-0.02623748674232047,0.9749759435653687,4.25470499197642,0.2,0.257373046875,0.2640737295150757,0.022652207,11650,5e-05,-0.6370588277777036,0.6935722827911377
356352,29,949.55,49,1087.58672968,7238,-0.03372728706405421,0.9868382811546326,0.5475048265730341,0.2,0.4974365234375,0.2635017931461334,0.056015667,11660,5e-05,-0.6181393839418888,0.14856868982315063
368640,30,936.21,50,1071.88037265,7241,-0.04067923098433918,0.9920191168785095,0.459294841128091,0.2,0.40480143229166665,0.2635040581226349,0.043844078,11670,5e-05,-0.6019142784178257,0.13473981618881226
380928,31,928.97,52,1068.421055,7243,-0.020871668600981743,0.9704317450523376,2.9619401834905146,0.2,0.2628580729166667,0.2634149193763733,0.020821951,11680,5e-05,-0.6011239388336738,0.8815518617630005
393216,32,937.99,54,1075.8940403200002,7245,-0.025564912781313374,0.9791373014450073,2.841307250037789,0.2,0.2775390625,0.2633296549320221,0.02595719,11690,5e-05,-0.5980385678509871,0.3957965672016144
405504,33,946.81,55,1088.91940508,7248,-0.033739514483507566,0.9896270036697388,1.399452175075809,0.2,0.35520833333333335,0.2628997564315796,0.035774004,11700,5e-05,-0.5866776493688425,1.2339754104614258
417792,34,948.56,57,1087.1677045200001,7250,-0.03479854471127813,0.990452766418457,1.1327819380288322,0.2,0.39524739583333335,0.2624373733997345,0.044370938,11710,5e-05,-0.5632102665801842,0.29203733801841736
430080,35,949.21,59,1092.15717675,7253,-0.02490377719999136,0.9811031222343445,2.1339501345530154,0.2,0.3381429036458333,0.26216641068458557,0.03094046,11720,5e-05,-0.548558188478152,1.6127673387527466
442368,36,938.02,61,1073.7330191899998,7249,-0.03108667224732926,0.9890409708023071,1.7444390219946702,0.2,0.37294921875,0.26184380054473877,0.03711274,11730,5e-05,-0.5316485145439704,0.2376585751771927
454656,37,924.41,62,1058.01163569,7248,-0.029017301518373038,0.9863303303718567,4.207638590907057,0.2,0.24429524739583333,0.2616570293903351,0.019449817,11740,5e-05,-0.5201588133970897,1.2381489276885986
466944,38,921.67,64,1050.8281111099998,7251,-0.024328258023403274,0.9738500118255615,2.854370333068073,0.2,0.42828776041666666,0.2613765299320221,0.045441374,11750,5e-05,-0.5103883124887943,0.30784404277801514
479232,39,921.15,66,1049.45100068,7254,-0.03003799196012551,0.9845786094665527,4.699721626689037,0.2,0.27591145833333336,0.26107460260391235,0.023668164,11760,5e-05,-0.49576056400934854,2.1248254776000977
491520,40,927.25,67,1063.09115855,7253,-0.026876135787460953,0.9850253462791443,1.5880160375808676,0.2,0.46188151041666664,0.2608741819858551,0.050949585,11770,5e-05,-0.4845201418424646,0.5597374439239502
503808,41,932.27,69,1066.27599172,7252,-0.028635409194491028,0.9857475757598877,2.1770712062095603,0.2,0.32456868489583335,0.26072466373443604,0.03220485,11780,5e-05,-0.4790238030254841,0.49771320819854736
516096,42,923.63,71,1057.60418254,7254,-0.03772493212697251,0.9943607449531555,0.4926854089212914,0.2,0.46201171875,0.26022252440452576,0.053589556,11790,5e-05,-0.4604089319705963,0.0986727699637413
528384,43,931.0,72,1067.0098556,7256,-0.03431144950542754,0.9926860332489014,1.5562502938633165,0.2,0.3200927734375,0.25995245575904846,0.029057497,11800,5e-05,-0.4409324507539471,0.4696945250034332
540672,44,944.52,74,1083.41371547,7258,-0.03709389443101827,0.9904415607452393,0.7791170954083403,0.2,0.3961181640625,0.25930356979370117,0.042562872,11810,5e-05,-0.4150995839387178,0.14055627584457397
552960,45,942.06,76,1076.25566274,7259,-0.03618362394457411,0.9850961565971375,0.9092564742391308,0.2,0.3801188151041667,0.2591252326965332,0.040332835,11820,5e-05,-0.3977555671085914,0.22120682895183563
565248,46,955.83,77,1101.5890719699998,7259,-0.02633575256865394,0.9849297404289246,2.2465640305851897,0.2,0.3277994791666667,0.2589676082134247,0.028830888,11830,5e-05,-0.38962732069194317,0.18666845560073853
577536,47,946.42,79,1088.4778919100002,7259,-0.022813021708861923,0.9811270833015442,2.9653438914567234,0.2,0.29620768229166666,0.2588018476963043,0.026015384,11840,5e-05,-0.3790567296867569,0.7379819750785828
589824,48,930.25,81,1072.95333725,7262,-0.025424280750060764,0.9854980111122131,2.1014858024815717,0.2,0.2790445963541667,0.2585804760456085,0.028730294,11850,5e-05,-0.37103220087786515,0.9184447526931763
602112,49,923.26,82,1066.15484732,7261,-0.02947393318560595,0.989604651927948,3.7209795453896124,0.2,0.2535400390625,0.25837504863739014,0.021088785,11860,5e-05,-0.36152117090920605,0.530081033706665
614400,50,925.3,84,1071.24766222,7261,-0.02481093234673608,0.984765887260437,1.4236935053641597,0.2,0.46767578125,0.25804850459098816,0.053951044,11870,5e-05,-0.35084585721294087,0.3293468952178955
626688,51,924.56,86,1072.47840059,7261,-0.02671038016754513,0.9643498659133911,2.7599652127673227,0.2,0.34104817708333335,0.2577836513519287,0.033876132,11880,5e-05,-0.3382171768695116,1.1015398502349854
638976,52,930.8,87,1086.93462706,7265,-0.028363915756926872,0.9824612140655518,0.81377988041689,0.2,0.4570393880208333,0.25766775012016296,0.05242169,11890,5e-05,-0.3301602115854621,0.11727987229824066
651264,53,937.39,89,1087.69639813,7267,-0.04180408354053119,0.9931804537773132,0.3536717533444365,0.2,0.4513346354166667,0.2570401132106781,0.047982216,11900,5e-05,-0.31215174465129775,0.1004362553358078
663552,54,937.86,91,1078.6542010300002,7268,-0.027647291810717435,0.9757513403892517,3.2249839680890244,0.2,0.25340169270833335,0.25678905844688416,0.022564866,11910,5e-05,-0.29338452611118554,0.5229500532150269
675840,55,944.29,93,1078.8981555700002,7265,-0.025353999320456448,0.9539632201194763,3.497956541366875,0.2,0.329541015625,0.25646811723709106,0.028695747,11920,5e-05,-0.27990361315508683,3.2742128372192383
688128,56,950.96,94,1087.0860563,7267,-0.029788162754266524,0.9876384735107422,2.1071168614551423,0.2,0.27804361979166664,0.25618624687194824,0.026493728,11930,5e-05,-0.2653731081013878,0.5801036953926086
700416,57,946.83,96,1071.15815288,7267,-0.026105853539775126,0.9700393676757812,0.5949863301590085,0.2,0.46185709635416666,0.25576892495155334,0.052588746,11940,5e-05,-0.2515676783087353,0.1836523711681366
712704,58,956.34,98,1086.05758752,7269,-0.02279838968873567,0.9700773358345032,2.340513405762613,0.2,0.31475423177083334,0.2556147277355194,0.028937811,11950,5e-05,-0.2377915416844189,0.5683549046516418
724992,59,956.34,99,1087.85872504,7270,-0.03223078351511503,0.9896624684333801,1.2503558301056426,0.2,0.37058919270833335,0.2551656663417816,0.041247666,11960,5e-05,-0.2217943271311621,0.1481333076953888
737280,60,956.34,101,1086.9301693499997,7271,-0.04465869381577552,0.9936153292655945,0.3849029204497735,0.2,0.456298828125,0.25489985942840576,0.049940716,11970,5e-05,-0.20838434897984068,0.10723885893821716
749568,61,933.78,103,1062.15187078,7272,-0.027719134446427537,0.9844852685928345,1.3522202104330063,0.2,0.32122395833333334,0.2545913755893707,0.02982718,11980,5e-05,-0.1891412477940321,0.4977634847164154
761856,62,930.8,104,1066.4246602399999,7273,-0.02559390980556297,0.9867993593215942,2.6786433409899475,0.2,0.21803385416666668,0.25457316637039185,0.02031786,11990,5e-05,-0.18149899678925674,0.261188268661499
774144,63,924.08,106,1055.1710327399999,7274,-0.02675751401887586,0.9821732044219971,3.3423461131751537,0.2,0.22113444010416666,0.25443485379219055,0.018893639,12000,5e-05,-0.1773445246120294,1.4384522438049316
786432,64,912.98,108,1044.1901272399998,7274,-0.03260757719375154,0.9911002516746521,1.1837043951575954,0.2,0.38568522135416666,0.2542678117752075,0.040941276,12010,5e-05,-0.16708084053049485,0.7886734008789062
798720,65,908.52,109,1040.38912222,7275,-0.02320828419615282,0.9731974005699158,4.247833783924579,0.2,0.2959798177083333,0.2541082203388214,0.028372563,12020,5e-05,-0.15881037451326846,4.0801239013671875
811008,66,909.96,111,1041.00741888,7276,-0.03104690197117937,0.9870091080665588,2.607949946448207,0.2,0.2773681640625,0.25376570224761963,0.025304386,12030,5e-05,-0.14771422458191713,0.8679640889167786
823296,67,896.47,113,1025.27926478,7277,-0.03326718664150879,0.9870338439941406,1.6427920599778494,0.2,0.4052001953125,0.25380828976631165,0.04351444,12040,5e-05,-0.1410477900877595,1.199895977973938
835584,68,915.19,114,1051.1061450500001,7277,-0.032081499867490496,0.9915375113487244,1.5364472934355338,0.2,0.3933512369791667,0.2533928453922272,0.042067617,12050,5e-05,-0.13240700196474792,1.1434226036071777
847872,69,925.88,116,1065.6763970399998,7275,-0.041060778231864485,0.994694173336029,0.4129152628593147,0.2,0.4767333984375,0.25319933891296387,0.055792894,12060,5e-05,-0.12284082726885875,0.10003498196601868
860160,70,936.01,118,1082.89757858,7276,-0.030568354501156136,0.9891580939292908,1.654095360202094,0.2,0.31187337239583335,0.2527327239513397,0.031262744,12070,5e-05,-0.10641592827936014,0.2961788475513458
872448,71,930.98,119,1079.5376455199998,7277,-0.02841906435302614,0.9849302172660828,1.94402767320474,0.2,0.3369873046875,0.25231707096099854,0.030774942,12080,5e-05,-0.08648644819234809,0.5610468983650208
884736,72,937.67,121,1086.96312949,7277,-0.038367753226581654,0.9949300289154053,0.5231231100857258,0.2,0.44259440104166664,0.25192686915397644,0.04862375,12090,5e-05,-0.0678104375799497,0.1306251585483551
897024,73,953.25,123,1103.54147043,7273,-0.026686828511689478,0.9804544448852539,2.0142462251087028,0.2,0.3249755859375,0.2517775297164917,0.030079111,12100,5e-05,-0.0579584039747715,0.7889456748962402
909312,74,956.19,125,1108.09356694,7274,-0.04758169966322991,0.992779016494751,0.3655084521509707,0.2,0.4482421875,0.25146886706352234,0.0493926,12110,5e-05,-0.04852069765329361,0.13600662350654602
921600,75,947.78,126,1102.59027867,7274,-0.026285338406645074,0.9822275638580322,1.7500008043522637,0.2,0.3103515625,0.25108563899993896,0.028302746,12120,5e-05,-0.0315972829858462,0.6305070519447327
933888,76,947.78,128,1099.6408737400002,7274,-0.027400621079141273,0.9857367277145386,1.9098786397526661,0.2,0.2970458984375,0.2507678270339966,0.026679069,12130,5e-05,-0.015516079713900883,0.8651025891304016
946176,77,942.23,130,1090.7318128,7275,-0.04209865359419685,0.9913654327392578,0.41985137859980265,0.2,0.42861328125,0.25019434094429016,0.04780985,12140,5e-05,0.00941081444422404,0.08636078238487244
958464,78,948.82,131,1097.80405023,7276,-0.03040568945095098,0.9871580600738525,1.8528297477712234,0.2,0.25360514322916666,0.24991357326507568,0.021255888,12150,5e-05,0.028174087901910148,0.2609023153781891
970752,79,951.9,133,1103.41430263,7276,-0.04385267896965767,0.9953774809837341,0.34549420823653537,0.2,0.43359375,0.24962718784809113,0.046681453,12160,5e-05,0.041560651486118635,0.10863836854696274
983040,80,932.04,135,1079.55748246,7275,-0.028186878317501395,0.9867818355560303,2.305821040396889,0.2,0.232763671875,0.24952822923660278,0.020209448,12170,5e-05,0.05227558774252732,1.7656919956207275
995328,81,926.64,136,1067.2788569900001,7275,-0.028947260822557535,0.9876216053962708,2.7153405944506326,0.2,0.24773763020833334,0.2495151311159134,0.025377259,12180,5e-05,0.05589673730234305,1.4738168716430664
1007616,82,940.6,138,1081.1687156699998,7275,-0.029870053533037812,0.9867504239082336,1.3125458462784687,0.2,0.3584228515625,0.24929742515087128,0.03647272,12190,5e-05,0.06187863051891327,0.1903337836265564
1019904,83,918.23,140,1052.73000288,7273,-0.02282234072724047,0.9829162955284119,2.9409475636978946,0.2,0.387255859375,0.2490524798631668,0.040339265,12200,5e-05,0.07394791919117173,0.3948148190975189
1032192,84,918.14,141,1055.1312471,7270,-0.025938850506887927,0.9787731170654297,5.672103471433123,0.2,0.18829752604166666,0.2488943338394165,0.016908234,12210,5e-05,0.08279876870413622,1.6673862934112549
1044480,85,928.74,143,1064.74943961,7271,-0.03209211383073125,0.9870765209197998,2.0025458307936788,0.2,0.37054850260416666,0.2483835071325302,0.03754465,12220,5e-05,0.10112326151380936,0.8220767974853516
1056768,86,928.74,145,1061.80865931,7270,-0.03890205189527478,0.9907369017601013,0.42682248347749313,0.2,0.4889404296875,0.24826586246490479,0.05372538,12230,5e-05,0.11211180360987782,0.16406860947608948
1069056,87,934.34,147,1068.81282116,7270,-0.04019268745566175,0.9943607449531555,0.6149508122354745,0.2,0.3824055989583333,0.24802887439727783,0.03956844,12240,5e-05,0.12273948844522238,0.16264700889587402
1081344,88,938.61,148,1074.11579267,7270,-0.022366502086030474,0.959719717502594,3.766822271421552,0.2,0.20736490885416667,0.24797631800174713,0.01553006,12250,5e-05,0.1316243249302109,1.5875855684280396
1093632,89,930.13,150,1069.8853913799999,7270,-0.038460577813869655,0.9952195286750793,0.4435703406731288,0.2,0.43995768229166665,0.24753011763095856,0.04810001,12260,5e-05,0.14491597097367048,0.10420767962932587
1105920,90,916.02,152,1056.4496987500002,7270,-0.018938967045687604,0.9694938063621521,3.1706334722538787,0.2,0.30902506510416666,0.24746209383010864,0.027586259,12270,5e-05,0.15740816028167803,0.31766828894615173
1118208,91,922.88,153,1066.0223895499998,7270,-0.02551584893759961,0.9802162647247314,6.437957436094681,0.2,0.213916015625,0.2473359853029251,0.01891827,12280,5e-05,0.16192310595264037,2.8583946228027344
1130496,92,923.5,155,1069.7283585900002,7270,-0.029321657502441666,0.9750869274139404,4.144676085437338,0.2,0.25030110677083334,0.24719102680683136,0.021744514,12290,5e-05,0.16925905110935371,1.5401675701141357
1142784,93,922.69,157,1072.31809732,7269,-0.033641387928219045,0.991651713848114,0.7648097059999903,0.2,0.4518961588541667,0.24696855247020721,0.05098471,12300,5e-05,0.17915573151161274,0.2580013871192932
1155072,94,931.55,158,1078.25723228,7268,-0.027880332331794003,0.9832583665847778,1.8094846817354362,0.2,0.3989339192708333,0.24659466743469238,0.04654156,12310,5e-05,0.19523005491743486,0.1815890222787857
1167360,95,929.96,160,1078.89155133,7268,-0.031511848549659285,0.9815600514411926,2.795223564406236,0.2,0.302734375,0.2464040368795395,0.028159818,12320,5e-05,0.21130647789686918,0.7819920182228088
1179648,96,934.49,162,1088.49572411,7269,-0.02210367360773186,0.9802179336547852,2.4711394351596634,0.2,0.35406087239583334,0.24637210369110107,0.02950555,12330,5e-05,0.21566266966983677,0.4429115951061249
1191936,97,947.66,163,1107.81814795,7269,-0.03871993705494484,0.991368293762207,0.4328581658191979,0.2,0.46735026041666666,0.24635879695415497,0.05254702,12340,5e-05,0.21889870905627806,0.06319017708301544
1204224,98,940.75,165,1087.6547224800001,7269,-0.031982265189678095,0.9926119446754456,0.9698625036825737,0.2,0.36748046875,0.24630926549434662,0.038525257,12350,5e-05,0.22429984671374162,0.2304554581642151
1216512,99,931.95,167,1080.13550845,7268,-0.03037185786185243,0.9908491969108582,3.277660236010949,0.2,0.24672037760416668,0.2461818903684616,0.02238226,12360,5e-05,0.22742627101639906,1.4954959154129028
1228800,100,911.83,169,1048.6148347300002,7268,-0.0245089466664164,0.9737045764923096,2.534512546099722,0.2,0.3062255859375,0.24600620567798615,0.026199,12370,5e-05,0.23560800704484183,1.2574565410614014
1241088,101,903.62,170,1038.2939189900003,7268,-0.033792488340986894,0.9912424087524414,2.2806599384794635,0.2,0.375146484375,0.24567162990570068,0.03585655,12380,5e-05,0.24997355205317337,0.22822515666484833
1253376,102,915.43,172,1063.24605339,7268,-0.026235879928087038,0.9858819842338562,1.7296001043791571,0.2,0.3843912760416667,0.2455783635377884,0.03713582,12390,5e-05,0.2622263465697567,0.413554310798645
1265664,103,904.64,174,1046.1377189599998,7267,-0.036859239889114784,0.9909060597419739,0.7054690694436431,0.2,0.49002278645833336,0.24562788009643555,0.057730157,12400,5e-05,0.26055449079722165,0.35174280405044556
1277952,104,904.64,175,1048.41769148,7267,-0.029231376639412096,0.989355206489563,1.105276466657718,0.2,0.32696940104166666,0.2453070431947708,0.031355027,12410,5e-05,0.27321040648967027,0.2847195863723755
1290240,105,916.93,177,1063.4358341699997,7267,-0.027590421779314055,0.9843789935112,1.869082985383769,0.2,0.335888671875,0.24518656730651855,0.03234827,12420,5e-05,0.2860848306367795,0.8675048351287842
1302528,106,936.99,179,1095.58600354,7267,-0.03340874103062864,0.9927886724472046,1.0552337028707066,0.2,0.4009521484375,0.2448992133140564,0.04021351,12430,5e-05,0.2974563432236513,0.2569110095500946
1314816,107,950.76,180,1114.6630403000004,7267,-0.04674972454085946,0.9944624304771423,0.29076722357422113,0.2,0.46829427083333336,0.244609996676445,0.053863715,12440,5e-05,0.30938044923047225,0.0677182599902153
1327104,108,972.62,182,1140.9621313600003,7267,-0.045937864534789694,0.9939867854118347,0.3102156467735767,0.2,0.4178466796875,0.24412095546722412,0.043487623,12450,5e-05,0.33333649318665265,0.0785089060664177
1339392,109,969.79,184,1142.52228561,7267,-0.041950871672209664,0.9924188852310181,0.4247398288920522,0.2,0.38089192708333336,0.24375276267528534,0.03894795,12460,5e-05,0.3516545177126924,0.12900188565254211
1351680,110,955.51,186,1118.0848730300002,7264,-0.03275846526861036,0.9937159419059753,1.3313427647575735,0.2,0.2781901041666667,0.2434767484664917,0.025681457,12470,5e-05,0.36717265093078216,0.17740914225578308
1363968,111,965.1,187,1131.1387969900002,7264,-0.024068149567271272,0.9812372922897339,1.8415996832152208,0.2,0.28899739583333334,0.2434297800064087,0.02600368,12480,5e-05,0.3744024654229482,0.6015002727508545
1376256,112,955.18,189,1119.09755159,7265,-0.027229501251713372,0.9742129445075989,0.7420565136397879,0.2,0.3888020833333333,0.24301202595233917,0.04001811,12490,5e-05,0.38696140280614294,0.2797001004219055
1388544,113,947.75,191,1109.9660104499999,7265,-0.0272856261775208,0.9820092916488647,1.6361760297169288,0.2,0.34429524739583334,0.24277512729167938,0.03278013,12500,5e-05,0.4033669635032614,0.2633117437362671
1400832,114,914.82,192,1065.16699197,7265,-0.027012356150953563,0.9862448573112488,2.097792093579968,0.2,0.26815592447916664,0.24263040721416473,0.025904149,12510,5e-05,0.41409688753386337,0.3257904648780823
1413120,115,914.52,194,1062.93892856,7265,-0.028874952398958462,0.9772706627845764,5.105163760483265,0.2,0.23793131510416668,0.24246056377887726,0.01970841,12520,5e-05,0.4199941159536441,1.4768431186676025
1425408,116,922.63,196,1078.34193026,7266,-0.02409637398789831,0.9814247488975525,1.2200409213081003,0.2,0.44302571614583336,0.24241119623184204,0.05082482,12530,5e-05,0.42629777565598487,0.1629423350095749
1437696,117,929.32,197,1087.1632376500002,7267,-0.02712595533618393,0.9836297631263733,2.1845103024815518,0.2,0.3373209635416667,0.2421882003545761,0.033507235,12540,5e-05,0.4365420018012325,1.7196104526519775
1449984,118,928.34,199,1087.7363704699999,7265,-0.028174070695240517,0.9882542490959167,1.3262829771265388,0.2,0.45718587239583336,0.24207322299480438,0.052508164,12550,5e-05,0.4422329895819227,0.5874032974243164
1462272,119,929.03,201,1083.7713587,7265,-0.029895209844592804,0.988278329372406,1.4020719174295664,0.2,0.3619873046875,0.24189166724681854,0.0384476,12560,5e-05,0.4516602900500099,0.5510314106941223
1474560,120,926.03,202,1073.8561122800002,7266,-0.023222757438391757,0.988770067691803,0.795039853391548,0.2,0.4462972005208333,0.24175699055194855,0.05553065,12570,5e-05,0.45622833104183275,0.657512366771698
1486848,121,943.19,204,1099.9191636200003,7266,-0.029432160357828252,0.9895551204681396,2.9088119386384883,0.2,0.24337565104166667,0.24152565002441406,0.023519715,12580,5e-05,0.46731892333676417,0.5237200856208801
1499136,122,954.01,206,1110.9646044200001,7266,-0.03071850176299146,0.9868392944335938,1.5226833730936051,0.2,0.4332682291666667,0.2414575219154358,0.04955029,12590,5e-05,0.4747133164977034,0.35202980041503906
1511424,123,945.12,208,1096.5887272,7265,-0.023151657646909976,0.9785300493240356,2.2386977369586627,0.2,0.358740234375,0.24134697020053864,0.033488903,12600,5e-05,0.4822810805092255,0.3113102912902832
1523712,124,943.0,209,1088.2259413499999,7265,-0.0281625654475647,0.9801909327507019,4.637800255293647,0.2,0.26123046875,0.24129466712474823,0.021782659,12610,5e-05,0.48695900235325096,0.9451481103897095
1536000,125,936.73,211,1077.7267507200002,7265,-0.026000998459251908,0.9832401275634766,2.289005315800508,0.2,0.39239095052083334,0.24103696644306183,0.0389884,12620,5e-05,0.4955130105217298,0.8544484376907349
1548288,126,936.73,213,1079.4119580799997,7266,-0.024569239905880145,0.9866526126861572,3.1535475717236596,0.2,0.35027669270833334,0.24094633758068085,0.032865968,12630,5e-05,0.5063029936204354,2.5991690158843994
1560576,127,945.96,214,1096.91456751,7266,-0.035227494700908815,0.9938481450080872,0.33386003151535987,0.2,0.5167236328125,0.24055927991867065,0.061974753,12640,5e-05,0.5184666930387417,0.1004776656627655
1572864,128,944.55,216,1090.7114592,7265,-0.0315169751624732,0.9921196699142456,0.9598903850341837,0.2,0.37936197916666664,0.2401403933763504,0.040810023,12650,5e-05,0.5423880400756995,0.22899384796619415
1585152,129,949.53,218,1101.82227829,7265,-0.026898404050734827,0.9877976775169373,1.480110162931184,0.2,0.37074381510416665,0.24011363089084625,0.037155077,12660,5e-05,0.5562198476245006,0.1612192988395691
1597440,130,954.82,219,1110.9547578000002,7265,-0.027262315843836406,0.9841424822807312,1.236567104794085,0.2,0.3766276041666667,0.2398010492324829,0.042531308,12670,5e-05,0.5641203701496125,0.16868165135383606
1609728,131,956.52,221,1118.20981856,7265,-0.043081725146233416,0.9939007759094238,0.319715357106179,0.2,0.45345865885416664,0.23943175375461578,0.05159964,12680,5e-05,0.5841631616155306,0.11534988880157471
1622016,132,959.54,223,1129.04176208,7265,-0.022877054470397222,0.9796802401542664,3.5027633033692838,0.2,0.2611572265625,0.23933207988739014,0.021043368,12690,5e-05,0.5997215300798416,1.4671204090118408
1634304,133,975.04,224,1152.35216102,7265,-0.023580696816012884,0.9713335633277893,3.4226246528948345,0.2,0.3068115234375,0.2391204982995987,0.030646598,12700,5e-05,0.6076092044512431,0.38259655237197876
1646592,134,969.45,226,1137.4978465,7265,-0.028585986282754067,0.9841537475585938,1.3626381358131767,0.2,0.38213704427083334,0.23888444900512695,0.03669484,12710,5e-05,0.6202975224703551,0.33304569125175476
1658880,135,970.44,228,1135.9340141900002,7265,-0.030712084636130992,0.9911113381385803,1.0479702829072872,0.2,0.4143310546875,0.2385508269071579,0.044332832,12720,5e-05,0.6373101901262999,0.4517914652824402
1671168,136,953.25,230,1110.89176707,7265,-0.02001037702818091,0.9698824286460876,5.542010221506159,0.2,0.3113199869791667,0.2383452206850052,0.028301893,12730,5e-05,0.6529338292777538,0.5227340459823608
1683456,137,943.84,231,1093.5926008,7265,-0.02543010878774415,0.986136257648468,2.4820618035892648,0.2,0.35077311197916666,0.23828725516796112,0.034214363,12740,5e-05,0.6576988879591227,0.284840852022171
1695744,138,934.76,233,1077.35395691,7265,-0.02241422427323414,0.9762605428695679,1.6467938909928004,0.2,0.4352945963541667,0.23823921382427216,0.050227057,12750,5e-05,0.6611873502532641,0.9912590980529785
1708032,139,927.84,235,1065.18532693,7264,-0.025148597341224863,0.9640569686889648,6.941812961300214,0.2,0.2985758463541667,0.2380664348602295,0.024751276,12760,5e-05,0.666244023417433,1.8863956928253174
1720320,140,925.26,236,1064.3930103999999,7264,-0.023067727498225093,0.9885358810424805,2.0220968417823313,0.2,0.44891764322916666,0.23806852102279663,0.053276177,12770,5e-05,0.6689990412443876,1.990264892578125
1732608,141,919.47,238,1060.8548944099998,7264,-0.028956990221922753,0.9916960000991821,0.8321121050665776,0.2,0.47649739583333334,0.2378218024969101,0.05680656,12780,5e-05,0.6792256123075883,0.0873071551322937
1744896,142,925.06,240,1070.78777486,7264,-0.02988208991494806,0.9933483600616455,0.6400408372593422,0.2,0.44830729166666666,0.237629696726799,0.049040962,12790,5e-05,0.6895289200047652,0.18812169134616852
1757184,143,945.85,241,1099.1676824600002,7264,-0.028636251863402625,0.9790967702865601,1.1365062612419328,0.2,0.41681315104166666,0.2373569756746292,0.046671677,12800,5e-05,0.7005666585018238,0.1242513582110405
1769472,144,958.07,243,1118.5608304299997,7265,-0.03502316059360358,0.9701607823371887,0.6933460677663486,0.2,0.42059733072916666,0.23729391396045685,0.04483943,12810,5e-05,0.7097170401364565,0.24296380579471588
1781760,145,963.3,245,1121.80050287,7265,-0.04434685608478806,0.9917305111885071,0.4523314612607161,0.2,0.44845377604166664,0.23689186573028564,0.050809085,12820,5e-05,0.7223673677692811,0.15368668735027313
1794048,146,966.2,246,1128.9698027400002,7265,-0.04512653460842557,0.9936500787734985,0.42126724366098645,0.2,0.4116943359375,0.2363731861114502,0.04271893,12830,5e-05,0.7453289549797774,0.15040306746959686
1806336,147,972.03,248,1134.5526682,7263,-0.026765063060156535,0.9852646589279175,1.2779059508194526,0.2,0.299462890625,0.23629093170166016,0.028829262,12840,5e-05,0.7609681405127049,0.4059329926967621
1818624,148,970.09,250,1132.4223617399998,7264,-0.028471224773481178,0.9846084713935852,2.3245380610848465,0.2,0.3210530598958333,0.23598287999629974,0.031218141,12850,5e-05,0.7735926449298859,0.7530783414840698
1830912,149,962.06,252,1115.299002,7264,-0.026823904238942,0.9823516607284546,1.14050398375839,0.2,0.34881184895833334,0.23554950952529907,0.036934335,12860,5e-05,0.7921303141862154,0.5966151356697083
1843200,150,962.06,253,1114.0527792600003,7264,-0.02468359068055482,0.9643259048461914,2.9108031529933216,0.2,0.33627115885416664,0.23518376052379608,0.033147007,12870,5e-05,0.8114673618227244,0.840041995048523
1855488,151,958.69,255,1108.51252019,7264,-0.036867340073998396,0.9738166928291321,0.7705283621946971,0.2,0.44769694010416666,0.2348569631576538,0.050650697,12880,5e-05,0.831584233418107,0.4412198066711426
1867776,152,954.98,257,1104.57000329,7264,-0.023149625402099142,0.975307285785675,2.6515881163999437,0.2,0.3260091145833333,0.2345934510231018,0.03044326,12890,5e-05,0.8451057625313599,0.8557572364807129
1880064,153,947.89,258,1106.51603685,7264,-0.02374673016505161,0.9833438396453857,0.8601934047415852,0.2,0.41110026041666664,0.2343231439590454,0.043071028,12900,5e-05,0.8586045359571775,0.27643096446990967
1892352,154,956.02,260,1117.30941557,7263,-0.02531809738963299,0.9823900461196899,1.8377336150656143,0.2,0.35577799479166666,0.23407341539859772,0.039717954,12910,5e-05,0.8717218576620023,1.2374415397644043
1904640,155,956.06,262,1120.69315255,7262,-0.03378764917724766,0.992363691329956,0.7341464179878433,0.2,0.42266438802083334,0.23392228782176971,0.04777759,12920,5e-05,0.8842908266931773,0.16139982640743256
1916928,156,959.97,263,1126.33509229,7262,-0.028074660491741572,0.9607554078102112,1.8432683130105336,0.2,0.36429036458333336,0.2338353842496872,0.03619012,12930,5e-05,0.8907640534142653,0.5135318636894226
1929216,157,954.26,265,1125.7404946,7262,-0.026788364382324896,0.9820429086685181,2.255876971594989,0.2,0.37890625,0.23366844654083252,0.041591894,12940,5e-05,0.9019417205204566,0.3466421067714691
1941504,158,943.65,267,1109.94147588,7263,-0.02466056426928844,0.9774190783500671,3.1493856769055126,0.2,0.30050455729166664,0.2335100620985031,0.026066488,12950,5e-05,0.909664315233628,1.589856743812561
1953792,159,946.42,268,1118.67253861,7263,-0.032177882887481246,0.9892861247062683,3.7499629303812982,0.2,0.2755615234375,0.23336873948574066,0.024336562,12960,5e-05,0.9160185877233744,1.9884282350540161
1966080,160,947.36,270,1122.14735322,7263,-0.035316449906774024,0.9865134358406067,0.40689428653568027,0.2,0.5163818359375,0.23300762474536896,0.07675297,12970,5e-05,0.9302389791856209,0.09713735431432724
1978368,161,949.36,272,1124.36559821,7263,-0.03519811733567622,0.98674076795578,0.4638149890738229,0.2,0.44644368489583336,0.23268955945968628,0.049538445,12980,5e-05,0.9525014486163854,0.16186873614788055
1990656,162,947.18,274,1119.2130819799997,7263,-0.032618795278055286,0.9929472208023071,1.043450192672511,0.2,0.36249186197916666,0.2323676347732544,0.037502117,12990,5e-05,0.9661666209499041,0.24410831928253174
2002944,163,945.23,275,1113.3578880100001,7262,-0.024617437534713342,0.9712276458740234,5.051225684086481,0.2,0.2778076171875,0.23227059841156006,0.023482045,13000,5e-05,0.9755564745515585,1.86959707736969
2015232,164,944.37,277,1110.85673226,7262,-0.022379592077534958,0.9593683481216431,6.305574147651593,0.2,0.19173177083333334,0.23229722678661346,0.01575139,13010,5e-05,0.9787087158610424,1.5287798643112183
2027520,165,944.98,279,1111.18603995,7262,-0.0265037818501393,0.9850507974624634,1.4947698195154469,0.2,0.42845052083333335,0.23182030022144318,0.04992448,13020,5e-05,0.9877136224259933,0.14084765315055847
2039808,166,936.34,280,1098.6844118699998,7262,-0.02509962391826169,0.9780900478363037,1.1588323624183734,0.2,0.47293294270833336,0.23163475096225739,0.05352896,13030,5e-05,1.0039112175504366,2.205439567565918
2052096,167,922.07,282,1078.40999901,7262,-0.023959913816846288,0.9742518067359924,5.510454342265924,0.2,0.22557779947916667,0.23154689371585846,0.018411456,13040,5e-05,1.0103543668985366,4.089229583740234
2064384,168,911.65,284,1059.5170571600001,7262,-0.026415286027865175,0.9811784625053406,2.7122786143173774,0.2,0.3398844401041667,0.2312944084405899,0.031121915,13050,5e-05,1.019054085512956,0.7123612761497498
2076672,169,906.11,285,1045.05295659,7263,-0.027122320757674363,0.9782214760780334,3.095161986971895,0.2,0.38963216145833335,0.2313212901353836,0.036811296,13060,5e-05,1.0240851114193599,0.6799259185791016
2088960,170,895.5,287,1037.37475013,7263,-0.02586292404109069,0.9824472665786743,4.495830844715238,0.2,0.34100748697916666,0.23123323917388916,0.035208892,13070,5e-05,1.0244575694203377,2.1480400562286377
2101248,171,887.82,289,1026.6799115299998,7262,-0.027465145244786982,0.9790894389152527,5.731154150267442,0.2,0.2770589192708333,0.23117469251155853,0.023142368,13080,5e-05,1.0289621969064078,0.982799232006073
2113536,172,878.65,291,1016.5742737900001,7262,-0.027146532859963674,0.9821763634681702,3.612721027309696,0.2,0.38601888020833336,0.23094044625759125,0.041324418,13090,5e-05,1.0396118054787318,1.0978009700775146
2125824,173,897.28,292,1040.4733749900001,7263,-0.030709201087787127,0.9863295555114746,4.584596928209066,0.2,0.3491129557291667,0.23082558810710907,0.035254825,13100,5e-05,1.0493499264121056,2.680147171020508
2138112,174,905.8,294,1054.7283157399997,7263,-0.030198822385864334,0.9934979677200317,1.1235423368712267,0.2,0.5253987630208333,0.2304542511701584,0.06714039,13110,5e-05,1.064965275923411,0.4128173291683197
2150400,175,930.49,296,1087.8419793799999,7264,-0.04010745442161957,0.9953819513320923,0.2992800580027203,0.2,0.510986328125,0.23052525520324707,0.05937192,13120,5e-05,1.070669125020504,0.07568368315696716
2162688,176,918.46,297,1070.5421947500001,7264,-0.042575952293312486,0.9936037063598633,0.4747540724774202,0.2,0.4167561848958333,0.230105921626091,0.048291426,13130,5e-05,1.0865171397725741,0.2122265249490738
2174976,177,935.5,299,1088.3949810600002,7264,-0.027579098794376478,0.9840578436851501,1.9003143535306057,0.2,0.30384928385416665,0.2299904078245163,0.027185522,13140,5e-05,1.1009346385796865,0.19980746507644653
2187264,178,944.15,301,1099.89792139,7263,-0.028824399118214692,0.98871910572052,1.6541304341206948,0.2,0.33487141927083336,0.22978325188159943,0.031910058,13150,5e-05,1.109370265652736,0.9784141778945923
2199552,179,949.16,302,1106.42414452,7264,-0.028633769997395576,0.9843356013298035,1.5072549051294724,0.2,0.429052734375,0.22941534221172333,0.046607763,13160,5e-05,1.1258047851423423,0.5111390352249146
2211840,180,963.57,304,1127.6480927300001,7264,-0.016723677448559706,0.9490039348602295,2.622353193971018,0.2,0.38754069010416664,0.22931134700775146,0.042786065,13170,5e-05,1.1398588073750338,2.7726259231567383
2224128,181,967.9,306,1126.9378207800003,7264,-0.02384174264249547,0.9631677865982056,2.531016219717761,0.2,0.39065755208333336,0.22908391058444977,0.043444455,13180,5e-05,1.1477996803820134,1.2302149534225464
2236416,182,946.7,307,1093.01789072,7265,-0.03565496253286256,0.9846465587615967,0.7471676624069611,0.2,0.4432291666666667,0.22894346714019775,0.052050043,13190,5e-05,1.157051225999991,0.2419760525226593
2248704,183,950.46,309,1102.06813293,7263,-0.02741996933473274,0.9873571991920471,3.379633855074644,0.2,0.23538411458333333,0.2288352996110916,0.020257024,13200,5e-05,1.1612589632471402,1.3428198099136353
2260992,184,948.23,311,1095.00380272,7264,-0.03479598058523455,0.9898176789283752,2.1340992427120606,0.2,0.37677408854166666,0.22852085530757904,0.039672896,13210,5e-05,1.172576366364956,0.640230119228363
2273280,185,940.37,312,1089.1106195300001,7264,-0.023823993029266907,0.9787889719009399,4.600339170296987,0.2,0.3830485026041667,0.22840046882629395,0.03623089,13220,5e-05,1.1846315878132978,2.678464412689209
2285568,186,925.94,314,1063.69657658,7261,-0.0221036446930763,0.9850221872329712,2.683267471566796,0.2,0.3627197265625,0.22818893194198608,0.037157327,13230,5e-05,1.1921918449302515,2.1673974990844727
2297856,187,920.16,316,1054.86916165,7259,-0.030830464082343193,0.9854219555854797,2.4567835179467994,0.2,0.4190185546875,0.22784049808979034,0.046865683,13240,5e-05,1.205608128507932,0.8414759635925293
2310144,188,915.94,318,1054.2117464499997,7259,-0.025004076289284662,0.9854835271835327,2.5928926509494583,0.2,0.37203776041666664,0.22757333517074585,0.035414845,13250,5e-05,1.2247193624575934,0.31538307666778564
2322432,189,925.71,319,1067.3207026,7257,-0.033120401004028584,0.9938169717788696,0.9594300176327427,0.2,0.5090983072916667,0.22724272310733795,0.06711513,13260,5e-05,1.2420609660446644,0.31618890166282654
2334720,190,937.14,321,1084.9917797800001,7257,-0.030146140439319423,0.9761466383934021,0.8506235446160039,0.2,0.47980143229166666,0.22701291739940643,0.05554207,13270,5e-05,1.253640277683735,0.38477808237075806
2347008,191,933.31,323,1073.3262875100002,7256,-0.04225758678415635,0.9944323301315308,0.30986275151371956,0.2,0.467919921875,0.22663402557373047,0.054303497,13280,5e-05,1.2687481209635734,0.07573117315769196
2359296,192,935.23,325,1087.8298351499998,7256,-0.02723246872095236,0.9824304580688477,1.7065522611141204,0.2,0.32547200520833336,0.22646564245224,0.03233022,13290,5e-05,1.285635493695736,0.30497491359710693
2371584,193,939.31,326,1093.7079537700001,7255,-0.02716032719326904,0.9839218854904175,0.7950841807139416,0.2,0.39981282552083336,0.22629523277282715,0.042461406,13300,5e-05,1.296118828902642,0.13740625977516174
2383872,194,958.93,328,1122.9811615499998,7256,-0.03148301281956568,0.9916924238204956,1.0989503543203076,0.2,0.3568603515625,0.2261105626821518,0.035029065,13310,5e-05,1.3058163156112035,0.13847124576568604
2396160,195,967.17,330,1137.52002042,7256,-0.03023095983856668,0.9897339344024658,1.1411867895474037,0.2,0.37119140625,0.2258266657590866,0.03812848,13320,5e-05,1.318564278135697,0.12921136617660522
2408448,196,965.93,331,1135.59357357,7256,-0.041868137063769004,0.9866775870323181,0.2898455865991612,0.2,0.465185546875,0.2259780913591385,0.05413674,13330,5e-05,1.3239147206147512,0.09080349653959274
2420736,197,965.93,333,1135.37476677,7254,-0.03207034360530088,0.9822307825088501,1.6606993389005462,0.2,0.32281901041666666,0.22586841881275177,0.030930756,13340,5e-05,1.3273569223781427,0.4406583905220032
2433024,198,956.32,335,1120.6012840600001,7254,-0.040663535648491234,0.989087700843811,0.420983658451587,0.2,0.44443359375,0.2254866361618042,0.051328022,13350,5e-05,1.337803479284048,0.09238064289093018
2445312,199,963.48,337,1135.21479145,7254,-0.024895331870842103,0.9807546734809875,1.1934604769572617,0.2,0.31314290364583336,0.22528259456157684,0.029934136,13360,5e-05,1.3507181564966837,0.4809863567352295
2457600,200,964.33,338,1136.3770171899998,7255,-0.031060988132473235,0.9888836741447449,0.9734210250278313,0.2,0.3757080078125,0.22510679066181183,0.040991787,13370,5e-05,1.3625297859311103,0.15757951140403748
2469888,201,967.72,340,1144.73451316,7255,-0.028343890308072637,0.9893330335617065,1.3355796030412117,0.2,0.37745768229166665,0.22485174238681793,0.04148606,13380,5e-05,1.3768189171950023,0.5245079398155212
2482176,202,967.53,342,1145.8043204800001,7255,-0.039758914627600464,0.9834097027778625,0.5386542410900196,0.2,0.456494140625,0.22478258609771729,0.053389233,13390,5e-05,1.3858026487131914,0.2100059688091278
2494464,203,967.53,343,1144.4357808800003,7255,-0.019477391121714996,0.9614710211753845,3.76393083135287,0.2,0.2774739583333333,0.2246970385313034,0.023099644,13400,5e-05,1.3901514068245888,0.8293444514274597
2506752,204,972.99,345,1153.0886934999999,7255,-0.03424712493142579,0.9879566431045532,0.44435000329588853,0.2,0.46656901041666665,0.2244167923927307,0.055606175,13410,5e-05,1.4039747921129069,0.12715788185596466
2519040,205,952.88,347,1126.6428382699999,7255,-0.04121033811631302,0.9930407404899597,0.3704512659149865,0.2,0.42962239583333334,0.22420237958431244,0.046853375,13420,5e-05,1.4184509746730327,0.10867258906364441
2531328,206,962.49,348,1135.84930655,7255,-0.022375096431157242,0.9651213884353638,4.641804989799857,0.2,0.22476399739583333,0.22409437596797943,0.016934287,13430,5e-05,1.4272639974951744,2.3666858673095703
2543616,207,965.19,350,1138.38821075,7254,-0.03559010762837715,0.975561797618866,0.7296294530853629,0.2,0.41807454427083335,0.22369329631328583,0.04708828,13440,5e-05,1.443140776703755,0.43697845935821533
2555904,208,966.38,352,1138.32421184,7253,-0.025776298003620468,0.9848657846450806,1.0776878214130798,0.2,0.39150390625,0.22347362339496613,0.038384274,13450,5e-05,1.4629687935113906,2.6398677825927734
2568192,209,966.38,354,1134.80327388,7250,-0.02483813508733874,0.9738909602165222,2.1359381175910435,0.2,0.33306477864583334,0.22345387935638428,0.035765346,13460,5e-05,1.4719978131353855,0.7330807447433472
2580480,210,973.99,355,1142.81122266,7251,-0.039235431034952244,0.9836732149124146,0.6295983862752715,0.2,0.46270345052083334,0.22305481135845184,0.054935474,13470,5e-05,1.4838817690809567,0.22580976784229279
2592768,211,973.99,357,1144.1917930000002,7251,-0.042160308105909886,0.9912673234939575,0.33419044300292927,0.2,0.44964192708333334,0.22277748584747314,0.050876826,13480,5e-05,1.5055165069798628,0.07372558861970901
2605056,212,968.68,359,1137.81539043,7252,-0.043016246732440776,0.9900771379470825,0.24866823979342978,0.2,0.4195149739583333,0.2223902940750122,0.046695516,13490,5e-05,1.5226412711044153,0.044823989272117615
2617344,213,976.16,360,1145.0561945599998,7253,-0.02737671417950575,0.9747720956802368,0.9789616604646046,0.2,0.3561767578125,0.22203953564167023,0.03690114,13500,5e-05,1.5415472668906054,0.1503543108701706
2629632,214,973.28,362,1140.8968737700002,7253,-0.030708931756089443,0.9882436394691467,1.4480457840487362,0.2,0.3052490234375,0.22182808816432953,0.028822938,13510,5e-05,1.5577492433289686,0.6526896953582764
2641920,215,972.65,364,1143.3044052799999,7253,-0.02379006129097737,0.9601298570632935,3.2745714748899144,0.2,0.3386149088541667,0.2217165231704712,0.034578472,13520,5e-05,1.5666162254909675,0.8668761253356934
2654208,216,971.2,365,1138.26740701,7253,-0.02219963767080723,0.9628258943557739,1.5991545472604534,0.2,0.41678059895833336,0.22166059911251068,0.042700842,13530,5e-05,1.5674774567286174,0.8045340180397034
2666496,217,957.64,367,1122.87390311,7251,-0.02440370536157085,0.9653732180595398,5.241100054855148,0.2,0.2565104166666667,0.22149282693862915,0.020538887,13540,5e-05,1.5759227650860945,1.604949712753296
2678784,218,957.64,369,1128.5685740599997,7250,-0.02599405236057161,0.9822840094566345,4.021875651553273,0.2,0.316748046875,0.2213868647813797,0.028000658,13550,5e-05,1.5814942543705304,5.255460739135742
2691072,219,947.29,371,1105.62899716,7246,-0.02478480514109833,0.9773791432380676,2.724880349698166,0.2,0.38738606770833334,0.2212308794260025,0.044167176,13560,5e-05,1.5893008520205816,1.2632596492767334
2703360,220,956.32,373,1112.70098571,7244,-0.026513691481280452,0.969937801361084,6.344161444157362,0.2,0.2814860026041667,0.22105364501476288,0.024097601,13570,5e-05,1.600140822927157,3.2950077056884766
2715648,221,962.24,374,1124.44528833,7243,-0.03356006126074741,0.9891535043716431,0.6056425284594298,0.2,0.5419596354166667,0.22084367275238037,0.073820464,13580,5e-05,1.6069740136464437,0.4199925363063812
2727936,222,958.5,376,1127.19244129,7242,-0.025241591094527394,0.9832069873809814,2.148651119880378,0.2,0.3931803385416667,0.220742329955101,0.04068332,13590,5e-05,1.61301819657286,0.8011835813522339
2740224,223,956.19,378,1119.13317319,7241,-0.0230293075471612,0.9848003387451172,1.190544473597159,0.2,0.4421305338541667,0.220683291554451,0.047261063,13600,5e-05,1.6190941385924815,0.10232822597026825
2752512,224,964.0,380,1123.7890194600002,7239,-0.02757621552348913,0.9449019432067871,6.827834547807773,0.2,0.30967610677083335,0.22053635120391846,0.029255876,13610,5e-05,1.6264977979163329,2.4721031188964844
2764800,225,971.24,381,1130.49121432,7238,-0.03645864910989379,0.9916185736656189,0.4273671115748584,0.2,0.5133219401041667,0.2203269600868225,0.068222016,13620,5e-05,1.6378091769913832,0.09791745245456696
2777088,226,971.24,383,1128.95665222,7236,-0.043144779509748335,0.9927260875701904,0.38751174962768953,0.2,0.4590250651041667,0.219852015376091,0.051389337,13630,5e-05,1.6595534965395928,0.11875929683446884
2789376,227,984.16,385,1150.20019421,7235,-0.04218004678938693,0.9880476593971252,0.3926091225507359,0.2,0.42298990885416665,0.2194787859916687,0.047442455,13640,5e-05,1.678606474151214,0.08854782581329346
2801664,228,969.85,387,1127.90718681,7234,-0.04554864569120885,0.9950208067893982,0.38208772350723547,0.2,0.40216471354166666,0.21907122433185577,0.044383164,13650,5e-05,1.7034249037504197,0.09996617585420609
2813952,229,970.27,389,1126.7396877899998,7229,-0.02119626018393319,0.9737884402275085,3.1789956719304127,0.2,0.22093098958333332,0.21904797852039337,0.01968137,13660,5e-05,1.7166868132849535,2.1323184967041016
2826240,230,970.59,391,1123.13303391,7223,-0.04180573870544322,0.9850103855133057,0.5100021745388706,0.2,0.433984375,0.2183898687362671,0.0450301,13670,5e-05,1.736735912412405,0.14070984721183777
2838528,231,967.92,393,1122.20742483,7222,-0.02880262286926154,0.9830661416053772,0.8050541227372984,0.2,0.3701578776041667,0.21848952770233154,0.038338516,13680,5e-05,1.7540498067935308,0.1458914875984192
2850816,232,971.54,394,1134.35941488,7222,-0.027748167369281873,0.9816719889640808,0.711081063033392,0.2,0.3853759765625,0.21819452941417694,0.03735766,13690,5e-05,1.7617913054923215,0.19646495580673218
2863104,233,964.82,396,1134.72209812,7221,-0.04147307331052919,0.9941259622573853,0.3106365542548398,0.2,0.43348795572916665,0.21791194379329681,0.049575586,13700,5e-05,1.7796520506342253,0.06785866618156433
2875392,234,956.67,398,1126.4042485,7220,-0.03061078325069199,0.993182897567749,0.6254241183710595,0.2,0.3621907552083333,0.2177598476409912,0.03532712,13710,5e-05,1.792305521418651,0.04094588756561279
2887680,235,951.64,399,1122.7958683600002,7220,-0.02113803985703271,0.9760498404502869,3.6735726076488695,0.2,0.262451171875,0.2177053689956665,0.023552775,13720,5e-05,1.7993464676042399,1.347481608390808
2899968,236,960.85,401,1140.28041706,7220,-0.024704055252853626,0.9856498837471008,0.9259613373316824,0.2,0.39186197916666665,0.2175765484571457,0.045351755,13730,5e-05,1.8050356815258661,0.4440635144710541
2912256,237,960.85,403,1141.3249364,7219,-0.02236043498123763,0.9779779314994812,1.4045610700423519,0.2,0.41034342447916666,0.21749061346054077,0.046932165,13740,5e-05,1.8114176253477732,0.12412164360284805
2924544,238,966.73,405,1149.57110662,7219,-0.02997179141190524,0.9753251075744629,0.8693299517035484,0.2,0.44833170572916664,0.21731255948543549,0.051515747,13750,5e-05,1.8203120996554694,0.325773686170578
2936832,239,974.58,406,1162.3431385099998,7220,-0.027146535760160382,0.9826509356498718,1.2081902801369628,0.2,0.39939778645833335,0.21708917617797852,0.041514043,13760,5e-05,1.8324899978935718,0.6313076615333557
2949120,240,967.85,408,1153.10224278,7219,-0.040563970522392384,0.987553596496582,0.29904757474238675,0.2,0.4912923177083333,0.21664343774318695,0.057399552,13770,5e-05,1.8539755411446095,0.09754395484924316
2961408,241,974.57,410,1158.21341237,7219,-0.02811031083498771,0.9872472286224365,0.8558564771898091,0.2,0.4064453125,0.21628214418888092,0.04185022,13780,5e-05,1.8767094107965627,0.19796720147132874
2973696,242,982.72,411,1171.5724899200002,7218,-0.0438257742091082,0.993278443813324,0.2813177906597654,0.2,0.438134765625,0.2158840149641037,0.050641585,13790,5e-05,1.9020056421558063,0.0299396812915802
2985984,243,987.75,413,1177.57036452,7216,-0.042868211314392585,0.9935011267662048,0.27148621302718917,0.2,0.40391438802083335,0.2155788391828537,0.04280312,13800,5e-05,1.9223672531545162,0.06086594611406326
2998272,244,992.85,415,1185.14901486,7215,-0.041158646543044596,0.9905958771705627,0.274717347851644,0.2,0.4097819010416667,0.21531462669372559,0.04343364,13810,5e-05,1.9378976374864578,0.05826890468597412
3010560,245,987.36,417,1179.4987015400002,7214,-0.041775618694373406,0.9950513243675232,0.23744746468340358,0.2,0.3959879557291667,0.21493589878082275,0.04154643,13820,5e-05,1.9553321979939937,0.019933253526687622
3022848,246,987.78,418,1183.9761595900002,7214,-0.022993098902710094,0.9650759696960449,1.7941947551754613,0.2,0.31028645833333335,0.2148650884628296,0.030452305,13830,5e-05,1.9703357522686322,0.16639955341815948
3035136,247,985.6,420,1179.66863508,7212,-0.0424135137659808,0.9941946268081665,0.28384833379338187,0.2,0.42890625,0.21474647521972656,0.047416855,13840,5e-05,1.9770814490815003,0.08947059512138367
3047424,248,982.32,422,1178.57370449,7210,-0.025536836520768703,0.9764777421951294,1.251321025689443,0.2,0.35458170572916664,0.21463869512081146,0.035596356,13850,5e-05,1.9840233551959197,0.9131498336791992
3059712,249,978.52,424,1169.8831318700002,7210,-0.021558137991814875,0.9684107303619385,2.6024234026049573,0.2,0.321435546875,0.21457414329051971,0.027831383,13860,5e-05,1.9900908380746842,1.0431339740753174
3072000,250,978.52,425,1166.38938327,7211,-0.0257930380719093,0.9809411764144897,1.9867239320029815,0.2,0.33688151041666664,0.21427524089813232,0.03578247,13870,5e-05,2.000642928481102,0.3289565443992615
3084288,251,964.89,427,1148.4578000000001,7211,-0.03913503036407443,0.9950321912765503,0.28589579425752165,0.2,0.46310221354166664,0.21403729915618896,0.052661587,13880,5e-05,2.008949206272761,0.05610470473766327
3096576,252,952.37,429,1132.35608642,7212,-0.03159175639351209,0.9925728440284729,1.1273313844576478,0.2,0.34720052083333336,0.2139870673418045,0.032994032,13890,5e-05,2.019612574080626,0.3877008855342865
3108864,253,950.76,431,1127.59305131,7212,-0.027224439227332673,0.9887918829917908,2.596413963722686,0.2,0.29823404947916665,0.2138986438512802,0.028912788,13900,5e-05,2.023917212585608,0.7005017995834351
3121152,254,945.68,432,1123.12578944,7212,-0.01904036050934034,0.9756883382797241,1.2156636983466644,0.2,0.44168294270833336,0.21376192569732666,0.046871316,13910,5e-05,2.0302584181229273,0.6093290448188782
3133440,255,945.68,434,1121.36144784,7212,-0.033586021768375454,0.9938228726387024,0.6545433759689331,0.2,0.431982421875,0.21367932856082916,0.049426477,13920,5e-05,2.0389690523346267,0.13693028688430786
3145728,256,949.23,436,1118.26925517,7212,-0.03239973247643017,0.9681691527366638,0.922399690374732,0.2,0.4299072265625,0.2134445756673813,0.04959795,13930,5e-05,2.0482486138741174,0.41294288635253906
3158016,257,953.03,437,1129.74475343,7213,-0.023046947178954724,0.9772670269012451,1.9416779264807702,0.2,0.349853515625,0.21338073909282684,0.03793626,13940,5e-05,2.0595163608590763,0.26948368549346924
3170304,258,958.31,439,1132.0213382499999,7212,-0.03264158808354599,0.9831011891365051,0.70610580102851,0.2,0.46603190104166664,0.21312697231769562,0.057958912,13950,5e-05,2.068620391190052,0.13944131135940552
3182592,259,961.34,441,1134.3896459399998,7213,-0.032823334393712385,0.99155592918396,1.21695576608181,0.2,0.3718343098958333,0.2131696492433548,0.040216897,13960,5e-05,2.075656473139922,0.26211392879486084
3194880,260,973.86,442,1151.8242042299999,7213,-0.03822866736639601,0.9953092336654663,0.3139315195381641,0.2,0.47356770833333334,0.21296586096286774,0.05693796,13970,5e-05,2.079636562863986,0.07135650515556335
3207168,261,975.48,444,1151.1069439,7214,-0.043700022986740805,0.9923078417778015,0.29624700838079054,0.2,0.44707845052083334,0.21290099620819092,0.056430172,13980,5e-05,2.0886735652883845,0.038366228342056274
3219456,262,977.74,446,1152.50173357,7214,-0.033034172023568925,0.9909054636955261,1.00780573564892,0.2,0.3573486328125,0.21269242465496063,0.03890252,13990,5e-05,2.0979656130075455,0.30230340361595154
3231744,263,978.8,447,1157.0873756800002,7215,-0.03003964873011379,0.9882717132568359,0.764706588940074,0.2,0.3978515625,0.2122814804315567,0.04091998,14000,5e-05,2.1129561002055803,0.2359916865825653
3244032,264,965.12,449,1138.3709053300001,7215,-0.03961529329729577,0.9947469234466553,0.4159867060060302,0.2,0.431298828125,0.21203970909118652,0.050162125,14010,5e-05,2.1340494533379872,0.10444547981023788
3256320,265,965.12,451,1133.5419247300001,7216,-0.023713219911345125,0.9813847541809082,5.3656216913213335,0.2,0.25974934895833335,0.21198542416095734,0.01979524,14020,5e-05,2.1419712215662003,0.7046902179718018
3268608,266,970.44,452,1147.78391113,7216,-0.024067327232235886,0.981646716594696,1.8593697831655542,0.2,0.37314453125,0.21182596683502197,0.04405882,14030,5e-05,2.1496166328589124,0.21601760387420654
3280896,267,970.44,454,1142.34228251,7216,-0.04171343067331084,0.9869332313537598,0.32980871107429266,0.2,0.5061197916666667,0.21163974702358246,0.06507659,14040,5e-05,2.157502236465613,0.0776001513004303
3293184,268,966.73,456,1136.15270873,7217,-0.03971052639438615,0.9932788610458374,0.35645860445996125,0.2,0.4455810546875,0.21131785213947296,0.052953154,14050,5e-05,2.174161270260811,0.08254179358482361
3305472,269,969.23,458,1135.28448338,7217,-0.027236154572165105,0.9895902872085571,1.107679234817624,0.2,0.3505126953125,0.21113944053649902,0.037180435,14060,5e-05,2.1873379801710446,0.15059036016464233
3317760,270,960.41,459,1122.1320175499998,7216,-0.025309925377951004,0.9800452589988708,1.9638692202046513,0.2,0.33721516927083334,0.21109628677368164,0.03143357,14070,5e-05,2.196384359896183,0.18451300263404846
3330048,271,959.41,461,1121.8579415699999,7216,-0.024826231524154235,0.9856266379356384,2.3768529299646617,0.2,0.32583821614583336,0.2109064906835556,0.03306781,14080,5e-05,2.2065409923593204,0.8350749015808105
3342336,272,967.64,463,1134.81366669,7217,-0.023764797586530526,0.9866429567337036,1.4478667836636305,0.2,0.4258951822916667,0.21072518825531006,0.048176784,14090,5e-05,2.2195550267895063,0.7409260869026184
3354624,273,962.69,464,1129.22195728,7217,-0.024787185357611936,0.9731520414352417,5.206450056036314,0.2,0.3525797526041667,0.2105926275253296,0.03236908,14100,5e-05,2.228794207672278,1.907821536064148
3366912,274,953.55,466,1120.3986257299998,7218,-0.02258818314100305,0.9841015934944153,1.6316555259749292,0.2,0.4937255859375,0.21044699847698212,0.05939688,14110,5e-05,2.236388884484768,2.2481255531311035
3379200,275,951.06,468,1118.4070261000002,7217,-0.023308996093692257,0.9706902503967285,1.8490194847186407,0.2,0.4003499348958333,0.21031224727630615,0.038201403,14120,5e-05,2.243440568447113,1.4440195560455322
3391488,276,954.77,469,1127.8053173800001,7217,-0.02609763095000138,0.9877966642379761,0.9222865114298959,0.2,0.4368082682291667,0.21007239818572998,0.051620807,14130,5e-05,2.260233879586061,0.2738087773323059
3403776,277,957.75,471,1137.4259472600002,7216,-0.041108443130118154,0.9907538890838623,0.26693581038465103,0.2,0.5070068359375,0.20994138717651367,0.06462394,14140,5e-05,2.268567694226901,0.050657592713832855
3416064,278,971.57,473,1164.4375281000002,7213,-0.04094234557802944,0.986089825630188,0.23017347091808915,0.2,0.44143880208333336,0.20944030582904816,0.050462198,14150,5e-05,2.2913542052110034,0.08190399408340454
3428352,279,977.86,475,1168.5719012000002,7213,-0.037937463033207074,0.9947633147239685,0.24063343241189916,0.2,0.4194742838541667,0.20911520719528198,0.047953486,14160,5e-05,2.3127274736762047,0.04792463779449463
3440640,280,979.06,477,1172.11776246,7212,-0.03469137155916542,0.9921472668647766,0.3234996418158213,0.2,0.41482747395833336,0.20906881988048553,0.043608356,14170,5e-05,2.3277359729011855,0.07791130989789963
3452928,281,984.01,478,1180.4362287400002,7209,-0.02951700217672624,0.9922828078269958,0.685535392506669,0.2,0.35665690104166664,0.2089664489030838,0.035160836,14180,5e-05,2.33610268086195,0.09125219285488129
3465216,282,984.49,480,1179.41970773,7208,-0.03303703141864389,0.9899870157241821,0.42847427874803545,0.2,0.42344563802083335,0.2088218480348587,0.04593389,14190,5e-05,2.345069214204947,0.13592903316020966
3477504,283,983.49,482,1177.2943472099996,7207,-0.02388742151039575,0.9801528453826904,1.3142503786832094,0.2,0.32369791666666664,0.20876158773899078,0.030085852,14200,5e-05,2.349430917700132,0.5880601406097412
3489792,284,975.2,484,1163.60482456,7207,-0.021944349532714114,0.9597182869911194,1.5103017929941416,0.2,0.4034016927083333,0.20874883234500885,0.04311124,14210,5e-05,2.352947234114011,1.4853174686431885
3502080,285,967.97,486,1149.4611585900002,7205,-0.023473840287382093,0.9783374071121216,1.9986220027630528,0.2,0.3163248697916667,0.20870137214660645,0.033132788,14220,5e-05,2.3560713440179826,0.9908475875854492
3514368,286,967.97,487,1143.56396157,7203,-0.022168881179823074,0.9776536822319031,2.4402878758807978,0.2,0.32765299479166665,0.20874015986919403,0.0277659,14230,5e-05,2.357933975259463,0.43574273586273193
3526656,287,967.57,489,1148.4948315,7201,-0.028946866918704472,0.9893136620521545,1.3339355723932385,0.2,0.40872395833333336,0.20854727923870087,0.045871098,14240,5e-05,2.363184311489264,0.3245060443878174
3538944,288,971.93,491,1155.6052027599999,7202,-0.0358881706672643,0.9955889582633972,0.2539324711076915,0.2,0.5211018880208333,0.20846611261367798,0.06735325,14250,5e-05,2.371591988702615,0.05979796499013901
3551232,289,970.58,493,1153.41396874,7202,-0.04134971993820121,0.9952976703643799,0.3685472237567107,0.2,0.4472412109375,0.20827090740203857,0.052411888,14260,5e-05,2.3859887848297756,0.07805793732404709
3563520,290,966.34,494,1147.3825276599998,7203,-0.020223434533302984,0.9665737748146057,3.681649610648553,0.2,0.2672607421875,0.20819778740406036,0.021169221,14270,5e-05,2.3941525265574457,1.1455270051956177
3575808,291,969.83,496,1149.72887065,7202,-0.022884305818297434,0.9747361540794373,1.3947036056468884,0.2,0.365869140625,0.2079436033964157,0.035815645,14280,5e-05,2.402834719916185,0.312511146068573
3588096,292,978.12,498,1164.05309472,7202,-0.03935814939128856,0.9856970906257629,0.26164923813194035,0.2,0.48524576822916665,0.20746636390686035,0.06365182,14290,5e-05,2.4283800795674324,0.06304745376110077
3600384,293,985.35,499,1177.5875557699999,7202,-0.043075902364216746,0.9907892942428589,0.23868075646460057,0.2,0.4543212890625,0.2069217711687088,0.053503036,14300,5e-05,2.4611370439330735,0.034414708614349365
3612672,294,985.75,501,1186.78038871,7203,-0.02672351176588563,0.9604892134666443,0.9255019281059503,0.2,0.36586100260416665,0.20691494643688202,0.038150113,14310,5e-05,2.4764640306433043,0.5428690314292908
3624960,295,974.21,503,1169.3952716899998,7203,-0.040965303978494676,0.9933344125747681,0.2181510909770926,0.2,0.44102376302083335,0.2066543847322464,0.05088094,14320,5e-05,2.483399933576584,0.058771371841430664
3637248,296,970.8,505,1164.5921166300002,7202,-0.022378011236044888,0.9787479639053345,1.71643760347118,0.2,0.29722493489583335,0.2065420299768448,0.026735192,14330,5e-05,2.49532621751229,0.1346709281206131
3649536,297,973.1,506,1171.9795261699999,7202,-0.025207973713986576,0.9712079167366028,3.000638979487121,0.2,0.2928385416666667,0.20650511980056763,0.030056283,14340,5e-05,2.5029595926404,1.2262158393859863
3661824,298,981.19,508,1184.79899946,7202,-0.02704951088720312,0.9777534008026123,1.2546933759624759,0.2,0.42764485677083336,0.20624017715454102,0.044079315,14350,5e-05,2.512525336444378,0.18100203573703766
3674112,299,981.19,510,1187.76443188,7202,-0.02682337346826292,0.9620921611785889,1.4317617232600848,0.2,0.4469075520833333,0.20598037540912628,0.054228496,14360,5e-05,2.5240448211630184,0.3027555048465729
3686400,300,975.64,511,1169.1060768,7202,-0.032522680169980354,0.9899176955223083,1.1512685159221292,0.2,0.4213785807291667,0.20575249195098877,0.045481533,14370,5e-05,2.5359758059183757,0.2777801752090454
3698688,301,975.64,513,1174.69714118,7202,-0.035592752405500507,0.9924200773239136,0.3409587844585379,0.2,0.4765706380208333,0.20566700398921967,0.05585311,14380,5e-05,2.543338314195474,0.14154364168643951
3710976,302,965.25,515,1149.7330267,7203,-0.03600217636849266,0.9914084076881409,0.39519495945423844,0.2,0.4502034505208333,0.2054026573896408,0.05276096,14390,5e-05,2.5570066049695015,0.09475696086883545
3723264,303,964.07,516,1149.64220243,7202,-0.022151448113436344,0.9779782891273499,2.4873277992630998,0.2,0.30084635416666666,0.20530252158641815,0.026718175,14400,5e-05,2.56514530479908,1.445722222328186
3735552,304,961.31,518,1146.80295118,7201,-0.021792630470008588,0.9761926531791687,2.1336891183629634,0.2,0.3254638671875,0.20510365068912506,0.03194705,14410,5e-05,2.573387137055397,2.6176130771636963
3747840,305,965.17,520,1152.8188914600003,7200,-0.023663027002718686,0.984541654586792,1.767332756705582,0.2,0.3698649088541667,0.20485198497772217,0.03985256,14420,5e-05,2.5872760618726414,0.16446274518966675
3760128,306,964.47,522,1148.07513341,7198,-0.03863690217258409,0.9932618141174316,0.2867781547829509,0.2,0.5208902994791667,0.20479018986225128,0.06925442,14430,5e-05,2.595914521316687,0.05050445348024368
3772416,307,962.28,524,1152.1167602400003,7197,-0.025044361510663294,0.9738230109214783,2.091962091003855,0.2,0.42384440104166665,0.2045723795890808,0.043915566,14440,5e-05,2.6031597082813582,0.15377742052078247
3784704,308,957.96,525,1148.29741367,7196,-0.02862619734223699,0.9893626570701599,0.863801818403105,0.2,0.40288899739583334,0.20458070933818817,0.0452618,14450,5e-05,2.6136614988247553,0.34415116906166077
3796992,309,950.76,527,1136.7085843800003,7195,-0.017961291897033032,0.9607166647911072,3.9742162787665922,0.2,0.35020345052083335,0.20454704761505127,0.034106955,14460,5e-05,2.6170222674806913,1.110565423965454
3809280,310,961.15,529,1154.3784751899998,7191,-0.021348048887254358,0.9519887566566467,4.124892529721062,0.2,0.3680501302083333,0.20444679260253906,0.03930958,14470,5e-05,2.6212788566946985,3.579806327819824
3821568,311,967.18,531,1162.69223206,7190,-0.032079888248699714,0.9796239733695984,0.43874622626851,0.2,0.5209309895833333,0.20420633256435394,0.067748144,14480,5e-05,2.630985696613789,0.09656265377998352
3833856,312,973.35,533,1165.6727844299999,7184,-0.029418550861494926,0.99143385887146,0.7747451765462756,0.2,0.4221598307291667,0.2039453238248825,0.044154514,14490,5e-05,2.64673919826746,0.053349606692790985
3846144,313,966.37,1023,1154.66469434,3757,-0.03877487225593844,0.9937867522239685,0.340018908927838,0.2,0.46486002604166665,0.20369625091552734,0.051787946,14500,5e-05,2.65857867449522,0.0848473459482193
3858432,314,965.36,1030,1155.90173686,3745,-0.02480849422184595,0.9835682511329651,1.8001938571532567,0.2,0.30084635416666666,0.20368744432926178,0.028724,14510,5e-05,2.6670244112610817,1.0020098686218262
3870720,315,973.1,1043,1162.28969983,3709,-0.03788898359925952,0.9962151050567627,0.28842215103407703,0.2,0.45359700520833335,0.20333361625671387,0.054090973,14520,5e-05,2.6789150620500246,0.10934847593307495
3883008,316,977.42,1052,1171.09344604,3688,-0.044523406619070255,0.9909864664077759,0.3321705180530747,0.2,0.44833984375,0.20303691923618317,0.052450266,14530,5e-05,2.6980891982714335,0.09148557484149933
3895296,317,978.78,1059,1173.23141684,3677,-0.0397953047058157,0.9913686513900757,0.2656222084847589,0.2,0.42816569010416666,0.2027875781059265,0.04925101,14540,5e-05,2.7158658196528753,0.051574982702732086
3907584,318,968.49,1065,1156.6813646400003,3667,-0.03213378040818497,0.9926174879074097,0.7710619160284599,0.2,0.3565185546875,0.20240426063537598,0.03689781,14550,5e-05,2.7353009487191837,0.42045170068740845
3919872,319,975.18,1069,1156.8588485100001,3664,-0.022055518007255158,0.9795867800712585,2.9729701947420835,0.2,0.3354248046875,0.2022111862897873,0.03183472,14560,5e-05,2.752615350484848,1.2199169397354126
3932160,320,975.18,1642,1156.6160696600002,2394,-0.040323952515609565,0.9796541929244995,0.4853154396948715,0.2,0.463720703125,0.20174485445022583,0.056253273,14570,5e-05,2.7716702580451966,0.13449566066265106
3944448,321,983.87,1645,1170.36186141,2396,-0.04330555569807378,0.9932560324668884,0.2907490354341765,0.2,0.4463623046875,0.20159399509429932,0.050411355,14580,5e-05,2.792605860034625,0.061204634606838226
3956736,322,983.87,1658,1166.0141169899998,2385,-0.04045414885040373,0.994515061378479,0.2617835917820533,0.2,0.4232177734375,0.20137940347194672,0.04834013,14590,5e-05,2.802921092013518,0.04242020845413208
3969024,323,983.87,1665,1161.1586922699998,2382,-0.04647911395780587,0.9932465553283691,0.3412939434560637,0.2,0.4219482421875,0.20091772079467773,0.04800791,14600,5e-05,2.8237579300999642,0.11842651665210724
3981312,324,983.87,1672,1163.8646177599999,2380,-0.03271440035314299,0.9963687658309937,0.266860861176004,0.2,0.4236572265625,0.20081132650375366,0.045102626,14610,5e-05,2.8410653044780094,0.027568086981773376
3993600,325,989.71,1678,1168.04510652,2378,-0.04268260928414141,0.9905362129211426,0.2756053716875613,0.2,0.40753580729166666,0.2002677470445633,0.045404922,14620,5e-05,2.8634875322381657,0.07575821876525879
4005888,326,996.85,1684,1177.55118237,2378,-0.0391664767783368,0.9880735278129578,0.4987731935766836,0.2,0.3977294921875,0.20013372600078583,0.04111963,14630,5e-05,2.8846394076943396,0.07957450300455093
4018176,327,985.84,1782,1169.10332301,2254,-0.042586724496989824,0.994207501411438,0.26183696469912926,0.2,0.40818684895833335,0.1999160498380661,0.046206173,14640,5e-05,2.899421887596448,0.07298155874013901
4030464,328,974.03,1784,1160.7266378500003,2258,-0.022765604889718814,0.9828439354896545,1.7632943615938226,0.2,0.3008951822916667,0.19985038042068481,0.026660318,14650,5e-05,2.9077860082189244,0.10631728917360306
4042752,329,974.03,1788,1153.95823909,2261,-0.021455232265482967,0.9833196401596069,2.7558621735622486,0.2,0.3251139322916667,0.19967734813690186,0.035989817,14660,5e-05,2.9154051423072813,2.2941997051239014
4055040,330,974.03,1795,1157.5473231600001,2258,-0.02055496679483137,0.9447727203369141,2.101244888144235,0.2,0.36385904947916664,0.19947338104248047,0.035190027,14670,5e-05,2.9235940858721734,0.33154037594795227
4067328,331,973.16,1801,1159.5134942600002,2257,-0.03085379140926913,0.9850956797599792,0.47731165327131747,0.2,0.47234700520833334,0.19924062490463257,0.059909116,14680,5e-05,2.9357026755809783,0.11192674934864044
4079616,332,973.16,1807,1161.94530041,2256,-0.027826743533417662,0.9895672798156738,1.1008078327092032,0.2,0.4169677734375,0.199202299118042,0.04679023,14690,5e-05,2.9472198650240897,0.16518297791481018
4091904,333,973.16,1813,1167.02195325,2256,-0.029652774528464456,0.9809272289276123,0.5795900539805492,0.2,0.48378092447916665,0.19869780540466309,0.06616881,14700,5e-05,2.9633147820830343,0.2522673010826111
4104192,334,966.25,1819,1157.67144803,2255,-0.037606853834586215,0.9923662543296814,0.22273340004806716,0.2,0.46524251302083336,0.19844494760036469,0.055754263,14710,5e-05,2.9862170040607454,0.026933282613754272
4116480,335,975.06,1825,1172.42713239,2254,-0.02482649306524157,0.9860889315605164,1.0533958753570913,0.2,0.3863932291666667,0.19824306666851044,0.043451715,14720,5e-05,2.998501165707906,0.12658968567848206
4128768,336,980.26,1829,1179.0872287500001,2257,-0.022994754500541604,0.9772165417671204,0.8677934451339145,0.2,0.40257161458333335,0.19818328320980072,0.04278044,14730,5e-05,3.005035075545311,0.1521916687488556
4141056,337,967.31,2734,1168.29620093,1514,-0.019617524345812855,0.9717659950256348,1.937199637138595,0.2,0.3529052734375,0.1981426477432251,0.03550634,14740,5e-05,3.007808368901412,0.8078309893608093
4153344,338,967.31,2738,1167.3661304999998,1516,-0.022712763625895603,0.978792667388916,3.950515041376154,0.2,0.3042236328125,0.19811345636844635,0.026717467,14750,5e-05,3.010743012527625,1.1649525165557861
4165632,339,967.35,2745,1168.78611896,1517,-0.029519993452413473,0.9699313640594482,0.4604118817485869,0.2,0.5125081380208333,0.1978914588689804,0.06750546,14760,5e-05,3.020175216595332,0.10962697863578796
4177920,340,960.51,2751,1157.10707679,1518,-0.020896119271249822,0.9543653130531311,2.9592578447734317,0.2,0.4430908203125,0.19771791994571686,0.04939467,14770,5e-05,3.035118095576763,3.5106496810913086
4190208,341,956.85,2758,1151.55958449,1518,-0.028280868206638842,0.9909331798553467,0.9839334727575382,0.2,0.4476236979166667,0.1976713389158249,0.04646191,14780,5e-05,3.044882968068123,0.259975790977478
4202496,342,963.76,2764,1153.29913621,1520,-0.027859298816959685,0.9911104440689087,0.9954165912543734,0.2,0.4010416666666667,0.19752652943134308,0.046978384,14790,5e-05,3.054121104379495,0.2715807557106018
4214784,343,963.18,2770,1151.5081557199999,1521,-0.034300311112989826,0.9828894138336182,0.40426791763554015,0.2,0.478564453125,0.19719348847866058,0.058069747,14800,5e-05,3.0686718369523684,0.06573734432458878
4227072,344,969.52,2776,1162.05341794,1522,-0.018097325423150325,0.967029869556427,1.6275654801788428,0.2,0.4166015625,0.19710110127925873,0.04607032,14810,5e-05,3.085899508992831,0.22412270307540894
4239360,345,978.84,3683,1176.82553975,1151,-0.022191135517399138,0.9645186066627502,3.4956937968730926,0.2,0.3308024088541667,0.19700169563293457,0.035266012,14820,5e-05,3.093068631986777,0.4125994145870209
4251648,346,978.84,3685,1177.66592019,1153,-0.037317895778687674,0.9938708543777466,0.2845345901946227,0.2,0.504638671875,0.197015643119812,0.062211704,14830,5e-05,3.096099669734637,0.07301932573318481
4263936,347,979.67,3692,1178.08469724,1154,-0.03181452576585191,0.9882655143737793,0.609294971699516,0.2,0.42860514322916665,0.19698850810527802,0.04853456,14840,5e-05,3.1016006052494047,0.14710095524787903
4276224,348,976.78,3700,1175.22783405,1155,-0.03208583075320348,0.9888436198234558,0.592143110682567,0.2,0.42890625,0.19691456854343414,0.053580385,14850,5e-05,3.106877002120018,0.1387246698141098
4288512,349,964.27,3707,1160.61723054,1156,-0.025949535729402364,0.9827671051025391,2.4349788182725507,0.2,0.3525309244791667,0.19675962626934052,0.03392071,14860,5e-05,3.112294695278009,0.35267674922943115
4300800,350,964.27,3713,1165.7975357,1158,-0.025501375433911257,0.9832794070243835,2.8276929893841345,0.2,0.2864013671875,0.19673186540603638,0.026758345,14870,5e-05,3.1169498190283775,1.703310251235962
4313088,351,970.2,3719,1171.1466669699998,1159,-0.025889950600685552,0.9803608059883118,1.0097573117663463,0.2,0.4801106770833333,0.19659817218780518,0.061818328,14880,5e-05,3.125173292060693,0.9046070575714111
4325376,352,974.1,3724,1179.36089662,1161,-0.03889774850201017,0.9945014715194702,0.2544788046739995,0.2,0.506689453125,0.19620175659656525,0.063873775,14890,5e-05,3.142964824040731,0.038422033190727234
4337664,353,974.1,3728,1173.3620845100002,1163,-0.040229954113116646,0.9950025677680969,0.2538141828030348,0.2,0.45221354166666666,0.19581349194049835,0.05241249,14900,5e-05,3.171580213308334,0.039794519543647766
4349952,354,966.85,3758,1154.7579487600003,1157,-0.045282483003393284,0.9895428419113159,0.33456144308050473,0.2,0.4478515625,0.195539653301239,0.053489994,14910,5e-05,3.1924224575360616,0.06387804448604584
4362240,355,966.85,3760,1154.42089418,1159,-0.025742508664067524,0.9824308156967163,1.2596198732033372,0.2,0.3567138671875,0.19528622925281525,0.034256976,14920,5e-05,3.209293416639169,0.2932833135128021
4374528,356,958.85,3767,1147.49391371,1161,-0.04313178844604408,0.991926908493042,0.238293296781679,0.2,0.4608968098958333,0.19511409103870392,0.054150257,14930,5e-05,3.2263016288479167,0.05137424170970917
4386816,357,962.71,3774,1150.80940345,1162,-0.018880609018378892,0.9697323441505432,4.156652964899937,0.2,0.35751139322916664,0.1951127052307129,0.03582813,14940,5e-05,3.2316168397665024,0.19485102593898773
4399104,358,962.71,3780,1146.23873911,1163,-0.024963815327888977,0.9825571775436401,3.04601427577436,0.2,0.3077880859375,0.19510768353939056,0.02845939,14950,5e-05,3.2349538852771125,1.2009005546569824
4411392,359,962.71,3786,1144.4950825699998,1165,-0.03734112502619003,0.9881815910339355,0.4914853030194839,0.2,0.48212076822916666,0.19504468142986298,0.06272467,14960,5e-05,3.2380902409553527,0.16077634692192078
4423680,360,962.71,3792,1136.35469583,1166,-0.04434453763242345,0.9908648133277893,0.3029602957268556,0.2,0.46669921875,0.19464163482189178,0.058309827,14970,5e-05,3.250207299987475,0.04810599982738495
4435968,361,962.71,3797,1136.2363954100001,1168,-0.03822014044368795,0.9934287667274475,0.33705351408571005,0.2,0.4338460286458333,0.1943848729133606,0.049160037,14980,5e-05,3.270067033171654,0.06130799651145935
4448256,362,969.96,3802,1146.3828217600003,1169,-0.021961085814594602,0.9775969386100769,0.5129247787718971,0.2,0.41118977864583334,0.19425272941589355,0.048103947,14990,5e-05,3.282947401702404,0.15893977880477905
4460544,363,969.96,3827,1150.4061574799998,1165,-0.038491241911348575,0.9916123151779175,0.37746886278813085,0.2,0.44379069010416666,0.1939733624458313,0.05121258,15000,5e-05,3.2990626240770022,0.0843157172203064
4472832,364,987.69,3830,1171.23542795,1167,-0.03969568446045742,0.9953951239585876,0.29942137161269783,0.2,0.417822265625,0.19366319477558136,0.049407374,15010,5e-05,3.3186282267173133,0.10295750945806503
4485120,365,982.06,3838,1164.8791983699998,1168,-0.043527868021434796,0.9915876984596252,0.2738914147950709,0.2,0.4359944661458333,0.19359616935253143,0.04981726,15020,5e-05,3.331588073571523,0.06097748875617981
4497408,366,982.06,3846,1168.90413028,1169,-0.022569344346993602,0.9747493267059326,1.7255830350642403,0.2,0.2505615234375,0.19354002177715302,0.019856595,15030,5e-05,3.337569254140059,1.3715713024139404
4509696,367,975.01,3853,1163.54969218,1170,-0.03861992352321977,0.9895190596580505,0.41187433109929167,0.2,0.4545166015625,0.1935867816209793,0.054567695,15040,5e-05,3.3380954032142958,0.10721160471439362
4521984,368,975.01,3859,1169.33559206,1171,-0.024504151903480913,0.9780178666114807,0.770798980196317,0.2,0.404052734375,0.1935051530599594,0.042761493,15050,5e-05,3.340634562075138,0.15162086486816406
4534272,369,972.69,3865,1171.57129301,1172,-0.037607970842994595,0.9928976893424988,0.26850315937772395,0.2,0.45196126302083334,0.19340097904205322,0.05377379,15060,5e-05,3.3466444671154023,0.08267706632614136
4546560,370,967.79,3871,1172.9764567,1174,-0.02134264191966698,0.9768920540809631,1.1267889644019307,0.2,0.37734375,0.1934676170349121,0.041588765,15070,5e-05,3.3518270954489706,0.38610297441482544
4558848,371,963.23,4950,1167.22718846,920,-0.026406172567415828,0.9909337759017944,0.7780838862682382,0.2,0.39930826822916665,0.1933116465806961,0.044254202,15080,5e-05,3.356920295457045,0.38354456424713135
4571136,372,955.65,4952,1154.79527542,922,-0.02309967754796768,0.9843400120735168,1.8202954342588782,0.2,0.3879475911458333,0.19316251575946808,0.045778263,15090,5e-05,3.370796605447928,3.028113603591919
4583424,373,962.85,5856,1163.96674358,782,-0.022174014720561293,0.9770025014877319,3.7996874457225203,0.2,0.3217854817708333,0.19305896759033203,0.032102995,15100,5e-05,3.3767453148961066,1.6106544733047485
4595712,374,955.22,5858,1150.81881022,784,-0.021197767726456127,0.9806597828865051,2.577677066127459,0.2,0.45502115885416666,0.19310720264911652,0.05463456,15110,5e-05,3.3778606578707695,0.634871780872345
4608000,375,954.66,5862,1150.24754801,786,-0.022103612860761738,0.9316502809524536,3.838795803487301,0.2,0.43221842447916664,0.19295012950897217,0.05106902,15120,5e-05,3.3810615797837573,0.9204832911491394
4620288,376,947.79,5869,1139.5955119199998,787,-0.026136835354069868,0.984148383140564,3.0907007926454146,0.2,0.38218587239583335,0.19287477433681488,0.044082463,15130,5e-05,3.3894963170091312,1.1388391256332397
4632576,377,945.14,5875,1136.8341214200002,788,-0.029955359262142642,0.9911354780197144,0.6426192471136649,0.2,0.5516357421875,0.19255739450454712,0.08196863,15140,5e-05,3.4028939311703046,0.16890418529510498
4644864,378,954.6,5882,1136.3065561600001,789,-0.02400792340437571,0.9864860773086548,1.531295475922525,0.2,0.43779296875,0.19237343966960907,0.047892887,15150,5e-05,3.420551556845506,0.6540216207504272
4657152,379,950.98,5888,1134.35598461,790,-0.029197649501535732,0.9738318920135498,1.0138086477294563,0.2,0.458642578125,0.19231171905994415,0.060163114,15160,5e-05,3.4259518777330715,0.18672117590904236
4669440,380,958.28,5894,1143.77259071,792,-0.024162199383135886,0.9856444001197815,1.8458871726567547,0.2,0.4337646484375,0.19221355020999908,0.050300162,15170,5e-05,3.428695634007454,0.17592787742614746
4681728,381,961.72,5899,1147.8122783999997,793,-0.038686592659602566,0.9922707080841064,0.23030124347036082,0.2,0.5215087890625,0.1922915130853653,0.069400065,15180,5e-05,3.433442430694898,0.04639136418700218
4694016,382,962.55,6805,1149.4260928800002,689,-0.040397352050058545,0.9940279126167297,0.3228054391530653,0.2,0.46697591145833334,0.19191057980060577,0.05616519,15190,5e-05,3.442461121579011,0.026743505150079727
4706304,383,973.21,6808,1164.4526787500001,691,-0.03244419616530649,0.9894078373908997,0.6619624940678477,0.2,0.41627604166666665,0.19165538251399994,0.043736856,15200,5e-05,3.4596536432703338,0.466105580329895
4718592,384,973.21,6811,1162.8503300000002,692,-0.02412938728375593,0.9804656505584717,0.9181094938889146,0.2,0.38649088541666665,0.1914283037185669,0.040195752,15210,5e-05,3.4774785468975704,0.06999628245830536
4730880,385,966.14,6818,1157.1970098499996,693,-0.024927091064940517,0.9866622686386108,1.288039181412508,0.2,0.3734375,0.19123202562332153,0.039105777,15220,5e-05,3.4920067379872006,0.09948000311851501
4743168,386,966.14,6824,1166.42588907,695,-0.028985613554929537,0.9924497604370117,0.6964154144438605,0.2,0.4690755208333333,0.19098226726055145,0.06131491,15230,5e-05,3.5109750484426816,0.17610901594161987
4755456,387,977.34,6830,1183.58233707,696,-0.036136217884874595,0.9939654469490051,0.30827196907872956,0.2,0.46339518229166665,0.1910141557455063,0.055010233,15240,5e-05,3.520899514357249,0.07884150743484497
4767744,388,972.75,6836,1179.6714486600001,697,-0.03948607291094959,0.9952489733695984,0.1711443930088232,0.2,0.4453369140625,0.19055397808551788,0.051207405,15250,5e-05,3.535859982172648,0.010223805904388428
4780032,389,961.88,6842,1167.00758467,698,-0.02184777052849919,0.9810076951980591,2.1550318824127315,0.2,0.2832275390625,0.19047844409942627,0.025337579,15260,5e-05,3.5510783210396766,0.5395068526268005
4792320,390,968.68,6848,1173.84421158,699,-0.02071235079395895,0.969560444355011,4.442010180590054,0.2,0.21256510416666666,0.19041390717029572,0.01729937,15270,5e-05,3.5562047635515532,1.0161523818969727
4804608,391,965.32,7754,1172.40987863,619,-0.033099279443073705,0.9877413511276245,0.6037675216173132,0.2,0.49246419270833336,0.19038641452789307,0.068293355,15280,5e-05,3.562782878180345,0.1985839605331421
4816896,392,971.27,7756,1175.80097171,620,-0.02636530473731303,0.9810439348220825,0.8673294104014834,0.2,0.44716796875,0.19020675122737885,0.05006833,15290,5e-05,3.569734104971091,0.09746246039867401
4829184,393,977.36,7761,1178.93959663,622,-0.03575833832534651,0.9902129769325256,0.34384112056965627,0.2,0.4963785807291667,0.19006268680095673,0.060426902,15300,5e-05,3.5812692791223526,0.11334483325481415
4841472,394,977.36,7769,1180.14899092,623,-0.033394989579877195,0.9848260879516602,0.5476977945615847,0.2,0.44473470052083336,0.19016192853450775,0.050155163,15310,5e-05,3.580537600318591,0.12229395657777786
4853760,395,973.22,7775,1172.59927907,624,-0.03735258751112269,0.9939253330230713,0.20268008233979345,0.2,0.44440104166666666,0.18991972506046295,0.050969522,15320,5e-05,3.590317638715108,0.02941492572426796
4866048,396,977.81,7781,1175.63321842,625,-0.02370556143238597,0.9571858048439026,2.1926481520757077,0.2,0.3189778645833333,0.18979226052761078,0.029057255,15330,5e-05,3.601337005198002,0.38825321197509766
4878336,397,981.72,7789,1180.5562820599998,626,-0.03329742612161984,0.9934455752372742,0.23500929620737832,0.2,0.4792399088541667,0.18974681198596954,0.05794257,15340,5e-05,3.6084188694755235,0.04326101392507553
4890624,398,981.34,7795,1182.23193628,627,-0.023094331314981294,0.9861228466033936,0.6078922690823674,0.2,0.39495442708333334,0.1895807534456253,0.040551953,15350,5e-05,3.617206263542175,0.20029236376285553
4902912,399,979.77,7800,1177.70994947,628,-0.024158256658120082,0.9760544896125793,0.9410002728924155,0.2,0.41363118489583334,0.1894942671060562,0.04573657,15360,5e-05,3.626111859579881,0.10808858275413513
4915200,400,979.77,8703,1182.7691092599998,564,-0.0256143714437106,0.9795586466789246,3.27880329657346,0.2,0.28212076822916665,0.1893237829208374,0.02398175,15370,5e-05,3.6376671706636747,1.6883741617202759
4927488,401,979.32,8707,1179.89333257,565,-0.03455437864176929,0.9886021614074707,0.31844560612613954,0.2,0.5017578125,0.1890028715133667,0.06319687,15380,5e-05,3.650345489879449,0.08327845484018326
4939776,402,973.28,8714,1168.4585046599998,566,-0.022945713611746518,0.9862037301063538,0.9131479249025385,0.2,0.41375325520833334,0.18883894383907318,0.045621257,15390,5e-05,3.665272051592668,0.24646857380867004
4952064,403,967.12,8720,1164.10963438,567,-0.021480543507883944,0.968314528465271,3.746651247764627,0.2,0.31494140625,0.18873639404773712,0.02710139,15400,5e-05,3.6737999553481737,2.4406988620758057
4964352,404,966.19,8725,1159.6825589,568,-0.03231296045317625,0.9907706379890442,0.4204717733276387,0.2,0.5193929036458333,0.1886158138513565,0.07219693,15410,5e-05,3.6812823846936227,0.22389523684978485
4976640,405,967.62,8732,1157.5967346099999,569,-0.02025265158251083,0.9477214813232422,3.9908476538335282,0.2,0.41314290364583334,0.18862323462963104,0.044062946,15420,5e-05,3.686329474548499,5.78645658493042
4988928,406,959.31,8737,1142.3364442099999,570,-0.022742112624109724,0.969602644443512,5.375151436589658,0.2,0.35130208333333335,0.18868596851825714,0.035018753,15430,5e-05,3.6839237814148267,0.8677551746368408
5001216,407,961.32,8743,1148.6100690100002,571,-0.02267085543232194,0.9799993634223938,3.4504956603671113,0.2,0.32760416666666664,0.18865756690502167,0.03202733,15440,5e-05,3.684042100608349,0.6210132837295532
5013504,408,954.14,8747,1141.67005286,573,-0.01596090217062738,0.9769552946090698,1.2683003074489534,0.2,0.5331787109375,0.18854551017284393,0.07397845,15450,5e-05,3.687519676486651,0.5992693901062012
5025792,409,954.59,8915,1150.17031086,563,-0.019172274373704567,0.9769402742385864,2.0576313614845274,0.2,0.469580078125,0.18839500844478607,0.06161037,15460,5e-05,3.696522851785024,2.205317735671997
5038080,410,966.21,8917,1164.94180868,564,-0.0312628140731249,0.9860792756080627,0.7221440996043385,0.2,0.5140462239583333,0.1881757229566574,0.070206635,15470,5e-05,3.704309961696466,0.2609505355358124
5050368,411,955.01,8920,1152.51840181,566,-0.026995651118825965,0.9840613603591919,0.5425099151829879,0.2,0.49728190104166664,0.18790076673030853,0.068536766,15480,5e-05,3.719554488360882,0.09093151986598969
5062656,412,955.94,8922,1155.0140991300002,567,-0.026302329139434734,0.9881603717803955,1.389404027039806,0.2,0.359521484375,0.187733992934227,0.039008386,15490,5e-05,3.7353329370419184,0.69019615650177
5074944,413,961.12,8924,1161.3798452600001,568,-0.02380922847854284,0.97706538438797,2.4895786829292774,0.2,0.3665852864583333,0.1876317411661148,0.038556136,15500,5e-05,3.7467333937684697,2.6069982051849365
5087232,414,965.47,8926,1170.49386464,569,-0.03423285458508569,0.9963012337684631,0.30422302093356846,0.2,0.528759765625,0.18736161291599274,0.071705334,15510,5e-05,3.7542285417517025,0.1048511266708374
5099520,415,968.57,8928,1171.56607806,571,-0.0258785782934865,0.987221896648407,2.3934563416987658,0.2,0.3414225260416667,0.18723000586032867,0.03269407,15520,5e-05,3.7670276274283725,0.2888830900192261
5111808,416,969.76,8929,1164.59177124,572,-0.039090134167539266,0.99323970079422,0.2665670930407941,0.2,0.5243815104166667,0.18702735006809235,0.07222089,15530,5e-05,3.7767716879645983,0.06326267123222351
5124096,417,972.41,8931,1165.4102733900002,573,-0.02910610684969773,0.9838999509811401,1.3836360884519914,0.2,0.43898111979166665,0.18679769337177277,0.04787763,15540,5e-05,3.7927337576945623,0.3711094856262207
5136384,418,959.3,8933,1149.52700866,574,-0.018590473868243862,0.9634537696838379,2.2543479331148166,0.2,0.4235595703125,0.18666107952594757,0.044549543,15550,5e-05,3.8053339242935182,2.068559408187866
5148672,419,960.05,8935,1150.51130873,576,-0.024887285009026528,0.9841585755348206,1.803698493540287,0.2,0.3455322265625,0.18653051555156708,0.035469975,15560,5e-05,3.8133186012506486,1.47738778591156
5160960,420,950.04,8937,1142.2599463400002,577,-0.02547255607690507,0.9861128330230713,2.744277413872381,0.2,0.3388264973958333,0.186562180519104,0.03414998,15570,5e-05,3.817489872376124,2.835146188735962
5173248,421,935.44,8938,1120.5746192600002,578,-0.02468099304921149,0.98319011926651,3.560828306401769,0.2,0.33668619791666665,0.1864197701215744,0.033342604,15580,5e-05,3.8208599934975305,3.0446505546569824
5185536,422,939.08,8940,1121.31875622,580,-0.028065946289279962,0.9883726835250854,3.397207767640551,0.2,0.3657307942708333,0.18629120290279388,0.038479183,15590,5e-05,3.8287048334876697,1.557702660560608
5197824,423,939.08,8942,1121.7977918000001,581,-0.01819280332517034,0.9885475635528564,0.4114252870902419,0.2,0.59306640625,0.1863120198249817,0.08848528,15600,5e-05,3.8300602783759436,0.12363095581531525
5210112,424,944.93,8943,1130.8872932400002,582,-0.03298560343973804,0.9921907186508179,0.4019576011536022,0.2,0.5055582682291667,0.18622684478759766,0.06872411,15610,5e-05,3.8322370742758114,0.05467212200164795
5222400,425,947.62,8945,1138.39911478,583,-0.022400968374859075,0.9831712245941162,1.7050483277688424,0.2,0.3561604817708333,0.18613477051258087,0.03605989,15620,5e-05,3.8393268093466757,1.1919857263565063
5234688,426,942.77,8947,1129.00658254,585,-0.022808866686197384,0.9906973838806152,1.304004433316489,0.2,0.48675130208333334,0.1859065741300583,0.058240604,15630,5e-05,3.8470818345745403,0.23577381670475006
5246976,427,946.66,8948,1129.95911276,586,-0.02451714682247257,0.983802080154419,3.3234305140872795,0.2,0.3766682942708333,0.18590323626995087,0.036670215,15640,5e-05,3.854942927757899,0.994069516658783
5259264,428,967.04,8950,1156.96974307,587,-0.022996164984457817,0.9885420203208923,1.409024033912768,0.2,0.4469970703125,0.1858464479446411,0.05170424,15650,5e-05,3.8572390268246335,0.29005494713783264
5271552,429,967.25,8952,1158.30870437,588,-0.03607015365463061,0.9909508228302002,0.23420810004075368,0.2,0.5322916666666667,0.1857699602842331,0.07209463,15660,5e-05,3.8628638699650764,0.05206888169050217
5283840,430,967.25,8954,1159.83045745,590,-0.02323262249410618,0.9514117240905762,3.161381411117812,0.2,0.41427408854166664,0.185502290725708,0.04331975,15670,5e-05,3.8770164574186006,0.31753140687942505
5296128,431,967.25,8955,1164.1835360300001,591,-0.018648689360513043,0.9723905324935913,2.76919722314924,0.2,0.403515625,0.1855444312095642,0.040693995,15680,5e-05,3.8830030143260954,0.4811142086982727
5308416,432,965.42,8957,1165.01405109,592,-0.03598214775702217,0.9779218435287476,0.2579347178339958,0.2,0.5276204427083333,0.18524420261383057,0.069872014,15690,5e-05,3.894411213696003,0.09339374303817749
5320704,433,969.83,8959,1169.1738753299999,593,-0.022748958376663117,0.9844481348991394,1.5023902075054745,0.2,0.4254638671875,0.18520884215831757,0.049630344,15700,5e-05,3.907619770864646,0.1885029375553131
5332992,434,980.69,9859,1185.58065728,540,-0.03912798456731252,0.9934180378913879,0.2252967469394207,0.2,0.4949544270833333,0.185077503323555,0.06078365,15710,5e-05,3.9155533581972124,0.03784777969121933
5345280,435,966.93,9862,1164.58786393,541,-0.031134462524399473,0.9888377785682678,0.42818059688434007,0.2,0.4624267578125,0.18508832156658173,0.05435363,15720,5e-05,3.9222148726383845,0.22513331472873688
5357568,436,966.78,9864,1164.7220724600002,543,-0.022869419476288993,0.9799536466598511,5.911604585871101,0.2,0.22886555989583332,0.18505693972110748,0.017452737,15730,5e-05,3.9228178039193153,2.6005618572235107
5369856,437,975.49,9867,1180.87997416,544,-0.03409861460580335,0.9972925782203674,0.18664489871201415,0.2,0.497802734375,0.18491493165493011,0.06628087,15740,5e-05,3.9296501810352007,0.04965239763259888
5382144,438,968.9,9869,1171.2315391299999,545,-0.03616726697752407,0.9951023459434509,0.31130472011864185,0.2,0.4617838541666667,0.18466639518737793,0.053458113,15750,5e-05,3.9441704606016477,0.09878069162368774
5394432,439,968.9,9870,1171.17754116,546,-0.023601641315811623,0.9901701807975769,1.2593562337569892,0.2,0.3874593098958333,0.18445654213428497,0.0421517,15760,5e-05,3.9604910790920256,0.3038333058357239
5406720,440,965.79,9872,1162.6918650100001,547,-0.04025281007052399,0.9912832975387573,0.2851987064816058,0.2,0.4728597005208333,0.18414799869060516,0.05645704,15770,5e-05,3.980766061941783,0.06185776740312576
5419008,441,956.42,9874,1147.3089512,548,-0.020854654372669756,0.9900076985359192,1.0826318560478587,0.2,0.39857584635416665,0.18408073484897614,0.041428696,15780,5e-05,3.9933237140377362,0.06804241240024567
5431296,442,962.63,9876,1159.22231956,549,-0.01827552173441897,0.9356947541236877,3.0272921143410105,0.2,0.4129638671875,0.1840110421180725,0.04571024,15790,5e-05,3.998129323621591,0.4515225291252136
5443584,443,976.47,9878,1184.64283315,551,-0.03387116393908703,0.989867091178894,0.2901058554649353,0.2,0.5012369791666667,0.18392948806285858,0.06506533,15800,5e-05,4.003520750999451,0.06095435470342636
5455872,444,963.15,9880,1164.1431631000003,552,-0.02344921796078173,0.9810526967048645,2.5854232349743445,0.2,0.307861328125,0.18388521671295166,0.026607715,15810,5e-05,4.006255649526914,2.167400598526001
5468160,445,948.2,9882,1141.68437956,553,-0.029629200505344972,0.9929340481758118,0.4384238171080748,0.2,0.4748291015625,0.18357594311237335,0.062710956,15820,5e-05,4.01635120511055,0.14255550503730774
5480448,446,950.43,9883,1142.7019337099998,554,-0.021219984799002608,0.9746457934379578,3.552790083239476,0.2,0.30230305989583334,0.1835099458694458,0.029118434,15830,5e-05,4.028125999371211,1.1589709520339966
5492736,447,945.34,9885,1137.96208024,555,-0.021841167058058393,0.9796751141548157,1.9403140163669983,0.2,0.43841959635416666,0.18340516090393066,0.049617603,15840,5e-05,4.037772164742152,1.0337164402008057
5505024,448,941.86,9887,1133.4216971600001,556,-0.021948286457336506,0.9790390729904175,3.0081352793922025,0.2,0.37725423177083334,0.18334679305553436,0.039099034,15850,5e-05,4.045739550391833,1.0943037271499634
5517312,449,930.48,9888,1126.2406124299998,557,-0.019826110894791783,0.9704155921936035,4.475092981134852,0.2,0.3924153645833333,0.18320797383785248,0.04539417,15860,5e-05,4.051859301328659,1.043785572052002
5529600,450,930.9,9890,1121.52118387,559,-0.01935554640755678,0.9877175092697144,1.4499379413823286,0.2,0.49392903645833336,0.18304479122161865,0.068044625,15870,5e-05,4.061122711499532,0.394404798746109
5541888,451,937.27,9892,1127.5048336200002,560,-0.020231882764104134,0.9817206859588623,0.5241892402991652,0.2,0.5735188802083333,0.1834128350019455,0.09313768,15880,5e-05,4.057641513148943,0.18675638735294342
5554176,452,940.48,9894,1130.60839565,561,-0.026623129363482198,0.9890470504760742,2.7359489500522614,0.2,0.39361979166666666,0.18332791328430176,0.04203211,15890,5e-05,4.054095653692881,1.254944920539856
5566464,453,936.63,9895,1127.02842286,562,-0.01986355309782084,0.9836297631263733,1.0446705086777608,0.2,0.5049886067708333,0.18327553570270538,0.062095106,15900,5e-05,4.058561603228251,0.2562853991985321
5578752,454,926.77,9897,1114.76998702,563,-0.025762490887427703,0.9729814529418945,6.767196260144313,0.2,0.25209147135416665,0.18319563567638397,0.02131173,15910,5e-05,4.06322567264239,5.514013290405273
5591040,455,941.49,9899,1135.2605642699998,564,-0.02286050019611139,0.9898948073387146,1.3143522935919463,0.2,0.5120442708333334,0.18309980630874634,0.06600221,15920,5e-05,4.066773467262586,0.2662639319896698
5603328,456,949.52,9900,1143.1577510099999,565,-0.021290273234869043,0.9727975726127625,2.6614756425842643,0.2,0.46128743489583335,0.18278872966766357,0.053867996,15930,5e-05,4.085257817308108,0.5947653651237488
5615616,457,954.24,9902,1146.80382823,567,-0.030334790314858157,0.9823326468467712,0.4639470873400569,0.2,0.5527994791666667,0.18281106650829315,0.07127979,15940,5e-05,4.087788911660512,0.14295971393585205
5627904,458,954.24,9904,1146.72222375,568,-0.020378364895198803,0.9774798154830933,1.6920465009287,0.2,0.45892740885416666,0.18253163993358612,0.051085904,15950,5e-05,4.100542085369428,3.5947391986846924
5640192,459,951.95,9915,1147.01224788,568,-0.03524483062501531,0.9864981770515442,0.31346007843191426,0.2,0.5012613932291666,0.18242532014846802,0.0668672,15960,5e-05,4.1090146909157435,0.11042343080043793
5652480,460,955.6,9917,1149.5375669100001,569,-0.018610723756137305,0.967635452747345,4.075661500977973,0.2,0.31537272135416666,0.1823814958333969,0.027737608,15970,5e-05,4.11305894156297,5.201172828674316
5664768,461,967.54,9918,1170.02888231,571,-0.033565830153141483,0.9941489100456238,0.26175731799254814,0.2,0.510400390625,0.18218748271465302,0.068867646,15980,5e-05,4.115917141238849,0.06312838941812515
5677056,462,973.02,9920,1177.98116751,572,-0.03496560358519976,0.9915198087692261,0.2685918215972682,0.2,0.47438151041666665,0.1819058507680893,0.05585465,15990,5e-05,4.128287967046102,0.07607562839984894
5689344,463,969.24,9922,1176.313249,573,-0.028846304398515106,0.9905067682266235,0.5807124761554102,0.2,0.41653645833333336,0.1818433254957199,0.046955064,16000,5e-05,4.138887222607931,0.23506811261177063
5701632,464,950.51,9924,1149.5896911800003,574,-0.024312146520242096,0.9691420197486877,1.641859629843384,0.2,0.41913248697916666,0.18188269436359406,0.04617532,16010,5e-05,4.14057353635629,0.9121838808059692
5713920,465,958.1,9925,1157.94390974,575,-0.020359025902386443,0.9663757085800171,4.8292943729708595,0.2,0.270263671875,0.18188142776489258,0.023239901,16020,5e-05,4.140560843547186,4.795020580291748
5726208,466,958.1,9927,1155.64921473,576,-0.022803151231103887,0.9690422415733337,2.776664573450883,0.2,0.4341634114583333,0.1817997246980667,0.052930806,16030,5e-05,4.14474838177363,0.7563877105712891
5738496,467,966.11,9929,1168.51009719,577,-0.03788500503772715,0.9939943552017212,0.2154688117094338,0.2,0.5313639322916667,0.18156449496746063,0.0730175,16040,5e-05,4.152866049607595,0.030271776020526886
5750784,468,966.11,9930,1174.88035042,579,-0.020194580142075817,0.9745171070098877,0.8371164702344686,0.2,0.42608235677083334,0.18132315576076508,0.048727248,16050,5e-05,4.169061536590259,0.04868049919605255
5763072,469,966.11,9932,1168.26918748,580,-0.030618990405734316,0.9846345782279968,0.5248962189691763,0.2,0.48330891927083336,0.18132668733596802,0.06431201,16060,5e-05,4.179915081461271,0.10148713737726212
5775360,470,970.19,9934,1173.39533353,581,-0.031964889939990825,0.9907934069633484,0.43164370649804673,0.2,0.45567220052083335,0.18117688596248627,0.054704085,16070,5e-05,4.18323681652546,0.14606252312660217
5787648,471,980.68,9935,1182.77574364,582,-0.024769378053800514,0.9749393463134766,1.5823018279547492,0.2,0.3963704427083333,0.18106041848659515,0.04728368,16080,5e-05,4.191814067959785,0.22349685430526733
5799936,472,984.76,9937,1194.3735600500002,583,-0.02361284028350686,0.9793605804443359,1.7976249276349943,0.2,0.41110026041666664,0.1808500736951828,0.052287053,16090,5e-05,4.203302512566249,0.9724862575531006
5812224,473,985.17,9939,1199.58467668,584,-0.019999849194816004,0.9720959067344666,3.6941919054836037,0.2,0.3556396484375,0.18080942332744598,0.03520061,16100,5e-05,4.211441039045652,2.0464181900024414
5824512,474,985.17,9941,1197.9278148599997,585,-0.02846840942899386,0.9891592860221863,0.37966844262555244,0.2,0.5398763020833334,0.18067806959152222,0.076643504,16110,5e-05,4.220738913615545,0.09361769258975983
5836800,475,983.89,9942,1199.79731098,587,-0.03499063374571657,0.9942211508750916,0.273872428573668,0.2,0.4806884765625,0.18046964704990387,0.0590461,16120,5e-05,4.231912964582444,0.058634910732507706
5849088,476,979.7,9944,1191.88611242,588,-0.016566850038361735,0.9635744690895081,1.7473657002362113,0.2,0.40408528645833336,0.1804305762052536,0.04553038,16130,5e-05,4.239389128486315,0.7077924013137817
5861376,477,975.58,9946,1186.8298415,589,-0.016712075303075835,0.9507040977478027,2.5785459723944464,0.2,0.36650390625,0.18043386936187744,0.03099978,16140,5e-05,4.240560426314672,0.6351445913314819
5873664,478,976.17,9947,1192.6407949,590,-0.017983259810716846,0.9718645811080933,2.978026761797567,0.2,0.3981119791666667,0.18032412230968475,0.047061604,16150,5e-05,4.245621893803278,1.526552438735962
5885952,479,975.69,9949,1196.2282478700001,591,-0.015299788926980303,0.9761662483215332,1.8913424041122198,0.2,0.47018229166666664,0.18008162081241608,0.058475643,16160,5e-05,4.256587740778923,1.7945525646209717
5898240,480,982.95,9951,1202.74944087,592,-0.021414582051511387,0.9728584289550781,1.1227442593003312,0.2,0.5232014973958333,0.17986971139907837,0.06548405,16170,5e-05,4.269109569986662,0.10386553406715393
5910528,481,982.95,9953,1204.2771905199997,593,-0.02476560853732129,0.9917228817939758,0.6237164390894274,0.2,0.4975341796875,0.17973913252353668,0.06328661,16180,5e-05,4.28301870127519,0.11953438073396683
5922816,482,975.93,9954,1191.3828909200001,594,-0.03620152258420906,0.9913245439529419,0.34052838472028574,0.2,0.53359375,0.1794353723526001,0.07427107,16190,5e-05,4.296156002084414,0.061764299869537354
5935104,483,978.44,9956,1191.11128664,596,-0.01901568449684419,0.9690608978271484,3.6258027109627924,0.2,0.37847493489583334,0.17934228479862213,0.04100694,16200,5e-05,4.307105971376101,0.3421229124069214
5947392,484,977.26,9958,1186.6091392700002,597,-0.02632315178149535,0.9790840148925781,0.6077073487763603,0.2,0.48561197916666665,0.17916762828826904,0.066058666,16210,5e-05,4.314487632115682,0.7518272399902344
5959680,485,967.55,9959,1177.73598271,598,-0.018254756806224275,0.9742851257324219,2.7152493523744243,0.2,0.37925618489583335,0.178996279835701,0.03741635,16220,5e-05,4.325639500220617,0.7774233818054199
5971968,486,959.78,9961,1167.11888119,599,-0.01850046726807098,0.9826211929321289,1.8832075642421842,0.2,0.4400227864583333,0.17892493307590485,0.051682353,16230,5e-05,4.335644140839577,0.58498215675354
5984256,487,960.54,9967,1165.03600427,600,-0.022139546308123197,0.9801375865936279,2.6523165250197054,0.2,0.40867513020833335,0.17897124588489532,0.041521754,16240,5e-05,4.335503716270129,0.2617049515247345
5996544,488,960.54,9969,1164.9790451400002,601,-0.02471016708489818,0.9844599366188049,1.6583940050254264,0.2,0.484423828125,0.17859496176242828,0.06228849,16250,5e-05,4.350217392047246,0.9952099919319153
6008832,489,960.54,9970,1159.02950453,602,-0.024244557069808555,0.9861419200897217,0.430996027837197,0.2,0.5885823567708334,0.17857994139194489,0.0903846,16260,5e-05,4.3634761263926825,0.15137243270874023
6021120,490,967.56,9972,1176.53814162,603,-0.03554295632590462,0.9935115575790405,0.2866747083452841,0.2,0.5173746744791666,0.17840516567230225,0.0736827,16270,5e-05,4.36960988342762,0.05268487334251404
6033408,491,970.65,9974,1173.44094492,604,-0.03652048273506807,0.996360719203949,0.20512037683899204,0.2,0.4682698567708333,0.17849409580230713,0.057596076,16280,5e-05,4.376292836666107,0.04580594599246979
6045696,492,970.85,9976,1174.3634989500001,606,-0.03975306222661554,0.996017336845398,0.2562545616800586,0.2,0.4449462890625,0.17822754383087158,0.051053975,16290,5e-05,4.388480839133263,0.0568087100982666
6057984,493,980.56,9977,1186.3494816799998,607,-0.02130233936428946,0.9766674041748047,0.981325539542983,0.2,0.3660400390625,0.17804479598999023,0.039059762,16300,5e-05,4.4066824903090795,0.4645877480506897
6070272,494,988.33,9979,1195.2712964300001,608,-0.03215708167893657,0.9907931089401245,0.3109983321900169,0.2,0.475,0.1779448240995407,0.06374403,16310,5e-05,4.417169585824013,0.1454223394393921
6082560,495,993.8,9981,1199.36010883,609,-0.03931459741046031,0.9907577633857727,0.21545131417612234,0.2,0.4708333333333333,0.177936390042305,0.06075186,16320,5e-05,4.4236189246177675,0.06032179296016693
6094848,496,992.31,9983,1199.7084453399998,610,-0.03768030246622705,0.9943746328353882,0.381408500764519,0.2,0.45106608072916665,0.17778319120407104,0.05309926,16330,5e-05,4.431084729234377,0.1707608699798584
6107136,497,992.31,9985,1200.60861904,611,-0.021794486162737787,0.9771628379821777,1.0026698182957867,0.2,0.39097493489583335,0.17770738899707794,0.042638,16340,5e-05,4.440104662378629,0.4805144965648651
6119424,498,992.31,9987,1197.47755382,612,-0.035208408522885294,0.9916312098503113,0.2719915975506107,0.2,0.46630859375,0.17747248709201813,0.052502085,16350,5e-05,4.454644517103831,0.08193373680114746
6131712,499,985.6,9988,1190.5969426299998,613,-0.038731314936497556,0.9904434680938721,0.1959660013206303,0.2,0.45992838541666664,0.17721150815486908,0.056181177,16360,5e-05,4.472488473852476,0.03373183682560921
6144000,500,983.64,9990,1190.11516913,614,-0.022440572310976372,0.9841182827949524,1.233810538891703,0.2,0.33636067708333334,0.17708516120910645,0.03278884,16370,5e-05,4.486016704638799,0.4684775471687317
6156288,501,980.24,9992,1186.83547624,616,-0.03960466462788948,0.9914577007293701,0.25213008221859734,0.2,0.47544759114583335,0.176991268992424,0.057825018,16380,5e-05,4.491991409659386,0.04870171099901199
6168576,502,980.24,9993,1189.8643956,617,-0.021917346761135072,0.9782970547676086,1.8985256992901365,0.2,0.346044921875,0.17694787681102753,0.032426182,16390,5e-05,4.499076298872629,2.170072317123413
6180864,503,972.21,9995,1181.8247094,618,-0.037443056430007955,0.9926003217697144,0.16757932460556427,0.2,0.4879231770833333,0.17671358585357666,0.06398687,16400,5e-05,4.510871312022209,0.0008646324276924133
6193152,504,967.85,9998,1170.05302237,619,-0.021321723500053243,0.981921374797821,2.373287717687587,0.2,0.34036458333333336,0.17658627033233643,0.028195785,16410,5e-05,4.524572535355886,0.34802818298339844
6205440,505,957.39,10000,1160.0576517499999,620,-0.02349337955044272,0.9815350770950317,2.5074999945238234,0.2,0.41280924479166664,0.17648154497146606,0.049951416,16420,5e-05,4.532729930679003,0.2980198860168457
6217728,506,957.39,10001,1154.89481393,621,-0.021475102925129854,0.9850858449935913,2.7388713613773388,0.2,0.38759765625,0.17641739547252655,0.038692374,16430,5e-05,4.539780767758687,0.2958495020866394
6230016,507,964.1,10003,1165.7539310000002,622,-0.03248923026452152,0.9922472834587097,0.4056896647438407,0.2,0.5265625,0.17626988887786865,0.0754297,16440,5e-05,4.54573312997818,0.17683207988739014
6242304,508,965.24,10005,1160.62237201,623,-0.03315665698998297,0.9947466850280762,0.29114043870940803,0.2,0.5099202473958333,0.17593125998973846,0.066650696,16450,5e-05,4.566957005858422,0.0860222652554512
6254592,509,968.64,10006,1165.36039007,625,-0.02152730641925397,0.9827206134796143,1.4242629597894847,0.2,0.38583170572916664,0.17588825523853302,0.04039635,16460,5e-05,4.579397577047348,0.3260832726955414
6266880,510,966.62,10008,1155.90383038,626,-0.027138986048521475,0.9972479343414307,0.2065771679704388,0.2,0.503173828125,0.1757325381040573,0.06267344,16470,5e-05,4.588899592558543,0.05288159102201462
6279168,511,963.89,10010,1152.49329945,627,-0.018717228662959922,0.9697256684303284,2.275207129245003,0.2,0.41396484375,0.17563551664352417,0.042185973,16480,5e-05,4.596848204731941,2.5458905696868896
6291456,512,959.54,10012,1153.14722969,628,-0.02274199912256639,0.9897313714027405,1.014718903383861,0.2,0.4427408854166667,0.1754387617111206,0.056861047,16490,5e-05,4.607684810956319,0.6180176138877869
6303744,513,966.71,10014,1163.2761015299998,629,-0.0208746336264691,0.9764961004257202,2.8376072847594815,0.2,0.3568929036458333,0.17538468539714813,0.03226827,16500,5e-05,4.612954731782278,0.663320779800415
6316032,514,966.71,10016,1166.59733724,630,-0.020378619522186153,0.9891906380653381,0.5029067575000227,0.2,0.507958984375,0.17504429817199707,0.06637433,16510,5e-05,4.628286270300547,0.11873103678226471
6328320,515,966.71,10017,1168.37351748,631,-0.024795423585358852,0.9683475494384766,0.5821088789962232,0.2,0.5008951822916666,0.17498059570789337,0.06783921,16520,5e-05,4.642339678605397,0.09739498794078827
6340608,516,966.91,10019,1170.4848486,632,-0.03195382780201423,0.9925294518470764,0.3543080823185543,0.2,0.5161376953125,0.17492711544036865,0.066920996,16530,5e-05,4.646314186851184,0.09637358039617538
6352896,517,966.91,10021,1172.3797422100001,633,-0.020608896286285018,0.9837958216667175,1.0893168094257513,0.2,0.410791015625,0.17478585243225098,0.042576175,16540,5e-05,4.654548291365305,0.08164650201797485
6365184,518,968.93,10022,1171.2077428900002,635,-0.029489458511428288,0.992827832698822,0.28522096316640577,0.2,0.4998372395833333,0.17448274791240692,0.062915735,16550,5e-05,4.66555195748806,0.05741709843277931
6377472,519,976.19,10024,1179.4309395599998,636,-0.03723199954741479,0.9951329231262207,0.26979856671144564,0.2,0.47984212239583335,0.1743248850107193,0.0595171,16560,5e-05,4.677882721026738,0.043488070368766785
6389760,520,985.25,10026,1197.30946351,637,-0.03896609672519844,0.9942378401756287,0.1969204067563017,0.2,0.47080891927083335,0.1741328239440918,0.060428906,16570,5e-05,4.689660517374675,0.051589176058769226
6402048,521,979.46,10027,1194.1711685599998,638,-0.023788376800560704,0.9883736968040466,0.974672877540191,0.2,0.40316569010416664,0.17411459982395172,0.045888204,16580,5e-05,4.697129378716151,1.5877573490142822
6414336,522,979.46,10029,1197.0223661,639,-0.0240044589433334,0.9694775342941284,1.7582714968671402,0.2,0.42457682291666665,0.17406684160232544,0.046016064,16590,5e-05,4.699096946914991,0.16583237051963806
6426624,523,979.46,10031,1197.23433593,640,-0.035353365155606296,0.9835535287857056,0.2138121384816865,0.2,0.489794921875,0.17402470111846924,0.060872074,16600,5e-05,4.706565829118093,0.031925637274980545
6438912,524,986.28,10032,1206.23589131,641,-0.04004192754703884,0.986212432384491,0.2533329447110494,0.2,0.47390950520833336,0.17382864654064178,0.06173289,16610,5e-05,4.717952460050583,0.03329786658287048
6451200,525,974.81,10034,1187.2209616300001,642,-0.023383409490149158,0.9603655338287354,1.715364609969159,0.2,0.41900227864583334,0.17371682822704315,0.04560877,16620,5e-05,4.729007055362065,0.09236164391040802
6463488,526,967.04,10036,1180.12234874,644,-0.021725983806148482,0.9865705370903015,1.5869444560880461,0.2,0.3522867838541667,0.17358408868312836,0.035183575,16630,5e-05,4.739982546369235,0.5336982011795044
6475776,527,956.58,10037,1166.2523233500003,645,-0.0192897082073614,0.9814943671226501,1.6415030535620947,0.2,0.434716796875,0.1734347939491272,0.050198257,16640,5e-05,4.751177099347115,0.2179965376853943
6488064,528,960.59,10039,1167.85876297,646,-0.021206120497663506,0.98349529504776,2.777259031931559,0.2,0.39208984375,0.1733705997467041,0.043711424,16650,5e-05,4.758956286311149,2.0753722190856934
6500352,529,969.67,10041,1178.8258290499998,647,-0.017359351962416742,0.9748982191085815,2.116048292412112,0.2,0.4742919921875,0.1733102798461914,0.058028866,16660,5e-05,4.763513650496801,0.28232863545417786
6512640,530,964.15,10042,1168.1222701899999,648,-0.022613890232363095,0.9917947053909302,0.45019771258036295,0.2,0.5517578125,0.1730624884366989,0.08553467,16670,5e-05,4.7763622562090555,0.24708199501037598
6524928,531,964.15,10056,1167.49876169,648,-0.022033847705461084,0.9867925047874451,0.6684817558464905,0.2,0.4727376302083333,0.17283540964126587,0.05447642,16680,5e-05,4.791822751363118,0.07010011374950409
6537216,532,972.46,10063,1179.62707437,649,-0.035732329418048416,0.9901928305625916,0.19934218376874924,0.2,0.5264811197916667,0.17278289794921875,0.066669755,16690,5e-05,4.797701482971509,0.017845571041107178
6549504,533,975.62,10072,1190.16474766,650,-0.03034712078709466,0.9930474758148193,0.16201509474776685,0.2,0.4717203776041667,0.1727098673582077,0.058209393,16700,5e-05,4.804393993814786,0.03805220127105713
6561792,534,983.39,10081,1202.34798595,650,-0.03932656344647209,0.9921254515647888,0.23084614652519425,0.2,0.46529947916666664,0.17278409004211426,0.055333957,16710,5e-05,4.803776114185651,0.0637725293636322
6574080,535,990.64,10091,1207.07145815,651,-0.035297005962153585,0.9936702847480774,0.30414205736791095,0.2,0.43976236979166666,0.1725703477859497,0.055480745,16720,5e-05,4.810113183657328,0.10671819746494293
6586368,536,983.02,10100,1201.42437976,652,-0.02065423481205168,0.9805091619491577,0.6876638738748928,0.2,0.4114176432291667,0.17235709726810455,0.04442513,16730,5e-05,4.82810138463974,0.10151122510433197
6598656,537,983.02,10109,1202.3297902900001,652,-0.018964465497265336,0.9740619659423828,3.6771187831958136,0.2,0.3236572265625,0.17224465310573578,0.030148357,16740,5e-05,4.8389114787181216,1.6318660974502563
6610944,538,988.54,10115,1210.01715235,653,-0.029155912089239185,0.9913982152938843,0.3081436215279003,0.2,0.5050048828125,0.17214857041835785,0.067853,16750,5e-05,4.845984137058258,0.03769438713788986
6623232,539,988.54,10124,1210.63293002,654,-0.031624184601726786,0.9889973402023315,0.2570859222051998,0.2,0.49838053385416664,0.17216171324253082,0.06585737,16760,5e-05,4.851055837670962,0.16806676983833313
6635520,540,985.79,10134,1204.94530109,654,-0.030859774134781522,0.9906582236289978,0.34569394746795296,0.2,0.473486328125,0.17210549116134644,0.058051724,16770,5e-05,4.861284010608991,0.06913657486438751
6647808,541,972.15,10143,1189.3584269699998,655,-0.020403954407568866,0.9725765585899353,1.4379050217879314,0.2,0.3784261067708333,0.1720704436302185,0.039034113,16780,5e-05,4.8650849511226015,0.3981601297855377
6660096,542,958.82,10152,1165.21701267,655,-0.017820484871723843,0.9592534303665161,4.296967049563924,0.2,0.38877766927083335,0.17194199562072754,0.03919134,16790,5e-05,4.871045636137326,0.6746054887771606
6672384,543,950.53,10432,1153.3773881200002,639,-0.022423077083658427,0.9490054845809937,6.930534527699153,0.2,0.270361328125,0.17188537120819092,0.023439107,16800,5e-05,4.876910983522733,3.3365278244018555
6684672,544,943.62,10433,1137.22528507,640,-0.029591723551857286,0.982233464717865,3.010366266593337,0.2,0.3906005859375,0.17197394371032715,0.044124138,16810,5e-05,4.8742748657862345,1.2476917505264282
6696960,545,933.1,10435,1120.8305127899998,641,-0.029005914261506404,0.9792385697364807,4.347727025300264,0.2,0.3774495442708333,0.17182528972625732,0.04037137,16820,5e-05,4.87932357887427,1.736921787261963
6709248,546,926.71,10437,1117.54917071,642,-0.019691510455353032,0.9845304489135742,1.7273631546646357,0.2,0.5332926432291667,0.1717199683189392,0.07508122,16830,5e-05,4.888927982250849,0.44887396693229675
6721536,547,923.32,10439,1114.3912098,643,-0.018608271646371577,0.9854163527488708,1.7634807204827667,0.2,0.5170735677083333,0.17183412611484528,0.07086521,16840,5e-05,4.889495412508647,0.9165984392166138
6733824,548,932.6,10440,1126.1182856199998,644,-0.022112836766367158,0.9904797673225403,0.9828352435491979,0.2,0.5595458984375,0.171722874045372,0.08761046,16850,5e-05,4.885612216591835,0.45138636231422424
6746112,549,932.09,10442,1120.16585403,646,-0.02664059238062085,0.9893965721130371,0.31159244434287153,0.2,0.575048828125,0.17135953903198242,0.08765638,16860,5e-05,4.9037482102712,0.04672244191169739
6758400,550,932.14,10444,1121.75847522,647,-0.024382297468643326,0.9847624897956848,2.3497109369064373,0.2,0.4244466145833333,0.17113564908504486,0.044948507,16870,5e-05,4.921040019392967,0.3910469710826874
6770688,551,950.18,10446,1150.27092944,648,-0.020815786659174287,0.9795979261398315,1.3304109387720624,0.2,0.461376953125,0.17125539481639862,0.05974253,16880,5e-05,4.927541169524193,1.7441900968551636
6782976,552,958.8,10447,1165.69402339,649,-0.02129217771580443,0.9754881858825684,0.6091033484165868,0.2,0.53515625,0.17110395431518555,0.076783605,16890,5e-05,4.9333642820517225,0.11657737195491791
6795264,553,969.28,10449,1181.90777505,650,-0.018684757023584096,0.9727233052253723,1.8000267886246244,0.2,0.44789225260416665,0.17102272808551788,0.049463738,16900,5e-05,4.94070833226045,0.47775009274482727
6807552,554,964.95,10451,1174.74442714,651,-0.023439315600262488,0.9847630858421326,2.2696334714069963,0.2,0.37138671875,0.17099304497241974,0.038033213,16910,5e-05,4.944650796055794,1.7735902070999146
6819840,555,971.09,10452,1183.32144064,652,-0.02052301552321296,0.986911416053772,2.2006700347488124,0.2,0.45595703125,0.17089171707630157,0.04969813,16920,5e-05,4.9501519451538725,1.0018640756607056
6832128,556,964.16,10454,1175.52683222,653,-0.014035634426788117,0.9726115465164185,1.224459355759124,0.2,0.5489583333333333,0.17083482444286346,0.07918177,16930,5e-05,4.953121503194173,0.360575795173645
6844416,557,970.35,10456,1187.6029995600002,654,-0.016321960796873706,0.9806026220321655,2.233487486404677,0.2,0.4821044921875,0.17084337770938873,0.060967896,16940,5e-05,4.956787975629171,0.6319988965988159
6856704,558,977.88,10458,1195.3975669699998,655,-0.014284799645247403,0.9755524396896362,2.5111675787717105,0.2,0.4691243489583333,0.17067386209964752,0.06411583,16950,5e-05,4.961079789201419,1.9397664070129395
6868992,559,977.88,10459,1196.4055639,656,-0.0224279213330495,0.970429539680481,1.3469436778997381,0.2,0.5209635416666667,0.17069853842258453,0.073917754,16960,5e-05,4.966493265827497,0.19926249980926514
6881280,560,974.96,10461,1191.10029708,657,-0.02111141501154634,0.9692099094390869,0.560746377830704,0.2,0.5873942057291667,0.17066322267055511,0.09356198,16970,5e-05,4.961942752202352,0.16089190542697906
6893568,561,972.59,10463,1187.91463621,658,-0.023297823143851322,0.9848126173019409,0.6998284739131729,0.2,0.5012288411458333,0.17053721845149994,0.06456282,16980,5e-05,4.963233811656634,0.2017059475183487
6905856,562,972.59,10464,1191.73703073,659,-0.020708827060783128,0.9796425104141235,2.1828375698377687,0.2,0.42164713541666665,0.17046253383159637,0.045884237,16990,5e-05,4.97171034514904,0.1562105268239975
6918144,563,972.59,10466,1188.4998933999998,660,-0.01898704724153504,0.9762136340141296,3.4887419497594236,0.2,0.40342610677083335,0.1702965945005417,0.04346919,17000,5e-05,4.982888582348823,1.7547838687896729
6930432,564,976.12,10468,1194.6722335700001,662,-0.030472092901860984,0.9940046072006226,0.3229340365466972,0.2,0.5602132161458333,0.17025047540664673,0.08616655,17010,5e-05,4.9892239540815355,0.11578600108623505
6942720,565,972.38,10469,1187.7011364300001,663,-0.025618877856565327,0.9868533611297607,1.8362721510852376,0.2,0.43002115885416664,0.17011989653110504,0.048107322,17020,5e-05,4.997248276074727,0.7150238156318665
6955008,566,972.38,10471,1184.5665077699998,664,-0.020626489681308157,0.9771556854248047,4.204135097501179,0.2,0.37735188802083336,0.170052632689476,0.039617594,17030,5e-05,5.006383693218231,1.4425196647644043
6967296,567,972.38,10473,1179.3301104500001,665,-0.03478799741812206,0.9909792542457581,0.3597394666944941,0.2,0.5566569010416667,0.169777512550354,0.085128926,17040,5e-05,5.021594985326131,0.10997387021780014
6979584,568,970.29,10474,1180.3487514099997,666,-0.037535647554129054,0.9927800893783569,0.3322133510683974,0.2,0.523095703125,0.16950048506259918,0.07087804,17050,5e-05,5.043760925531387,0.1199791356921196
6991872,569,969.33,10476,1182.9430514599999,667,-0.01733017981653878,0.9686201214790344,1.5304939447902144,0.2,0.43174641927083335,0.16943740844726562,0.048151392,17060,5e-05,5.057596401373545,0.7732811570167542
7004160,570,980.05,10501,1194.37307206,666,-0.025261822256531254,0.9872585535049438,0.8351160142881174,0.2,0.4399820963541667,0.16939516365528107,0.05552279,17070,5e-05,5.059957940379778,0.41989797353744507
7016448,571,973.3,10503,1187.88707028,667,-0.020386913487163837,0.975588858127594,1.3897049538170299,0.2,0.4580485026041667,0.1693505197763443,0.05706246,17080,5e-05,5.058910431464513,0.2947324514389038
7028736,572,976.7,10505,1190.4065615499999,669,-0.036636723577976225,0.9931756258010864,0.22864450399453443,0.2,0.5309244791666666,0.1688561886548996,0.07130948,17090,5e-05,5.080151307582855,0.028772912919521332
7041024,573,962.49,10508,1170.51868371,670,-0.03071169870866773,0.9872934222221375,0.19775402167191108,0.2,0.487890625,0.168620765209198,0.05975148,17100,5e-05,5.1059055844942725,0.033704355359077454
7053312,574,956.58,10516,1165.4092738400002,670,-0.022637910399013587,0.9808239936828613,4.6410605623076355,0.2,0.27096354166666664,0.16859044134616852,0.02123548,17110,5e-05,5.117139272888502,2.0396621227264404
7065600,575,956.58,10521,1170.07112451,671,-0.021497754597415528,0.9769937992095947,2.9703437614565096,0.2,0.36062825520833336,0.16862225532531738,0.050431862,17120,5e-05,5.117817771434784,0.9723998308181763
7077888,576,961.59,10527,1173.87960256,672,-0.03311494702550893,0.9879046082496643,0.29034386863932016,0.2,0.5471028645833333,0.16855335235595703,0.07743772,17130,5e-05,5.114726322889328,0.05083674192428589
7090176,577,963.63,10533,1171.51340457,673,-0.03722176905042337,0.9889509677886963,0.3215476623736322,0.2,0.4985758463541667,0.1682988405227661,0.061813686,17140,5e-05,5.126977034409841,0.07850515842437744
7102464,578,970.38,10539,1180.73073862,673,-0.018005581999508042,0.9564034938812256,2.612616412900388,0.2,0.36451822916666665,0.16829191148281097,0.030455157,17150,5e-05,5.136272232731184,0.4741218388080597
7114752,579,970.38,10545,1179.32977108,674,-0.033980822146016484,0.9923511743545532,0.2167215269524604,0.2,0.5207356770833333,0.16804289817810059,0.07228836,17160,5e-05,5.145506832003593,0.04274754598736763
7127040,580,964.51,11049,1170.18824179,644,-0.03483984185440932,0.9954883456230164,0.2070324617748459,0.2,0.4827880859375,0.16783583164215088,0.060344417,17170,5e-05,5.165670472383499,0.05684870481491089
7139328,581,978.0,11052,1194.3464569600003,645,-0.02229114533305013,0.9805227518081665,1.4895331208904585,0.2,0.41749674479166665,0.16773326694965363,0.043115973,17180,5e-05,5.177992524703344,0.24938784539699554
7151616,582,983.91,11054,1203.1445682299998,646,-0.022383410735346842,0.9708885550498962,0.7042635035701096,0.2,0.469677734375,0.1675279140472412,0.057805162,17190,5e-05,5.186628572146097,0.06821473687887192
7163904,583,976.82,11056,1192.52884911,647,-0.024873877829425812,0.9681022763252258,1.002307816967368,0.2,0.429638671875,0.16754187643527985,0.047826577,17200,5e-05,5.198096934954325,0.34152403473854065
7176192,584,971.84,11058,1183.9898013000002,648,-0.0276133435118633,0.9897978901863098,1.1092058788674573,0.2,0.45965983072916666,0.16748154163360596,0.0545543,17210,5e-05,5.202116843064626,0.35983964800834656
7188480,585,973.17,11060,1190.5758991599998,649,-0.02327778091421351,0.9743979573249817,1.7808008857692281,0.2,0.4604736328125,0.16725851595401764,0.057323307,17220,5e-05,5.212044631441434,0.3096729516983032
7200768,586,970.07,11062,1184.51695247,650,-0.02807380523105773,0.9833635687828064,0.2448400541053464,0.2,0.5342041015625,0.16684699058532715,0.07453039,17230,5e-05,5.231905909379323,0.04942810535430908
7213056,587,968.89,11063,1179.80549519,651,-0.02441209432145115,0.9577593207359314,1.0864381700443724,0.2,0.4641194661458333,0.1665094941854477,0.055103943,17240,5e-05,5.252335811654727,0.08212849497795105
7225344,588,974.76,11065,1182.5954548399998,652,-0.022313807977479883,0.9693766832351685,3.332472725150486,0.2,0.344970703125,0.16633240878582,0.037232835,17250,5e-05,5.27310764392217,0.6475917100906372
7237632,589,983.65,11067,1191.48787745,653,-0.030361096476311408,0.9798505306243896,0.40909038769702116,0.2,0.5434326171875,0.16624315083026886,0.08636367,17260,5e-05,5.281416957577069,0.2768166959285736
7249920,590,967.29,11069,1171.96341191,654,-0.03676252226384046,0.9880392551422119,0.2276249474535386,0.2,0.5025227864583334,0.1660945564508438,0.06646076,17270,5e-05,5.290547175208728,0.07681062817573547
7262208,591,974.38,11071,1178.3573309399999,655,-0.020780860449303874,0.9793391227722168,1.4112405206697682,0.2,0.4203369140625,0.16604627668857574,0.047278896,17280,5e-05,5.298295412460963,0.9735313057899475
7274496,592,975.23,11072,1174.63419701,656,-0.031938467053502485,0.9808000326156616,0.5103554418310523,0.2,0.5088053385416667,0.16586636006832123,0.072704196,17290,5e-05,5.310542462269465,0.1521020233631134
7286784,593,972.02,11074,1164.61208709,657,-0.02556352397126223,0.9754217863082886,1.9498152762030563,0.2,0.42164713541666665,0.16572733223438263,0.046088558,17300,5e-05,5.322598360975584,0.8000683784484863
7299072,594,969.23,11076,1162.11207547,658,-0.021550550180351517,0.977816104888916,1.553878097825994,0.2,0.42574869791666664,0.165645033121109,0.048507143,17310,5e-05,5.331301460663478,2.0644190311431885
7311360,595,970.41,11078,1167.5011669199998,659,-0.022670358628965916,0.9862743020057678,0.7060924718466898,0.2,0.480908203125,0.16529177129268646,0.058069546,17320,5e-05,5.348642119765282,0.1419534534215927
7323648,596,970.41,11079,1170.6734343100002,660,-0.0365578923219194,0.9914125204086304,0.25626446002473435,0.2,0.5312906901041666,0.1651621311903,0.07422853,17330,5e-05,5.367135741313299,0.06218065321445465
7335936,597,970.41,11081,1175.02367697,661,-0.03056108669843525,0.9862088561058044,0.3397534986337026,0.2,0.5076009114583333,0.16505074501037598,0.06584409,17340,5e-05,5.375267168879509,0.17765462398529053
7348224,598,986.77,11083,1198.17595356,662,-0.03836119952708638,0.9861801862716675,0.24420322033887107,0.2,0.4918294270833333,0.16488812863826752,0.064180076,17350,5e-05,5.38048765361309,0.048133909702301025
7360512,599,986.77,11085,1200.89093343,663,-0.03560723599997194,0.9922934174537659,0.23160306221495072,0.2,0.4631266276041667,0.16480053961277008,0.057666346,17360,5e-05,5.390179349978765,0.04394758492708206
7372800,600,990.9,11086,1216.0179946199999,664,-0.03510818802654588,0.9940674304962158,0.19342349555032948,0.2,0.463671875,0.16467230021953583,0.058977425,17370,5e-05,5.398390759030978,0.07837207615375519
7385088,601,994.11,11088,1224.00896234,665,-0.03376965487647491,0.9861180186271667,0.3195072131852309,0.2,0.4550374348958333,0.16458220779895782,0.05621296,17380,5e-05,5.409786678353945,0.045672815293073654
7397376,602,1000.0,11090,1230.0410166299998,667,-0.03813198041655899,0.9872693419456482,0.23934538833176097,0.2,0.47110188802083336,0.16450829803943634,0.058910232,17390,5e-05,5.414609561363856,0.08868633210659027
7409664,603,992.23,11092,1218.76385892,668,-0.03646316407199871,0.9943621754646301,0.20869974568486213,0.2,0.45059407552083336,0.16451673209667206,0.054628234,17400,5e-05,5.414473331967989,0.03751850873231888
7421952,604,990.89,11094,1215.5389625599998,669,-0.024371246528850556,0.9830350279808044,2.873125756283601,0.2,0.3630859375,0.16446949541568756,0.03709064,17410,5e-05,5.415755436817805,2.6763720512390137
7434240,605,987.66,11123,1209.36935728,668,-0.02223479658423457,0.971152663230896,0.7146164902175466,0.2,0.4586588541666667,0.16437681019306183,0.060228318,17420,5e-05,5.418854448199272,0.0804465189576149
7446528,606,987.66,11124,1206.2530368,669,-0.018273730562456573,0.9751840233802795,1.5656364212743938,0.2,0.3994059244791667,0.1642707735300064,0.037435364,17430,5e-05,5.428481108943621,0.1262703686952591
7458816,607,987.66,11126,1201.4165723899998,670,-0.0304111814009957,0.9861475825309753,0.25682477485388516,0.2,0.5232503255208333,0.16392803192138672,0.06675311,17440,5e-05,5.445483357707659,0.05643413960933685
7471104,608,987.66,11128,1200.4320489899999,671,-0.020479248196837337,0.9739184379577637,1.7364124841056765,0.2,0.43789876302083336,0.16382256150245667,0.050004885,17450,5e-05,5.460385505358378,0.6940335035324097
7483392,609,987.66,11130,1203.74540058,672,-0.03569098367588595,0.9930383563041687,0.2202791108749807,0.2,0.507080078125,0.16379745304584503,0.06856153,17460,5e-05,5.462833357850711,0.009651295840740204
7495680,610,969.42,11131,1177.03978834,673,-0.03388930291306072,0.9911723136901855,0.25362767834837235,0.2,0.5046223958333333,0.1636096090078354,0.070176385,17470,5e-05,5.471963001290957,0.02398619055747986
7507968,611,975.98,11133,1188.61379506,674,-0.021827978437553006,0.9834815859794617,4.228595755621791,0.2,0.2795328776041667,0.16356931626796722,0.023209995,17480,5e-05,5.480672921737035,2.4015212059020996
7520256,612,974.9,11135,1187.2255102099998,675,-0.021160512009616165,0.9771750569343567,1.366730634123087,0.2,0.439501953125,0.16343288123607635,0.05407695,17490,5e-05,5.487406950195631,0.6964889764785767
7532544,613,978.13,11137,1192.3634437199999,676,-0.014790135450311936,0.9556653499603271,3.0608644609029096,0.2,0.4798502604166667,0.16350312530994415,0.058319796,17500,5e-05,5.489918287595113,2.798576593399048
7544832,614,978.13,11138,1197.6359001899998,677,-0.02866209913578738,0.9935281276702881,0.1649288728988419,0.2,0.5557047526041666,0.16338495910167694,0.083224565,17510,5e-05,5.4873779306809105,0.0044682808220386505
7557120,615,978.13,11140,1198.62428269,678,-0.031635835386017185,0.9944649338722229,0.20950376406932872,0.2,0.4988199869791667,0.16313478350639343,0.06332662,17520,5e-05,5.502139643828074,0.031367138028144836
7569408,616,973.85,11142,1190.09500788,679,-0.020096467130739863,0.9778446555137634,1.9071446247398853,0.2,0.43052571614583335,0.16305075585842133,0.04676305,17530,5e-05,5.519021635254224,0.720040500164032
7581696,617,969.79,11144,1184.7680982900001,680,-0.01887709190195892,0.9887910485267639,1.3375634166722496,0.2,0.4659505208333333,0.16295908391475677,0.05522892,17540,5e-05,5.524319619933764,0.1697550117969513
7593984,618,985.13,11145,1203.65822722,681,-0.022658379463246094,0.9869555234909058,0.995004857579867,0.2,0.4503662109375,0.16296817362308502,0.056392927,17550,5e-05,5.526890217264493,3.2044339179992676
7606272,619,986.34,11147,1205.37730201,682,-0.019518465248014157,0.9794204831123352,2.7186809085309505,0.2,0.4003499348958333,0.16299138963222504,0.046783175,17560,5e-05,5.52988339761893,0.922888994216919
7618560,620,982.65,11149,1202.03642679,683,-0.025109829322900623,0.9703300595283508,1.056939661409706,0.2,0.5348958333333333,0.16294322907924652,0.07080755,17570,5e-05,5.5292245497306185,0.23607084155082703
7630848,621,976.18,11150,1192.84701739,684,-0.0221451435800797,0.9893954992294312,0.6307230844783286,0.2,0.5222493489583333,0.16272741556167603,0.069841154,17580,5e-05,5.543601579467455,0.19173677265644073
7643136,622,974.67,11152,1188.1240199499998,685,-0.020489259070988433,0.9776726961135864,2.3149072824046018,0.2,0.4196044921875,0.1627667397260666,0.04716177,17590,5e-05,5.553283239404361,0.4581303596496582
7655424,623,974.67,11154,1191.25670204,686,-0.018461223245443154,0.9863308668136597,0.9409835889935494,0.2,0.5500651041666667,0.16274215281009674,0.08974862,17600,5e-05,5.554705579082171,0.22979800403118134
7667712,624,978.95,11155,1194.29144089,687,-0.024673036034801043,0.990929126739502,0.37203238553678,0.2,0.5486897786458333,0.16284748911857605,0.08323798,17610,5e-05,5.551535355051358,0.27370893955230713
7680000,625,983.01,11157,1196.74428026,688,-0.03417323235335061,0.9930033683776855,0.2725287552922964,0.2,0.5319742838541667,0.16283969581127167,0.07583377,17620,5e-05,5.546827860673269,0.03356194496154785
7692288,626,983.01,11159,1199.6990352,689,-0.03491432241474589,0.9917479753494263,0.2625187420596679,0.2,0.4944091796875,0.1625792384147644,0.064368434,17630,5e-05,5.560343220829964,0.06543935835361481
7704576,627,985.91,11160,1204.9092695000002,690,-0.034821533435024324,0.9950008988380432,0.20029481053352355,0.2,0.4711832682291667,0.16244292259216309,0.060275048,17640,5e-05,5.574751382072766,0.05986454710364342
7716864,628,987.44,11162,1203.97255487,691,-0.023254257357136036,0.9682799577713013,0.5187590606200199,0.2,0.4451985677083333,0.16231904923915863,0.050721165,17650,5e-05,5.580217544237772,0.14607872068881989
7729152,629,993.91,11164,1212.1183379699999,692,-0.029862602302455344,0.9925673007965088,0.7649792301778991,0.2,0.43976236979166666,0.16212372481822968,0.04962756,17660,5e-05,5.593973275025686,0.1057172566652298
7741440,630,995.42,11166,1215.51719079,693,-0.03283695117764485,0.9932569265365601,0.33835014821961523,0.2,0.47918294270833334,0.16186149418354034,0.06565738,17670,5e-05,5.6128315925598145,0.05046810209751129
7753728,631,995.42,11167,1215.22984572,694,-0.037499286810634656,0.9935512542724609,0.3047086268973847,0.2,0.5025146484375,0.16159038245677948,0.06858351,17680,5e-05,5.631174626946449,0.0702124834060669
7766016,632,995.42,11348,1218.83089647,684,-0.023271109475172125,0.9849070906639099,1.4354825805562237,0.2,0.3957600911458333,0.16142481565475464,0.040242624,17690,5e-05,5.6501496205727255,0.38648325204849243
7778304,633,995.42,11350,1223.5474631999998,685,-0.03702581546434279,0.9829439520835876,0.17672391707698504,0.2,0.5133382161458333,0.16129712760448456,0.067924105,17700,5e-05,5.661594890554746,0.016180168837308884
7790592,634,995.42,11352,1222.3287417800002,686,-0.035232288032420914,0.9879655241966248,0.17748591657727958,0.2,0.48892415364583336,0.16104967892169952,0.06270974,17710,5e-05,5.6772492855787275,0.04156562313437462
7802880,635,995.42,11354,1225.5661567900002,687,-0.03367805825158333,0.993886411190033,0.1968184728641063,0.2,0.46885579427083335,0.16085530817508698,0.058066964,17720,5e-05,5.694891290863355,0.03189152851700783
7815168,636,993.22,11356,1222.0984013500001,688,-0.037480636841307084,0.9937570691108704,0.2982200004470845,0.2,0.48033040364583335,0.16077719628810883,0.056535553,17730,5e-05,5.704372077186902,0.07093339413404465
7827456,637,986.4,11358,1214.4930807800001,689,-0.017766912490090665,0.9700847864151001,3.2431342942950625,0.2,0.3284993489583333,0.16072310507297516,0.033104997,17740,5e-05,5.711101940274238,1.313173770904541
7839744,638,986.4,11360,1211.21322223,690,-0.022718528900683547,0.9850393533706665,1.5864807836090524,0.2,0.36436360677083335,0.1606447696685791,0.036986265,17750,5e-05,5.714761498570442,0.6253725290298462
7852032,639,983.57,11362,1208.3985407000002,691,-0.030400253986105477,0.993229866027832,0.3241672051139176,0.2,0.5197428385416667,0.16053663194179535,0.0689682,17760,5e-05,5.723883952697118,0.08327697962522507
7864320,640,983.57,11363,1204.80464614,692,-0.023219872333963092,0.9873476624488831,1.6862360782921315,0.2,0.4065185546875,0.16050107777118683,0.047494996,17770,5e-05,5.7321894397338236,1.221297264099121
7876608,641,983.57,11365,1203.7731575,693,-0.033724647993221876,0.9928014874458313,0.24829014716669917,0.2,0.5349690755208333,0.16021429002285004,0.073635526,17780,5e-05,5.7433927118778225,0.07117123156785965
7888896,642,981.91,11367,1197.52594145,693,-0.030863664685360465,0.9960046410560608,0.23470323911557595,0.2,0.5126546223958334,0.16016127169132233,0.07196116,17790,5e-05,5.756743997335434,0.045556649565696716
7901184,643,979.08,11369,1191.55935885,694,-0.018875278419000097,0.9757152795791626,1.2971696029417217,0.2,0.46229654947916665,0.16012005507946014,0.05546163,17800,5e-05,5.760552276174227,2.3649470806121826
7913472,644,985.86,11370,1196.8932120700001,695,-0.023131623199636426,0.9827579855918884,1.2283859100503227,0.2,0.4368896484375,0.15998739004135132,0.0511671,17810,5e-05,5.764352491497993,0.8151172995567322
7925760,645,980.6,11372,1189.49226101,696,-0.029945351770341706,0.9869272112846375,0.22680549239739775,0.2,0.5323160807291667,0.15973232686519623,0.07215323,17820,5e-05,5.780782455205918,0.04655470699071884
7938048,646,971.51,11374,1183.72644283,697,-0.015965918627625798,0.9776544570922852,2.559814608376473,0.2,0.40223795572916665,0.1596352458000183,0.037816424,17830,5e-05,5.796162054936091,0.142957404255867
7950336,647,965.18,11375,1172.25440664,698,-0.01697743558518899,0.9212293028831482,4.492406092273693,0.2,0.4934326171875,0.1596420258283615,0.05523141,17840,5e-05,5.799226741989454,0.2276647835969925
7962624,648,965.18,11377,1177.5072472699999,699,-0.024096088346171503,0.9723262786865234,2.01722579083095,0.2,0.5180013020833333,0.15957987308502197,0.07038978,17850,5e-05,5.803263313571612,0.49895337224006653
7974912,649,959.63,11379,1169.2492750400002,700,-0.022561143637722124,0.9802404046058655,1.2926529598111907,0.2,0.47162272135416666,0.15942035615444183,0.061185583,17860,5e-05,5.814088021715482,1.0391944646835327
7987200,650,961.29,11381,1169.0047925,701,-0.027395740359982785,0.9852138161659241,0.7426831356560191,0.2,0.52060546875,0.15915803611278534,0.073765285,17870,5e-05,5.8293168952067695,0.16493704915046692
7999488,651,964.12,11382,1169.85059628,702,-0.02910049490116459,0.985163152217865,0.45043263845145703,0.2,0.5348388671875,0.15923862159252167,0.08049829,17880,5e-05,5.835450792312622,0.12959527969360352
8011776,652,959.49,11384,1166.9979830900002,703,-0.03761904526133245,0.9921925067901611,0.3401137943379581,0.2,0.5003743489583333,0.15909229218959808,0.067781515,17890,5e-05,5.839302762349447,0.11117107421159744
8024064,653,968.55,11386,1181.9207085200003,704,-0.018956562221380105,0.9807357788085938,1.4427831237825255,0.2,0.42269694010416664,0.15898634493350983,0.0450198,17900,5e-05,5.848494328061739,0.05377476289868355
8036352,654,977.64,11387,1189.6143858300002,705,-0.02731206249445677,0.9910680651664734,0.8415403376333416,0.2,0.46873372395833335,0.15871773660182953,0.05539766,17910,5e-05,5.863239452242851,0.20569106936454773
8048640,655,986.8,11389,1201.1131136299998,706,-0.033753024043592934,0.9871336817741394,0.23315656290700038,0.2,0.5314697265625,0.15874075889587402,0.07384177,17920,5e-05,5.872129682699839,0.060022659599781036
8060928,656,975.46,11391,1182.5774737400002,707,-0.03441046157774205,0.9945855140686035,0.2854317599286636,0.2,0.5050130208333333,0.15855158865451813,0.0682837,17930,5e-05,5.882022441426913,0.08762528002262115
8073216,657,981.01,11393,1191.7435638000002,708,-0.01994142816887082,0.9748138785362244,2.82918510530144,0.2,0.39593912760416666,0.15838877856731415,0.04376337,17940,5e-05,5.897555329402288,4.387222766876221
8085504,658,975.85,11394,1181.2122544599997,709,-0.025529089696647134,0.9853135943412781,0.695923195934544,0.2,0.5096028645833334,0.15828752517700195,0.075305216,17950,5e-05,5.908606560031573,0.22298581898212433
8097792,659,972.84,11649,1177.9097347799998,695,-0.02141069810168119,0.9783387780189514,2.644791705254465,0.2,0.3817220052083333,0.15810756385326385,0.035398383,17960,5e-05,5.918682525555293,0.7759164571762085
8110080,660,977.47,11651,1182.94304999,696,-0.01970511831508096,0.9874019622802734,1.4265561553339163,0.2,0.4835611979166667,0.1580819934606552,0.060254782,17970,5e-05,5.927755950887998,0.5242671966552734
8122368,661,979.83,11652,1180.94762769,697,-0.02559286816782939,0.9906191229820251,0.3965555407727758,0.2,0.5659993489583334,0.15810126066207886,0.090153396,17980,5e-05,5.929974370201429,0.1299622356891632
8134656,662,979.83,11654,1181.94982596,697,-0.019503346679266544,0.9789319634437561,0.5754645003626744,0.2,0.5068684895833333,0.15789060294628143,0.067121945,17990,5e-05,5.9362584292888645,0.07223537564277649
8146944,663,979.83,11656,1184.1021884400002,698,-0.029206277867100047,0.9904802441596985,0.311320010976245,0.2,0.5343424479166666,0.15775172412395477,0.07857296,18000,5e-05,5.951606068015098,0.0798184722661972
8159232,664,991.17,11657,1203.6449465599999,699,-0.03713841454543096,0.9830307960510254,0.2364152727338175,0.2,0.5036376953125,0.15776695311069489,0.068931475,18010,5e-05,5.953424893816313,0.04627593234181404
8171520,665,991.17,11659,1205.60749118,700,-0.03601131561930136,0.9945957064628601,0.14933862917435667,0.2,0.4873291015625,0.15788482129573822,0.065062255,18020,5e-05,5.952428350845973,0.011914610862731934
8183808,666,989.12,11661,1211.56575082,701,-0.037443971462198536,0.9935333728790283,0.18431203332729637,0.2,0.48048502604166665,0.1576875001192093,0.059530947,18030,5e-05,5.957127630710602,0.01851315051317215
8196096,667,992.13,11663,1221.35907688,702,-0.018444707601641616,0.9725127220153809,0.6861873435166975,0.2,0.4353434244791667,0.15755045413970947,0.050089907,18040,5e-05,5.969972762465477,0.22725573182106018
8208384,668,988.79,11664,1216.63742257,703,-0.03428961265696368,0.9943265914916992,0.26331165138011176,0.2,0.5029541015625,0.15747003257274628,0.06932696,18050,5e-05,5.9772015074888865,0.07706965506076813
8220672,669,989.45,11666,1223.0085375099998,704,-0.01838281694363104,0.9733454585075378,2.8808299943804743,0.2,0.35653483072916664,0.15741507709026337,0.034778118,18060,5e-05,5.984890407323837,0.21986688673496246
8232960,670,978.41,11668,1204.8202013100004,705,-0.02344999043561984,0.982203483581543,0.4223577563650906,0.2,0.5082600911458334,0.15738120675086975,0.07033379,18070,5e-05,5.988822080691656,0.08211185783147812
8245248,671,968.35,11669,1192.94314367,706,-0.014567173235991503,0.959507942199707,2.101032878955205,0.2,0.4455810546875,0.1572951078414917,0.049023133,18080,5e-05,5.992416762312254,1.2433332204818726
8257536,672,968.35,11671,1191.0805268800002,707,-0.01751831221044995,0.9682196974754333,1.6640314746027192,0.2,0.46222330729166666,0.1570691019296646,0.05847245,18090,5e-05,6.00358235736688,0.5000341534614563
8269824,673,968.35,11673,1186.89076524,708,-0.032993578856500484,0.9909197688102722,0.3008053726516664,0.2,0.569873046875,0.1568906605243683,0.08826318,18100,5e-05,6.0197680006424585,0.11229096353054047
8282112,674,975.56,11675,1191.16938232,709,-0.035642245938652194,0.9856078624725342,0.585516834569474,0.2,0.5257405598958333,0.15660062432289124,0.07079979,18110,5e-05,6.03555171986421,0.16349290311336517
8294400,675,975.56,11676,1188.2303038,710,-0.03379203002017069,0.996097207069397,0.20135768046602606,0.2,0.49227701822916664,0.15657652914524078,0.06200478,18120,5e-05,6.051839606960614,0.01576649397611618
8306688,676,978.9,11678,1200.98183335,711,-0.03856295294778344,0.9949997067451477,0.20335397450253367,0.2,0.48338216145833335,0.15642261505126953,0.063658565,18130,5e-05,6.059344925483068,0.03185933083295822
8318976,677,977.73,11680,1194.1333166200002,712,-0.03854298160392015,0.9907825589179993,0.2483686634960274,0.2,0.48458658854166664,0.1563015580177307,0.06067042,18140,5e-05,6.070174897710483,0.046430788934230804
8331264,678,988.77,11682,1200.4796290000004,713,-0.024849308197735807,0.975414514541626,1.626641234382987,0.2,0.4267171223958333,0.1561456173658371,0.04778774,18150,5e-05,6.084721721212069,0.33672860264778137
8343552,679,992.6,11683,1210.2406789900003,714,-0.024045030088745988,0.9526404142379761,2.223049842317899,0.2,0.40164388020833336,0.15606924891471863,0.042864293,18160,5e-05,6.0955623606840765,0.9061368107795715
8355840,680,992.6,11685,1208.0439106899998,715,-0.024053265113616364,0.9885752201080322,0.9824097104991476,0.2,0.4446533203125,0.1559128612279892,0.05339356,18170,5e-05,6.103873951236407,0.08171007037162781
8368128,681,984.07,11687,1203.41639931,716,-0.033033936516342996,0.9949103593826294,0.2060733845146994,0.2,0.5341064453125,0.1559365689754486,0.07975712,18180,5e-05,6.109223800897598,0.02369704842567444
8380416,682,984.07,11688,1212.9078823999998,716,-0.02104096789310764,0.9842723608016968,0.3247516865997265,0.2,0.4721272786458333,0.15582306683063507,0.057557106,18190,5e-05,6.1153048743804295,0.052316755056381226
8392704,683,984.07,11690,1206.2647693000001,717,-0.026487132576100216,0.9785909652709961,0.6111587509202461,0.2,0.5017252604166667,0.15576843917369843,0.07009933,18200,5e-05,6.1229512343804045,0.17294107377529144
8404992,684,984.07,11692,1205.0710734800002,718,-0.029368454456077112,0.9903841614723206,0.31845781663432715,0.2,0.5266194661458333,0.15577805042266846,0.07832586,18210,5e-05,6.12568203608195,0.10746495425701141
8417280,685,985.24,11693,1208.52761175,719,-0.03674335923860781,0.9929631352424622,0.21733051085223754,0.2,0.506591796875,0.15574555099010468,0.06699846,18220,5e-05,6.124601619442304,0.0313701406121254
8429568,686,985.24,11948,1210.93487613,705,-0.03809764430964909,0.9930418729782104,0.24574662977829576,0.2,0.5025716145833333,0.15562684834003448,0.06830796,18230,5e-05,6.130725874503454,0.056443534791469574
8441856,687,991.47,11950,1213.90588187,706,-0.03299948292454549,0.9939100742340088,0.24050418014327685,0.2,0.48751627604166664,0.15550635755062103,0.06332928,18240,5e-05,6.140532590945562,0.03711366653442383
8454144,688,991.47,11952,1218.3793375100001,707,-0.0373013615894403,0.9950697422027588,0.1622236276200662,0.2,0.47861328125,0.15532739460468292,0.063210934,18250,5e-05,6.155688583850861,0.03140893206000328
8466432,689,998.82,11954,1223.44811389,708,-0.03353275367214034,0.9946473240852356,0.18017375979882974,0.2,0.4702880859375,0.15516118705272675,0.05765417,18260,5e-05,6.1696068942546844,0.022569265216588974
8478720,690,993.84,11955,1210.95658095,709,-0.024361788760870695,0.974880576133728,0.3380637890969714,0.2,0.44768880208333334,0.15496757626533508,0.051619697,18270,5e-05,6.185371538003285,0.06384807080030441
8491008,691,993.84,11957,1214.5590486800002,710,-0.01754040436402041,0.9514601826667786,2.7967031141432623,0.2,0.3832600911458333,0.15489697456359863,0.040260855,18280,5e-05,6.201313119133314,1.5811859369277954
8503296,692,993.84,11959,1216.8922534599997,711,-0.03558305982248081,0.9885326623916626,0.36900362459321817,0.2,0.5233072916666667,0.15483546257019043,0.07594401,18290,5e-05,6.205902077754339,0.1284535527229309
8515584,693,993.23,11960,1217.10380166,711,-0.032989130026544446,0.9908027648925781,0.2700956295865277,0.2,0.5021158854166666,0.15465210378170013,0.06615007,18300,5e-05,6.214736301700274,0.04811336472630501
8527872,694,993.23,11962,1222.37669356,712,-0.02129231138387695,0.9810075759887695,0.6546774494461716,0.2,0.4433512369791667,0.15441060066223145,0.050293166,18310,5e-05,6.230260536074638,0.05634365975856781
8540160,695,993.23,11964,1222.1209320599999,713,-0.033200426739252484,0.9939917922019958,0.21193095482885838,0.2,0.5108235677083334,0.1544569730758667,0.06673526,18320,5e-05,6.243246512611707,0.024852775037288666
8552448,696,993.23,11966,1219.0997499,714,-0.03668766162494042,0.9925785064697266,0.3342055246854822,0.2,0.5064697265625,0.15439744293689728,0.07168744,18330,5e-05,6.243846622109413,0.10603664815425873
8564736,697,994.41,11967,1214.78592719,715,-0.03087366511269162,0.9953503608703613,0.27304852701102694,0.2,0.4895833333333333,0.15425951778888702,0.065131746,18340,5e-05,6.250579282641411,0.03763478249311447
8577024,698,999.39,11969,1223.05218976,716,-0.034416328866306384,0.9943220615386963,0.2056391502264887,0.2,0.4901204427083333,0.15398307144641876,0.06226198,18350,5e-05,6.269888447721799,0.04554196074604988
8589312,699,999.39,11971,1222.9799491299998,717,-0.03296793919968574,0.995209813117981,0.17495315968990327,0.2,0.48346354166666666,0.1538522094488144,0.0625406,18360,5e-05,6.288687993089358,0.01608702540397644
8601600,700,999.39,11972,1220.7209368899998,718,-0.036053863817748305,0.9944948554039001,0.15837861287097135,0.2,0.4889404296875,0.15373024344444275,0.062039178,18370,5e-05,6.301194149255752,0.015580590814352036
8613888,701,994.47,11974,1216.54145824,719,-0.03790940238686744,0.9944718480110168,0.19202812730024257,0.2,0.4871826171875,0.15368199348449707,0.06498981,18380,5e-05,6.310359785954158,0.05891214311122894
8626176,702,994.47,11976,1213.3733491,720,-0.022356278397880184,0.9763233065605164,0.7067634609838327,0.2,0.4336181640625,0.1536732167005539,0.045765996,18390,5e-05,6.313405961791674,0.12289394438266754
8638464,703,994.47,11978,1221.4832387000001,721,-0.03204258461773861,0.9953944087028503,0.1597125023448219,0.2,0.4902262369791667,0.15349747240543365,0.06429722,18400,5e-05,6.321659061312675,0.020491398870944977
8650752,704,990.21,11979,1222.5019844100002,722,-0.02281858207231077,0.986231803894043,0.4078792082456251,0.2,0.4673258463541667,0.15354061126708984,0.056539107,18410,5e-05,6.327899902065595,0.08801576495170593
8663040,705,990.21,11981,1228.3398153,723,-0.019135905657700885,0.9626200199127197,0.863002355551968,0.2,0.456201171875,0.15350086987018585,0.050692767,18420,5e-05,6.328067787488302,0.030239101499319077
8675328,706,990.21,11983,1230.53578371,723,-0.030561946367864343,0.9938977360725403,0.16683725053444504,0.2,0.5083414713541666,0.1535193771123886,0.0682245,18430,5e-05,6.331190118193627,0.022837437689304352
8687616,707,990.21,11984,1229.59367357,724,-0.024643247634230647,0.9843134880065918,0.46793754016980527,0.2,0.5116455078125,0.1536847949028015,0.07279881,18440,5e-05,6.3301232129335405,0.056610383093357086
8699904,708,990.21,11986,1228.20770406,725,-0.033135908779513557,0.9942508935928345,0.2258318740564088,0.2,0.4967041015625,0.15357808768749237,0.064841725,18450,5e-05,6.332231269280116,0.060951344668865204
8712192,709,987.47,11988,1226.0824047800002,726,-0.03146803370521714,0.9915999174118042,0.16328952961290877,0.2,0.4907145182291667,0.15338534116744995,0.061329503,18460,5e-05,6.346548161904017,0.019305653870105743
8724480,710,987.09,11989,1229.5859613700002,727,-0.016707333518085458,0.9679813385009766,2.0240732352249324,0.2,0.3993001302083333,0.15330302715301514,0.042379837,18470,5e-05,6.358373163143794,0.5102626085281372
8736768,711,987.09,11991,1227.5160515400003,728,-0.022367440776724833,0.9944433569908142,0.5239366490859538,0.2,0.465966796875,0.15326888859272003,0.06541947,18480,5e-05,6.361720464626948,0.18352535367012024
8749056,712,991.35,11993,1236.5517308500002,729,-0.030736631306596488,0.9965395927429199,0.168507526240622,0.2,0.5021728515625,0.15313735604286194,0.068817295,18490,5e-05,6.368754881620407,0.031142443418502808
8761344,713,986.68,11994,1223.8375788,730,-0.035084089561132716,0.9950591921806335,0.18936882566971083,0.2,0.4908447265625,0.15304914116859436,0.06455184,18500,5e-05,6.377966386079788,0.04409720376133919
8773632,714,981.06,12249,1210.08595581,716,-0.021686276325878377,0.9601185321807861,2.933545695990324,0.2,0.31292317708333334,0.1529620736837387,0.027899168,18510,5e-05,6.384031174580256,0.3083763122558594
8785920,715,977.59,12250,1212.41828302,717,-0.018366203831586367,0.9635477066040039,1.966658910860618,0.2,0.45358072916666664,0.1529565304517746,0.05206011,18520,5e-05,6.388353688518206,0.5811048150062561
8798208,716,973.12,12252,1207.1097626800001,718,-0.017382243335305247,0.9764754176139832,1.429276347377648,0.2,0.490673828125,0.15291441977024078,0.06469951,18530,5e-05,6.387955260276795,0.2564447522163391
8810496,717,978.02,12254,1213.6039543200002,718,-0.016992448755384734,0.9737147688865662,2.8191183630377052,0.2,0.5122721354166667,0.15283261239528656,0.070482306,18540,5e-05,6.390837159752846,1.9263145923614502
8822784,718,978.4,12256,1212.53650099,719,-0.019907678645298195,0.97761070728302,2.5148659573867915,0.2,0.4941813151041667,0.15285362303256989,0.06292956,18550,5e-05,6.39321171939373,0.7671354413032532
8835072,719,971.65,12257,1201.58008416,720,-0.023194523550288674,0.9760748744010925,0.5412550104471544,0.2,0.5614095052083333,0.15267246961593628,0.08026039,18560,5e-05,6.397829701503118,0.2996029555797577
8847360,720,958.76,12259,1178.45780455,721,-0.02466388658892053,0.9922543168067932,0.3329594066987435,0.2,0.56083984375,0.1526026576757431,0.09223163,18570,5e-05,6.412555615107219,0.13511252403259277
8859648,721,969.05,12261,1199.9734280300002,722,-0.021408070098550523,0.9637213349342346,7.042416311055422,0.2,0.2852376302083333,0.15251733362674713,0.021326253,18580,5e-05,6.417105729381244,3.7482714653015137
8871936,722,960.06,12262,1191.35987263,723,-0.021156486552596714,0.9861504435539246,0.3430674306427439,0.2,0.5724853515625,0.15243880450725555,0.09340493,18590,5e-05,6.4261401702960335,0.04657072573900223
8884224,723,963.53,12264,1189.15678551,724,-0.016686018604862813,0.9281384348869324,3.094805401501556,0.2,0.5142903645833333,0.15226402878761292,0.065696485,18600,5e-05,6.436728822191556,0.11505021154880524
8896512,724,968.0,12266,1197.1405367099999,725,-0.028550056059611962,0.9858888387680054,0.2492390867633124,0.2,0.5465494791666666,0.15222901105880737,0.08818581,18610,5e-05,6.443976044654846,0.04317622631788254
8908800,725,971.37,12268,1201.96253824,726,-0.02687145459931344,0.9947162866592407,0.1711108172312379,0.2,0.5108154296875,0.15213163197040558,0.07273583,18620,5e-05,6.447872744003932,0.022466495633125305
8921088,726,971.37,12269,1201.70073021,727,-0.028109194979333552,0.9856905341148376,0.6175016995829841,0.2,0.5012288411458333,0.1520872861146927,0.06880632,18630,5e-05,6.451957421501477,0.08853913098573685
8933376,727,978.12,12271,1212.06952319,727,-0.03179816858416113,0.9912472367286682,0.20882243788801133,0.2,0.5081868489583333,0.15196283161640167,0.07102012,18640,5e-05,6.4616133560736975,0.04572044685482979
8945664,728,991.01,12273,1231.21928092,728,-0.02759369036696929,0.9947600364685059,0.15754452447096506,0.2,0.47410481770833335,0.1518537700176239,0.057917092,18650,5e-05,6.475350665052732,0.04749283194541931
8957952,729,984.89,12274,1222.5706352400002,729,-0.03319928796263412,0.9924655556678772,0.18432969539426267,0.2,0.4812418619791667,0.15174567699432373,0.06095396,18660,5e-05,6.484531248609225,0.019795775413513184
8970240,730,989.22,12276,1224.62661964,730,-0.02560061729939965,0.982679545879364,0.5463384777307511,0.2,0.4421142578125,0.15157371759414673,0.053194884,18670,5e-05,6.494199366370837,0.21570421755313873
8982528,731,989.22,12278,1223.73556616,731,-0.020474762583035044,0.9820082187652588,1.2523057989776134,0.2,0.4462076822916667,0.15149307250976562,0.051678214,18680,5e-05,6.502690545717875,0.20798787474632263
8994816,732,985.27,12280,1213.53519454,732,-0.03160798934792789,0.9879565834999084,0.2275177227333188,0.2,0.5301188151041667,0.151436448097229,0.0814678,18690,5e-05,6.505791321396828,0.042570121586322784
9007104,733,985.27,12281,1210.1812793299998,733,-0.020467731000583928,0.9828042984008789,1.7506917532843849,0.2,0.4378173828125,0.1514630764722824,0.048723925,18700,5e-05,6.509437376260758,0.4936191141605377
9019392,734,976.84,12283,1200.29862332,734,-0.029464095650958675,0.9937945604324341,0.1894041100361695,0.2,0.5287760416666667,0.15146295726299286,0.077171005,18710,5e-05,6.511473334829012,0.057632189244031906
9031680,735,964.6,12285,1181.23279144,735,-0.019569397430556516,0.9830880761146545,0.7653185730489592,0.2,0.4698893229166667,0.1514677256345749,0.05529986,18720,5e-05,6.517506895462672,1.1006866693496704
9043968,736,964.6,12286,1180.46189604,736,-0.022678051732752162,0.9879592061042786,1.2406642542531092,0.2,0.4191813151041667,0.1513766646385193,0.043425392,18730,5e-05,6.521590329209963,0.24594326317310333
9056256,737,962.25,12288,1178.9820092799998,736,-0.023254318294251182,0.983741819858551,0.6491160179798802,0.2,0.5282796223958334,0.15125156939029694,0.07789394,18740,5e-05,6.529894049962362,0.08383685350418091
9068544,738,960.29,12290,1176.93159774,737,-0.02165033541629479,0.9775230884552002,3.4476688327267766,0.2,0.3845458984375,0.15125828981399536,0.03820583,18750,5e-05,6.534258155028025,1.8777923583984375
9080832,739,960.29,12291,1174.79476554,738,-0.018872871815983672,0.980285108089447,2.664635169537117,0.2,0.451171875,0.15132103860378265,0.05753757,18760,5e-05,6.530571873982748,1.9591121673583984
9093120,740,959.43,12293,1176.56028715,739,-0.017233638903902223,0.9916864633560181,0.26674010915060836,0.2,0.6379720052083333,0.15114246308803558,0.20421879,18770,5e-05,6.536359759171804,0.06083002686500549
9105408,741,959.43,12300,1172.2877772900001,740,-0.01984798328145795,0.9867417812347412,1.32437562327832,0.2,0.49965006510416665,0.15113739669322968,0.06712664,18780,5e-05,6.549301320314408,0.11805198341608047
9117696,742,967.86,12302,1182.2443426,741,-0.019756373120374822,0.97996586561203,0.5489411422982812,0.2,0.5468587239583333,0.15099136531352997,0.08203468,18790,5e-05,6.555790118376414,0.13675963878631592
9129984,743,974.3,12304,1189.33307886,741,-0.03154163207655074,0.9958519339561462,0.19343431638553737,0.2,0.5408854166666667,0.15082116425037384,0.07994872,18800,5e-05,6.566794684529304,0.04074888676404953
9142272,744,980.1,12314,1193.04996572,742,-0.02811057172754469,0.9956807494163513,0.20370097374543547,0.2,0.5176676432291667,0.15060748159885406,0.07400396,18810,5e-05,6.583312703172366,0.052886515855789185
9154560,745,988.57,12322,1206.8263066899997,742,-0.03165539748442825,0.9954274892807007,0.21318355227510136,0.2,0.5065673828125,0.1502576768398285,0.06800224,18820,5e-05,6.604874060551325,0.03604469448328018
9166848,746,995.19,12329,1215.4041523600001,743,-0.036223874526331204,0.9916746020317078,0.20566349104046822,0.2,0.5080485026041667,0.15001226961612701,0.067454435,18830,5e-05,6.62616238395373,0.07272961735725403
9179136,747,995.19,12336,1214.91057707,744,-0.034207645636827995,0.9885862469673157,0.29728107433766127,0.2,0.4880777994791667,0.149805948138237,0.064006366,18840,5e-05,6.640692434708277,0.08069360256195068
9191424,748,1000.0,12341,1223.23853555,744,-0.03230872175190598,0.9933056831359863,0.1908688897266984,0.2,0.49644368489583335,0.14976204931735992,0.07128226,18850,5e-05,6.653707028428713,0.03631816804409027
9203712,749,1000.0,12346,1230.91273822,745,-0.0310468577867141,0.9945926666259766,0.17169916826921205,0.2,0.4892496744791667,0.14979881048202515,0.059929643,18860,5e-05,6.655259316166242,0.04646681994199753
9216000,750,1000.0,12350,1230.7838221199997,746,-0.0384028135604846,0.989057719707489,0.2322666022926569,0.2,0.48651529947916666,0.14973445236682892,0.06272279,18870,5e-05,6.6583283931016926,0.043521948158741
9228288,751,993.44,12352,1218.86903919,747,-0.03325888121714039,0.9878081679344177,0.16870127629178266,0.2,0.49638671875,0.1496441513299942,0.0641372,18880,5e-05,6.669877308607101,0.024984892457723618
9240576,752,993.44,12355,1227.92575696,747,-0.019395751351839862,0.9627313017845154,0.5472426964590947,0.2,0.44065755208333335,0.14956216514110565,0.04762243,18890,5e-05,6.67565129896005,0.2407110184431076
9252864,753,993.44,12362,1230.68302086,748,-0.03335339544767824,0.9910082221031189,0.16159200672991575,0.2,0.491552734375,0.1494162529706955,0.06784386,18900,5e-05,6.684568817416827,0.03140176832675934
9265152,754,993.44,12368,1232.0995078400001,749,-0.03525876171188429,0.9939236640930176,0.24959694584831596,0.2,0.49051106770833336,0.14931122958660126,0.062794454,18910,5e-05,6.693715245525042,0.10742221772670746
9277440,755,993.44,12374,1232.61468684,749,-0.03318542085277538,0.9936680197715759,0.24472099517782528,0.2,0.48153483072916664,0.14913444221019745,0.06655175,18920,5e-05,6.702714589238167,0.0346929207444191
9289728,756,993.44,12379,1232.95113425,750,-0.034184490138432014,0.9932523965835571,0.19301802893169223,0.2,0.4802652994791667,0.14899133145809174,0.06067413,18930,5e-05,6.7167088429133095,0.05547238513827324
9302016,757,993.44,12385,1235.31997211,751,-0.03272613114580357,0.9944580793380737,0.1695965916228791,0.2,0.48085123697916665,0.1489500254392624,0.05883197,18940,5e-05,6.728040103117625,0.009134132415056229
9314304,758,993.44,12390,1236.9970099799998,751,-0.03341959811999307,0.9947261214256287,0.14154791271624464,0.2,0.4791341145833333,0.14888697862625122,0.06474825,18950,5e-05,6.732971809307734,0.009469624608755112
9326592,759,1000.0,12526,1252.3372980699999,744,-0.03557303040385402,0.9906749725341797,0.27188184407229227,0.2,0.47762858072916664,0.14881472289562225,0.05991946,18960,5e-05,6.738819213708242,0.06672735512256622
9338880,760,1000.0,12529,1250.59359287,745,-0.036952719516314875,0.9909666776657104,0.17977768665490051,0.2,0.48480631510416666,0.14848561584949493,0.06369031,18970,5e-05,6.753774518767993,0.02694018930196762
9351168,761,994.49,12531,1237.85719044,746,-0.0350077962357318,0.9878806471824646,0.1811300052019457,0.2,0.49310709635416666,0.14839382469654083,0.069806494,18980,5e-05,6.770756923158964,0.012421898543834686
9363456,762,992.3,12539,1236.28115114,746,-0.016685594789062938,0.9280897974967957,1.2942307511654993,0.2,0.4171630859375,0.14831103384494781,0.039587423,18990,5e-05,6.776466740171115,0.15602415800094604
9375744,763,983.75,12545,1224.25832377,747,-0.01871917016178486,0.981436550617218,1.9189810948446393,0.2,0.4610677083333333,0.1482592076063156,0.06285698,19000,5e-05,6.78138929605484,0.5785356163978577
9388032,764,980.29,12551,1221.30224813,747,-0.01730597885083019,0.9695599675178528,2.4927120733695727,0.2,0.41265462239583334,0.14820434153079987,0.053685796,19010,5e-05,6.7832881619532905,0.23879288136959076
9400320,765,980.29,12556,1218.82795539,748,-0.017813288789087285,0.9536669254302979,4.62612102261434,0.2,0.4164794921875,0.1481695920228958,0.04180631,19020,5e-05,6.787959548830986,1.7081185579299927
9412608,766,980.29,12562,1220.8297927600001,749,-0.02010047256674928,0.990300178527832,0.11132287612805764,0.2,0.5879313151041666,0.14802055060863495,0.0970909,19030,5e-05,6.791174924373626,0.024655494838953018
9424896,767,980.29,12568,1215.13133272,749,-0.023131152309360914,0.993912935256958,0.15863664813029268,0.2,0.5481852213541667,0.14796394109725952,0.079176955,19040,5e-05,6.800677928328514,0.017310086637735367
9437184,768,980.29,12572,1215.0762672,750,-0.02804788637246626,0.9870247840881348,0.18843449816728633,0.2,0.5084065755208333,0.14791160821914673,0.065858595,19050,5e-05,6.80403745273749,0.03690441697835922
9449472,769,985.8,12586,1225.7997231699999,750,-0.03441127880651038,0.9892104268074036,0.19078734937744837,0.2,0.49276529947916664,0.14779657125473022,0.0639785,19060,5e-05,6.812272255619367,0.02241050824522972
9461760,770,987.99,12588,1229.65900175,751,-0.03570456545955191,0.9900916218757629,0.14459171976583698,0.2,0.48238932291666664,0.14767460525035858,0.064451635,19070,5e-05,6.820508973797162,0.016249224543571472
9474048,771,984.88,12591,1227.3682821999998,752,-0.03851910969581998,0.9902607798576355,0.21012622372557718,0.2,0.4962646484375,0.1477252095937729,0.06332943,19080,5e-05,6.823364749550819,0.0384792760014534
9486336,772,988.34,12593,1231.64568081,753,-0.01812012018344831,0.9669488668441772,2.6596873155484597,0.2,0.3427815755208333,0.14772436022758484,0.029649079,19090,5e-05,6.824774506688118,0.3394321799278259
9498624,773,988.34,12596,1229.87595314,754,-0.03358844547231759,0.9915083646774292,0.3261037142636875,0.2,0.5180908203125,0.1476191282272339,0.077273466,19100,5e-05,6.828089069326719,0.07017495483160019
9510912,774,979.5,12598,1218.84940195,754,-0.03212658179108985,0.9924112558364868,0.15400373300847908,0.2,0.5114013671875,0.14756102859973907,0.06942453,19110,5e-05,6.840020088354747,0.027601420879364014
9523200,775,975.61,12601,1216.17423162,755,-0.01655776525537173,0.9623686075210571,1.241532192658633,0.2,0.4786295572916667,0.14747343957424164,0.061555926,19120,5e-05,6.847848626971245,0.11169444024562836
9535488,776,975.61,12604,1212.19379266,756,-0.018489175996607324,0.9712594747543335,2.9747292224317787,0.2,0.4350179036458333,0.14741794764995575,0.050432593,19130,5e-05,6.853395400444667,4.73696231842041
9547776,777,968.23,12606,1201.5357373,757,-0.02978142272574284,0.9895995855331421,0.3390040496985118,0.2,0.54482421875,0.14732269942760468,0.08445234,19140,5e-05,6.860456320643425,0.09977269172668457
9560064,778,954.37,12608,1177.63975113,758,-0.028583446986885974,0.9914273023605347,1.0982110865103702,0.2,0.48271484375,0.14724667370319366,0.058384657,19150,5e-05,6.86801409025987,1.017206072807312
9572352,779,960.7,12610,1181.71706417,759,-0.025549565376422834,0.9814175963401794,5.383397060881058,0.2,0.3317789713541667,0.14718176424503326,0.031489495,19160,5e-05,6.877021100123724,7.031576633453369
9584640,780,960.7,12612,1185.64371466,759,-0.03245065485728749,0.9920642971992493,0.2369203930410246,0.2,0.5885498046875,0.14713092148303986,0.103425644,19170,5e-05,6.877402800321579,0.04945998638868332
9596928,781,955.53,12614,1177.2331967599998,760,-0.029048416196989515,0.9926130771636963,0.14444475872442125,0.2,0.5326253255208333,0.1473681479692459,0.078318976,19180,5e-05,6.874741646647453,0.006263621151447296
9609216,782,955.29,12615,1180.10505464,761,-0.016689795639831573,0.9800845384597778,3.20649560270831,0.2,0.3804117838541667,0.14735685288906097,0.032244157,19190,5e-05,6.8732265094916025,0.6707491874694824
9621504,783,939.53,12617,1159.24094021,762,-0.020384314494246308,0.9707897305488586,1.1255106117886802,0.2,0.5211018880208333,0.14726343750953674,0.07738877,19200,5e-05,6.876628430684407,0.6805911064147949
9633792,784,941.21,12619,1165.8013047,763,-0.01512474773383777,0.9608367681503296,5.346366904396564,0.2,0.4114990234375,0.14724284410476685,0.03871289,19210,5e-05,6.881081634759903,0.13766762614250183
9646080,785,950.65,12621,1180.16985232,764,-0.01392436353538263,0.9706116914749146,1.7749043204821646,0.2,0.5183675130208333,0.14718538522720337,0.071897306,19220,5e-05,6.885482126474381,0.257487028837204
9658368,786,960.4,12623,1194.7393037100003,765,-0.01913081339347021,0.9675100445747375,1.4878220009307066,0.2,0.5329182942708334,0.14720505475997925,0.08763767,19230,5e-05,6.884569601217906,0.4751400351524353
9670656,787,960.4,12624,1194.44871512,766,-0.02672761441596473,0.9838778972625732,0.5150637693703175,0.2,0.5867350260416667,0.14716897904872894,0.10144753,19240,5e-05,6.878729754686356,0.09329377114772797
9682944,788,960.4,12626,1194.70899963,766,-0.029633157634331535,0.9926531314849854,0.23600175992275277,0.2,0.5663167317708333,0.14694726467132568,0.08321099,19250,5e-05,6.8863923817873,0.05096583440899849
9695232,789,965.57,12628,1200.8837464800001,767,-0.03377557178901043,0.9936681389808655,0.19882154876055816,0.2,0.5259033203125,0.1467389017343521,0.07195061,19260,5e-05,6.901848860581716,0.04409051686525345
9707520,790,972.71,12629,1209.3003993300001,768,-0.03436612990675106,0.992931604385376,0.21442236074556906,0.2,0.49025065104166665,0.14664392173290253,0.066482954,19270,5e-05,6.910161476333936,0.037004973739385605
9719808,791,986.98,12631,1229.0524068,769,-0.015729978805272063,0.961029589176178,1.1117076545022428,0.2,0.45068359375,0.14667005836963654,0.051914122,19280,5e-05,6.912086393435796,0.04569471627473831
9732096,792,986.98,12633,1225.7354434300003,770,-0.02105582285342583,0.9792790412902832,0.9894890135154129,0.2,0.45625,0.14655137062072754,0.05735317,19290,5e-05,6.91524754067262,0.07716386020183563
9744384,793,992.68,12635,1232.0629355900003,771,-0.019921681254345458,0.9011459350585938,0.9258613079786301,0.2,0.5323893229166666,0.1464373916387558,0.07827561,19300,5e-05,6.9296762843926745,0.2562456727027893
9756672,794,980.09,12637,1216.73906197,772,-0.031098039642286798,0.9924248456954956,0.18348389556631445,0.2,0.5652018229166667,0.14628586173057556,0.09692209,19310,5e-05,6.94295310775439,0.04333125054836273
9768960,795,980.09,12638,1221.11588996,772,-0.021771110756769,0.9799063801765442,3.3021183628588915,0.2,0.40821940104166665,0.1461850106716156,0.038796563,19320,5e-05,6.952800821264585,1.1051561832427979
9781248,796,980.09,12640,1214.65899426,773,-0.020475485843780915,0.9787290692329407,0.7689482670587798,0.2,0.5343017578125,0.14608429372310638,0.07957912,19330,5e-05,6.960309185584387,0.07332456111907959
9793536,797,980.09,12642,1214.99461709,774,-0.030188294449665896,0.9947583079338074,0.23945899248744051,0.2,0.541748046875,0.14580966532230377,0.08435223,19340,5e-05,6.97726821800073,0.043780140578746796
9805824,798,979.15,12643,1210.42741266,775,-0.03663685397962884,0.9883732199668884,0.24234605288753908,0.2,0.5356282552083333,0.1457936316728592,0.08211733,19350,5e-05,6.9846205621957775,0.03887377679347992
9818112,799,984.53,12645,1214.02868089,776,-0.02258830185601255,0.9737765789031982,0.9932483079532782,0.2,0.4663004557291667,0.14570234715938568,0.05171426,19360,5e-05,6.992524580160777,0.30158179998397827
9830400,800,982.05,12647,1212.8825049,777,-0.03252078978791057,0.9879930019378662,0.23238733801990746,0.2,0.5181233723958333,0.1455010324716568,0.073195964,19370,5e-05,7.007284929354985,0.111063152551651
9842688,801,982.05,12648,1212.0291987100002,778,-0.018771248357370495,0.9724858403205872,1.291207294135044,0.2,0.4519449869791667,0.14539958536624908,0.05570234,19380,5e-05,7.0215764035781225,0.1265338957309723
9854976,802,988.93,12650,1220.0328517399998,779,-0.02701470588023464,0.9869694709777832,0.4507630117548009,0.2,0.5608805338541667,0.14524924755096436,0.08748579,19390,5e-05,7.0345340718825655,0.15262702107429504
9867264,803,994.13,12652,1227.05632467,779,-0.021736768975582285,0.9871602058410645,1.110307946552833,0.2,0.4736572265625,0.14521615207195282,0.06149895,19400,5e-05,7.041517795125643,0.13392919301986694
9879552,804,994.13,12653,1227.4710178,780,-0.03238174929865636,0.9942446351051331,0.24374592338378231,0.2,0.5304036458333333,0.1450452357530594,0.087239146,19410,5e-05,7.049135902523995,0.02771478146314621
9891840,805,992.27,12655,1228.24258876,781,-0.02122243529205055,0.9851541519165039,1.0542286096140743,0.2,0.4612223307291667,0.14489956200122833,0.060563635,19420,5e-05,7.061531258622805,0.3656935691833496
9904128,806,995.15,12657,1233.40284371,782,-0.01660509920232774,0.9595112204551697,3.679767377860844,0.2,0.47286783854166664,0.14482738077640533,0.058134973,19430,5e-05,7.068991882602374,4.291445255279541
9916416,807,995.15,12658,1238.48270753,783,-0.030529634574971473,0.9959627389907837,0.273727149143815,0.2,0.5505615234375,0.14460864663124084,0.082410626,19440,5e-05,7.079436907172203,0.04218601435422897
9928704,808,997.63,12660,1239.7748326600001,784,-0.028967250140946515,0.9902634024620056,0.2693415120554467,0.2,0.5330729166666667,0.144545778632164,0.07764972,19450,5e-05,7.08964337905248,0.10569848865270615
9940992,809,997.63,12662,1243.7202746499997,785,-0.03229550199854809,0.9955002069473267,0.15667108340809743,0.2,0.5166910807291667,0.1444365382194519,0.067670286,19460,5e-05,7.0986861944198605,0.03657393902540207
9953280,810,998.14,12663,1248.8448456,785,-0.03317420951498207,0.9844077825546265,0.16663385584640006,0.2,0.506591796875,0.1444375365972519,0.07000426,19470,5e-05,7.105069985985756,0.030353374779224396
9965568,811,998.14,12665,1250.80574335,786,-0.03442922288280291,0.9882604479789734,0.21239373229133587,0.2,0.5086344401041667,0.1444181650876999,0.068232656,19480,5e-05,7.107047909498215,0.05652574449777603
9977856,812,998.14,12667,1250.4172529399998,787,-0.03389017476971882,0.9940059185028076,0.20663182578670483,0.2,0.4936930338541667,0.14430157840251923,0.064079724,19490,5e-05,7.110256622234981,0.03637458011507988
9990144,813,1000.0,12669,1255.83392404,788,-0.035439756946774044,0.9946646094322205,0.16338820497815806,0.2,0.5012939453125,0.14404378831386566,0.06960943,19500,5e-05,7.124872071544329,0.020965449512004852
10002432,814,988.34,12670,1234.24645632,789,-0.03532796704676002,0.9925095438957214,0.23246298770730695,0.2,0.4838623046875,0.14396123588085175,0.06264589,19510,5e-05,7.136151831348737,0.08319341391324997
