rollout/ep_len_mean,rollout/ep_rew_mean,time/total_timesteps,time/iterations,time/time_elapsed,time/fps,train/explained_variance,train/std,train/approx_kl,train/learning_rate,train/policy_gradient_loss,train/entropy_loss,train/loss,train/n_updates,train/clip_fraction,train/clip_range,train/value_loss
61.53,22.005552580000003,12288,1,1,11744,,,,,,,,,,,
61.84,22.24278046,24576,2,2,8757,-0.017887234687805176,0.9974573254585266,0.007711657,5e-05,-0.010956758255391226,-17.012049118677776,2.625089168548584,10,0.06568196614583334,0.2,13.242391215761502
60.83,21.5619533,36864,3,4,8150,0.25839364528656006,0.9946518540382385,0.0074134325,5e-05,-0.011842395427326362,-16.98021516799927,3.368983745574951,20,0.06483561197916667,0.2,9.31134345928828
62.43,21.636616130000004,49152,4,6,7884,0.5410074591636658,0.9918630123138428,0.0077876425,5e-05,-0.012284021073719486,-16.94599978129069,3.8312294483184814,30,0.07786458333333333,0.2,8.02598966062069
61.93,22.713518240000003,61440,5,7,7745,0.6335127353668213,0.9880920052528381,0.0076904693,5e-05,-0.011255062668351457,-16.905459551016488,3.366940498352051,40,0.06651204427083333,0.2,8.724130582809448
63.72,23.09803971,73728,6,9,7659,0.6828105449676514,0.9851293563842773,0.006511804,5e-05,-0.009910373254388104,-16.864879047870637,3.857113838195801,50,0.05591634114583333,0.2,8.95010241965453
64.27,24.858257509999998,86016,7,11,7598,0.7229965925216675,0.9827359318733215,0.00721016,5e-05,-0.010721436267582854,-16.832407863934836,4.166234970092773,60,0.06224772135416667,0.2,9.142606711387634
66.25,23.848292850000004,98304,8,13,7549,0.7212546467781067,0.9797501564025879,0.0067907157,5e-05,-0.01065477794521333,-16.7995533823967,4.797904014587402,70,0.06146647135416667,0.2,10.162033895651499
64.9,23.975365169999996,110592,9,14,7507,0.7112210988998413,0.9782279133796692,0.0068976674,5e-05,-0.010398085791287788,-16.772211571534474,4.314627647399902,80,0.05813802083333333,0.2,10.817798112829527
67.32,24.96189308,122880,10,16,7450,0.7621328830718994,0.9757398962974548,0.0070429277,5e-05,-0.0108020741235426,-16.746560049057006,4.396026134490967,90,0.059830729166666666,0.2,9.026815582315127
69.2,26.457100189999995,135168,11,18,7413,0.7820930480957031,0.9732089042663574,0.007454488,5e-05,-0.01202625973431471,-16.7157240152359,3.8437256813049316,100,0.0711669921875,0.2,8.923328246672948
67.9,24.935831350000008,147456,12,20,7370,0.798616886138916,0.9698511958122253,0.00866235,5e-05,-0.01339577236455322,-16.678421950340272,4.222726821899414,110,0.08017578125,0.2,8.54026992917061
70.44,25.351943689999995,159744,13,21,7351,0.8073884844779968,0.9667112231254578,0.008059701,5e-05,-0.012312233239451112,-16.638455112775166,4.018407821655273,120,0.0741943359375,0.2,8.730338036020596
71.94,28.863251889999994,172032,14,23,7345,0.7987937927246094,0.9645053744316101,0.007788986,5e-05,-0.011811643132629494,-16.60532753864924,3.953277349472046,130,0.07652994791666666,0.2,9.241351143519084
70.43,26.56171786,184320,15,25,7340,0.8319542407989502,0.9624314904212952,0.007724458,5e-05,-0.01244535979446179,-16.57835574944814,4.283602237701416,140,0.078125,0.2,8.464879666765531
71.47,27.71895583,196608,16,26,7338,0.8200569748878479,0.959531307220459,0.008400864,5e-05,-0.01315815209770032,-16.546799556414285,3.8550868034362793,150,0.08579915364583333,0.2,9.14485623538494
73.31,29.728695400000003,208896,17,28,7338,0.8450120687484741,0.9571183323860168,0.00766477,5e-05,-0.012300347816199065,-16.51318354209264,4.231318950653076,160,0.07858072916666667,0.2,8.330375035603842
73.7,28.098183610000007,221184,18,30,7331,0.842156171798706,0.9553635120391846,0.008164403,5e-05,-0.012498362256762145,-16.486480383078256,4.177751064300537,170,0.07705078125,0.2,9.517883892854055
75.13,29.45311475,233472,19,31,7328,0.8487484455108643,0.9533331990242004,0.007490592,5e-05,-0.012510841862725405,-16.4621408979098,4.356814384460449,180,0.07638346354166667,0.2,8.957750874757767
77.3,30.345095029999996,245760,20,33,7281,0.8521315455436707,0.9515544772148132,0.0079192,5e-05,-0.012214611272793264,-16.438270477453866,3.743551254272461,190,0.08335774739583333,0.2,8.9697362413009
75.45,29.508166929999998,258048,21,35,7282,0.8547034859657288,0.9499623775482178,0.0077318735,5e-05,-0.012451560179276082,-16.417668255170188,3.8552911281585693,200,0.07639973958333333,0.2,8.848105188210805
79.17,31.947517,270336,22,37,7286,0.8667277693748474,0.9473307728767395,0.007921608,5e-05,-0.01341085370319585,-16.389520490169524,3.341686248779297,210,0.08232421875,0.2,7.801823611060779
74.95,29.590552889999998,282624,23,38,7292,0.8706026673316956,0.9445288181304932,0.008184788,5e-05,-0.012636461075938616,-16.35373054345449,4.520945072174072,220,0.08296712239583333,0.2,8.654022225737572
79.08,31.071567560000002,294912,24,40,7296,0.8831852078437805,0.9415294528007507,0.00864,5e-05,-0.013684415456373245,-16.316934339205424,3.445955991744995,230,0.09090169270833333,0.2,7.627392593026161
76.76,32.24628075,307200,25,42,7297,0.8791398406028748,0.9398135542869568,0.008122582,5e-05,-0.01272189998611187,-16.286432679494222,4.425553321838379,240,0.08777669270833334,0.2,8.545313469568889
74.89,29.48989369,319488,26,43,7300,0.8897096514701843,0.9368114471435547,0.007725137,5e-05,-0.012762536233155212,-16.253850456078847,3.195087432861328,250,0.08164876302083333,0.2,7.296423391501109
75.87,32.06024132,331776,27,45,7306,0.8971760272979736,0.9338093400001526,0.008161397,5e-05,-0.013247260706460413,-16.21575757662455,3.47324275970459,260,0.09092610677083333,0.2,6.954096852739652
77.1,31.696097900000005,344064,28,47,7310,0.900868833065033,0.9312613606452942,0.008551494,5e-05,-0.013727115439542104,-16.180293349424996,2.8610386848449707,270,0.094140625,0.2,7.026745999852817
75.99,32.10580317,356352,29,48,7315,0.8939309120178223,0.9278225898742676,0.008204472,5e-05,-0.011833985945365081,-16.13953771193822,3.545869827270508,280,0.07572428385416667,0.2,7.242436216274897
80.19,32.788975289999996,368640,30,50,7318,0.8985903263092041,0.9259119033813477,0.008296954,5e-05,-0.0128462785622105,-16.10545951128006,2.6132705211639404,290,0.086572265625,0.2,7.233372343579928
81.81,35.356054619999995,380928,31,52,7322,0.9022190570831299,0.9234834313392639,0.0074862745,5e-05,-0.011326281845200962,-16.07641308705012,2.5981335639953613,300,0.07772623697916667,0.2,7.162631452083588
74.79,32.1624758,393216,32,53,7318,0.8989537358283997,0.9218321442604065,0.008516588,5e-05,-0.012673067085658355,-16.048976401487987,4.100822448730469,310,0.08797200520833333,0.2,7.752648016810417
77.49,32.00412804999999,405504,33,55,7320,0.910883903503418,0.9189012050628662,0.008299534,5e-05,-0.014784247901601096,-16.01772102713585,3.2437167167663574,320,0.09461263020833334,0.2,6.343483459949494
79.4,32.75302647,417792,34,57,7322,0.9116612672805786,0.916599452495575,0.0077282772,5e-05,-0.012479426744782056,-15.982810320456823,2.928696870803833,330,0.08279622395833333,0.2,6.39189264078935
80.61,33.65072943,430080,35,58,7326,0.9087685942649841,0.9138395190238953,0.008454662,5e-05,-0.013651462814110952,-15.948799643913905,3.751715660095215,340,0.09071451822916667,0.2,6.271745122472445
77.67,34.36071286,442368,36,60,7329,0.9091744422912598,0.9095986485481262,0.009011049,5e-05,-0.014237289043861286,-15.901445776224136,3.372152328491211,350,0.095556640625,0.2,6.406592997908592
75.4,33.37869868,454656,37,62,7331,0.9045467376708984,0.908406674861908,0.008152951,5e-05,-0.012946606536085406,-15.86593759059906,3.6232657432556152,360,0.08492838541666667,0.2,7.576214093963305
79.11,34.87204792,466944,38,63,7333,0.9158772230148315,0.9056627750396729,0.008089442,5e-05,-0.01357130805166283,-15.838316583633423,3.2713570594787598,370,0.08631998697916667,0.2,6.595314233501752
77.14,33.08557174,479232,39,65,7336,0.9127735495567322,0.9039660096168518,0.008287675,5e-05,-0.013489663947257213,-15.808451916774114,2.729184627532959,380,0.09242350260416667,0.2,7.007649580637614
77.13,34.35207236000001,491520,40,66,7337,0.9113214015960693,0.9014096856117249,0.007945087,5e-05,-0.012871976000800108,-15.779263134797414,3.1619584560394287,390,0.08720703125,0.2,6.798494991660118
75.98,33.81075823,503808,41,68,7340,0.9231232404708862,0.8981382250785828,0.008132161,5e-05,-0.013848500927754989,-15.737942399581273,2.7914488315582275,400,0.09507649739583333,0.2,6.016210408012072
75.82,33.861031880000006,516096,42,70,7341,0.925541877746582,0.895735502243042,0.008977578,5e-05,-0.015112680747794609,-15.699164682626725,3.0860671997070312,410,0.10763346354166667,0.2,6.043216294050216
77.53,35.93949551,528384,43,71,7343,0.9179525375366211,0.8927635550498962,0.009230902,5e-05,-0.014669703734883417,-15.66258411804835,2.7944631576538086,420,0.11275227864583333,0.2,6.413495434323947
82.53,39.92764431,540672,44,73,7345,0.9235251545906067,0.8886797428131104,0.0085448595,5e-05,-0.013690289813287867,-15.613419969876608,2.3787271976470947,430,0.0908447265625,0.2,5.95750096042951
81.74,36.637863259999996,552960,45,75,7348,0.9163616895675659,0.8860454559326172,0.008601793,5e-05,-0.013652318796569791,-15.568079082171122,3.470860004425049,440,0.08692220052083334,0.2,7.12505821287632
79.89,37.51292197,565248,46,76,7349,0.9172685742378235,0.8835280537605286,0.00947808,5e-05,-0.01396373524136531,-15.531536436080932,3.0703539848327637,450,0.10576985677083334,0.2,7.361428005496661
81.48,37.37578159,577536,47,78,7349,0.9279544353485107,0.8807895183563232,0.009713181,5e-05,-0.014671777285305629,-15.495788979530335,2.739131450653076,460,0.1066650390625,0.2,6.239156751831373
81.2,37.08154728,589824,48,80,7349,0.9250062704086304,0.8781216740608215,0.00913922,5e-05,-0.01414018370148066,-15.457602371772131,3.701378345489502,470,0.09822591145833333,0.2,6.142282499869665
79.85,39.01445867999999,602112,49,81,7350,0.9264714121818542,0.8740326762199402,0.0087497225,5e-05,-0.01530454157133742,-15.409131677945455,3.6119723320007324,480,0.099609375,0.2,6.5584936509529745
85.56,40.97498855,614400,50,83,7353,0.9239398241043091,0.8715588450431824,0.008402287,5e-05,-0.013121197027309487,-15.364090359210968,3.6908721923828125,490,0.09051920572916666,0.2,7.2857970803976055
80.38,39.46273488999999,626688,51,85,7352,0.9199517965316772,0.8695869445800781,0.008260501,5e-05,-0.013790830994063677,-15.33165098230044,3.0731611251831055,500,0.09506022135416667,0.2,7.823597204685211
82.42,39.68070828,638976,52,86,7354,0.9292331337928772,0.8671159744262695,0.008583245,5e-05,-0.014187793817351727,-15.298321507374446,2.933112621307373,510,0.09463704427083333,0.2,6.536384197076162
80.06,37.99355402000001,651264,53,88,7355,0.9251234531402588,0.8645591735839844,0.009128296,5e-05,-0.014682532076403732,-15.261246399084728,3.0460410118103027,520,0.10174967447916666,0.2,7.540239486098289
83.72,42.75742078000001,663552,54,90,7357,0.9273501634597778,0.8615496754646301,0.008955094,5e-05,-0.01500559648363075,-15.221363172928493,3.5369815826416016,530,0.10320638020833334,0.2,6.986097904046376
82.73,41.807869790000005,675840,55,91,7358,0.9259886741638184,0.859730064868927,0.008791692,5e-05,-0.014167013815313111,-15.18654351035754,4.250946521759033,540,0.10123697916666667,0.2,8.123180878162383
84.5,43.665604509999994,688128,56,93,7357,0.9282865524291992,0.8578600883483887,0.008854735,5e-05,-0.014251869385528455,-15.159121815363566,3.6309914588928223,550,0.105810546875,0.2,7.946859596172969
82.08,41.211475369999995,700416,57,95,7357,0.9246202111244202,0.8558664917945862,0.008579962,5e-05,-0.014740484914121528,-15.131544031699498,4.3582048416137695,560,0.10391438802083333,0.2,8.161673027276994
81.84,40.064744329999996,712704,58,96,7358,0.9249813556671143,0.8521068692207336,0.00886214,5e-05,-0.015377850825704325,-15.089141154289246,4.113773345947266,570,0.10782877604166667,0.2,8.255290740728379
83.69,42.56909734999999,724992,59,98,7360,0.9313830733299255,0.8485830426216125,0.009421279,5e-05,-0.01516826623264933,-15.036230742931366,3.884336471557617,580,0.108203125,0.2,6.854258052508036
84.3,43.62545422,737280,60,100,7362,0.924823522567749,0.8454495072364807,0.00943006,5e-05,-0.015076217940440983,-14.987939021984737,3.9280242919921875,590,0.11311848958333333,0.2,7.511587058504422
83.33,41.69879162,749568,61,101,7362,0.9370285272598267,0.842674970626831,0.009124844,5e-05,-0.016602432031262045,-14.945692731936772,3.112273693084717,600,0.111767578125,0.2,6.463791210452715
87.37,47.01725792,761856,62,103,7364,0.9288175106048584,0.8393529057502747,0.008596645,5e-05,-0.014538175674776237,-14.899841086069744,3.9226434230804443,610,0.096630859375,0.2,7.8893015374739965
89.84,46.74153977,774144,63,105,7365,0.931403398513794,0.8370968699455261,0.009728526,5e-05,-0.014487585910925797,-14.858094980319342,3.63919734954834,620,0.1101806640625,0.2,8.472676831483842
85.34,44.309343479999995,786432,64,106,7367,0.935236930847168,0.8339307904243469,0.008486394,5e-05,-0.01410477269431188,-14.818136827150981,3.254718065261841,630,0.09114583333333333,0.2,7.804535726706187
86.17,44.84616613000001,798720,65,108,7366,0.9342024326324463,0.832115650177002,0.009330618,5e-05,-0.015795704561363286,-14.782055670022965,3.422105550765991,640,0.11336263020833333,0.2,7.843362682064375
85.18,44.22236541,811008,66,110,7367,0.9325894117355347,0.8295624852180481,0.009961686,5e-05,-0.015282507330994122,-14.748672970136006,5.538265228271484,650,0.11790364583333333,0.2,7.741231181224188
86.84,47.28279721,823296,67,111,7368,0.9343617558479309,0.8268442153930664,0.010113432,5e-05,-0.014018960841349326,-14.709263010819752,3.631295680999756,660,0.10791829427083334,0.2,7.124766018986702
86.29,46.30934101,835584,68,113,7369,0.9398563504219055,0.8239438533782959,0.009253758,5e-05,-0.01471988417567142,-14.665846852461497,3.2928340435028076,670,0.101904296875,0.2,7.530253140131633
87.01,45.43971890999999,847872,69,115,7367,0.9473621845245361,0.8222224116325378,0.009304247,5e-05,-0.014645152875891654,-14.630174467960993,3.308011293411255,680,0.10248209635416666,0.2,6.423885737856229
87.97,47.49689140000001,860160,70,116,7368,0.9371668696403503,0.8204293251037598,0.009021517,5e-05,-0.014883371114653226,-14.601352053880692,3.763925075531006,690,0.09749348958333333,0.2,7.738739249110222
86.8,47.9351715,872448,71,118,7369,0.9302436709403992,0.8186686635017395,0.008832503,5e-05,-0.014117410873101715,-14.572560920317967,4.864579200744629,700,0.09962565104166667,0.2,8.989487055937449
86.62,44.98838144999999,884736,72,120,7370,0.9390418529510498,0.8159453272819519,0.009143168,5e-05,-0.014122877998064116,-14.536997107664744,4.335836887359619,710,0.09993489583333333,0.2,8.235545064012209
88.83,49.47116236999998,897024,73,121,7371,0.9359580874443054,0.8142139315605164,0.008796193,5e-05,-0.014781163380636524,-14.502863649527232,3.3524932861328125,720,0.09954427083333334,0.2,7.9302788317203525
88.96,49.21597850999999,909312,74,123,7371,0.9364156723022461,0.8124001026153564,0.008844344,5e-05,-0.014595724237733521,-14.476151567697524,3.5516583919525146,730,0.09925130208333334,0.2,8.418994575738907
87.22,48.024554499999994,921600,75,125,7372,0.9375081062316895,0.8100545406341553,0.009543779,5e-05,-0.015298242325176641,-14.442799937725066,4.304710388183594,740,0.11260579427083334,0.2,8.794153933723768
91.5,52.03257733000001,933888,76,126,7372,0.9330727458000183,0.8079754710197449,0.00986668,5e-05,-0.01578631354641402,-14.408690843979517,4.698940277099609,750,0.11290690104166666,0.2,9.41738298535347
89.89,48.91815959999999,946176,77,128,7373,0.9383394122123718,0.8058722615242004,0.009811874,5e-05,-0.015429784892088112,-14.376263896624247,5.319474220275879,760,0.11363118489583333,0.2,8.883989482124646
86.99,47.4652682,958464,78,129,7374,0.9362013339996338,0.8037832379341125,0.008971659,5e-05,-0.015232314184928934,-14.343717807531357,4.17786169052124,770,0.09811197916666667,0.2,9.110905292630196
91.51,52.72547807,970752,79,131,7376,0.9378067255020142,0.8020190596580505,0.009325859,5e-05,-0.0157696989311565,-14.313697920242946,4.027784824371338,780,0.11714680989583333,0.2,8.572453571359317
92.86,53.70702161,983040,80,133,7377,0.9403079748153687,0.7991126179695129,0.009801689,5e-05,-0.015051709851832129,-14.27683098713557,4.602696418762207,790,0.11573893229166667,0.2,8.553177403410276
92.72,52.35709277,995328,81,134,7377,0.9370411038398743,0.7975906729698181,0.009118133,5e-05,-0.014111990029050503,-14.245233257611593,5.11026668548584,800,0.1058837890625,0.2,9.720821249485017
95.83,54.04095011,1007616,82,136,7369,0.9403964877128601,0.7952591776847839,0.009214608,5e-05,-0.01619483466881017,-14.213931864500045,3.3100802898406982,810,0.11614583333333334,0.2,8.913795928160349
92.55,51.456059829999994,1019904,83,138,7369,0.9371809363365173,0.7939322590827942,0.009363588,5e-05,-0.0153419418798876,-14.185288373629252,4.552291393280029,820,0.110009765625,0.2,9.4611214975516
94.77,53.02898050000001,1032192,84,140,7369,0.9417556524276733,0.7915099263191223,0.009381995,5e-05,-0.015937184361973777,-14.153446447849273,4.001894950866699,830,0.11067708333333333,0.2,9.237394226590792
93.39,56.224403609999996,1044480,85,141,7369,0.9444200396537781,0.7892168164253235,0.00934895,5e-05,-0.01479240834499554,-14.116696737209956,4.347690582275391,840,0.10530598958333333,0.2,8.969829400380453
95.82,57.86259849000001,1056768,86,143,7367,0.9404883980751038,0.7868016362190247,0.009560007,5e-05,-0.014680573750714151,-14.081144845485687,5.064584732055664,850,0.1052734375,0.2,10.266099305947622
90.19,52.18872217,1069056,87,145,7365,0.9376698136329651,0.7847763895988464,0.009389245,5e-05,-0.013495468490873463,-14.047671059767405,5.440774440765381,860,0.09053548177083333,0.2,10.926293968160946
94.57,54.65216763,1081344,88,146,7362,0.9437440633773804,0.7819663882255554,0.009826313,5e-05,-0.015770161956121836,-14.00883691906929,3.900285482406616,870,0.11258951822916667,0.2,9.17589593032996
94.82,56.364302639999984,1093632,89,148,7363,0.943230390548706,0.7789981365203857,0.010335841,5e-05,-0.01591638242486321,-13.963224079211553,5.257350444793701,880,0.12705891927083332,0.2,9.710554215312005
94.68,56.549877640000005,1105920,90,150,7363,0.9465497136116028,0.77671217918396,0.009143705,5e-05,-0.015283698250520198,-13.921895545721053,3.4946959018707275,890,0.11333821614583334,0.2,8.928283948699633
96.41,57.266236799999994,1118208,91,151,7364,0.9453906416893005,0.7752684950828552,0.0100211715,5e-05,-0.01511272814629289,-13.892119322220484,4.482023239135742,900,0.11942545572916667,0.2,9.736778822541236
92.46,54.45189308,1130496,92,153,7362,0.9426161646842957,0.7731936573982239,0.0094282,5e-05,-0.01441048076376319,-13.864554552237193,5.542078018188477,910,0.10947265625,0.2,10.421809889872868
96.33,57.92755025999999,1142784,93,155,7363,0.9435970783233643,0.7716806530952454,0.009250798,5e-05,-0.01524765562886993,-13.835729442040126,4.050356388092041,920,0.11126302083333334,0.2,9.987435038884481
100.7,61.1212407,1155072,94,156,7363,0.9448651671409607,0.7699747085571289,0.010403544,5e-05,-0.015842622432198066,-13.809871687491734,6.352453231811523,930,0.123681640625,0.2,10.890358423193296
98.23,60.13660865000001,1167360,95,158,7364,0.9444597959518433,0.7678604125976562,0.009229434,5e-05,-0.01644861862490264,-13.777652581532797,5.388080596923828,940,0.11991373697916667,0.2,10.58180281619231
99.9,59.59238955,1179648,96,160,7364,0.9421314001083374,0.7659088969230652,0.010372303,5e-05,-0.01715671711184162,-13.744065858920415,5.069891452789307,950,0.12637532552083333,0.2,11.43032647371292
99.64,60.20500136,1191936,97,161,7365,0.947413980960846,0.7628023624420166,0.009663957,5e-05,-0.01562118901250263,-13.70289331873258,4.700622081756592,960,0.11792805989583334,0.2,9.344287538528443
97.98,58.76464593999998,1204224,98,163,7365,0.94049072265625,0.7617648243904114,0.008834454,5e-05,-0.014879817128530703,-13.670277178287506,5.096639633178711,970,0.10257161458333333,0.2,12.225299660364787
101.54,62.30401073,1216512,99,165,7366,0.9443879127502441,0.7603340744972229,0.0104765585,5e-05,-0.016871776511349405,-13.647752044598262,5.211109638214111,980,0.12804361979166667,0.2,10.47960039973259
101.03,60.31242391,1228800,100,166,7367,0.9482372999191284,0.7581310868263245,0.009664831,5e-05,-0.016768861373808855,-13.616780773798626,4.9761128425598145,990,0.1211181640625,0.2,11.07727981408437
102.41,60.65758995000001,1241088,101,168,7367,0.9496864676475525,0.7563530802726746,0.010360607,5e-05,-0.017362199193060708,-13.583366656303406,4.274559497833252,1000,0.12489420572916667,0.2,9.57616148988406
101.06,61.065711880000016,1253376,102,170,7368,0.9473128914833069,0.7541915774345398,0.010650683,5e-05,-0.01654617153350652,-13.54979017774264,4.650418758392334,1010,0.132470703125,0.2,9.918360353509586
100.97,64.72508775000001,1265664,103,171,7368,0.945411205291748,0.7533786296844482,0.009838398,5e-05,-0.0157391975124483,-13.524462546904882,6.0031914710998535,1020,0.123046875,0.2,11.135220151146253
104.58,63.931822110000006,1277952,104,173,7369,0.9512698650360107,0.7509629130363464,0.009021043,5e-05,-0.01525798008806305,-13.497352021932603,5.15861701965332,1030,0.10701497395833333,0.2,10.387728480497996
106.79,65.3487481,1290240,105,175,7370,0.9508129358291626,0.7487125396728516,0.010938026,5e-05,-0.01731621940465023,-13.457451357444127,4.921441555023193,1040,0.12784016927083333,0.2,10.572320626179378
109.22,68.62806431,1302528,106,176,7369,0.9482850432395935,0.7464951872825623,0.010376228,5e-05,-0.016011657925749507,-13.421572315692902,4.788561820983887,1050,0.12074381510416667,0.2,10.535980516672135
108.11,67.89436537,1314816,107,178,7367,0.9495234489440918,0.7450702786445618,0.011372779,5e-05,-0.016644259476258107,-13.392642919222514,5.814388275146484,1060,0.12811686197916666,0.2,11.132261642813683
105.23,66.52851854000001,1327104,108,180,7368,0.9523053169250488,0.7434770464897156,0.010217483,5e-05,-0.017485706542114107,-13.36653377811114,4.549958229064941,1070,0.12185872395833333,0.2,10.952976870536805
110.85,72.09110923000001,1339392,109,181,7368,0.9515076279640198,0.7413340210914612,0.009757709,5e-05,-0.01584946944397719,-13.33444150487582,5.1137776374816895,1080,0.11925455729166666,0.2,10.921386842926344
110.78,68.28922873999998,1351680,110,183,7369,0.9510268568992615,0.7400438189506531,0.0101291025,5e-05,-0.017171580865397117,-13.305383664369582,3.916731834411621,1090,0.12533365885416667,0.2,12.024248091379802
111.15,70.81736706000001,1363968,111,185,7369,0.950132429599762,0.7379927635192871,0.009541365,5e-05,-0.014456347741846306,-13.276290969053905,6.093642711639404,1100,0.11207682291666667,0.2,12.286782463391622
108.04,68.57655808,1376256,112,186,7370,0.9449859261512756,0.7357239127159119,0.008800195,5e-05,-0.014450916855518395,-13.239453367392223,7.383965969085693,1110,0.10379231770833333,0.2,13.720207109053929
112.78,73.13776022999998,1388544,113,188,7370,0.9486457705497742,0.7328397631645203,0.010045078,5e-05,-0.016519463027604313,-13.195670090119044,4.902887344360352,1120,0.13133951822916667,0.2,12.085037803649902
117.95,77.88404411,1400832,114,190,7371,0.9509726762771606,0.7309569716453552,0.0106048165,5e-05,-0.01522106910997536,-13.156828037897746,5.835433483123779,1130,0.119287109375,0.2,12.571081860860188
115.31,72.93739170999999,1413120,115,191,7371,0.9494829177856445,0.729163646697998,0.010300682,5e-05,-0.017438525765343608,-13.125870658953984,7.959550380706787,1140,0.1296142578125,0.2,13.28473711013794
112.84,72.35687652,1425408,116,193,7371,0.9510597586631775,0.7280219197273254,0.010336065,5e-05,-0.017755328790614536,-13.100517147779465,5.202242374420166,1150,0.1318359375,0.2,12.510401177406312
121.46,78.32393378,1437696,117,195,7372,0.9538409113883972,0.7262212634086609,0.010607553,5e-05,-0.016128601713474685,-13.07277692357699,6.323340892791748,1160,0.12291666666666666,0.2,12.732278521855672
112.37,71.26513682000001,1449984,118,196,7372,0.9398676156997681,0.7243323922157288,0.009286267,5e-05,-0.014971774173803472,-13.041670097907383,5.438157558441162,1170,0.10367024739583333,0.2,16.873158172766367
119.72,78.12148989,1462272,119,198,7373,0.9539999961853027,0.7220746874809265,0.010335311,5e-05,-0.01695919761841651,-13.00599619348844,5.300877571105957,1180,0.12486979166666666,0.2,12.240371112028757
127.0,84.20026938999999,1474560,120,199,7373,0.9533353447914124,0.7198602557182312,0.009695535,5e-05,-0.015995985782258988,-12.965519726276398,5.707412242889404,1190,0.10848795572916667,0.2,13.162383164962133
131.88,87.19840734999998,1486848,121,201,7374,0.9548200368881226,0.7178816795349121,0.010867412,5e-05,-0.016900793599779716,-12.929980591932933,7.145158767700195,1200,0.12872721354166666,0.2,13.662330190340677
129.07,84.16938388000003,1499136,122,203,7374,0.948789119720459,0.7162511348724365,0.010550099,5e-05,-0.01642525716063877,-12.897108223040899,8.48557186126709,1210,0.1256591796875,0.2,14.159400751193365
138.4,92.51092391000002,1511424,123,204,7374,0.9477803707122803,0.7143905758857727,0.01015249,5e-05,-0.016024376680434216,-12.867566712697347,7.392383098602295,1220,0.12579752604166666,0.2,14.574500773350398
141.65,91.70313449999999,1523712,124,206,7374,0.9500893354415894,0.7125825881958008,0.010662076,5e-05,-0.017141870627528987,-12.836104120810827,7.166779518127441,1230,0.1339111328125,0.2,14.698254990577698
134.74,85.39633089,1536000,125,208,7374,0.946925938129425,0.7112706303596497,0.009659902,5e-05,-0.016341813687904504,-12.809601255257924,6.394251346588135,1240,0.11874186197916667,0.2,15.87306387623151
136.58,86.47263769999999,1548288,126,209,7374,0.9529089331626892,0.7099611759185791,0.011574891,5e-05,-0.01761440845342198,-12.787650257349014,7.123584747314453,1250,0.14147135416666667,0.2,14.394383112589518
148.92,95.46982793000001,1560576,127,211,7371,0.943682849407196,0.7083613276481628,0.010242085,5e-05,-0.015913082208135164,-12.760938892761866,8.821462631225586,1260,0.12180989583333333,0.2,17.05640419324239
153.25,101.96376991,1572864,128,213,7367,0.9445558190345764,0.7069175839424133,0.009438983,5e-05,-0.015543306849819298,-12.733497313658397,8.33633041381836,1270,0.10770670572916667,0.2,18.60126938223839
135.44,84.86220024,1585152,129,215,7365,0.9396939873695374,0.7058110237121582,0.009854019,5e-05,-0.015122295351466164,-12.712103702624638,10.362406730651855,1280,0.1074951171875,0.2,21.024541441599528
149.98,96.78951842000001,1597440,130,216,7363,0.9423415064811707,0.7033977508544922,0.008910759,5e-05,-0.015143374766921625,-12.679070923725764,8.610380172729492,1290,0.10791015625,0.2,18.430488745371502
157.27,106.05112520999997,1609728,131,218,7364,0.94319087266922,0.7012341022491455,0.010346954,5e-05,-0.016233756114767555,-12.639738895495732,9.736909866333008,1300,0.12535807291666667,0.2,19.003852331638335
162.91,110.79218077999998,1622016,132,220,7364,0.9433211088180542,0.6996052265167236,0.00921173,5e-05,-0.0160675908846315,-12.606072052319844,9.252331733703613,1310,0.1087158203125,0.2,20.237341944376627
161.42,107.60519177,1634304,133,221,7364,0.9393936991691589,0.6967368125915527,0.009881633,5e-05,-0.015572674281914563,-12.564435428380966,10.45398235321045,1320,0.10860188802083333,0.2,21.14728642900785
160.1,104.19880833999997,1646592,134,223,7365,0.9388589262962341,0.6952226161956787,0.010338234,5e-05,-0.016969527634986055,-12.526430948575337,7.048252582550049,1330,0.13295084635416668,0.2,21.235653257369997
172.85,114.43755109999998,1658880,135,225,7365,0.9430758953094482,0.6928377151489258,0.010456517,5e-05,-0.017690772294978768,-12.491024416685104,9.228306770324707,1340,0.1301025390625,0.2,20.380873550971348
192.54,136.59158537000002,1671168,136,226,7365,0.9339855909347534,0.6909823417663574,0.010765159,5e-05,-0.01697569226331931,-12.454118510087332,9.146462440490723,1350,0.13460286458333334,0.2,23.362588588396708
197.73,134.73049140999998,1683456,137,228,7365,0.9381717443466187,0.6888278126716614,0.009582196,5e-05,-0.015546299429358139,-12.417194720109304,14.880640983581543,1360,0.11244303385416667,0.2,25.461002572377524
192.91,125.66608875,1695744,138,230,7365,0.9351078271865845,0.686680793762207,0.010196664,5e-05,-0.01583012820337899,-12.37890831430753,11.412063598632812,1370,0.1226318359375,0.2,24.594510887066523
214.84,143.79911518999998,1708032,139,231,7366,0.9411542415618896,0.6848092079162598,0.010209222,5e-05,-0.016730614112263235,-12.343475915988286,11.208073616027832,1380,0.12379557291666667,0.2,22.454196188847224
220.92,151.11973486,1720320,140,233,7366,0.9410299062728882,0.6832874417304993,0.010222058,5e-05,-0.015860084658197594,-12.312584827343622,9.828703880310059,1390,0.12505696614583334,0.2,21.868181176980336
240.8,164.22773962,1732608,141,235,7366,0.9360413551330566,0.6815903782844543,0.009767615,5e-05,-0.016130234383551094,-12.284678941965103,11.62666130065918,1400,0.12762858072916666,0.2,23.819807523488997
235.85,160.82804962,1744896,142,236,7367,0.9422045946121216,0.6799828410148621,0.010072097,5e-05,-0.017683634734809554,-12.253548653920491,12.468400001525879,1410,0.13159993489583333,0.2,24.0928264995416
234.53,163.25057493999998,1757184,143,238,7367,0.9417910575866699,0.6785910725593567,0.010488901,5e-05,-0.016959751633112318,-12.226618154843647,12.113344192504883,1420,0.13671875,0.2,23.90600848197937
261.25,183.45168776999998,1769472,144,240,7364,0.9362571239471436,0.6771378517150879,0.010365376,5e-05,-0.016683460331114473,-12.199781815210978,14.127674102783203,1430,0.1244873046875,0.2,25.89011083841324
276.54,196.6290145,1781760,145,241,7364,0.9334909915924072,0.6750807762145996,0.010388794,5e-05,-0.016925307323011413,-12.168050106366476,16.062047958374023,1440,0.12903645833333333,0.2,26.146376673380534
289.77,205.85649404000003,1794048,146,243,7364,0.9379478693008423,0.6730868816375732,0.010112055,5e-05,-0.017290297270422646,-12.1315467218558,13.183692932128906,1450,0.13277994791666667,0.2,25.992816015084586
283.31,189.93802436000001,1806336,147,245,7364,0.9361246228218079,0.6716248393058777,0.010867109,5e-05,-0.016577058325735076,-12.099548749128978,10.291240692138672,1460,0.13902994791666667,0.2,24.252545122305552
315.43,217.36784194999996,1818624,148,246,7365,0.9423185586929321,0.6689284443855286,0.010687646,5e-05,-0.01621440949141591,-12.061449547608694,14.334842681884766,1470,0.12820638020833333,0.2,26.51366839806239
364.61,255.69980492,1830912,149,248,7365,0.9383728504180908,0.666867196559906,0.010345138,5e-05,-0.016564858935695762,-12.016125416755676,10.794573783874512,1480,0.1256103515625,0.2,25.3306350449721
374.85,266.98388091,1843200,150,250,7365,0.9406159520149231,0.6646930575370789,0.0104858065,5e-05,-0.016485317837699163,-11.979082574446997,15.023998260498047,1490,0.13363444010416667,0.2,21.7290880103906
373.02,270.0141602300001,1855488,151,251,7365,0.9380724430084229,0.6625751852989197,0.010783412,5e-05,-0.017671452424353144,-11.938665785392125,13.888954162597656,1500,0.131103515625,0.2,29.06016373236974
353.18,260.38364673,1867776,152,253,7366,0.9313281774520874,0.6609111428260803,0.009788916,5e-05,-0.01607435240827423,-11.905018494526546,15.362425804138184,1510,0.123828125,0.2,29.463812307516733
370.12,267.61377534,1880064,153,255,7366,0.9411144256591797,0.6590902209281921,0.009751234,5e-05,-0.015392852645406189,-11.873334344228109,10.390959739685059,1520,0.12154134114583333,0.2,26.7488773504893
375.61,269.20158249,1892352,154,256,7366,0.9421311020851135,0.6577479839324951,0.011199311,5e-05,-0.018329042614398834,-11.845010155439377,13.708839416503906,1530,0.14413248697916667,0.2,26.053494679927827
390.33,270.52996585,1904640,155,258,7367,0.9412240982055664,0.656360924243927,0.010479171,5e-05,-0.0170829683416135,-11.818723760048549,13.013503074645996,1540,0.13312174479166666,0.2,22.49696858326594
453.03,330.74024947,1916928,156,260,7367,0.9435467720031738,0.6545281410217285,0.011242762,5e-05,-0.01852090924658114,-11.786313412586848,11.44296646118164,1550,0.14309895833333333,0.2,22.754387907187144
456.75,335.64330127,1929216,157,261,7367,0.9334464073181152,0.6532763242721558,0.011894646,5e-05,-0.019006033012798677,-11.756102299690246,9.962135314941406,1560,0.15830891927083332,0.2,21.78109476963679
485.36,362.6225633899999,1941504,158,263,7367,0.9426674246788025,0.6517178416252136,0.01077518,5e-05,-0.01707776392965267,-11.729479453961055,13.740779876708984,1570,0.139599609375,0.2,25.538153254985808
503.82,378.92298744000004,1953792,159,265,7367,0.9470487236976624,0.6496298909187317,0.011462405,5e-05,-0.018583391067901783,-11.695964082082112,9.171649932861328,1580,0.14681803385416667,0.2,17.81591408252716
512.84,374.90911644,1966080,160,266,7368,0.9478195905685425,0.6477767825126648,0.01089323,5e-05,-0.01718111611165417,-11.660434387127559,9.92165756225586,1590,0.13782552083333333,0.2,18.619165617227555
559.83,408.1869295700001,1978368,161,268,7368,0.9481675028800964,0.6453210711479187,0.010767132,5e-05,-0.01730483194066134,-11.619492701689403,10.3085355758667,1600,0.14749348958333333,0.2,15.208743913968403
573.03,416.11126953,1990656,162,270,7368,0.9518060684204102,0.6431145071983337,0.0106998375,5e-05,-0.01764292638496651,-11.574809354543685,8.239474296569824,1610,0.14137369791666668,0.2,16.003860406080882
577.69,412.69363222,2002944,163,271,7367,0.9592524170875549,0.6418940424919128,0.011221689,5e-05,-0.017761985977267615,-11.54209218819936,6.076402187347412,1620,0.14881998697916668,0.2,14.381226151188214
581.23,422.6950215500001,2015232,164,273,7367,0.9506959915161133,0.6409828066825867,0.011105489,5e-05,-0.015991344599751756,-11.52115871111552,11.946003913879395,1630,0.14039713541666668,0.2,20.76778533856074
579.34,425.73447282,2027520,165,275,7367,0.9392107129096985,0.6400139331817627,0.009945588,5e-05,-0.01612064985674806,-11.503894780079523,13.936477661132812,1640,0.131103515625,0.2,23.359348370631537
620.82,465.40564436,2039808,166,276,7367,0.9418855309486389,0.6381580829620361,0.010705176,5e-05,-0.017098149840603583,-11.476038513580958,8.24489974975586,1650,0.1337158203125,0.2,19.54514274199804
626.91,473.99679886999996,2052096,167,278,7367,0.9286552667617798,0.6357994079589844,0.011209641,5e-05,-0.017236689678005252,-11.435052216053009,8.90996265411377,1660,0.15061848958333332,0.2,17.62553909023603
618.15,467.90046349000005,2064384,168,280,7368,0.9581949710845947,0.6343585848808289,0.011491009,5e-05,-0.017498157716181593,-11.399537251393001,5.559092044830322,1670,0.14576822916666668,0.2,15.168495350082715
656.33,489.07137400000005,2076672,169,281,7368,0.9624035954475403,0.6321637034416199,0.011696228,5e-05,-0.018053285846447883,-11.363441302378972,4.594601631164551,1680,0.15272623697916668,0.2,14.763045845429103
651.18,488.93008364,2088960,170,283,7368,0.9602557420730591,0.6294506192207336,0.011587251,5e-05,-0.018482925342201875,-11.316453190644582,6.626350402832031,1690,0.1525146484375,0.2,16.095822685956954
626.87,467.21008554,2101248,171,285,7368,0.9483253955841064,0.6286932229995728,0.012312283,5e-05,-0.01728037135132278,-11.28489092985789,9.917716026306152,1700,0.15726725260416666,0.2,17.31551371018092
625.47,467.3507737499999,2113536,172,286,7368,0.9484513401985168,0.6274269819259644,0.011578292,5e-05,-0.018216296107372423,-11.261984169483185,6.026612758636475,1710,0.15145670572916667,0.2,16.175462770462037
664.37,499.99143654,2125824,173,288,7368,0.9385534524917603,0.6256399154663086,0.011000668,5e-05,-0.01624945067645361,-11.230709133545558,9.467512130737305,1720,0.14305826822916667,0.2,15.695754073063533
686.18,515.36599633,2138112,174,290,7369,0.9580833315849304,0.6234583854675293,0.013154409,5e-05,-0.01619959549619428,-11.191155515114467,5.066434860229492,1730,0.17078450520833333,0.2,12.56126760939757
699.85,541.65751898,2150400,175,291,7369,0.9485325813293457,0.6223329901695251,0.010987853,5e-05,-0.016622835666445703,-11.158796181281408,6.766733169555664,1740,0.143408203125,0.2,16.177508542935055
713.9,547.3993274300001,2162688,176,293,7366,0.9604872465133667,0.6207903027534485,0.011898495,5e-05,-0.0171945192370913,-11.132667430241902,4.2834296226501465,1750,0.15948079427083334,0.2,11.538821175694466
765.74,594.33036024,2174976,177,295,7365,0.9585902690887451,0.6187180876731873,0.011110302,5e-05,-0.01771471031048956,-11.095751255750656,4.343723297119141,1760,0.15021158854166666,0.2,10.88992137312889
767.71,599.24910663,2187264,178,297,7363,0.9687979221343994,0.6167911887168884,0.013202991,5e-05,-0.019225260399010343,-11.051235365867615,3.2730934619903564,1770,0.1697509765625,0.2,5.980380113919576
767.96,605.7722800500001,2199552,179,298,7363,0.9628536701202393,0.6160356998443604,0.010255736,5e-05,-0.015262735774255513,-11.027447698513667,5.831286430358887,1780,0.13868001302083333,0.2,13.689983729521433
777.16,617.926699,2211840,180,300,7363,0.9638494253158569,0.6149178743362427,0.010909076,5e-05,-0.014831545327130395,-11.006377138694127,6.5077714920043945,1790,0.14075520833333333,0.2,10.216183645526568
791.21,625.4013172800001,2224128,181,302,7361,0.9719297289848328,0.6132307052612305,0.011440706,5e-05,-0.01665269070120606,-10.97688929637273,7.226407527923584,1800,0.14807942708333333,0.2,10.653875243663787
812.3,637.6127315100001,2236416,182,303,7362,0.9667975306510925,0.6117849946022034,0.011028647,5e-05,-0.01600470069582419,-10.947005263964336,6.929050445556641,1810,0.14988606770833332,0.2,13.064945244789124
768.87,598.4890663000001,2248704,183,305,7362,0.9640453457832336,0.6108283400535583,0.011999626,5e-05,-0.017511147386782493,-10.923426481088002,2.3869049549102783,1820,0.1765625,0.2,8.511919003725051
771.09,588.55395125,2260992,184,307,7362,0.9703510999679565,0.6096460223197937,0.012523758,5e-05,-0.01760702836133229,-10.900557510058086,3.9998154640197754,1830,0.16766764322916666,0.2,10.036297746499379
770.58,589.90076934,2273280,185,308,7362,0.9702492356300354,0.6079126000404358,0.0128709925,5e-05,-0.017614717499236578,-10.869752460718155,2.8212695121765137,1840,0.15596516927083334,0.2,7.719666502873102
784.68,604.8205988599999,2285568,186,310,7363,0.961074948310852,0.6062591075897217,0.010770668,5e-05,-0.016693566766722748,-10.834269231557846,6.209840774536133,1850,0.15160319010416667,0.2,9.916589306791623
763.06,596.3639839599999,2297856,187,312,7363,0.9673734903335571,0.6048004031181335,0.0138154505,5e-05,-0.01620004656724632,-10.79877997636795,2.5776782035827637,1860,0.168994140625,0.2,8.149891220529874
719.66,567.44794884,2310144,188,313,7363,0.954321563243866,0.6034349799156189,0.011818004,5e-05,-0.016156976304288643,-10.769588019450506,4.428131580352783,1870,0.15517578125,0.2,12.065254953503608
729.95,577.82412333,2322432,189,315,7363,0.9648932814598083,0.6022623777389526,0.011865139,5e-05,-0.01603499189077411,-10.743754235903422,6.152050495147705,1880,0.14425455729166667,0.2,12.573522494236629
749.33,609.91818682,2334720,190,317,7364,0.9579011797904968,0.6010952591896057,0.0112931095,5e-05,-0.015157064617960713,-10.718105067809423,7.5413360595703125,1890,0.14288736979166666,0.2,13.133556789159774
750.28,617.9687174300001,2347008,191,318,7364,0.9566446542739868,0.598883330821991,0.013591629,5e-05,-0.016960495785072756,-10.680582696199417,2.0523440837860107,1900,0.1899169921875,0.2,7.876458564897378
749.22,619.62024131,2359296,192,320,7364,0.9685525298118591,0.5978693962097168,0.0113496035,5e-05,-0.01577435480915786,-10.647730833292007,4.446086883544922,1910,0.15372721354166666,0.2,11.379609935482343
776.5,648.91157024,2371584,193,322,7364,0.9783177375793457,0.5961243510246277,0.014164721,5e-05,-0.01770285327899425,-10.61340808471044,2.2934272289276123,1920,0.1912841796875,0.2,4.991101741294066
800.96,666.6706019799999,2383872,194,323,7364,0.9611889123916626,0.5953972339630127,0.011243683,5e-05,-0.015584921079668372,-10.588118632634481,3.667630195617676,1930,0.13990885416666668,0.2,10.982346560557684
790.27,664.6476763900001,2396160,195,325,7365,0.9660516977310181,0.5943447947502136,0.010822124,5e-05,-0.015389771639699271,-10.567119091749191,2.3671960830688477,1940,0.14409993489583334,0.2,8.752960253755251
799.11,682.6756800100001,2408448,196,326,7365,0.9725930094718933,0.5937337875366211,0.01192994,5e-05,-0.016291830056676795,-10.549494206905365,6.101733684539795,1950,0.15517578125,0.2,11.87370199461778
806.24,686.0056394600001,2420736,197,328,7365,0.9669964909553528,0.5923880934715271,0.014256465,5e-05,-0.019499476133690526,-10.52481034398079,2.6001007556915283,1960,0.19138997395833332,0.2,4.622354753315449
786.8,670.9886558800001,2433024,198,330,7365,0.9675016403198242,0.5913088917732239,0.0110386135,5e-05,-0.014709386368243335,-10.49911378423373,5.1263861656188965,1970,0.14124348958333333,0.2,9.239645967880884
777.37,649.50400581,2445312,199,331,7365,0.9733986854553223,0.5907246470451355,0.01162726,5e-05,-0.014330595010930362,-10.479724190632503,1.6827869415283203,1980,0.16167805989583334,0.2,8.143982610603173
732.04,614.5766298400001,2457600,200,333,7364,0.9716894626617432,0.590059220790863,0.011432647,5e-05,-0.016396518821905678,-10.467078749338786,3.926227331161499,1990,0.1453369140625,0.2,9.619381203254063
757.85,638.28490408,2469888,201,335,7364,0.9665393829345703,0.5896129608154297,0.01126602,5e-05,-0.014337843938847072,-10.451212108135223,6.3142476081848145,2000,0.13831380208333333,0.2,12.884306392073631
735.52,615.20977768,2482176,202,337,7365,0.9657960534095764,0.5883592367172241,0.011692278,5e-05,-0.016412420553388075,-10.430935257673264,2.5338082313537598,2010,0.1634765625,0.2,8.843374340732892
725.93,605.51818623,2494464,203,338,7365,0.9752647876739502,0.5869130492210388,0.013580941,5e-05,-0.01772056046902435,-10.400843455394108,5.528960704803467,2020,0.17596028645833334,0.2,9.62533943404754
743.96,626.53779043,2506752,204,340,7365,0.9678363800048828,0.5861439108848572,0.01233648,5e-05,-0.01665712039199813,-10.377501050631205,4.733984470367432,2030,0.14876302083333334,0.2,9.228868081172307
744.45,625.00900224,2519040,205,341,7365,0.9745469093322754,0.5846322178840637,0.015495022,5e-05,-0.01811261520209276,-10.349289302031199,3.3443357944488525,2040,0.18780924479166666,0.2,7.063915503025055
785.62,662.06028458,2531328,206,343,7365,0.9639670848846436,0.5835195183753967,0.011270893,5e-05,-0.015933608602305565,-10.320510037740071,4.290918827056885,2050,0.15396321614583333,0.2,11.261013007660706
799.05,677.5006516099999,2543616,207,345,7366,0.9830567836761475,0.5803666710853577,0.017130768,5e-05,-0.021891809408164892,-10.270113331079482,1.3813291788101196,2060,0.23165690104166667,0.2,2.9905477315187454
791.35,668.2775950500001,2555904,208,346,7366,0.9783394932746887,0.5791974067687988,0.010684927,5e-05,-0.013772889572525553,-10.230743197600047,2.7605197429656982,2070,0.14671223958333332,0.2,9.058955621222655
831.58,714.20630928,2568192,209,348,7366,0.9757007360458374,0.5774585604667664,0.011921808,5e-05,-0.016322218634498616,-10.197207295894623,4.067860126495361,2080,0.14938151041666667,0.2,6.891253101329009
857.44,741.3023171199999,2580480,210,350,7366,0.9638680219650269,0.575771152973175,0.012982036,5e-05,-0.01710368216105659,-10.159781622886658,2.404684066772461,2090,0.1497314453125,0.2,7.503816192348798
834.35,720.7435529299999,2592768,211,351,7366,0.9453790783882141,0.5749637484550476,0.013461095,5e-05,-0.015379705090405574,-10.13097834388415,4.1153883934021,2100,0.18062337239583334,0.2,9.50398325920105
853.48,746.6959286099998,2605056,212,353,7366,0.9764769077301025,0.5739277601242065,0.0106520755,5e-05,-0.015042560653091641,-10.108970179160435,5.133621692657471,2110,0.14242350260416667,0.2,8.335000756879648
840.53,744.6151298899999,2617344,213,355,7367,0.9579007029533386,0.57302325963974,0.013262459,5e-05,-0.017607531172203986,-10.08620689511299,6.1685709953308105,2120,0.1952880859375,0.2,6.444840846459071
838.35,752.9824861100001,2629632,214,356,7367,0.9586800336837769,0.5723100304603577,0.012637775,5e-05,-0.013933817129873205,-10.06588351726532,3.9354183673858643,2130,0.1610107421875,0.2,7.507025114198526
831.38,748.37987949,2641920,215,358,7367,0.9716366529464722,0.570885419845581,0.01120906,5e-05,-0.016611633750532442,-10.039079076051712,4.493679523468018,2140,0.15381673177083333,0.2,8.587230255206427
826.9,744.9861012500002,2654208,216,360,7367,0.9745256304740906,0.5698845982551575,0.013263486,5e-05,-0.017695368159911594,-10.009570533037186,3.4093828201293945,2150,0.17095540364583334,0.2,7.089698063333829
780.35,694.1731629399999,2666496,217,361,7367,0.9679895639419556,0.5693306922912598,0.012751008,5e-05,-0.016781810456692862,-9.988515035311382,3.23818039894104,2160,0.17852376302083334,0.2,6.987507089972496
740.75,663.6526147500001,2678784,218,363,7367,0.9665254354476929,0.568600594997406,0.01202263,5e-05,-0.015291595966361152,-9.972479685147603,5.798495292663574,2170,0.14859212239583333,0.2,11.624648714065552
741.69,666.1232033299999,2691072,219,365,7367,0.9729543924331665,0.5678558945655823,0.011217219,5e-05,-0.015398605112568475,-9.95731274485588,4.634429454803467,2180,0.15186360677083333,0.2,9.691634366412957
755.57,667.7367353599999,2703360,220,366,7367,0.9688966870307922,0.5663958191871643,0.012361117,5e-05,-0.01643073359761426,-9.932667547464371,5.129443645477295,2190,0.16629231770833333,0.2,9.014823709925016
750.46,672.26402892,2715648,221,368,7367,0.979814887046814,0.5642919540405273,0.0127224885,5e-05,-0.015862240420635013,-9.892536518971125,3.6906583309173584,2200,0.1838134765625,0.2,6.12481459180514
749.9,665.3230697300002,2727936,222,370,7368,0.9747706651687622,0.5632936358451843,0.012959962,5e-05,-0.01793618287386683,-9.857957126696904,3.2375729084014893,2210,0.16905924479166667,0.2,8.987664786477884
765.33,685.54339429,2740224,223,371,7368,0.9624528288841248,0.5620413422584534,0.011958014,5e-05,-0.015603030778099007,-9.830368407567342,3.057818651199341,2220,0.1654296875,0.2,9.888516068458557
794.97,713.8229934000001,2752512,224,373,7368,0.9672042727470398,0.5604070425033569,0.013826802,5e-05,-0.01692928845974772,-9.79727257490158,3.343672037124634,2230,0.17960611979166666,0.2,8.212279625236988
831.92,754.97346078,2764800,225,375,7368,0.9738197922706604,0.5579456686973572,0.015967526,5e-05,-0.016678410104456514,-9.751731489102045,1.2658697366714478,2240,0.2173828125,0.2,4.697503784298897
815.6,745.51465362,2777088,226,376,7369,0.9762003421783447,0.5556675791740417,0.012037002,5e-05,-0.01675638805463677,-9.700033058722815,1.7091072797775269,2250,0.175732421875,0.2,5.215651425719261
817.76,750.8456187199997,2789376,227,378,7369,0.9693065881729126,0.5542683005332947,0.012653391,5e-05,-0.015431635243294295,-9.66009264588356,3.4721240997314453,2260,0.16148274739583332,0.2,7.649729587137699
824.61,761.9826091499998,2801664,228,380,7369,0.9731566905975342,0.5532301068305969,0.012893148,5e-05,-0.016136519307231843,-9.63289800286293,3.661388635635376,2270,0.1632080078125,0.2,7.518853186070919
833.31,777.0569969299999,2813952,229,381,7369,0.9361913800239563,0.5522403120994568,0.013356946,5e-05,-0.01509101811874037,-9.610129382212957,3.3715670108795166,2280,0.1779541015625,0.2,7.837352707982063
830.92,780.1434172600001,2826240,230,383,7370,0.9641463756561279,0.5511274337768555,0.012666464,5e-05,-0.014958958937980545,-9.584603488445282,4.997345924377441,2290,0.16669108072916666,0.2,8.1233360166351
828.18,773.2140435,2838528,231,385,7370,0.9457718729972839,0.5502195358276367,0.012714524,5e-05,-0.01704979215670998,-9.560681303342184,2.3124468326568604,2300,0.168701171875,0.2,9.159765733281771
824.68,776.9385588,2850816,232,386,7370,0.9354804158210754,0.5496648550033569,0.011337801,5e-05,-0.014815253145449485,-9.543077121178309,10.778498649597168,2310,0.1521240234375,0.2,14.724161241451899
855.74,817.9800426200001,2863104,233,388,7370,0.9699158072471619,0.5479745268821716,0.017693037,5e-05,-0.015736535582497404,-9.515768625338872,1.379055142402649,2320,0.23800455729166667,0.2,4.394943924248219
863.68,824.4509897499998,2875392,234,390,7371,0.9634678959846497,0.5456312298774719,0.016158184,5e-05,-0.019776467680640054,-9.469235998392104,1.174522876739502,2330,0.21978352864583334,0.2,2.523509380221367
855.37,818.0941888599998,2887680,235,391,7371,0.9701154828071594,0.5444163680076599,0.011252661,5e-05,-0.014950574944183852,-9.43094624678294,1.7431416511535645,2340,0.151806640625,0.2,5.749546092748642
837.9,802.17413235,2899968,236,393,7370,0.9660045504570007,0.543597400188446,0.013202772,5e-05,-0.015588489744307784,-9.407295980056126,4.346418857574463,2350,0.15725911458333333,0.2,6.966225880881151
846.23,815.5585370399999,2912256,237,395,7370,0.9467783570289612,0.543385922908783,0.011381487,5e-05,-0.014857990442154308,-9.393491391340891,9.44418716430664,2360,0.16117350260416666,0.2,13.395761585235595
845.87,816.42906704,2924544,238,396,7371,0.9628564715385437,0.5425165295600891,0.012962866,5e-05,-0.014683293683629018,-9.379693573713302,3.2878201007843018,2370,0.1600830078125,0.2,8.43999768793583
843.14,811.92188852,2936832,239,398,7371,0.9569410085678101,0.5416797399520874,0.011816007,5e-05,-0.01479208852397278,-9.359615550438564,3.9039947986602783,2380,0.15032552083333334,0.2,11.365743664900462
818.93,785.1454106300001,2949120,240,400,7371,0.9666787385940552,0.5407037734985352,0.015225369,5e-05,-0.015945001768219905,-9.33931678334872,2.665327787399292,2390,0.17842610677083334,0.2,9.91779486934344
819.09,780.5947582300001,2961408,241,401,7371,0.97528076171875,0.5394687056541443,0.015602895,5e-05,-0.01615691206146342,-9.311856639385223,3.624685287475586,2400,0.199365234375,0.2,6.069641670087973
834.68,787.58794886,2973696,242,403,7371,0.9583277702331543,0.5388877987861633,0.012911419,5e-05,-0.01590298853019097,-9.287460631132125,4.215210914611816,2410,0.15760904947916668,0.2,13.14553832511107
847.35,808.6592891600001,2985984,243,405,7372,0.9725388884544373,0.5383558869361877,0.01504824,5e-05,-0.016605965002478722,-9.27339337070783,2.228285789489746,2420,0.19558919270833333,0.2,8.896503720680872
838.13,800.8536362,2998272,244,406,7372,0.9718679785728455,0.5366382002830505,0.01691599,5e-05,-0.017064331403040946,-9.239911685387293,1.3243045806884766,2430,0.2268310546875,0.2,5.182314382493496
821.29,780.72537011,3010560,245,408,7372,0.9642075896263123,0.5354663729667664,0.012727413,5e-05,-0.015006334397185128,-9.20516144235929,4.265359878540039,2440,0.16006673177083333,0.2,9.426927943030993
830.97,797.3754427799998,3022848,246,410,7372,0.9748934507369995,0.5344663262367249,0.012091428,5e-05,-0.015356313393082625,-9.180753159523011,2.8312206268310547,2450,0.1642333984375,0.2,8.118213904897372
839.31,804.9649287100001,3035136,247,411,7372,0.9555838108062744,0.532798171043396,0.014245861,5e-05,-0.014091046706986769,-9.145553582906723,5.407093524932861,2460,0.18997395833333333,0.2,9.308573705454668
831.39,807.33720329,3047424,248,413,7373,0.9672959446907043,0.531583845615387,0.015039686,5e-05,-0.01376915665374933,-9.11031805475553,4.870604991912842,2470,0.19984537760416668,0.2,7.67998064905405
830.35,809.7152517500002,3059712,249,414,7373,0.9604716897010803,0.5310125946998596,0.014268166,5e-05,-0.015796071517979727,-9.088652928670248,4.967955112457275,2480,0.17671712239583334,0.2,10.40926370670398
805.94,782.8400570900002,3072000,250,416,7373,0.965954065322876,0.5299859642982483,0.012923471,5e-05,-0.014357428191578947,-9.068200494845708,3.648043632507324,2490,0.1780517578125,0.2,8.64593540976445
830.55,811.2038227500001,3084288,251,418,7373,0.961007833480835,0.5293124914169312,0.014150134,5e-05,-0.017009076218043144,-9.047808196147283,5.082154273986816,2500,0.20040690104166667,0.2,11.335672405362129
813.46,794.8984078600001,3096576,252,419,7373,0.9803425073623657,0.527396023273468,0.01726758,5e-05,-0.018156967907755946,-9.011169491211573,1.9028630256652832,2510,0.253125,0.2,3.363187475254138
822.15,812.67014872,3108864,253,421,7372,0.9612042903900146,0.5268880724906921,0.012262724,5e-05,-0.015057396736422864,-8.984884454806645,3.9718852043151855,2520,0.1701171875,0.2,8.141649840772152
785.09,775.341994,3121152,254,423,7371,0.9630554914474487,0.5261414051055908,0.011667371,5e-05,-0.014439642771806878,-8.96933395465215,3.9092416763305664,2530,0.1544921875,0.2,7.811636345088482
809.37,800.93349888,3133440,255,425,7369,0.9552461504936218,0.5253924131393433,0.010539249,5e-05,-0.015434595145537362,-8.951105803251266,7.889105796813965,2540,0.14165852864583334,0.2,17.91226685345173
813.91,819.6226045899998,3145728,256,426,7369,0.9697886109352112,0.5233538746833801,0.016147519,5e-05,-0.015267965423602921,-8.920300978422166,1.9435044527053833,2550,0.21039225260416666,0.2,4.9816879138350485
852.62,859.4216962500001,3158016,257,428,7369,0.9687476754188538,0.5221386551856995,0.015171017,5e-05,-0.015767596284664856,-8.883199286460876,4.0516037940979,2560,0.212646484375,0.2,6.705378151933352
830.82,838.8359098999999,3170304,258,430,7369,0.9658074378967285,0.5210559368133545,0.016012812,5e-05,-0.014586711819962754,-8.854625411828358,4.6941704750061035,2570,0.18880208333333334,0.2,6.037010583778223
854.72,868.7520811999999,3182592,259,431,7370,0.9621055722236633,0.5197363495826721,0.013237813,5e-05,-0.014993327433573237,-8.822066803773245,3.417022466659546,2580,0.16424153645833334,0.2,9.637856060266495
856.23,868.8638221999998,3194880,260,433,7370,0.9579081535339355,0.5181875824928284,0.016359175,5e-05,-0.015352648110031926,-8.7846422513326,1.8844935894012451,2590,0.22665201822916667,0.2,4.87958089808623
896.12,923.08137672,3207168,261,435,7370,0.968205988407135,0.5156459212303162,0.018500216,5e-05,-0.01816180552220127,-8.731283237536749,0.8966314792633057,2600,0.24766438802083332,0.2,3.764875719199578
899.81,928.01994687,3219456,262,436,7370,0.9484442472457886,0.5149921774864197,0.010495268,5e-05,-0.012864042665993718,-8.697575922807058,4.288233757019043,2610,0.14710286458333333,0.2,10.74657638669014
891.39,922.5552483199999,3231744,263,438,7370,0.9764167070388794,0.5131901502609253,0.014969754,5e-05,-0.014499155800634374,-8.661939974625906,2.7396650314331055,2620,0.211279296875,0.2,3.5988256834447383
853.96,893.20370595,3244032,264,440,7370,0.9652358889579773,0.5119655728340149,0.012876167,5e-05,-0.0148846609450023,-8.624919156233469,2.9372568130493164,2630,0.18512369791666666,0.2,5.886705541362365
863.95,906.16497739,3256320,265,441,7369,0.9650126695632935,0.511588990688324,0.010891545,5e-05,-0.01506453638721723,-8.605109862486522,4.393028259277344,2640,0.13544921875,0.2,11.252241877218088
843.46,880.9001944999999,3268608,266,443,7369,0.9519665241241455,0.5109407901763916,0.011300147,5e-05,-0.01401685394133286,-8.592489914099376,5.165567874908447,2650,0.16206868489583334,0.2,11.346283271412055
842.84,889.19472517,3280896,267,445,7368,0.9494102001190186,0.5105335712432861,0.0122436695,5e-05,-0.015459404259066408,-8.581133590141933,9.592425346374512,2660,0.15724283854166668,0.2,17.30602373878161
839.3,889.1176426800001,3293184,268,446,7368,0.9613447785377502,0.5089989304542542,0.019832032,5e-05,-0.016322680443893962,-8.551631130774815,1.1087219715118408,2670,0.2689615885416667,0.2,3.049179365237554
833.31,887.8201921499999,3305472,269,448,7368,0.9547396898269653,0.5085083842277527,0.013620883,5e-05,-0.013473439463511264,-8.524053064982096,2.7412166595458984,2680,0.1923828125,0.2,7.663736808548371
849.05,901.6569000999999,3317760,270,450,7368,0.9639900326728821,0.5077433586120605,0.013854388,5e-05,-0.013564336273702793,-8.509721688429515,4.607460021972656,2690,0.172119140625,0.2,6.956852205594381
843.73,894.2661105500001,3330048,271,451,7368,0.9555570483207703,0.5064330101013184,0.014204529,5e-05,-0.014909605691112422,-8.48044399023056,2.677534818649292,2700,0.18434244791666668,0.2,7.256839158634345
855.02,910.1530965200001,3342336,272,453,7368,0.9521657824516296,0.5058752298355103,0.014743953,5e-05,-0.014864025976082,-8.457174408435822,2.4000585079193115,2710,0.19969889322916667,0.2,10.096796401341756
868.96,923.3911102100002,3354624,273,455,7368,0.9657757878303528,0.5054192543029785,0.014527616,5e-05,-0.016111976547108497,-8.445590378840764,3.042379379272461,2720,0.20943196614583334,0.2,8.215879175066949
862.75,912.97043576,3366912,274,456,7367,0.9675244688987732,0.503894031047821,0.019251997,5e-05,-0.014924442381501042,-8.419391016165415,1.3148484230041504,2730,0.24693196614583332,0.2,4.282266554733117
869.46,918.2505446099998,3379200,275,458,7367,0.9710646271705627,0.5030168294906616,0.01252756,5e-05,-0.01258740110109405,-8.39267462293307,3.4857513904571533,2740,0.15648600260416667,0.2,9.23893648982048
867.46,902.3118603799999,3391488,276,460,7367,0.9490779042243958,0.5016706585884094,0.011951058,5e-05,-0.013979853499040473,-8.365740448236465,3.878734827041626,2750,0.16040852864583333,0.2,10.712253379325071
873.24,910.0469472500001,3403776,277,461,7367,0.9627840518951416,0.5002700090408325,0.017314516,5e-05,-0.013883193958705912,-8.327009975910187,2.424811601638794,2760,0.25361328125,0.2,5.636522579193115
894.61,934.4797661099999,3416064,278,463,7368,0.9585297703742981,0.49825039505958557,0.018845096,5e-05,-0.014099762347662666,-8.281187244256337,1.5312451124191284,2770,0.2508463541666667,0.2,4.274118626117707
917.52,960.20966764,3428352,279,465,7368,0.9730864763259888,0.49681639671325684,0.02434775,5e-05,-0.018610350444699483,-8.236532342433929,1.1773778200149536,2780,0.27914225260416664,0.2,2.12049606492122
933.11,976.56975704,3440640,280,466,7368,0.8992213606834412,0.4952463209629059,0.014223479,5e-05,-0.015078289039229276,-8.200939438740413,1.3302931785583496,2790,0.1946533203125,0.2,4.959459622949362
911.94,957.7247690700002,3452928,281,468,7369,0.9697877168655396,0.4931824207305908,0.01840422,5e-05,-0.019917042732898457,-8.148665177822114,0.9543190598487854,2800,0.23738606770833334,0.2,1.9558134518563748
933.79,975.95077292,3465216,282,470,7369,0.9561477899551392,0.492729514837265,0.011564498,5e-05,-0.014615013068153833,-8.118975263833999,3.8858118057250977,2810,0.17198079427083332,0.2,9.66729607284069
943.86,998.8522919,3477504,283,472,7365,0.9698587656021118,0.4919724762439728,0.014142439,5e-05,-0.014749582871445455,-8.101738542318344,1.2753583192825317,2820,0.17859700520833333,0.2,4.170230674743652
937.15,996.8976480199999,3489792,284,474,7362,0.9735304713249207,0.49014922976493835,0.01543279,5e-05,-0.019093328385497443,-8.062339488665263,1.0320638418197632,2830,0.22357584635416666,0.2,2.460435013969739
927.99,992.8912636800001,3502080,285,475,7359,0.9509169459342957,0.4898086488246918,0.01097523,5e-05,-0.012734796726726927,-8.035335177183152,2.169914960861206,2840,0.14053548177083333,0.2,10.382528468966484
917.15,981.69518236,3514368,286,477,7358,0.9308735728263855,0.4889775216579437,0.014236692,5e-05,-0.01422684284383043,-8.019757344325383,1.4794951677322388,2850,0.17625325520833332,0.2,6.721365597347418
912.19,986.37396323,3526656,287,479,7356,0.9435017108917236,0.48822006583213806,0.013457276,5e-05,-0.012642487038586598,-7.998236763477325,2.412118673324585,2860,0.18146158854166666,0.2,7.711167207360267
919.81,1003.7868564199999,3538944,288,481,7355,0.969748854637146,0.48680686950683594,0.023652866,5e-05,-0.01160525243030861,-7.971723780035973,1.4356465339660645,2870,0.2653564453125,0.2,4.183998461316029
893.73,977.40066723,3551232,289,482,7354,0.9570825099945068,0.4860479533672333,0.012442172,5e-05,-0.013332131297405188,-7.94530399441719,2.093970775604248,2880,0.182080078125,0.2,8.200798385341962
884.97,973.32391888,3563520,290,484,7353,0.9612249135971069,0.4856189787387848,0.011192891,5e-05,-0.013841347152386637,-7.928646603226662,1.8153022527694702,2890,0.157568359375,0.2,9.703884006043275
886.96,980.8276234599999,3575808,291,486,7353,0.9672198295593262,0.4846576452255249,0.015553304,5e-05,-0.013102158804637535,-7.9102503309647245,1.7752748727798462,2900,0.2326416015625,0.2,5.446077709893386
890.23,991.3438936100001,3588096,292,488,7351,0.973962128162384,0.4831036329269409,0.020253701,5e-05,-0.016082667268346996,-7.8763973643382394,1.5929781198501587,2910,0.24071451822916667,0.2,3.6647968945403893
872.74,972.0213609,3600384,293,489,7352,0.9663532972335815,0.4818135201931,0.016201802,5e-05,-0.013802400160057005,-7.839766109983127,2.5162203311920166,2920,0.2139892578125,0.2,6.549148077269395
886.95,990.7956788,3612672,294,491,7352,0.9677116870880127,0.4807159900665283,0.018725498,5e-05,-0.015802341848029755,-7.806373573342959,2.220111131668091,2930,0.21913248697916668,0.2,5.047551398475965
872.92,976.0042744499998,3624960,295,493,7352,0.9655715227127075,0.48039308190345764,0.012281701,5e-05,-0.012956361286584676,-7.78406158487002,4.48085355758667,2940,0.15370279947916668,0.2,9.401504502693813
862.93,969.7130912699998,3637248,296,494,7352,0.9493163228034973,0.4795167148113251,0.016146278,5e-05,-0.014837680054673305,-7.766540890932083,8.570332527160645,2950,0.21990559895833334,0.2,9.756151617070039
846.13,948.9793914599999,3649536,297,496,7353,0.9573060274124146,0.4785768985748291,0.015074373,5e-05,-0.01592409412260167,-7.741125504175822,2.5649683475494385,2960,0.2066650390625,0.2,11.99031869272391
829.75,926.57972912,3661824,298,497,7353,0.951532781124115,0.47805094718933105,0.013582534,5e-05,-0.015376255021935018,-7.721693863471349,3.8450779914855957,2970,0.20234375,0.2,12.487835734585921
845.97,949.16312251,3674112,299,499,7353,0.9537637233734131,0.4771769940853119,0.015822472,5e-05,-0.013055204162568165,-7.704026334484419,3.684290647506714,2980,0.2386962890625,0.2,9.28424747834603
839.81,943.3194104500002,3686400,300,501,7354,0.9254269003868103,0.47604337334632874,0.022205746,5e-05,-0.012882902171744112,-7.679190452893575,3.624497652053833,2990,0.2635579427083333,0.2,12.159788973629475
831.5,933.0102704899999,3698688,301,502,7354,0.9562299251556396,0.4750741422176361,0.017954698,5e-05,-0.016552000211474176,-7.6539481490850445,1.7968316078186035,3000,0.27732747395833335,0.2,5.865666520098845
837.47,934.82040099,3710976,302,504,7354,0.9407584071159363,0.47470560669898987,0.01679463,5e-05,-0.01379911774759724,-7.634013652801514,2.006711959838867,3010,0.23452962239583333,0.2,8.51030005067587
866.85,975.7696678700001,3723264,303,506,7354,0.941733717918396,0.47332653403282166,0.015849514,5e-05,-0.014185078097216319,-7.609981404741605,2.867185592651367,3020,0.23134765625,0.2,9.866851112743218
872.68,981.9623187100001,3735552,304,507,7355,0.955635130405426,0.4720299541950226,0.017683014,5e-05,-0.015452703700672525,-7.57513185540835,1.5432109832763672,3030,0.25013834635416665,0.2,4.520011948545774
887.5,1003.19208437,3747840,305,509,7355,0.9780638813972473,0.47026845812797546,0.017814735,5e-05,-0.015117639345893016,-7.5312856564919155,1.2609915733337402,3040,0.2574462890625,0.2,3.2026788108050823
901.32,1019.46693312,3760128,306,511,7355,0.968248724937439,0.4692442715167999,0.016944597,5e-05,-0.014910962518479209,-7.499169744054476,1.3277994394302368,3050,0.21800130208333332,0.2,4.998835212488969
901.31,1025.8403271199998,3772416,307,512,7354,0.9786503314971924,0.468304306268692,0.018741867,5e-05,-0.015448801589567058,-7.47207187016805,0.5196055173873901,3060,0.27265625,0.2,2.218142379571994
878.2,993.67022776,3784704,308,514,7354,0.9561300277709961,0.4678206145763397,0.012660121,5e-05,-0.012861712881325123,-7.448783431450526,1.2585424184799194,3070,0.1737548828125,0.2,5.813897419720888
879.83,994.8139292500001,3796992,309,516,7354,0.9556572437286377,0.4674762785434723,0.0103270635,5e-05,-0.01389971844861672,-7.437606720129649,4.585367679595947,3080,0.13566080729166666,0.2,10.726086340844631
875.72,984.9286168300001,3809280,310,517,7355,0.9565516114234924,0.4667740762233734,0.014346455,5e-05,-0.013006424531825662,-7.424901270866394,4.648004055023193,3090,0.17696126302083334,0.2,9.989077571034432
882.34,991.1281389600001,3821568,311,519,7355,0.9585684537887573,0.4657912254333496,0.014596563,5e-05,-0.010726438698960313,-7.400767660140991,1.5688241720199585,3100,0.19789225260416668,0.2,7.984465967615446
894.21,1008.3073384899998,3833856,312,521,7355,0.9537379145622253,0.4648665487766266,0.026770035,5e-05,-0.009069844552626213,-7.372784727811814,2.595055341720581,3110,0.263818359375,0.2,5.084411957114935
883.17,993.2075195000003,3846144,313,522,7355,0.9593695402145386,0.46380069851875305,0.017309608,5e-05,-0.013372793553571682,-7.34549790819486,1.9758684635162354,3120,0.24789225260416667,0.2,4.7160730260113874
897.38,1009.50514473,3858432,314,524,7354,0.9564827084541321,0.4627530574798584,0.020880893,5e-05,-0.012035278019902762,-7.3153863966465,4.134551048278809,3130,0.26217447916666664,0.2,4.879977885385355
899.83,1018.3201129500001,3870720,315,526,7355,0.9782354235649109,0.4609359800815582,0.024071584,5e-05,-0.018475113691723284,-7.272246223688126,0.5936593413352966,3140,0.3222574869791667,0.2,1.4388395155469575
935.82,1065.2128025400002,3883008,316,527,7354,0.9623023271560669,0.4601818025112152,0.013990837,5e-05,-0.012553262319124769,-7.244800620277723,1.0790493488311768,3150,0.17117513020833333,0.2,5.048294954746962
927.05,1060.41255505,3895296,317,529,7354,0.9559088945388794,0.45872583985328674,0.017770536,5e-05,-0.014618044086091686,-7.214076340198517,0.7794504165649414,3160,0.246630859375,0.2,2.312688285112381
934.78,1067.6507478400001,3907584,318,531,7355,0.936775267124176,0.4585362374782562,0.009876635,5e-05,-0.012010555337474216,-7.1935023685296375,2.731006622314453,3170,0.12963053385416667,0.2,12.804760564366976
919.55,1049.22562336,3919872,319,532,7354,0.9445934891700745,0.4581638276576996,0.015453308,5e-05,-0.011112077756358,-7.184894348184268,2.7433297634124756,3180,0.16476236979166667,0.2,6.879783080269893
921.11,1051.8266885899998,3932160,320,534,7354,0.9629762172698975,0.45722293853759766,0.018140735,5e-05,-0.01352742802167389,-7.164248821139336,1.1101210117340088,3190,0.2330322265625,0.2,5.016348579525948
906.08,1037.0660396699998,3944448,321,536,7355,0.9547679424285889,0.45597776770591736,0.023437202,5e-05,-0.010306869821700577,-7.129360156257947,0.8140226006507874,3200,0.3186848958333333,0.2,2.409090545028448
902.71,1035.89592197,3956736,322,537,7355,0.9643402099609375,0.45567741990089417,0.014952056,5e-05,-0.013001644779675796,-7.10837160050869,1.2107337713241577,3210,0.19479166666666667,0.2,5.162247150888046
902.71,1033.6728744299999,3969024,323,539,7355,0.9475420713424683,0.45498618483543396,0.022545405,5e-05,-0.010823781064633902,-7.092409371336301,2.177771806716919,3220,0.2595296223958333,0.2,6.09116096397241
905.83,1044.3396736500001,3981312,324,541,7354,0.8793402314186096,0.45419207215309143,0.013876946,5e-05,-0.01197962941272029,-7.073143638173739,3.5913939476013184,3230,0.16455891927083333,0.2,10.475946910182635
923.75,1064.43173604,3993600,325,542,7355,0.9582880735397339,0.45291462540626526,0.020603523,5e-05,-0.012636302801547572,-7.039296179016431,0.5460865497589111,3240,0.3076985677083333,0.2,2.6220646583785614
903.86,1055.89487969,4005888,326,544,7355,0.9562231302261353,0.4524240493774414,0.012842522,5e-05,-0.01257254399121545,-7.019422629475594,3.8913793563842773,3250,0.1656982421875,0.2,7.823296099652847
902.35,1054.22522432,4018176,327,546,7355,0.9668809771537781,0.45151981711387634,0.016010022,5e-05,-0.013331445655785501,-6.999833203355471,1.984501838684082,3260,0.18433430989583333,0.2,5.301527531693379
908.86,1057.0959011099999,4030464,328,547,7355,0.9598461389541626,0.45034703612327576,0.018478215,5e-05,-0.013564726616217134,-6.972037410736084,0.9276754856109619,3270,0.2507568359375,0.2,5.929244133085012
907.58,1056.97018805,4042752,329,549,7353,0.950407862663269,0.44799885153770447,0.02246931,5e-05,-0.018438310964847916,-6.918495186169943,0.7283933758735657,3280,0.28955078125,0.2,1.469720026353995
894.59,1044.0271940100001,4055040,330,551,7353,0.9346351027488708,0.4473963677883148,0.014696916,5e-05,-0.011223972572285372,-6.883766051133474,6.916566371917725,3290,0.1891845703125,0.2,7.676729197551807
885.06,1035.43734971,4067328,331,553,7352,0.9468656182289124,0.44699302315711975,0.012732521,5e-05,-0.01114833827620411,-6.867885549863179,12.070784568786621,3300,0.16114908854166668,0.2,10.122880158325037
893.65,1050.9167526,4079616,332,554,7353,0.9635545015335083,0.4464435577392578,0.017527128,5e-05,-0.010066636213256668,-6.854743355512619,1.2458555698394775,3310,0.2234130859375,0.2,3.7844192154705523
914.9,1077.8228946600002,4091904,333,556,7353,0.9422641396522522,0.4450317323207855,0.02244514,5e-05,-0.009648228113655932,-6.8262749721606575,0.851044237613678,3320,0.2756429036458333,0.2,5.104723376780749
927.62,1094.39052443,4104192,334,558,7353,0.9614331126213074,0.44377413392066956,0.020195931,5e-05,-0.008865819409887383,-6.7888275414705275,3.612940788269043,3330,0.26417643229166665,0.2,4.367242938155929
893.14,1050.70457553,4116480,335,559,7353,0.9614838361740112,0.44306373596191406,0.015122688,5e-05,-0.01329933777936579,-6.7636910001436865,2.5434324741363525,3340,0.2019775390625,0.2,5.301857548455398
893.61,1056.6069966200002,4128768,336,561,7353,0.9531953930854797,0.44287487864494324,0.014536771,5e-05,-0.013710288725754556,-6.752240498860677,3.021125078201294,3350,0.17789713541666666,0.2,9.44099985708793
872.51,1029.3823786599999,4141056,337,563,7353,0.9616237878799438,0.44227609038352966,0.022412218,5e-05,-0.011524654491707528,-6.741235723098119,0.7705126404762268,3360,0.2898030598958333,0.2,2.9324432802697022
893.77,1051.1554355,4153344,338,564,7354,0.955058217048645,0.44199052453041077,0.013392162,5e-05,-0.012534594031846306,-6.726651675502459,3.3765807151794434,3370,0.1882568359375,0.2,7.677174842854341
893.77,1047.27987038,4165632,339,566,7354,0.9760324358940125,0.4409157335758209,0.01971936,5e-05,-0.01208290535141714,-6.7055379738410315,1.1268835067749023,3380,0.2757161458333333,0.2,3.094143828501304
885.94,1032.77238759,4177920,340,568,7354,0.9793704748153687,0.43930020928382874,0.02129866,5e-05,-0.0181227070526802,-6.665226482351621,0.7133395075798035,3390,0.2985921223958333,0.2,1.5502731675903003
863.05,995.4234342399999,4190208,341,569,7354,0.9617162346839905,0.43855103850364685,0.018049262,5e-05,-0.011991328202808897,-6.637732853492101,1.485530138015747,3400,0.19100748697916667,0.2,6.05621122320493
889.01,1027.25039084,4202496,342,571,7354,0.9514216780662537,0.4380863904953003,0.0134891,5e-05,-0.009711533997324296,-6.6199826548496885,2.164224147796631,3410,0.18021647135416666,0.2,9.701726084947586
893.12,1035.03953765,4214784,343,573,7354,0.972283124923706,0.4357660710811615,0.02389288,5e-05,-0.016839857277227567,-6.570639431476593,0.6459442377090454,3420,0.32400716145833336,0.2,1.27608402967453
910.24,1056.14913906,4227072,344,574,7355,0.9515984058380127,0.4356028735637665,0.012556863,5e-05,-0.012322056881869988,-6.539389565587044,1.323195457458496,3430,0.18218587239583334,0.2,6.041406541566054
900.98,1048.6249902299999,4239360,345,576,7355,0.9708584547042847,0.43534159660339355,0.017631123,5e-05,-0.012771734592388385,-6.530971109867096,1.4219971895217896,3440,0.213525390625,0.2,5.221779721230268
833.06,973.7658885500001,4251648,346,578,7355,0.9694474339485168,0.4351392686367035,0.018606847,5e-05,-0.011370192267349921,-6.523578403393428,1.983182668685913,3450,0.20048014322916666,0.2,4.68847698122263
858.05,1008.20311808,4263936,347,579,7355,0.9633311629295349,0.4351051151752472,0.009720358,5e-05,-0.012115210257373594,-6.520934816201528,10.755227088928223,3460,0.12919921875,0.2,18.839511439204216
861.12,1016.7705173800002,4276224,348,581,7356,0.9553033709526062,0.4337649345397949,0.021916054,5e-05,-0.014149824595854928,-6.502658116817474,0.7675952315330505,3470,0.2694173177083333,0.2,2.8315440684556963
861.12,1022.05637029,4288512,349,582,7356,0.9488290548324585,0.43227505683898926,0.020092355,5e-05,-0.008461666707201705,-6.4588282416264216,0.5003489255905151,3480,0.3020263671875,0.2,5.317509418105086
860.98,1019.84675065,4300800,350,584,7356,0.9637918472290039,0.43132054805755615,0.019452682,5e-05,-0.012941429274117884,-6.425249716639518,0.5857943296432495,3490,0.25224609375,0.2,2.0832656007260084
871.85,1040.1895036,4313088,351,586,7356,0.9679235816001892,0.4311034679412842,0.016864622,5e-05,-0.013297184003749862,-6.408798476060231,2.4115681648254395,3500,0.2555013020833333,0.2,3.2238027788698673
895.53,1069.98594121,4325376,352,587,7357,0.965440571308136,0.4297346770763397,0.023475716,5e-05,-0.01652417751417185,-6.382569420337677,0.5290173292160034,3510,0.3085205078125,0.2,1.2732540069768825
912.88,1088.88645017,4337664,353,589,7357,0.9325217604637146,0.4291209876537323,0.0198327,5e-05,-0.010252870060988547,-6.3541891833146416,1.0649033784866333,3520,0.22353515625,0.2,4.353999295085669
941.76,1129.3461396999999,4349952,354,591,7357,0.9473499059677124,0.4287649095058441,0.0115691,5e-05,-0.01109086762953666,-6.340614346663157,4.224123001098633,3530,0.16227213541666666,0.2,9.498224128534396
933.16,1122.3038865600001,4362240,355,592,7357,0.9528545141220093,0.427913635969162,0.025306946,5e-05,-0.010677105981449131,-6.321849208076795,2.521132469177246,3540,0.24638671875,0.2,3.7227944403886797
926.91,1119.54724104,4374528,356,594,7357,0.95844566822052,0.42743372917175293,0.019627878,5e-05,-0.012733232110137275,-6.302730583151182,1.2321059703826904,3550,0.25938313802083335,0.2,3.411569355428219
935.82,1129.71965978,4386816,357,596,7357,0.9698042273521423,0.42666158080101013,0.015097712,5e-05,-0.014336171019628334,-6.283633719881376,1.1178476810455322,3560,0.20779622395833333,0.2,3.764172148704529
905.13,1088.33924149,4399104,358,597,7358,0.9493606686592102,0.4249809980392456,0.02093344,5e-05,-0.014677887501602527,-6.2395864476760226,0.6829221844673157,3570,0.30735677083333335,0.2,1.392181226486961
898.9,1083.97207895,4411392,359,599,7358,0.9654741287231445,0.4247347414493561,0.012818761,5e-05,-0.010318134623715499,-6.21150790254275,3.062737464904785,3580,0.180322265625,0.2,5.653237956265609
910.19,1100.7595578500002,4423680,360,601,7358,0.9798391461372375,0.42382553219795227,0.022243096,5e-05,-0.01352555573976133,-6.187167193492254,0.9327459335327148,3590,0.29315592447916666,0.2,1.3730883423238993
912.14,1105.5232421,4435968,361,602,7358,0.9764994382858276,0.4225226938724518,0.019865254,5e-05,-0.015847898016121083,-6.145353692770004,0.3340745270252228,3600,0.28974609375,0.2,0.7708463590592146
919.39,1116.32647567,4448256,362,604,7358,0.9321109652519226,0.4220845699310303,0.011225332,5e-05,-0.007922226382652298,-6.120052288969358,2.1101133823394775,3610,0.16259765625,0.2,6.257926554481188
936.38,1133.94446809,4460544,363,606,7358,0.9645580053329468,0.42040857672691345,0.019685227,5e-05,-0.01516494597599376,-6.087827940781911,0.33775806427001953,3620,0.25433756510416666,0.2,0.964307380716006
942.85,1151.6958155200002,4472832,364,607,7359,0.9692442417144775,0.4188555181026459,0.017486876,5e-05,-0.01626796093963397,-6.042800605297089,0.38008710741996765,3630,0.2576985677083333,0.2,0.8667460740854342
946.77,1160.84358173,4485120,365,609,7359,0.957625687122345,0.4180549383163452,0.018053204,5e-05,-0.010183052248127449,-6.0059420774380365,0.25614234805107117,3640,0.23636881510416666,0.2,1.401655995597442
965.77,1189.54259126,4497408,366,611,7358,0.960700511932373,0.4169614613056183,0.019515164,5e-05,-0.016432692620825643,-5.973252062996228,0.37312552332878113,3650,0.25765787760416664,0.2,0.8890815912435452
957.43,1180.73005411,4509696,367,612,7358,0.9600332975387573,0.41667306423187256,0.010506385,5e-05,-0.011203198872196177,-5.9523676584164305,0.8726793527603149,3660,0.138427734375,0.2,3.900546127309402
924.31,1134.72207361,4521984,368,614,7359,0.9381313323974609,0.41613081097602844,0.016510123,5e-05,-0.009356913062705037,-5.937929084897041,1.3119500875473022,3670,0.21190592447916667,0.2,6.033250674232841
912.68,1122.6761108500002,4534272,369,616,7359,0.9584863781929016,0.4157908856868744,0.015495342,5e-05,-0.012847351057280321,-5.923609737555186,5.820159912109375,3680,0.19068196614583333,0.2,6.5431382042666275
896.95,1100.959292,4546560,370,617,7359,0.9590237736701965,0.4152144193649292,0.01506032,5e-05,-0.010996703313139733,-5.908690150578817,2.1278131008148193,3690,0.21978352864583334,0.2,5.932861414924264
896.57,1097.3059779200003,4558848,371,619,7359,0.9275676608085632,0.41453084349632263,0.018592875,5e-05,-0.009440191670000786,-5.890215457479159,4.300144195556641,3700,0.23767903645833333,0.2,7.373658522218466
867.67,1053.4697209600004,4571136,372,621,7359,0.9519762992858887,0.414105087518692,0.014489655,5e-05,-0.012293710623149915,-5.871798990170161,2.5553834438323975,3710,0.19414876302083334,0.2,6.989172671983639
872.39,1054.49562651,4583424,373,622,7360,0.9585016369819641,0.41397690773010254,0.011120953,5e-05,-0.010034853518300224,-5.862773036956787,8.913420677185059,3720,0.1533447265625,0.2,14.559805009514093
884.1,1071.6706739299998,4595712,374,624,7360,0.9351356029510498,0.4129806458950043,0.021967867,5e-05,-0.012004589513526297,-5.844537737965584,0.7323745489120483,3730,0.28583984375,0.2,5.234952192753553
897.15,1085.6637521599996,4608000,375,626,7359,0.9622399210929871,0.41165146231651306,0.023570662,5e-05,-0.007233362704088601,-5.805724516510963,4.8252105712890625,3740,0.32639973958333335,0.2,3.937863791361451
917.22,1108.95457724,4620288,376,627,7357,0.9564263224601746,0.41004833579063416,0.022173354,5e-05,-0.013326693250079794,-5.756473903854688,0.45151740312576294,3750,0.3208089192708333,0.2,1.4304036336640518
936.52,1133.8833788000002,4632576,377,629,7357,0.9699195027351379,0.40772172808647156,0.021939775,5e-05,-0.018681593897053973,-5.692378111680349,0.337514191865921,3760,0.2997233072916667,0.2,0.7656012653062741
954.29,1162.9351335600002,4644864,378,631,7356,0.9838041067123413,0.4057427942752838,0.019927457,5e-05,-0.017772732132289092,-5.623008881012598,0.26692503690719604,3770,0.25852864583333335,0.2,0.5785680176069339
942.02,1153.7205488799998,4657152,379,633,7355,0.9253877997398376,0.40507200360298157,0.019091053,5e-05,-0.009710290503668754,-5.5829900542895,0.3263073265552521,3780,0.2509358723958333,0.2,3.2910987256715694
917.78,1126.29286769,4669440,380,634,7355,0.9379978179931641,0.404984712600708,0.011946161,5e-05,-0.009584530544816516,-5.570500573515892,2.0154290199279785,3790,0.1517578125,0.2,5.085852475588521
894.56,1095.5318135999996,4681728,381,636,7355,0.953579843044281,0.4048566520214081,0.0087941075,5e-05,-0.009646050370550559,-5.567024967074394,13.03053092956543,3800,0.08714192708333333,0.2,19.905900723735492
894.56,1103.0547153300001,4694016,382,638,7355,0.9461057782173157,0.4047771692276001,0.011737843,5e-05,-0.012128823302919044,-5.563652315735817,5.7188897132873535,3810,0.13712565104166666,0.2,9.790292612959941
871.67,1078.1903075799999,4706304,383,639,7355,0.8730967044830322,0.4045982360839844,0.016990805,5e-05,-0.012484582133765798,-5.558349264661471,1.0441069602966309,3820,0.195556640625,0.2,4.195848956207434
871.67,1081.14667145,4718592,384,641,7355,0.9618420004844666,0.4041174352169037,0.022330485,5e-05,-0.009644523012684657,-5.546310719847679,0.9676862359046936,3830,0.27483723958333334,0.2,3.9752110451459886
877.49,1086.39647046,4730880,385,643,7354,0.9677683115005493,0.4024699926376343,0.02389375,5e-05,-0.013683463323832256,-5.509515780210495,0.44349586963653564,3840,0.32456868489583335,0.2,0.9929695601264635
892.02,1100.10281219,4743168,386,644,7354,0.9712629914283752,0.40051552653312683,0.024881229,5e-05,-0.0157412522736801,-5.458915480971337,0.3543020784854889,3850,0.2901692708333333,0.2,0.9204101545736194
921.31,1140.20451438,4755456,387,646,7354,0.9733337163925171,0.3987630307674408,0.02143719,5e-05,-0.014654438315968339,-5.3996759017308555,0.33962857723236084,3860,0.2698893229166667,0.2,0.7916992478072643
944.86,1173.84459943,4767744,388,648,7354,0.9672949314117432,0.3966369926929474,0.022389067,5e-05,-0.01609989879410326,-5.33376640578111,0.23306900262832642,3870,0.28567708333333336,0.2,0.6236512810612719
969.02,1201.49945889,4780032,389,649,7354,0.9718998074531555,0.3962678611278534,0.015737157,5e-05,-0.012987940115757131,-5.296348376075427,0.3836357593536377,3880,0.21185709635416666,0.2,1.6229056399315596
969.02,1202.92177799,4792320,390,651,7354,0.9746630787849426,0.3954707384109497,0.019306544,5e-05,-0.015385702136942807,-5.273887268702189,0.30920833349227905,3890,0.2680582682291667,0.2,0.7862044266114633
991.91,1237.70919617,4804608,391,653,7354,0.9846224784851074,0.39373648166656494,0.019083746,5e-05,-0.018399191218971586,-5.231409530838331,0.1995079070329666,3900,0.2596923828125,0.2,0.4874557596941789
989.74,1235.92861563,4816896,392,654,7354,0.9884780049324036,0.3921624720096588,0.016611949,5e-05,-0.017470776691334323,-5.179364740848541,0.22515258193016052,3910,0.23168131510416667,0.2,0.5096763615186016
989.74,1233.14312008,4829184,393,656,7355,0.9830313920974731,0.39134082198143005,0.015997028,5e-05,-0.012545142510013345,-5.141164364417394,0.3571104407310486,3920,0.22486979166666668,0.2,0.8852007018402219
982.21,1225.5789654400003,4841472,394,658,7355,0.9470362067222595,0.39066603779792786,0.017631438,5e-05,-0.009686347819418491,-5.113800617059072,1.719307541847229,3930,0.227490234375,0.2,2.6968823657060663
973.17,1214.10567724,4853760,395,659,7355,0.9688720703125,0.39011725783348083,0.019828198,5e-05,-0.013313315944590917,-5.090424496928851,0.4906359314918518,3940,0.24160970052083333,0.2,1.2099452850719292
977.76,1221.86878776,4866048,396,661,7355,0.9548100233078003,0.3897348940372467,0.01668541,5e-05,-0.011387397963456653,-5.0764657109975815,0.6612104177474976,3950,0.23582356770833332,0.2,1.744479451328516
977.76,1230.6907537799998,4878336,397,663,7353,0.9731971025466919,0.38927340507507324,0.021050721,5e-05,-0.009088749506918247,-5.060156492392222,0.499595582485199,3960,0.23992513020833334,0.2,2.615909821415941
966.5,1215.2653936400002,4890624,398,665,7351,0.9680124521255493,0.3878750503063202,0.022964695,5e-05,-0.01414744779758621,-5.026077034076055,0.20922476053237915,3970,0.3171630859375,0.2,0.5108995637545983
966.5,1215.26443481,4902912,399,667,7348,0.9525139331817627,0.3876110017299652,0.018738462,5e-05,-0.007612562761156975,-4.998955689867338,2.52419114112854,3980,0.23622233072916668,0.2,4.658162584155798
959.06,1207.73319952,4915200,400,668,7348,0.9751464128494263,0.38621318340301514,0.025226472,5e-05,-0.016014618334399225,-4.967175373435021,0.155771404504776,3990,0.30963541666666666,0.2,0.4241560839116573
951.86,1200.60872112,4927488,401,670,7346,0.9402689933776855,0.38575759530067444,0.013847403,5e-05,-0.00900270622514654,-4.939827991525332,0.38442257046699524,4000,0.1981201171875,0.2,2.655038978656133
959.39,1214.0852650099998,4939776,402,672,7345,0.9602195024490356,0.3856952488422394,0.010397966,5e-05,-0.011368862995004747,-4.931448404987653,1.697882056236267,4010,0.13936360677083334,0.2,6.300045901040236
935.37,1185.95959945,4952064,403,674,7344,0.9495881795883179,0.3842414915561676,0.024073273,5e-05,-0.014749464111567552,-4.903348842263222,0.20736828446388245,4020,0.32696940104166666,0.2,0.45521752660473186
929.83,1181.26181237,4964352,404,675,7343,0.9432990550994873,0.3841221034526825,0.009926173,5e-05,-0.008670849778476016,-4.881132490436236,2.0045652389526367,4030,0.14849446614583334,0.2,8.433187192430099
929.83,1184.37782043,4976640,405,677,7343,0.8956131935119629,0.3838038146495819,0.01732872,5e-05,-0.008407512177655008,-4.8734766960144045,9.082764625549316,4040,0.22481282552083334,0.2,7.029396758290629
931.69,1188.1352216,4988928,406,679,7343,0.9430079460144043,0.3832909166812897,0.020699551,5e-05,-0.009247830969979987,-4.858557707071304,2.076336622238159,4050,0.23819173177083333,0.2,3.126682153965036
929.06,1185.2479486299999,5001216,407,681,7342,0.943450927734375,0.3829866349697113,0.0117323,5e-05,-0.009991235469836586,-4.84492602845033,6.963568210601807,4060,0.1634033203125,0.2,8.632241416225831
932.95,1193.8595200099999,5013504,408,682,7342,0.949932873249054,0.3824789524078369,0.023676762,5e-05,-0.006409759585706828,-4.831135882933935,1.8520710468292236,4070,0.3071533203125,0.2,3.986741748638451
931.15,1191.61925919,5025792,409,684,7342,0.9703097343444824,0.3816423714160919,0.020202072,5e-05,-0.009893534739967435,-4.811611406008402,0.5304157137870789,4080,0.2463623046875,0.2,3.241926975424091
939.67,1201.43969544,5038080,410,686,7342,0.945163369178772,0.3805370628833771,0.024720943,5e-05,-0.00379445479484275,-4.7778772711753845,0.5544397830963135,4090,0.34071451822916665,0.2,3.8880555100739
967.71,1235.3936201099998,5050368,411,687,7342,0.9578835964202881,0.3801358938217163,0.0244357,5e-05,-0.012005775593570434,-4.752071849505106,0.3069588840007782,4100,0.33444010416666664,0.2,0.9017882704734802
964.34,1229.4957167599998,5062656,412,689,7342,0.9796425700187683,0.37822413444519043,0.025743654,5e-05,-0.01415692335770776,-4.711174720525742,0.18436020612716675,4110,0.3350423177083333,0.2,0.5092178389430047
967.03,1228.8972396,5074944,413,691,7341,0.9533612728118896,0.3775942027568817,0.019405674,5e-05,-0.00950648626627905,-4.673058287302653,0.22491168975830078,4120,0.28506673177083336,0.2,0.9107166922961673
976.37,1244.36599404,5087232,414,693,7339,0.9590521454811096,0.37675046920776367,0.021847153,5e-05,-0.012642623549618292,-4.64417852461338,0.2564697861671448,4130,0.2780029296875,0.2,0.929767782241106
965.69,1228.08098518,5099520,415,694,7339,0.9804688096046448,0.37518084049224854,0.02086054,5e-05,-0.015844210448752467,-4.600412677725156,0.10393950343132019,4140,0.2906982421875,0.2,0.42314531706894437
951.97,1209.71567457,5111808,416,696,7339,0.9493558406829834,0.37489163875579834,0.016797537,5e-05,-0.008413257692882325,-4.571067316333453,0.5581547617912292,4150,0.23338216145833332,0.2,1.6952714637542765
943.59,1198.49967578,5124096,417,698,7338,0.9389654397964478,0.374788373708725,0.013070513,5e-05,-0.010365763975520774,-4.564379148681959,1.111783504486084,4160,0.18020833333333333,0.2,7.296237582713365
933.08,1188.39326327,5136384,418,700,7337,0.9252384901046753,0.37430623173713684,0.017701697,5e-05,-0.007753909523792875,-4.55329169134299,1.4629480838775635,4170,0.21919759114583334,0.2,5.017483176663518
916.33,1167.18948459,5148672,419,701,7336,0.9538158178329468,0.3739258348941803,0.02204789,5e-05,-0.009543264249320298,-4.53840735356013,0.7171605229377747,4180,0.2741617838541667,0.2,2.798023220275839
925.24,1182.4659231,5160960,420,703,7336,0.9664463996887207,0.37321463227272034,0.020406263,5e-05,-0.008013753017924804,-4.519778481125831,1.4532148838043213,4190,0.2993977864583333,0.2,2.1602713915208978
925.24,1185.23824743,5173248,421,705,7336,0.9471630454063416,0.37157097458839417,0.025473734,5e-05,-0.008797237560308228,-4.476902245481809,0.316490113735199,4200,0.32388509114583336,0.2,0.9997251234948635
925.33,1187.04717316,5185536,422,706,7335,0.982597827911377,0.36983171105384827,0.022070697,5e-05,-0.01449971733042427,-4.414926190177599,0.16384534537792206,4210,0.32138671875,0.2,0.42490474209189416
937.98,1202.97216998,5197824,423,708,7335,0.9592257142066956,0.3687625825405121,0.021313861,5e-05,-0.010139559036664044,-4.369806473453839,0.19101187586784363,4220,0.27572428385416664,0.2,1.2183154751857121
947.05,1214.22947935,5210112,424,710,7334,0.9551289081573486,0.36806246638298035,0.01876685,5e-05,-0.011524765354018503,-4.338327178359032,0.2767570912837982,4230,0.25057779947916664,0.2,1.03028492971013
955.43,1226.098379,5222400,425,712,7334,0.9767515659332275,0.3666031062602997,0.021541247,5e-05,-0.014028254163470895,-4.296715317169825,0.1421240121126175,4240,0.286767578125,0.2,0.46246260398377975
972.92,1250.36228692,5234688,426,713,7334,0.9788888692855835,0.3652585446834564,0.021252617,5e-05,-0.015063000006678824,-4.243984397252401,0.18006300926208496,4250,0.2872721354166667,0.2,0.41145250542710227
973.05,1249.92764815,5246976,427,715,7334,0.8968234062194824,0.3644739091396332,0.019632084,5e-05,-0.007152856052077065,-4.207169622182846,0.2494172900915146,4260,0.2749267578125,0.2,4.280507929685215
973.05,1248.63859412,5259264,428,717,7334,0.9515178799629211,0.36355626583099365,0.022964722,5e-05,-0.01139970359702905,-4.179364155729612,0.3211284875869751,4270,0.29070638020833334,0.2,0.9817152907450993
948.02,1215.1661261200002,5271552,429,718,7334,0.9509308338165283,0.3627101182937622,0.021641666,5e-05,-0.010913591108692344,-4.151069840788841,0.1988951563835144,4280,0.2678629557291667,0.2,0.9678289799640576
948.02,1214.2754847200001,5283840,430,720,7333,0.9356363415718079,0.36264607310295105,0.011798893,5e-05,-0.010251294796762522,-4.136764026681582,12.69005012512207,4290,0.16018880208333333,0.2,11.673163003722827
929.6,1192.7319806799999,5296128,431,722,7332,0.9704253077507019,0.36183443665504456,0.020783829,5e-05,-0.009908610069639204,-4.1237538715203605,0.2882242202758789,4300,0.282568359375,0.2,1.0967720160881678
929.6,1194.13840327,5308416,432,723,7332,0.9615049958229065,0.36165785789489746,0.011845837,5e-05,-0.012166514359705616,-4.1048294574022295,2.4076921939849854,4310,0.1611083984375,0.2,5.646260214596987
920.5,1183.13904196,5320704,433,725,7332,0.9828106760978699,0.36125990748405457,0.024346123,5e-05,-0.013932751209358685,-4.0915334790945055,0.17167764902114868,4320,0.33233235677083334,0.2,0.45002271874497335
904.47,1161.81789302,5332992,434,727,7331,0.9720989465713501,0.3605280816555023,0.023109123,5e-05,-0.011487344655324704,-4.06483753323555,0.18991433084011078,4330,0.31539713541666664,0.2,0.5225250206887722
900.25,1157.92450085,5345280,435,729,7330,0.9204608201980591,0.3602568209171295,0.019771766,5e-05,-0.008438205946004019,-4.044584326942762,2.08198618888855,4340,0.19449055989583333,0.2,6.385791379461685
908.58,1171.91249757,5357568,436,730,7329,0.9623878598213196,0.35980939865112305,0.029463127,5e-05,-0.006733773537659241,-4.029491775234541,0.26218196749687195,4350,0.319873046875,0.2,2.1642977292339007
927.53,1202.11901244,5369856,437,732,7329,0.9308189153671265,0.3591982424259186,0.027024992,5e-05,-0.012829162637353874,-4.0012272929151855,0.1488216519355774,4360,0.3514322916666667,0.2,0.3959226729348302
927.54,1203.88273149,5382144,438,734,7329,0.9702681303024292,0.35899803042411804,0.019222846,5e-05,-0.007991653686622158,-3.9819821253418923,0.41947025060653687,4370,0.2486328125,0.2,1.746235045666496
947.14,1234.1868731499999,5394432,439,736,7328,0.9497472047805786,0.3583177626132965,0.021069737,5e-05,-0.006620678499166388,-3.9667335987091064,4.731461048126221,4380,0.2819417317708333,0.2,3.229133146411429
947.57,1236.3816102699998,5406720,440,737,7328,0.9566518664360046,0.35748016834259033,0.023706442,5e-05,-0.013193621085762667,-3.932749284307162,0.18682071566581726,4390,0.3261800130208333,0.2,0.375234985537827
949.91,1242.9063865,5419008,441,739,7328,0.9619944095611572,0.3568207323551178,0.022880184,5e-05,-0.00866830289499679,-3.9085612068573634,0.32780933380126953,4400,0.28277180989583334,0.2,0.9044374814257026
927.69,1216.50060866,5431296,442,741,7327,0.9669225811958313,0.3555620610713959,0.022004128,5e-05,-0.014557119015080389,-3.8693068211277324,0.12094574421644211,4410,0.30288899739583336,0.2,0.3164688216211895
920.89,1204.8311805600001,5443584,443,742,7327,0.9461677074432373,0.3554936647415161,0.010411783,5e-05,-0.009898848238905581,-3.8469641163945196,3.9473307132720947,4420,0.1521728515625,0.2,7.489503314594428
912.64,1194.11521275,5455872,444,744,7328,0.9591892957687378,0.3552664518356323,0.014047998,5e-05,-0.011405806232020647,-3.8414642040928206,1.4744548797607422,4430,0.17484537760416666,0.2,3.731863155712684
926.51,1209.6155193499999,5468160,445,746,7327,0.9381691813468933,0.3548389971256256,0.021331504,5e-05,-0.008973435302323196,-3.8291394198934237,0.2933974862098694,4440,0.2780680338541667,0.2,2.0188323892032107
914.64,1191.32744544,5480448,446,747,7327,0.9446782469749451,0.3537531793117523,0.027023882,5e-05,-0.011154406423156616,-3.796154348552227,0.18610414862632751,4450,0.3542724609375,0.2,0.5067303578058878
904.53,1177.08374292,5492736,447,749,7327,0.9712035059928894,0.35362717509269714,0.016869163,5e-05,-0.009609981794104291,-3.7752837325135866,0.426449716091156,4460,0.22859700520833334,0.2,2.1957269658644996
904.53,1177.4040176699998,5505024,448,751,7327,0.9494370818138123,0.3534758985042572,0.015755972,5e-05,-0.008425103581006017,-3.7704611241817476,0.5493980646133423,4470,0.220068359375,0.2,4.920259960244099
905.03,1176.35755905,5517312,449,752,7327,0.9748534560203552,0.3526904582977295,0.027872719,5e-05,-0.011764403120711602,-3.7515416383743285,0.13480746746063232,4480,0.34730631510416665,0.2,0.5300297265251478
925.31,1202.18098342,5529600,450,754,7327,0.9604794979095459,0.3524846136569977,0.013812162,5e-05,-0.009921782072827531,-3.7319745143254597,3.473459482192993,4490,0.20431315104166667,0.2,4.351570367688934
932.98,1213.68968435,5541888,451,756,7326,0.945618212223053,0.35214075446128845,0.0155285755,5e-05,-0.010067092987204282,-3.722795444726944,1.3674923181533813,4500,0.20481770833333332,0.2,5.205615575735767
932.98,1217.16169852,5554176,452,758,7326,0.9785329103469849,0.3510693311691284,0.035167214,5e-05,-0.009133538909130342,-3.6967424218853315,0.20083825290203094,4510,0.3686442057291667,0.2,0.8297707624733448
935.81,1223.60003508,5566464,453,759,7326,0.9769201874732971,0.3497803509235382,0.030428424,5e-05,-0.013020430533894492,-3.6475730607906978,0.09379687905311584,4520,0.36380208333333336,0.2,0.32149521730219327
947.03,1238.6340745,5578752,454,761,7326,0.9773692488670349,0.3486309051513672,0.023133002,5e-05,-0.01780058380876047,-3.6011565148830416,0.20685583353042603,4530,0.29461263020833334,0.2,0.4399766275038322
952.97,1244.4834653799999,5591040,455,763,7326,0.9710432887077332,0.34808123111724854,0.020705016,5e-05,-0.016819855688178603,-3.566889527440071,0.27327093482017517,4540,0.2798258463541667,0.2,0.5325997235874335
941.51,1229.2533459400001,5603328,456,764,7326,0.9286293983459473,0.34806883335113525,0.015259232,5e-05,-0.009696540567771687,-3.5557095795869826,2.26464581489563,4550,0.17593587239583333,0.2,5.441062132517497
954.76,1247.2728086299999,5615616,457,766,7326,0.9692761301994324,0.34728893637657166,0.01976204,5e-05,-0.006285708802412652,-3.54264551003774,0.19887319207191467,4560,0.2832275390625,0.2,1.9689373904218277
962.45,1259.12093542,5627904,458,768,7326,0.956010103225708,0.3467276394367218,0.024113545,5e-05,-0.004289257515241237,-3.522266397376855,0.28815820813179016,4570,0.2883707682291667,0.2,1.8573896909753482
971.14,1270.95009747,5640192,459,769,7325,0.9255601167678833,0.34611716866493225,0.02718103,5e-05,-0.009045943579015633,-3.498622600734234,0.18149299919605255,4580,0.345556640625,0.2,0.658719404724737
966.51,1262.9305396299999,5652480,460,771,7325,0.9516217112541199,0.3451806604862213,0.025256122,5e-05,-0.011390220485433625,-3.465722471475601,0.14340272545814514,4590,0.31243489583333334,0.2,0.5174228372983635
954.55,1251.2383252099999,5664768,461,773,7325,0.9839931726455688,0.3447650969028473,0.026013082,5e-05,-0.009002615697681904,-3.4429334436853725,0.1355629563331604,4600,0.32266438802083336,0.2,0.5692641203602155
951.53,1244.8058389,5677056,462,774,7325,0.9547979831695557,0.34480199217796326,0.019408843,5e-05,-0.010483928542817012,-3.433801249663035,0.5568815469741821,4610,0.2613525390625,0.2,2.892343896627426
969.64,1270.84145124,5689344,463,776,7325,0.9571813344955444,0.34445104002952576,0.017625425,5e-05,-0.008588055936949482,-3.4285023853182794,3.2022595405578613,4620,0.237548828125,0.2,4.476301799838741
973.65,1275.9388622800002,5701632,464,778,7325,0.8138300776481628,0.3433968126773834,0.028958285,5e-05,-0.006564735371406035,-3.3999323720733323,0.12293741106987,4630,0.366259765625,0.2,1.428936255723238
969.01,1270.1643672599998,5713920,465,780,7325,0.9751471281051636,0.3425246775150299,0.02650849,5e-05,-0.015015327971680866,-3.3608775610725083,0.07749917358160019,4640,0.34921875,0.2,0.2575250057814022
962.14,1263.1224777799998,5726208,466,781,7325,0.9085313677787781,0.34229329228401184,0.021020046,5e-05,-0.007606742374870616,-3.3413695777455965,0.42071762681007385,4650,0.26934407552083334,0.2,2.5946659743164977
955.38,1252.1699996300001,5738496,467,783,7325,0.9461373686790466,0.34187212586402893,0.022296822,5e-05,-0.007487252950522816,-3.3300578027963637,1.1479817628860474,4660,0.2959228515625,0.2,2.9850927100206417
941.28,1232.06241244,5750784,468,785,7325,0.9364603161811829,0.3415999114513397,0.017598888,5e-05,-0.00841714365815278,-3.3153859302401543,3.734588623046875,4670,0.2116455078125,0.2,6.780492626875639
940.32,1233.5414685,5763072,469,786,7325,0.9376614689826965,0.3415471613407135,0.012079609,5e-05,-0.00997186913252032,-3.3093757718801498,1.958320140838623,4680,0.14820963541666668,0.2,10.360226397961378
929.69,1222.3196034900002,5775360,470,788,7324,0.9520440101623535,0.3411097526550293,0.024176864,5e-05,-0.007768958505281868,-3.302128725250562,3.074000358581543,4690,0.28152669270833336,0.2,7.010243347721795
917.86,1205.49335433,5787648,471,790,7324,0.9732310771942139,0.3405660092830658,0.030061701,5e-05,-0.009271242240113982,-3.282900003095468,0.4973776936531067,4700,0.3849283854166667,0.2,1.0488033259287477
920.89,1212.0697457200001,5799936,472,791,7324,0.9570035934448242,0.3404185473918915,0.02306284,5e-05,-0.009624423283579138,-3.2686184510588645,2.925198793411255,4710,0.25791829427083335,0.2,6.42183398740987
936.04,1230.9383068299999,5812224,473,793,7324,0.9341474771499634,0.33877983689308167,0.030698543,5e-05,-0.009851176380470861,-3.2366735110680263,0.17493359744548798,4720,0.40362955729166666,0.2,0.508757581623892
943.92,1242.79474127,5824512,474,795,7324,0.9284654855728149,0.3386463224887848,0.02191447,5e-05,-0.003214686759747565,-3.211454211672147,1.551565170288086,4730,0.340234375,0.2,4.5026709848393995
932.8,1227.1446723199997,5836800,475,796,7324,0.9662349820137024,0.3375163972377777,0.026489422,5e-05,-0.012561723058267187,-3.1814317549268405,0.15111280977725983,4740,0.34856770833333334,0.2,0.375900395338734
954.51,1259.18956498,5849088,476,798,7323,0.9439864158630371,0.337411493062973,0.01445156,5e-05,-0.007859463701606728,-3.1596351340413094,5.590744495391846,4750,0.1862548828125,0.2,7.65722290314734
960.59,1268.3021558500002,5861376,477,800,7323,0.9459416270256042,0.33660030364990234,0.02779265,5e-05,-0.010277809588781868,-3.134756987790267,0.15653124451637268,4760,0.3457845052083333,0.2,0.38272805865854026
947.93,1250.0644388299997,5873664,478,802,7323,0.9591320753097534,0.33601734042167664,0.021618934,5e-05,-0.006848046883533243,-3.106518903871377,1.0426331758499146,4770,0.29025065104166664,0.2,1.6598933509240548
952.27,1260.09187264,5885952,479,803,7323,0.9453902840614319,0.33583784103393555,0.0154317105,5e-05,-0.009936157669289968,-3.090719962120056,2.3612542152404785,4780,0.211181640625,0.2,9.844001821801067
952.27,1259.18477268,5898240,480,805,7323,0.9172701239585876,0.3356834650039673,0.019021764,5e-05,-0.008067747367992222,-3.084515005350113,1.7272703647613525,4790,0.2436767578125,0.2,6.319868262857199
952.34,1262.3528849300003,5910528,481,807,7323,0.9543750286102295,0.33535346388816833,0.030834042,5e-05,-0.008609071295359172,-3.0766118496656416,0.15199479460716248,4800,0.3636555989583333,0.2,0.5742799599034091
952.34,1262.8432839500001,5922816,482,808,7323,0.9680560827255249,0.33379223942756653,0.028315231,5e-05,-0.013435402075750365,-3.031011821826299,0.0718337744474411,4810,0.34413248697916665,0.2,0.24603591738268732
960.79,1276.27630854,5935104,483,810,7323,0.9095632433891296,0.3327588737010956,0.021804206,5e-05,-0.011980178912926931,-2.981272003054619,0.14374852180480957,4820,0.2989013671875,0.2,0.361855275152872
960.79,1271.5401879400001,5947392,484,812,7323,0.9364246726036072,0.33246323466300964,0.020164086,5e-05,-0.007346225289802532,-2.9589061796665193,0.5762150287628174,4830,0.23731282552083333,0.2,2.057189860443274
967.43,1279.54957954,5959680,485,813,7323,0.9547516107559204,0.3323653042316437,0.025403256,5e-05,-0.012613103124507082,-2.951381736000379,0.26407477259635925,4840,0.30160319010416664,0.2,0.5822088954349359
961.94,1271.12869563,5971968,486,815,7322,0.9264829158782959,0.33182600140571594,0.020271523,5e-05,-0.0055638978510008505,-2.9386248817046483,0.2194375842809677,4850,0.3041259765625,0.2,1.7478314880281687
969.43,1282.60571013,5984256,487,817,7322,0.9500240683555603,0.33179959654808044,0.015825996,5e-05,-0.006995425690062499,-2.927817052602768,2.3823835849761963,4860,0.22828776041666668,0.2,6.872860692255199
939.58,1239.60743425,5996544,488,818,7322,0.9511810541152954,0.33084237575531006,0.02689401,5e-05,-0.01142842956178356,-2.9001515209674835,0.07372590154409409,4870,0.3494059244791667,0.2,0.2401354763035973
939.58,1239.8826507900003,6008832,489,820,7322,0.9462750554084778,0.330837219953537,0.010045403,5e-05,-0.0092890646107359,-2.877750612795353,7.60366678237915,4880,0.13954264322916668,0.2,10.723403859386842
939.58,1239.60879058,6021120,490,822,7322,0.8990777134895325,0.33000653982162476,0.02730075,5e-05,-0.008298597528482787,-2.856832238535086,0.10503420233726501,4890,0.3518798828125,0.2,0.40955743649974463
936.08,1235.47550039,6033408,491,823,7322,0.8825603127479553,0.3293614387512207,0.023896074,5e-05,-0.011219024483095079,-2.827519886692365,0.17757102847099304,4900,0.3116455078125,0.2,0.9018711548919479
927.93,1225.41713716,6045696,492,825,7321,0.9597572088241577,0.32913100719451904,0.018720375,5e-05,-0.00741739918764021,-2.811908195912838,0.30025428533554077,4910,0.267919921875,0.2,2.8332843399917085
935.05,1233.49707762,6057984,493,827,7321,0.9320714473724365,0.32903435826301575,0.012813252,5e-05,-0.008729655023004549,-2.8049940625826517,8.215237617492676,4920,0.18675130208333332,0.2,7.448153298224012
928.44,1226.5531093700004,6070272,494,829,7321,0.8950948715209961,0.3280233144760132,0.031146944,5e-05,-0.007675276126246899,-2.7813185706734656,0.12370113283395767,4930,0.3825439453125,0.2,0.45358040599773325
935.39,1236.28584692,6082560,495,830,7321,0.9540791511535645,0.3277352750301361,0.018967416,5e-05,-0.006630269443364038,-2.757018500069777,0.6303744316101074,4940,0.281298828125,0.2,3.4149304068957766
958.29,1268.4969110499999,6094848,496,832,7321,0.9169761538505554,0.3263078033924103,0.03452732,5e-05,-0.00990540333732497,-2.7230664441982904,0.27674901485443115,4950,0.3859456380208333,0.2,0.4751016638552149
958.29,1268.68763559,6107136,497,834,7321,0.9786391854286194,0.3250460922718048,0.0242169,5e-05,-0.012945401206767808,-2.6728300606211026,0.060545433312654495,4960,0.3297526041666667,0.2,0.2312881090057393
958.29,1265.94841249,6119424,498,835,7321,0.9801135063171387,0.3244214355945587,0.02256968,5e-05,-0.013294790395593736,-2.6347862804929414,0.10154517740011215,4970,0.2881591796875,0.2,0.3322323808446527
967.97,1285.06862648,6131712,499,837,7321,0.9384477734565735,0.32390478253364563,0.019316511,5e-05,-0.009546460016281344,-2.6129721621672313,0.46743011474609375,4980,0.2635986328125,0.2,0.8311462961137295
982.13,1307.68578167,6144000,500,839,7321,0.9319527745246887,0.3226362466812134,0.023918608,5e-05,-0.012115599605021999,-2.5798053681850432,0.04492761939764023,4990,0.320361328125,0.2,0.33276675269007683
982.13,1310.8881294199998,6156288,501,840,7321,0.9832935929298401,0.32171356678009033,0.021771794,5e-05,-0.01350363173308627,-2.5322129388650256,0.040793225169181824,5000,0.29217122395833334,0.2,0.16823412561789156
996.72,1329.4649349600002,6168576,502,842,7321,0.9884428381919861,0.3208431601524353,0.022135759,5e-05,-0.014669542750440693,-2.4938915709654492,0.07018233835697174,5010,0.28753255208333334,0.2,0.2332225056986014
996.72,1328.3352169500001,6180864,503,844,7321,0.9431040287017822,0.32046395540237427,0.020319132,5e-05,-0.007863461952850533,-2.4704633901516595,0.18579162657260895,5020,0.2751383463541667,0.2,1.0499342831782996
996.72,1330.7418206700002,6193152,504,845,7320,0.9678113460540771,0.3192698061466217,0.026050774,5e-05,-0.014886812214293362,-2.433402406175931,0.08062475919723511,5030,0.30697428385416664,0.2,0.22221696383009354
976.63,1306.46315967,6205440,505,847,7320,0.9543350338935852,0.31876304745674133,0.022678241,5e-05,-0.008692632138263434,-2.400109317402045,0.3244338929653168,5040,0.29493815104166665,0.2,0.5446423134145637
976.63,1307.76713642,6217728,506,849,7319,0.933560848236084,0.3186231553554535,0.016438343,5e-05,-0.008592441116828315,-2.3867937649289765,0.502289891242981,5050,0.25441080729166665,0.2,3.3369423314308126
976.63,1305.3994678600002,6230016,507,851,7319,0.9643717408180237,0.3172137439250946,0.029153643,5e-05,-0.010792713334861521,-2.3517593319217363,0.09813585132360458,5060,0.33780110677083336,0.2,0.2616470212427278
964.88,1287.15547901,6242304,508,852,7318,0.9755174517631531,0.3164951801300049,0.02474271,5e-05,-0.013885130240911774,-2.307729577521483,0.10596056282520294,5070,0.3067138671875,0.2,0.3284809875612458
960.82,1280.76696544,6254592,509,854,7317,0.8822529911994934,0.3164762258529663,0.014311209,5e-05,-0.009521472542352664,-2.2905558640758197,3.2370781898498535,5080,0.19048665364583334,0.2,8.094494582091768
964.1,1287.0481007500002,6266880,510,856,7317,0.9892788529396057,0.31514716148376465,0.027567891,5e-05,-0.010998831037917019,-2.260862397154172,0.07860375940799713,5090,0.34561360677083336,0.2,0.2293327433678011
964.1,1289.5235906300002,6279168,511,858,7317,0.9773603081703186,0.3139915466308594,0.02667713,5e-05,-0.011539713349823918,-2.209195100267728,0.06991162896156311,5100,0.312109375,0.2,0.20895425745596488
962.97,1288.1860690499998,6291456,512,859,7317,0.9859312772750854,0.3127932846546173,0.024050824,5e-05,-0.013860144288143299,-2.158667284250259,0.06745266169309616,5110,0.30625813802083335,0.2,0.16384552215846876
975.04,1306.1162538800002,6303744,513,861,7315,0.9331996440887451,0.3121880888938904,0.02124483,5e-05,-0.007267406975734048,-2.1254549965262415,0.1481662541627884,5120,0.29629720052083336,0.2,3.056399229882906
962.81,1289.26209959,6316032,514,863,7315,0.9394261240959167,0.3121558129787445,0.013044917,5e-05,-0.0085443279191774,-2.113024514416854,3.009791612625122,5130,0.17714029947916668,0.2,3.947885719065865
962.0,1288.6502148700001,6328320,515,865,7315,0.9429910778999329,0.3119031488895416,0.023344278,5e-05,-0.006895040346959528,-2.107677714029948,6.673364639282227,5140,0.21656087239583333,0.2,7.706532154418528
973.75,1307.30369774,6340608,516,866,7315,0.978094220161438,0.31100842356681824,0.028492697,5e-05,-0.0077869151665557485,-2.0895433808366457,0.10104654729366302,5150,0.3753255208333333,0.2,0.5763823834558328
960.46,1287.48333521,6352896,517,868,7315,0.9327848553657532,0.31019556522369385,0.02808193,5e-05,-0.007434459602033409,-2.05557209054629,0.16376161575317383,5160,0.355419921875,0.2,0.46811255663633344
951.81,1278.60297065,6365184,518,870,7315,0.9617816209793091,0.3101027011871338,0.023933155,5e-05,-0.007746239247596046,-2.0423041755954423,0.12304817140102386,5170,0.34544270833333335,0.2,0.9581815806527932
944.25,1265.5170870099998,6377472,519,871,7314,0.9745924472808838,0.30990996956825256,0.024187306,5e-05,-0.00963511504426909,-2.03683283974727,0.214082732796669,5180,0.32847493489583335,0.2,0.9499247816080848
937.24,1254.4177280000001,6389760,520,873,7314,0.9692197442054749,0.30948883295059204,0.028943786,5e-05,-0.00868465910704496,-2.0211811398466426,0.5600712299346924,5190,0.3094075520833333,0.2,2.801609092205763
956.01,1278.7143462,6402048,521,875,7313,0.936305582523346,0.309035986661911,0.029596766,5e-05,-0.005774737829051446,-2.004843969146411,0.24686217308044434,5200,0.36767578125,0.2,3.9258334154263137
956.82,1283.53890071,6414336,522,877,7313,0.952541172504425,0.30861976742744446,0.03321311,5e-05,-0.0033348933395852026,-1.986518631875515,2.8259756565093994,5210,0.3536865234375,0.2,2.851546049428483
956.82,1281.57448367,6426624,523,878,7313,0.8965495824813843,0.30843859910964966,0.03546462,5e-05,-0.0016955358291549298,-1.9735024792452653,3.1436150074005127,5220,0.40546061197916666,0.2,2.1673212834013005
956.82,1281.8053396,6438912,524,880,7314,0.9683845639228821,0.30761411786079407,0.03142583,5e-05,-0.0076699199402355586,-1.9423737473785878,0.12496583163738251,5230,0.37823079427083334,0.2,0.4764917959459126
974.17,1306.9665353,6451200,525,882,7314,0.9825164675712585,0.3066153824329376,0.02931493,5e-05,-0.010579314081405755,-1.8982268117368222,0.060984767973423004,5240,0.3588053385416667,0.2,0.2157600965971748
982.82,1319.89454537,6463488,526,883,7313,0.9829426407814026,0.3059660494327545,0.023192093,5e-05,-0.012908264134603087,-1.8608518240352472,0.03066810965538025,5250,0.32362467447916665,0.2,0.15036147668336827
990.38,1333.2602343400001,6475776,527,885,7313,0.9824329018592834,0.30507537722587585,0.026102195,5e-05,-0.013754733402311103,-1.825394560645024,0.0278041809797287,5260,0.303173828125,0.2,0.13860734154780704
991.23,1333.88324639,6488064,528,887,7313,0.982756495475769,0.30411386489868164,0.023685021,5e-05,-0.015421976282959804,-1.7849125603834788,0.03227662295103073,5270,0.30433756510416665,0.2,0.12352156133080522
992.71,1336.6894312299999,6500352,529,888,7313,0.9079174995422363,0.3040982186794281,0.014243118,5e-05,-0.008890976008357636,-1.765891476472219,1.3764451742172241,5280,0.1919921875,0.2,6.619859579888483
988.23,1328.75826889,6512640,530,890,7314,0.8776949048042297,0.30337831377983093,0.025072286,5e-05,-0.011398338500293903,-1.7520894778271516,0.17212797701358795,5290,0.311474609375,0.2,0.6071627025182048
979.43,1319.9466674700002,6524928,531,892,7314,0.9279443621635437,0.3030988276004791,0.026626369,5e-05,-0.0038094250407690803,-1.7289577367405096,0.4513568878173828,5300,0.32852376302083336,0.2,1.440506557871898
979.43,1323.31008481,6537216,532,893,7314,0.9373435974121094,0.30281683802604675,0.028392687,5e-05,-0.00743977974052541,-1.7201484255492687,0.09015621989965439,5310,0.35440266927083336,0.2,0.7330703567092617
971.34,1310.9251348799999,6549504,533,895,7314,0.8811115026473999,0.30219149589538574,0.034080956,5e-05,-0.006416960152758596,-1.7019018883506456,1.5325666666030884,5320,0.3491617838541667,0.2,1.5888567596984406
962.47,1295.95533636,6561792,534,897,7314,0.9834080934524536,0.3016262352466583,0.034176018,5e-05,-0.008802374447016821,-1.6752127746740977,0.09024541079998016,5330,0.3657470703125,0.2,0.6320055409645041
956.89,1284.95191958,6574080,535,898,7314,0.9685899019241333,0.3012579381465912,0.027415201,5e-05,-0.007538808899213715,-1.6542691965897878,0.2929173409938812,5340,0.3122477213541667,0.2,1.1541908985003828
960.31,1290.39374533,6586368,536,900,7314,0.9524797201156616,0.3011581301689148,0.023204371,5e-05,-0.0053467008622343805,-1.642556697378556,0.36941203474998474,5350,0.3210530598958333,0.2,1.399626694464435
954.34,1279.6888762199999,6598656,537,902,7314,0.9355922937393188,0.3008057773113251,0.028391084,5e-05,-0.005189054552950741,-1.6292265323301156,0.1432376205921173,5360,0.3317789713541667,0.2,3.1488042303050556
958.82,1288.01781957,6610944,538,903,7314,0.9679136276245117,0.30057933926582336,0.02570574,5e-05,-0.0037375228178765005,-1.6138630578915278,0.1765223890542984,5370,0.34986979166666665,0.2,2.18927634259065
967.62,1298.58594724,6623232,539,905,7314,0.9755938649177551,0.3000563383102417,0.029879058,5e-05,-0.010938277406482181,-1.594472805162271,0.0744268000125885,5380,0.403271484375,0.2,0.25055468153829374
975.71,1311.7573419100002,6635520,540,907,7315,0.9583961367607117,0.29897987842559814,0.025977315,5e-05,-0.01074604797322536,-1.5525881707668305,0.1060587465763092,5390,0.33665364583333335,0.2,0.29329027913821243
962.16,1294.8039902,6647808,541,908,7315,0.9808229804039001,0.2978416681289673,0.022406721,5e-05,-0.012197972304420546,-1.497710195928812,0.024790771305561066,5400,0.32730305989583336,0.2,0.12865991786432762
971.03,1309.39492827,6660096,542,910,7315,0.9126778244972229,0.29775136709213257,0.017844306,5e-05,-0.004594472393606944,-1.471080024043719,5.895834445953369,5410,0.24969075520833334,0.2,5.154007040802389
976.61,1318.88466812,6672384,543,912,7315,0.9080370664596558,0.2969563901424408,0.029267773,5e-05,-0.01047943602122056,-1.4469433871408304,0.10252063721418381,5420,0.3476481119791667,0.2,0.23484132406301797
980.48,1324.6176638,6684672,544,913,7315,0.9768036603927612,0.2958691120147705,0.027884858,5e-05,-0.011688405738580817,-1.404016881187757,0.061446066945791245,5430,0.3442138671875,0.2,0.175938968344902
986.45,1337.0702375099997,6696960,545,915,7315,0.9853099584579468,0.2951076924800873,0.026194945,5e-05,-0.012743383411240454,-1.3660208630065123,0.0668441653251648,5440,0.29991048177083335,0.2,0.1665301551266263
981.85,1329.39711179,6709248,546,917,7315,0.9746846556663513,0.2943905293941498,0.024672985,5e-05,-0.013137274114221024,-1.3349773993094762,0.03705187886953354,5450,0.3168131510416667,0.2,0.15726053081452845
979.05,1325.6013474000001,6721536,547,918,7315,0.9175704121589661,0.2943982183933258,0.019605277,5e-05,-0.007649218485554835,-1.3214989388982454,0.2263297587633133,5460,0.271142578125,0.2,5.647878692299128
970.56,1312.1427823299998,6733824,548,920,7314,0.9360406994819641,0.29421597719192505,0.024326479,5e-05,-0.004789808087904627,-1.3161952696740626,0.2851881980895996,5470,0.31302083333333336,0.2,2.797403380398949
984.11,1331.18321275,6746112,549,922,7314,0.9455821514129639,0.29410025477409363,0.018635744,5e-05,-0.007109551896670989,-1.309132088224093,1.5127111673355103,5480,0.2646484375,0.2,3.964800771481047
975.24,1319.8547094499997,6758400,550,923,7314,0.9258543848991394,0.2929515838623047,0.03565634,5e-05,-0.006648675382408934,-1.2838555971781414,0.10986500978469849,5490,0.38113606770833336,0.2,0.3148288911518951
975.24,1321.3577622199998,6770688,551,925,7314,0.9558558464050293,0.29285499453544617,0.037173465,5e-05,-0.00487926097412128,-1.2588784692188104,0.15248876810073853,5500,0.369921875,0.2,0.6262949081292997
975.24,1321.63603106,6782976,552,927,7315,0.9894477725028992,0.29219570755958557,0.027702408,5e-05,-0.009208581147443813,-1.235732701420784,0.046286243945360184,5510,0.34256184895833336,0.2,0.1747230738401413
975.24,1321.0225685199998,6795264,553,928,7315,0.9804985523223877,0.2913073003292084,0.027201772,5e-05,-0.01287178696366027,-1.2016405570010344,0.07579385489225388,5520,0.33330891927083334,0.2,0.18903429539253314
979.84,1328.13597601,6807552,554,930,7315,0.9554076790809631,0.29079580307006836,0.026275506,5e-05,-0.010012813256859468,-1.1707771390676498,0.2294369786977768,5530,0.32179361979166665,0.2,0.3045379128307104
982.64,1333.5467063900003,6819840,555,932,7315,0.9556047916412354,0.28999847173690796,0.033209316,5e-05,-0.011719327707154056,-1.1432502053678035,0.1320330798625946,5540,0.33114420572916664,0.2,0.30625655231997373
991.11,1347.5377205999998,6832128,556,933,7315,0.9877316951751709,0.2889997661113739,0.027575096,5e-05,-0.0113614456577731,-1.1021176750461261,0.05230789631605148,5550,0.318896484375,0.2,0.10202064400849244
991.11,1348.2761567100001,6844416,557,935,7315,0.9196811318397522,0.28882357478141785,0.026973965,5e-05,-0.0045581532554933805,-1.0763390697538853,0.08912072330713272,5560,0.3073649088541667,0.2,0.8869299178322156
999.98,1362.64859004,6856704,558,937,7315,0.9573454856872559,0.288059800863266,0.024945254,5e-05,-0.009390567827116078,-1.0469284313420455,0.019422242417931557,5570,0.3250813802083333,0.2,0.13815828926550847
999.98,1362.4702853800002,6868992,559,938,7315,0.9843146204948425,0.28709855675697327,0.026059026,5e-05,-0.011805322518921458,-1.0070798215766747,0.03663577139377594,5580,0.30819498697916664,0.2,0.10998960581297676
999.98,1362.91988488,6881280,560,940,7315,0.9852404594421387,0.2865418791770935,0.023869267,5e-05,-0.013505279403276896,-0.9730574527134498,0.05255119502544403,5590,0.3191324869791667,0.2,0.17769577731378378
996.43,1358.75699136,6893568,561,942,7315,0.972406268119812,0.28574511408805847,0.025987783,5e-05,-0.013456925072144561,-0.9363666776567697,0.022020626813173294,5600,0.31549479166666666,0.2,0.1011363688390702
996.43,1361.32912372,6905856,562,943,7315,0.8936599493026733,0.28543367981910706,0.020876503,5e-05,-0.006768480416697761,-0.9140279402335485,0.51984703540802,5610,0.3081298828125,0.2,1.5715040390224506
991.62,1353.72544719,6918144,563,945,7315,0.9650145769119263,0.28426510095596313,0.024640545,5e-05,-0.012194760123384185,-0.8788121030976375,0.029444582760334015,5620,0.33309733072916664,0.2,0.12009057731678088
991.64,1353.7055071099996,6930432,564,947,7316,0.944665789604187,0.2840193212032318,0.027050713,5e-05,-0.0051993648744731525,-0.8520099457353354,1.2317808866500854,5630,0.3288330078125,0.2,1.843906379956752
991.64,1352.8237578800001,6942720,565,948,7316,0.95951908826828,0.28307291865348816,0.028373525,5e-05,-0.011922519180128195,-0.8199807278811931,0.04128814488649368,5640,0.34886067708333335,0.2,0.1446509945827226
977.24,1328.99965202,6955008,566,950,7316,0.9804280400276184,0.2822606563568115,0.029244257,5e-05,-0.012240598845043376,-0.779084587097168,0.03316668048501015,5650,0.3393961588541667,0.2,0.12583821760490538
966.25,1315.79801847,6967296,567,952,7316,0.9378538727760315,0.28215548396110535,0.0270423,5e-05,-0.004515552698770383,-0.7585470594465733,0.4463272988796234,5660,0.30953776041666664,0.2,3.4224198903112364
965.42,1316.6097999899998,6979584,568,953,7316,0.9177480936050415,0.2819916307926178,0.032043975,5e-05,-0.005738795850387154,-0.7509248215705157,0.11783550679683685,5670,0.36907552083333334,0.2,1.2000470676459372
963.85,1315.2771260199997,6991872,569,955,7316,0.9548376798629761,0.28148606419563293,0.029242763,5e-05,-0.006986861468370383,-0.7338889619956414,0.15071608126163483,5680,0.37932942708333334,0.2,0.6339177086949348
954.85,1300.16760356,7004160,570,957,7316,0.9292773008346558,0.28124770522117615,0.032626353,5e-05,-0.007610095403894472,-0.7140078322341045,0.7972028255462646,5690,0.3844970703125,0.2,1.341013766732067
950.22,1296.1100298699998,7016448,571,958,7316,0.9617436528205872,0.28095543384552,0.034258366,5e-05,-0.00494065709450903,-0.6994639505942662,0.06690805405378342,5700,0.431396484375,0.2,0.4776313898153603
947.68,1290.31861788,7028736,572,960,7317,0.945723831653595,0.2807447612285614,0.02541989,5e-05,-0.004110927398627003,-0.6872329365462064,0.7306251525878906,5710,0.30831705729166664,0.2,4.516353636886924
955.4,1300.0292332,7041024,573,962,7317,0.9378031492233276,0.2802070379257202,0.034718007,5e-05,-0.0005491131477659412,-0.6691999655216933,0.7168639302253723,5720,0.4014404296875,0.2,4.03055872960637
962.08,1309.2204121900002,7053312,574,963,7317,0.9377505779266357,0.27946600317955017,0.03179167,5e-05,-0.003583323698452053,-0.6399573784321546,0.1393858939409256,5730,0.41888020833333334,0.2,0.41172386637578406
973.07,1324.8815129700001,7065600,575,965,7317,0.9832574129104614,0.2783624231815338,0.033266153,5e-05,-0.0110961457103258,-0.5931407733509938,0.02449284866452217,5740,0.38931477864583336,0.2,0.12278565602997939
973.9,1324.7028906600003,7077888,576,967,7317,0.9884606003761292,0.2776038646697998,0.027239792,5e-05,-0.010576854093233123,-0.555524529516697,0.01602286472916603,5750,0.3441080729166667,0.2,0.09779386880497137
975.36,1325.7190443200002,7090176,577,968,7317,0.9891546368598938,0.2766207158565521,0.028843472,5e-05,-0.011645334290612179,-0.5132470663636923,0.025963589549064636,5760,0.3334147135416667,0.2,0.1462437553020815
984.36,1338.9078008899999,7102464,578,970,7318,0.9488347768783569,0.2764418125152588,0.022373805,5e-05,-0.006484767931154541,-0.48613614806284505,0.0987226739525795,5770,0.30596516927083334,0.2,1.5714095707051456
993.8,1352.8168330899998,7114752,579,972,7318,0.9677931666374207,0.2759586274623871,0.030793326,5e-05,-0.009960482938913629,-0.46830482271810375,0.04961462318897247,5780,0.36363118489583335,0.2,0.17598358800945182
987.98,1345.44525098,7127040,580,973,7318,0.9877163767814636,0.2751259207725525,0.026061827,5e-05,-0.012023213764283962,-0.42809997803221145,0.032827455550432205,5790,0.326318359375,0.2,0.11337438031720619
987.98,1347.97241135,7139328,581,975,7318,0.9410187005996704,0.2750840187072754,0.03707887,5e-05,-0.004959258978972988,-0.405032350619634,0.13139645755290985,5800,0.3534749348958333,0.2,0.48307265508919955
979.47,1336.79532401,7151616,582,977,7318,0.8937185406684875,0.27506396174430847,0.028077947,5e-05,-0.005705396963458042,-0.4004195480297009,0.5268847942352295,5810,0.30856119791666664,0.2,1.105263151632001
979.47,1333.9492561499999,7163904,583,978,7318,0.9463201761245728,0.2748848497867584,0.027815467,5e-05,-0.007265705291016881,-0.39649274181574584,1.0646520853042603,5820,0.34121907552083336,0.2,2.1253404677224657
974.34,1326.6539409400002,7176192,584,980,7318,0.9319722056388855,0.27426689863204956,0.03686297,5e-05,-0.005687595322766962,-0.37416471168398857,0.12962807714939117,5830,0.40060221354166664,0.2,0.6423243616707623
978.0,1335.84388302,7188480,585,982,7318,0.9044729471206665,0.27399685978889465,0.03145675,5e-05,-0.002611197265408312,-0.35083808141450085,0.5240088701248169,5840,0.3832763671875,0.2,2.377426653401926
978.0,1336.9510056200002,7200768,586,983,7319,0.9809904098510742,0.2731839418411255,0.036172226,5e-05,-0.005432452373982718,-0.32062011448045574,0.03566555306315422,5850,0.40550130208333335,0.2,0.1083209306622545
978.0,1337.1790658600003,7213056,587,985,7319,0.9839885234832764,0.2724725902080536,0.03021013,5e-05,-0.008975571104868626,-0.2835927803069353,0.06363304704427719,5860,0.3491943359375,0.2,0.13059369415665667
975.13,1334.1092388499997,7225344,588,987,7319,0.98340904712677,0.27193519473075867,0.027709767,5e-05,-0.01110600135458905,-0.2552523806380729,0.052472539246082306,5870,0.3339599609375,0.2,0.13972961756711205
975.13,1334.98104701,7237632,589,988,7319,0.9351432919502258,0.271811306476593,0.022013254,5e-05,-0.00408015025993033,-0.23984236090133587,0.20265355706214905,5880,0.27959798177083334,0.2,3.1233318334911018
978.31,1338.01851265,7249920,590,990,7319,0.9767686724662781,0.27120712399482727,0.03194484,5e-05,-0.009661828188594275,-0.21737506768355766,0.05482758581638336,5890,0.36666666666666664,0.2,0.16821269360370933
978.31,1342.30244938,7262208,591,992,7319,0.9481960535049438,0.27070990204811096,0.027170265,5e-05,-0.006160916444302226,-0.1965373988263309,0.060528095811605453,5900,0.3692220052083333,0.2,0.48754812188756963
982.5,1349.71722249,7274496,592,993,7319,0.9900607466697693,0.27034100890159607,0.02913042,5e-05,-0.011043333592048536,-0.17114412436882656,0.025879990309476852,5910,0.3371175130208333,0.2,0.10389086902141571
982.5,1349.9873506200001,7286784,593,995,7319,0.935218334197998,0.2700343132019043,0.027738048,5e-05,-0.0027331944210648848,-0.15247484352439641,0.10755235701799393,5920,0.3484293619791667,0.2,1.0564315307574967
982.5,1350.0391714099999,7299072,594,997,7320,0.9523622989654541,0.268803209066391,0.028823704,5e-05,-0.004127959566297553,-0.11518053480734428,0.05331970378756523,5930,0.37063802083333336,0.2,0.19449971887903908
982.5,1349.180827,7311360,595,998,7320,0.9723035097122192,0.26805901527404785,0.030374894,5e-05,-0.007787334074964747,-0.06379667660221458,0.043344661593437195,5940,0.3560709635416667,0.2,0.12116215904243291
971.94,1335.38389585,7323648,596,1000,7320,0.9880679845809937,0.2673729956150055,0.026996985,5e-05,-0.01159807581473918,-0.030018508558471997,0.05119364336133003,5950,0.3412841796875,0.2,0.12856653903921444
971.94,1335.96933644,7335936,597,1002,7320,0.9391843676567078,0.2675023078918457,0.022562498,5e-05,-0.009618467758021628,-0.020214536289374033,0.4252305030822754,5960,0.29559733072916666,0.2,2.476499237647901
977.27,1345.91119363,7348224,598,1003,7320,0.9870198369026184,0.2670668661594391,0.030847788,5e-05,-0.010210258172689161,-0.009188168247540792,0.044073835015296936,5970,0.37039388020833336,0.2,0.10716050160117448
977.27,1344.2191653399998,7360512,599,1005,7319,0.9848311543464661,0.2664482295513153,0.030505002,5e-05,-0.010470723130856641,0.022501598050196966,0.014493349939584732,5980,0.3464762369791667,0.2,0.08473551302837828
978.21,1348.2099261900003,7372800,600,1007,7319,0.9770757555961609,0.2654911279678345,0.027790954,5e-05,-0.010538770661029654,0.06152740422015389,0.01922711916267872,5990,0.34054361979166664,0.2,0.0790878881001845
978.21,1347.1498754899999,7385088,601,1009,7319,0.9815635681152344,0.26500454545021057,0.024065316,5e-05,-0.010776715056757287,0.09494339873393377,0.013876514509320259,6000,0.3331298828125,0.2,0.08184498691310485
969.16,1335.9602786800003,7397376,602,1010,7317,0.9832733273506165,0.2642393410205841,0.024851216,5e-05,-0.011573829418436314,0.1276742589349548,0.037604548037052155,6010,0.3223958333333333,0.2,0.09206858852412551
969.16,1338.4016558800001,7409664,603,1012,7317,0.9331768751144409,0.2638796865940094,0.025132513,5e-05,-0.006744655659228253,0.15293911267071963,0.05124436318874359,6020,0.3432698567708333,0.2,0.3171354052455475
990.95,1368.7716377499996,7421952,604,1014,7316,0.9326047897338867,0.26344940066337585,0.029094122,5e-05,-0.006985736148393092,0.1743950190022588,0.08307896554470062,6030,0.34927571614583336,0.2,0.30486526562211413
990.95,1369.3849072100002,7434240,605,1016,7315,0.9789935946464539,0.2629009783267975,0.0291227,5e-05,-0.010743688882212155,0.20333972834050656,0.04355684295296669,6040,0.34685872395833334,0.2,0.11372707472182811
990.95,1371.4645296799997,7446528,606,1017,7316,0.9872170686721802,0.2624119818210602,0.029129347,5e-05,-0.01147439064370701,0.23432782146458825,0.03358621522784233,6050,0.3287353515625,0.2,0.09466476140078157
988.67,1365.4970449700004,7458816,607,1019,7315,0.8822764158248901,0.26206672191619873,0.025427101,5e-05,-0.003671866986163271,0.2534430104618271,0.3233710527420044,6060,0.3142578125,0.2,1.7000739654526114
988.67,1363.6489042900002,7471104,608,1021,7315,0.9753037691116333,0.26180633902549744,0.03088484,5e-05,-0.005527759843001453,0.26865410233537357,1.04453706741333,6070,0.33136393229166666,0.2,1.7924673503885666
988.67,1363.90799525,7483392,609,1022,7315,0.9358989000320435,0.2607813775539398,0.03750892,5e-05,-0.006372333477096011,0.2988844764108459,0.048117123544216156,6080,0.4231770833333333,0.2,0.19673850542555252
997.72,1375.8465459299998,7495680,610,1024,7315,0.9874774217605591,0.2600049674510956,0.03044949,5e-05,-0.007310824204857151,0.3400700429454446,0.03539201244711876,6090,0.3659912109375,0.2,0.09780849607971807
997.72,1375.2642163599999,7507968,611,1026,7314,0.9860152006149292,0.2592034935951233,0.030313266,5e-05,-0.008173923483021402,0.37985005558778845,0.04698394611477852,6100,0.348193359375,0.2,0.11067815603067478
996.53,1374.12375031,7520256,612,1028,7314,0.9371573328971863,0.25869396328926086,0.027560458,5e-05,-0.00805002462536019,0.41128342058509587,0.26715391874313354,6110,0.3629964192708333,0.2,0.3329338359646499
996.53,1371.3565183200003,7532544,613,1029,7313,0.9314623475074768,0.25820377469062805,0.032974333,5e-05,-0.004171115895345186,0.43467025893429917,0.16344642639160156,6120,0.3750813802083333,0.2,0.753084332216531
996.53,1370.6426948100002,7544832,614,1031,7313,0.9355350136756897,0.2577916085720062,0.032675963,5e-05,-0.005881949641237346,0.45893004393825926,0.05388028919696808,6130,0.38592936197916666,0.2,0.2032449358298133
998.81,1378.0258505599998,7557120,615,1033,7312,0.9861370921134949,0.2570010721683502,0.030487627,5e-05,-0.01082085353846196,0.49693587080885965,0.019765090197324753,6140,0.3638671875,0.2,0.07824408891610801
998.81,1380.8976909899998,7569408,616,1035,7311,0.9889993071556091,0.2562388479709625,0.026239531,5e-05,-0.009287706672330387,0.538443294664224,0.0050179678946733475,6150,0.34222005208333334,0.2,0.069752403597037
998.81,1381.93137648,7581696,617,1036,7311,0.9909553527832031,0.25572076439857483,0.029963888,5e-05,-0.009728360265338172,0.572718528409799,0.030496321618556976,6160,0.34251302083333335,0.2,0.06889484436251223
998.81,1383.69807546,7593984,618,1038,7311,0.9908069372177124,0.2552179992198944,0.023615608,5e-05,-0.009575141227105632,0.6004140224307776,0.01644122414290905,6170,0.31788736979166665,0.2,0.05564524037763476
998.81,1384.3811305299996,7606272,619,1040,7311,0.9863707423210144,0.2547953426837921,0.030537246,5e-05,-0.010945413683172471,0.6251702506095171,8.551031351089478e-05,6180,0.3387939453125,0.2,0.08025943173561245
1000.0,1389.72696191,7618560,620,1042,7311,0.9855144023895264,0.2540159523487091,0.02826264,5e-05,-0.009337188335484825,0.6555168398966392,-0.007176954299211502,6190,0.341650390625,0.2,0.052629113445679346
995.05,1383.2470201200003,7630848,621,1043,7311,0.9404203295707703,0.25395992398262024,0.022961527,5e-05,-0.0070081107408138145,0.6748733878135681,1.2523366212844849,6200,0.3269124348958333,0.2,0.9368474515154958
994.97,1381.1154083500003,7643136,622,1045,7311,0.9856070280075073,0.25334253907203674,0.029656703,5e-05,-0.008397463548559851,0.6939356685926517,0.015339044854044914,6210,0.36062825520833336,0.2,0.23901614177351196
994.97,1378.74203144,7655424,623,1047,7311,0.9073061347007751,0.25311803817749023,0.02800099,5e-05,-0.002768552266449357,0.7171578659365575,0.3171544671058655,6220,0.3724772135416667,0.2,3.428466591083755
994.97,1377.9956205199999,7667712,624,1048,7311,0.9869887828826904,0.25216349959373474,0.031298403,5e-05,-0.007775437818296874,0.7486011408269405,0.029261324554681778,6230,0.37529296875,0.2,0.08087383767124265
994.97,1377.9584764899998,7680000,625,1050,7311,0.9871029853820801,0.25113555788993835,0.029215783,5e-05,-0.009132860808070594,0.7957127255698045,0.008597956970334053,6240,0.3582845052083333,0.2,0.062433286608817674
993.26,1373.6023864699998,7692288,626,1052,7311,0.9866640567779541,0.2502247095108032,0.029827932,5e-05,-0.00907881051292255,0.8387960582971573,0.020169829949736595,6250,0.3578369140625,0.2,0.10275221151920656
980.34,1352.5536146099998,7704576,627,1053,7311,0.9052972197532654,0.24997693300247192,0.022136511,5e-05,-0.005841524946057082,0.8638556458055973,0.6254205107688904,6260,0.30756022135416666,0.2,3.137296110608925
980.34,1351.6902551299997,7716864,628,1055,7311,0.9449970722198486,0.24992108345031738,0.036149662,5e-05,-0.0027338709541557668,0.8706709109246731,0.8518859148025513,6270,0.35426432291666665,0.2,3.4471206426930925
985.29,1361.26212024,7729152,629,1057,7312,0.9749555587768555,0.24904222786426544,0.03452145,5e-05,-0.004022759414025737,0.8959639282276233,0.0174880288541317,6280,0.39944661458333336,0.2,0.07483466524475564
978.69,1355.7698141499998,7741440,630,1058,7312,0.9851510524749756,0.24839992821216583,0.030517898,5e-05,-0.007831780643027742,0.9366494249552488,0.004466906189918518,6290,0.375146484375,0.2,0.06574607112755378
978.69,1356.1673673900002,7753728,631,1060,7312,0.969851553440094,0.24813294410705566,0.032900702,5e-05,-0.006782965278641011,0.9598331329723199,0.04919733107089996,6300,0.38189290364583334,0.2,0.49537769416347144
978.69,1356.44070247,7766016,632,1062,7312,0.9789893627166748,0.24735145270824432,0.03603918,5e-05,-0.007597345467850876,0.9917362617949644,0.016582556068897247,6310,0.40399576822916666,0.2,0.0895129683194682
978.69,1356.0664163399997,7778304,633,1063,7311,0.9863661527633667,0.24670441448688507,0.030782586,5e-05,-0.008202358704390159,1.028476553161939,0.010622050613164902,6320,0.3575846354166667,0.2,0.06083819416041176
980.4,1360.1124522399998,7790592,634,1065,7311,0.9880491495132446,0.24593155086040497,0.02933474,5e-05,-0.007179524668511779,1.0609862456719081,0.04357525333762169,6330,0.35659993489583336,0.2,0.07875933377848317
993.32,1380.0923229900002,7802880,635,1067,7310,0.9844316244125366,0.24523977935314178,0.028491622,5e-05,-0.009224548038522093,1.0986274838447572,0.012794656679034233,6340,0.3554280598958333,0.2,0.10247447121267518
988.3,1370.9757648000002,7815168,636,1069,7309,0.9877728223800659,0.24454478919506073,0.031168824,5e-05,-0.007458203200076241,1.1340716262658437,0.01055942289531231,6350,0.34979654947916666,0.2,0.07192662802990527
984.3,1365.1621228800002,7827456,637,1070,7309,0.9549260139465332,0.24424834549427032,0.026475502,5e-05,-0.004513989997212775,1.1592633843421936,1.2833921909332275,6360,0.3408121744791667,0.2,1.2059122736565768
976.61,1353.53709123,7839744,638,1072,7309,0.935539722442627,0.24418406188488007,0.022506258,5e-05,-0.007384987706609536,1.1675907656550408,0.35564061999320984,6370,0.31900227864583336,0.2,2.944356604355077
976.61,1351.7852082,7852032,639,1074,7308,0.9872680902481079,0.2436351776123047,0.04681896,5e-05,-0.002556383529251131,1.1801549521585306,0.15777122974395752,6380,0.45758463541666666,0.2,0.333316441734011
976.61,1353.41034786,7864320,640,1076,7308,0.9702222943305969,0.24321787059307098,0.03681067,5e-05,-0.009282350784148245,1.200038626541694,0.03688385337591171,6390,0.4110921223958333,0.2,0.11728670482213298
976.61,1355.5602470800002,7876608,641,1077,7308,0.9796011447906494,0.24272358417510986,0.02860179,5e-05,-0.008018582310372342,1.223483175287644,0.02044001780450344,6400,0.35906575520833334,0.2,0.0624860973097384
976.61,1353.0304097199999,7888896,642,1079,7308,0.9812163710594177,0.2423669844865799,0.03346142,5e-05,-0.00920830186708675,1.2507387076814969,0.03064717724919319,6410,0.3725992838541667,0.2,0.10589073919691146
976.61,1354.07011734,7901184,643,1081,7308,0.9873690009117126,0.24186241626739502,0.030401945,5e-05,-0.009293339200667106,1.2771057933568954,0.004876403138041496,6420,0.36905110677083336,0.2,0.07459857573267073
981.63,1361.2593138599998,7913472,644,1082,7308,0.9848490953445435,0.24092309176921844,0.027974391,5e-05,-0.009040412260219455,1.3147645550469558,0.023887015879154205,6430,0.3522135416666667,0.2,0.07187104211964955
985.63,1366.0091793800002,7925760,645,1084,7308,0.9542960524559021,0.2402663677930832,0.031854805,5e-05,-0.007408199888110782,1.3518834933638573,0.04880402982234955,6440,0.3916259765625,0.2,0.10678072937298566
996.67,1382.2854719399998,7938048,646,1086,7308,0.9720418453216553,0.23945307731628418,0.028373227,5e-05,-0.008674576532212087,1.3875464657942453,0.020015113055706024,6450,0.3537353515625,0.2,0.12897329945117236
996.67,1386.1601591299998,7950336,647,1087,7308,0.9326518177986145,0.23929338157176971,0.03358895,5e-05,-0.0014172842066424588,1.4139948323369027,3.4731569290161133,6460,0.3387044270833333,0.2,3.026006719547634
993.42,1379.0346026100003,7962624,648,1089,7308,0.980488121509552,0.2384578436613083,0.036616165,5e-05,-0.004113148917773894,1.4449263227482636,0.015696654096245766,6470,0.39676106770833336,0.2,0.06300571500323712
993.42,1376.8946075399997,7974912,649,1091,7308,0.9332473278045654,0.23840422928333282,0.033691313,5e-05,0.0017892533117750038,1.4670301710565885,0.5936155319213867,6480,0.40096842447916664,0.2,3.222585857876887
993.42,1378.7084956200001,7987200,650,1092,7308,0.9799981117248535,0.23763157427310944,0.034043238,5e-05,-0.003054279625454607,1.4892401260634263,0.00992208905518055,6490,0.4143147786458333,0.2,0.07613384236271183
993.42,1378.1260530299999,7999488,651,1094,7308,0.9863893985748291,0.23691703379154205,0.030056491,5e-05,-0.007313403302881246,1.5302472181618214,-0.011337978765368462,6500,0.36826985677083335,0.2,0.05721027928714951
993.42,1378.7525610199998,8011776,652,1096,7308,0.9900744557380676,0.2360820770263672,0.031672854,5e-05,-0.009837236457193891,1.5756642592449983,0.010511206462979317,6510,0.35309244791666666,0.2,0.052164732672584556
993.42,1380.36365239,8024064,653,1097,7308,0.992431104183197,0.23535098135471344,0.030670216,5e-05,-0.008562464378822672,1.619120362897714,-0.0038642939180135727,6520,0.36053059895833334,0.2,0.04948221667824934
996.75,1386.4949265,8036352,654,1099,7309,0.9902310967445374,0.23474963009357452,0.03025432,5e-05,-0.009882808784702017,1.6534968120356401,0.02759953960776329,6530,0.3730550130208333,0.2,0.07096898240658144
989.07,1375.2754937599998,8048640,655,1101,7308,0.985465943813324,0.2338566780090332,0.02964039,5e-05,-0.008273354981793091,1.6941573922832807,0.004571611061692238,6540,0.35234375,0.2,0.051368117712748546
992.32,1382.4608755900003,8060928,656,1102,7308,0.96710604429245,0.23355865478515625,0.028397197,5e-05,-0.007405314452383512,1.7291801917056242,0.15189529955387115,6550,0.3702311197916667,0.2,0.33268512960057706
992.32,1385.09456049,8073216,657,1104,7308,0.9887030720710754,0.23316745460033417,0.032460846,5e-05,-0.009040656163900469,1.7568597868084908,0.0083475261926651,6560,0.3789306640625,0.2,0.07217125617122898
985.73,1375.6539352700001,8085504,658,1106,7308,0.9930232763290405,0.2322826385498047,0.029062832,5e-05,-0.007944249965172881,1.7952089063823222,-0.007193299010396004,6570,0.35808919270833334,0.2,0.04986574329280605
985.73,1377.3881433,8097792,659,1107,7308,0.9348050951957703,0.2320461869239807,0.030899173,5e-05,-0.002661249001782077,1.8208816607793172,0.1359024941921234,6580,0.33391927083333334,0.2,2.8539768445615965
980.53,1368.4487008400001,8110080,660,1109,7308,0.9750304222106934,0.23106448352336884,0.035012595,5e-05,-0.008878537352817755,1.8548028943439325,0.008876850828528404,6590,0.39986979166666664,0.2,0.0625523664522916
980.53,1369.5491302199998,8122368,661,1111,7308,0.9268596768379211,0.23091113567352295,0.035554204,5e-05,-0.007347620527919692,1.8817207174996535,0.2826436460018158,6600,0.38775227864583334,0.2,1.221448074420914
980.53,1369.3558843,8134656,662,1112,7309,0.9865410327911377,0.23053713142871857,0.03468973,5e-05,-0.004582445473351982,1.90135447482268,-0.01086367852985859,6610,0.39401041666666664,0.2,0.05362743456692745
988.21,1379.0589905099998,8146944,663,1114,7309,0.989739179611206,0.2301611751317978,0.030469,5e-05,-0.0072557662681598835,1.9276800766587256,-0.0038801953196525574,6620,0.36879069010416665,0.2,0.05216504484415054
984.2,1370.9937258499997,8159232,664,1116,7309,0.9374944567680359,0.23000864684581757,0.029331377,5e-05,-0.003930360006052069,1.9442784142990908,0.06648238748311996,6630,0.398974609375,0.2,1.0984568371127048
984.2,1370.8924626899998,8171520,665,1117,7309,0.9900959134101868,0.2295716404914856,0.038031697,5e-05,-0.0036648281335753077,1.9630639724433423,0.007357370108366013,6640,0.42727864583333336,0.2,0.093036335047024
990.79,1381.4566634,8183808,666,1119,7309,0.9875621795654297,0.22873131930828094,0.032942735,5e-05,-0.004788759041305942,2.0029129510124526,-0.005631096661090851,6650,0.389306640625,0.2,0.050401823385618626
990.79,1381.6068803499998,8196096,667,1121,7309,0.9840365052223206,0.22811204195022583,0.030851053,5e-05,-0.008287868621118832,2.046180703739325,0.00889868289232254,6660,0.3778076171875,0.2,0.056013794452883306
990.79,1382.68205322,8208384,668,1122,7309,0.9839842915534973,0.22735698521137238,0.03394778,5e-05,-0.00847897356482766,2.08263648301363,0.01564008742570877,6670,0.3728841145833333,0.2,0.05345400765848656
993.74,1387.3318893700002,8220672,669,1124,7309,0.9862068295478821,0.22693705558776855,0.03319809,5e-05,-0.006221938376741795,2.114394327501456,0.0031065475195646286,6680,0.3728841145833333,0.2,0.05650932368201514
986.37,1377.3443670000001,8232960,670,1126,7309,0.9175518751144409,0.22674421966075897,0.035841014,5e-05,-0.0023790557325507203,2.1319681237141292,0.1073225736618042,6690,0.3603434244791667,0.2,1.7538201885685945
977.61,1366.2130544300003,8245248,671,1127,7310,0.9667300581932068,0.2265637367963791,0.041781884,5e-05,-0.004141179768096966,2.1417513713240623,0.11388668417930603,6700,0.4261881510416667,0.2,0.6671528985646243
981.62,1373.6799931500002,8257536,672,1129,7310,0.9648540019989014,0.22637486457824707,0.032415234,5e-05,-0.0014935552135284524,2.1544225960969925,0.866408109664917,6710,0.43838704427083336,0.2,1.2047826639842243
980.21,1370.4317429499997,8269824,673,1131,7310,0.9582672715187073,0.22585554420948029,0.040198155,5e-05,-0.004169820724443222,2.173985173801581,0.022868957370519638,6720,0.4522705078125,0.2,0.08337002471089364
980.21,1371.7447854499999,8282112,674,1132,7310,0.9679374098777771,0.22571365535259247,0.035799902,5e-05,-0.0012884295286009243,2.1913615827759108,0.24819695949554443,6730,0.4072672526041667,0.2,1.7027250621467829
980.21,1371.0597415500001,8294400,675,1134,7310,0.9841316938400269,0.2252301573753357,0.037377812,5e-05,-0.0023405862162083698,2.2129402637481688,0.008301986381411552,6740,0.41551106770833335,0.2,0.05067690243789305
980.21,1370.7596146399999,8306688,676,1136,7310,0.9864988923072815,0.2247982770204544,0.03680565,5e-05,-0.005480428494532437,2.242654370764891,0.01647540181875229,6750,0.40562337239583335,0.2,0.05912305798459177
982.46,1375.8552210100002,8318976,677,1137,7310,0.9809883236885071,0.2240842580795288,0.02841861,5e-05,-0.005325168463362691,2.279457221428553,0.01899622566998005,6760,0.37810872395833334,0.2,0.06223731340141967
982.46,1375.1927626099998,8331264,678,1139,7310,0.9842010140419006,0.22372345626354218,0.032104213,5e-05,-0.008631456445921988,2.3115278532107673,0.010457918047904968,6770,0.37021484375,0.2,0.05706815334657828
989.05,1385.5732526300003,8343552,679,1141,7310,0.9910258650779724,0.2229509800672531,0.03171342,5e-05,-0.010381519293878228,2.3481639410058657,-0.02036553993821144,6780,0.3674723307291667,0.2,0.033356526055528475
989.05,1384.10325128,8355840,680,1142,7310,0.9342619776725769,0.22293247282505035,0.036042847,5e-05,-0.002238896326404453,2.368987134595712,0.31723105907440186,6790,0.40771484375,0.2,1.3629752958814303
990.46,1387.5213792000002,8368128,681,1144,7310,0.98540860414505,0.2225087732076645,0.0340824,5e-05,-0.0037860007093210393,2.386993007361889,0.016528580337762833,6800,0.40651041666666665,0.2,0.053070720836209756
990.46,1387.08467024,8380416,682,1146,7311,0.9849603772163391,0.22145192325115204,0.03543147,5e-05,-0.007788608113090353,2.428018106520176,0.005114087834954262,6810,0.3785481770833333,0.2,0.053522952987502016
990.46,1387.3314147399997,8392704,683,1147,7311,0.9908444881439209,0.22072206437587738,0.03435237,5e-05,-0.007263627458208551,2.4748269538084666,-0.006356494501233101,6820,0.39291178385416664,0.2,0.04920314957853407
990.46,1387.9934399899998,8404992,684,1149,7311,0.9771665334701538,0.2202817052602768,0.03338022,5e-05,-0.00726155966888958,2.509568886955579,0.002216540277004242,6830,0.3847737630208333,0.2,0.06491468303914492
990.46,1388.05072958,8417280,685,1151,7311,0.980217695236206,0.21951639652252197,0.032005537,5e-05,-0.007877903846868624,2.552376508216063,0.004720382392406464,6840,0.380810546875,0.2,0.042600575240794566
990.46,1388.1237746000002,8429568,686,1152,7311,0.9724320769309998,0.2189060002565384,0.03806977,5e-05,-0.007231031719129533,2.5928235933184625,0.002708571031689644,6850,0.39007161458333334,0.2,0.08739369316026568
1000.0,1401.87582711,8441856,687,1154,7311,0.986894965171814,0.21801920235157013,0.032199875,5e-05,-0.008045375176880042,2.635290351510048,0.007508980110287666,6860,0.376416015625,0.2,0.04385410268247748
1000.0,1405.4101470300002,8454144,688,1156,7311,0.9904901385307312,0.21755343675613403,0.03033039,5e-05,-0.005120309760483602,2.676115962366263,-0.004654599353671074,6870,0.36490071614583336,0.2,0.03282340823983153
1000.0,1405.5076496000004,8466432,689,1157,7311,0.9891471862792969,0.21702153980731964,0.030471094,5e-05,-0.01005749282388327,2.7101336042086284,0.009296340867877007,6880,0.356201171875,0.2,0.04649519324690724
999.48,1404.47037583,8478720,690,1159,7311,0.9882018566131592,0.2167293280363083,0.033632252,5e-05,-0.008160482790359917,2.736820858716965,0.005684306845068932,6890,0.3838623046875,0.2,0.0448813329761227
997.83,1401.3547748599997,8491008,691,1161,7311,0.9640856385231018,0.21673323214054108,0.025401065,5e-05,-0.007986675844100925,2.749487651884556,0.10083390772342682,6900,0.3445963541666667,0.2,1.5616167707523951
997.83,1401.9282492500001,8503296,692,1162,7312,0.9755181074142456,0.21660113334655762,0.033773113,5e-05,-0.004104392005926153,2.75157922655344,0.44764018058776855,6910,0.40860188802083336,0.2,0.5754579446744174
997.83,1402.6591313799997,8515584,693,1164,7312,0.9853655099868774,0.2161887139081955,0.040860686,5e-05,-0.0027027371873070177,2.7680314908425014,-0.003388078883290291,6920,0.4297607421875,0.2,0.04520715260490154
988.95,1388.8268406200002,8527872,694,1166,7312,0.9857118129730225,0.2157796174287796,0.033417173,5e-05,-0.007907599134584112,2.7931082412600516,0.020929798483848572,6930,0.39451497395833335,0.2,0.04841761934803799
979.59,1375.01824902,8540160,695,1167,7312,0.9788519144058228,0.2153816819190979,0.03640367,5e-05,-0.004151416028131886,2.8125078295667967,0.03781787306070328,6940,0.42271321614583335,0.2,0.19993599741719664
979.59,1374.4284684799998,8552448,696,1169,7312,0.9198282361030579,0.2153676301240921,0.04019396,5e-05,-0.005829792153478289,2.82697924276193,0.8666597008705139,6950,0.4054443359375,0.2,2.348063322591285
972.67,1364.2208614899998,8564736,697,1171,7312,0.9502761363983154,0.21468766033649445,0.040098786,5e-05,-0.002633941624177775,2.8531845117608707,0.0016947481781244278,6960,0.4453857421875,0.2,0.07580972054662803
973.19,1366.8356938900001,8577024,698,1172,7312,0.9255380034446716,0.21446067094802856,0.050196458,5e-05,-0.0016779938683612271,2.8821713238954545,0.037276796996593475,6970,0.4452392578125,0.2,1.2827607291440168
974.84,1370.5048597199996,8589312,699,1174,7312,0.9870017170906067,0.21404094994068146,0.038627658,5e-05,-0.0028729052995913663,2.902625641723474,-0.0010592378675937653,6980,0.43695475260416666,0.2,0.046189305857600026
974.84,1372.1189217799997,8601600,700,1176,7312,0.990039587020874,0.21344076097011566,0.034296162,5e-05,-0.004708200889581349,2.9306518202026686,0.0024748556315898895,6990,0.38910319010416666,0.2,0.03917115787432219
974.84,1370.53659164,8613888,701,1177,7313,0.9854803085327148,0.2129233032464981,0.034263324,5e-05,-0.004279342167137656,2.965257529417674,0.01463167555630207,7000,0.39524739583333335,0.2,0.05283525891524429
983.72,1385.23560288,8626176,702,1179,7313,0.9903155565261841,0.21243728697299957,0.03396007,5e-05,-0.003752254603508239,2.9959794104099275,-0.014566311612725258,7010,0.3880859375,0.2,0.03018423926550895
992.09,1398.1709746699999,8638464,703,1181,7313,0.9905041456222534,0.21185795962810516,0.035203014,5e-05,-0.006379171734685466,3.0275960763295493,0.005809275433421135,7020,0.3893798828125,0.2,0.03264910877138997
993.08,1401.0364374299998,8650752,704,1182,7313,0.9875475168228149,0.21105138957500458,0.039148096,5e-05,-0.003762305571096173,3.066945246855418,0.00807439535856247,7030,0.38560384114583335,0.2,0.03248767849678794
1000.0,1410.4707792499999,8663040,705,1184,7313,0.9730852842330933,0.21048463881015778,0.032469828,5e-05,-0.00419042602685901,3.1078477000196774,0.02881358191370964,7040,0.404931640625,0.2,0.070543792603227
994.64,1402.25135227,8675328,706,1186,7313,0.9853910803794861,0.2101280689239502,0.034612644,5e-05,-0.0045484597202933704,3.1377757688363395,-0.006454705260694027,7050,0.39619140625,0.2,0.04401505501009524
983.2,1384.9890349600005,8687616,707,1187,7313,0.9756537079811096,0.20996874570846558,0.03590369,5e-05,-0.004997763134694347,3.154189055164655,0.0539577454328537,7060,0.4235921223958333,0.2,0.5055532212213923
983.2,1386.24534452,8699904,708,1189,7313,0.9732232689857483,0.20987652242183685,0.038929492,5e-05,-0.005709746517580546,3.1609837457537653,0.454964816570282,7070,0.4578043619791667,0.2,0.6926293186532955
983.2,1385.7499786000003,8712192,709,1191,7314,0.9752827286720276,0.20954500138759613,0.045777988,5e-05,-0.0012746543031729137,3.174106778204441,0.01923741027712822,7080,0.45738118489583335,0.2,0.0731537501870965
983.2,1384.8009946299996,8724480,710,1192,7313,0.9778314828872681,0.20915567874908447,0.04502198,5e-05,-0.00017034756019711493,3.201113556325436,0.006765726488083601,7090,0.4435221354166667,0.2,0.05507877413571502
983.2,1384.1270700700002,8736768,711,1194,7313,0.9785670638084412,0.20884741842746735,0.039841313,5e-05,-0.004966785388144975,3.2277853578329085,-0.005279043689370155,7100,0.3941569010416667,0.2,0.08866080291724453
983.2,1380.92685289,8749056,712,1196,7313,0.9605177640914917,0.20840902626514435,0.043667097,5e-05,-0.0023420968939414405,3.248353809614976,0.08783085644245148,7110,0.4368815104166667,0.2,0.14699430792437246
983.2,1381.4335139999998,8761344,713,1197,7313,0.9811884164810181,0.20804698765277863,0.03739915,5e-05,-0.006354509817901999,3.2692956482370694,-0.0070619769394397736,7120,0.4049479166666667,0.2,0.05064147790738692
988.56,1389.8151092100002,8773632,714,1199,7314,0.9845186471939087,0.20746977627277374,0.033882387,5e-05,-0.005922260212052303,3.300707041223844,0.00042900629341602325,7130,0.3814453125,0.2,0.0364483522833325
1000.0,1406.8637736199996,8785920,715,1201,7314,0.9892250895500183,0.20709151029586792,0.036601193,5e-05,-0.005320129540632479,3.3353379199902218,-0.001079794019460678,7140,0.38670247395833335,0.2,0.03613217493208746
1000.0,1405.7573316399998,8798208,716,1202,7314,0.969171941280365,0.20675866305828094,0.042619843,5e-05,-0.002104230889623674,3.360274585088094,0.013429474085569382,7150,0.4214111328125,0.2,0.05448343401852374
1000.0,1404.9124053500002,8810496,717,1204,7314,0.9886156320571899,0.20622451603412628,0.031077603,5e-05,-0.0069502605241723355,3.390415660540263,-0.00564984418451786,7160,0.38958333333333334,0.2,0.0438066920498386
1000.0,1405.2395262500002,8822784,718,1206,7314,0.9891452789306641,0.20561127364635468,0.035197336,5e-05,-0.004418908464625323,3.4284515301386516,0.0031646694988012314,7170,0.38736165364583336,0.2,0.03639717947614069
1000.0,1404.0553641099998,8835072,719,1207,7314,0.9842095971107483,0.20527108013629913,0.03401382,5e-05,-0.005800563264832211,3.4580857997139294,0.014899538829922676,7180,0.3791748046875,0.2,0.04130451352878784
1000.0,1407.4841749,8847360,720,1209,7314,0.9015970230102539,0.20507876574993134,0.039968487,5e-05,-0.006409096571345193,3.470038083692392,0.014008622616529465,7190,0.42096354166666666,0.2,0.331981203930142
1000.0,1408.1164847799998,8859648,721,1211,7314,0.9714066982269287,0.20481520891189575,0.03745264,5e-05,-0.0035674831825114476,3.4894638434052467,0.020990267395973206,7200,0.39312337239583334,0.2,0.04706521003972739
1000.0,1408.1682263500002,8871936,722,1212,7314,0.9846648573875427,0.20432312786579132,0.03247662,5e-05,-0.006386761671456043,3.518270303308964,0.002028736285865307,7210,0.38783365885416665,0.2,0.03163929112876455
990.99,1395.16144186,8884224,723,1214,7315,0.9867091774940491,0.20399248600006104,0.036456283,5e-05,-0.006787532487457308,3.546369168659051,0.0028546713292598724,7220,0.4106689453125,0.2,0.04321823384768019
990.99,1393.53918684,8896512,724,1216,7315,0.9293950200080872,0.20368528366088867,0.038071938,5e-05,-0.0046041265450185165,3.569026709596316,0.012525983154773712,7230,0.4300618489583333,0.2,0.37110424221803745
990.99,1394.1360060799998,8908800,725,1217,7315,0.9844231605529785,0.2032788246870041,0.039431427,5e-05,-0.003328292951725113,3.5930449018875756,0.01506604440510273,7240,0.4185791015625,0.2,0.06425892239591728
990.99,1394.8697133300002,8921088,726,1219,7315,0.9872053265571594,0.20305663347244263,0.037917063,5e-05,-0.006876962300642238,3.6115016678969067,0.01442981418222189,7250,0.40157877604166664,0.2,0.0509606262940603
990.99,1395.6779812400002,8933376,727,1221,7315,0.9930099248886108,0.20241202414035797,0.03691383,5e-05,-0.004465326536834861,3.6411038473248483,0.00693290401250124,7260,0.3871663411458333,0.2,0.03585419768157105
990.99,1394.47037267,8945664,728,1222,7315,0.9855944514274597,0.20198433101177216,0.03831586,5e-05,-0.006349866149927645,3.67238928625981,-4.889629781246185e-05,7270,0.4019287109375,0.2,0.05741295798992117
990.99,1393.09019244,8957952,729,1224,7315,0.9919904470443726,0.2017291784286499,0.03347971,5e-05,-0.006960574197728419,3.6972463260094326,-0.0027604401111602783,7280,0.3856689453125,0.2,0.04189653074912106
990.99,1393.1820319400001,8970240,730,1226,7315,0.989195704460144,0.20132102072238922,0.03555676,5e-05,-0.006405984843634845,3.7204438760876655,0.01450017374008894,7290,0.3807454427083333,0.2,0.03638952220402037
1000.0,1407.5999444499998,8982528,731,1227,7315,0.9859111905097961,0.20096558332443237,0.028542832,5e-05,-0.005202553151563431,3.7475595409671465,-0.017122525721788406,7300,0.37452799479166665,0.2,0.027787493943469598
991.22,1397.58145063,8994816,732,1229,7316,0.9888377785682678,0.20052629709243774,0.03831616,5e-05,-0.006034796643749966,3.7799857472380003,-0.01747042126953602,7310,0.3939697265625,0.2,0.026950216836606464
973.55,1374.3721622799997,9007104,733,1231,7316,0.9704985618591309,0.2002711296081543,0.034646798,5e-05,-0.0033066561266120215,3.8045623044172925,0.005443699657917023,7320,0.4310546875,0.2,0.3012381314416416
973.55,1374.7154335600003,9019392,734,1232,7316,0.9654960632324219,0.20019835233688354,0.048977036,5e-05,-0.003782880323706195,3.816880528132121,0.1731279194355011,7330,0.46918131510416666,0.2,1.287086688214913
973.55,1374.3868929799996,9031680,735,1234,7316,0.9796958565711975,0.1998385787010193,0.040956147,5e-05,-0.0005691470277573292,3.8320205469926196,-0.0034646280109882355,7340,0.43212890625,0.2,0.06316950515999148
964.63,1362.89680632,9043968,736,1236,7316,0.9850382804870605,0.19934196770191193,0.04092357,5e-05,0.000657594885948735,3.8605727955698965,0.0047048842534422874,7350,0.43310546875,0.2,0.03799317172185208
964.63,1363.5066397799997,9056256,737,1237,7316,0.9872442483901978,0.19906778633594513,0.038638197,5e-05,-0.00536734545409369,3.884922391672929,0.0579284131526947,7360,0.4151692708333333,0.2,0.49384786585578694
964.63,1362.6378789999997,9068544,738,1239,7316,0.9732195138931274,0.19884061813354492,0.049775157,5e-05,-0.002314334442780819,3.9095764656861625,0.030600491911172867,7370,0.4644856770833333,0.2,0.07013890351324031
964.63,1362.72950305,9080832,739,1241,7316,0.9799248576164246,0.19812919199466705,0.03751638,5e-05,-0.00016492199065396563,3.943472955127557,0.010801250115036964,7380,0.40562337239583335,0.2,0.03163188928350185
973.58,1374.75972934,9093120,740,1242,7316,0.9836939573287964,0.19782613217830658,0.039438754,5e-05,-0.004566799116825375,3.9762210994958878,-0.006610139273107052,7390,0.412255859375,0.2,0.04050838632586722
982.24,1384.608021,9105408,741,1244,7316,0.9425191879272461,0.19761823117733002,0.032960825,5e-05,-0.0046119434307911435,3.9938176408410073,0.22512178122997284,7400,0.42513834635416664,0.2,0.8225794291434189
982.24,1384.92251937,9117696,742,1246,7317,0.9640355706214905,0.19753403961658478,0.044445034,5e-05,-0.000884184500318952,4.01310731669267,0.0173284150660038,7410,0.4620768229166667,0.2,0.08050834602521112
982.24,1384.8634361499999,9129984,743,1247,7317,0.9900251030921936,0.19714021682739258,0.037856836,5e-05,-0.0046435338056956725,4.031535667181015,0.010844014585018158,7420,0.4164632161458333,0.2,0.049712633927507945
991.16,1397.5768580800002,9142272,744,1249,7317,0.9794389009475708,0.19719421863555908,0.044522926,5e-05,-0.00407575950860822,4.044827570517858,0.03154687583446503,7430,0.4445393880208333,0.2,0.07035492894550165
991.16,1398.4152117600001,9154560,745,1251,7317,0.9836789965629578,0.19702298939228058,0.033235986,5e-05,-0.0017758099565980956,4.055483138561248,0.0033914465457201004,7440,0.4034505208333333,0.2,0.03618222260847688
991.16,1399.3220769499997,9166848,746,1252,7317,0.9817949533462524,0.19683557748794556,0.035540678,5e-05,-0.005525297505664639,4.071738231182098,0.0034251995384693146,7450,0.4053141276041667,0.2,0.033371683202373485
991.16,1398.60221259,9179136,747,1254,7317,0.9750393629074097,0.19624197483062744,0.037429396,5e-05,-0.0071019730627692,4.0946634670098625,0.008957160636782646,7460,0.40724283854166665,0.2,0.04592883287696168
993.3,1401.3820729,9191424,748,1256,7317,0.9907604455947876,0.19580887258052826,0.03550764,5e-05,-0.00516575160654611,4.129613434274991,0.02024543657898903,7470,0.4045003255208333,0.2,0.035662186432940265
993.3,1404.0895987699996,9203712,749,1257,7317,0.9566930532455444,0.19577860832214355,0.03407447,5e-05,-0.0038969886751146986,4.1454907894134525,0.23500509560108185,7480,0.4099609375,0.2,1.6352750442844506
993.3,1404.6753472299997,9216000,750,1259,7317,0.8660960793495178,0.19567374885082245,0.049675297,5e-05,-0.0002593569450255018,4.152639246980349,0.10552917420864105,7490,0.4797770182291667,0.2,0.14848585995302224
993.3,1404.8533715299998,9228288,751,1261,7317,0.9752007126808167,0.19546031951904297,0.04512137,5e-05,0.00013421599869616329,4.1713580320278805,0.021932050585746765,7500,0.45703125,0.2,0.057781676001225905
993.3,1406.1277019500005,9240576,752,1262,7317,0.9885152578353882,0.1949184685945511,0.038398895,5e-05,-0.0023010051610375132,4.203521353999774,0.01025434024631977,7510,0.418603515625,0.2,0.03198417821355785
993.3,1405.5035138399999,9252864,753,1264,7317,0.9712432622909546,0.1946636438369751,0.042799205,5e-05,-0.0032866759996977636,4.2350716412067415,0.01348961889743805,7520,0.450048828125,0.2,0.06153087739755089
986.31,1395.8941840299997,9265152,754,1266,7317,0.9848591685295105,0.1938849240541458,0.03831719,5e-05,-0.002154144365825535,4.273720694581668,0.009131347760558128,7530,0.40323079427083336,0.2,0.03581442716531456
986.31,1395.9521063000004,9277440,755,1267,7318,0.9558253884315491,0.1937270611524582,0.03873839,5e-05,-0.003683620674322204,4.300510306159655,0.09575370699167252,7540,0.437255859375,0.2,0.6572223574466383
993.01,1406.78875911,9289728,756,1269,7318,0.9867316484451294,0.19330118596553802,0.049909454,5e-05,0.00021749686566181482,4.323276263475418,0.025828871876001358,7550,0.447900390625,0.2,0.04723285163830345
993.01,1407.1555532400002,9302016,757,1271,7318,0.9902030825614929,0.19304366409778595,0.037180673,5e-05,-0.004728631874604617,4.346332337458929,-0.000273645855486393,7560,0.4085774739583333,0.2,0.028047816583421082
989.11,1400.48764398,9314304,758,1272,7318,0.9903891682624817,0.19262035191059113,0.04063802,5e-05,-0.004713642034524431,4.370751570661863,-0.004694052971899509,7570,0.4141357421875,0.2,0.035682460793759675
989.11,1401.0403692300001,9326592,759,1274,7318,0.9097071290016174,0.19239242374897003,0.03805905,5e-05,-0.0019207328262079197,4.394388050834338,0.03286021575331688,7580,0.4431070963541667,0.2,0.871018205381309
989.11,1399.56620269,9338880,760,1276,7318,0.9443286061286926,0.19201123714447021,0.046809744,5e-05,0.0005784028748166747,4.4160079002380375,0.04106781631708145,7590,0.4878743489583333,0.2,0.14497707046878835
989.11,1397.41214584,9351168,761,1277,7318,0.9749153256416321,0.19205242395401,0.04258195,5e-05,0.0008252949929252888,4.426358080903689,0.009555842727422714,7600,0.44501953125,0.2,0.11009786955546588
996.1,1410.36011818,9363456,762,1279,7318,0.9874718189239502,0.19127041101455688,0.03539059,5e-05,-0.0007216264952148776,4.448954471945763,0.014578714035451412,7610,0.4049886067708333,0.2,0.040409712896992765
996.1,1409.5842761999997,9375744,763,1281,7318,0.9906307458877563,0.19086484611034393,0.039078444,5e-05,-0.0016126986985909753,4.486100518703461,0.004418765194714069,7620,0.4178385416666667,0.2,0.034181475914859524
996.1,1409.34060206,9388032,764,1283,7317,0.9108125567436218,0.1906801462173462,0.036620364,5e-05,-0.004176709446376966,4.505696364243826,0.022086212411522865,7630,0.425927734375,0.2,0.1213415324765568
996.1,1407.19518993,9400320,765,1284,7316,0.9227831959724426,0.19040314853191376,0.047431707,5e-05,0.0006198224912319953,4.522348219156266,0.046334899961948395,7640,0.4681803385416667,0.2,0.11058620243178059
1000.0,1412.5630945,9412608,766,1286,7316,0.9843854904174805,0.1899915188550949,0.035400342,5e-05,-0.004290641287419324,4.54395202199618,-0.003687063232064247,7650,0.4182942708333333,0.2,0.055123854870907964
1000.0,1412.47504707,9424896,767,1288,7315,0.9858964085578918,0.18971313536167145,0.04243848,5e-05,-0.0007803273168974556,4.569488035639127,0.023830950260162354,7660,0.4269612630208333,0.2,0.05428956231723229
1000.0,1415.0918444200004,9437184,768,1290,7314,0.9901404976844788,0.189178466796875,0.03515355,5e-05,-0.00383111003805728,4.5978918939828874,0.01613791659474373,7670,0.4047037760416667,0.2,0.030366568934793274
1000.0,1415.2084229999998,9449472,769,1291,7314,0.9907492399215698,0.188834086060524,0.033697877,5e-05,-0.005067738818615908,4.624793213605881,0.011721573770046234,7680,0.40457356770833336,0.2,0.03414694124755139
1000.0,1414.63702743,9461760,770,1293,7314,0.9904056787490845,0.18851123750209808,0.04157861,5e-05,-0.0031266591031453572,4.649324847261111,0.007198916748166084,7690,0.4199462890625,0.2,0.0332841268236128
990.99,1401.25753426,9474048,771,1295,7314,0.9919797778129578,0.18816380202770233,0.032934338,5e-05,-0.002856242009147536,4.67775705854098,0.002067653462290764,7700,0.4074951171875,0.2,0.02570478313524897
990.99,1400.3790813900005,9486336,772,1296,7314,0.9691284894943237,0.18795736134052277,0.042072404,5e-05,-0.0031359722716539787,4.6998768746852875,-9.777955710887909e-05,7710,0.4747314453125,0.2,0.15404715697901944
982.1,1388.8053036400001,9498624,773,1298,7314,0.9707951545715332,0.18736499547958374,0.042446647,5e-05,-0.001237538087783226,4.730931580066681,-0.005377139896154404,7720,0.46902669270833336,0.2,0.0402796097449027
982.1,1390.4502325499998,9510912,774,1300,7313,0.9875933527946472,0.18705295026302338,0.046813414,5e-05,-0.0030403096175480944,4.750683038433393,0.05947991460561752,7730,0.4708251953125,0.2,0.1587599955460367
981.8,1388.37207873,9523200,775,1302,7313,0.9926156401634216,0.18647940456867218,0.039488208,5e-05,-0.0013663901442972322,4.782469609379769,0.008034676313400269,7740,0.42784016927083335,0.2,0.03617385019703458
978.55,1381.80971804,9535488,776,1303,7312,0.9241401553153992,0.18635500967502594,0.04841437,5e-05,-0.0015126769925700501,4.804363046089808,0.24520161747932434,7750,0.48287760416666664,0.2,0.6549936515511945
978.55,1382.8227729499997,9547776,777,1305,7313,0.9410677552223206,0.18635542690753937,0.048139047,5e-05,0.0018508377092075535,4.809339235226314,0.18041697144508362,7760,0.5057698567708333,0.2,1.0346572905934106
978.55,1382.13634391,9560064,778,1307,7313,0.9497752785682678,0.18593330681324005,0.047109336,5e-05,0.003909684150858084,4.826999430855115,0.012426555156707764,7770,0.4870686848958333,0.2,0.0767980198492296
980.5,1386.2235966800006,9572352,779,1308,7313,0.9748935103416443,0.18544702231884003,0.044962596,5e-05,0.0003797891564317979,4.858913467327754,0.0013046301901340485,7780,0.448681640625,0.2,0.054420720475415386
980.5,1387.9575094699999,9584640,780,1310,7313,0.981627881526947,0.1853177398443222,0.05145855,5e-05,-0.0017152454320845814,4.87965601782004,0.11432401835918427,7790,0.4655680338541667,0.2,1.0074293101051202
989.39,1402.07760194,9596928,781,1312,7313,0.9710936546325684,0.1848159283399582,0.0466025,5e-05,-0.0007547356954698141,4.897727787494659,0.010790164582431316,7800,0.45779622395833336,0.2,0.044414642263048636
989.39,1403.6792393500002,9609216,782,1313,7313,0.9829308390617371,0.18442749977111816,0.043379787,5e-05,-0.0021324642662269373,4.923988970120748,0.010427238419651985,7810,0.44654947916666665,0.2,0.025553979656736676
989.69,1405.02186871,9621504,783,1315,7313,0.9852698445320129,0.18401551246643066,0.04026535,5e-05,-0.004173276354655779,4.956177162130674,0.03342009335756302,7820,0.43369954427083335,0.2,0.037608874527116615
992.94,1408.71882281,9633792,784,1317,7313,0.9847317337989807,0.18363697826862335,0.039692014,5e-05,-0.0029223142065651093,4.985202997922897,0.005098013207316399,7830,0.4360107421875,0.2,0.04565993272699416
992.94,1408.14588258,9646080,785,1318,7313,0.9453461766242981,0.1836257427930832,0.05533153,5e-05,-0.0004931247497249084,4.995481978853544,0.10684728622436523,7840,0.4825439453125,0.2,0.25634577153250576
978.57,1387.27061935,9658368,786,1320,7313,0.9338433742523193,0.18356455862522125,0.06070922,5e-05,0.0030025513833000636,5.0002536137898765,0.07697023451328278,7850,0.509130859375,0.2,0.1711648213909939
985.63,1397.0026241,9670656,787,1322,7314,0.9453347325325012,0.18360622227191925,0.048071742,5e-05,-2.99054382291312e-05,5.002539628744126,1.4901090860366821,7860,0.47872721354166664,0.2,2.878302060944649
976.87,1383.3008672600001,9682944,788,1323,7314,0.9473338723182678,0.18330121040344238,0.057914555,5e-05,0.0037823720987944396,5.006744236747424,0.009131651371717453,7870,0.5166259765625,0.2,0.10085668915028995
976.87,1382.5633216600002,9695232,789,1325,7314,0.9953135848045349,0.18295921385288239,0.051927734,5e-05,0.0017281629669014364,5.029231672485669,0.008089795708656311,7880,0.4748942057291667,0.2,0.07766115189685176
976.87,1382.30659588,9707520,790,1327,7314,0.9882124066352844,0.18232595920562744,0.039917234,5e-05,-0.0028301762106517953,5.067194277048111,0.004556093364953995,7890,0.42523600260416666,0.2,0.02419865439684751
976.87,1383.0899949799998,9719808,791,1328,7314,0.9832242131233215,0.18180088698863983,0.044303495,5e-05,-0.005498647103862216,5.10762012898922,-0.0050024595111608505,7900,0.44525553385416666,0.2,0.047401380185813954
976.87,1384.43009895,9732096,792,1330,7314,0.9935096502304077,0.18149824440479279,0.03794854,5e-05,-0.0020977910001723408,5.133846454819044,-0.00713301682844758,7910,0.40654296875,0.2,0.02272958115596945
976.87,1385.12384694,9744384,793,1332,7314,0.9841135740280151,0.18119275569915771,0.040322322,5e-05,-0.0004685870216538509,5.159159451723099,0.01449134573340416,7920,0.42608235677083334,0.2,0.03713717061715822
991.24,1406.1388004399998,9756672,794,1333,7314,0.9160121083259583,0.18121273815631866,0.056424845,5e-05,-0.001627535103276993,5.173704660932223,0.09202633798122406,7930,0.48011881510416665,0.2,0.23575740081723778
991.24,1407.1361008899999,9768960,795,1335,7314,0.9890996813774109,0.18094073235988617,0.04642505,5e-05,-0.000947227688448038,5.187827914953232,0.013087469153106213,7940,0.4335123697916667,0.2,0.02894687552858765
1000.0,1418.9313339999999,9781248,796,1337,7315,0.9858564734458923,0.18078362941741943,0.038832832,5e-05,-0.004144068390693671,5.204475823044777,-0.002002386376261711,7950,0.42421875,0.2,0.03199019812551948
1000.0,1420.5012657299997,9793536,797,1338,7315,0.9869377613067627,0.18036942183971405,0.04058091,5e-05,-0.0031591619903338143,5.231456687053044,0.0071044061332941055,7960,0.43694661458333334,0.2,0.033036320959217845
1000.0,1420.4955578400002,9805824,798,1340,7315,0.9875912070274353,0.1801530122756958,0.037882302,5e-05,-0.002926758012714951,5.259696196516355,0.000208171084523201,7970,0.4295572916666667,0.2,0.021936952906738347
1000.0,1421.25066705,9818112,799,1342,7315,0.9849238991737366,0.18000487983226776,0.045091722,5e-05,-0.001995558115595486,5.278609216213226,-0.01492366660386324,7980,0.4311767578125,0.2,0.027711551116469006
1000.0,1420.5199754999996,9830400,800,1343,7315,0.9859070777893066,0.17954786121845245,0.04780273,5e-05,-0.0020790157112060116,5.296951069434484,0.015592191368341446,7990,0.44037272135416666,0.2,0.029597581721221407
1000.0,1422.18959324,9842688,801,1345,7315,0.9850270748138428,0.17904353141784668,0.03858124,5e-05,-0.002548964848392643,5.331929419438044,0.004198326729238033,8000,0.4256998697916667,0.2,0.0182521243696101
1000.0,1422.37263886,9854976,802,1347,7315,0.9889732003211975,0.17861276865005493,0.03681472,5e-05,-0.00515123414224945,5.360467451810837,0.012975990772247314,8010,0.41790364583333334,0.2,0.03506590634933673
1000.0,1422.47144458,9867264,803,1348,7315,0.9913662672042847,0.17824529111385345,0.04003755,5e-05,-0.0018045398780183557,5.387324754397074,-0.02222154662013054,8020,0.42400716145833334,0.2,0.02247747715446167
1000.0,1423.25078295,9879552,804,1350,7315,0.9918718338012695,0.17790114879608154,0.035159484,5e-05,-0.003175760596059263,5.416060342391332,-0.01458620186895132,8030,0.40616048177083336,0.2,0.019581122578044112
1000.0,1423.0373048200001,9891840,805,1352,7315,0.9873281717300415,0.17753612995147705,0.04647936,5e-05,-0.002756517902404691,5.4429543823003765,-0.005592044442892075,8040,0.4312255859375,0.2,0.034968108928296715
1000.0,1422.1919745000005,9904128,806,1353,7316,0.975702166557312,0.17720581591129303,0.056291576,5e-05,-0.00018872295962258552,5.465806885560354,0.015448476187884808,8050,0.45810546875,0.2,0.044762178952805695
997.56,1418.0519472099998,9916416,807,1355,7316,0.9871918559074402,0.1768408864736557,0.04922375,5e-05,0.0003882920354953967,5.491328970591227,0.001708218827843666,8060,0.45999348958333336,0.2,0.028455394578243916
997.56,1419.42629506,9928704,808,1357,7316,0.9461180567741394,0.176663339138031,0.035148904,5e-05,-0.004643799741946471,5.510453875859579,0.4793850779533386,8070,0.442822265625,0.2,0.522952736968485
997.56,1419.04778558,9940992,809,1358,7316,0.9864176511764526,0.17644111812114716,0.044394642,5e-05,-0.0019047966265740494,5.527585648496946,-0.007953464984893799,8080,0.4487060546875,0.2,0.026698213629424573
997.56,1420.2949520699997,9953280,810,1360,7316,0.990736722946167,0.1758633404970169,0.046916824,5e-05,0.0005274012679971444,5.551984599232673,0.006339949555695057,8090,0.4444986979166667,0.2,0.02222278341456937
988.46,1407.31388042,9965568,811,1362,7316,0.9885793924331665,0.17543025314807892,0.04842068,5e-05,-0.0005782004387583584,5.581527428825696,-0.003169223666191101,8100,0.4554443359375,0.2,0.02841976563213393
988.46,1407.02191223,9977856,812,1363,7316,0.9230756759643555,0.17530514299869537,0.051152576,5e-05,6.269284397906935e-05,5.602351460854212,0.09135547280311584,8110,0.4722493489583333,0.2,1.5876109051828584
988.46,1405.600296,9990144,813,1365,7316,0.9741515517234802,0.17496909201145172,0.052903626,5e-05,-0.0013742732514704888,5.624453440308571,-0.0016762707382440567,8120,0.48095703125,0.2,0.041386160906404255
988.46,1406.29622595,10002432,814,1367,7316,0.9815845489501953,0.17462067306041718,0.049343657,5e-05,-0.0017138865393159601,5.655204768975576,0.030766939744353294,8130,0.4765625,0.2,0.037542124302126466
