time/fps,time/total_timesteps,time/iterations,rollout/ep_len_mean,time/time_elapsed,rollout/ep_rew_mean,train/approx_kl,train/entropy_loss,train/learning_rate,train/loss,train/clip_range,train/explained_variance,train/std,train/n_updates,train/value_loss,train/clip_fraction,train/policy_gradient_loss
11988,12288,1,61.53,1,4.555550279999999,,,,,,,,,,,
8903,24576,2,63.2,2,4.595903629999999,0.01587687,-16.981610214710237,0.0003,2.4134416580200195,0.2,-0.025920629501342773,0.9949736595153809,10,5.3434752131501835,0.189599609375,-0.019851838775017918
8255,36864,3,62.58,4,5.02113397,0.01584609,-16.90653839111328,0.0003,2.9356889724731445,0.2,0.17038774490356445,0.9881975650787354,20,5.611183715860049,0.1991943359375,-0.025053479043223584
7954,49152,4,63.76,6,6.315176289999999,0.016993547,-16.826581009229024,0.0003,2.4620347023010254,0.2,0.30039262771606445,0.9819662570953369,30,5.402417558928331,0.20560709635416666,-0.024563027052014755
7752,61440,5,64.79,7,9.39073982,0.018202046,-16.752498213450114,0.0003,2.5240581035614014,0.2,0.3969962000846863,0.9761008620262146,40,5.1593525474270185,0.2242919921875,-0.02603181674979472
7614,73728,6,63.53,9,7.36361467,0.01943413,-16.677564597129823,0.0003,2.859081745147705,0.2,0.5218482613563538,0.9702582359313965,50,5.128712978462378,0.24014485677083333,-0.028371144479024224
7551,86016,7,63.36,11,8.00795277,0.021077938,-16.597059655189515,0.0003,2.245292901992798,0.2,0.5499941110610962,0.9629467129707336,60,4.748011686901251,0.24298502604166666,-0.02832649955234956
7510,98304,8,66.3,13,9.413595420000002,0.022671806,-16.506160787741344,0.0003,1.7421302795410156,0.2,0.6265204548835754,0.9561095237731934,70,4.556335502366225,0.272607421875,-0.029363079419514784
7451,110592,9,65.05,14,11.17935132,0.023208028,-16.434950709342957,0.0003,1.5247255563735962,0.2,0.7187507748603821,0.9510340690612793,80,3.81405720214049,0.28513997395833335,-0.03135569381120149
7425,122880,10,64.8,16,11.233087629999998,0.02400302,-16.359612611929574,0.0003,1.840985894203186,0.2,0.7460351586341858,0.9450532793998718,90,3.823737973968188,0.284619140625,-0.03169088089295353
7383,135168,11,65.36,18,12.788669599999999,0.024402102,-16.288411005338034,0.0003,1.6308598518371582,0.2,0.7482712268829346,0.9391887784004211,100,3.793229891359806,0.28492838541666665,-0.032931273424765095
7370,147456,12,67.29,20,13.219888300000001,0.026743317,-16.18561041355133,0.0003,1.562599778175354,0.2,0.7852591276168823,0.9312546849250793,110,3.5301239555080732,0.31375325520833336,-0.03574155050155241
7354,159744,13,65.42,21,13.73903068,0.028299242,-16.08514702717463,0.0003,1.450339913368225,0.2,0.8051820993423462,0.9236068725585938,120,3.540774854024251,0.32146809895833334,-0.034581471098742135
7343,172032,14,66.22,23,15.824773129999997,0.028059045,-16.00223110516866,0.0003,1.513734221458435,0.2,0.8195198178291321,0.9176333546638489,130,3.487325339516004,0.3213623046875,-0.03561023133418833
7327,184320,15,66.35,25,15.414253389999999,0.029809898,-15.9039337515831,0.0003,1.511759638786316,0.2,0.8466293811798096,0.9100995659828186,140,3.3209937438368797,0.340380859375,-0.035754193074535576
7327,196608,16,65.99,26,16.582342609999998,0.03108845,-15.779934485753378,0.0003,2.080538511276245,0.2,0.8476398587226868,0.9004514813423157,150,3.483843361834685,0.33448893229166665,-0.034995685233540526
7325,208896,17,69.22,28,19.48893984,0.032550618,-15.67902726928393,0.0003,1.334559440612793,0.2,0.8604205250740051,0.8940825462341309,160,3.260410589973132,0.3542887369791667,-0.035828480199658466
7314,221184,18,71.2,30,18.38356752,0.031647842,-15.561466757456461,0.0003,1.5147145986557007,0.2,0.8786208629608154,0.8847746849060059,170,3.380633054673672,0.35257161458333336,-0.03641120642714668
7315,233472,19,71.17,31,19.52560364,0.028559199,-15.464099425077439,0.0003,1.7910581827163696,0.2,0.8774040341377258,0.8782652020454407,180,3.8822100833058357,0.33299153645833335,-0.036355498337070455
7313,245760,20,69.95,33,20.94220874,0.031543907,-15.361000919342041,0.0003,1.7427618503570557,0.2,0.8856573700904846,0.8704831600189209,190,3.692394483089447,0.3546875,-0.03579820313413317
7313,258048,21,68.75,35,22.13301862,0.03324322,-15.25437526901563,0.0003,1.590092658996582,0.2,0.8981861472129822,0.8638882637023926,200,3.478742677470048,0.3727783203125,-0.036801172028450915
7310,270336,22,70.57,36,22.76422402,0.035397563,-15.14837087591489,0.0003,1.8626534938812256,0.2,0.910054087638855,0.8563310503959656,210,3.4105797722935676,0.3709635416666667,-0.0367026890142976
7308,282624,23,71.31,38,21.799103450000004,0.035041414,-15.04477081100146,0.0003,1.8473905324935913,0.2,0.9018869996070862,0.8493496775627136,220,3.8199575463930766,0.378466796875,-0.037071591911565824
7302,294912,24,70.77,40,24.145959420000004,0.037474174,-14.919065741697947,0.0003,1.6196913719177246,0.2,0.9087480902671814,0.8402873873710632,230,3.477638808389505,0.3923746744791667,-0.03783868275932036
7303,307200,25,74.46,42,25.45799213,0.036208294,-14.803350243965784,0.0003,1.7220655679702759,0.2,0.9066206812858582,0.8324868679046631,240,3.7670593857765198,0.382421875,-0.03806808222919547
7301,319488,26,71.08,43,23.678495910000002,0.035887685,-14.71556210120519,0.0003,1.4418275356292725,0.2,0.9120250344276428,0.8273148536682129,250,3.7438244124253592,0.3850341796875,-0.038248643543435414
7298,331776,27,71.0,45,25.141934859999996,0.038040962,-14.58578620950381,0.0003,1.7238571643829346,0.2,0.9157142043113708,0.818194568157196,260,4.036491291224957,0.39654947916666666,-0.03747330941647912
7300,344064,28,74.36,47,26.781192970000003,0.041579407,-14.4955062687397,0.0003,1.3282126188278198,0.2,0.9226670265197754,0.8121703267097473,270,3.572143429517746,0.4154296875,-0.0362083355304397
7299,356352,29,75.06,48,27.98944945,0.035033677,-14.42071378827095,0.0003,2.250889778137207,0.2,0.9201954007148743,0.8076894879341125,280,4.343245750168959,0.39523111979166664,-0.03819523908023257
7297,368640,30,71.75,50,27.861754219999998,0.03858608,-14.329096547762553,0.0003,1.668339729309082,0.2,0.9267727136611938,0.8023831844329834,290,3.7002075796326,0.41232096354166664,-0.03783023192857703
7291,380928,31,74.67,52,30.76941058,0.045383703,-14.217376774549484,0.0003,1.263234257698059,0.2,0.937856912612915,0.7947170734405518,300,3.1252541889746985,0.44247233072916664,-0.03884596407006029
7293,393216,32,70.51,53,28.19134068,0.039752603,-14.136859248081842,0.0003,1.9888222217559814,0.2,0.9279199242591858,0.7900789380073547,310,4.151780279974143,0.3971028645833333,-0.03840897069118607
7290,405504,33,73.71,55,29.885047189999995,0.053116065,-14.01657575170199,0.0003,1.3409119844436646,0.2,0.9400002360343933,0.7820355296134949,320,2.9116233701507253,0.4614664713541667,-0.0406863530248908
7290,417792,34,74.09,57,31.63592272,0.04861183,-13.918774028619131,0.0003,1.220703125,0.2,0.9380946159362793,0.776900589466095,330,3.302418745060762,0.4411702473958333,-0.037250208814414994
7291,430080,35,75.98,58,32.045946089999994,0.038130376,-13.838638750712077,0.0003,1.6208292245864868,0.2,0.9317008852958679,0.7719981670379639,340,4.125956532855828,0.4052327473958333,-0.04111169968770507
7289,442368,36,73.91,60,34.36807886,0.04856528,-13.724160836140316,0.0003,1.4992071390151978,0.2,0.9436678886413574,0.7646536231040955,350,3.282977843284607,0.45224609375,-0.04121898497445121
7291,454656,37,73.15,62,32.38423084000001,0.044436675,-13.628472942113877,0.0003,1.6614223718643188,0.2,0.943489670753479,0.7593665719032288,360,3.9553386211395263,0.4316324869791667,-0.03957177788106492
7292,466944,38,75.21,64,34.641632019999996,0.046980858,-13.558216323455175,0.0003,1.5859968662261963,0.2,0.9416130185127258,0.7563344836235046,370,3.7272087852160136,0.43804524739583334,-0.04026118192705326
7289,479232,39,76.47,65,34.55159431,0.044239674,-13.471232777833938,0.0003,1.740609884262085,0.2,0.9428586363792419,0.749600887298584,380,4.334716161092122,0.42434895833333336,-0.04120409932608406
7290,491520,40,74.26,67,34.894090049999996,0.047811612,-13.3635622660319,0.0003,2.335538387298584,0.2,0.9431682825088501,0.7437419891357422,390,4.204186752935251,0.44231770833333334,-0.04096201447149118
7291,503808,41,77.25,69,36.92584277,0.051203366,-13.263357390960058,0.0003,1.4243221282958984,0.2,0.9459565877914429,0.7376928925514221,400,3.5263820628325147,0.4764404296875,-0.039048398688707193
7285,516096,42,73.67,70,37.5269456,0.049674403,-13.153351263205211,0.0003,1.953465461730957,0.2,0.9445822834968567,0.7312077879905701,410,4.059565945963064,0.45225423177083335,-0.04048752349529726
7283,528384,43,75.1,72,36.292304740000006,0.055381086,-13.05354053179423,0.0003,1.6075693368911743,0.2,0.9541135430335999,0.725306510925293,420,3.815073560674985,0.47886555989583335,-0.041076643870716606
7282,540672,44,75.9,74,39.42104497,0.050621916,-12.926563358306884,0.0003,1.5935710668563843,0.2,0.952226459980011,0.7184396386146545,430,3.985488537947337,0.461474609375,-0.04030806559409636
7283,552960,45,74.75,75,37.878924590000004,0.05860922,-12.81314348379771,0.0003,1.8181170225143433,0.2,0.9552863836288452,0.7113112807273865,440,3.538452913612127,0.48643391927083335,-0.041029918591569486
7278,565248,46,77.13,77,41.56417053999999,0.05678773,-12.687855446338654,0.0003,1.3354945182800293,0.2,0.9511590600013733,0.7043230533599854,450,3.774370854596297,0.4768880208333333,-0.041151372055658914
7280,577536,47,75.06,79,39.95989537999999,0.05216002,-12.57293416460355,0.0003,1.497072458267212,0.2,0.9558981657028198,0.6976244449615479,460,4.379118249813716,0.4716715494791667,-0.04218529244729628
7280,589824,48,77.16,81,41.57294224,0.059763547,-12.460184882084528,0.0003,1.8100121021270752,0.2,0.9569478631019592,0.6924231648445129,470,4.193153345088164,0.4825927734375,-0.04192802626154541
7280,602112,49,77.44,82,44.24697359000001,0.05598711,-12.359838775793712,0.0003,1.6969828605651855,0.2,0.9538684487342834,0.6866982579231262,480,4.319909401237965,0.48487955729166665,-0.04092768837484376
7279,614400,50,77.3,84,44.18897622,0.0549029,-12.271194920937221,0.0003,1.5885534286499023,0.2,0.9592098593711853,0.681782066822052,490,4.3459344685077665,0.48194986979166665,-0.03859804881940363
7278,626688,51,75.02,86,43.392303979999994,0.05727889,-12.176748243967692,0.0003,2.169276714324951,0.2,0.9547116756439209,0.6770831942558289,500,4.906018203993638,0.4632568359375,-0.041567701359357064
7278,638976,52,74.91,87,44.77796524,0.06915947,-12.083485392729441,0.0003,1.4938071966171265,0.2,0.9624576568603516,0.6716462969779968,510,3.8460989395777383,0.5164713541666667,-0.03889078551631731
7277,651264,53,72.95,89,44.20626551000001,0.056039166,-11.96614321867625,0.0003,2.0021727085113525,0.2,0.9570356607437134,0.666032612323761,520,4.920754208167394,0.4853759765625,-0.03910334405324344
7278,663552,54,74.77,91,46.11459132,0.0617051,-11.850480365753175,0.0003,2.3150408267974854,0.2,0.9625738859176636,0.6602525115013123,530,4.421706689397494,0.4994873046875,-0.0392204355118641
7265,675840,55,78.58,93,49.326614279999994,0.058476094,-11.778150814771653,0.0003,1.8075798749923706,0.2,0.9635446071624756,0.6570741534233093,540,4.279353159169356,0.4913411458333333,-0.03924590409296798
7267,688128,56,76.16,94,48.107441179999995,0.060429472,-11.698202906052272,0.0003,2.3528025150299072,0.2,0.9621013402938843,0.6524055004119873,550,4.996659012138844,0.4912027994791667,-0.038500461580891474
7265,700416,57,77.65,96,50.295910860000006,0.06586137,-11.619322977463405,0.0003,1.8640706539154053,0.2,0.9655911326408386,0.648859441280365,560,4.214643406371276,0.5161539713541666,-0.03680232612629576
7262,712704,58,77.97,98,50.94654502,0.06702283,-11.529729314645131,0.0003,2.187337636947632,0.2,0.9670594334602356,0.6440986394882202,570,4.4690178324778875,0.504541015625,-0.037749022221153915
7262,724992,59,80.33,99,54.728612440000006,0.059051797,-11.43673499027888,0.0003,2.114109992980957,0.2,0.9626821279525757,0.6393800973892212,580,4.90268932133913,0.4907958984375,-0.039003617155200725
7260,737280,60,77.22,101,52.2237175,0.06290769,-11.334813044468563,0.0003,1.797929286956787,0.2,0.9666913151741028,0.6349472403526306,590,4.645255707701048,0.5087076822916666,-0.03900493380788248
7258,749568,61,78.54,103,52.439876510000005,0.07043221,-11.255493392546972,0.0003,1.6154989004135132,0.2,0.9735275506973267,0.6313016414642334,600,3.8715345854560534,0.5367919921875,-0.03463042813236825
7259,761856,62,76.53,104,51.68443737999999,0.0692311,-11.166315509875615,0.0003,1.4835623502731323,0.2,0.970777690410614,0.6262428164482117,610,4.146680986384551,0.53154296875,-0.036018315721594266
7259,774144,63,80.97,106,56.40079962000001,0.06753864,-11.061851590871811,0.0003,1.959483027458191,0.2,0.9721524715423584,0.6208142638206482,620,4.063491286337376,0.530126953125,-0.03567381544659535
7257,786432,64,78.52,108,53.81290121,0.06658914,-10.989567706982294,0.0003,2.10611891746521,0.2,0.9689580798149109,0.6179114580154419,630,4.657796209057172,0.5097249348958334,-0.036424730751120175
7258,798720,65,80.01,110,56.42295765000001,0.07771627,-10.907679903507233,0.0003,2.0516154766082764,0.2,0.9743571281433105,0.6133441925048828,640,3.7464976395169893,0.5354654947916667,-0.037506266221559295
7259,811008,66,81.45,111,57.68791572,0.074702285,-10.802340869108836,0.0003,2.2726962566375732,0.2,0.9731866717338562,0.6075945496559143,650,3.9561258142193156,0.5487141927083333,-0.032607390387177776
7260,823296,67,82.2,113,57.764686040000015,0.06322798,-10.708634251356125,0.0003,2.348388910293579,0.2,0.9673429131507874,0.6038445234298706,660,5.390799678862095,0.4979736328125,-0.03611316190751192
7262,835584,68,80.66,115,58.345519859999996,0.06098035,-10.628875803947448,0.0003,2.3134350776672363,0.2,0.971632719039917,0.5996261835098267,670,5.491600921253363,0.4982096354166667,-0.03557344219249595
7263,847872,69,82.79,116,60.76654334,0.05864331,-10.557960826158524,0.0003,2.563417911529541,0.2,0.9693092107772827,0.5959694981575012,680,6.192991445461909,0.4913736979166667,-0.03356406020369226
7263,860160,70,82.32,118,59.964264240000006,0.08777606,-10.481726801395416,0.0003,1.408970594406128,0.2,0.9756166338920593,0.5923963189125061,690,3.9640512838959694,0.5651611328125,-0.03061612236779183
7264,872448,71,81.64,120,60.94090510999999,0.06971465,-10.411513410011928,0.0003,2.47904372215271,0.2,0.9670552611351013,0.5890445113182068,700,5.8574105074008305,0.534912109375,-0.03431607957366699
7265,884736,72,82.72,121,59.630346550000006,0.08138583,-10.324945698181788,0.0003,1.0080896615982056,0.2,0.9775360822677612,0.5851657390594482,710,4.241159307956695,0.5715006510416667,-0.028522170394232185
7266,897024,73,84.74,123,61.857320079999994,0.06968827,-10.275596443812052,0.0003,1.7706886529922485,0.2,0.9765999913215637,0.5832478404045105,720,4.534112848838171,0.5364908854166667,-0.03270978618723651
7267,909312,74,84.75,125,64.44248824,0.076311715,-10.203002393245697,0.0003,1.6715086698532104,0.2,0.9758251309394836,0.5790858864784241,730,4.219630702336629,0.5527750651041666,-0.031108933844855833
7268,921600,75,84.6,126,63.87701772,0.07491436,-10.10675742228826,0.0003,2.083594560623169,0.2,0.9735272526741028,0.5750741362571716,740,4.8442820330460865,0.5361002604166667,-0.03130835194848866
7269,933888,76,88.09,128,65.55973253,0.07515922,-10.073777621984481,0.0003,1.8790827989578247,0.2,0.9767394661903381,0.5732596516609192,750,4.710658970475197,0.5503580729166667,-0.03188519555648479
7270,946176,77,88.14,130,66.51498077999999,0.06783077,-9.985832490523656,0.0003,2.8298540115356445,0.2,0.9743176102638245,0.5687586069107056,760,5.73742144604524,0.5239095052083333,-0.031021765897457955
7270,958464,78,89.45,131,67.39665226999999,0.07592609,-9.904334529240925,0.0003,1.9224777221679688,0.2,0.9775065183639526,0.565125048160553,770,4.683563753465811,0.5468343098958334,-0.033696901328706494
7269,970752,79,87.38,133,63.29148887,0.07557856,-9.815023547410965,0.0003,2.405128002166748,0.2,0.9748303890228271,0.5610559582710266,780,5.580232455829779,0.5446533203125,-0.03418020608539033
7270,983040,80,90.75,135,70.98380983999999,0.082744494,-9.742734412352243,0.0003,1.2888342142105103,0.2,0.9772318005561829,0.5578367114067078,790,3.6635138928890227,0.576953125,-0.029473460290076522
7271,995328,81,93.97,136,69.88672959,0.08952933,-9.649541473388672,0.0003,1.4743226766586304,0.2,0.9783456921577454,0.5537066459655762,800,4.656752359867096,0.5591959635416667,-0.029026560679388542
7270,1007616,82,92.99,138,64.95832141999999,0.07642274,-9.561744479338328,0.0003,1.5684654712677002,0.2,0.973081111907959,0.5495801568031311,810,5.726449296375116,0.549072265625,-0.029841133422451094
7271,1019904,83,91.91,140,64.04152865,0.07981408,-9.499604819218318,0.0003,1.8933825492858887,0.2,0.9719306230545044,0.5467139482498169,820,5.12936901897192,0.5488525390625,-0.02900692793385436
7272,1032192,84,94.39,141,71.20235279,0.07687354,-9.430769836902618,0.0003,2.311384439468384,0.2,0.9711062908172607,0.5446116328239441,830,5.979094156126181,0.5361165364583333,-0.029156922836167116
7273,1044480,85,94.06,143,70.33177704999999,0.07431278,-9.383507059017818,0.0003,2.97916579246521,0.2,0.974725067615509,0.5427315831184387,840,6.193615511556467,0.5302164713541667,-0.030823899042540386
7274,1056768,86,94.07,145,70.56316855,0.0789226,-9.34338161945343,0.0003,1.723931908607483,0.2,0.9764923453330994,0.5408838391304016,850,4.962419759730498,0.5649251302083333,-0.028289722225357156
7275,1069056,87,96.61,146,73.40072645,0.08433914,-9.29624907374382,0.0003,1.5802874565124512,0.2,0.9796857833862305,0.5374879240989685,860,4.56235636373361,0.580517578125,-0.027933387013035826
7275,1081344,88,97.83,148,72.79638235,0.07763889,-9.22341821193695,0.0003,1.7659252882003784,0.2,0.9770525097846985,0.5356249809265137,870,5.745532391468684,0.5510904947916667,-0.03076639581316461
7276,1093632,89,99.72,150,72.58564563,0.097043075,-9.156115899483362,0.0003,1.4167262315750122,0.2,0.9809106588363647,0.5328783392906189,880,3.737713492165009,0.6077555338541667,-0.02301654180434222
7277,1105920,90,91.23,151,68.03291704,0.08597839,-9.081061526139576,0.0003,2.2246735095977783,0.2,0.9740712642669678,0.5291180610656738,890,5.709343941013018,0.5536783854166667,-0.02891168561230491
7277,1118208,91,97.76,153,76.68758287,0.11358484,-9.008118321498236,0.0003,1.3990662097930908,0.2,0.9811844825744629,0.5269420742988586,900,3.907618158310652,0.6129231770833333,-0.02337580689636525
7278,1130496,92,94.13,155,71.06409822,0.102070354,-8.929436910152436,0.0003,1.719939947128296,0.2,0.9771783351898193,0.5222395062446594,910,4.509214133024216,0.5782307942708333,-0.02787448806411703
7279,1142784,93,100.65,156,77.81892849,0.09446899,-8.854972279071808,0.0003,2.2031972408294678,0.2,0.9825267195701599,0.5196918845176697,920,3.9463650315999983,0.5980794270833333,-0.02510043849082043
7280,1155072,94,100.23,158,77.79736788,0.111448534,-8.79788699944814,0.0003,1.1724987030029297,0.2,0.9770315289497375,0.5177214741706848,930,3.9593284289042154,0.5959798177083333,-0.02920418586678958
7280,1167360,95,103.42,160,77.57200028000001,0.07966332,-8.736099435885746,0.0003,2.324094772338867,0.2,0.9784895181655884,0.5150951743125916,940,5.472512144843737,0.556591796875,-0.031729462556540966
7281,1179648,96,98.78,162,75.15484506,0.08466965,-8.669291698932648,0.0003,3.3017377853393555,0.2,0.9751883745193481,0.5124157667160034,950,5.710354202489058,0.5424886067708333,-0.029783456072133657
7281,1191936,97,104.13,163,81.98411503,0.09044993,-8.603453509012859,0.0003,2.8964641094207764,0.2,0.9794206619262695,0.5093091130256653,960,5.018661966919899,0.5724446614583333,-0.02653123603959102
7281,1204224,98,101.69,165,79.58018745999999,0.08763486,-8.524289751052857,0.0003,2.003736734390259,0.2,0.9786879420280457,0.5060743093490601,970,5.734873195985953,0.5683268229166667,-0.02724565862251135
7281,1216512,99,109.36,167,87.51873957000002,0.10321915,-8.451245911916097,0.0003,3.191967725753784,0.2,0.9831500053405762,0.5033031105995178,980,4.759289757410685,0.6059488932291667,-0.027064138651864293
7281,1228800,100,105.26,168,81.68440936,0.088102125,-8.385542086760204,0.0003,2.628877878189087,0.2,0.9798386096954346,0.5002988576889038,990,5.86516012698412,0.5613037109375,-0.02751413445318273
7282,1241088,101,113.61,170,87.19921193,0.091372125,-8.317669000228246,0.0003,2.0152220726013184,0.2,0.9804798364639282,0.4978390038013458,1000,5.066228421529134,0.5876139322916667,-0.027635061069546888
7282,1253376,102,109.67,172,82.57847806,0.089120604,-8.251077665885289,0.0003,2.60758900642395,0.2,0.9807979464530945,0.4949203431606293,1010,5.830546749631564,0.5506998697916666,-0.030459488853618193
7283,1265664,103,118.12,173,94.42526675,0.09817789,-8.168968774875005,0.0003,2.67008638381958,0.2,0.9802486300468445,0.49170419573783875,1020,4.9364741081992785,0.5882242838541667,-0.02230142350163078
7283,1277952,104,132.1,175,106.09727798,0.118673034,-8.102502691745759,0.0003,1.4994767904281616,0.2,0.9841051697731018,0.48963555693626404,1030,4.409155949453512,0.6154541015625,-0.020413052221556427
7283,1290240,105,114.25,177,88.35880109000001,0.10250398,-8.04985133210818,0.0003,2.3913941383361816,0.2,0.9788119196891785,0.48722314834594727,1040,5.197904572884242,0.5845621744791667,-0.02308097371230057
7284,1302528,106,127.68,178,99.85645975,0.09252516,-8.007546613613764,0.0003,1.1492820978164673,0.2,0.9795939326286316,0.4856531620025635,1050,5.4971441199382145,0.5797281901041667,-0.023366336276133857
7284,1314816,107,135.63,180,109.11057436999998,0.096900724,-7.96290863553683,0.0003,1.6433168649673462,0.2,0.981877863407135,0.48309245705604553,1060,5.0809485331177715,0.5993082682291667,-0.020993763389803157
7285,1327104,108,138.57,182,111.90490525999999,0.08357612,-7.9073220233122505,0.0003,3.249037265777588,0.2,0.9808074831962585,0.48063644766807556,1070,6.782278910279274,0.545361328125,-0.025782174065049426
7285,1339392,109,151.68,183,124.28600006999999,0.08183071,-7.847016658385595,0.0003,4.324184894561768,0.2,0.9780759215354919,0.478369802236557,1080,7.52822753538688,0.5608479817708333,-0.023042548225688127
7282,1351680,110,163.37,185,130.45170779,0.06537219,-7.787962472438812,0.0003,3.736469268798828,0.2,0.9731549024581909,0.476085901260376,1090,10.517289689183235,0.4984130859375,-0.03106227079454887
7282,1363968,111,164.65,187,129.81852055,0.08355174,-7.7325420369704565,0.0003,4.1007490158081055,0.2,0.9761988520622253,0.47346755862236023,1100,9.272519551714261,0.5366292317708333,-0.025061850752293443
7282,1376256,112,173.02,188,136.22039254999999,0.07390425,-7.681392580270767,0.0003,3.1825997829437256,0.2,0.9780536890029907,0.4716763496398926,1110,9.262417893608411,0.5426839192708334,-0.02469667015442004
7283,1388544,113,188.69,190,156.28053570999998,0.091903575,-7.648109324773153,0.0003,6.235041618347168,0.2,0.9787092804908752,0.4701448678970337,1120,9.60359829266866,0.5617594401041667,-0.0217545860078341
7282,1400832,114,168.73,192,132.62026949,0.118122526,-7.608791289726893,0.0003,2.4473440647125244,0.2,0.9821090698242188,0.46812644600868225,1130,8.046587394177914,0.5989095052083333,-0.020107414619997144
7283,1413120,115,188.26,194,157.64971452999998,0.09879244,-7.573225093881289,0.0003,4.522364139556885,0.2,0.9841774106025696,0.4676937162876129,1140,8.547904060284298,0.58505859375,-0.024479681083660883
7283,1425408,116,225.23,195,191.32914068000002,0.099856466,-7.575351677338282,0.0003,3.7028229236602783,0.2,0.9813870191574097,0.4672224819660187,1150,9.3995008846124,0.5808837890625,-0.023943854921283977
7284,1437696,117,234.76,197,198.58958390000004,0.10467899,-7.546076540152232,0.0003,1.9296905994415283,0.2,0.9814777970314026,0.4662209451198578,1160,6.033745245138804,0.61171875,-0.01646536467014812
7283,1449984,118,285.17,199,245.63319255000005,0.108433865,-7.498239521185557,0.0003,2.384587287902832,0.2,0.9885246753692627,0.4642139673233032,1170,5.557720653216044,0.6084228515625,-0.016831116732403947
7283,1462272,119,316.22,200,258.96082438,0.08929616,-7.474617831905683,0.0003,1.7023168802261353,0.2,0.9817322492599487,0.46323978900909424,1180,6.325880354642868,0.5906819661458333,-0.021331261156592517
7283,1474560,120,368.91,202,298.59470545999994,0.07581567,-7.463906971613566,0.0003,4.856261253356934,0.2,0.9823811650276184,0.46300628781318665,1190,8.604385422170163,0.5438313802083333,-0.026609831450817484
7283,1486848,121,421.72,204,332.20838188,0.06476537,-7.41720396776994,0.0003,3.351663112640381,0.2,0.9806395769119263,0.46111735701560974,1200,9.897507200638453,0.5061930338541667,-0.030817883418058044
7284,1499136,122,454.61,205,355.03156731999997,0.11414335,-7.40010234117508,0.0003,0.943950891494751,0.2,0.9898669123649597,0.4603152275085449,1210,3.86814547876517,0.6479248046875,-0.011661114332188543
7283,1511424,123,526.48,207,425.13475594000005,0.056154,-7.364148536324501,0.0003,4.976725101470947,0.2,0.9815686345100403,0.4595983922481537,1220,9.310675686597824,0.5004964192708333,-0.02503320018198186
7284,1523712,124,552.15,209,438.21395769000003,0.10993999,-7.348559441169103,0.0003,2.3811182975769043,0.2,0.9858079552650452,0.45886409282684326,1230,5.693652533491453,0.610107421875,-0.018208280334753604
7283,1536000,125,572.53,210,448.34950877000006,0.18355544,-7.319221595923106,0.0003,0.982616662979126,0.2,0.9946292638778687,0.4569484293460846,1240,2.210518547644218,0.7074462890625,0.0035432571972099443
7283,1548288,126,556.9,212,437.89257983999994,0.068286784,-7.271522624293963,0.0003,2.1551291942596436,0.2,0.9892520904541016,0.4556518793106079,1250,5.054778553545475,0.5291259765625,-0.025066382913306977
7283,1560576,127,604.4,214,488.68102795999994,0.11424768,-7.24169598420461,0.0003,1.4212515354156494,0.2,0.9927069544792175,0.45492783188819885,1260,3.431229745099942,0.5980224609375,-0.017326805922978868
7281,1572864,128,602.24,216,476.99742417999994,0.09013704,-7.214442670345306,0.0003,1.2552595138549805,0.2,0.990711510181427,0.45236778259277344,1270,5.799447181820869,0.5735188802083333,-0.01710879314196063
7280,1585152,129,586.93,217,463.10574850000006,0.14064205,-7.171169470747312,0.0003,0.5456984043121338,0.2,0.9970659017562866,0.45151445269584656,1280,1.4625457545121512,0.6797607421875,-0.007450266795543333
7280,1597440,130,617.62,219,498.52887663,0.12724327,-7.1329636663198475,0.0003,0.5225411653518677,0.2,0.9976494312286377,0.44967785477638245,1290,1.2524907168000936,0.6636149088541666,-0.010737383643087621
7280,1609728,131,578.73,221,482.09887233999996,0.090760045,-7.079146962364515,0.0003,0.7002444863319397,0.2,0.9956557154655457,0.4483763873577118,1300,1.9508313095817964,0.5696695963541667,-0.020109025119260573
7280,1622016,132,500.91,222,441.32638804000004,0.037864298,-7.042648310462634,0.0003,4.263537406921387,0.2,0.9850554466247559,0.44689038395881653,1310,10.429437207182248,0.3918212890625,-0.03195582269787944
7280,1634304,133,446.45,224,397.41240658000004,0.052351106,-6.993524224559466,0.0003,2.7893903255462646,0.2,0.989111602306366,0.44488582015037537,1320,7.4941317622860275,0.4619222005208333,-0.030582703233812937
7279,1646592,134,412.41,226,371.40995265000004,0.096920885,-6.956986023982366,0.0003,1.1541515588760376,0.2,0.9900777339935303,0.44400954246520996,1330,4.359507927298546,0.5991943359375,-0.01436835280668068
7279,1658880,135,430.03,227,363.63847192000003,0.09118584,-6.905050464471182,0.0003,2.747511625289917,0.2,0.990121066570282,0.44190874695777893,1340,5.295099550982316,0.5668619791666667,-0.024185249935059498
7279,1671168,136,431.91,229,353.40662602,0.108133286,-6.8703052332003915,0.0003,1.4267266988754272,0.2,0.993405282497406,0.44045233726501465,1350,4.091772150248289,0.63896484375,-0.016984354164257334
7278,1683456,137,450.57,231,356.7394146400001,0.099274926,-6.840088570117951,0.0003,3.0343017578125,0.2,0.9898907542228699,0.43934932351112366,1360,5.004918641845385,0.5960530598958333,-0.02263865856997048
7278,1695744,138,485.73,232,392.10343498,0.14474054,-6.806913099686304,0.0003,0.8970328569412231,0.2,0.9948379993438721,0.4383731782436371,1370,2.784965655952692,0.67578125,-0.008483549767212632
7277,1708032,139,525.78,234,431.73809206999994,0.16119915,-6.764916863044103,0.0003,0.8559702038764954,0.2,0.9967352747917175,0.43653038144111633,1380,2.06635596541067,0.6896240234375,-0.008261006861478867
7277,1720320,140,593.94,236,495.23205737999996,0.12094391,-6.716111913323402,0.0003,0.6888926029205322,0.2,0.9865940809249878,0.43387916684150696,1390,2.581408675884207,0.6024495442708333,-0.013862696457848264
7277,1732608,141,641.67,238,527.85305623,0.1268868,-6.658080731829007,0.0003,0.6723620891571045,0.2,0.9929049015045166,0.4325554072856903,1400,1.814507347966234,0.6416666666666667,-0.011225152804884904
7277,1744896,142,690.32,239,571.73931851,0.11960576,-6.627486970027288,0.0003,0.5748900771141052,0.2,0.9952139258384705,0.4314604103565216,1410,1.9785474692781766,0.6534261067708333,-0.009200813106629843
7277,1757184,143,690.24,241,573.09668966,0.09319105,-6.562914462884267,0.0003,1.2523167133331299,0.2,0.9909048080444336,0.4288846254348755,1420,4.103998166571061,0.5752766927083334,-0.01917177017312497
7277,1769472,144,740.0,243,617.96357785,0.12964875,-6.520930782953898,0.0003,0.9790782928466797,0.2,0.9949737191200256,0.42776942253112793,1430,2.4736993623276553,0.6547607421875,-0.012062157999025658
7277,1781760,145,734.16,244,603.3316260999999,0.15366626,-6.498296141624451,0.0003,0.38874557614326477,0.2,0.9963213801383972,0.4266842305660248,1440,2.2015049817661443,0.7003987630208334,0.004131089303215655
7276,1794048,146,750.18,246,604.2764783599999,0.11387169,-6.45442722539107,0.0003,0.8485938906669617,0.2,0.9961795210838318,0.4256812036037445,1450,2.02003473204871,0.6014404296875,-0.017519737032125705
7276,1806336,147,779.31,248,625.51854929,0.09454235,-6.416432001193365,0.0003,0.7750560641288757,0.2,0.9961168169975281,0.42355647683143616,1460,2.437481370692452,0.6072591145833334,-0.013152074633399024
7276,1818624,148,788.4,249,628.51483181,0.1478542,-6.371367766459783,0.0003,0.36258843541145325,0.2,0.9958338141441345,0.42183706164360046,1470,1.6070050245771805,0.6904052734375,-0.0038051913982296054
7275,1830912,149,798.07,251,644.2614671100001,0.15100749,-6.321103390057882,0.0003,0.5507948398590088,0.2,0.9974716305732727,0.4207817018032074,1480,1.4003298566987117,0.6693359375,-0.007206895464817838
7275,1843200,150,778.19,253,623.8140276199999,0.10904328,-6.310884437958399,0.0003,0.5716275572776794,0.2,0.9944889545440674,0.41940340399742126,1490,1.9338607459018629,0.6436848958333333,-0.0033246446507594857
7275,1855488,151,762.94,255,647.1131181999999,0.07953837,-6.241332011421521,0.0003,1.2697768211364746,0.2,0.9953539967536926,0.41720929741859436,1500,3.614624049266179,0.5914469401041667,-0.018017180582198002
7275,1867776,152,729.1,256,607.8318070099999,0.11913938,-6.196775276462237,0.0003,0.4003807306289673,0.2,0.994881808757782,0.4162583351135254,1510,1.7130628888805708,0.6415690104166667,-0.009520320777664893
7274,1880064,153,736.08,258,624.1863674399999,0.12759528,-6.150050860643387,0.0003,0.8482455611228943,0.2,0.9883203506469727,0.4141235649585724,1520,2.489385022222996,0.6115641276041667,-0.008980987246710962
7274,1892352,154,739.57,260,644.5834011399999,0.17481796,-6.110250507791837,0.0003,0.5214218497276306,0.2,0.997252881526947,0.41342440247535706,1530,1.2818048177907864,0.7013590494791667,-0.0025961151395070678
7274,1904640,155,719.91,261,607.8423554999999,0.121457785,-6.0770638803641,0.0003,0.7027902007102966,0.2,0.9927753210067749,0.412487268447876,1540,2.0087695849438507,0.6148030598958333,-0.012480902253688935
7274,1916928,156,722.25,263,598.06244907,0.09239757,-6.064217807849248,0.0003,0.6238633990287781,0.2,0.990382730960846,0.41130614280700684,1550,2.0461512451370556,0.5956380208333333,-0.018268225169352566
7274,1929216,157,750.96,265,609.87172432,0.07345263,-6.0139707336823145,0.0003,1.1798198223114014,0.2,0.991378903388977,0.40923139452934265,1560,3.7948141381144525,0.5632975260416667,-0.01932044406469989
7274,1941504,158,743.75,266,622.0862276299999,0.14282678,-5.975178645054499,0.0003,0.4366116225719452,0.2,0.9962160587310791,0.4084281921386719,1570,1.4652177075544992,0.6799641927083333,-0.009055512239137897
7274,1953792,159,683.6,268,572.38157273,0.12953958,-5.950175227721532,0.0003,0.41285213828086853,0.2,0.9959691166877747,0.40706443786621094,1580,1.6156252510845661,0.6602701822916667,-0.009170049549235651
7273,1966080,160,678.59,270,575.6766759000001,0.088257454,-5.897881445288658,0.0003,1.0435161590576172,0.2,0.9937283992767334,0.40502849221229553,1590,3.089641325175762,0.57509765625,-0.021339931059628725
7272,1978368,161,625.76,272,569.28692037,0.06452656,-5.84696048994859,0.0003,2.1403725147247314,0.2,0.9876329898834229,0.4039750397205353,1600,6.63953674385945,0.5067952473958334,-0.025313466935767793
7271,1990656,162,616.63,273,572.85240676,0.054350007,-5.806531890233358,0.0003,2.2232511043548584,0.2,0.9844649434089661,0.40289369225502014,1610,10.054402675231298,0.47849934895833335,-0.030427494283261088
7270,2002944,163,625.29,275,596.8057747500001,0.08633206,-5.776910760005316,0.0003,1.9267668724060059,0.2,0.9869452118873596,0.4013066291809082,1620,5.820252093672752,0.596630859375,-0.0181489289541787
7270,2015232,164,642.06,277,623.5057030300001,0.13752373,-5.732909565170606,0.0003,1.8602148294448853,0.2,0.9920920729637146,0.40069380402565,1630,3.6830184092124303,0.6716064453125,-0.004209653633491447
7268,2027520,165,668.44,278,640.2175803,0.15653563,-5.721335778633754,0.0003,1.0636829137802124,0.2,0.9946235418319702,0.4003218710422516,1640,3.155152010669311,0.6950846354166667,-0.0028005118375100816
7268,2039808,166,692.41,280,646.17571409,0.1975357,-5.714641425013542,0.0003,0.30953001976013184,0.2,0.9949764013290405,0.3999629020690918,1650,1.7497144486755132,0.7081705729166666,-0.00023037788923829794
7265,2052096,167,748.85,282,704.0053063700001,0.11994027,-5.7125339557727175,0.0003,0.6391797661781311,0.2,0.9934613704681396,0.39925456047058105,1660,2.312746174881856,0.6654215494791667,-0.006041331071173772
7264,2064384,168,762.44,284,701.34400057,0.118653156,-5.67755096356074,0.0003,0.8652929067611694,0.2,0.9873430728912354,0.3980685770511627,1670,2.3546056643128397,0.6446207682291667,-0.011108131233777385
7264,2076672,169,732.06,285,655.6669389399999,0.09599289,-5.619651436805725,0.0003,0.7826801538467407,0.2,0.9909889698028564,0.3954733610153198,1680,2.9071407315631705,0.6089925130208333,-0.01871302113480245
7262,2088960,170,748.27,287,665.50519948,0.11878755,-5.585488640268644,0.0003,0.8400673866271973,0.2,0.9922827482223511,0.39530864357948303,1690,2.5246284862359363,0.66083984375,-0.0022726173636328896
7258,2101248,171,720.79,289,650.035307,0.14579083,-5.575037245949109,0.0003,0.46532127261161804,0.2,0.9960961937904358,0.39443036913871765,1700,1.7608008145044247,0.6975911458333334,-0.0007907110188777248
7255,2113536,172,729.29,291,658.9597162299999,0.07938587,-5.530599798758825,0.0003,2.866652727127075,0.2,0.9883232712745667,0.393214613199234,1710,5.844325073063374,0.5456868489583333,-0.026558610086794943
7254,2125824,173,737.29,293,678.00189252,0.18172334,-5.513922211527825,0.0003,0.9324389696121216,0.2,0.9935539960861206,0.3924638330936432,1720,2.804526051258047,0.6725748697916667,-0.009865659489878453
7253,2138112,174,721.38,294,648.6643236000001,0.19407757,-5.515373318394025,0.0003,0.508674681186676,0.2,0.997395396232605,0.3932800590991974,1730,1.3273420146356025,0.7435953776041667,0.008882232791802381
7252,2150400,175,749.34,296,672.0167074,0.13465099,-5.481471691528956,0.0003,0.6113601326942444,0.2,0.9954865574836731,0.3912796676158905,1740,1.9244363927592834,0.6386311848958334,-0.013371305965119974
7252,2162688,176,771.29,298,701.1075516300002,0.16151918,-5.436283554633459,0.0003,0.4485224783420563,0.2,0.9944847226142883,0.38942790031433105,1750,1.401384915287296,0.6585693359375,-0.007320465768376986
7251,2174976,177,802.89,299,726.73535066,0.18781267,-5.402288091182709,0.0003,0.17739906907081604,0.2,0.9979696273803711,0.3887430727481842,1760,0.5539455582077305,0.7296305338541667,0.001380149160589402
7250,2187264,178,796.21,301,713.0303128500001,0.12529685,-5.3714537183443705,0.0003,0.21936793625354767,0.2,0.9960899353027344,0.3877014219760895,1770,0.884413975601395,0.6380859375,-0.018482923216652125
7249,2199552,179,769.78,303,676.4586975500001,0.064508416,-5.328859136501948,0.0003,0.9002535343170166,0.2,0.9915613532066345,0.38647186756134033,1780,3.1684690934916335,0.5054443359375,-0.029880117379070724
7248,2211840,180,801.3,305,721.9092335199998,0.07264186,-5.29941423535347,0.0003,1.7508596181869507,0.2,0.9904047846794128,0.38568949699401855,1790,3.6745526656508445,0.54384765625,-0.021751704537503733
7247,2224128,181,789.67,306,723.64457456,0.07123304,-5.25900882979234,0.0003,2.7236053943634033,0.2,0.980857789516449,0.38425278663635254,1800,5.875059310098489,0.5007731119791666,-0.028328041841935676
7243,2236416,182,737.1,308,664.2016530600001,0.14623629,-5.220280582706134,0.0003,1.2127491235733032,0.2,0.993942141532898,0.38337579369544983,1810,2.530249176422755,0.6416015625,-0.017290044532273896
7241,2248704,183,724.17,310,655.91483752,0.06944597,-5.183317153652509,0.0003,2.8044939041137695,0.2,0.9877065420150757,0.3821812868118286,1820,6.5238010058800375,0.5342041015625,-0.028515931734000334
7239,2260992,184,743.4,312,680.91658354,0.12475412,-5.15502813855807,0.0003,1.488887071609497,0.2,0.9915869235992432,0.38150110840797424,1830,4.026769510408243,0.6210205078125,-0.020952801851672122
7238,2273280,185,747.73,314,687.13963862,0.09126798,-5.127258270978928,0.0003,1.1711901426315308,0.2,0.984477162361145,0.3803352117538452,1840,5.854804776608944,0.5862467447916667,-0.023394187787198463
7238,2285568,186,740.58,315,674.92954379,0.13338412,-5.092081905404727,0.0003,3.495124101638794,0.2,0.9895119071006775,0.37943217158317566,1850,5.329287300010522,0.6466227213541667,-0.014983777234253164
7238,2297856,187,714.04,317,643.36856069,0.21920985,-5.112427066763242,0.0003,0.9116408824920654,0.2,0.9927962422370911,0.3797186613082886,1860,2.5615142582605284,0.7549235026041666,0.018115702798240818
7237,2310144,188,763.48,319,698.13955811,0.0883288,-5.068656517068545,0.0003,1.2292630672454834,0.2,0.9842495322227478,0.3780330717563629,1870,5.554573476066192,0.581982421875,-0.02145717040693853
7237,2322432,189,787.28,320,734.7918554999998,0.1992449,-5.036519972483317,0.0003,1.1349550485610962,0.2,0.9895113706588745,0.37749695777893066,1880,3.394313082595666,0.7331787109375,0.006479536891371633
7237,2334720,190,769.96,322,712.2832128499999,0.29350048,-5.14676747918129,0.0003,0.3567112982273102,0.2,0.9962626099586487,0.3806574046611786,1890,1.2708433801929155,0.8228922526041667,0.0566099658535677
7236,2347008,191,802.22,324,761.1656152600001,0.10481528,-5.116865035891533,0.0003,1.0243375301361084,0.2,0.9912292957305908,0.3785451650619507,1900,2.941656389956673,0.6232991536458333,-0.015143184168361282
7236,2359296,192,806.61,326,754.1734421000001,0.120842256,-5.0609162747859955,0.0003,1.0554050207138062,0.2,0.9914509654045105,0.3766660690307617,1910,3.149827677756548,0.6180826822916666,-0.02127747218182776
7236,2371584,193,811.33,327,751.0057075099998,0.096483886,-5.020608401298523,0.0003,0.6800368428230286,0.2,0.9926263093948364,0.37570953369140625,1920,3.516498265663783,0.6040201822916667,-0.022305433376459405
7237,2383872,194,795.65,329,749.29656798,0.1413681,-5.014636179804802,0.0003,0.6108652353286743,0.2,0.9931154847145081,0.37561559677124023,1930,2.372107591231664,0.6987141927083333,-0.002610586270263108
7237,2396160,195,787.74,331,741.5887437199999,0.11870613,-5.004383614659309,0.0003,0.8224773406982422,0.2,0.9922146797180176,0.3751886785030365,1940,3.368717297911644,0.6248372395833334,-0.016009813378332183
7237,2408448,196,758.63,332,722.15150997,0.123509705,-4.975523253281911,0.0003,0.9445516467094421,0.2,0.9912487268447876,0.37441954016685486,1950,3.69690382083257,0.6230305989583333,-0.018858243514356825
7237,2420736,197,750.37,334,718.70351789,0.11523774,-4.936143231391907,0.0003,2.1548211574554443,0.2,0.986465573310852,0.3725615441799164,1960,5.011206330607335,0.6584716796875,-0.006556339511977664
7237,2433024,198,756.11,336,739.65963951,0.1713037,-4.865440737207731,0.0003,1.2658138275146484,0.2,0.9913934469223022,0.3708263337612152,1970,3.0603678365548452,0.6798421223958333,-0.00808997634643068
7237,2445312,199,745.79,337,740.8006485199999,0.34304866,-4.907621249556541,0.0003,0.5837095379829407,0.2,0.9916058778762817,0.37351909279823303,1980,1.3938922074933846,0.8559326171875,0.09815684685114927
7237,2457600,200,721.65,339,722.9540467600001,0.055849206,-4.9037242790063225,0.0003,1.7450191974639893,0.2,0.9778039455413818,0.3715510070323944,1990,4.770068942507108,0.5161702473958333,-0.024106767433113418
7236,2469888,201,645.06,341,638.44107433,0.14778695,-4.863494548201561,0.0003,0.6584436297416687,0.2,0.9910275340080261,0.37060555815696716,2000,2.8187907631198565,0.6588053385416667,-0.011212266131769866
7236,2482176,202,657.51,342,649.37963106,0.054559264,-4.82586952149868,0.0003,5.223365783691406,0.2,0.984184980392456,0.36907604336738586,2010,9.42587500611941,0.50244140625,-0.03371317096947071
7237,2494464,203,612.21,344,602.12141053,0.1247224,-4.773200620214144,0.0003,1.2659809589385986,0.2,0.9874926805496216,0.3675518035888672,2020,6.388140832384427,0.6223958333333334,-0.020010056562993365
7236,2506752,204,615.68,346,603.1955620499999,0.19068886,-4.756283770998319,0.0003,1.132090449333191,0.2,0.9914727210998535,0.36745357513427734,2030,2.893912577132384,0.7084065755208333,-0.007904276522458531
7236,2519040,205,629.71,348,633.53215557,0.13694024,-4.727783517042796,0.0003,0.684935450553894,0.2,0.9895125031471252,0.3661990165710449,2040,2.7794318002959093,0.6711751302083333,-0.00688044689304661
7236,2531328,206,669.16,349,677.41268387,0.11907718,-4.7224859416484835,0.0003,1.2194007635116577,0.2,0.9847708344459534,0.3661614954471588,2050,5.51138621121645,0.6288736979166667,-0.01738205964114362
7236,2543616,207,669.31,351,668.69551402,0.11398437,-4.682141697406768,0.0003,2.1763715744018555,0.2,0.9885033369064331,0.3646319806575775,2060,6.333748906850815,0.6151448567708333,-0.020984366109284263
7235,2555904,208,651.57,353,654.8295541600002,0.109590374,-4.662759005029996,0.0003,3.1656267642974854,0.2,0.9855525493621826,0.36449137330055237,2070,6.774475644528866,0.629443359375,-0.02035123574460158
7236,2568192,209,660.9,354,678.22069422,0.1771431,-4.653649649024009,0.0003,1.8810913562774658,0.2,0.9889192581176758,0.36401236057281494,2080,4.755149990071853,0.7315755208333333,0.010977205422144228
7236,2580480,210,649.32,356,653.51822916,0.11873742,-4.63103915154934,0.0003,2.140397310256958,0.2,0.9892451167106628,0.3631102740764618,2090,5.664368976155917,0.6598225911458333,-0.005148688923024262
7236,2592768,211,654.69,358,663.2807660499999,0.72939175,-4.723587510983149,0.0003,0.8021194934844971,0.2,0.98304682970047,0.36927011609077454,2100,2.0805141073962052,0.8858154296875,0.10015428255719598
7237,2605056,212,636.42,359,632.51832219,0.10607801,-4.788532189528147,0.0003,1.7656357288360596,0.2,0.9818556904792786,0.36780235171318054,2110,4.4884938406447565,0.638037109375,-0.012997978510975372
7237,2617344,213,681.82,361,704.3755580300001,0.109371245,-4.752006549636523,0.0003,1.7837015390396118,0.2,0.9873384833335876,0.3665958344936371,2120,5.237565565109253,0.6165120442708333,-0.023981751274550333
7237,2629632,214,641.94,363,654.19471296,0.18922694,-4.749083352088928,0.0003,1.1235185861587524,0.2,0.9846275448799133,0.36741241812705994,2130,3.514999644954999,0.7070719401041666,-0.0028849745062567915
7238,2641920,215,618.72,365,635.8120305,0.05042814,-4.747332538167636,0.0003,2.9932827949523926,0.2,0.9771298170089722,0.3668120801448822,2140,14.852051243185997,0.4947102864583333,-0.029670127233839595
7238,2654208,216,654.7,366,675.8985651899999,0.077991985,-4.720917480190595,0.0003,4.025680065155029,0.2,0.9776563048362732,0.36610984802246094,2150,12.906117231647174,0.5636555989583333,-0.02537987386652579
7238,2666496,217,682.19,368,711.41376901,0.14220144,-4.7150164395570755,0.0003,2.8252859115600586,0.2,0.9809985756874084,0.3663102686405182,2160,7.487766540050506,0.652392578125,-0.015240550923772389
7239,2678784,218,229.89,370,208.50600149000005,4.8435717,-4.761887952685356,0.0003,1.0282305479049683,0.2,0.9927539229393005,0.3691359758377075,2170,1.9972607862204312,0.9413981119791667,0.15391939440160057
7239,2691072,219,133.57,371,104.59693701,0.055962104,-4.7933161894480385,0.0003,8.846683502197266,0.2,0.9111732244491577,0.3686995804309845,2180,31.31904426018397,0.4868570963541667,-0.035580951600180315
7240,2703360,220,144.49,373,113.52005019999999,0.083405994,-4.767737070719401,0.0003,12.306476593017578,0.2,0.9389715790748596,0.36760029196739197,2190,25.7437036494414,0.5370442708333333,-0.04044342207974599
7240,2715648,221,153.23,375,124.16336541000001,0.11091151,-4.75071235994498,0.0003,6.279054641723633,0.2,0.9568514823913574,0.36692890524864197,2200,17.712098872661592,0.610302734375,-0.0333428027331441
7241,2727936,222,184.45,376,151.82356980999998,0.100074805,-4.746899084250132,0.0003,9.786211967468262,0.2,0.9518762230873108,0.36734676361083984,2210,23.114699470996857,0.5997314453125,-0.028954069378475347
7241,2740224,223,223.71,378,192.10360311000005,0.120745026,-4.736580611268679,0.0003,9.71629524230957,0.2,0.9653499126434326,0.366903156042099,2220,21.51930765112241,0.6274088541666667,-0.026011343039378212
7241,2752512,224,260.93,380,224.20781652000002,0.11900469,-4.734619191288948,0.0003,7.767949104309082,0.2,0.9583185315132141,0.3671860694885254,2230,22.828129529953003,0.6278076171875,-0.02580432392617998
7241,2764800,225,359.49,381,336.0974458300001,0.21257599,-4.744262165824572,0.0003,3.9927308559417725,0.2,0.966772735118866,0.3668578565120697,2240,10.762521587808926,0.7122721354166667,-0.007825070114146607
7242,2777088,226,440.89,383,406.30900172999986,0.15985428,-4.7567701568206155,0.0003,3.0733962059020996,0.2,0.9669276475906372,0.3675592243671417,2250,10.390871117512384,0.6809407552083333,-0.011481039174638379
7242,2789376,227,519.03,385,473.50667624,0.37086543,-4.842067678769429,0.0003,1.5138235092163086,0.2,0.9718777537345886,0.3708392083644867,2260,3.523324638356765,0.8329020182291667,0.052426380314621684
7242,2801664,228,595.46,386,543.44062223,0.12350329,-4.873476661245028,0.0003,2.492856025695801,0.2,0.9534050226211548,0.37068596482276917,2270,7.130318756401539,0.6126708984375,-0.022892605791275854
7242,2813952,229,676.79,388,618.0695688,0.22583012,-4.893337390820185,0.0003,0.7942898273468018,0.2,0.9865236282348633,0.37148022651672363,2280,2.595357305308183,0.7448079427083333,0.00810570298829892
7242,2826240,230,686.51,390,614.63866175,0.20502512,-4.8963623742262525,0.0003,1.0307629108428955,0.2,0.9882864952087402,0.3712991178035736,2290,2.1778919165333113,0.7206298828125,-0.0030442424040908614
7243,2838528,231,706.95,391,635.55735953,0.1157129,-4.885173714160919,0.0003,1.684942364692688,0.2,0.9794681072235107,0.37123680114746094,2300,5.291889831672112,0.6050048828125,-0.022926162354997358
7243,2850816,232,719.24,393,646.23628608,0.16963148,-4.846422056357066,0.0003,0.9041458368301392,0.2,0.9820597171783447,0.36934399604797363,2310,3.909183970093727,0.6521158854166667,-0.014515489368447258
7243,2863104,233,745.32,395,680.67102984,0.09182888,-4.813813422123591,0.0003,1.6278557777404785,0.2,0.980224072933197,0.3687361180782318,2320,5.529054709275564,0.581103515625,-0.02648994573294961
7243,2875392,234,745.81,396,690.30570306,0.1937065,-4.765571502844493,0.0003,0.875161349773407,0.2,0.981872022151947,0.3671829402446747,2330,4.054287211596966,0.6659749348958334,-0.010691949804216469
7243,2887680,235,706.68,398,660.9901178099999,0.15371884,-4.748991075158119,0.0003,0.7777299284934998,0.2,0.9890574812889099,0.36715707182884216,2340,3.4559664890170096,0.67333984375,-0.0157715666515287
7244,2899968,236,717.43,400,677.61230779,0.14984684,-4.743654477596283,0.0003,1.4801087379455566,0.2,0.9890361428260803,0.36630308628082275,2350,4.079216430832942,0.65615234375,-0.014489984597215273
7244,2912256,237,724.88,402,690.30637748,0.18139963,-4.673345939318339,0.0003,1.5251820087432861,0.2,0.9903612732887268,0.36384057998657227,2360,3.5662072263658047,0.6914306640625,-0.008398303779055519
7244,2924544,238,734.16,403,705.2711482200003,0.11233278,-4.609463301301003,0.0003,1.7882779836654663,0.2,0.9823196530342102,0.36243125796318054,2370,5.328530118862788,0.6190836588541667,-0.02869484807403448
7243,2936832,239,710.47,405,689.0786911200001,0.12666976,-4.587475775678953,0.0003,1.7355929613113403,0.2,0.9825399518013,0.3621865510940552,2380,4.802196982006232,0.6745930989583333,-0.009350876148770719
7243,2949120,240,707.03,407,693.2666453099998,0.07201996,-4.552824459473292,0.0003,8.863688468933105,0.2,0.972217321395874,0.36115705966949463,2390,11.8674389342467,0.555078125,-0.02828516335915386
7244,2961408,241,702.0,408,697.6977878300002,0.21609128,-4.538623948891957,0.0003,1.1278587579727173,0.2,0.9817788004875183,0.36030885577201843,2400,5.157103714346886,0.718701171875,-0.004275977198752419
7244,2973696,242,708.05,410,712.8509869000002,0.12573649,-4.496445478995641,0.0003,4.112956523895264,0.2,0.9778769016265869,0.3591655492782593,2410,8.209715463717778,0.6739827473958333,-0.011922013750396825
7244,2985984,243,719.81,412,729.18896924,0.26301178,-4.490899672110875,0.0003,1.3670650720596313,0.2,0.9880311489105225,0.3592942953109741,2420,3.8281438653667768,0.7461751302083334,0.002219781861640513
7244,2998272,244,721.6,413,738.9703783900001,0.23565328,-4.487723128000895,0.0003,0.6222119331359863,0.2,0.983539342880249,0.3590666353702545,2430,2.2142352448155482,0.7395589192708333,0.005781417601004553
7244,3010560,245,740.6,415,755.9593055199999,0.2762634,-4.507640469074249,0.0003,0.3589317202568054,0.2,0.9922304749488831,0.3600417673587799,2440,1.2173307557900748,0.7902262369791667,0.022259649199744064
7244,3022848,246,772.88,417,782.30028092,0.08022297,-4.466136765480042,0.0003,2.001878261566162,0.2,0.983796238899231,0.35823556780815125,2450,4.856109954416752,0.579541015625,-0.02350617560199074
7245,3035136,247,776.67,418,775.06336486,0.13858604,-4.4245655616124475,0.0003,1.1543821096420288,0.2,0.9826627373695374,0.3572777211666107,2460,3.467020575950543,0.6409993489583333,-0.022343724316063646
7245,3047424,248,762.9,420,751.7458270500001,0.12942435,-4.395859321951866,0.0003,1.8586324453353882,0.2,0.9873054027557373,0.3568788468837738,2470,3.7800995829204718,0.6543863932291667,-0.013274249093956313
7245,3059712,249,770.95,422,768.3752729,0.10237437,-4.384265120824178,0.0003,1.3663809299468994,0.2,0.9848438501358032,0.3560880124568939,2480,5.099038535853227,0.6247639973958333,-0.015174818531765293
7245,3072000,250,789.52,424,778.8624552099999,0.28090468,-4.3988012135028836,0.0003,1.2843571901321411,0.2,0.9828929901123047,0.35749194025993347,2490,3.713556948304176,0.7307698567708333,0.00036680938671149004
7245,3084288,251,796.66,425,784.0834997000001,0.22331421,-4.441042470932007,0.0003,0.6318850517272949,0.2,0.9870772957801819,0.35758528113365173,2500,1.9114844620227813,0.7363932291666667,-0.002870854252250865
7245,3096576,252,805.18,427,802.65756666,0.20682484,-4.429071280360222,0.0003,0.4085329473018646,0.2,0.9876857995986938,0.35746297240257263,2510,1.9453588007638851,0.7307698567708333,0.0015667567223620912
7245,3108864,253,781.4,429,783.7373784299999,0.16006991,-4.405366934339205,0.0003,2.405783176422119,0.2,0.9827411770820618,0.356699138879776,2520,3.0382514326522747,0.6959309895833333,-0.006913870175291474
7245,3121152,254,807.02,430,810.0848603500002,0.13390975,-4.370025142033895,0.0003,2.2596726417541504,0.2,0.9822577834129333,0.35549506545066833,2530,3.8692644021163383,0.6687744140625,-0.01524880389382209
7245,3133440,255,821.52,432,823.3218211299999,0.20727706,-4.334410099188487,0.0003,0.6532717943191528,0.2,0.9795899391174316,0.35489174723625183,2540,2.3919756107032297,0.710791015625,-0.002526123459877757
7245,3145728,256,796.32,434,804.6103120200002,0.120775305,-4.294847898681959,0.0003,2.6617448329925537,0.2,0.9795228838920593,0.35344576835632324,2550,5.06776636565725,0.6056640625,-0.018041182583935247
7244,3158016,257,798.83,435,831.1751021500002,0.1956261,-4.280177187919617,0.0003,1.2763460874557495,0.2,0.9895479679107666,0.35370445251464844,2560,3.17805022696654,0.6863199869791666,-0.0080373268846112
7244,3170304,258,764.17,437,796.2852362099999,0.3593637,-4.273297704259554,0.0003,0.8432704210281372,0.2,0.9873066544532776,0.354459285736084,2570,1.5940898024787507,0.7650309244791667,0.007429821082041599
7244,3182592,259,777.62,439,812.3475701400001,0.107753925,-4.262383529543877,0.0003,0.9384344816207886,0.2,0.9818559288978577,0.35320428013801575,2580,3.635327209283908,0.6124104817708333,-0.017822462708378832
7244,3194880,260,760.15,441,806.7653928300002,0.06438857,-4.225250221292177,0.0003,2.602092981338501,0.2,0.9672763347625732,0.3523379862308502,2590,7.407273865739504,0.53486328125,-0.024021221533378895
7244,3207168,261,723.63,442,772.3151941400001,0.15985447,-4.203175344069799,0.0003,1.861808180809021,0.2,0.9887115359306335,0.3518148958683014,2600,4.095563130825758,0.710400390625,-0.004555486813963701
7244,3219456,262,703.13,444,740.81672747,0.0712547,-4.179059023658435,0.0003,5.272345066070557,0.2,0.9813019037246704,0.3512125015258789,2610,10.922344517707824,0.5404622395833333,-0.027199872732550527
7244,3231744,263,680.21,446,715.2912718,0.15998068,-4.149912574887276,0.0003,1.8413461446762085,0.2,0.9833906292915344,0.35020288825035095,2620,5.874661558866501,0.6661214192708333,-0.01610210346019206
7244,3244032,264,696.41,447,736.4885132300001,0.31341293,-4.201982309420903,0.0003,1.6356803178787231,0.2,0.9843451976776123,0.35211122035980225,2630,3.0376216389238833,0.8059733072916667,0.04033230642574684
7244,3256320,265,679.8,449,712.71665018,0.28346425,-4.203636493285497,0.0003,0.4826149344444275,0.2,0.994017481803894,0.35219767689704895,2640,1.929991989582777,0.7769694010416667,0.022528843090306814
7245,3268608,266,713.6,451,737.80132598,0.12315327,-4.182582801580429,0.0003,2.417978525161743,0.2,0.983210563659668,0.3513968884944916,2650,5.652854440857967,0.6121988932291667,-0.018871148582547903
7245,3280896,267,731.26,452,765.81219962,0.20950894,-4.2024869819482165,0.0003,1.0312221050262451,0.2,0.9931801557540894,0.3514167368412018,2660,2.3493671018630264,0.730224609375,0.006963288828652973
7245,3293184,268,756.96,454,785.8225423,0.15138479,-4.169401221474012,0.0003,1.2590712308883667,0.2,0.9921602606773376,0.35083040595054626,2670,3.9726719913383324,0.6598225911458333,-0.01404049976360208
7245,3305472,269,791.04,456,819.1494559899999,0.18149972,-4.161257224281629,0.0003,0.9692461490631104,0.2,0.9859806895256042,0.3506910502910614,2680,4.031085094312827,0.7025553385416666,-0.0030748947290703656
7245,3317760,270,817.91,457,849.44076517,0.274825,-4.183503990372022,0.0003,0.6963300108909607,0.2,0.9854220151901245,0.35150572657585144,2690,2.210145070652167,0.7813557942708333,0.012632748176110908
7245,3330048,271,826.11,459,845.09195193,0.27233863,-4.211856431762377,0.0003,0.8330037593841553,0.2,0.9863240718841553,0.35203710198402405,2700,1.8931263767182827,0.7523763020833333,0.008748638377195068
7244,3342336,272,819.54,461,837.68018061,0.11336315,-4.197058127323786,0.0003,4.203165531158447,0.2,0.9834826588630676,0.3508342206478119,2710,4.571781109025081,0.647314453125,-0.0046698022105071384
7240,3354624,273,838.4,463,855.3312859000001,0.17208247,-4.145946239431699,0.0003,2.1604034900665283,0.2,0.9867088198661804,0.3496684730052948,2720,3.2479547396302224,0.6840901692708333,-0.018317846381493533
7240,3366912,274,851.59,465,863.86239247,0.17141068,-4.118163886666298,0.0003,0.9417089223861694,0.2,0.9829023480415344,0.34869083762168884,2730,2.5211625897636014,0.6730875651041667,-0.011452483801986092
7239,3379200,275,837.83,466,852.3861262500001,0.15195799,-4.08561961154143,0.0003,1.2448090314865112,0.2,0.977656364440918,0.34796300530433655,2740,4.001956514517466,0.662744140625,-0.01128431717758455
7237,3391488,276,832.03,468,853.1474372,0.5159229,-4.103618223468462,0.0003,0.7739608883857727,0.2,0.9880651831626892,0.3515261113643646,2750,2.817381958166758,0.8987955729166667,0.11999533862690441
7234,3403776,277,804.8,470,824.3859577899999,0.1564634,-4.1868704209725065,0.0003,0.7672922611236572,0.2,0.9605683088302612,0.3514046370983124,2760,3.0701565568645797,0.7353271484375,0.00791043673331539
7231,3416064,278,781.74,472,809.2288240099999,0.10611534,-4.177464677890142,0.0003,1.277092695236206,0.2,0.9794964790344238,0.35059571266174316,2770,4.808624577273926,0.6306315104166667,-0.013212737917395618
7230,3428352,279,782.53,474,827.3388135,0.17546497,-4.141261367996534,0.0003,1.7068166732788086,0.2,0.9877391457557678,0.3498194217681885,2780,4.399992169936498,0.6757080078125,-0.005745135402927796
7231,3440640,280,777.26,475,820.99898178,0.15941837,-4.1474443763494495,0.0003,2.689159870147705,0.2,0.9754633903503418,0.34986796975135803,2790,5.566979383428891,0.6492919921875,-0.012304314437399929
7231,3452928,281,763.51,477,805.14798609,0.12629697,-4.13425833483537,0.0003,2.418654441833496,0.2,0.969255805015564,0.34952422976493835,2800,7.777319375177225,0.6268880208333333,-0.016900878605762653
7231,3465216,282,768.32,479,812.1829782,0.17833614,-4.1204098542531336,0.0003,0.7778646945953369,0.2,0.9835580587387085,0.3487260341644287,2810,4.578627579410871,0.6877278645833333,-0.004200787093820205
7232,3477504,283,747.46,480,796.42386616,0.19431265,-4.104358311494192,0.0003,0.9573413729667664,0.2,0.9825726747512817,0.34866461157798767,2820,4.313431945318977,0.7331298828125,0.005822445833473466
7232,3489792,284,757.0,482,805.84583492,0.19763589,-4.073795383175214,0.0003,2.2554538249969482,0.2,0.9860994815826416,0.3474811017513275,2830,5.335489646345377,0.7219401041666667,0.0005236883002604979
7233,3502080,285,766.15,484,819.49395898,0.19874005,-4.036632247765859,0.0003,1.1238393783569336,0.2,0.98531574010849,0.3468050956726074,2840,3.248833798865477,0.7215494791666667,-0.004252121608684926
7233,3514368,286,764.77,485,817.87724923,0.2006706,-4.014543631176154,0.0003,1.2860262393951416,0.2,0.9672366380691528,0.3458605110645294,2850,3.8910822083552676,0.7319580078125,-0.001620807349778867
7234,3526656,287,736.95,487,793.55810848,0.15402697,-3.970751837392648,0.0003,0.834811806678772,0.2,0.972112774848938,0.34475383162498474,2860,5.518951108058293,0.6646565755208333,-0.009513456545149287
7235,3538944,288,704.62,489,757.0455811100001,0.12566662,-3.9314112866918247,0.0003,2.324625253677368,0.2,0.9845470190048218,0.3438219130039215,2870,5.843410679697991,0.6404541015625,-0.018154762551906362
7235,3551232,289,722.65,490,777.3612969000001,0.18874033,-3.9215421954790752,0.0003,1.5128756761550903,0.2,0.987013578414917,0.344285249710083,2880,4.7283455846210325,0.7396728515625,0.007780628554852834
7235,3563520,290,737.64,492,796.0210807,0.1995023,-3.9315122733513514,0.0003,2.1263654232025146,0.2,0.9881600141525269,0.3449295461177826,2890,5.178186738242705,0.7243408203125,0.007733150811691303
7236,3575808,291,696.89,494,735.6494754100002,3.179495,-4.0696594541271525,0.0003,0.5091457366943359,0.2,0.991515040397644,0.35119152069091797,2900,1.3575159108887116,0.943310546875,0.18164388597360812
7237,3588096,292,677.74,495,704.58891907,0.1025612,-4.150553918878237,0.0003,1.5110771656036377,0.2,0.9672795534133911,0.3495744466781616,2910,5.237886356810729,0.6023844401041667,-0.024686243174558815
7237,3600384,293,653.15,497,665.5103589199998,0.11464188,-4.0997453490893045,0.0003,2.665344715118408,0.2,0.9785693287849426,0.34832563996315,2920,6.6683112442493435,0.6239908854166667,-0.02523905446093219
7236,3612672,294,667.23,499,687.27007198,0.16088603,-4.075773524244626,0.0003,1.5491371154785156,0.2,0.9837415218353271,0.34768739342689514,2930,4.782322865972916,0.6685709635416667,-0.019512067636242136
7237,3624960,295,615.7,500,623.29179674,0.15842898,-4.054525996247928,0.0003,1.7184967994689941,0.2,0.9680495262145996,0.34737515449523926,2940,5.235026789456606,0.6917561848958333,-0.007834500709335165
7236,3637248,296,623.92,502,642.09294584,0.12306837,-4.013975777725379,0.0003,3.2518744468688965,0.2,0.9822139143943787,0.3457089960575104,2950,7.351051593820254,0.6366129557291667,-0.024268338193845315
7237,3649536,297,629.29,504,653.33139589,0.16566305,-3.9792639896273614,0.0003,2.0694196224212646,0.2,0.9837238788604736,0.3450123369693756,2960,6.065208039184411,0.6610270182291667,-0.015526297676357596
7237,3661824,298,661.41,505,690.5082958999999,0.24395692,-3.965440462529659,0.0003,1.2055392265319824,0.2,0.9850258827209473,0.34457311034202576,2970,4.022529918452104,0.7346598307291666,-0.011025456290129416
7238,3674112,299,642.97,507,671.22803965,0.112689346,-3.9265927786628407,0.0003,3.0918965339660645,0.2,0.9820930361747742,0.34324049949645996,2980,7.88903874407212,0.6090901692708334,-0.027722177508985625
7238,3686400,300,644.76,509,679.4557990100001,0.15898468,-3.8598917027314505,0.0003,2.112884283065796,0.2,0.9807015061378479,0.34129464626312256,2990,6.8859652419885,0.6603841145833333,-0.019926566370607666
7239,3698688,301,633.6,510,667.41927756,0.15603943,-3.8233856375018758,0.0003,1.9340523481369019,0.2,0.9867027997970581,0.3403424322605133,3000,6.594637657701969,0.6823079427083333,-0.016723942211441075
7239,3710976,302,625.26,512,668.2611837099998,0.12458708,-3.79603544374307,0.0003,4.2807230949401855,0.2,0.9786760807037354,0.33962467312812805,3010,9.877932350834211,0.62880859375,-0.02526374697238983
7240,3723264,303,630.45,514,676.5987670099998,0.41706243,-3.8285678297281267,0.0003,4.019008159637451,0.2,0.978510856628418,0.3413696587085724,3020,6.77597869237264,0.790673828125,0.01766812286999387
7240,3735552,304,655.07,515,708.2157022900001,0.2086149,-3.819100386897723,0.0003,3.441356897354126,0.2,0.9850473403930664,0.3397187292575836,3030,4.985143228371938,0.7327392578125,-0.004159285434676955
7241,3747840,305,660.76,517,704.6089168700001,0.20917714,-3.7557052170236904,0.0003,1.5857291221618652,0.2,0.9798991084098816,0.33834967017173767,3040,4.556397602458795,0.7340983072916667,-0.008580973576560307
7241,3760128,306,686.07,519,732.7655001200001,0.2721465,-3.7477926845351854,0.0003,0.9907341003417969,0.2,0.9798135161399841,0.3382740020751953,3050,4.076741288105647,0.7595377604166667,0.002325743070105091
7242,3772416,307,710.31,520,760.4651759199999,0.18089102,-3.7502523019909857,0.0003,1.84733247756958,0.2,0.9857867956161499,0.33822011947631836,3060,4.426883873840173,0.7172200520833333,-0.003895151874651977
7242,3784704,308,706.34,522,736.4788967699999,0.13336173,-3.7196699644128484,0.0003,3.2715907096862793,0.2,0.9818886518478394,0.3374148905277252,3070,5.903413188457489,0.6635172526041667,-0.01242345652426593
7243,3796992,309,725.96,524,760.56754924,0.277966,-3.714314732948939,0.0003,1.4906761646270752,0.2,0.9875186681747437,0.33730724453926086,3080,3.434509256730477,0.7794596354166666,0.02011829869588837
7243,3809280,310,759.44,525,793.05766673,0.19092731,-3.715518931051095,0.0003,1.4732749462127686,0.2,0.9852508902549744,0.3377189636230469,3090,4.071446319917838,0.7328125,-0.0036154418650160853
7243,3821568,311,746.51,527,779.2636527400001,0.13540225,-3.731641367574533,0.0003,1.5882052183151245,0.2,0.9752237200737,0.3379722535610199,3100,4.403052415202061,0.66826171875,-0.012735523079269721
7243,3833856,312,731.66,529,765.2255682000001,0.15147476,-3.7135371829072636,0.0003,2.445859432220459,0.2,0.976806104183197,0.3375380039215088,3110,5.652621405323346,0.6596923828125,-0.008695129814441316
7244,3846144,313,730.59,530,777.15339296,0.13971454,-3.691868830223878,0.0003,5.871838569641113,0.2,0.9732360243797302,0.3368034362792969,3120,8.949623525639375,0.667822265625,-0.007504656884702854
7244,3858432,314,716.5,532,769.80056488,0.18354459,-3.6695747847358384,0.0003,2.8739242553710938,0.2,0.9721219539642334,0.3359459638595581,3130,6.719876925647259,0.70458984375,-0.0036915481944258016
7244,3870720,315,700.2,534,749.41426238,0.17412508,-3.6573519349098205,0.0003,0.9599496126174927,0.2,0.9637053608894348,0.33595308661460876,3140,7.996137486149867,0.7062337239583333,-0.0014366649304671834
7245,3883008,316,703.39,535,761.8680088799999,0.241491,-3.6473566288749377,0.0003,1.7469514608383179,0.2,0.9720433950424194,0.33609357476234436,3150,8.561310871442158,0.7710286458333333,0.03199404798991357
7245,3895296,317,672.93,537,729.6175243600001,0.4763348,-3.7401861136158305,0.0003,0.9154177308082581,0.2,0.967012345790863,0.33998095989227295,3160,4.346596420059601,0.850927734375,0.07624547502249092
7246,3907584,318,674.31,539,726.2414038100001,0.06977769,-3.774381422996521,0.0003,5.677637577056885,0.2,0.9728204011917114,0.33876654505729675,3170,13.259493908286094,0.5633056640625,-0.027543520129014117
7246,3919872,319,692.67,540,747.4517847899998,0.2878373,-3.785162207980951,0.0003,0.9318950772285461,0.2,0.976723313331604,0.3404410779476166,3180,4.5591054178774355,0.7838541666666666,0.018108084696965912
7247,3932160,320,678.2,542,738.0151831300001,0.18161888,-3.825631207227707,0.0003,2.800886392593384,0.2,0.975303590297699,0.3412844240665436,3190,6.5187580513457455,0.7172932942708333,0.0018710653588641436
7247,3944448,321,661.55,544,715.4615379100001,0.15867527,-3.8148847445845604,0.0003,4.225737571716309,0.2,0.9813379049301147,0.3402027189731598,3200,6.938146668175857,0.6640950520833333,-0.01051671040962295
7248,3956736,322,668.95,545,732.2454339599999,0.17855696,-3.7864933148026467,0.0003,2.8419034481048584,0.2,0.9757623076438904,0.3398442566394806,3210,7.093224337697029,0.6883707682291667,-0.007563010987360031
7248,3969024,323,720.26,547,803.6718311,0.14526825,-3.7647551134228707,0.0003,3.5668962001800537,0.2,0.963264524936676,0.33934271335601807,3220,11.427139754593373,0.6721761067708333,-0.014846538728064237
7249,3981312,324,624.72,549,689.1290251199998,6.160221,-3.771024201313655,0.0003,4.245253086090088,0.2,0.9666046500205994,0.3404286205768585,3230,9.595143568515777,0.9468343098958333,0.1690520294844949
7249,3993600,325,599.5,550,644.2961270199999,0.11858007,-3.7955885698397953,0.0003,5.5216851234436035,0.2,0.9647078514099121,0.339512437582016,3240,14.168060374259948,0.6099365234375,-0.021995604520391985
7249,4005888,326,548.03,552,571.3904629100001,0.13946809,-3.7767245108882586,0.0003,2.859433650970459,0.2,0.9742213487625122,0.3393320143222809,3250,12.2163936038812,0.69443359375,-0.002565878255215163
7250,4018176,327,67.63,554,40.63471457,33.25583,-3.756552866101265,0.0003,4.2026801109313965,0.2,0.9816089272499084,0.33933308720588684,3260,9.613515552878379,0.9602213541666667,0.28092551370888635
7250,4030464,328,72.16,555,43.58951653,1.8590498,-3.832469972471396,0.0003,2.0927999019622803,0.2,0.5349743366241455,0.34066900610923767,3270,18.58791051954031,0.8416015625,0.09728733154091364
7251,4042752,329,75.12,557,42.41323983999999,1.3699235,-3.880947880943616,0.0003,1.645509958267212,0.2,0.7848283648490906,0.34050145745277405,3280,6.490209797024727,0.8600830078125,0.06904505605440742
7251,4055040,330,77.52,559,42.97100827,0.8931589,-3.8759609048565227,0.0003,1.4943649768829346,0.2,0.8576001524925232,0.3404078483581543,3290,4.743401981890202,0.8464762369791666,0.056304301969551794
7252,4067328,331,78.03,560,45.25446130000001,0.27393714,-3.84099081158638,0.0003,1.510181188583374,0.2,0.909766435623169,0.33983612060546875,3300,4.5128133570154505,0.7510579427083334,-0.00638909820409026
7253,4079616,332,81.65,562,48.85220125,0.3648974,-3.865976325670878,0.0003,0.8955614566802979,0.2,0.9619883298873901,0.3405630588531494,3310,2.5272961194316546,0.8013102213541666,0.012698062144530316
7253,4091904,333,80.63,564,46.773757350000004,0.26236022,-3.860541701813539,0.0003,0.9394128918647766,0.2,0.9711140394210815,0.34067201614379883,3320,2.5248786526421707,0.7452880859375,-0.02309823743707966
7253,4104192,334,83.28,565,51.31849757,0.25053,-3.8184624115626016,0.0003,0.7886423468589783,0.2,0.9656782746315002,0.3389846384525299,3330,2.520818210641543,0.729443359375,-0.025167344837488295
7254,4116480,335,82.86,567,51.888041949999995,0.23823561,-3.778462966779868,0.0003,0.7916263937950134,0.2,0.9706325531005859,0.3382454812526703,3340,2.4043596483767034,0.72197265625,-0.023309425067175957
7254,4128768,336,84.64,569,53.00353837999999,0.22494026,-3.7444129452109336,0.0003,0.745213508605957,0.2,0.9709651470184326,0.33716925978660583,3350,2.3671478273967903,0.7149820963541667,-0.025394904766775046
7255,4141056,337,84.93,570,51.84728339,0.20883708,-3.7279751285910607,0.0003,0.954570472240448,0.2,0.9732834100723267,0.33674177527427673,3360,2.644586194306612,0.6911946614583333,-0.03406296827209492
7256,4153344,338,88.2,572,57.22643233000001,0.22124799,-3.6797834982474646,0.0003,0.9534643292427063,0.2,0.9745084047317505,0.3351326882839203,3370,2.307804630448421,0.7016927083333333,-0.030151267100397186
7257,4165632,339,88.05,574,56.725739919999995,0.19688474,-3.644146451850732,0.0003,1.2613738775253296,0.2,0.9712871313095093,0.33457961678504944,3380,2.8028402539590993,0.682568359375,-0.031486209460611765
7257,4177920,340,86.11,575,55.21230229,0.21176346,-3.6040904025236764,0.0003,0.8167698979377747,0.2,0.9744601845741272,0.3336695432662964,3390,2.6155283133188885,0.6883870442708333,-0.03017286810160537
7257,4190208,341,86.4,577,57.18811873999999,0.22307713,-3.5977269088228545,0.0003,0.9260760545730591,0.2,0.9748546481132507,0.33359336853027344,3400,2.5096787524720034,0.7010660807291667,-0.032270976663615634
7258,4202496,342,87.71,578,58.39048952,0.2051901,-3.5686517680684724,0.0003,1.1669753789901733,0.2,0.9772343635559082,0.3322477638721466,3410,2.7763501681387424,0.6968505859375,-0.030586370839349303
7259,4214784,343,89.38,580,59.37985759999999,0.22401671,-3.5440880929430327,0.0003,1.231415867805481,0.2,0.9789640307426453,0.3320268392562866,3420,2.715347078690926,0.7079020182291667,-0.026186414700350723
7259,4227072,344,92.05,582,63.008282120000004,0.18723519,-3.5177814409136774,0.0003,0.870561420917511,0.2,0.9772863388061523,0.3312015235424042,3430,2.7856144088009995,0.6861409505208333,-0.03265206934981203
7260,4239360,345,89.74,583,60.8292894,0.22248226,-3.492483336230119,0.0003,0.6655828356742859,0.2,0.9822429418563843,0.3308164179325104,3440,2.588420619815588,0.7118408203125,-0.02883992669521831
7261,4251648,346,91.41,585,62.580974260000005,0.19170421,-3.467152416706085,0.0003,0.838362455368042,0.2,0.9763497710227966,0.33010122179985046,3450,2.920364787429571,0.6978515625,-0.022936400072649122
7261,4263936,347,88.13,587,58.807798510000005,0.20293705,-3.451241194208463,0.0003,0.9761016368865967,0.2,0.9796603322029114,0.32912084460258484,3460,2.92336710318923,0.6876953125,-0.03089921223387743
7262,4276224,348,91.63,588,61.784449089999995,0.20770651,-3.441686670978864,0.0003,0.7248119115829468,0.2,0.9779552221298218,0.328830748796463,3470,2.71416738803188,0.7097981770833334,-0.024169271163797627
7263,4288512,349,92.1,590,63.81536457,0.21414757,-3.3998422289888066,0.0003,0.8276351690292358,0.2,0.9768493175506592,0.32728323340415955,3480,2.7810596197843553,0.6953287760416667,-0.021635535369811502
7263,4300800,350,91.22,592,63.12326431,0.23894231,-3.380397789180279,0.0003,1.1238807439804077,0.2,0.9776879549026489,0.32754823565483093,3490,2.7333366587758063,0.7164306640625,-0.023804407766632115
7264,4313088,351,92.94,593,65.23660763,0.2488113,-3.3844841490189235,0.0003,0.7701218724250793,0.2,0.9818973541259766,0.3275529444217682,3500,2.4812679149210455,0.7186116536458333,-0.02536875445075566
7264,4325376,352,93.4,595,65.76411275,0.23983128,-3.4032983680566153,0.0003,0.9861730337142944,0.2,0.9835408329963684,0.32854196429252625,3510,2.441302403062582,0.7193929036458333,-0.026826342903465653
7265,4337664,353,96.74,597,67.60326399,0.2472894,-3.431875016788642,0.0003,0.8243188858032227,0.2,0.980826735496521,0.32926616072654724,3520,2.6288223661482335,0.7278564453125,-0.022970764461691336
7266,4349952,354,96.8,598,66.21740854000001,0.18154748,-3.428208615382512,0.0003,1.1343097686767578,0.2,0.9783951044082642,0.32886171340942383,3530,3.35378029247125,0.6704182942708333,-0.03096303621932748
7266,4362240,355,96.64,600,66.50689141,0.20712824,-3.4017183129986126,0.0003,1.1387101411819458,0.2,0.9750590920448303,0.3280480206012726,3540,3.371988092362881,0.68203125,-0.03099033695179969
7267,4374528,356,97.72,601,68.31046671000001,0.25780666,-3.3883864427606265,0.0003,1.0430371761322021,0.2,0.9795894622802734,0.3274379074573517,3550,2.900930299361547,0.7251302083333333,-0.022665414543007502
7267,4386816,357,97.95,603,70.37902214,0.16536441,-3.3523247172435124,0.0003,1.373810887336731,0.2,0.9779483079910278,0.32610076665878296,3560,3.8471000544726848,0.6624186197916667,-0.03416041061282158
7267,4399104,358,96.89,605,71.10779607,0.21385656,-3.330534588297208,0.0003,0.998024582862854,0.2,0.9778628945350647,0.3259083032608032,3570,3.878527068346739,0.6960693359375,-0.029321107444896674
7268,4411392,359,93.69,606,67.45892935,0.31229424,-3.3367921128869056,0.0003,0.659381628036499,0.2,0.9838308691978455,0.3262237310409546,3580,2.5206432307759923,0.7642415364583334,-0.0075385849767675
7268,4423680,360,99.4,608,70.75918189,0.24831462,-3.3258410448829334,0.0003,1.1798514127731323,0.2,0.9807336926460266,0.3258286714553833,3590,3.015032418817282,0.7260660807291667,-0.021576941665261983
7269,4435968,361,99.82,610,73.10440919999999,0.1877077,-3.322964083651702,0.0003,1.3413059711456299,0.2,0.9742933511734009,0.32559096813201904,3600,4.129840194185575,0.6804117838541667,-0.029707535241808122
7269,4448256,362,93.2,611,67.68196146,0.23294502,-3.314425860842069,0.0003,1.3410446643829346,0.2,0.9745192527770996,0.3251951336860657,3610,3.718347009519736,0.7007731119791667,-0.02342496898781974
7269,4460544,363,99.04,613,69.6154672,0.2755287,-3.3209622596700985,0.0003,1.0035275220870972,0.2,0.9818422794342041,0.32527491450309753,3620,3.024645228932301,0.7431640625,-0.015376462961527674
7269,4472832,364,102.13,615,73.69233808,0.19291542,-3.322610226273537,0.0003,1.4773759841918945,0.2,0.9745240211486816,0.3253324627876282,3630,4.350131547947725,0.679052734375,-0.02681321953617347
7270,4485120,365,99.57,616,72.7637373,0.28618148,-3.3010610858599345,0.0003,1.2897602319717407,0.2,0.9762414693832397,0.3244279623031616,3640,3.4009434141218664,0.72451171875,-0.018006221689089823
7270,4497408,366,103.04,618,76.02082687,0.20532422,-3.291940244535605,0.0003,1.2935125827789307,0.2,0.979418933391571,0.3241773545742035,3650,4.256078776965539,0.7121256510416667,-0.017472471158544067
7271,4509696,367,101.43,620,74.97940429999998,0.17833734,-3.264306584993998,0.0003,1.3409503698349,0.2,0.9781635403633118,0.32368114590644836,3660,4.897474587957064,0.66572265625,-0.02854553708554401
7271,4521984,368,102.78,621,76.18591253000001,0.29875126,-3.2683395743370056,0.0003,1.1883506774902344,0.2,0.9776397347450256,0.32404717803001404,3670,3.8457715032001336,0.7530192057291667,-0.015152146043935015
7272,4534272,369,104.49,623,76.15050422,0.24458207,-3.285895052552223,0.0003,2.646648406982422,0.2,0.9767496585845947,0.3248855769634247,3680,4.387290957073371,0.7171549479166667,-0.02178545861776608
7272,4546560,370,101.46,625,75.56986479,0.28287008,-3.3247616613904634,0.0003,1.421865701675415,0.2,0.9786784648895264,0.3259478509426117,3690,3.7137429378926754,0.7441080729166667,-0.015014285159607729
7273,4558848,371,103.28,626,75.53490814000001,0.2782035,-3.3053528224428494,0.0003,1.3850311040878296,0.2,0.9829051494598389,0.3240724802017212,3700,3.268542792648077,0.7400960286458333,-0.01953260866381849
7273,4571136,372,100.92,628,74.26128744,0.2520106,-3.2485669841368994,0.0003,1.2380603551864624,0.2,0.9792852401733398,0.3232649564743042,3710,3.2479095712304114,0.7286865234375,-0.018898773054631116
7274,4583424,373,99.36,630,73.10303793000001,0.26114714,-3.21602592219909,0.0003,1.0538935661315918,0.2,0.9774758815765381,0.3223187029361725,3720,3.264812289426724,0.7395100911458333,-0.014206899705459363
7275,4595712,374,99.21,631,73.89835876999999,0.24202037,-3.1907081604003906,0.0003,1.4395947456359863,0.2,0.9809370040893555,0.3218653202056885,3730,3.7829469879468283,0.7019775390625,-0.023596993566995177
7275,4608000,375,97.71,633,72.601647,0.30526188,-3.188242070376873,0.0003,1.2920105457305908,0.2,0.9812220931053162,0.32163429260253906,3740,2.867529018471638,0.7486897786458333,-0.013919537919961537
7276,4620288,376,100.44,634,74.7941311,0.31061566,-3.1823977013429006,0.0003,1.0763875246047974,0.2,0.9822602868080139,0.3213041126728058,3750,2.746636369576057,0.7559244791666667,-0.01330928608076647
7276,4632576,377,106.77,636,80.73502889000001,0.22272187,-3.1609433670838674,0.0003,1.0678836107254028,0.2,0.9806623458862305,0.3209381103515625,3760,3.4842231959104537,0.7091227213541667,-0.02451716049205667
7277,4644864,378,104.25,638,80.72121948,0.1886583,-3.1431944256027537,0.0003,1.4237357378005981,0.2,0.9795612692832947,0.3205888569355011,3770,3.6535102896392346,0.6859619140625,-0.023390114456803227
7277,4657152,379,101.32,639,76.39211307000001,0.27164626,-3.1238580703735352,0.0003,1.3637328147888184,0.2,0.9808669686317444,0.3206796646118164,3780,3.7106091722846033,0.7164225260416667,-0.013631393829321799
7278,4669440,380,101.05,641,77.06455267999999,0.38926885,-3.20572558393081,0.0003,0.9918349981307983,0.2,0.9867395162582397,0.323645681142807,3790,2.4385478124022484,0.8047281901041666,0.009127679092246883
7278,4681728,381,104.05,643,80.36965931,0.2374566,-3.2144966632127763,0.0003,1.2235162258148193,0.2,0.9843285083770752,0.322997510433197,3800,2.9019777151445547,0.719775390625,-0.020814764643243205
7278,4694016,382,107.31,644,81.82437249,0.25194755,-3.209740702311198,0.0003,1.1101950407028198,0.2,0.982611358165741,0.32250627875328064,3810,3.0568053921063743,0.7179117838541667,-0.024236470670439304
7279,4706304,383,110.06,646,84.67282359000001,0.20073766,-3.1812822545568147,0.0003,1.4801474809646606,0.2,0.9804702401161194,0.32216551899909973,3820,3.5031840493281683,0.6906494140625,-0.02461304507451132
7279,4718592,384,103.64,648,79.56282028,0.22085047,-3.194696014126142,0.0003,1.652488112449646,0.2,0.9823130965232849,0.3228500187397003,3830,3.5197077045838037,0.71083984375,-0.023019436990337757
7278,4730880,385,111.24,649,85.74538991,0.21270566,-3.2103101506829264,0.0003,1.300413727760315,0.2,0.9805656671524048,0.3233106732368469,3840,3.3078896209597586,0.7056070963541666,-0.02126405413534182
7279,4743168,386,108.45,651,84.18213133,0.17879665,-3.2051999777555467,0.0003,1.6190335750579834,0.2,0.9784114956855774,0.32236218452453613,3850,4.553703688085079,0.68349609375,-0.025354149381746537
7278,4755456,387,116.26,653,89.89970353000002,0.27394584,-3.1950491870443027,0.0003,1.0881969928741455,0.2,0.9812958240509033,0.3226323425769806,3860,3.5418703402082126,0.732470703125,-0.022730913109262472
7279,4767744,388,115.36,654,89.69599416000001,0.27246985,-3.188796590765317,0.0003,1.4882423877716064,0.2,0.974249541759491,0.32225266098976135,3870,4.081018828352293,0.7291910807291667,-0.020125315870003154
7279,4780032,389,114.33,656,87.50483976999998,0.236525,-3.1556489557027816,0.0003,1.4934396743774414,0.2,0.979950487613678,0.3205902874469757,3880,4.155518313745658,0.7219889322916667,-0.021737847635328458
7279,4792320,390,119.62,658,91.73332582,0.26143333,-3.137164394557476,0.0003,1.249382734298706,0.2,0.9768615961074829,0.32116737961769104,3890,4.016999309758345,0.7277750651041667,-0.023956856042301904
7279,4804608,391,122.14,660,91.67441745999999,0.26621607,-3.1338628992438315,0.0003,1.5525829792022705,0.2,0.9804540276527405,0.32034316658973694,3900,4.124099091688792,0.7225341796875,-0.02716566925761678
7280,4816896,392,130.04,661,100.80863483000002,0.14104831,-3.1263674557209016,0.0003,2.682412624359131,0.2,0.9733428955078125,0.32047346234321594,3910,6.483156235019366,0.63134765625,-0.036448794730434504
7280,4829184,393,130.5,663,101.41759069,0.12854727,-3.1135765398542086,0.0003,3.312788724899292,0.2,0.9694808721542358,0.3198838531970978,3920,8.147534014781316,0.6304361979166667,-0.036482362707223125
7281,4841472,394,128.57,664,97.94316760999999,0.16772763,-3.0692942813038826,0.0003,2.406536817550659,0.2,0.9708362221717834,0.3189663290977478,3930,7.169552472730477,0.6787434895833333,-0.02646139766923928
7281,4853760,395,135.37,666,99.64700531,0.19962649,-3.0823209062218666,0.0003,2.9766905307769775,0.2,0.9676971435546875,0.3195757567882538,3940,7.143967014054457,0.6946207682291666,-0.027683376001853808
7281,4866048,396,128.36,668,94.60369169000003,0.24694161,-3.078288210431735,0.0003,1.6152997016906738,0.2,0.9676284193992615,0.3191172182559967,3950,6.123806941012542,0.7458902994791666,-0.017144504534371663
7282,4878336,397,128.36,669,93.97416817,0.19559763,-3.079806571205457,0.0003,2.0433733463287354,0.2,0.9632282257080078,0.31915128231048584,3960,8.571673020223777,0.6998860677083333,-0.028160912032277944
7282,4890624,398,139.84,671,105.53609154000002,0.189308,-3.06043963432312,0.0003,3.691007614135742,0.2,0.9546120166778564,0.3184802234172821,3970,10.460928054650624,0.6999104817708334,-0.026255714563497654
7283,4902912,399,133.93,673,101.75837302,0.23031557,-3.0639436786373455,0.0003,3.476679563522339,0.2,0.9607255458831787,0.3187468349933624,3980,8.96999061057965,0.7152099609375,-0.0295923999423394
7283,4915200,400,140.32,674,108.64394176000003,0.28047094,-3.1066469132900236,0.0003,2.2419726848602295,0.2,0.9722970128059387,0.31966251134872437,3990,6.667411011457443,0.7733235677083333,-0.0073018984510175265
7283,4927488,401,147.69,676,113.36797112999999,0.2146144,-3.0940425659219426,0.0003,4.50667667388916,0.2,0.9681785702705383,0.3193408250808716,4000,9.324551120400429,0.7033040364583333,-0.028232765540208978
7283,4939776,402,141.71,678,108.37271293999999,0.21233566,-3.0748217503229776,0.0003,6.794767379760742,0.2,0.9652963280677795,0.3184432089328766,4010,9.395402907331784,0.7182047526041667,-0.023116086211424167
7283,4952064,403,142.78,679,105.81707642,0.1670695,-3.038917330404123,0.0003,5.599245071411133,0.2,0.9660277366638184,0.31753668189048767,4020,11.606159234046936,0.661474609375,-0.03577405009176194
7284,4964352,404,155.92,681,122.53899653,0.26331642,-3.0233732645710307,0.0003,3.2502670288085938,0.2,0.9626903533935547,0.31724950671195984,4030,8.749026841918628,0.7496744791666666,-0.01594829563255189
7284,4976640,405,154.04,683,121.18110726000003,0.22165614,-3.001764909426371,0.0003,3.329324960708618,0.2,0.9669262170791626,0.3170442581176758,4040,10.085244011878967,0.7223714192708334,-0.027831403431870665
7285,4988928,406,156.66,684,124.50781299999998,0.20342772,-3.010937663912773,0.0003,4.25520658493042,0.2,0.9656123518943787,0.3171592950820923,4050,11.21875455180804,0.7049641927083333,-0.029943347101895293
7285,5001216,407,158.06,686,127.6853347,0.21996216,-3.00914642761151,0.0003,5.288544654846191,0.2,0.9682681560516357,0.31702008843421936,4060,11.029920814434687,0.7116292317708334,-0.023861136193348405
7285,5013504,408,162.83,688,129.97851408,0.26074234,-3.0202318946520488,0.0003,5.665024757385254,0.2,0.9682233333587646,0.3174908459186554,4070,11.040449257691701,0.7399169921875,-0.016449390104389748
7286,5025792,409,178.0,689,144.42538489,0.19229531,-3.026790790259838,0.0003,5.588648319244385,0.2,0.9660066962242126,0.31738120317459106,4080,13.96759054462115,0.6919026692708333,-0.028853935494165248
7286,5038080,410,182.34,691,146.42999388,0.2272255,-2.9993640085061393,0.0003,4.615866184234619,0.2,0.9660957455635071,0.31703463196754456,4090,11.94977734386921,0.7440673828125,-0.014411799456380929
7286,5050368,411,200.68,693,165.1720365,0.25884426,-2.9859442532062532,0.0003,3.651310920715332,0.2,0.9680016040802002,0.31628119945526123,4100,10.34660707314809,0.7412190755208333,-0.01717378360820779
7287,5062656,412,181.35,694,142.26333624,0.17901774,-2.9551113272706666,0.0003,4.999968528747559,0.2,0.963433563709259,0.31541386246681213,4110,13.868491685390472,0.6634928385416666,-0.03394653246505186
7287,5074944,413,174.95,696,134.04445010999999,0.18427749,-2.921377305686474,0.0003,4.763912677764893,0.2,0.9642951488494873,0.3147408962249756,4120,12.411350210507711,0.6978108723958333,-0.028846035929745995
7288,5087232,414,195.6,698,150.20570747999997,0.18482524,-2.917103511095047,0.0003,6.443790912628174,0.2,0.9539496898651123,0.3143932521343231,4130,14.657009775439898,0.6959554036458333,-0.02706233875263327
7287,5099520,415,214.04,699,166.44715865999999,0.20195656,-2.9053806627790135,0.0003,6.115011692047119,0.2,0.9591937065124512,0.3140448033809662,4140,14.47907846669356,0.7101888020833333,-0.02790407921129372
7288,5111808,416,248.9,701,199.69040757,0.22399645,-2.911592284341653,0.0003,5.976497650146484,0.2,0.9590086340904236,0.31395456194877625,4150,15.513702303171158,0.7234456380208333,-0.021539626449036103
7288,5124096,417,269.82,703,218.03647875,0.17958765,-2.8718995104233422,0.0003,7.936280727386475,0.2,0.9489640593528748,0.3133563697338104,4160,16.32225007414818,0.706005859375,-0.025830033607780932
7288,5136384,418,275.12,704,219.15032931,0.17216039,-2.8744943648576737,0.0003,8.108277320861816,0.2,0.9526472687721252,0.3135942220687866,4170,17.165526181459427,0.7180013020833333,-0.01802409900313554
7288,5148672,419,287.33,706,232.58145416,0.19063759,-2.8747432177265484,0.0003,4.220025062561035,0.2,0.9567984342575073,0.3134588301181793,4180,15.309413866202037,0.710693359375,-0.021035942134525008
7289,5160960,420,286.09,708,239.37378855,0.18529212,-2.8640884707371392,0.0003,7.520364284515381,0.2,0.9612047076225281,0.312845379114151,4190,16.757201820611954,0.7025797526041667,-0.024898750171996654
7289,5173248,421,299.14,709,254.99165815,0.21411331,-2.8215446546673775,0.0003,6.721067428588867,0.2,0.9505464434623718,0.3119681179523468,4200,16.922581281264623,0.722216796875,-0.023007746712149432
7289,5185536,422,312.37,711,272.20797497000007,0.23821257,-2.8116203054785727,0.0003,8.757854461669922,0.2,0.9524016976356506,0.31214919686317444,4210,16.981163450082143,0.7353759765625,-0.015897019587282558
7288,5197824,423,341.42,713,299.24363565,0.28026295,-2.8675075814127924,0.0003,5.306921482086182,0.2,0.9676257967948914,0.3139834702014923,4220,12.872757942477863,0.7635009765625,-0.0026854258195574705
7285,5210112,424,349.83,715,306.50453022,0.19258964,-2.9009857495625813,0.0003,6.021442413330078,0.2,0.9616456627845764,0.31428155303001404,4230,13.501561374465625,0.7284830729166667,-0.018697827215752718
7285,5222400,425,379.16,716,328.35628125999995,0.22940128,-2.8874531254172324,0.0003,4.214039325714111,0.2,0.9598102569580078,0.3137718737125397,4240,11.908076623082161,0.739990234375,-0.013301611486531329
7285,5234688,426,440.15,718,387.61397689,0.22883622,-2.8710190867384275,0.0003,4.593897819519043,0.2,0.9661882519721985,0.3134442865848541,4250,12.773584523797036,0.7386962890625,-0.008706034429875824
7285,5246976,427,457.53,720,401.06025012000003,0.19597584,-2.87825709382693,0.0003,3.940124273300171,0.2,0.9635120034217834,0.31342199444770813,4260,13.040716720620791,0.712060546875,-0.01768481153412722
7285,5259264,428,498.55,721,434.66314105000004,0.27279267,-2.907467484474182,0.0003,4.765263080596924,0.2,0.9592050313949585,0.3147224187850952,4270,12.088625075419744,0.7889485677083333,0.026588990612557
7286,5271552,429,515.16,723,444.17233928,0.25118324,-2.93505611071984,0.0003,3.6381585597991943,0.2,0.9603354334831238,0.31456711888313293,4280,10.885079524914424,0.7454752604166667,-0.00016444644037013253
7286,5283840,430,505.14,725,432.76533187,0.27716324,-2.980791647732258,0.0003,2.5331287384033203,0.2,0.9735639691352844,0.31609055399894714,4290,9.172884383797646,0.7784830729166666,0.01058498736723171
7286,5296128,431,495.44,726,423.9701886299999,0.19103825,-2.973098935683568,0.0003,3.8987622261047363,0.2,0.9667340517044067,0.3155386447906494,4300,10.665756026903788,0.7321207682291667,-0.00965535434273382
7286,5308416,432,484.81,728,426.3047798000001,0.24456878,-2.986847834785779,0.0003,13.382229804992676,0.2,0.9688786268234253,0.3161095976829529,4310,13.917461812496185,0.7348795572916667,-0.008789030894210252
7286,5320704,433,532.43,730,482.94361478999997,1.1475409,-3.0626445362965264,0.0003,5.118540287017822,0.2,0.9667976498603821,0.3204893171787262,4320,9.078399935861428,0.8924397786458333,0.13554299196985084
7287,5332992,434,511.51,731,465.70540265999995,0.32683697,-3.2064580778280893,0.0003,6.6846184730529785,0.2,0.9588072299957275,0.32236436009407043,4330,10.553779059648514,0.8025960286458333,0.03744855484110303
7287,5345280,435,561.52,733,522.5060167099999,0.15056644,-3.206426863372326,0.0003,5.621532917022705,0.2,0.9733994603157043,0.32139238715171814,4340,11.154638683795929,0.693603515625,-0.01814949866384268
7287,5357568,436,594.76,735,556.0496999100001,0.24462916,-3.207503084341685,0.0003,3.2796077728271484,0.2,0.9590198397636414,0.3225928246974945,4350,10.931854000687599,0.7572509765625,0.005625850049545989
7287,5369856,437,609.77,736,569.0779671900001,0.4686061,-3.324074363708496,0.0003,1.807279348373413,0.2,0.9743252396583557,0.3260963261127472,4360,6.445088905096054,0.854296875,0.07767776864008434
7287,5382144,438,574.81,738,536.39404824,0.14091092,-3.3536631599068643,0.0003,5.219453811645508,0.2,0.9643437266349792,0.3254857063293457,4370,11.989838291207949,0.6838785807291666,-0.01612863799916037
7287,5394432,439,594.72,740,555.43174564,0.118476726,-3.3212464531262715,0.0003,9.45134449005127,0.2,0.9644650220870972,0.32444724440574646,4380,16.686169220010438,0.6446940104166666,-0.02614369385022049
7287,5406720,440,578.48,741,536.5208356800001,0.13318853,-3.2713425839940706,0.0003,7.63932991027832,0.2,0.9646122455596924,0.32304856181144714,4390,17.18670366803805,0.6654215494791667,-0.022293316812526123
7288,5419008,441,562.8,743,517.20534526,0.19930606,-3.2602557465434074,0.0003,4.798523902893066,0.2,0.9482232928276062,0.3231681287288666,4400,13.301532790064812,0.7161702473958333,-0.013737885091783635
7288,5431296,442,467.67,745,403.13818281000005,12.73328,-3.3214097743233046,0.0003,1.3958466053009033,0.2,0.9783695936203003,0.32617053389549255,4410,3.578995849440495,0.974755859375,0.2567616560671013
7288,5443584,443,344.84,746,234.47693999999996,0.15605049,-3.3725550865133602,0.0003,4.47620153427124,0.2,0.8958460688591003,0.3254650831222534,4420,13.237086048722267,0.6901204427083333,-0.012747923524390596
7289,5455872,444,284.78,748,147.34900754,0.14956707,-3.361551795403163,0.0003,5.599300384521484,0.2,0.9411616325378418,0.32530641555786133,4430,14.830139711499214,0.6671142578125,-0.02614403810633424
7289,5468160,445,334.17,750,163.45364740000002,0.16709588,-3.347231315076351,0.0003,5.53953742980957,0.2,0.9389457106590271,0.32454732060432434,4440,13.049101521571478,0.7028645833333333,-0.021454474195100676
7289,5480448,446,363.67,751,183.70329475999995,0.61782545,-3.3503498633702598,0.0003,4.6628642082214355,0.2,0.9312251210212708,0.32545042037963867,4450,8.731549217303593,0.8411376953125,0.04406307929554411
7290,5492736,447,387.43,753,220.31598836,0.20704477,-3.3837704002857207,0.0003,4.6128692626953125,0.2,0.962642252445221,0.32624557614326477,4460,9.827528182665507,0.7422200520833333,-0.006083109471364878
7289,5505024,448,387.2,755,254.60525457999995,0.20250851,-3.3807634368538855,0.0003,4.640389919281006,0.2,0.9588149785995483,0.32565996050834656,4470,11.24776492913564,0.7195556640625,-0.019649980422885467
7290,5517312,449,398.11,756,295.36983816,0.8203583,-3.4838694338997205,0.0003,2.8066458702087402,0.2,0.9598242044448853,0.33109286427497864,4480,6.59752254585425,0.9074381510416667,0.15576723355140226
7290,5529600,450,391.83,758,289.38134608,0.1795016,-3.5832447186112404,0.0003,4.473942756652832,0.2,0.9675641059875488,0.33079075813293457,4490,8.061689767738184,0.702099609375,-0.024815237824805082
7290,5541888,451,444.81,760,323.13489515,0.25114933,-3.5915294155478477,0.0003,2.0779924392700195,0.2,0.9754324555397034,0.3313499391078949,4500,5.6324790994326275,0.755126953125,-0.007817927791620605
7290,5554176,452,441.15,761,317.6564662,0.27688834,-3.593219030400117,0.0003,1.7445883750915527,0.2,0.9750410318374634,0.3311002552509308,4510,4.730824430038532,0.7623046875,-0.0011610724839556496
7290,5566464,453,478.23,763,341.23801325,0.2534903,-3.587599281469981,0.0003,1.4457553625106812,0.2,0.9734877347946167,0.3311619758605957,4520,4.617731551329295,0.7427164713541666,-0.017556362120861497
7290,5578752,454,483.32,765,361.5771907,0.16716664,-3.581440877914429,0.0003,2.7475037574768066,0.2,0.9683911204338074,0.3306579887866974,4530,8.263760217030843,0.6706136067708334,-0.025173051786259747
7290,5591040,455,482.92,766,380.48823466999994,0.20917809,-3.5724501073360444,0.0003,2.318875789642334,0.2,0.9733664393424988,0.33122074604034424,4540,6.225935897727807,0.722998046875,-0.015716878620150965
7291,5603328,456,444.74,768,370.88189862,0.17390412,-3.5938846757014593,0.0003,2.7488410472869873,0.2,0.9750351905822754,0.3318993151187897,4550,8.348787081241607,0.6818359375,-0.029612846664288858
7291,5615616,457,459.09,770,387.58963910000006,0.17481424,-3.617607998351256,0.0003,3.1795594692230225,0.2,0.9758846759796143,0.33198991417884827,4560,8.327141540249189,0.6925618489583333,-0.01834293841772402
7291,5627904,458,449.16,771,382.1578548600001,0.15321994,-3.6020944779117903,0.0003,3.1185555458068848,0.2,0.9733202457427979,0.33153995871543884,4570,9.548598654568195,0.6840576171875,-0.013256059430811243
7291,5640192,459,473.63,773,406.11848342999997,0.24643348,-3.647197600702445,0.0003,1.8342459201812744,0.2,0.9786173701286316,0.33315345644950867,4580,7.347070763011773,0.7854410807291666,0.022921543194873568
7291,5652480,460,513.59,775,447.4193953700001,0.1659378,-3.61880603035291,0.0003,4.426944732666016,0.2,0.9647817611694336,0.3319213092327118,4590,8.916439033548038,0.6783365885416667,-0.021369103443187973
7291,5664768,461,493.65,776,420.54027884000004,0.14220299,-3.6022367909550668,0.0003,6.2463884353637695,0.2,0.9706603288650513,0.33209019899368286,4600,10.249990764260293,0.6673909505208333,-0.02179582242582304
7291,5677056,462,490.97,778,419.44971907000007,0.14399903,-3.583155993123849,0.0003,6.82244873046875,0.2,0.9681311249732971,0.33154016733169556,4610,12.884773729244868,0.6522705078125,-0.026869225036352872
7291,5689344,463,514.59,780,449.4289576399999,0.15183775,-3.5710143451889356,0.0003,4.518759727478027,0.2,0.9663724303245544,0.3309652805328369,4620,13.446324150760969,0.6690755208333333,-0.022673070142627694
7291,5701632,464,516.11,781,446.53610655000006,0.64708644,-3.649861991405487,0.0003,1.3927268981933594,0.2,0.9810361266136169,0.3351634442806244,4630,5.433321930468082,0.8690999348958334,0.08843211753798338
7291,5713920,465,555.14,783,484.5670304000001,0.15388663,-3.711775654554367,0.0003,3.365309238433838,0.2,0.9762319922447205,0.3349577486515045,4640,8.088944947719574,0.7009358723958333,-0.018035629735095426
7288,5726208,466,600.98,785,531.23883158,0.24319601,-3.7152104159196218,0.0003,2.223590135574341,0.2,0.9802567362785339,0.33528175950050354,4650,6.207162717481454,0.754736328125,-0.003350746182453198
7288,5738496,467,636.39,787,567.6462654200001,0.21859781,-3.731134493649006,0.0003,1.580416202545166,0.2,0.9700096845626831,0.33580753207206726,4660,6.533794684211413,0.7427652994791667,-0.005423732810110475
7288,5750784,468,576.29,789,500.0522100200001,2.128898,-3.834338649113973,0.0003,1.1261143684387207,0.2,0.9689700603485107,0.3425772190093994,4670,4.02523875857393,0.9401692708333333,0.19045042103389279
7287,5763072,469,521.77,790,453.83961689999995,0.07772514,-3.971780084570249,0.0003,8.569345474243164,0.2,0.9671565890312195,0.34233391284942627,4680,16.46175812383493,0.6014078776041667,-0.027493262828405324
7266,5775360,470,473.57,794,412.3492274000001,0.0731213,-3.9422236224015554,0.0003,8.832850456237793,0.2,0.9618619680404663,0.3416242301464081,4690,22.463674982388813,0.5412434895833333,-0.03771536048928586
7215,5787648,471,428.9,802,361.81456317,0.091040604,-3.925127211709817,0.0003,7.572521209716797,0.2,0.9530454277992249,0.3411963880062103,4700,20.638163749376933,0.5978759765625,-0.03323046690663129
7193,5799936,472,455.26,806,394.59915457999995,0.14208888,-3.91456960439682,0.0003,5.985400676727295,0.2,0.9677842259407043,0.3410426676273346,4710,18.374853614966074,0.6687093098958333,-0.025063123404591655
6051,5812224,473,143.09,960,104.62477551999999,6.873903,-3.9570180137952167,0.0003,3.4965221881866455,0.2,0.9733769297599792,0.34396207332611084,4720,8.020900154610475,0.955029296875,0.18905127252219245
6049,5824512,474,118.92,962,81.12392748,0.13699804,-4.012504614889622,0.0003,10.166200637817383,0.2,0.8943691253662109,0.34343084692955017,4730,23.852168017625807,0.6234049479166667,-0.03500673750337834
6029,5836800,475,129.62,967,90.22359018000002,0.1630319,-4.006595240533352,0.0003,5.90474271774292,0.2,0.9378880858421326,0.3432657718658447,4740,17.660858350992203,0.6670654296875,-0.033587219257606195
5996,5849088,476,131.92,975,89.20173552,0.24206896,-4.037742441395919,0.0003,5.654960632324219,0.2,0.9598583579063416,0.34485816955566406,4750,13.16557328402996,0.736669921875,-0.012436701770639047
5975,5861376,477,140.63,980,92.61334918999997,0.28394502,-4.091465143362681,0.0003,5.62265682220459,0.2,0.9590001106262207,0.3454369008541107,4760,11.948928553859393,0.7818766276041667,0.01756676639294407
5946,5873664,478,145.03,987,98.03288572000001,0.25626743,-4.109790081779162,0.0003,4.850067615509033,0.2,0.9684489965438843,0.3462483882904053,4770,8.900958727796873,0.7782145182291667,0.0003986651344651667
5920,5885952,479,158.7,994,107.56864721,0.24246769,-4.118959518273671,0.0003,3.5794475078582764,0.2,0.970248818397522,0.34683308005332947,4780,9.069563578565916,0.7415934244791667,-0.01406428222641504
5898,5898240,480,181.09,1000,128.90978456,0.21539716,-4.130182075500488,0.0003,3.704615831375122,0.2,0.9655164480209351,0.3470042943954468,4790,10.041226796309154,0.7178141276041666,-0.024329200121186053
5878,5910528,481,199.21,1005,144.00951433999998,0.19378535,-4.106854386130968,0.0003,4.613860607147217,0.2,0.961089551448822,0.3461368978023529,4800,10.320575123031935,0.6932861328125,-0.03543663489836035
3717,5922816,482,228.52,1593,172.12768749999998,0.17306413,-4.092679117123286,0.0003,4.493171691894531,0.2,0.9544846415519714,0.34568265080451965,4810,11.644454045097033,0.669384765625,-0.036772011525560325
3721,5935104,483,254.07,1594,198.17921469,0.18012889,-4.087092074751854,0.0003,5.311934947967529,0.2,0.9509774446487427,0.3458850681781769,4820,10.846857052048048,0.6849690755208333,-0.036789876553424014
3723,5947392,484,321.66,1597,269.96397113999996,0.14986984,-4.080446595946948,0.0003,6.348273277282715,0.2,0.9434592723846436,0.3454523980617523,4830,12.97148084640503,0.6436604817708333,-0.036433595199681194
3697,5959680,485,398.11,1611,340.30667242,0.18410642,-4.068538046876589,0.0003,4.886987209320068,0.2,0.9434653520584106,0.3450610935688019,4840,10.46936776737372,0.6897216796875,-0.021992211086520306
3684,5971968,486,456.7,1620,394.65082711,0.21407092,-4.093751123547554,0.0003,3.5121378898620605,0.2,0.9681676030158997,0.3463567793369293,4850,7.589252943793933,0.7203531901041667,-0.016240046231541783
3676,5984256,487,534.22,1627,459.22410675,0.19624273,-4.108451947569847,0.0003,2.441037893295288,0.2,0.9631635546684265,0.3465593755245209,4860,6.588124211132526,0.7428955078125,-4.9452733946964145e-05
3669,5996544,488,559.18,1634,466.58076700000004,0.18615627,-4.09812281926473,0.0003,3.4209158420562744,0.2,0.962028443813324,0.3462892472743988,4870,6.524509384731451,0.6820068359375,-0.02061541522756064
3667,6008832,489,528.44,1638,433.73099174000004,0.1503936,-4.089984440803528,0.0003,3.3081295490264893,0.2,0.9739081263542175,0.34575846791267395,4880,8.464461035529773,0.6671630859375,-0.028660968618351036
2346,6021120,490,552.08,2566,454.7327242100001,0.13451783,-4.051108572880427,0.0003,4.704480171203613,0.2,0.9709070324897766,0.34411755204200745,4890,10.180528337756792,0.65,-0.02761969247464246
2349,6033408,491,542.75,2568,458.3281319199999,0.31230137,-4.070917019248009,0.0003,1.7071447372436523,0.2,0.9734828472137451,0.34529757499694824,4900,5.132007683813572,0.7970784505208334,0.02402871768232823
2352,6045696,492,514.18,2570,446.4501560500001,0.15312518,-4.054685000578562,0.0003,2.4204750061035156,0.2,0.977931797504425,0.34434255957603455,4910,7.591390920678775,0.6714599609375,-0.016541543033963536
1832,6057984,493,567.41,3305,495.76041939000004,0.124442995,-4.01869170020024,0.0003,3.8849852085113525,0.2,0.9739984273910522,0.3430931866168976,4920,11.900124455491701,0.6342610677083333,-0.024213412617488453
1835,6070272,494,609.07,3307,537.33497097,0.21854396,-4.025921116769314,0.0003,1.8466477394104004,0.2,0.9830706715583801,0.344021201133728,4930,5.4970077256361645,0.748388671875,0.003670740528711273
1837,6082560,495,605.05,3310,533.67101765,0.13436015,-4.0262523859739305,0.0003,3.961982011795044,0.2,0.977542519569397,0.34373366832733154,4940,9.092531808217366,0.657763671875,-0.019548184479936025
1839,6094848,496,607.52,3312,542.27920548,0.22158854,-4.028521327177684,0.0003,2.195953845977783,0.2,0.9847810864448547,0.34431934356689453,4950,6.353506379326185,0.7518473307291667,0.013095260369785441
1842,6107136,497,637.21,3314,576.39699763,0.1553808,-4.029559894402822,0.0003,3.8062424659729004,0.2,0.9780823588371277,0.34382471442222595,4960,8.703342809776466,0.6787516276041666,-0.016327700030524285
1845,6119424,498,642.18,3316,587.38807361,0.21521942,-4.073951621850331,0.0003,1.0077954530715942,0.2,0.975378155708313,0.3455621898174286,4970,5.216929600139459,0.7985677083333333,0.042965862061828376
1847,6131712,499,633.05,3318,582.25016106,0.37066934,-4.126951907078425,0.0003,2.030916452407837,0.2,0.9841514825820923,0.3475922644138336,4980,4.26937383338809,0.8250732421875,0.05669094928792522
1849,6144000,500,647.79,3321,597.58393689,0.20390059,-4.189364197850227,0.0003,2.1451566219329834,0.2,0.9837614297866821,0.3487851619720459,4990,4.780646504710118,0.713525390625,-0.009538877109298483
1852,6156288,501,681.63,3323,626.16215709,0.19725762,-4.210568037629128,0.0003,1.457614541053772,0.2,0.9835702180862427,0.34919023513793945,5000,5.240336725860834,0.7409586588541667,0.007763805309514283
1855,6168576,502,703.05,3325,644.3043604600001,0.1895303,-4.21719801723957,0.0003,1.3806302547454834,0.2,0.9883843064308167,0.3491306006908417,5010,4.393556565791369,0.71845703125,-0.0002458843926433474
1857,6180864,503,680.47,3327,627.8841571999999,0.19473064,-4.193495326240858,0.0003,1.8362501859664917,0.2,0.9789681434631348,0.3484729826450348,5020,5.544845916330814,0.7068684895833334,-0.012984966579824685
1860,6193152,504,700.64,3329,646.6561453300001,0.16694011,-4.166631780068079,0.0003,2.507603883743286,0.2,0.9852913022041321,0.34790077805519104,5030,5.6253249580661455,0.6792887369791667,-0.021839663651189768
1862,6205440,505,676.02,3330,633.1674465899999,0.42124593,-4.233825453122457,0.0003,1.458803653717041,0.2,0.9882392883300781,0.3496347665786743,5040,3.241075783719619,0.8251627604166667,0.04935571798899521
1865,6217728,506,653.08,3333,622.13271891,0.1269735,-4.214539496103923,0.0003,1.7138108015060425,0.2,0.9860459566116333,0.3487262725830078,5050,7.226802692810694,0.65595703125,-0.02082519864779897
1868,6230016,507,640.22,3335,619.21248304,0.13406709,-4.201977238059044,0.0003,2.126152753829956,0.2,0.9880399107933044,0.34849902987480164,5060,6.180273662010829,0.64873046875,-0.025010516395559533
1870,6242304,508,617.19,3336,585.4297993200001,0.1271473,-4.195745287338893,0.0003,2.217736005783081,0.2,0.9789789319038391,0.34847021102905273,5070,7.608902072906494,0.6576985677083333,-0.014939759875414894
1873,6254592,509,622.74,3338,596.83146984,0.11902998,-4.188077374299367,0.0003,5.1063408851623535,0.2,0.9771548509597778,0.3478734493255615,5080,11.570867591102918,0.6211995442708333,-0.02736122561521673
1875,6266880,510,667.14,3340,646.79936245,0.3744575,-4.239847562710444,0.0003,1.9988285303115845,0.2,0.9820520281791687,0.3509679138660431,5090,4.027876978864272,0.8442057291666667,0.07305542556132423
1878,6279168,511,679.73,3342,652.5811596299999,0.112326734,-4.266670804222425,0.0003,1.7331801652908325,0.2,0.9725560545921326,0.3499127924442291,5100,7.979057082037131,0.6049479166666667,-0.023084301641210912
1881,6291456,512,652.12,3344,629.34566834,0.9449694,-4.3599658370018,0.0003,1.445026159286499,0.2,0.9881793856620789,0.3563186228275299,5110,3.191856710612774,0.913671875,0.14178046878272046
1883,6303744,513,560.18,3346,538.79280137,0.043053985,-4.461072539289792,0.0003,10.139739036560059,0.2,0.9509081244468689,0.355754017829895,5120,22.21390271584193,0.4527587890625,-0.03663254507215849
1886,6316032,514,480.66,3348,453.39151036,0.060397666,-4.4390740116437275,0.0003,11.26769733428955,0.2,0.9716594815254211,0.3551337718963623,5130,23.815324334303536,0.4947998046875,-0.041493820000323464
1889,6328320,515,440.41,3349,418.53649687999996,0.07634262,-4.419036094347636,0.0003,7.4571332931518555,0.2,0.9707725048065186,0.3547064960002899,5140,23.095913314819335,0.5462320963541667,-0.03701984921062831
1891,6340608,516,474.7,3351,459.49175145000004,0.14577352,-4.420556995272636,0.0003,4.405905723571777,0.2,0.9821553230285645,0.3548630177974701,5150,12.525795686244965,0.6833658854166667,-0.017766228426868716
1894,6352896,517,529.64,3353,529.01104804,0.23901677,-4.453986498713493,0.0003,4.023332595825195,0.2,0.9798897504806519,0.3568103015422821,5160,8.435445006688436,0.7862060546875,0.029064549242320936
1897,6365184,518,581.76,3355,583.69314306,0.21003,-4.4774654348691305,0.0003,4.014841556549072,0.2,0.973515510559082,0.3571213185787201,5170,9.041546871761481,0.6981282552083333,-0.0054148599456918115
1899,6377472,519,588.41,3356,590.59617822,2.588458,-4.572856909036636,0.0003,2.6464250087738037,0.2,0.9882984757423401,0.36215880513191223,5180,5.258338723083337,0.9455159505208334,0.18172616247514572
1902,6389760,520,593.52,3358,594.09270505,0.11995512,-4.6543762882550554,0.0003,7.546924591064453,0.2,0.9852381348609924,0.36255741119384766,5190,11.137179229656855,0.6472981770833334,-0.020994466962777854
1904,6402048,521,583.22,3360,574.64189507,0.15761097,-4.670567962527275,0.0003,3.7467806339263916,0.2,0.9818257093429565,0.36341163516044617,5200,8.925734476248424,0.6892822265625,-0.020240872188393648
1907,6414336,522,575.5,3362,558.38509297,0.1809395,-4.673918493588766,0.0003,2.024160385131836,0.2,0.9859475493431091,0.3629692494869232,5210,7.873140274484952,0.7138020833333333,-0.007961514518441012
1910,6426624,523,579.62,3364,562.92286613,0.09891125,-4.646157364050548,0.0003,5.93314790725708,0.2,0.9683009386062622,0.3622560501098633,5220,14.045139706134796,0.6261800130208334,-0.023076691188422652
1912,6438912,524,617.33,3366,600.7691171,0.23830481,-4.651489032308261,0.0003,1.585363507270813,0.2,0.9854933619499207,0.36238136887550354,5230,6.868865267932415,0.7616536458333333,0.008289087036488733
1915,6451200,525,636.65,3368,613.0170220800001,0.24720514,-4.6884846965471905,0.0003,1.8333969116210938,0.2,0.9836072325706482,0.3642776906490326,5240,5.145201699684064,0.7900065104166667,0.019749832339584827
1917,6463488,526,675.92,3370,653.24215277,0.6806701,-4.778288322687149,0.0003,1.6169235706329346,0.2,0.9816061854362488,0.36774471402168274,5250,3.9522993388275305,0.8984293619791667,0.13124437344959006
1920,6475776,527,663.65,3372,634.47596302,0.11893975,-4.82865196565787,0.0003,2.165269136428833,0.2,0.9868969917297363,0.3670814037322998,5260,7.8567651515205705,0.6343098958333333,-0.022112258040579036
1922,6488064,528,674.58,3374,646.36032945,0.110434,-4.8155362357695894,0.0003,2.1222174167633057,0.2,0.982471227645874,0.36660894751548767,5270,7.751789660255114,0.6397623697916667,-0.016810501087942006
1925,6500352,529,674.44,3375,642.47069585,0.14526916,-4.803551844755808,0.0003,2.3922383785247803,0.2,0.9814338088035583,0.3663354814052582,5280,7.100352113942305,0.6862548828125,-0.00975770041841315
1928,6512640,530,701.93,3377,675.2876187599999,0.17989504,-4.7877685288588205,0.0003,1.9869738817214966,0.2,0.9776041507720947,0.3661607503890991,5290,7.639046767850717,0.7002034505208333,-0.011183156907888285
1930,6524928,531,111.68,3379,47.061372150000004,22.59568,-4.835435581207276,0.0003,0.5978131294250488,0.2,0.9881499409675598,0.36873602867126465,5300,1.507998093838493,0.9772379557291667,0.21771880248949552
1933,6537216,532,112.28,3381,50.92413551,1.9120383,-4.950278189778328,0.0003,3.4893016815185547,0.2,0.6499960422515869,0.3725949823856354,5310,14.691981592774392,0.8509114583333334,0.126960354099477
1936,6549504,533,112.95,3382,53.78085595,0.17971341,-5.010983615120252,0.0003,4.076999664306641,0.2,0.8099040985107422,0.3727668821811676,5320,11.62279820839564,0.6534342447916667,-0.01719217538193334
1938,6561792,534,120.78,3384,57.51279238000001,0.23442502,-5.0222295413414635,0.0003,1.9402201175689697,0.2,0.8820332288742065,0.37263110280036926,5330,7.572390022377173,0.6918538411458334,-0.016972670642038185
1941,6574080,535,135.27,3386,65.00046929000001,0.23426636,-5.005777669946353,0.0003,2.5408554077148438,0.2,0.9350317716598511,0.3723998963832855,5340,5.6439285457134245,0.7016682942708333,-0.019534570297885998
1944,6586368,536,139.11,3387,68.83048032999999,0.18220918,-5.012063312530517,0.0003,1.729048728942871,0.2,0.9447397589683533,0.37265801429748535,5350,5.730790844062964,0.6864501953125,-0.01961338291245435
1946,6598656,537,152.33,3389,73.19316615,0.29529914,-5.044480071465174,0.0003,0.9878371953964233,0.2,0.9671575427055359,0.37389007210731506,5360,3.391375571489334,0.74638671875,-0.013681938097579404
1949,6610944,538,156.69,3391,79.46953975999999,0.21415459,-5.0321902364492415,0.0003,1.2723667621612549,0.2,0.9519040584564209,0.37334370613098145,5370,3.8339885811011,0.6915445963541667,-0.025020972078588482
1952,6623232,539,172.04,3392,87.56105923999999,0.25121427,-5.0499895989894865,0.0003,1.0123674869537354,0.2,0.9653589725494385,0.37413015961647034,5380,3.174539505690336,0.70908203125,-0.02888035174206986
1954,6635520,540,185.37,3394,94.81756127999999,0.2240894,-5.046700393160184,0.0003,0.980201244354248,0.2,0.9638142585754395,0.37371155619621277,5390,3.3353883241613707,0.6950113932291667,-0.03209338067196465
1957,6647808,541,200.0,3396,104.23333394000001,0.19975615,-5.031210132439932,0.0003,1.2851536273956299,0.2,0.9566494822502136,0.3731063902378082,5400,3.400923874974251,0.68125,-0.03289682051593748
1959,6660096,542,190.06,3398,108.01903874,0.19757271,-5.029880764087041,0.0003,1.432050347328186,0.2,0.9641301035881042,0.3733626902103424,5410,3.472939335058133,0.6878092447916667,-0.0337312011407145
1962,6672384,543,203.07,3400,123.28686996,0.16046132,-5.034875569740931,0.0003,1.4873309135437012,0.2,0.967649519443512,0.3736213445663452,5420,4.113856047888597,0.6517415364583333,-0.03947399723935329
1964,6684672,544,213.76,3401,137.20693683,0.16295685,-5.022088826696078,0.0003,1.8629413843154907,0.2,0.9674497842788696,0.372951477766037,5430,5.304711055755615,0.6331461588541667,-0.040307586371394186
1967,6696960,545,204.79,3403,129.29517395000002,0.16324814,-5.016150423884392,0.0003,1.491127610206604,0.2,0.971630871295929,0.3730224668979645,5440,4.892251512408256,0.6462158203125,-0.03803916971664876
1970,6709248,546,209.76,3405,137.67206291,0.15053079,-5.007687019308408,0.0003,1.6874996423721313,0.2,0.9697886109352112,0.3724268972873688,5450,5.568492828806241,0.6363850911458333,-0.03894546941252581
1972,6721536,547,212.54,3407,139.9838807,0.13251002,-4.969764468073845,0.0003,2.6464099884033203,0.2,0.9652197360992432,0.37120580673217773,5460,6.610403846204281,0.6318766276041666,-0.03921836355778699
1975,6733824,548,225.68,3408,151.79315422000002,0.12508133,-4.942443651954333,0.0003,3.109015703201294,0.2,0.9679744243621826,0.37036046385765076,5470,8.09373222788175,0.6044759114583333,-0.04405654603615403
1977,6746112,549,232.96,3410,155.34280038,0.13466164,-4.921491846442223,0.0003,3.1713030338287354,0.2,0.9574791193008423,0.369490385055542,5480,7.559621007243792,0.6363688151041667,-0.03725692930650742
1980,6758400,550,231.2,3412,159.81354201000002,0.16887482,-4.903204350670179,0.0003,2.541151285171509,0.2,0.9712949991226196,0.3687620162963867,5490,7.4066495577494305,0.6715494791666666,-0.03411739606817719
1983,6770688,551,243.4,3414,180.41050524,0.16496907,-4.885902726650238,0.0003,2.3939619064331055,0.2,0.9718490242958069,0.36831405758857727,5500,6.744283487399419,0.6599527994791666,-0.033149039223887185
1985,6782976,552,238.21,3415,176.84192661999998,0.113269776,-4.8546658476193745,0.0003,4.089091777801514,0.2,0.9711965918540955,0.3671034276485443,5510,10.560557064414024,0.6134521484375,-0.03971477777813561
1988,6795264,553,228.46,3417,162.62121642000002,0.14488225,-4.827870581547419,0.0003,3.2181811332702637,0.2,0.9686160087585449,0.36610886454582214,5520,9.324692637721698,0.6581217447916666,-0.03518640135832053
1990,6807552,554,254.08,3419,175.17787697000003,0.20472848,-4.811030394832293,0.0003,1.9399266242980957,0.2,0.975017786026001,0.36616846919059753,5530,7.017772042254607,0.7070882161458333,-0.016474393837658377
1993,6819840,555,245.43,3420,168.80919843999996,0.15446973,-4.7992433617512384,0.0003,3.6259264945983887,0.2,0.9670582413673401,0.3653186857700348,5540,9.624220514297486,0.6523030598958334,-0.032628487025309974
1996,6832128,556,268.3,3422,197.43161838,0.1780942,-4.784771201014519,0.0003,3.3913350105285645,0.2,0.9737597703933716,0.36530277132987976,5550,8.198441911737124,0.6927327473958333,-0.02640321160336801
1998,6844416,557,299.67,3424,226.34563937999997,0.124322236,-4.761921209096909,0.0003,4.419376373291016,0.2,0.9673179388046265,0.3641110360622406,5560,12.128908741474152,0.6157389322916667,-0.039382761059096084
2001,6856704,558,287.83,3426,217.64523634999995,0.19002199,-4.75899549126625,0.0003,3.9157192707061768,0.2,0.9715642929077148,0.3649493157863617,5570,7.595863118767738,0.689892578125,-0.023291697235739168
2003,6868992,559,279.42,3428,208.57330015,0.16553758,-4.743260842561722,0.0003,3.6759819984436035,0.2,0.9669080972671509,0.36351528763771057,5580,10.300863727927208,0.6702799479166667,-0.0288132690184284
2006,6881280,560,262.39,3429,196.89463942999998,0.13480991,-4.697901293635368,0.0003,3.9883155822753906,0.2,0.9577587842941284,0.36255136132240295,5590,13.331049085656803,0.6474527994791667,-0.03413637039872507
2008,6893568,561,243.66,3431,181.73298345999999,0.17005593,-4.677397161722183,0.0003,4.428757190704346,0.2,0.9676945209503174,0.3618934154510498,5600,11.412672320008278,0.6815266927083333,-0.031073602420898776
2011,6905856,562,297.98,3433,234.96899979999998,0.13669895,-4.673256794611613,0.0003,7.424813747406006,0.2,0.9656622409820557,0.3619364798069,5610,15.305789481600126,0.6364176432291667,-0.03653867962226893
2013,6918144,563,338.93,3435,272.7113452,0.19310105,-4.686252709229787,0.0003,4.954695701599121,0.2,0.973773717880249,0.3621361255645752,5620,10.308359188834826,0.721826171875,-0.01670774683104052
2016,6930432,564,381.76,3437,310.0860931600001,0.22300583,-4.703008136153221,0.0003,4.176914691925049,0.2,0.9732943177223206,0.36275652050971985,5630,8.107817510267099,0.7346598307291666,-0.013422372412848441
2018,6942720,565,403.38,3439,327.75649201,0.19748907,-4.707438646753629,0.0003,2.8402903079986572,0.2,0.9776340126991272,0.36255979537963867,5640,8.51753648618857,0.7101643880208334,-0.024670137505745517
2021,6955008,566,423.53,3441,339.3553195100001,0.23383904,-4.709758779406547,0.0003,2.4674293994903564,0.2,0.9791518449783325,0.3628740608692169,5650,8.050199969112873,0.7310139973958333,-0.015183621662436054
2023,6967296,567,443.76,3442,364.66982982999997,0.293994,-4.727871292829514,0.0003,1.795539379119873,0.2,0.9796115756034851,0.36333754658699036,5660,5.782339138289292,0.7643391927083333,-0.004587379679045019
2026,6979584,568,485.93,3444,395.85991873,0.2566979,-4.77201988697052,0.0003,2.2975573539733887,0.2,0.9818442463874817,0.3648827075958252,5670,5.014569074412187,0.7452962239583333,-0.015600596058842104
2028,6991872,569,518.26,3446,414.48974193000004,0.18635331,-4.771388719479243,0.0003,3.7197132110595703,0.2,0.9758514761924744,0.36385345458984375,5680,5.917794579267502,0.6884114583333333,-0.02707950620970223
2031,7004160,570,554.19,3448,437.07403554999996,0.27093318,-4.751468922694524,0.0003,2.1863934993743896,0.2,0.983630359172821,0.3634200096130371,5690,3.6853178131083646,0.7675130208333333,-0.005566126983224725
2033,7016448,571,577.6,3450,459.45822014000004,0.23866607,-4.729357128341992,0.0003,1.7104886770248413,0.2,0.9826207160949707,0.36286142468452454,5700,3.881817498554786,0.7498046875,-0.009907175277476199
2036,7028736,572,584.18,3452,469.6944037900001,0.15284343,-4.693123122056325,0.0003,2.2407383918762207,0.2,0.9733582735061646,0.3618963658809662,5710,5.949109122157097,0.6646565755208333,-0.027992668416603313
2038,7041024,573,560.34,3453,456.53457862999994,0.22065787,-4.7208292553822195,0.0003,1.8449121713638306,0.2,0.9775789380073547,0.3632086217403412,5720,4.88664008975029,0.7318929036458334,-0.00329791514329069
2041,7053312,574,567.33,3455,473.83438106999995,0.1104823,-4.693851146101951,0.0003,4.973326683044434,0.2,0.973488986492157,0.3617582321166992,5730,11.730335471530756,0.5876627604166667,-0.03399511585691168
2043,7065600,575,541.46,3457,462.65220067,0.110303134,-4.643966818849246,0.0003,4.052720546722412,0.2,0.9630585312843323,0.36021196842193604,5740,10.621796133120855,0.5949137369791667,-0.0342859652582168
2046,7077888,576,542.33,3459,469.0320103299999,0.1156221,-4.615780226389567,0.0003,7.527194976806641,0.2,0.9642901420593262,0.3594353497028351,5750,11.990182682871819,0.627978515625,-0.02996120843696796
2048,7090176,577,555.31,3461,482.4326608600001,0.207417,-4.603936979174614,0.0003,2.232733726501465,0.2,0.977904736995697,0.3592158257961273,5760,8.168344247341157,0.72001953125,-0.008039416247144496
2051,7102464,578,582.33,3462,493.49686597000004,0.27259228,-4.63082729379336,0.0003,2.612604856491089,0.2,0.9808889627456665,0.3607673645019531,5770,5.51960277458032,0.767919921875,0.0018798931288377693
2053,7114752,579,611.89,3464,529.46986935,0.27143762,-4.662748377521833,0.0003,1.4680700302124023,0.2,0.982545018196106,0.361640065908432,5780,5.1268804088234905,0.7356119791666667,-0.01754598551488016
2056,7127040,580,608.26,3466,525.42806015,0.2837731,-4.6821644882361095,0.0003,1.157530426979065,0.2,0.9832574725151062,0.3623606860637665,5790,4.254136402159929,0.7779378255208333,0.00613952488929499
2058,7139328,581,607.22,3467,529.9091449599999,0.18912774,-4.667054629325866,0.0003,1.8672523498535156,0.2,0.9847774505615234,0.36152371764183044,5800,5.194763599832853,0.7056722005208333,-0.020177702130361772
2061,7151616,582,588.24,3469,508.9627808699999,0.2434129,-4.688952293992043,0.0003,2.170466423034668,0.2,0.9836940169334412,0.3622552156448364,5810,5.934468308587869,0.7301188151041667,-0.009253481946264705
2063,7163904,583,574.55,3471,513.9861512299999,0.15283538,-4.6817191511392595,0.0003,2.9046623706817627,0.2,0.9801722168922424,0.36167284846305847,5820,7.614811062316099,0.67470703125,-0.022838293403037824
2066,7176192,584,577.08,3472,521.0363266799999,0.22867732,-4.701129666964213,0.0003,2.965524911880493,0.2,0.9866828322410583,0.3625808656215668,5830,5.5183280318975445,0.743603515625,-0.013296192986308597
2068,7188480,585,594.89,3474,542.5685387799999,0.26504508,-4.75655508339405,0.0003,1.7839702367782593,0.2,0.9873095154762268,0.3649674952030182,5840,4.574427890280883,0.7699625651041667,0.006810269528068602
2071,7200768,586,618.08,3476,556.6844769499999,0.17932813,-4.767704427242279,0.0003,4.336003303527832,0.2,0.9826900362968445,0.36482182145118713,5850,7.009778898457686,0.698681640625,-0.02343021777245061
2073,7213056,587,653.06,3477,590.50718733,0.41376317,-4.852396293481191,0.0003,0.7109237909317017,0.2,0.9866816997528076,0.36825987696647644,5860,2.2056555127104125,0.8224527994791667,0.032482674667456496
2076,7225344,588,683.53,3479,623.1521341299999,0.2181257,-4.88756234049797,0.0003,1.6951857805252075,0.2,0.988436222076416,0.3687267303466797,5870,3.052599596232176,0.7140380859375,-0.0169156371402399
2079,7237632,589,683.06,3481,625.40564821,0.20920181,-4.89594718515873,0.0003,0.8174254894256592,0.2,0.9901279211044312,0.3688613176345825,5880,3.0266872552533943,0.7214274088541667,-0.009561508754268288
2081,7249920,590,662.62,3482,606.45478229,0.15050249,-4.876196810603142,0.0003,0.9800248742103577,0.2,0.9873266220092773,0.3677128255367279,5890,3.522220137466987,0.6845947265625,-0.014459209630149416
2084,7262208,591,704.7,3484,656.29519854,0.1563773,-4.844395372271538,0.0003,3.230524778366089,0.2,0.987962007522583,0.36714938282966614,5900,4.886195062100887,0.661767578125,-0.02156797601346625
2086,7274496,592,683.32,3486,643.72167684,0.21949382,-4.8630657682816185,0.0003,1.0374648571014404,0.2,0.9788927435874939,0.3684138357639313,5910,3.046211012204488,0.7270670572916667,-0.010016247659708218
2089,7286784,593,673.92,3488,624.3524812399999,0.20750041,-4.86376556456089,0.0003,2.2944047451019287,0.2,0.9811903834342957,0.36768484115600586,5920,4.689364986121655,0.7036376953125,-0.0231654785204834
2091,7299072,594,649.57,3489,594.01108458,0.16814302,-4.862428705890974,0.0003,1.7900139093399048,0.2,0.9828613996505737,0.36843666434288025,5930,5.314857011288405,0.6879720052083333,-0.02272001047967933
2094,7311360,595,664.02,3491,610.93329731,0.13789952,-4.869210577011108,0.0003,2.680863857269287,0.2,0.981601357460022,0.36850491166114807,5940,6.755102839072546,0.6453287760416667,-0.03418793039551626
2096,7323648,596,662.99,3493,611.12635906,0.24489236,-4.923941793044408,0.0003,1.7729015350341797,0.2,0.9893208742141724,0.3694702386856079,5950,2.792301669716835,0.7813313802083334,0.008169249680940993
2099,7335936,597,619.97,3494,568.75958443,0.14386801,-4.882443891962369,0.0003,1.0872832536697388,0.2,0.974894642829895,0.3681601583957672,5960,5.568115467578172,0.6706298828125,-0.022766386987495935
2101,7348224,598,646.94,3496,609.6415942200001,0.14186914,-4.831788447499275,0.0003,2.8672168254852295,0.2,0.9849130511283875,0.36684536933898926,5970,7.0060378963748615,0.6626953125,-0.021278561309251622
2104,7360512,599,652.72,3498,617.7847725600001,1.3732084,-4.953310798605283,0.0003,0.524598240852356,0.2,0.9887212514877319,0.37396565079689026,5980,1.5563216272741556,0.9268229166666667,0.1485183935360207
2106,7372800,600,697.16,3499,660.2193907400001,0.143206,-5.042127431432406,0.0003,1.003907322883606,0.2,0.9874764084815979,0.373136430978775,5990,3.5725449030598004,0.6545084635416667,-0.030623405227864473
2109,7385088,601,706.82,3501,669.2926109799998,0.27974293,-5.051775265733401,0.0003,0.4930082857608795,0.2,0.9860769510269165,0.3740537166595459,6000,1.824078092724085,0.7543619791666667,-0.016709542276415353
2111,7397376,602,720.25,3503,680.0746254399997,0.14645225,-5.037575377027194,0.0003,0.9310057759284973,0.2,0.978033721446991,0.37280774116516113,6010,3.8251144451399646,0.6311686197916667,-0.026286591173751126
2114,7409664,603,751.65,3504,719.3970185799999,0.122249454,-4.999794133504232,0.0003,0.98102205991745,0.2,0.9848060607910156,0.37154698371887207,6020,4.522460888077815,0.607373046875,-0.030385743264923805
2116,7421952,604,746.49,3506,703.56853027,0.1842903,-4.959163647890091,0.0003,1.8114135265350342,0.2,0.9693923592567444,0.37049102783203125,6030,5.130498435596625,0.6773763020833333,-0.020939344380167313
2119,7434240,605,735.19,3508,698.61600822,0.116290174,-4.935712984204292,0.0003,1.4579830169677734,0.2,0.9818171858787537,0.3697470724582672,6040,7.836461870372295,0.6443277994791666,-0.017493319112691096
2121,7446528,606,697.58,3510,677.12045655,0.09330594,-4.895402064919471,0.0003,4.40207576751709,0.2,0.9749422073364258,0.3683849573135376,6050,11.357929655909539,0.5958658854166666,-0.030221695534904332
2123,7458816,607,682.96,3511,672.96589047,0.15237078,-4.879934610923131,0.0003,3.855401039123535,0.2,0.9812110066413879,0.3682703971862793,6060,7.731290743251642,0.6866048177083334,-0.013303154781169724
2126,7471104,608,697.0,3513,693.5138206400001,0.21376751,-4.882263391216596,0.0003,5.081356525421143,0.2,0.9771141409873962,0.3680768311023712,6070,6.958272068699201,0.7492268880208334,0.010192830341596466
2128,7483392,609,680.82,3515,686.3920777799999,0.2520959,-4.880759316682815,0.0003,3.4985270500183105,0.2,0.9783732891082764,0.36825788021087646,6080,6.269608626763026,0.7361979166666667,-0.011285247372628267
2131,7495680,610,669.08,3516,677.30237508,0.37666774,-4.949239785472552,0.0003,2.6514155864715576,0.2,0.9853854179382324,0.37129220366477966,6090,4.457120986282826,0.814013671875,0.03776724204071798
2133,7507968,611,699.97,3518,708.4878404000001,0.2713597,-4.9865264147520065,0.0003,1.3514394760131836,0.2,0.9885692000389099,0.3717665374279022,6100,4.15747161085407,0.7628824869791667,0.004017044675614064
2136,7520256,612,692.93,3520,707.4230360500002,0.26912794,-5.026737915476163,0.0003,0.6206803321838379,0.2,0.9892734885215759,0.37235555052757263,6110,2.649823661893606,0.7778971354166667,0.004166542686289176
2138,7532544,613,719.07,3521,741.2199191200001,0.20975156,-5.061206244428953,0.0003,0.8547337055206299,0.2,0.9878390431404114,0.3731636703014374,6120,2.934314957881967,0.7758951822916667,0.01609951303107664
2141,7544832,614,701.68,3523,711.8544458900001,0.2065313,-5.059811755021413,0.0003,1.1726499795913696,0.2,0.9884249567985535,0.37362536787986755,6130,3.3706424961487453,0.7084309895833333,-0.019293453955712418
2143,7557120,615,704.72,3525,722.1237000799999,0.11133198,-5.0549212316672,0.0003,3.361629009246826,0.2,0.9768850803375244,0.3729419410228729,6140,6.256644819676876,0.6130940755208333,-0.02414164636769177
2146,7569408,616,669.87,3526,679.6862310600002,0.09392955,-5.028829384843508,0.0003,3.323284387588501,0.2,0.9818422794342041,0.3720014989376068,6150,7.992532277107239,0.6080159505208333,-0.020838016796430263
2148,7581696,617,639.57,3528,646.69996471,0.16005377,-4.9955503722031915,0.0003,3.891486167907715,0.2,0.9872046113014221,0.3713272511959076,6160,6.889017211397489,0.6865234375,-0.02451731940479173
2151,7593984,618,625.11,3530,623.70477305,0.11313649,-4.985293876131376,0.0003,3.2400848865509033,0.2,0.9768909811973572,0.3708951473236084,6170,10.117672081291676,0.6227376302083333,-0.027974149512010625
2153,7606272,619,619.43,3531,617.16337372,0.2093548,-4.9958180983861284,0.0003,3.185922384262085,0.2,0.9821974039077759,0.37186065316200256,6180,7.52983841796716,0.7324544270833333,-0.0009603502699368012
2155,7618560,620,628.72,3533,624.80536595,0.33921918,-5.067068434755007,0.0003,3.062464475631714,0.2,0.9889246821403503,0.37461599707603455,6190,4.785871431976557,0.83017578125,0.05936486253097731
2158,7630848,621,663.24,3535,663.04480129,0.3598784,-5.176852333545685,0.0003,1.1041491031646729,0.2,0.9921455383300781,0.37870562076568604,6200,2.8287913066645465,0.8342854817708333,0.056300133455806645
2160,7643136,622,698.2,3537,690.2027847999999,0.630647,-5.347426384687424,0.0003,0.4403795599937439,0.2,0.9906759262084961,0.38623595237731934,6210,1.1095220581938823,0.9131429036458333,0.12153975938757261
2163,7655424,623,716.03,3538,709.8534992700002,0.24367972,-5.480732011795044,0.0003,0.49083125591278076,0.2,0.987541913986206,0.3875243365764618,6220,1.7213585205376147,0.7223876953125,-0.014742625055563015
2165,7667712,624,721.17,3540,716.2598589500001,0.07924102,-5.46325535873572,0.0003,1.773505687713623,0.2,0.9865787625312805,0.3862866461277008,6230,5.644222839425008,0.564404296875,-0.023417662168018674
2168,7680000,625,743.1,3542,734.2466743700002,0.12273433,-5.433395284414291,0.0003,2.6292319297790527,0.2,0.9792501926422119,0.3853236734867096,6240,4.032690488547087,0.6211018880208333,-0.027949247371482973
2170,7692288,626,753.8,3543,733.7731373500001,0.14849146,-5.432302701473236,0.0003,1.3823459148406982,0.2,0.9853612780570984,0.3857862949371338,6250,5.234652668237686,0.668359375,-0.0204498430233798
2173,7704576,627,733.33,3545,708.26337561,0.20623223,-5.4269710342089335,0.0003,1.3247307538986206,0.2,0.9800286293029785,0.3855235278606415,6260,3.8703311987221243,0.7192057291666667,-0.011147082950628828
2175,7716864,628,704.61,3547,691.7590837599997,0.11451892,-5.399655386805534,0.0003,3.0538907051086426,0.2,0.9789748191833496,0.38435566425323486,6270,6.618484343588352,0.640625,-0.0165577008932208
2177,7729152,629,734.89,3548,724.7354897,0.17630307,-5.37480736374855,0.0003,2.451972723007202,0.2,0.9831403493881226,0.38391005992889404,6280,5.5705487330754595,0.6805257161458333,-0.019189596900347775
2180,7741440,630,748.16,3550,740.15611734,0.17804201,-5.3626162002484,0.0003,3.680511474609375,0.2,0.9839479923248291,0.3837421238422394,6290,5.471856921662887,0.6830322265625,-0.013204045325983316
2182,7753728,631,709.02,3552,700.66667521,0.20831203,-5.345371193687121,0.0003,2.8453094959259033,0.2,0.9872491955757141,0.3828448951244354,6300,4.31947264050444,0.7254964192708333,-0.0015522388246608898
2185,7766016,632,714.24,3554,706.1231014100002,0.11967192,-5.3136141955852505,0.0003,7.130484580993652,0.2,0.986336886882782,0.3818747103214264,6310,8.020667691528796,0.6435791015625,-0.02746669754754597
2187,7778304,633,705.38,3555,692.6103483999999,0.26601893,-5.337490167220434,0.0003,1.3115971088409424,0.2,0.9894963502883911,0.38369640707969666,6320,4.329246285309394,0.7814778645833333,0.02415538766605702
2189,7790592,634,696.89,3557,681.66067816,0.15930468,-5.342561981081962,0.0003,2.045830488204956,0.2,0.9900081157684326,0.3828687369823456,6330,4.681155410657326,0.6728922526041666,-0.018664303567250802
2192,7802880,635,668.74,3559,662.2583583200001,0.17766947,-5.326612289746603,0.0003,3.5636539459228516,0.2,0.982808530330658,0.38236570358276367,6340,6.793763400614262,0.6813232421875,-0.010080678373924457
2194,7815168,636,646.9,3560,646.5197836000001,0.20019086,-5.333242046833038,0.0003,1.7124874591827393,0.2,0.9864517450332642,0.3822841942310333,6350,4.66912580827872,0.7317057291666667,-0.009421647583076264
2197,7827456,637,660.62,3562,679.89475132,0.121064566,-5.322564219435056,0.0003,10.200047492980957,0.2,0.9815013408660889,0.3826207220554352,6360,10.249710767964523,0.6788167317708333,-0.0074238628609843245
2199,7839744,638,624.93,3564,652.75195105,0.08182079,-5.296178492903709,0.0003,7.766610622406006,0.2,0.9789310097694397,0.3809133470058441,6370,12.731820449233055,0.5658772786458334,-0.028069326570645595
2201,7852032,639,602.58,3566,635.61990696,0.07173004,-5.263382539153099,0.0003,5.335965633392334,0.2,0.972053587436676,0.3803509771823883,6380,18.982322531938554,0.5640543619791667,-0.03064123418395563
2204,7864320,640,567.83,3567,591.1190667,0.11374956,-5.248689369360606,0.0003,7.199419975280762,0.2,0.9690977931022644,0.3801547586917877,6390,17.15989885131518,0.6633951822916667,-0.0177752852102761
2206,7876608,641,596.17,3569,620.6074861,0.7224119,-5.36132713953654,0.0003,2.5312695503234863,0.2,0.9825832843780518,0.38640883564949036,6400,8.421318570276101,0.8847493489583333,0.09409218252306649
2208,7888896,642,644.36,3571,673.4334612300001,0.28956845,-5.491374679406484,0.0003,2.7214410305023193,0.2,0.9817654490470886,0.38843169808387756,6410,5.599434819817543,0.7993408203125,0.01922635837496879
2211,7901184,643,664.23,3573,684.89140751,6.2635155,-5.5399753282467525,0.0003,0.556083619594574,0.2,0.986682653427124,0.3903285562992096,6420,2.336426653340459,0.9575520833333333,0.1683908662215496
2213,7913472,644,698.51,3574,714.2069683200002,0.14858437,-5.534016492962837,0.0003,3.143480062484741,0.2,0.9844806790351868,0.3887946605682373,6430,5.325671280920505,0.6698323567708333,-0.028302647077362054
2215,7925760,645,709.67,3576,709.8050614800002,0.12585409,-5.5007864455382025,0.0003,1.8365757465362549,0.2,0.9842385053634644,0.38792988657951355,6440,6.293376098573208,0.6346842447916666,-0.028581892706764242
2218,7938048,646,756.95,3578,752.6411524600001,0.123265624,-5.482669950524966,0.0003,5.424001693725586,0.2,0.9805589318275452,0.38780665397644043,6450,7.675809325277806,0.6336263020833334,-0.029268680083138557
2220,7950336,647,771.42,3580,759.6647774499999,0.15824346,-5.50196976463,0.0003,2.790004253387451,0.2,0.9796984195709229,0.3885495662689209,6460,6.01566725547115,0.6952473958333333,-0.011151015310315416
2222,7962624,648,773.62,3581,755.1139857699999,1.315843,-5.5850541969140375,0.0003,1.7774500846862793,0.2,0.9837653040885925,0.3939944803714752,6470,2.950027136132121,0.9270182291666667,0.12880817348098691
2225,7974912,649,749.36,3583,723.4882596,0.35881892,-5.701427107055982,0.0003,1.8101623058319092,0.2,0.9800330996513367,0.39521193504333496,6480,2.380857717245817,0.7735270182291667,0.0036776782420929522
2227,7987200,650,767.36,3585,744.1415816000001,0.078018546,-5.689798676967621,0.0003,1.477232575416565,0.2,0.9827467799186707,0.3939957320690155,6490,6.1631020779411,0.5776611328125,-0.024515541332463423
2230,7999488,651,778.07,3587,765.22985918,0.2745065,-5.66712211171786,0.0003,0.6034895777702332,0.2,0.986093282699585,0.3941829204559326,6500,2.6518667763719956,0.7732503255208333,0.017534815001514895
2232,8011776,652,760.38,3589,757.6494552699999,0.20391469,-5.696903295318285,0.0003,1.870429277420044,0.2,0.984675407409668,0.39489278197288513,6510,3.134026345734795,0.724609375,-0.006802688056389646
2234,8024064,653,752.78,3590,757.4718100200001,0.19853216,-5.700894298156102,0.0003,1.2302337884902954,0.2,0.9828436374664307,0.39485296607017517,6520,3.8090553822616737,0.6844075520833334,-0.024465853653479523
2236,8036352,654,724.6,3592,726.17226239,0.1879793,-5.6781654487053554,0.0003,1.5222018957138062,0.2,0.9912053346633911,0.39401888847351074,6530,3.504686223715544,0.68740234375,-0.023377970934961922
2239,8048640,655,734.65,3594,745.82358319,0.13166891,-5.6562881151835125,0.0003,0.8332343697547913,0.2,0.9810750484466553,0.39321646094322205,6540,5.149164740244547,0.6389567057291666,-0.0182464893150609
2241,8060928,656,722.81,3596,740.4367307700002,0.12639837,-5.630811201532682,0.0003,2.6529948711395264,0.2,0.9797998070716858,0.3925609588623047,6550,4.818483412017425,0.6464762369791667,-0.017265118550373396
2243,8073216,657,700.71,3598,714.1806304099998,0.089657746,-5.613109012444814,0.0003,2.746377468109131,0.2,0.978787899017334,0.3919236660003662,6560,9.073390232026577,0.5891194661458333,-0.026543762784179612
2245,8085504,658,692.09,3600,700.6119995299999,0.12405532,-5.598408316572507,0.0003,2.21722149848938,0.2,0.9853655099868774,0.3916122019290924,6570,6.793908188243707,0.6299479166666667,-0.030797788808316302
2247,8097792,659,708.83,3602,720.8012653000001,0.29459962,-5.680853553613027,0.0003,0.8446096777915955,0.2,0.9822406768798828,0.394899845123291,6580,5.073884701977174,0.8117757161458333,0.0332628222015046
2250,8110080,660,693.83,3604,694.3223547,0.16309819,-5.687442938486735,0.0003,1.4333734512329102,0.2,0.984560489654541,0.3945457637310028,6590,6.209310908367237,0.6917887369791667,-0.016675427625887095
2252,8122368,661,686.43,3606,677.05455523,0.13922338,-5.672780612111092,0.0003,3.1536223888397217,0.2,0.9848638772964478,0.39425984025001526,6600,7.9950016702214874,0.6654622395833333,-0.02111410050614116
2254,8134656,662,728.09,3607,723.1578458900002,0.4321846,-5.767820687095324,0.0003,1.5001556873321533,0.2,0.9904753565788269,0.3989503085613251,6610,3.285514715562264,0.8494303385416667,0.06207181531014309
2256,8146944,663,768.4,3609,762.2390605,0.31065747,-5.877957741419475,0.0003,0.5899778008460999,0.2,0.9885327816009521,0.4007277488708496,6620,1.746050753320257,0.7986002604166667,0.01366066916574103
2259,8159232,664,786.39,3611,763.0169333299999,0.15752207,-5.857213386893273,0.0003,1.4683570861816406,0.2,0.9866488575935364,0.4003981351852417,6630,4.2930838798483215,0.6547607421875,-0.02963269787336079
2261,8171520,665,789.2,3613,762.8108560400001,0.27434024,-5.852820165952047,0.0003,0.7334442138671875,0.2,0.9875586032867432,0.4003344774246216,6640,1.9389478998879592,0.7568115234375,-0.006276909782900475
2263,8183808,666,795.91,3615,768.2711281399997,0.1167429,-5.8293306072553,0.0003,5.327010154724121,0.2,0.9831230640411377,0.3991212844848633,6650,4.210378707448641,0.6407796223958333,-0.017734085563279222
2265,8196096,667,791.53,3617,767.3664270600001,0.0994351,-5.806328697005908,0.0003,1.2550259828567505,0.2,0.9746673107147217,0.399003267288208,6660,4.685848990579446,0.6121256510416667,-0.020328733263886532
2268,8208384,668,794.88,3618,768.1932540900001,0.10471445,-5.796812954545021,0.0003,5.549206733703613,0.2,0.97670578956604,0.3981471061706543,6670,9.57856003989776,0.62919921875,-0.017934194199430445
2270,8220672,669,786.63,3620,776.2145757200001,0.14339398,-5.78032886882623,0.0003,1.6070489883422852,0.2,0.9770845770835876,0.3979130685329437,6680,5.485734472672145,0.6418050130208334,-0.025602572605324288
2272,8232960,670,764.57,3622,764.52236158,0.23683083,-5.774327857295672,0.0003,1.980533242225647,0.2,0.9873645901679993,0.39794039726257324,6690,3.3325243989626565,0.7446044921875,-0.0035087485894716034
2275,8245248,671,787.56,3624,801.34572689,0.30757108,-5.854440682133039,0.0003,0.7930655479431152,0.2,0.9830752611160278,0.40192747116088867,6700,3.187265418469906,0.8139811197916667,0.0420786127729419
2277,8257536,672,769.69,3625,785.65553201,0.34012485,-5.969024432698886,0.0003,0.31245607137680054,0.2,0.9852665066719055,0.4049956798553467,6710,1.1149887286126614,0.812255859375,0.023761017759291767
2279,8269824,673,766.69,3627,782.93793946,0.085919775,-5.927504193782807,0.0003,1.3096741437911987,0.2,0.9854965806007385,0.40313300490379333,6720,5.964890741308531,0.5350667317708333,-0.03628237580996938
2281,8282112,674,714.51,3629,730.28815283,0.054825917,-5.880140389998754,0.0003,3.2901525497436523,0.2,0.9763216972351074,0.4015932083129883,6730,8.385248970488707,0.4679443359375,-0.0350265239578827
2284,8294400,675,682.96,3631,699.4380403100002,0.09591776,-5.842591509222984,0.0003,3.7112560272216797,0.2,0.974596381187439,0.4007173478603363,6740,8.225967472791671,0.573095703125,-0.030615170895665265
2286,8306688,676,695.55,3633,710.4720321399999,0.107035436,-5.823050511876742,0.0003,2.856504201889038,0.2,0.9829256534576416,0.3997044563293457,6750,6.809995215634505,0.622119140625,-0.02775005223035502
2288,8318976,677,700.97,3634,716.9874761300001,0.23893034,-5.845693925023079,0.0003,2.063509702682495,0.2,0.9664715528488159,0.4019031822681427,6760,4.889485707382361,0.723291015625,-0.012936471134889872
2290,8331264,678,726.69,3636,748.0215786699998,1.3031383,-5.963580706715584,0.0003,0.9256381988525391,0.2,0.9677233099937439,0.4070560038089752,6770,2.8217514604330063,0.9233642578125,0.11061815190090177
2293,8343552,679,745.05,3638,768.0908562100001,0.1192399,-6.019911921024322,0.0003,1.9370476007461548,0.2,0.9789774417877197,0.40594205260276794,6780,5.3489280266066395,0.6304931640625,-0.022962771523937893
2295,8355840,680,770.52,3640,789.31901392,0.28319252,-6.016434924801191,0.0003,1.2977186441421509,0.2,0.9806950688362122,0.40741297602653503,6790,3.161701053629319,0.735888671875,-0.012104091088500961
2297,8368128,681,789.62,3642,806.4871590200001,0.10941585,-6.017076649268469,0.0003,2.192150831222534,0.2,0.9805362820625305,0.4064085781574249,6800,8.141139772037665,0.6074055989583333,-0.02638201461910891
2299,8380416,682,796.55,3643,818.62173692,0.15479493,-5.978278140227,0.0003,3.4635727405548096,0.2,0.9622710943222046,0.4051801264286041,6810,8.010557992259661,0.6020345052083333,-0.01824927220416915
2302,8392704,683,809.26,3645,831.1874207600002,0.13956702,-5.95497761964798,0.0003,3.3022408485412598,0.2,0.9778015613555908,0.4045553207397461,6820,7.231511535743873,0.6665120442708333,-0.01497251596301794
2304,8404992,684,783.59,3647,790.1944036699999,0.18428914,-5.937668414910634,0.0003,1.7274537086486816,0.2,0.9809203147888184,0.40397801995277405,6830,4.861310926576455,0.6898356119791667,-0.01704750988331701
2306,8417280,685,770.22,3648,784.11303287,0.23784518,-5.958223976691564,0.0003,1.2808836698532104,0.2,0.9875474572181702,0.4041513204574585,6840,4.062739899257819,0.7357747395833333,-0.006101430357860712
2309,8429568,686,780.38,3650,784.9070779099999,0.2523212,-5.961227464675903,0.0003,1.039419412612915,0.2,0.9892144203186035,0.40447792410850525,6850,3.6516773723065854,0.7603190104166667,-0.00011814319004770369
2311,8441856,687,801.11,3652,823.78241969,0.2519833,-5.974348778525989,0.0003,1.0402843952178955,0.2,0.980691134929657,0.4050973951816559,6860,3.437417020648718,0.7744384765625,0.006140610659106945
2313,8454144,688,779.94,3653,791.9475808500001,0.28401458,-5.976464873552322,0.0003,0.4710240066051483,0.2,0.9921861290931702,0.4054622948169708,6870,2.2373722296208145,0.7521809895833333,-0.004238506848923862
2315,8466432,689,788.03,3655,796.59440153,0.0965905,-5.956897583603859,0.0003,2.8993680477142334,0.2,0.9788211584091187,0.4044199287891388,6880,7.66165690322717,0.5948811848958333,-0.027222053413182342
2318,8478720,690,783.85,3657,782.6474128700002,0.15983151,-5.937887953718503,0.0003,0.8670855164527893,0.2,0.9801360964775085,0.4040328562259674,6890,5.23519171277682,0.6761800130208333,-0.022882026060445544
2320,8491008,691,791.14,3659,800.1081980599998,0.19478834,-5.951046596964201,0.0003,1.2065255641937256,0.2,0.9884185791015625,0.4045737683773041,6900,3.9331891531745593,0.7344970703125,0.0005946544416171189
2322,8503296,692,803.88,3660,822.2334163300001,0.37839183,-5.993050813674927,0.0003,0.6107368469238281,0.2,0.9923691749572754,0.4062952697277069,6910,1.7014257460832596,0.8061116536458334,0.02575704395712819
2325,8515584,693,782.95,3662,800.27005537,0.13823807,-5.985659809907277,0.0003,0.8628612756729126,0.2,0.9792523384094238,0.40537115931510925,6920,5.782143857578436,0.6344075520833333,-0.02081240058566133
2327,8527872,694,794.58,3664,819.7866361299999,0.14475656,-5.938132125139236,0.0003,0.914637565612793,0.2,0.9887522459030151,0.403667688369751,6930,4.3501692173381645,0.6556070963541667,-0.029463197995210067
2329,8540160,695,783.41,3665,824.5283533099999,0.22496192,-5.9186071654160815,0.0003,3.0369932651519775,0.2,0.9836801290512085,0.4033678472042084,6940,3.6186101106305917,0.7357584635416666,0.007176043241634034
2332,8552448,696,779.77,3667,830.6667494100001,0.080289006,-5.898971958955129,0.0003,3.184370756149292,0.2,0.9708027839660645,0.40351858735084534,6950,10.173971426486968,0.5791341145833333,-0.022261243084843348
2334,8564736,697,787.4,3669,852.7458300100001,0.107118905,-5.89020616610845,0.0003,2.725562572479248,0.2,0.9722809195518494,0.40301787853240967,6960,8.147894561290741,0.60546875,-0.01801129456531877
2336,8577024,698,767.68,3670,822.9630651000001,0.26817805,-5.896938955783844,0.0003,0.7954587340354919,0.2,0.9782189726829529,0.40338027477264404,6970,4.897395435969035,0.7692138671875,0.018528445909032597
2338,8589312,699,758.03,3672,816.08775454,0.20983092,-5.894784111777941,0.0003,1.9894332885742188,0.2,0.9834347367286682,0.40285933017730713,6980,4.3782473084827265,0.7169759114583333,-0.011716852619914182
2340,8601600,700,732.77,3674,778.8576970100002,0.20598717,-5.8661927262942,0.0003,0.8942992687225342,0.2,0.9869464039802551,0.40241873264312744,6990,4.243103713542223,0.7059895833333333,-0.013048457667173352
2343,8613888,701,749.49,3676,798.96878026,0.07538578,-5.823174833257993,0.0003,4.262017250061035,0.2,0.9799662232398987,0.40033605694770813,7000,11.144959200918674,0.5530436197916667,-0.03648630106375397
2345,8626176,702,751.76,3677,803.55416861,0.4665995,-5.918031900127729,0.0003,0.9689759612083435,0.2,0.9850142002105713,0.40504494309425354,7010,2.4713866000374156,0.8687418619791667,0.07341717030552293
2347,8638464,703,762.33,3679,807.5238517499998,0.09661082,-5.926108984152476,0.0003,2.3995907306671143,0.2,0.9805318713188171,0.40444421768188477,7020,7.010379354159038,0.6101969401041667,-0.027412633180695898
2349,8650752,704,794.97,3681,849.3368758699997,0.328765,-5.926022700468699,0.0003,1.1516096591949463,0.2,0.9849520921707153,0.40426453948020935,7030,2.9849988110363483,0.7740966796875,0.0001147021476450997
2352,8663040,705,762.12,3682,805.91495565,0.4206222,-5.952816181381544,0.0003,0.7268117070198059,0.2,0.9720461964607239,0.4055580198764801,7040,1.499872553596894,0.7890299479166667,0.005100454877053077
2354,8675328,706,781.21,3684,825.26537037,0.06666763,-5.92812663714091,0.0003,5.040299892425537,0.2,0.9825164675712585,0.403982013463974,7050,7.459843899309635,0.5130533854166667,-0.037589285637174424
2356,8687616,707,793.12,3686,846.3208700800001,0.1368112,-5.90675186018149,0.0003,1.1941014528274536,0.2,0.9837632179260254,0.40361306071281433,7060,4.312441033621629,0.6295084635416667,-0.028904949094673307
2358,8699904,708,778.3,3687,819.55337636,0.081278384,-5.8731175045172375,0.0003,7.260438442230225,0.2,0.9667997360229492,0.4022047519683838,7070,10.607960447172324,0.5496744791666667,-0.025067706198509163
2361,8712192,709,778.42,3689,827.0422757700002,0.1463434,-5.825178935130437,0.0003,2.577800750732422,0.2,0.9720233082771301,0.40063712000846863,7080,7.383117280900478,0.6242024739583333,-0.02883800805914992
2363,8724480,710,783.05,3691,831.3762672000001,0.32863495,-5.798625386754671,0.0003,0.6038100719451904,0.2,0.9826741218566895,0.401314377784729,7090,2.8805624593049286,0.7837239583333333,0.011783016570067655
2365,8736768,711,772.43,3692,813.0339299899999,0.38466397,-5.910114701588949,0.0003,0.42896169424057007,0.2,0.9931861758232117,0.40409013628959656,7100,1.77066784525911,0.8308512369791666,0.047112177948777874
2368,8749056,712,802.99,3694,845.27944346,0.13051619,-5.900433864196142,0.0003,0.64479660987854,0.2,0.9878997206687927,0.40385040640830994,7110,2.895897200455268,0.6627034505208333,-0.02026599270369237
2370,8761344,713,822.58,3696,868.25532865,0.08095961,-5.856596050659816,0.0003,2.1687324047088623,0.2,0.981895923614502,0.40230658650398254,7120,5.214269600063562,0.5696858723958333,-0.024520425351026158
2372,8773632,714,847.49,3698,894.4682922999999,0.32057962,-5.851066941022873,0.0003,2.075385332107544,0.2,0.9824919104576111,0.40264102816581726,7130,2.4868009489029648,0.7553059895833333,0.004319141644130772
2374,8785920,715,859.63,3699,908.3685326300001,0.24613793,-5.842390562097232,0.0003,0.7631577849388123,0.2,0.9769389033317566,0.40190908312797546,7140,2.510835427418351,0.7542643229166667,0.00815355806844309
2376,8798208,716,848.54,3701,893.39125159,0.16301441,-5.83504452308019,0.0003,0.7538464665412903,0.2,0.978553295135498,0.40212884545326233,7150,4.103322551523646,0.6730061848958333,-0.011481730433782407
2379,8810496,717,802.81,3703,835.83900002,0.13880421,-5.840748763084411,0.0003,0.8926641345024109,0.2,0.977567195892334,0.40212202072143555,7160,4.85313195536534,0.6235595703125,-0.021657930876729854
2381,8822784,718,784.23,3704,820.91049239,0.046752702,-5.815053650736809,0.0003,4.265380382537842,0.2,0.9655789136886597,0.40110644698143005,7170,12.665090577801069,0.47344563802083334,-0.03692244675282078
2383,8835072,719,764.42,3706,802.0311966900001,0.17858808,-5.79495944182078,0.0003,1.6692638397216797,0.2,0.9787467122077942,0.40028008818626404,7180,5.024928212910891,0.6798828125,-0.015626133031522233
2385,8847360,720,758.63,3708,800.5549240199999,0.12512797,-5.754157813390096,0.0003,1.2266253232955933,0.2,0.9787582159042358,0.39855560660362244,7190,6.562549084921678,0.6107666015625,-0.026739826131961308
2387,8859648,721,720.68,3710,750.2173197999999,4.937046,-5.8178458859523134,0.0003,0.5561968088150024,0.2,0.9897459149360657,0.4041929543018341,7200,1.8427297692745923,0.9527750651041667,0.17434572006071297
2390,8871936,722,669.65,3711,682.29916294,0.08963177,-5.890462280313174,0.0003,4.991199970245361,0.2,0.9545261859893799,0.4034365713596344,7210,9.62796395321687,0.605810546875,-0.02609990428900346
2392,8884224,723,679.3,3713,679.7797781499999,0.07840493,-5.851744415362676,0.0003,3.168881893157959,0.2,0.9672008156776428,0.4025651514530182,7220,11.439935743312041,0.5424235026041667,-0.032371496010940366
2394,8896512,724,676.53,3715,658.48462132,0.3688978,-5.918424212932587,0.0003,0.9124286770820618,0.2,0.9829702973365784,0.4053175151348114,7230,3.2712662694354853,0.8111979166666666,0.025174326654329584
2396,8908800,725,687.86,3717,661.6624111199999,0.086852334,-5.910984079043071,0.0003,2.5306241512298584,0.2,0.9697204232215881,0.4046855866909027,7240,9.411688339710235,0.6075439453125,-0.016112474093582328
2398,8921088,726,640.81,3719,588.98351038,0.19208342,-5.921063027779261,0.0003,1.6694363355636597,0.2,0.9841324687004089,0.4052070081233978,7250,4.9192946369449295,0.7124674479166667,-0.013705539909036208
2400,8933376,727,660.59,3720,616.5076066,0.091053165,-5.919290242592494,0.0003,3.078543186187744,0.2,0.9763350486755371,0.4045952260494232,7260,11.682974531253178,0.586083984375,-0.03203118444265177
2402,8945664,728,702.03,3722,668.50082819,0.1567962,-5.918508767088254,0.0003,1.2415502071380615,0.2,0.979512631893158,0.40487411618232727,7270,7.393175461391608,0.6989095052083333,-0.009664969348038236
2405,8957952,729,676.59,3724,665.65976094,0.1627738,-5.9131330778201425,0.0003,2.525228500366211,0.2,0.9650318026542664,0.40479448437690735,7280,7.062816460678975,0.7183756510416667,0.002649316361445623
2407,8970240,730,678.91,3726,663.0942036100001,0.15431948,-5.909028246005376,0.0003,2.9144046306610107,0.2,0.9705586433410645,0.4043979346752167,7290,9.494557798405488,0.6688557942708333,-0.025228033034363762
2409,8982528,731,693.85,3728,681.83113598,0.31605804,-5.908701872825622,0.0003,1.5333137512207031,0.2,0.9695296287536621,0.4051361083984375,7300,4.868847947816054,0.7702392578125,0.007413461790808166
2411,8994816,732,720.97,3730,726.8339426399999,0.24566261,-5.917041982213656,0.0003,2.698068857192993,0.2,0.9620954394340515,0.4045441150665283,7310,7.213939275344213,0.7265869140625,-0.006794892183582609
2413,9007104,733,741.36,3731,746.64687591,0.20554666,-5.894817315538725,0.0003,1.3443403244018555,0.2,0.9676321744918823,0.404293030500412,7320,5.755422493070364,0.7162841796875,-0.007666033547138795
2415,9019392,734,710.98,3733,717.1126638500001,0.07150844,-5.867616903781891,0.0003,8.901713371276855,0.2,0.9568060040473938,0.4031188488006592,7330,14.503953493138154,0.5823567708333334,-0.0233845566016195
2418,9031680,735,729.74,3735,735.7753469900001,0.093303956,-5.828339105844497,0.0003,5.483951568603516,0.2,0.9676511287689209,0.40224364399909973,7340,13.021101222435634,0.58857421875,-0.029935012891170724
2420,9043968,736,728.07,3736,738.4240312799999,0.27697018,-5.85226369202137,0.0003,2.393657922744751,0.2,0.9775800108909607,0.40343475341796875,7350,6.640637871126334,0.7609944661458333,-0.0013409668861034637
2422,9056256,737,705.21,3738,720.94199264,0.16410808,-5.861403153340022,0.0003,4.8109540939331055,0.2,0.9650487899780273,0.4038269519805908,7360,9.436081525683402,0.6786214192708333,-0.013867318046686705
2424,9068544,738,729.64,3740,752.93999512,0.13616072,-5.838503723343213,0.0003,4.4524993896484375,0.2,0.9696557521820068,0.4025787115097046,7370,12.543439049522082,0.64033203125,-0.020132491267092215
2426,9080832,739,775.66,3741,800.0807642,0.32357907,-5.854793229699135,0.0003,1.836606740951538,0.2,0.9725837111473083,0.4038892686367035,7380,5.512753218909105,0.7812825520833333,0.0026765197602799163
2429,9093120,740,795.3,3743,816.7145817800001,1.056623,-6.0221952845652895,0.0003,1.1588976383209229,0.2,0.9880794882774353,0.4122401475906372,7390,2.291187994678815,0.9145833333333333,0.14628485894645565
2431,9105408,741,774.28,3745,787.4090541700002,0.17292206,-6.102800632516543,0.0003,1.8077356815338135,0.2,0.9749225378036499,0.41114869713783264,7400,3.537219550460577,0.6566243489583333,-0.017761699036539843
2433,9117696,742,779.47,3746,785.95216502,0.08657596,-6.073411282896996,0.0003,1.139701008796692,0.2,0.9608967900276184,0.4100516140460968,7410,8.118805140505234,0.5554524739583333,-0.023401683916987773
2435,9129984,743,781.03,3748,783.7922148000001,0.1014058,-6.034248746434847,0.0003,1.6384111642837524,0.2,0.9716115593910217,0.40898680686950684,7420,10.191200113793213,0.5788167317708334,-0.03011387067793597
2437,9142272,744,775.21,3750,781.20443203,0.09793231,-6.006593646605809,0.0003,5.170322895050049,0.2,0.9688204526901245,0.40795016288757324,7430,12.39733390410741,0.5819417317708333,-0.029238844229257665
2439,9154560,745,759.05,3751,773.76583691,0.28949624,-6.018448786934217,0.0003,0.8591240644454956,0.2,0.9669424891471863,0.4090384542942047,7440,5.754153697441022,0.803857421875,0.034687599351552
2442,9166848,746,763.0,3753,782.94308775,0.23036237,-6.055182013909022,0.0003,0.690767228603363,0.2,0.9859377145767212,0.40945005416870117,7450,3.0391846237083278,0.756201171875,0.011293817942108339
2444,9179136,747,759.31,3755,787.2006041999999,0.16643673,-6.051837562521299,0.0003,0.8875848650932312,0.2,0.9851152896881104,0.4100501537322998,7460,4.485379476596912,0.6818440755208334,-0.010325829374293487
2446,9191424,748,791.26,3757,827.6866377100002,0.17783637,-6.05527474284172,0.0003,1.0385724306106567,0.2,0.98216313123703,0.4095761775970459,7470,4.13311933229367,0.6768717447916667,-0.0134035092186726
2448,9203712,749,787.64,3758,825.9718629399999,0.35231885,-6.157240251700084,0.0003,0.38148099184036255,0.2,0.9896811246871948,0.4126223623752594,7480,1.3682032565275828,0.8140462239583334,0.030546685839847973
2450,9216000,750,770.06,3760,797.3432822400001,0.0786699,-6.1182747433582945,0.0003,0.8026096820831299,0.2,0.978871762752533,0.4115218222141266,7490,4.479528916130463,0.5474690755208333,-0.032419050874887036
2452,9228288,751,756.18,3762,784.1748348600001,0.047984466,-6.089579837520917,0.0003,6.575924396514893,0.2,0.9721816778182983,0.4103555679321289,7500,11.777360989153385,0.44574381510416666,-0.0346796545345569
2455,9240576,752,739.56,3763,764.88740951,0.17692848,-6.068690168857574,0.0003,2.257474184036255,0.2,0.9728268980979919,0.410237193107605,7510,5.434168038517237,0.6345540364583333,-0.023229776376198667
2457,9252864,753,743.15,3765,768.6192201600002,0.181113,-6.081724440058072,0.0003,2.165372133255005,0.2,0.9836128950119019,0.4103246033191681,7520,4.089524908115466,0.7211995442708333,-0.007935746349782372
2459,9265152,754,751.94,3767,781.0984532900001,0.20505242,-6.0449446618556975,0.0003,1.2485079765319824,0.2,0.9750747680664062,0.4087104797363281,7530,4.049948118130366,0.677783203125,-0.008819642405918178
2461,9277440,755,683.54,3769,711.7869485800001,3.891447,-6.133752088745435,0.0003,0.6142808198928833,0.2,0.984473705291748,0.41663625836372375,7540,1.7217382033665976,0.9609456380208333,0.21047510802163744
2463,9289728,756,611.29,3771,630.1222950800001,0.026787834,-6.247771408160528,0.0003,14.699516296386719,0.2,0.946558952331543,0.41634950041770935,7550,34.915737211704254,0.3632080078125,-0.036742299298445386
2465,9302016,757,526.75,3772,529.9434189,0.030300403,-6.22635370194912,0.0003,11.475776672363281,0.2,0.9462267756462097,0.4155714213848114,7560,39.199729881683986,0.3251220703125,-0.04521947317844024
2467,9314304,758,425.69,3774,410.03527157,0.03590978,-6.198443462451299,0.0003,33.80703353881836,0.2,0.9480193853378296,0.4143018424510956,7570,45.65051029125849,0.3575927734375,-0.0477387819730211
2469,9326592,759,463.21,3776,448.5535342,0.05460863,-6.1674881349007284,0.0003,16.254854202270508,0.2,0.9489012956619263,0.4134790897369385,7580,40.02213997046153,0.43528645833333335,-0.04791869575055898
2471,9338880,760,472.05,3778,463.50499528,0.080248006,-6.14196738799413,0.0003,15.983024597167969,0.2,0.9514991641044617,0.4125119149684906,7590,26.800792384147645,0.5266357421875,-0.04521232865032895
2473,9351168,761,507.24,3779,505.91083585000007,0.094406165,-6.122973333795866,0.0003,11.023311614990234,0.2,0.9701697826385498,0.4119509160518646,7600,22.214048514763515,0.5790201822916666,-0.03977590922343855
2476,9363456,762,553.12,3781,560.19191752,0.13106744,-6.112745414177577,0.0003,8.959463119506836,0.2,0.9708239436149597,0.4116345942020416,7610,18.113852272431057,0.6437174479166666,-0.033425210830561505
2478,9375744,763,603.0,3783,622.3381107999999,0.21086724,-6.126090518633524,0.0003,5.014919757843018,0.2,0.9705774784088135,0.4121617376804352,7620,11.147156748175622,0.7488525390625,0.0031303395439560215
2480,9388032,764,612.52,3785,633.92922292,0.22791326,-6.123306515812874,0.0003,7.049916744232178,0.2,0.9710718393325806,0.41166916489601135,7630,9.93766786903143,0.7159749348958333,-0.005597458101450078
2482,9400320,765,675.2,3787,714.27859111,0.15973397,-6.105915287137032,0.0003,2.7588987350463867,0.2,0.9691731333732605,0.41118383407592773,7640,14.724435650308926,0.6682210286458333,-0.0267414250052146
2484,9412608,766,702.43,3788,738.43462646,2.0179749,-6.203297062714895,0.0003,1.9395358562469482,0.2,0.9783902764320374,0.417445570230484,7650,6.004491303861141,0.9135498046875,0.13786987257481087
2486,9424896,767,705.42,3790,748.2567500199999,0.13680364,-6.285709052284559,0.0003,5.370030403137207,0.2,0.9672143459320068,0.4174013137817383,7660,9.337249105672042,0.7076334635416667,-0.0007825551641872152
2488,9437184,768,678.73,3792,711.3743200600001,0.67765117,-6.280480261643728,0.0003,1.8042269945144653,0.2,0.9687442183494568,0.4177459180355072,7670,6.441499188542366,0.8215901692708333,0.040378645521923315
2490,9449472,769,663.5,3794,683.3818753200001,0.10566107,-6.262148122986158,0.0003,3.981948137283325,0.2,0.9733129739761353,0.4160865247249603,7680,11.348519669969876,0.6040445963541666,-0.032127623059689844
2492,9461760,770,623.6,3796,619.89609319,0.23856342,-6.244596042235693,0.0003,1.5698487758636475,0.2,0.9756910800933838,0.4157426357269287,7690,5.845445092519125,0.7395263671875,-0.011573700531153008
2494,9474048,771,652.62,3798,652.2876609,0.16590424,-6.243873814741771,0.0003,3.694328784942627,0.2,0.9642639756202698,0.4163595736026764,7700,11.648606285949548,0.675,-0.0178324240007593
2496,9486336,772,661.87,3800,652.2719604,0.25596485,-6.270139634609222,0.0003,1.5541913509368896,0.2,0.9726351499557495,0.4177762567996979,7710,5.9061965997020405,0.7983805338541666,0.03192687179058946
2498,9498624,773,683.94,3801,670.9102118899999,0.25729227,-6.3089504132668175,0.0003,2.4403598308563232,0.2,0.9819086790084839,0.41823241114616394,7720,5.095357918242613,0.7598876953125,-0.0014635216813379279
2500,9510912,774,715.01,3803,712.8330314,0.074345686,-6.291598098476728,0.0003,1.6154919862747192,0.2,0.9566506743431091,0.41674914956092834,7730,13.487416573862236,0.5688883463541666,-0.0264467220864996
2502,9523200,775,677.34,3805,679.3378041699999,0.17175663,-6.253931207458178,0.0003,1.4448906183242798,0.2,0.970476508140564,0.41599929332733154,7740,9.388528180619081,0.6787027994791667,-0.015469758978967244
2504,9535488,776,683.9,3806,686.54319202,0.092769265,-6.223953395088514,0.0003,4.392238140106201,0.2,0.9641786217689514,0.41460850834846497,7750,18.274107736349105,0.5970865885416666,-0.028653671913586247
2506,9547776,777,693.69,3808,710.00341034,0.124854945,-6.213035557667414,0.0003,2.873088836669922,0.2,0.9700289368629456,0.4143389165401459,7760,11.423514614005883,0.6511800130208333,-0.020926810713717714
2508,9560064,778,657.52,3810,681.90042363,0.101593114,-6.174036059776942,0.0003,5.563868522644043,0.2,0.9673051834106445,0.41280874609947205,7770,16.81888068517049,0.6095947265625,-0.024958046455867588
2510,9572352,779,646.76,3812,672.9165418099999,0.25732908,-6.179473967353503,0.0003,4.317273139953613,0.2,0.9808256030082703,0.41314682364463806,7780,7.985366369783878,0.7806966145833333,0.027771614463078246
2512,9584640,780,691.65,3814,727.2103780499998,0.19957621,-6.167903027931849,0.0003,3.74110746383667,0.2,0.9826937317848206,0.41258862614631653,7790,7.420662167668342,0.7299397786458334,-0.007804751934600063
2514,9596928,781,738.98,3816,770.1186966600002,0.6354924,-6.212882996598879,0.0003,1.2209423780441284,0.2,0.9789417386054993,0.41728654503822327,7800,3.5496354095637797,0.8683837890625,0.04844022227092258
2516,9609216,782,757.75,3818,774.92095147,0.44201437,-6.321066460013389,0.0003,0.6202895045280457,0.2,0.988902747631073,0.4182455539703369,7810,1.5147476900368928,0.8213785807291667,0.008714373548476336
2518,9621504,783,785.55,3819,797.3788722099999,0.19842684,-6.306899865468343,0.0003,0.6805635690689087,0.2,0.9862608909606934,0.417487770318985,7820,2.0292001994947593,0.7169270833333333,-0.01828552192406884
2520,9633792,784,822.25,3821,821.52790269,0.2690464,-6.298936125636101,0.0003,0.5263909101486206,0.2,0.9908143877983093,0.4166414737701416,7830,1.144984600196282,0.75107421875,-0.016294733830727638
2522,9646080,785,858.77,3823,853.7137698799999,0.24526249,-6.269906357924143,0.0003,0.4371900260448456,0.2,0.9878494143486023,0.41588619351387024,7840,1.8436528934786718,0.6527262369791667,-0.02389274932599316
2524,9658368,786,885.15,3825,881.9834928899999,0.20706482,-6.253187225262324,0.0003,0.5988451242446899,0.2,0.9919884204864502,0.4157553017139435,7850,1.5241947453469038,0.7049235026041667,-0.024802171042150198
2526,9670656,787,911.64,3827,907.03202264,0.1773593,-6.251461394627889,0.0003,0.5010228157043457,0.2,0.9905684590339661,0.41526541113853455,7860,1.8652728689213594,0.6603434244791667,-0.018683098731465484
2528,9682944,788,909.35,3828,901.25042751,0.099968255,-6.2319586217403415,0.0003,1.0279121398925781,0.2,0.9798813462257385,0.41492876410484314,7870,2.7330012273043396,0.5929606119791667,-0.02401781182658548
2530,9695232,789,867.74,3830,878.23684965,0.16866536,-6.205981757243475,0.0003,0.9303876161575317,0.2,0.9802759885787964,0.4136942923069,7880,2.184411685913801,0.6777913411458333,-0.013189071512897499
2532,9707520,790,852.88,3832,878.7816081899998,0.07241833,-6.151763250430425,0.0003,2.9789161682128906,0.2,0.9848576188087463,0.41216549277305603,7890,6.349226073424021,0.5024088541666667,-0.03858866994948282
2534,9719808,791,828.53,3834,859.50845265,0.14569883,-6.132062347730001,0.0003,0.8414714932441711,0.2,0.9760634899139404,0.41174760460853577,7900,3.42866606314977,0.6536458333333334,-0.016258989590763426
2537,9732096,792,817.22,3835,844.9693882400002,0.22491719,-6.103105639417966,0.0003,1.1139473915100098,0.2,0.9844989776611328,0.4106178283691406,7910,3.03464796046416,0.7123942057291667,-0.008292396977776662
2539,9744384,793,810.39,3837,839.8229342599999,0.1304576,-6.09950663348039,0.0003,2.9409143924713135,0.2,0.9749791622161865,0.410555362701416,7920,5.4923351672788465,0.6398356119791667,-0.013416810843045824
2541,9756672,794,808.89,3839,838.8498956599999,0.21202244,-6.109015537301699,0.0003,0.7810205221176147,0.2,0.9854763746261597,0.41081011295318604,7930,3.202860319862763,0.7097574869791666,-0.010492204942177825
2543,9768960,795,816.88,3841,842.3299915399999,0.25603673,-6.125765664378802,0.0003,1.1569548845291138,0.2,0.9894659519195557,0.41076692938804626,7940,1.9753897507985434,0.746826171875,-0.007046167860971763
2545,9781248,796,863.03,3843,898.96541105,0.19894302,-6.093615282575289,0.0003,0.8234944939613342,0.2,0.9859858751296997,0.4104855954647064,7950,2.39457530255119,0.6951904296875,-0.02148210843442939
2547,9793536,797,866.69,3844,901.04415059,0.17709096,-6.079962754249573,0.0003,1.4142082929611206,0.2,0.9802064895629883,0.40968242287635803,7960,4.066162022948265,0.7163818359375,-0.007203288439389628
2549,9805824,798,889.74,3846,924.68331305,0.24217403,-6.049022189776102,0.0003,0.7683927416801453,0.2,0.9902829527854919,0.40848174691200256,7970,2.197154776379466,0.7211669921875,-0.015600948323359868
2551,9818112,799,875.16,3848,902.6235816999999,0.22126023,-6.034133020043373,0.0003,0.6500599384307861,0.2,0.9889266490936279,0.40892672538757324,7980,2.5840036389728387,0.6826822916666667,-0.022869994819241887
2553,9830400,800,892.08,3850,927.63858242,0.10201923,-6.030717241764068,0.0003,1.237229824066162,0.2,0.9796767830848694,0.4081418216228485,7990,6.831655405958494,0.571630859375,-0.02403330633145136
2555,9842688,801,890.93,3851,921.6886372600001,0.34102345,-6.041049326459567,0.0003,1.497316598892212,0.2,0.9803398251533508,0.4093059301376343,8000,2.359825326129794,0.8072591145833333,0.027548426810729627
2557,9854976,802,884.94,3853,916.8292865899999,0.22968666,-6.0448937525351845,0.0003,0.5887787938117981,0.2,0.9853081107139587,0.40872693061828613,8010,2.8263916907211146,0.7306233723958333,-0.006285334615192066
2559,9867264,803,869.41,3855,912.5179687399999,0.09810507,-6.018195024132728,0.0003,3.64253306388855,0.2,0.9752253293991089,0.40780147910118103,8020,7.429144972811143,0.5813151041666667,-0.022961139467467244
2561,9879552,804,858.45,3857,904.5718518100001,0.15037988,-6.017267901698748,0.0003,0.8737537860870361,0.2,0.9856069684028625,0.4083740711212158,8030,4.272125805417697,0.6962076822916666,-0.008349040478060487
2563,9891840,805,851.54,3858,897.1309837399999,0.08428359,-6.013792122403781,0.0003,3.1947715282440186,0.2,0.969984769821167,0.4079415798187256,8040,9.109549372891586,0.5422444661458333,-0.02773740116438906
2565,9904128,806,872.7,3860,931.13261543,0.20323174,-6.01560303469499,0.0003,0.8946937322616577,0.2,0.9805702567100525,0.4077025353908539,8050,4.536152352144321,0.7233561197916667,-0.0027300411267788148
2567,9916416,807,878.28,3862,934.3013463999999,1.7682182,-6.160261379679044,0.0003,0.36605510115623474,0.2,0.9877985119819641,0.41510090231895447,8060,1.044350094596545,0.9404622395833333,0.16566996790255265
2569,9928704,808,859.31,3864,910.78460067,0.18888016,-6.2460357328255975,0.0003,0.8475759029388428,0.2,0.9784847497940063,0.4158433973789215,8070,2.4682939828683934,0.7043619791666667,-0.011962250990715498
2571,9940992,809,872.31,3865,936.89416551,0.14399864,-6.221351959307989,0.0003,1.804483413696289,0.2,0.9745264649391174,0.4146319329738617,8080,3.6495249571899575,0.6681396484375,-0.016631480533396824
2573,9953280,810,888.33,3867,947.2214586299998,0.21423621,-6.215103568633397,0.0003,1.3354498147964478,0.2,0.9712020754814148,0.4146265983581543,8090,2.5052930320302647,0.7343505859375,-0.0016128440465157231
2575,9965568,811,885.65,3869,943.47214228,0.2804498,-6.232898624738057,0.0003,0.4322488307952881,0.2,0.9932127594947815,0.4146033227443695,8100,1.1201352349172036,0.7790364583333333,0.0005680424272820043
2577,9977856,812,907.29,3870,974.50355283,0.06196576,-6.200605310996374,0.0003,1.5172011852264404,0.2,0.9652379751205444,0.41395750641822815,8110,6.9776509664952755,0.5140625,-0.025639457743576108
2579,9990144,813,879.79,3872,942.1772413,0.1168226,-6.19386686484019,0.0003,1.0161710977554321,0.2,0.9514555931091309,0.4138799011707306,8120,3.8211816646158696,0.6055908203125,-0.017698710637826784
2581,10002432,814,891.22,3874,951.9504683700001,0.06100188,-6.17614920437336,0.0003,3.2202651500701904,0.2,0.9685800671577454,0.4131145179271698,8130,7.953749266266823,0.4952880859375,-0.03055775627387144
