time/time_elapsed,rollout/ep_rew_mean,time/fps,time/total_timesteps,rollout/ep_len_mean,time/iterations,train/entropy_loss,train/std,train/explained_variance,train/n_updates,train/learning_rate,train/approx_kl,train/policy_gradient_loss,train/loss,train/clip_range,train/clip_fraction,train/value_loss
1,7.935121680000001,10568,12288,59.67,1,,,,,,,,,,,
3,10.783101560000002,7788,24576,61.24,2,-16.969168909390767,0.9939756989479065,-0.0168917179107666,10,0.0003,0.013981123,-0.018304549967676092,3.017453670501709,0.2,0.17632649739583334,6.657690436641375
5,10.920359329999998,7232,36864,62.15,3,-16.898028882344565,0.9871427416801453,0.34760743379592896,20,0.0003,0.01517431,-0.021595804898727994,2.7767748832702637,0.2,0.18304036458333334,6.375850411256154
6,11.35151305,7028,49152,61.78,4,-16.82180141210556,0.981604278087616,0.5007908940315247,30,0.0003,0.016582323,-0.023342256637018485,2.5457892417907715,0.2,0.20044759114583333,6.303194997708003
8,12.724548709999999,6930,61440,63.99,5,-16.73809765179952,0.9746460318565369,0.5996138453483582,40,0.0003,0.01766462,-0.024733545731093425,1.9054187536239624,0.2,0.2181640625,5.309844806293646
10,12.56972573,6924,73728,62.85,6,-16.633434760570527,0.9660863280296326,0.6585731506347656,50,0.0003,0.020536948,-0.026757636938903793,2.7236790657043457,0.2,0.259619140625,5.140996098518372
12,13.600882880000002,6954,86016,63.66,7,-16.543727334340414,0.9583380818367004,0.7029671669006348,60,0.0003,0.020681553,-0.025246386335978362,2.122119426727295,0.2,0.2579833984375,5.058607289195061
14,16.31257193,6982,98304,68.13,8,-16.452596426010132,0.9521034359931946,0.7762786149978638,70,0.0003,0.023031428,-0.028674395089425767,2.0604095458984375,0.2,0.2644287109375,4.538462560872237
16,17.19187064,6908,110592,65.34,9,-16.376877490679423,0.9459686279296875,0.8167199492454529,80,0.0003,0.02151571,-0.028143680824238498,1.8059266805648804,0.2,0.27488606770833335,4.185366213321686
17,16.9841012,6837,122880,65.32,10,-16.301653150717417,0.9398725628852844,0.8222095966339111,90,0.0003,0.021745974,-0.030329222725898337,2.214341402053833,0.2,0.27769368489583335,4.944301912685235
19,18.391929630000003,6844,135168,66.9,11,-16.20643990834554,0.9322352409362793,0.8428181409835815,100,0.0003,0.02527368,-0.03235566764245353,1.8161242008209229,0.2,0.3100992838541667,4.1243016843994456
21,18.72058203,6837,147456,65.09,12,-16.087802537282307,0.9230296611785889,0.8535661697387695,110,0.0003,0.028696835,-0.03103207197661201,1.4148674011230469,0.2,0.3180419921875,3.663395443558693
23,19.8352736,6842,159744,67.59,13,-15.972159212827682,0.9139706492424011,0.8561004996299744,120,0.0003,0.026000967,-0.03208035026521732,2.003591537475586,0.2,0.31158854166666666,4.2798242603739105
25,22.012012140000007,6850,172032,67.96,14,-15.834626777966816,0.9048441052436829,0.8843952417373657,130,0.0003,0.029528027,-0.03382412673333116,1.3366715908050537,0.2,0.3496826171875,3.472923670212428
26,19.56946281,6830,184320,64.02,15,-15.745857725540796,0.8980539441108704,0.8826706409454346,140,0.0003,0.028296694,-0.03239539447822608,1.5609029531478882,0.2,0.3318277994791667,3.722354673842589
29,22.732926540000005,6773,196608,67.37,16,-15.646740285555522,0.8901920318603516,0.9052718281745911,150,0.0003,0.03259698,-0.035369518767887104,1.4354177713394165,0.2,0.3668131510416667,3.1136435424288114
31,23.007635529999998,6707,208896,67.74,17,-15.544514618317287,0.8829663395881653,0.8959594964981079,160,0.0003,0.028724847,-0.0327152528683655,1.3253514766693115,0.2,0.3398518880208333,3.7486047292749087
33,23.460510300000006,6685,221184,68.66,18,-15.467056934038798,0.8781457543373108,0.9092310070991516,170,0.0003,0.032552905,-0.031006906174782974,1.283313512802124,0.2,0.366748046875,3.2834270015358924
34,23.2182686,6689,233472,69.28,19,-15.380759447813034,0.8718933463096619,0.9111568331718445,180,0.0003,0.031758253,-0.03343428363732528,1.8642526865005493,0.2,0.3507486979166667,3.5990433424711226
36,24.719468820000003,6684,245760,72.05,20,-15.279505850871404,0.864589512348175,0.9121944904327393,190,0.0003,0.030994123,-0.03423521529281667,1.7100601196289062,0.2,0.3609130859375,3.529641412695249
38,25.14930734,6660,258048,68.38,21,-15.185640674829482,0.8580462336540222,0.9191619157791138,200,0.0003,0.033284258,-0.033171067057022205,1.5843559503555298,0.2,0.3624348958333333,3.5785190810759864
40,25.272332910000003,6646,270336,69.8,22,-15.10244935353597,0.8527037501335144,0.9183063507080078,210,0.0003,0.03569932,-0.03570797221036628,1.3654085397720337,0.2,0.37381184895833336,3.6215537120898564
42,26.462404350000007,6649,282624,70.92,23,-15.015707699457804,0.8457962870597839,0.928837776184082,220,0.0003,0.035144772,-0.03714801430420873,1.3644664287567139,0.2,0.3828043619791667,3.320792337258657
44,28.22064853,6659,294912,72.14,24,-14.907613140344619,0.8381571173667908,0.9209352731704712,230,0.0003,0.035018038,-0.03434407921837798,1.8969740867614746,0.2,0.369580078125,3.7045810172955194
46,26.84893642,6666,307200,71.1,25,-14.799983157714207,0.8313932418823242,0.9262195825576782,240,0.0003,0.03541893,-0.0366168838692829,1.6151190996170044,0.2,0.383544921875,3.6299931928515434
48,28.295827720000002,6650,319488,72.92,26,-14.70069365700086,0.8250830173492432,0.932002604007721,250,0.0003,0.03569461,-0.036045277589194784,1.534841775894165,0.2,0.391357421875,3.453671811024348
49,30.12602413,6643,331776,73.09,27,-14.614287330706913,0.818702757358551,0.9289178848266602,260,0.0003,0.03734525,-0.03553901452833088,1.4546773433685303,0.2,0.4011474609375,3.6745670318603514
51,30.18537519,6665,344064,74.59,28,-14.514618041117986,0.8126276135444641,0.9373031854629517,270,0.0003,0.03939795,-0.03748495471809292,1.7918179035186768,0.2,0.40107421875,3.587675616145134
53,30.733764120000004,6671,356352,74.66,29,-14.422982599337896,0.8065306544303894,0.928533136844635,280,0.0003,0.03524711,-0.03651334426249377,1.642993450164795,0.2,0.38539225260416665,4.171213044722875
55,31.801344200000006,6665,368640,74.95,30,-14.31801453034083,0.7997260093688965,0.9363963603973389,290,0.0003,0.038382765,-0.03962015858366309,2.13727068901062,0.2,0.3981852213541667,4.171601696809133
57,32.09743108,6680,380928,75.68,31,-14.224010847012202,0.7941358685493469,0.9417292475700378,300,0.0003,0.03948122,-0.03918992741334174,1.7757068872451782,0.2,0.41429036458333335,3.7935972695549327
58,35.338774599999994,6673,393216,78.61,32,-14.136960730950038,0.7885544896125793,0.9357929825782776,310,0.0003,0.040811103,-0.036254637530752615,1.9551386833190918,0.2,0.4209065755208333,4.0600421691934265
60,33.14409526000001,6670,405504,74.69,33,-14.026530321439107,0.7809543013572693,0.935789942741394,320,0.0003,0.040900145,-0.0380524062900804,2.2591121196746826,0.2,0.40621744791666664,4.504535346229871
62,34.060733760000005,6668,417792,74.59,34,-13.93094359834989,0.7750411033630371,0.9383503198623657,330,0.0003,0.04226148,-0.03895142032318593,2.1204917430877686,0.2,0.41155598958333334,4.389373533924421
64,35.01784994,6684,430080,76.69,35,-13.839784189065297,0.7690682411193848,0.941450834274292,340,0.0003,0.043842107,-0.03752135069516953,2.334374189376831,0.2,0.42499186197916666,4.269306560854117
66,34.21159924,6676,442368,75.3,36,-13.725247830152512,0.7618069648742676,0.944879412651062,350,0.0003,0.0442321,-0.039967896408052185,1.9401352405548096,0.2,0.43359375,4.127784818410873
67,36.36956022,6690,454656,78.6,37,-13.64626908103625,0.7577974796295166,0.9348568320274353,360,0.0003,0.040149927,-0.03760446467931615,2.8201234340667725,0.2,0.4102701822916667,5.255651200314363
69,34.975729810000004,6702,466944,74.13,38,-13.549675186475119,0.7513909339904785,0.9458901286125183,370,0.0003,0.0465979,-0.038925442998394524,2.150552749633789,0.2,0.44444173177083335,4.332365724444389
71,37.21933424,6716,479232,75.82,39,-13.461498874425889,0.7463474273681641,0.9465097188949585,380,0.0003,0.04541998,-0.03887865749614624,1.8675132989883423,0.2,0.439013671875,4.5597403635581335
73,38.47068099,6730,491520,78.3,40,-13.347443666060766,0.7388370633125305,0.9487593770027161,390,0.0003,0.052318323,-0.041753718390828,2.3375988006591797,0.2,0.4627197265625,4.39469908028841
74,38.51240322,6724,503808,77.28,41,-13.236980297168095,0.7328019142150879,0.9484634399414062,400,0.0003,0.050330777,-0.041650346301806467,1.9773974418640137,0.2,0.4505126953125,4.31210253983736
76,41.1446734,6737,516096,76.74,42,-13.149633646011353,0.7281106114387512,0.9536283016204834,410,0.0003,0.050609697,-0.03684897521937577,1.8699800968170166,0.2,0.47067057291666664,3.897731417417526
78,40.46132098,6747,528384,77.18,43,-13.067425868908565,0.7237253189086914,0.9567092657089233,420,0.0003,0.05251779,-0.04246502698709567,1.5054908990859985,0.2,0.4685465494791667,3.8760117908318836
80,41.80741166999999,6756,540672,79.24,44,-12.964347982406617,0.71644526720047,0.9562952518463135,430,0.0003,0.05259003,-0.03940190021530725,2.0901100635528564,0.2,0.4624430338541667,4.360971714059512
81,44.22948508,6761,552960,79.29,45,-12.863789610068004,0.710770308971405,0.9523375034332275,440,0.0003,0.04477446,-0.037610880070133135,1.5438566207885742,0.2,0.43838704427083336,4.747299460570018
83,44.47707964,6770,565248,79.15,46,-12.759109258651733,0.7053928375244141,0.9529721140861511,450,0.0003,0.0513089,-0.040257203077392965,2.322791814804077,0.2,0.45431315104166664,5.284945658346017
85,42.44550130999999,6780,577536,76.29,47,-12.646879100799561,0.6986737847328186,0.9594799280166626,460,0.0003,0.052118164,-0.04044268590417535,2.6694085597991943,0.2,0.47140299479166664,4.429552496472994
86,43.64480238,6790,589824,78.04,48,-12.54930244286855,0.6940882802009583,0.9610358476638794,470,0.0003,0.05771185,-0.03986399493830201,1.995793104171753,0.2,0.48173828125,4.183533322811127
88,43.56666395,6800,602112,78.83,49,-12.440594152609508,0.6873027682304382,0.9576933979988098,480,0.0003,0.05798777,-0.0365707316523185,2.0723178386688232,0.2,0.49814453125,4.545325108369192
90,46.87197853000001,6810,614400,81.54,50,-12.351209958394369,0.6838911175727844,0.9599167704582214,490,0.0003,0.056384932,-0.04187100651809791,1.3578845262527466,0.2,0.48341471354166665,4.087948450446129
91,44.49953085,6817,626688,76.23,51,-12.299371373653411,0.6808669567108154,0.9562079310417175,500,0.0003,0.05334164,-0.03961130218910209,2.456240177154541,0.2,0.4696044921875,5.019922003149986
93,45.22632199,6822,638976,77.5,52,-12.205658094088237,0.6745163798332214,0.9611914157867432,510,0.0003,0.06353753,-0.03861627908384738,1.484915018081665,0.2,0.5052001953125,4.004288403689861
95,47.28988037,6827,651264,79.6,53,-12.096574032306671,0.6700153350830078,0.9641546607017517,520,0.0003,0.064090736,-0.03932654300588183,1.9800231456756592,0.2,0.5054361979166667,3.852170406281948
97,46.55030383000001,6836,663552,79.2,54,-12.019643580913543,0.6653161644935608,0.9662062525749207,530,0.0003,0.05908583,-0.03870683713078809,2.4385082721710205,0.2,0.4872233072916667,4.193353632092476
98,47.529067749999996,6843,675840,79.07,55,-11.952054744958877,0.6623457074165344,0.9618124961853027,540,0.0003,0.05618328,-0.03899135058794248,2.6820902824401855,0.2,0.4831787109375,4.406515760223071
100,45.28898410000001,6850,688128,76.86,56,-11.87211309671402,0.6582426428794861,0.9643856883049011,550,0.0003,0.0628343,-0.03801945663290098,2.274777889251709,0.2,0.5033528645833333,4.14786457568407
102,48.52791330000001,6858,700416,78.38,57,-11.797364540894826,0.6538412570953369,0.9607497453689575,560,0.0003,0.06529656,-0.03823684873059392,2.011840581893921,0.2,0.5020182291666667,4.2874428967634834
103,50.02980784999999,6854,712704,80.53,58,-11.689227892955143,0.6473522186279297,0.9705594778060913,570,0.0003,0.07357416,-0.03935849691042677,1.3703546524047852,0.2,0.5388997395833334,3.2839624506731826
105,49.76381864,6858,724992,77.6,59,-11.587625503540039,0.6431202292442322,0.9602574706077576,580,0.0003,0.057134185,-0.040482095952271875,2.115361213684082,0.2,0.4921468098958333,4.583711838722229
107,49.12118208999999,6857,737280,77.37,60,-11.518923034270605,0.6400441527366638,0.9672737121582031,590,0.0003,0.06140101,-0.0403485261068757,1.6818495988845825,0.2,0.4967854817708333,4.106379460295042
109,52.75768494000001,6848,749568,82.17,61,-11.437546867132188,0.6358323693275452,0.9664686918258667,600,0.0003,0.057673346,-0.03833141367940698,1.8704466819763184,0.2,0.49197591145833336,4.463643375535806
111,50.99369763,6819,761856,79.12,62,-11.341569383939108,0.6308072805404663,0.963411808013916,610,0.0003,0.056677148,-0.041495831648353486,3.2598533630371094,0.2,0.47781575520833336,5.5697408278783165
113,51.96656447,6821,774144,80.11,63,-11.259255027770996,0.626291036605835,0.9664326906204224,620,0.0003,0.060188327,-0.038690338867309035,2.471313238143921,0.2,0.4975179036458333,4.699823742608229
115,54.4090166,6827,786432,82.27,64,-11.147822332382201,0.6210477948188782,0.9730240106582642,630,0.0003,0.08398671,-0.03542207817517919,1.3349758386611938,0.2,0.561376953125,3.2381759827335674
116,56.560394370000004,6830,798720,85.54,65,-11.068517261743546,0.616759717464447,0.9748222231864929,640,0.0003,0.07684182,-0.03853466660269381,1.3349605798721313,0.2,0.5481608072916667,3.250395615398884
118,56.71878365999999,6836,811008,82.98,66,-10.979582587877909,0.613210916519165,0.970015287399292,650,0.0003,0.06754781,-0.03931769579163908,1.7032065391540527,0.2,0.5108154296875,4.29949336151282
120,58.165777369999994,6839,823296,84.19,67,-10.908705035845438,0.6103686690330505,0.9652100801467896,660,0.0003,0.07114906,-0.03929130090691615,1.8663088083267212,0.2,0.4897705078125,4.803998828927676
122,55.01543618999999,6842,835584,81.85,68,-10.844302880764008,0.606870710849762,0.9689835906028748,670,0.0003,0.0625969,-0.03810163112454271,3.0557589530944824,0.2,0.49623209635416665,5.315209716061751
123,56.465201289999996,6842,847872,81.86,69,-10.751969997088114,0.6023387312889099,0.9680583477020264,680,0.0003,0.0646309,-0.03887526144195969,2.702054738998413,0.2,0.4991943359375,5.037965167562167
125,55.630366249999994,6844,860160,80.36,70,-10.677395983537037,0.598950207233429,0.9723553657531738,690,0.0003,0.076841384,-0.03470643546703892,2.272249460220337,0.2,0.5573486328125,4.16525765011708
127,57.733167249999994,6846,872448,81.72,71,-10.592082754770916,0.595312774181366,0.9731603860855103,700,0.0003,0.07447607,-0.03523338860832155,1.6448149681091309,0.2,0.5492431640625,4.110708331565062
129,60.51323305000001,6847,884736,85.35,72,-10.495143636067708,0.5898851752281189,0.9717292785644531,710,0.0003,0.08138544,-0.03338860498042777,0.9829767346382141,0.2,0.56005859375,3.6778943330049514
131,56.99436012000001,6842,897024,81.56,73,-10.403470792373021,0.585799515247345,0.9716700315475464,720,0.0003,0.06569121,-0.03850374317650373,1.7234405279159546,0.2,0.5236246744791667,4.581959091623625
132,57.63290818999999,6842,909312,81.75,74,-10.324797143538794,0.5825647711753845,0.9749534726142883,730,0.0003,0.07173975,-0.03784720767386413,1.539284348487854,0.2,0.5065348307291667,4.27292569677035
134,57.198419709999996,6841,921600,78.58,75,-10.256951902310053,0.5795308947563171,0.9764859676361084,740,0.0003,0.070842914,-0.03492183169097795,2.0656614303588867,0.2,0.532275390625,4.169622573256492
136,60.234546599999994,6842,933888,82.88,76,-10.199736819664638,0.5762127041816711,0.9715784788131714,750,0.0003,0.07772968,-0.03233511505532079,2.0499727725982666,0.2,0.5287841796875,5.074247786899408
138,58.74862207,6829,946176,83.04,77,-10.12434184551239,0.5732610821723938,0.9767659306526184,760,0.0003,0.09077567,-0.033595240889311144,1.9579863548278809,0.2,0.5643880208333333,3.738378185033798
140,58.17195711,6831,958464,79.77,78,-10.072813107570012,0.571128249168396,0.9774982333183289,770,0.0003,0.09389474,-0.03071230177107888,1.218962550163269,0.2,0.58466796875,3.283529003461202
142,63.27177853,6831,970752,83.81,79,-10.020615742603939,0.5695331692695618,0.9799609184265137,780,0.0003,0.08712538,-0.03160937024222221,1.2308422327041626,0.2,0.5683430989583333,2.946921202043692
144,64.42070672999999,6825,983040,86.19,80,-9.96145196358363,0.5652246475219727,0.9782296419143677,790,0.0003,0.07859354,-0.03485627968232923,1.195024013519287,0.2,0.5374837239583333,3.582633841286103
146,64.97524165,6811,995328,85.08,81,-9.877200468381245,0.5616599321365356,0.97703617811203,800,0.0003,0.06843713,-0.033962913174764256,1.8292912244796753,0.2,0.5109619140625,4.222822048763434
147,65.14985947999999,6814,1007616,85.55,82,-9.783404817183813,0.557105302810669,0.978779673576355,810,0.0003,0.07813454,-0.03520061390881892,1.4605282545089722,0.2,0.5421712239583333,3.8672842013339204
149,68.78450376,6817,1019904,89.36,83,-9.71011089682579,0.5553775429725647,0.9815901517868042,820,0.0003,0.08873185,-0.031650284825203316,1.2749329805374146,0.2,0.5701741536458333,3.5182116560637953
151,66.18203467999999,6816,1032192,88.5,84,-9.656528349717458,0.5520606637001038,0.9815375804901123,830,0.0003,0.080476426,-0.03302614449009222,1.5351861715316772,0.2,0.55791015625,3.7199742158253986
153,67.14912034,6820,1044480,88.57,85,-9.597654207547505,0.5495343804359436,0.97892165184021,840,0.0003,0.07724595,-0.03134732818968284,1.9890468120574951,0.2,0.5407877604166667,4.0056023473540945
154,65.27861872,6824,1056768,86.06,86,-9.520633965730667,0.5462524890899658,0.9777567982673645,850,0.0003,0.076797284,-0.03254871285656312,1.2503414154052734,0.2,0.5348388671875,4.230859166880449
156,66.73562367000001,6826,1069056,84.11,87,-9.451874148845672,0.5433599352836609,0.9789211750030518,860,0.0003,0.07974461,-0.03334227514569647,1.6803302764892578,0.2,0.5348225911458333,4.245298248529434
158,68.56396927,6824,1081344,87.78,88,-9.375961601734161,0.5397789478302002,0.982319176197052,870,0.0003,0.10565659,-0.029024815308124136,1.1349505186080933,0.2,0.5834391276041667,3.2810814465085665
160,67.82067552000001,6827,1093632,87.33,89,-9.297547684113185,0.5361590385437012,0.9834685921669006,880,0.0003,0.09511579,-0.03018266768316001,1.2988598346710205,0.2,0.5797688802083333,3.188206075876951
162,71.75665505,6818,1105920,88.78,90,-9.218398469686509,0.5333380103111267,0.9824308753013611,890,0.0003,0.073764086,-0.032786721134713544,1.705424427986145,0.2,0.5402913411458333,3.5928837046027184
164,73.88712093,6817,1118208,94.19,91,-9.123880708217621,0.5292026400566101,0.9863691926002502,900,0.0003,0.086922176,-0.030611427128314973,0.9786763787269592,0.2,0.5732503255208333,3.0562141415973505
165,75.09217128,6815,1130496,94.32,92,-9.021211238702138,0.5242342948913574,0.9799096584320068,910,0.0003,0.074477844,-0.034922946204702994,1.966248631477356,0.2,0.5233317057291667,4.339174006382624
167,66.76398753000001,6810,1142784,84.68,93,-8.92798686226209,0.5202630758285522,0.9807497262954712,920,0.0003,0.07996488,-0.032146903117730594,2.165099859237671,0.2,0.541796875,4.241390129427115
169,68.58541637,6806,1155072,89.07,94,-8.839266981681188,0.5165006518363953,0.9836429357528687,930,0.0003,0.09988552,-0.022934659302215245,1.1674282550811768,0.2,0.600244140625,3.0885946822663146
171,69.75863308,6800,1167360,89.36,95,-8.75437678496043,0.5131930112838745,0.9792153835296631,940,0.0003,0.0881533,-0.02539101660659071,1.5916826725006104,0.2,0.5693277994791667,3.6395987920463084
173,70.34161015,6798,1179648,91.91,96,-8.695949600140255,0.5116788148880005,0.9810711145401001,950,0.0003,0.085294746,-0.029831292529706843,1.7353520393371582,0.2,0.5699462890625,3.79968036065499
175,74.596104,6799,1191936,95.37,97,-8.663861050208409,0.5103521943092346,0.9832779169082642,960,0.0003,0.09130198,-0.02644553988066036,1.8631492853164673,0.2,0.5713134765625,3.5578381597995756
177,77.8851065,6803,1204224,96.63,98,-8.601341952880224,0.507049560546875,0.9806416630744934,970,0.0003,0.083044514,-0.028524649933873054,1.1832668781280518,0.2,0.5750406901041667,3.872579572101434
178,75.25574424999999,6803,1216512,95.0,99,-8.546047508716583,0.5056471228599548,0.9820762872695923,980,0.0003,0.08731153,-0.02489999382814858,1.2027897834777832,0.2,0.5706461588541667,4.1361826027433075
180,73.93849671000001,6807,1228800,92.37,100,-8.498542875051498,0.5040746927261353,0.9833238124847412,990,0.0003,0.103224814,-0.025863459764271585,1.7253037691116333,0.2,0.5916666666666667,3.622784872353077
182,81.58809579000001,6809,1241088,96.2,101,-8.425910238424937,0.50078946352005,0.9845815896987915,1000,0.0003,0.12550598,-0.020497831140528434,0.8967614769935608,0.2,0.6304117838541666,2.982954676946004
184,76.90954425000001,6805,1253376,93.0,102,-8.365047387282054,0.49770036339759827,0.9857528805732727,1010,0.0003,0.0959541,-0.024759994057239963,1.7208452224731445,0.2,0.5879638671875,3.3777560931940873
185,72.08250271,6807,1265664,91.44,103,-8.291835109392801,0.49506092071533203,0.9851787090301514,1020,0.0003,0.08660693,-0.02938266194347913,1.913057565689087,0.2,0.5646647135416667,3.679325094570716
187,84.31570775,6802,1277952,102.23,104,-8.226239440838496,0.49204662442207336,0.9846833348274231,1030,0.0003,0.08641234,-0.026605425040664463,1.5361944437026978,0.2,0.5788655598958333,3.757275000711282
189,74.1590428,6801,1290240,95.12,105,-8.160141696532568,0.4893558919429779,0.9829279780387878,1040,0.0003,0.089342944,-0.02983428147805777,1.8517566919326782,0.2,0.5668050130208333,4.365259031454722
191,83.29009742,6806,1302528,100.72,106,-8.10087330341339,0.4873844087123871,0.9833241701126099,1050,0.0003,0.09860607,-0.025069708641967735,1.7247669696807861,0.2,0.5969889322916667,3.7244449456532798
193,87.32080435,6810,1314816,104.01,107,-8.06490397254626,0.4857657253742218,0.9841854572296143,1060,0.0003,0.09986243,-0.02969982598394078,1.6616880893707275,0.2,0.5779052734375,3.956455305963755
194,88.98246316000001,6813,1327104,106.94,108,-8.027489624420802,0.4840930998325348,0.9794086217880249,1070,0.0003,0.100063585,-0.027890284567062433,1.3274540901184082,0.2,0.5783365885416667,4.431681556254626
196,87.01152293000001,6817,1339392,106.38,109,-7.984949292739232,0.4826882779598236,0.9821557998657227,1080,0.0003,0.08839945,-0.030069297549198383,2.098820447921753,0.2,0.5630045572916667,4.743303040166696
198,83.36363672000002,6818,1351680,100.54,110,-7.93845821917057,0.48072513937950134,0.9840437769889832,1090,0.0003,0.09076782,-0.03141500222797428,2.070059061050415,0.2,0.573974609375,4.404885123670101
200,88.93987717999998,6819,1363968,106.14,111,-7.893542439738909,0.4792267382144928,0.9823172092437744,1100,0.0003,0.10880055,-0.02478638817362177,1.1557321548461914,0.2,0.5896647135416667,4.556184383233388
201,81.98006713999999,6823,1376256,97.95,112,-7.8295290519793825,0.47653838992118835,0.9808886647224426,1110,0.0003,0.10925957,-0.026539937242826758,1.8423620462417603,0.2,0.6034423828125,4.269881144165993
203,85.43066565999999,6826,1388544,102.72,113,-7.76749125123024,0.4739093482494354,0.9828298687934875,1120,0.0003,0.10439267,-0.02273377472301945,2.676771402359009,0.2,0.6046549479166666,4.9041562596956885
205,97.16553064000001,6828,1400832,113.77,114,-7.699472698569298,0.470928430557251,0.9822115898132324,1130,0.0003,0.11442941,-0.027348923825775272,1.153076410293579,0.2,0.6197835286458333,3.748195352653662
206,98.72236036,6830,1413120,114.94,115,-7.642794306079547,0.4690065383911133,0.9757916927337646,1140,0.0003,0.08518684,-0.02553145743343824,3.413255214691162,0.2,0.55263671875,7.831728942195574
208,97.38421605000002,6834,1425408,114.64,116,-7.591964104771614,0.4666467607021332,0.9850701093673706,1150,0.0003,0.11194428,-0.02611780454365847,1.5233261585235596,0.2,0.6083740234375,3.983477792640527
210,93.51139138999999,6838,1437696,112.61,117,-7.521698209643364,0.4639516770839691,0.986412525177002,1160,0.0003,0.11259929,-0.027823368067038244,1.7781827449798584,0.2,0.5958577473958333,4.1783268297712
211,96.41490208000003,6841,1449984,116.01,118,-7.468686032295227,0.4620388448238373,0.9852879643440247,1170,0.0003,0.103527516,-0.02431447224128836,1.8934800624847412,0.2,0.5979899088541667,4.172980537017186
213,98.57356062,6836,1462272,116.57,119,-7.423340196410815,0.4603121280670166,0.9820682406425476,1180,0.0003,0.08401048,-0.028171605200623163,5.149181365966797,0.2,0.5540690104166667,6.914473049839338
215,100.90268535000003,6832,1474560,121.45,120,-7.3764346222082775,0.4582095444202423,0.9821000099182129,1190,0.0003,0.0967566,-0.029141197073234554,1.4869455099105835,0.2,0.5694173177083334,5.923652068773905
217,109.76888629000001,6827,1486848,130.33,121,-7.3204547276099525,0.45570650696754456,0.9795234203338623,1200,0.0003,0.07996448,-0.023218400705081875,3.1329710483551025,0.2,0.5758056640625,7.822544497748216
219,103.90832658000001,6828,1499136,127.08,122,-7.271297910809517,0.45459380745887756,0.9825676679611206,1210,0.0003,0.103644215,-0.023050548816778853,3.8734138011932373,0.2,0.5951822916666667,6.176813208560149
221,124.15684934000002,6828,1511424,151.04,123,-7.208955906828245,0.4520702660083771,0.9850990176200867,1220,0.0003,0.12360627,-0.023150115013413596,1.6159782409667969,0.2,0.621240234375,4.517023731271426
223,120.23248555,6829,1523712,147.36,124,-7.166052476565043,0.4507552683353424,0.9769424796104431,1230,0.0003,0.08634172,-0.023680176250248527,3.216118335723877,0.2,0.5592122395833333,8.43127551774184
224,127.37759501000001,6830,1536000,150.35,125,-7.129094283779462,0.4490748643875122,0.9780563712120056,1240,0.0003,0.08457758,-0.027560836957612387,3.501206159591675,0.2,0.5421061197916667,8.884919028480848
226,124.07846971,6831,1548288,152.25,126,-7.09506810605526,0.4477255344390869,0.9739508032798767,1250,0.0003,0.07238488,-0.026119800728338305,5.833559513092041,0.2,0.5232340494791666,12.84798670609792
228,140.67075230999998,6829,1560576,171.28,127,-7.061498493949572,0.44648393988609314,0.9716833233833313,1260,0.0003,0.0716414,-0.027637831094034483,7.9763617515563965,0.2,0.5333902994791667,14.160590276122093
230,135.27359593999998,6828,1572864,165.42,128,-7.016389264663061,0.44432124495506287,0.965628981590271,1270,0.0003,0.07381528,-0.024624204234957384,9.854482650756836,0.2,0.5317789713541666,18.52302618722121
232,148.73318841,6825,1585152,184.73,129,-6.9952157209316885,0.44370731711387634,0.9775391817092896,1280,0.0003,0.100069314,-0.022320778676657937,4.678023338317871,0.2,0.6056315104166666,10.35814255475998
233,151.77057327,6827,1597440,200.55,130,-6.980089031656584,0.44279637932777405,0.9632669687271118,1290,0.0003,0.06520127,-0.028068339850384896,5.545313835144043,0.2,0.539208984375,18.739455415805182
235,145.25313097000003,6823,1609728,198.54,131,-6.9656327843666075,0.44201311469078064,0.9623718857765198,1300,0.0003,0.095736824,-0.020707297858704503,5.956628799438477,0.2,0.5900797526041667,16.790088491638503
237,159.03367405,6823,1622016,215.09,132,-6.916029718518257,0.4402996003627777,0.9635389447212219,1310,0.0003,0.112788476,-0.01621501005574828,4.706440448760986,0.2,0.6294026692708333,14.059232724706332
239,173.28387113000005,6824,1634304,230.5,133,-6.86053508023421,0.4376920163631439,0.9645518660545349,1320,0.0003,0.09279772,-0.019891076819233907,4.480034828186035,0.2,0.6047119140625,17.203395492831866
241,150.77110725,6824,1646592,199.84,134,-6.828350711862246,0.43690791726112366,0.9600279331207275,1330,0.0003,0.085891984,-0.022407977052110558,7.183831214904785,0.2,0.5823404947916667,21.87356795867284
243,166.07521321999997,6826,1658880,218.39,135,-6.814830774068833,0.43666282296180725,0.9680131673812866,1340,0.0003,0.112571895,-0.015400837791579155,4.574814796447754,0.2,0.6285400390625,15.309207263588906
244,187.10537448,6824,1671168,245.46,136,-6.791529271999995,0.4360698163509369,0.9586054682731628,1350,0.0003,0.08790835,-0.018377425370757313,12.974248886108398,0.2,0.60849609375,19.668878010908763
246,177.71876349,6818,1683456,230.23,137,-6.785032481948535,0.4350145757198334,0.9748904705047607,1360,0.0003,0.14195406,-0.010146181806339883,2.9870011806488037,0.2,0.6811360677083333,9.97648977736632
248,165.40355985999997,6820,1695744,210.35,138,-6.745875551303228,0.4336214065551758,0.9645862579345703,1370,0.0003,0.08379975,-0.018694976140007688,7.217928409576416,0.2,0.5889485677083334,19.352335034807524
250,175.99357612,6819,1708032,222.64,139,-6.706574069460233,0.43250468373298645,0.9675263166427612,1380,0.0003,0.091400445,-0.022983013149738933,11.136242866516113,0.2,0.5591715494791667,20.304447625080744
252,196.85067973000002,6821,1720320,249.01,140,-6.675828606883685,0.43140169978141785,0.9599663615226746,1390,0.0003,0.0855538,-0.020991469575286224,9.717681884765625,0.2,0.5718912760416667,23.894250851869582
253,209.64128839,6821,1732608,263.65,141,-6.650863093137741,0.4308367967605591,0.9771808981895447,1400,0.0003,0.116690345,-0.01644389914969603,3.1328248977661133,0.2,0.643994140625,11.31606591939926
255,220.12031777,6823,1744896,271.33,142,-6.64111710290114,0.43027448654174805,0.967197060585022,1410,0.0003,0.082390875,-0.026901820818117508,8.77688980102539,0.2,0.561376953125,22.41459486881892
257,230.58016023,6820,1757184,282.32,143,-6.629586510856947,0.4296588897705078,0.9639722108840942,1420,0.0003,0.09441316,-0.01716321496787714,9.448236465454102,0.2,0.6100504557291667,22.53497319817543
259,225.28262453,6822,1769472,296.14,144,-6.619616976380348,0.42924460768699646,0.9575656056404114,1430,0.0003,0.08948486,-0.02182614957661523,10.516036987304688,0.2,0.5910888671875,28.993227996428807
261,207.79525535000002,6817,1781760,289.04,145,-6.594085970520974,0.42859458923339844,0.9623660445213318,1440,0.0003,0.113626145,-0.01162702701840317,7.361520767211914,0.2,0.6524088541666667,20.57931657930215
263,233.47612786000002,6813,1794048,320.0,146,-6.559667592247327,0.42749401926994324,0.9677994251251221,1450,0.0003,0.1293809,-0.0077484143936696155,12.786005973815918,0.2,0.6589274088541667,18.480346980690957
265,245.22807833000002,6812,1806336,330.49,147,-6.541516663630803,0.4264780580997467,0.9568008780479431,1460,0.0003,0.08518913,-0.016484701042160547,14.810769081115723,0.2,0.6016357421875,26.486748615900677
266,241.05384973,6813,1818624,336.01,148,-6.527200320363045,0.42603492736816406,0.9523361325263977,1470,0.0003,0.10571144,-0.013479166303295643,15.03915786743164,0.2,0.6236328125,27.80333337187767
268,247.10025544999996,6812,1830912,331.94,149,-6.485482970873515,0.4250529706478119,0.9666701555252075,1480,0.0003,0.11709037,-0.011331622726477994,9.83395004272461,0.2,0.6634195963541667,17.421857158343
270,251.07375889,6810,1843200,311.37,150,-6.4564722150564196,0.42334985733032227,0.971747875213623,1490,0.0003,0.12007153,-0.017968570446343316,5.014968395233154,0.2,0.6353515625,14.463824954628944
272,255.59427499999998,6809,1855488,307.05,151,-6.433175686995188,0.42302560806274414,0.9606008529663086,1500,0.0003,0.08364455,-0.021630923032838232,10.293108940124512,0.2,0.5774495442708333,29.296051931381225
274,224.06219318,6810,1867776,282.33,152,-6.441867821415266,0.42320847511291504,0.9651023149490356,1510,0.0003,0.0994885,-0.016001648105157074,15.314263343811035,0.2,0.6072102864583333,25.34522348244985
275,207.60950208999995,6812,1880064,271.82,153,-6.439696446061134,0.42266330122947693,0.9590795040130615,1520,0.0003,0.10157162,-0.015813734117546118,5.457369804382324,0.2,0.6119710286458333,22.535275050997733
277,225.55052016000002,6813,1892352,290.34,154,-6.4182028869787855,0.42192187905311584,0.9610959887504578,1530,0.0003,0.09002372,-0.010217313678003848,5.245287895202637,0.2,0.6368245442708333,25.18976837893327
279,220.31192509000002,6812,1904640,278.07,155,-6.40608177681764,0.421046644449234,0.954386293888092,1540,0.0003,0.090076834,-0.02014035216998309,15.120222091674805,0.2,0.5840657552083334,29.044892148176828
281,234.25832927000002,6813,1916928,309.23,156,-6.368610094984373,0.4196668565273285,0.9577911496162415,1550,0.0003,0.09384068,-0.018561058263488424,13.247113227844238,0.2,0.6089192708333333,27.10380206902822
283,241.46982485,6812,1929216,328.42,157,-6.373557967940966,0.42043519020080566,0.9582296013832092,1560,0.0003,0.103323914,-0.011141437079641037,19.838647842407227,0.2,0.6403483072916667,25.565346785386403
284,248.1927516,6814,1941504,353.07,158,-6.363493210077285,0.41961637139320374,0.961087167263031,1570,0.0003,0.10906237,-0.019057189690647645,6.8502655029296875,0.2,0.6079671223958333,25.07574317455292
286,263.47217770000003,6815,1953792,364.93,159,-6.357488731543223,0.4194880425930023,0.9527762532234192,1580,0.0003,0.11685642,-0.015457563996703054,6.498202323913574,0.2,0.6326253255208333,24.670645409822463
288,271.09835957,6815,1966080,360.76,160,-6.347931332389513,0.41887152194976807,0.9542616009712219,1590,0.0003,0.12578492,-0.011024253179008762,9.055651664733887,0.2,0.6386393229166667,26.026360972722372
290,267.04710406999993,6813,1978368,360.82,161,-6.342981852094332,0.41835808753967285,0.9314991235733032,1600,0.0003,0.0783832,-0.013917066085074719,15.112369537353516,0.2,0.6015950520833333,40.02871542374293
292,259.66643794,6813,1990656,349.6,162,-6.333717107772827,0.4179111421108246,0.9620688557624817,1610,0.0003,0.1246205,-0.0079151172239411,13.790940284729004,0.2,0.6775065104166667,17.694524218638737
293,255.49903332999997,6813,2002944,358.43,163,-6.387455305457115,0.4207814633846283,0.9474806189537048,1620,0.0003,0.106578745,0.020665685660787858,16.43633460998535,0.2,0.7111002604166666,30.989606573184332
295,269.37656971,6814,2015232,372.58,164,-6.375942548116048,0.41898462176322937,0.9547941088676453,1630,0.0003,0.12404033,-0.005461249685807464,15.24612808227539,0.2,0.6712890625,19.954078368345897
297,255.44815079,6816,2027520,367.56,165,-6.392667729655901,0.4201905429363251,0.9501177668571472,1640,0.0003,0.10932169,0.01938556616078131,10.28571605682373,0.2,0.7084309895833333,26.46951461136341
299,277.28992655999997,6816,2039808,378.35,166,-6.399121362964312,0.4197119176387787,0.9553319811820984,1650,0.0003,0.08628235,-0.01463985823696324,8.854662895202637,0.2,0.6143636067708333,25.505703355868658
301,280.05412448,6816,2052096,381.53,167,-6.3873652140299475,0.4194643795490265,0.944006085395813,1660,0.0003,0.096276104,-0.016635053050898328,9.477323532104492,0.2,0.5949300130208334,35.99606563448906
302,309.51165046,6816,2064384,416.31,168,-6.3759457737207414,0.41916370391845703,0.9517070651054382,1670,0.0003,0.09049812,-0.011896557160071097,8.136378288269043,0.2,0.6224202473958333,25.137631756067275
304,303.09480462000005,6818,2076672,424.01,169,-6.364525852600734,0.4183107912540436,0.9669509530067444,1680,0.0003,0.13697867,-0.006350441451165049,3.44370174407959,0.2,0.6886311848958333,14.10048864086469
306,279.63655598,6819,2088960,392.8,170,-6.350593907634417,0.41834238171577454,0.9571830630302429,1690,0.0003,0.115763254,0.003978274084511213,12.205275535583496,0.2,0.67646484375,22.902049680550892
308,249.97568762,6821,2101248,344.08,171,-6.3484083394209545,0.4182504117488861,0.9649747610092163,1700,0.0003,0.09173438,-0.01683230903824248,6.653522491455078,0.2,0.6087320963541667,23.305321634809175
309,244.46013803999998,6819,2113536,331.38,172,-6.332965816060702,0.417359322309494,0.960490882396698,1710,0.0003,0.09823525,-0.01524593890014027,11.520362854003906,0.2,0.6106770833333334,23.700164326032002
311,214.41225995999997,6820,2125824,308.4,173,-6.342492584387461,0.41823163628578186,0.9438183903694153,1720,0.0003,0.09301288,-0.00748950993923548,15.066746711730957,0.2,0.6282145182291666,29.18278680642446
313,240.93414829999998,6818,2138112,339.38,174,-6.34896706144015,0.4184952974319458,0.9455797672271729,1730,0.0003,0.09358382,-0.010172328829988449,8.81906509399414,0.2,0.6385579427083333,28.341437733173372
315,254.6516379,6816,2150400,336.22,175,-6.339974404374758,0.41749873757362366,0.9652087688446045,1740,0.0003,0.14204328,-0.012894815127462303,10.640789031982422,0.2,0.6680094401041666,15.60541137456894
317,270.34413037999997,6817,2162688,346.72,176,-6.313611823320389,0.41699936985969543,0.9600040316581726,1750,0.0003,0.101874836,-0.02153258465405088,8.759839057922363,0.2,0.5968424479166666,23.790146668752033
318,274.99116287,6818,2174976,341.42,177,-6.290026463071505,0.4163055419921875,0.9694423675537109,1760,0.0003,0.12479782,-0.014080583543788331,3.405893087387085,0.2,0.6445068359375,15.126461038986841
320,281.93325528,6820,2187264,366.57,178,-6.308614738782247,0.4171341359615326,0.9628429412841797,1770,0.0003,0.111879766,-0.013358139578485861,6.677891731262207,0.2,0.6390218098958333,16.692549939950307
322,292.77837251,6817,2199552,388.52,179,-6.316285552581151,0.41772639751434326,0.9590408802032471,1780,0.0003,0.088361405,-0.006337064958643168,5.283350944519043,0.2,0.6503580729166667,20.238500372568765
324,265.22515060999996,6815,2211840,377.63,180,-6.308338992794355,0.4164911210536957,0.9570368528366089,1790,0.0003,0.12950404,-0.013396854587093306,4.439308166503906,0.2,0.6316731770833334,19.786235491434734
326,275.367116,6817,2224128,385.12,181,-6.2655432303746545,0.4151719808578491,0.9702295064926147,1800,0.0003,0.16641812,-0.006467322648192445,8.917526245117188,0.2,0.6666422526041667,14.529157771666844
327,266.16322715,6819,2236416,376.67,182,-6.224763175845146,0.41411495208740234,0.9509724378585815,1810,0.0003,0.102450974,-0.007215140255478521,13.074392318725586,0.2,0.6462483723958333,23.919298282265665
329,273.20906921,6821,2248704,388.85,183,-6.216574715574582,0.4137507379055023,0.9597783088684082,1820,0.0003,0.13120666,-7.823755295248702e-05,10.15517807006836,0.2,0.6899820963541666,18.532661192615826
331,268.0385973599999,6822,2260992,393.05,184,-6.217350337902705,0.41398850083351135,0.9591544270515442,1830,0.0003,0.119025975,-0.005240882787620649,6.18565559387207,0.2,0.6703206380208333,18.38710873623689
333,302.39072067000006,6822,2273280,428.03,185,-6.232291414340337,0.41500210762023926,0.9476017951965332,1840,0.0003,0.08867989,-0.013517754778149538,14.716763496398926,0.2,0.6082438151041667,27.83403993844986
334,304.98586337000006,6825,2285568,416.24,186,-6.220851939916611,0.413545697927475,0.949216365814209,1850,0.0003,0.093592726,-0.020970078984585902,9.785411834716797,0.2,0.6005940755208333,29.256186864773433
336,296.96772769,6827,2297856,405.45,187,-6.201937714219094,0.41360679268836975,0.9459670782089233,1860,0.0003,0.0824899,-0.016390582205106814,12.781888961791992,0.2,0.6041585286458333,35.463417780399325
338,312.81940743,6829,2310144,422.98,188,-6.178367613752683,0.4121401607990265,0.960273027420044,1870,0.0003,0.1389343,-0.013114178881126766,13.575047492980957,0.2,0.6391927083333333,21.501054568092027
339,281.92354309,6831,2322432,405.06,189,-6.219037694732348,0.4171065390110016,0.9670906066894531,1880,0.0003,0.79804486,0.15442425281895947,5.571306228637695,0.2,0.9165771484375,14.418674105405808
341,267.83396458,6833,2334720,402.82,190,-6.320095247030258,0.4164796769618988,0.9373553395271301,1890,0.0003,0.07200917,-0.02503155193893084,11.869003295898438,0.2,0.5485432942708334,26.022580249110856
343,253.71573301000004,6835,2347008,373.67,191,-6.302786297599474,0.4159679114818573,0.9487179517745972,1900,0.0003,0.10915026,-0.012660652604730179,5.926580905914307,0.2,0.6431315104166667,23.461418552199998
345,255.976924,6836,2359296,378.15,192,-6.28818444510301,0.41552793979644775,0.9559803009033203,1910,0.0003,0.12547456,-0.010082862342824229,4.644105911254883,0.2,0.65390625,18.819982675711312
346,254.20674925,6839,2371584,373.79,193,-6.27223423620065,0.4147137701511383,0.9446417093276978,1920,0.0003,0.09562418,-0.01807301391963847,11.351325035095215,0.2,0.627294921875,24.219826630751292
348,231.69094168,6841,2383872,332.7,194,-6.258547396461169,0.41422057151794434,0.9661424160003662,1930,0.0003,0.12619646,-0.01699064791609999,10.768234252929688,0.2,0.6385660807291667,15.876689531405766
350,219.49512972000005,6843,2396160,305.59,195,-6.232913181185722,0.4135138988494873,0.9620928168296814,1940,0.0003,0.09043759,-0.020552009557529043,7.1641693115234375,0.2,0.6147135416666667,23.771169658501943
351,240.43164148999998,6845,2408448,319.79,196,-6.222355006138484,0.41276001930236816,0.9522024989128113,1950,0.0003,0.09650085,-0.019616587151055378,6.649059295654297,0.2,0.6105387369791667,25.751752441128094
353,255.45376573000001,6845,2420736,348.15,197,-6.214999729394913,0.41372910141944885,0.9667739272117615,1960,0.0003,0.13733776,-0.012373944042095294,5.756579875946045,0.2,0.6661214192708333,16.38351848224799
355,251.04339368000004,6847,2433024,353.62,198,-6.215788227319718,0.41238752007484436,0.9630403518676758,1970,0.0003,0.11944553,-0.010054282875110706,12.103532791137695,0.2,0.6646158854166667,20.398472663760185
356,251.46772915000005,6849,2445312,364.88,199,-6.181258290012678,0.4114755392074585,0.9355761408805847,1980,0.0003,0.09105576,-0.019239113343064673,9.902653694152832,0.2,0.5972249348958333,28.71003456513087
358,259.19867804000006,6852,2457600,357.45,200,-6.182221792141596,0.4123247563838959,0.9549736380577087,1990,0.0003,0.11525357,-0.010697516932850704,8.72704792022705,0.2,0.651025390625,20.289149009188016
360,262.94568426,6854,2469888,375.35,201,-6.196629511316617,0.4128555357456207,0.9523452520370483,2000,0.0003,0.08905842,-0.025447483099803016,7.574942111968994,0.2,0.589794921875,23.952042575677236
362,263.83089084000005,6856,2482176,384.84,202,-6.1693421324094135,0.41166719794273376,0.9446035027503967,2010,0.0003,0.115573905,0.01378352310275659,5.597534656524658,0.2,0.7177327473958334,21.6842432230711
363,253.68494694,6858,2494464,378.11,203,-6.1655535717805225,0.41219329833984375,0.9568333029747009,2020,0.0003,0.118177116,-0.0059011951389644915,4.325217247009277,0.2,0.6747395833333333,21.509625842173893
365,261.90765435,6860,2506752,372.31,204,-6.15472745001316,0.41103267669677734,0.9632534980773926,2030,0.0003,0.09299835,-0.020547279407037423,14.212335586547852,0.2,0.6141764322916666,22.051460152864458
367,268.5627343400001,6862,2519040,377.7,205,-6.131591433286667,0.41060909628868103,0.960751473903656,2040,0.0003,0.09183637,-0.018232823638633513,10.177030563354492,0.2,0.6072184244791666,23.96987367272377
368,249.50926204999996,6864,2531328,372.42,206,-6.136993389328321,0.4107097387313843,0.9594394564628601,2050,0.0003,0.14892216,0.03033127929472054,5.009790420532227,0.2,0.7545003255208333,17.2335464656353
370,284.45118722999996,6865,2543616,388.1,207,-6.110664624969164,0.4097563326358795,0.9636681079864502,2060,0.0003,0.12496096,-0.015452987514436245,5.229081630706787,0.2,0.6503987630208333,18.2752342492342
372,276.8607605,6867,2555904,369.39,208,-6.081769947210947,0.40869569778442383,0.9538097977638245,2070,0.0003,0.06975771,-0.02970999056803218,23.447050094604492,0.2,0.5399739583333333,38.23004219333331
373,294.99433182999996,6869,2568192,373.89,209,-6.050702667236328,0.40731993317604065,0.9659068584442139,2080,0.0003,0.12200925,-0.007634499448856028,5.403770446777344,0.2,0.6754557291666666,19.545661000410714
375,252.10852426000002,6871,2580480,345.31,210,-5.9965511739254,0.4062281847000122,0.9576120376586914,2090,0.0003,0.105858706,-0.012857718967522185,18.80988311767578,0.2,0.6559000651041667,23.04609067440033
377,249.64927988,6871,2592768,350.7,211,-5.987849605083466,0.40567710995674133,0.958916962146759,2100,0.0003,0.10493068,-0.008345792941205825,4.416632652282715,0.2,0.6612548828125,24.410986359914144
379,254.13159886000005,6872,2605056,348.69,212,-5.964913102984428,0.4049772322177887,0.9527679681777954,2110,0.0003,0.09836648,-0.01608843529926768,10.211220741271973,0.2,0.6300455729166666,25.12681914170583
380,270.46946233999995,6873,2617344,368.27,213,-5.922718523939451,0.4032939374446869,0.9585033655166626,2120,0.0003,0.12194577,-0.02149384567552867,5.036452293395996,0.2,0.6410888671875,21.91081242362658
382,272.40076817,6875,2629632,359.84,214,-5.894763468702634,0.40261030197143555,0.9417460560798645,2130,0.0003,0.11107576,-0.009748787200078369,6.229525566101074,0.2,0.6558837890625,30.286072285970054
384,247.99041268000002,6877,2641920,352.58,215,-5.8884640793005625,0.4025067090988159,0.9552926421165466,2140,0.0003,0.10477545,-0.016731074891868047,8.782658576965332,0.2,0.647705078125,19.3743215829134
385,260.68476125,6878,2654208,368.04,216,-5.908900166551272,0.4038262665271759,0.9531175494194031,2150,0.0003,0.16728741,0.00361882979341317,3.871173620223999,0.2,0.71123046875,19.338085197408994
387,253.83980038,6880,2666496,359.71,217,-5.915042833487193,0.40339934825897217,0.9565349817276001,2160,0.0003,0.10113233,-0.01977624366894209,33.68217468261719,0.2,0.6260335286458333,25.47352760632833
389,276.34303862,6881,2678784,372.65,218,-5.918002742528915,0.40359485149383545,0.9575037360191345,2170,0.0003,0.11453065,-0.015952362671184044,8.725560188293457,0.2,0.649560546875,21.378256940841673
390,265.02015855,6883,2691072,355.77,219,-5.90664214293162,0.4031038284301758,0.9519868493080139,2180,0.0003,0.09643046,-0.020922406774479894,14.883160591125488,0.2,0.6153564453125,25.488456906874976
392,255.26833510000003,6883,2703360,349.95,220,-5.881535968184471,0.40171781182289124,0.9400345087051392,2190,0.0003,0.09665811,-0.022842187963154476,21.087566375732422,0.2,0.6014078776041667,36.90882339080175
394,243.72785698000004,6885,2715648,347.64,221,-5.877076014876366,0.40161749720573425,0.9551663994789124,2200,0.0003,0.1251442,-0.013165715053037274,9.635390281677246,0.2,0.6674641927083333,21.04121376375357
396,210.83082910999997,6886,2727936,300.27,222,-5.893221309781074,0.4024522304534912,0.9711082577705383,2210,0.0003,0.21195304,-0.0009774328136700206,2.5062553882598877,0.2,0.7419514973958333,8.501584918797016
397,190.99307584,6888,2740224,256.38,223,-5.874943071603775,0.4013616740703583,0.9715425372123718,2220,0.0003,0.102861226,-0.027325087526696733,7.324663162231445,0.2,0.6082438151041667,15.115837935606638
399,194.97241208999995,6889,2752512,252.4,224,-5.823450606067976,0.3992217481136322,0.962628185749054,2230,0.0003,0.09317776,-0.029101320966340914,8.326858520507812,0.2,0.5897542317708333,20.863833061854045
401,218.47691457999997,6888,2764800,282.63,225,-5.764358569184939,0.3983544409275055,0.9634191393852234,2240,0.0003,0.12037065,-0.028573307885380927,5.694016933441162,0.2,0.6249186197916666,17.78250401218732
403,251.6286881,6888,2777088,322.41,226,-5.758532158533732,0.39781174063682556,0.9634026288986206,2250,0.0003,0.10921899,-0.025659201715704207,5.160398006439209,0.2,0.6229573567708333,19.47979446152846
404,236.70518586000003,6888,2789376,313.82,227,-5.722083840767542,0.3962624967098236,0.9616101980209351,2260,0.0003,0.11058173,-0.021489622418691092,5.5272321701049805,0.2,0.6368489583333333,23.72435220281283
406,241.25062239000002,6889,2801664,327.18,228,-5.706116432944934,0.39598193764686584,0.9642822742462158,2270,0.0003,0.1323799,-0.011675265869416761,4.9310808181762695,0.2,0.6724609375,21.523534048597018
408,231.80183302,6889,2813952,332.38,229,-5.699897593259811,0.39569997787475586,0.9570453763008118,2280,0.0003,0.14765397,-0.004531878009826565,6.722524642944336,0.2,0.7067301432291667,17.38533027569453
410,250.52993296,6890,2826240,366.21,230,-5.673673495650291,0.39520692825317383,0.9566395878791809,2290,0.0003,0.091324456,-0.02475399965963637,9.51169490814209,0.2,0.6132731119791667,23.17629820505778
411,253.35266984999998,6890,2838528,374.95,231,-5.68306649227937,0.3956003487110138,0.9486770033836365,2300,0.0003,0.11091601,-0.014388611226847085,18.963808059692383,0.2,0.6491455078125,25.39727977514267
413,262.41273048000005,6889,2850816,389.74,232,-5.674455199639002,0.3950907289981842,0.9567058682441711,2310,0.0003,0.13577001,-0.016073595523630503,10.4580659866333,0.2,0.6715413411458333,19.714876423279446
415,276.15198205999997,6889,2863104,413.02,233,-5.651648582021395,0.3937009274959564,0.9437147378921509,2320,0.0003,0.085258365,-0.019545527580582225,15.63278865814209,0.2,0.6106770833333334,34.04585635662079
417,283.86270922999995,6888,2875392,428.45,234,-5.629871980349223,0.39340266585350037,0.9566993713378906,2330,0.0003,0.1437134,-0.011277166338792692,7.46095609664917,0.2,0.6852213541666666,20.67189676165581
419,286.92988724,6888,2887680,419.25,235,-5.638016211986542,0.39346933364868164,0.9568147659301758,2340,0.0003,0.12838109,-0.013819530849771885,9.348419189453125,0.2,0.6746419270833334,21.264504390954972
421,297.44692177999997,6887,2899968,437.89,236,-5.609645672639211,0.3927883803844452,0.9455143213272095,2350,0.0003,0.10539213,-0.019505868372895443,10.851014137268066,0.2,0.6285074869791667,29.16795350909233
422,266.33714449,6888,2912256,387.24,237,-5.594207368294398,0.39201879501342773,0.9482017159461975,2360,0.0003,0.119804285,-0.017449661513091998,11.72184944152832,0.2,0.6519449869791667,22.41644525031249
424,269.62463542,6888,2924544,384.38,238,-5.575923125942548,0.39124467968940735,0.955406904220581,2370,0.0003,0.11938276,-0.01750611090004289,6.987063407897949,0.2,0.6523193359375,23.844125524163246
426,271.59419968,6888,2936832,379.24,239,-5.552717794974645,0.3907647430896759,0.9544287323951721,2380,0.0003,0.10820609,-0.020447353866378155,12.383990287780762,0.2,0.6484293619791667,26.401649725437164
428,298.33358867000004,6889,2949120,401.38,240,-5.571371449033419,0.39185020327568054,0.958742618560791,2390,0.0003,0.15525316,-0.005309537198627368,3.988381862640381,0.2,0.705078125,21.05929080545902
429,286.6393038,6888,2961408,394.25,241,-5.559881194432577,0.39091381430625916,0.9419268369674683,2400,0.0003,0.08646508,-0.028237704695008383,18.927038192749023,0.2,0.5802571614583333,37.037802582979204
431,278.99349361000003,6889,2973696,373.33,242,-5.537888307372729,0.39011144638061523,0.9618622660636902,2410,0.0003,0.13525607,-0.009502489967659736,8.060884475708008,0.2,0.68759765625,19.521053993701933
433,254.69730174,6889,2985984,348.92,243,-5.529610186815262,0.38970479369163513,0.9525354504585266,2420,0.0003,0.11313059,-0.017445133199119785,7.0936479568481445,0.2,0.6481282552083333,28.82014516790708
435,260.23907278,6890,2998272,345.85,244,-5.513818809390068,0.3892635405063629,0.9636462926864624,2430,0.0003,0.14129655,-0.021311495570019663,4.307669639587402,0.2,0.6614013671875,19.01151523590088
436,284.43829566999995,6889,3010560,380.24,245,-5.4984631379445394,0.3889336585998535,0.9567449688911438,2440,0.0003,0.106782265,-0.018861317975097335,10.473675727844238,0.2,0.63291015625,25.43220018943151
438,268.08920034,6890,3022848,390.19,246,-5.491234928369522,0.3887045383453369,0.9606912732124329,2450,0.0003,0.16375005,-0.008630489169930419,5.916576862335205,0.2,0.7059814453125,17.948496329784394
440,253.693151,6890,3035136,389.87,247,-5.5431549916664755,0.38985681533813477,0.9583537578582764,2460,0.0003,0.16307284,0.00498147372272797,3.361802339553833,0.2,0.7394856770833333,12.795189920067788
442,272.9144756,6891,3047424,391.81,248,-5.547868336240451,0.3901224434375763,0.9601317644119263,2470,0.0003,0.114720464,-0.019842957763466985,9.93087387084961,0.2,0.649658203125,23.649039548635482
443,286.93058397,6891,3059712,392.83,249,-5.509782734513283,0.38855382800102234,0.947514533996582,2480,0.0003,0.08868394,-0.029952365665424925,14.72680950164795,0.2,0.5788248697916667,27.813888669013977
445,312.20464611999995,6892,3072000,405.91,250,-5.470113718509674,0.3873180150985718,0.9401504993438721,2490,0.0003,0.093061894,-0.02899543268334431,15.376276969909668,0.2,0.5936686197916666,34.073998326063155
447,323.75115066,6891,3084288,424.56,251,-5.464158138632774,0.38727203011512756,0.9640805721282959,2500,0.0003,0.14375572,-0.010882156670171146,7.259675025939941,0.2,0.6922281901041667,18.67081061601639
449,339.49800625000006,6891,3096576,446.9,252,-5.452426807085673,0.386679083108902,0.9506912231445312,2510,0.0003,0.11696398,-0.02245820074652632,9.676548957824707,0.2,0.62763671875,22.286949767669043
451,338.38473984000007,6891,3108864,452.91,253,-5.450310788551966,0.3875044286251068,0.9586163759231567,2520,0.0003,0.12818995,-0.00993904983139752,11.865134239196777,0.2,0.6779296875,22.962696329752603
452,324.28210957,6892,3121152,456.06,254,-5.519470116496086,0.391044020652771,0.9428229928016663,2530,0.0003,0.2454592,0.06875659774135177,5.571847438812256,0.2,0.8319742838541667,21.047143332163493
454,307.9405125,6892,3133440,445.68,255,-5.573072991768519,0.3908391296863556,0.9589104652404785,2540,0.0003,0.12203348,-0.017192337494634558,8.361773490905762,0.2,0.660546875,20.50220180253188
456,302.08087619,6892,3145728,451.26,256,-5.567117922504743,0.390646368265152,0.9610025882720947,2550,0.0003,0.12831382,-0.015522505897873391,5.292623519897461,0.2,0.6587320963541666,21.93405721684297
458,305.60461899999996,6893,3158016,431.23,257,-5.544147460659345,0.38979241251945496,0.9602210521697998,2560,0.0003,0.124193795,-0.020180248553515412,8.386283874511719,0.2,0.6422688802083333,19.329554081956545
459,315.47652069,6892,3170304,430.17,258,-5.525281215707461,0.38876816630363464,0.9565601348876953,2570,0.0003,0.114212625,-0.018147291674783142,7.518950939178467,0.2,0.6548990885416667,24.39484261671702
461,299.22971547000003,6890,3182592,412.46,259,-5.507802899678548,0.38853907585144043,0.9379217624664307,2580,0.0003,0.09249856,-0.026545140893237354,12.383965492248535,0.2,0.5975748697916666,34.379966801404954
463,283.76153957,6890,3194880,394.65,260,-5.496210651596387,0.3880140781402588,0.9417699575424194,2590,0.0003,0.09826112,-0.021282875918162365,25.179492950439453,0.2,0.6263753255208333,33.02052742640178
465,256.56518213999993,6889,3207168,376.19,261,-5.48067124982675,0.38730886578559875,0.9535937309265137,2600,0.0003,0.102298945,-0.021694198368156017,24.391939163208008,0.2,0.637841796875,28.65967195034027
467,241.48684221,6885,3219456,349.64,262,-5.528573881586393,0.38868144154548645,0.9487154483795166,2610,0.0003,0.16075377,0.02797609558183467,6.802221775054932,0.2,0.7690348307291667,21.91031901637713
469,257.14591723,6884,3231744,376.67,263,-5.492847449580828,0.3878365755081177,0.9469636082649231,2620,0.0003,0.11574871,-0.02632410508861843,20.61743927001953,0.2,0.6151692708333333,29.565739677349725
471,254.07368097999998,6885,3244032,364.02,264,-5.485717314481735,0.38769420981407166,0.9387012720108032,2630,0.0003,0.11680766,-0.019910577169503084,12.556974411010742,0.2,0.647412109375,27.942507340510687
473,260.80380155000006,6884,3256320,369.52,265,-5.488194768627484,0.3874911367893219,0.9527063369750977,2640,0.0003,0.14131205,-0.007583334466714101,21.594724655151367,0.2,0.6965738932291666,26.667269947131476
474,266.62131532,6884,3268608,363.46,266,-5.495815510551135,0.38786521553993225,0.9556843638420105,2650,0.0003,0.1273702,-0.013562796972595,8.252761840820312,0.2,0.6624593098958333,29.542723258336384
476,304.27037498000004,6883,3280896,398.46,267,-5.492842570940653,0.38774368166923523,0.9474398493766785,2660,0.0003,0.1202006,-0.021363909374243425,11.433691024780273,0.2,0.6401123046875,28.48827337026596
478,303.04283331,6879,3293184,409.0,268,-5.557330918312073,0.38996386528015137,0.9448861479759216,2670,0.0003,0.20458613,0.06558934373266917,6.360457420349121,0.2,0.8188232421875,21.82898568511009
480,295.96410082,6878,3305472,410.05,269,-5.544565277298291,0.3885782063007355,0.9599186778068542,2680,0.0003,0.114002764,-0.013892696840048301,7.015051364898682,0.2,0.6708984375,21.228936327497163
482,277.99205492,6877,3317760,399.82,270,-5.520742497841517,0.3877953290939331,0.9592034220695496,2690,0.0003,0.12913841,-0.010972468086401932,11.09559440612793,0.2,0.6915283203125,19.68922010163466
484,298.81509542,6874,3330048,416.71,271,-5.485261823733648,0.38674893975257874,0.9389255046844482,2700,0.0003,0.13063778,0.000979363590401287,11.09274959564209,0.2,0.7100504557291667,21.750756598512332
486,313.57207134,6873,3342336,420.23,272,-5.4607406983772915,0.3866177499294281,0.954707682132721,2710,0.0003,0.1199576,-0.02927902538018922,15.703868865966797,0.2,0.615576171875,20.994849327206612
488,313.07586713999996,6872,3354624,423.34,273,-5.476265127460162,0.3866572380065918,0.9536033868789673,2720,0.0003,0.11174568,-0.019145766975028285,14.109726905822754,0.2,0.6377115885416667,26.101118352015813
489,321.16666119,6872,3366912,433.11,274,-5.479522074262301,0.38709840178489685,0.9521831274032593,2730,0.0003,0.13632306,-0.01198812571722859,7.701282024383545,0.2,0.6929524739583334,21.897459095716478
491,297.13702913000003,6869,3379200,417.77,275,-5.475279939174652,0.3863570988178253,0.9481346607208252,2740,0.0003,0.13144605,-0.012493113581149374,11.18521499633789,0.2,0.67646484375,24.351728908220927
493,284.67892723,6868,3391488,402.13,276,-5.430387664834658,0.3845931589603424,0.9523468613624573,2750,0.0003,0.12166073,-0.025252699080253176,7.696915626525879,0.2,0.6356852213541667,23.11336479783058
495,289.87813795,6868,3403776,379.06,277,-5.405442088842392,0.3842698633670807,0.9348487854003906,2760,0.0003,0.099142335,-0.026747894043122264,18.356958389282227,0.2,0.6121744791666667,41.16817066669464
497,292.96388926000003,6868,3416064,383.34,278,-5.387561121582985,0.3836428225040436,0.9414002895355225,2770,0.0003,0.12116408,-0.02152471036485319,14.044194221496582,0.2,0.6436279296875,29.78494239052137
499,283.24296401,6867,3428352,378.43,279,-5.392241895198822,0.38390350341796875,0.9414216876029968,2780,0.0003,0.13488671,-0.013325407917727716,11.73067855834961,0.2,0.6888997395833333,28.4335262854894
500,273.60106369,6868,3440640,390.73,280,-5.396087742845217,0.3835209906101227,0.9428210854530334,2790,0.0003,0.13657176,-0.019403178865225832,20.447227478027344,0.2,0.6629313151041667,25.10216945608457
502,292.73429876,6869,3452928,410.06,281,-5.407158042987188,0.38425934314727783,0.9455273151397705,2800,0.0003,0.18876489,0.007949609383164595,8.373396873474121,0.2,0.74169921875,19.407759685317675
504,284.7108847,6870,3465216,420.68,282,-5.40432612101237,0.3845166265964508,0.9310431480407715,2810,0.0003,0.12253306,-0.008293498041651522,6.951205253601074,0.2,0.6900716145833333,24.615072029829026
506,255.71010023,6871,3477504,384.5,283,-5.4102383077144625,0.3841221332550049,0.9515103101730347,2820,0.0003,0.13842957,-0.021236923578059456,8.112686157226562,0.2,0.6729410807291667,20.13537215391795
507,245.28526226000002,6870,3489792,379.02,284,-5.417177054286003,0.38474521040916443,0.9425786137580872,2830,0.0003,0.120413445,-0.013517245456265906,12.501326560974121,0.2,0.6784098307291667,21.66161379913489
509,257.9362089,6870,3502080,378.32,285,-5.404300490021706,0.38405486941337585,0.9482621550559998,2840,0.0003,0.14364003,-0.017871949619438963,6.720754623413086,0.2,0.6875813802083334,17.103238666057585
511,271.37625592,6869,3514368,381.42,286,-5.368262016773224,0.38300421833992004,0.949341356754303,2850,0.0003,0.13664758,-0.023872072638672154,9.414663314819336,0.2,0.6517252604166667,20.635754718383154
513,304.95787483,6869,3526656,415.79,287,-5.343727457523346,0.3820759356021881,0.9425290822982788,2860,0.0003,0.1254452,-0.015912773978197948,12.094006538391113,0.2,0.6593424479166666,24.599431270360945
515,301.25810289,6871,3538944,407.89,288,-5.304913028081258,0.3807801902294159,0.938282310962677,2870,0.0003,0.11182511,-0.023112534231040628,5.50701904296875,0.2,0.6332112630208333,29.901319724321365
516,294.87863289000006,6872,3551232,406.47,289,-5.324777020017306,0.3820550739765167,0.9548317193984985,2880,0.0003,0.15811093,-0.0169634996195479,14.808833122253418,0.2,0.6792236328125,19.02545473277569
518,321.71691804,6873,3563520,424.09,290,-5.320616582036019,0.3817058801651001,0.9575888514518738,2890,0.0003,0.117908485,-0.026106902144965714,13.57021713256836,0.2,0.63232421875,26.202290215094884
520,321.41997111,6874,3575808,440.42,291,-5.323585473497709,0.38128212094306946,0.9505560994148254,2900,0.0003,0.15341254,-0.010458907892461866,10.738496780395508,0.2,0.6817464192708333,23.739094254374503
521,339.87171887999995,6876,3588096,451.27,292,-5.298042465249697,0.38061389327049255,0.9620816111564636,2910,0.0003,0.21436465,-0.0019453092303592713,5.884289741516113,0.2,0.7407389322916667,14.018882965048155
523,349.64574554,6877,3600384,464.87,293,-5.285573815306027,0.3803049623966217,0.9464828968048096,2920,0.0003,0.11564877,-0.018512780268792994,7.355924129486084,0.2,0.6483723958333333,21.784252820412316
525,327.98853,6878,3612672,437.2,294,-5.281653301914533,0.3802311420440674,0.9498639702796936,2930,0.0003,0.09006246,-0.028644195758776428,9.78628921508789,0.2,0.5979573567708333,31.617680833737055
526,309.9716258700001,6880,3624960,410.99,295,-5.271554507811865,0.37970399856567383,0.9709863066673279,2940,0.0003,0.1402273,-0.015842882261495106,3.895521640777588,0.2,0.6896809895833333,14.654884269833564
528,288.3556027899999,6880,3637248,383.93,296,-5.268931572635968,0.37966299057006836,0.956756591796875,2950,0.0003,0.11933277,-0.02087810305141223,3.9239583015441895,0.2,0.6453776041666667,20.461991331974666
530,290.02923857999997,6881,3649536,385.09,297,-5.258739678064982,0.3795284032821655,0.9478355050086975,2960,0.0003,0.102365665,-0.026312817517706814,7.567137718200684,0.2,0.6110921223958333,27.03387573758761
532,284.19070254999997,6882,3661824,390.62,298,-5.245005681117376,0.3788735866546631,0.9638400077819824,2970,0.0003,0.1453185,-0.01576138599557453,4.557736396789551,0.2,0.6908854166666667,16.09580941994985
533,312.7057795,6883,3674112,408.4,299,-5.236903395255407,0.37855640053749084,0.9600130319595337,2980,0.0003,0.127587,-0.022059083762966718,8.231860160827637,0.2,0.6620768229166667,22.030207186937332
535,285.11132991,6884,3686400,379.37,300,-5.224491493900617,0.3780589997768402,0.9501240253448486,2990,0.0003,0.100840844,-0.024107061074270558,8.444694519042969,0.2,0.6228434244791666,31.515497950712838
537,313.78632405999997,6886,3698688,397.76,301,-5.27730792760849,0.38016918301582336,0.9554336667060852,3000,0.0003,0.13992853,0.02501703662079914,16.019603729248047,0.2,0.7438557942708334,24.946186502774555
538,313.18273209000006,6886,3710976,411.71,302,-5.268371907869975,0.37956276535987854,0.9464355111122131,3010,0.0003,0.11791631,-0.026099116651069683,11.490717887878418,0.2,0.6282470703125,32.36381212274234
540,339.56533528,6887,3723264,424.59,303,-5.294468355178833,0.3809942305088043,0.9619343876838684,3020,0.0003,0.3461235,0.007093727220005046,4.967400074005127,0.2,0.7420166015625,22.562749752402304
542,346.92745843000006,6888,3735552,441.65,304,-5.310165209571521,0.3807086944580078,0.9427456259727478,3030,0.0003,0.09534999,-0.023304227439318006,14.467813491821289,0.2,0.6200358072916666,28.40800335407257
544,326.82878653,6889,3747840,421.12,305,-5.311767501632373,0.38175246119499207,0.9469735026359558,3040,0.0003,0.14338107,-0.0025308688025688754,9.103948593139648,0.2,0.7141357421875,22.89861389696598
545,267.38452072,6890,3760128,372.67,306,-5.313579092423121,0.3813250958919525,0.9557070732116699,3050,0.0003,0.13773304,-0.020595284469406276,18.808656692504883,0.2,0.6584147135416667,27.014890613158546
547,282.80134697,6891,3772416,375.02,307,-5.32415642440319,0.381502628326416,0.9646000862121582,3060,0.0003,0.13267551,-0.004428293691307772,9.27454948425293,0.2,0.6971923828125,24.362182207902272
549,303.54166080000005,6892,3784704,394.44,308,-5.315422923366229,0.38177919387817383,0.9511511325836182,3070,0.0003,0.12053891,-0.024382500059437005,17.767332077026367,0.2,0.6388264973958333,24.850114631652833
550,300.19001552,6893,3796992,392.24,309,-5.325093014041583,0.38159123063087463,0.9482864737510681,3080,0.0003,0.108861156,-0.01698492143768817,27.876192092895508,0.2,0.6477213541666667,32.86192698876063
552,287.80958283,6894,3809280,386.5,310,-5.388111599286398,0.38418444991111755,0.9681239128112793,3090,0.0003,0.2163554,0.04700483249713822,5.841108798980713,0.2,0.8010904947916667,16.87326484620571
554,278.04834737,6894,3821568,381.42,311,-5.3958961000045145,0.3839667737483978,0.9469847679138184,3100,0.0003,0.095450796,-0.023784431187959854,11.927474975585938,0.2,0.6170979817708333,35.011204890410106
556,282.6701007,6893,3833856,384.72,312,-5.4104039589564,0.38457033038139343,0.9619481563568115,3110,0.0003,0.14223008,-0.020194798534794244,6.787947177886963,0.2,0.6730143229166666,19.31149495144685
558,258.20922964,6892,3846144,353.16,313,-5.377245103319486,0.38315603137016296,0.9501221776008606,3120,0.0003,0.10880319,-0.025513049470221934,8.796899795532227,0.2,0.6365641276041667,26.18682850996653
559,228.56639664000002,6891,3858432,314.48,314,-5.337021991610527,0.38191261887550354,0.9548338055610657,3130,0.0003,0.1297489,-0.020462141765165143,6.281743049621582,0.2,0.6596923828125,24.2010193357865
561,224.65911955000004,6890,3870720,324.85,315,-5.30985129972299,0.3804450035095215,0.9668097496032715,3140,0.0003,0.18030675,-0.009019039174503026,4.90930700302124,0.2,0.7183268229166667,16.605032189687094
563,243.7416821,6889,3883008,351.17,316,-5.234082959095637,0.3788641393184662,0.9594089984893799,3150,0.0003,0.15628363,-0.00485614893696038,6.963695049285889,0.2,0.7145426432291667,18.899139085412024
565,260.03294757,6888,3895296,370.97,317,-5.192145055532455,0.3775613009929657,0.9516746997833252,3160,0.0003,0.14553308,-0.029040437158740436,11.306763648986816,0.2,0.6267496744791666,22.69849577744802
567,276.30103629000007,6888,3907584,368.26,318,-5.182695455352465,0.37707188725471497,0.9505047798156738,3170,0.0003,0.15536459,-0.01830737339235687,7.111658573150635,0.2,0.6893391927083333,20.783368623256685
568,243.16145958999996,6889,3919872,320.38,319,-5.173147859176,0.37728047370910645,0.9387892484664917,3180,0.0003,0.105273664,-0.03160720819675286,10.568943977355957,0.2,0.6161865234375,29.150358229875565
570,230.65271876999995,6888,3932160,308.15,320,-5.145288094878197,0.3759472370147705,0.9369648694992065,3190,0.0003,0.103004634,-0.0270848120029162,10.833420753479004,0.2,0.6235026041666667,31.68686011036237
572,220.69660860000005,6885,3944448,311.86,321,-5.146137507756551,0.3762376606464386,0.9509108066558838,3200,0.0003,0.14898129,-0.005702511777538651,10.6859130859375,0.2,0.7176513671875,24.82365187605222
574,265.0490249,6885,3956736,351.26,322,-5.150259880224864,0.3769056499004364,0.9456347823143005,3210,0.0003,0.12123921,-0.01540378895200168,15.086370468139648,0.2,0.6743570963541666,29.832506372531256
576,276.96330893000004,6884,3969024,352.25,323,-5.145498350262642,0.3765866756439209,0.9445586204528809,3220,0.0003,0.12198385,-0.03322809274153163,11.794483184814453,0.2,0.6281656901041667,27.10284484823545
578,278.82472645999997,6885,3981312,352.07,324,-5.186207228899002,0.3775114119052887,0.9566149711608887,3230,0.0003,0.16829604,0.0006608858908293769,9.015725135803223,0.2,0.7336588541666667,19.856599406401315
579,252.41066310999997,6886,3993600,340.76,325,-5.159554155667623,0.3766026496887207,0.9535329937934875,3240,0.0003,0.14311072,-0.017370014176898017,10.323280334472656,0.2,0.6825520833333333,19.713152123490968
581,270.60329125,6886,4005888,362.75,326,-5.09818019469579,0.3742324113845825,0.9621129631996155,3250,0.0003,0.1358222,-0.028572568107241143,6.480736255645752,0.2,0.6539306640625,18.349586378534635
583,267.99817022,6888,4018176,354.47,327,-5.037248401840528,0.3730064928531647,0.9587154984474182,3260,0.0003,0.16057502,-0.01520521899801679,12.391292572021484,0.2,0.6905110677083334,21.227573331197103
585,297.46845821,6888,4030464,381.88,328,-5.0172823448975885,0.37248852849006653,0.9552576541900635,3270,0.0003,0.12543155,-0.02558102337255453,13.838346481323242,0.2,0.6404459635416667,25.705992833773294
586,291.06380498,6888,4042752,381.49,329,-5.076516586542129,0.3744293749332428,0.9477388262748718,3280,0.0003,0.18221599,0.009271642451252168,3.500720739364624,0.2,0.7487711588541667,19.51790780921777
588,298.15716137,6886,4055040,382.42,330,-5.079718177517255,0.3743181526660919,0.952314019203186,3290,0.0003,0.11821198,-0.021566984696740597,5.8946661949157715,0.2,0.6409423828125,25.820019715030988
590,318.15054423000004,6885,4067328,407.93,331,-5.079988964398702,0.37426045536994934,0.9474040269851685,3300,0.0003,0.114605404,-0.02417142658911568,14.235340118408203,0.2,0.6541178385416667,26.716962923606236
592,326.75166340000004,6886,4079616,411.23,332,-5.080556810895602,0.37414219975471497,0.9648018479347229,3310,0.0003,0.14337443,-0.016642766199462738,9.106488227844238,0.2,0.6796305338541667,21.087508314847945
594,314.06378283000004,6886,4091904,392.22,333,-5.077558569113413,0.3734503984451294,0.9548348188400269,3320,0.0003,0.14055538,-0.01632250118709635,15.394193649291992,0.2,0.667578125,30.85430966814359
596,308.17660591,6885,4104192,387.09,334,-5.08714891175429,0.3742823600769043,0.9524033665657043,3330,0.0003,0.12190199,-0.01714222371422996,13.351446151733398,0.2,0.6677164713541667,26.439104070266087
597,310.66552629,6886,4116480,381.56,335,-5.058158634106318,0.3727095425128937,0.9463129639625549,3340,0.0003,0.14842032,-0.019277424785347344,11.477910995483398,0.2,0.6673828125,28.235662976900738
599,313.68305103,6886,4128768,383.48,336,-5.010216135780016,0.3714736998081207,0.9525105357170105,3350,0.0003,0.12695152,-0.028326031157242446,13.278436660766602,0.2,0.6375732421875,26.497860185305278
601,290.48922300999993,6886,4141056,360.87,337,-4.9826325386762615,0.3712886571884155,0.9474977850914001,3360,0.0003,0.113470845,-0.016264305339427666,11.91563892364502,0.2,0.6716227213541667,33.95214282075564
603,265.37865510999995,6885,4153344,340.08,338,-4.991221633553505,0.3705565929412842,0.960048258304596,3370,0.0003,0.16520439,-0.01859404559460624,7.270126819610596,0.2,0.6989013671875,21.420839216311773
605,249.63191590000002,6884,4165632,335.37,339,-4.962361733118693,0.3700203001499176,0.948584258556366,3380,0.0003,0.13215195,-0.020333601534366606,22.618667602539062,0.2,0.6706136067708334,29.603619954983394
606,256.99916040999994,6885,4177920,341.7,340,-5.039467689394951,0.3735014498233795,0.9698891639709473,3390,0.0003,0.26450434,0.050229115966552246,4.100388050079346,0.2,0.8208251953125,16.219186355670292
608,251.46779594000003,6885,4190208,342.11,341,-5.027676170070966,0.37209352850914,0.959650456905365,3400,0.0003,0.1261657,-0.023358488441832984,12.758430480957031,0.2,0.6557291666666667,26.445968276262285
610,264.81845247999996,6885,4202496,355.32,342,-4.992850860953331,0.37135934829711914,0.9543150663375854,3410,0.0003,0.13391013,-0.016559049627782468,7.663265705108643,0.2,0.6670735677083334,24.047215552131334
612,278.00281401,6886,4214784,379.06,343,-5.003917150696119,0.37207457423210144,0.9313462376594543,3420,0.0003,0.14752053,-0.0002668926206145746,11.37614917755127,0.2,0.7142578125,30.16348361869653
613,328.37668991,6887,4227072,431.09,344,-4.994432502985001,0.3712320029735565,0.9547528624534607,3430,0.0003,0.15705699,-0.008959910341945942,13.946595191955566,0.2,0.695947265625,19.372879511117937
615,319.96043599,6887,4239360,427.51,345,-4.965701680382093,0.37095579504966736,0.9419344663619995,3440,0.0003,0.15617864,-0.00863716714666225,10.307666778564453,0.2,0.6834309895833334,30.353375750780106
617,304.31587314,6887,4251648,403.92,346,-4.972066050767898,0.3706258237361908,0.9401556253433228,3450,0.0003,0.11442647,-0.012367743500120317,13.684087753295898,0.2,0.672802734375,29.547331921259563
618,257.31827194,6888,4263936,365.83,347,-4.953255299727122,0.3704041540622711,0.9543138742446899,3460,0.0003,0.14446649,-0.01627066170864661,13.512593269348145,0.2,0.6809733072916667,21.88992135425409
620,246.41983340000002,6888,4276224,350.92,348,-4.930416516462961,0.36973750591278076,0.954759418964386,3470,0.0003,0.17857043,-0.00905287975911051,4.8680219650268555,0.2,0.7303873697916666,16.712818708022436
622,270.20480363999997,6889,4288512,376.71,349,-4.883451683322589,0.36842653155326843,0.9511623382568359,3480,0.0003,0.13875152,-0.021769260265864433,13.003544807434082,0.2,0.6603271484375,26.983403329054514
624,286.37078056,6890,4300800,383.87,350,-4.90968567430973,0.3694574534893036,0.9615781903266907,3490,0.0003,0.19758792,0.008941659472960358,8.415657043457031,0.2,0.7531494140625,17.64336207509041
625,301.54373129,6891,4313088,386.28,351,-4.892309412360191,0.3687647581100464,0.963919997215271,3500,0.0003,0.14474909,-0.017555089083422595,7.800840854644775,0.2,0.6722493489583333,20.27425739467144
627,255.22323299000007,6892,4325376,338.66,352,-4.874559789896011,0.3678708076477051,0.934602677822113,3510,0.0003,0.10121795,-0.02329446515456463,15.144923210144043,0.2,0.6201497395833333,35.55588574608167
629,249.80851233,6893,4337664,333.26,353,-4.861437086264292,0.3677164316177368,0.9440007209777832,3520,0.0003,0.12694964,-0.023371367468886697,12.576107025146484,0.2,0.6545003255208334,30.303182019790015
630,252.475515,6894,4349952,331.45,354,-4.843394250671069,0.36752739548683167,0.9398266673088074,3530,0.0003,0.12120358,-0.016265501463203692,11.555572509765625,0.2,0.6698404947916666,34.745808650056524
632,294.6951305,6893,4362240,371.49,355,-4.850859236717224,0.3675994873046875,0.9578666687011719,3540,0.0003,0.1650321,-0.011443638940302965,6.424657821655273,0.2,0.694677734375,25.385050437847774
634,297.18711869000003,6894,4374528,374.71,356,-4.841986720760663,0.3671499788761139,0.9583112597465515,3550,0.0003,0.18447752,-0.0159182300393392,8.149566650390625,0.2,0.6867838541666667,17.07276781598727
636,295.63014323,6895,4386816,373.55,357,-4.825324216485024,0.3662281930446625,0.952488362789154,3560,0.0003,0.12032213,-0.02553304637064381,11.329310417175293,0.2,0.6325846354166667,27.315599673986434
637,270.00206217000004,6895,4399104,357.37,358,-4.786363802353541,0.36541059613227844,0.9401637315750122,3570,0.0003,0.12076471,-0.023048441405505098,8.277434349060059,0.2,0.649853515625,30.823681751887005
639,280.53205293999997,6895,4411392,379.12,359,-4.780152120192846,0.3654681444168091,0.9400302767753601,3580,0.0003,0.15435833,-0.00663224832630173,10.16484546661377,0.2,0.7148763020833333,27.381261616945267
641,305.80344213,6895,4423680,402.55,360,-4.791049899657567,0.36575019359588623,0.9437326192855835,3590,0.0003,0.15606129,-0.003278843113609279,8.22362995147705,0.2,0.7106689453125,25.056769118706384
643,301.11812778,6896,4435968,393.25,361,-4.789915351072947,0.3658139407634735,0.9392265677452087,3600,0.0003,0.14531748,-0.021100293575242783,19.510400772094727,0.2,0.6788736979166666,27.75419034063816
645,271.53452301,6894,4448256,351.64,362,-4.800611236691475,0.36614111065864563,0.9478831887245178,3610,0.0003,0.13308595,-0.013659300028909154,7.749922275543213,0.2,0.6868082682291666,29.062927015622456
647,241.14906478999998,6892,4460544,315.75,363,-4.772058319052061,0.36513301730155945,0.9522947072982788,3620,0.0003,0.14306565,-0.01551726191440442,7.357888221740723,0.2,0.6845377604166667,26.965019228061042
649,256.87542554,6890,4472832,332.89,364,-4.742550814151764,0.3643310070037842,0.943263053894043,3630,0.0003,0.14558654,-0.021233529931244752,7.068750381469727,0.2,0.6734130859375,25.39551097750664
650,281.43303842,6890,4485120,369.26,365,-4.728867890437444,0.3642241954803467,0.9540026783943176,3640,0.0003,0.12744151,-0.021796761523000897,11.255167007446289,0.2,0.6553955078125,25.886892273028693
652,314.10802414,6889,4497408,401.14,366,-4.733299726247788,0.3636687994003296,0.9532185792922974,3650,0.0003,0.15940444,-0.01116923263616627,16.303346633911133,0.2,0.7006510416666667,22.72769059340159
654,353.3648941799999,6889,4509696,458.5,367,-4.7711751699447635,0.36723971366882324,0.9410858154296875,3660,0.0003,0.33811796,0.08828491342719644,14.737236976623535,0.2,0.8606038411458333,24.245509606599807
656,351.56780184,6888,4521984,471.94,368,-4.834622623523076,0.3673188388347626,0.9340360164642334,3670,0.0003,0.14783092,-0.0011135467114703108,12.337236404418945,0.2,0.7188639322916667,22.992046000560126
658,356.17860379000007,6889,4534272,466.87,369,-4.810556721687317,0.3663051128387451,0.9427643418312073,3680,0.0003,0.11639813,-0.022261082454739758,10.010870933532715,0.2,0.6469563802083333,27.28459926644961
659,337.45961232,6890,4546560,453.95,370,-4.79316696425279,0.3660711348056793,0.9329770803451538,3690,0.0003,0.12488681,-0.023925181044614875,3.595594882965088,0.2,0.6328531901041666,28.989245879650117
661,321.37774376999994,6890,4558848,424.84,371,-4.847493836283684,0.3678232729434967,0.9427478909492493,3700,0.0003,0.16709264,0.005545203500272085,5.870935916900635,0.2,0.7422526041666667,20.87974587480227
663,294.4536972,6891,4571136,401.81,372,-4.828317182262738,0.367074579000473,0.9469078183174133,3710,0.0003,0.11380294,-0.024078210356916922,9.428287506103516,0.2,0.6306884765625,27.08658419251442
665,292.68309138999996,6891,4583424,396.8,373,-4.811739368240039,0.36674773693084717,0.9412239193916321,3720,0.0003,0.13206454,-0.02649465087548985,22.613744735717773,0.2,0.6323404947916667,30.156300868590673
666,283.00738325000003,6892,4595712,371.0,374,-4.777303292353948,0.3647782802581787,0.9559204578399658,3730,0.0003,0.16985472,-0.015414896661726137,12.101066589355469,0.2,0.7037516276041667,20.539975163340568
668,288.43662362,6892,4608000,375.19,375,-4.741090176502864,0.364375501871109,0.9470570087432861,3740,0.0003,0.124619104,-0.029402293201807577,11.669538497924805,0.2,0.6192301432291667,34.74015453060468
670,273.55042235,6893,4620288,343.6,376,-4.7197224279244745,0.36395907402038574,0.9486057162284851,3750,0.0003,0.1672917,-0.01745514796154263,9.995096206665039,0.2,0.6957600911458334,22.003973176081974
671,274.24176755,6894,4632576,346.12,377,-4.689090347290039,0.3628561794757843,0.9355654716491699,3760,0.0003,0.14573692,-0.020986958713425943,14.116765975952148,0.2,0.6663492838541667,33.73603612979253
673,264.01195796,6895,4644864,334.67,378,-4.675694945454597,0.36274948716163635,0.9423880577087402,3770,0.0003,0.14320041,-0.017063582752113386,27.592506408691406,0.2,0.6885823567708333,28.999072335163753
675,251.94580733000004,6895,4657152,321.03,379,-4.706713895996412,0.3642353117465973,0.9528640508651733,3780,0.0003,0.16235332,-0.02075496528802129,10.204588890075684,0.2,0.6908447265625,23.116107805569968
677,265.43954412000005,6895,4669440,343.36,380,-4.70397842725118,0.3629818856716156,0.9390627145767212,3790,0.0003,0.13531782,-0.024300781595229637,8.038725852966309,0.2,0.658447265625,31.541592385371526
678,271.46262054999994,6895,4681728,344.4,381,-4.701556446154912,0.3637939393520355,0.9462798833847046,3800,0.0003,0.16212033,-0.007577434010454453,11.523492813110352,0.2,0.7207682291666667,25.65680620074272
680,276.65798795000006,6895,4694016,359.95,382,-4.687984043359757,0.3631366789340973,0.9439948797225952,3810,0.0003,0.123035274,-0.024444513497292063,10.393329620361328,0.2,0.6375,32.71868854761124
682,283.7348063,6895,4706304,369.71,383,-4.6798604995012285,0.36268946528434753,0.940701425075531,3820,0.0003,0.17993717,-0.012665463654654256,27.997209548950195,0.2,0.69453125,31.687226098775863
684,278.9924452,6894,4718592,382.03,384,-4.648641483982404,0.36147987842559814,0.9619677662849426,3830,0.0003,0.21277946,-0.001033582848564644,5.7691969871521,0.2,0.7411865234375,15.474934264024098
686,282.80344174,6893,4730880,390.42,385,-4.634223997592926,0.36161014437675476,0.9439104795455933,3840,0.0003,0.14733721,-0.019206001056591048,5.371662616729736,0.2,0.672119140625,27.691774051388105
687,255.76475739,6894,4743168,363.32,386,-4.6102763692537945,0.3607719838619232,0.9422410130500793,3850,0.0003,0.13164197,-0.020792431512866947,8.800978660583496,0.2,0.6699137369791667,23.308323327700297
689,258.43602991,6895,4755456,364.85,387,-4.5922832975784935,0.36021122336387634,0.9548592567443848,3860,0.0003,0.15954213,-0.01529650432736768,6.931758403778076,0.2,0.7093505859375,20.058980016907057
691,275.2483053100001,6896,4767744,380.52,388,-4.5813340723514555,0.35998472571372986,0.9281492829322815,3870,0.0003,0.13176526,-0.020537940849802303,14.333045959472656,0.2,0.6537109375,29.415301575263342
692,262.29790593999996,6897,4780032,364.15,389,-4.589617605010669,0.36036816239356995,0.9440835118293762,3880,0.0003,0.17681892,-0.021371433204816034,8.135759353637695,0.2,0.6886474609375,22.801182913780213
694,260.04744547,6898,4792320,369.06,390,-4.623807685573896,0.361354261636734,0.9508392214775085,3890,0.0003,0.22770818,-0.0055877731036162006,4.708770751953125,0.2,0.7530598958333333,13.769200751185418
696,251.10119545999999,6899,4804608,358.43,391,-4.600008372465769,0.36057814955711365,0.9431516528129578,3900,0.0003,0.13946962,-0.0165298937271776,13.734700202941895,0.2,0.6701741536458333,25.62610458135605
697,274.19293645,6901,4816896,381.36,392,-4.57395078043143,0.3598261773586273,0.9465067982673645,3910,0.0003,0.13140346,-0.022422971212654373,5.446680068969727,0.2,0.6651123046875,24.813506424427032
699,278.64469169,6902,4829184,380.62,393,-4.589179154237112,0.3605610430240631,0.9551041126251221,3920,0.0003,0.20925944,0.004096940708889937,5.0469069480896,0.2,0.7528889973958334,17.835098762313525
701,265.80128509,6903,4841472,368.87,394,-4.602550003925959,0.3612116873264313,0.9548560976982117,3930,0.0003,0.15680064,-0.015148276272035825,5.283512592315674,0.2,0.692626953125,18.898399343093235
702,266.05893839,6904,4853760,370.9,395,-4.600249573588371,0.3607540428638458,0.9492201805114746,3940,0.0003,0.1285668,-0.020811389611723522,7.908427715301514,0.2,0.6629638671875,22.202626581986745
704,281.18890833,6905,4866048,396.3,396,-4.5916500399510065,0.3600641191005707,0.9460767507553101,3950,0.0003,0.13756713,-0.020184535276591,16.604047775268555,0.2,0.672509765625,25.80351850191752
706,275.51452672000005,6906,4878336,396.99,397,-4.617807229359944,0.3609050214290619,0.9438278079032898,3960,0.0003,0.15611179,-0.0013323076447704807,7.612707614898682,0.2,0.7364013671875,24.144751044114432
707,291.78908355000004,6907,4890624,400.92,398,-4.609742230176925,0.3607017993927002,0.9611023664474487,3970,0.0003,0.1835583,-0.009711621025538382,10.673733711242676,0.2,0.7206624348958334,19.81598734954993
709,282.37889319,6908,4902912,393.12,399,-4.5904261062542595,0.36032044887542725,0.9450690746307373,3980,0.0003,0.14956348,-0.025534022301629496,5.467976093292236,0.2,0.6692301432291666,19.907494219144187
711,288.87782362999997,6909,4915200,388.12,400,-4.581627120574315,0.3597126007080078,0.9562086462974548,3990,0.0003,0.18240727,-0.018908810919189514,6.595915794372559,0.2,0.7059163411458333,17.614873939752577
713,275.85923194000003,6910,4927488,373.28,401,-4.536644583940506,0.3585316240787506,0.9562581777572632,4000,0.0003,0.1726426,-0.018493311120255384,12.868430137634277,0.2,0.7007486979166667,19.14644176165263
714,291.23693526000005,6911,4939776,379.21,402,-4.501685207088788,0.35760095715522766,0.9513797163963318,4010,0.0003,0.14504367,-0.0256861836562166,11.915196418762207,0.2,0.6639973958333333,22.323314170042675
716,311.87234018,6912,4952064,388.34,403,-4.47622055610021,0.3569406569004059,0.9443565607070923,4020,0.0003,0.11013931,-0.02857760473464926,11.761980056762695,0.2,0.6270589192708333,31.534801695744196
718,306.16811637999996,6913,4964352,386.05,404,-4.471469822525978,0.35676059126853943,0.945343017578125,4030,0.0003,0.15419044,-0.018858547044025422,9.36844253540039,0.2,0.6821207682291667,24.93701785405477
719,285.38380557000005,6914,4976640,362.82,405,-4.482400063673655,0.3568735420703888,0.9334866404533386,4040,0.0003,0.15617971,-0.013174818910677762,10.641364097595215,0.2,0.7067789713541667,28.66513855655988
721,278.71643871,6915,4988928,362.57,406,-4.486881686250369,0.3573954105377197,0.9468842148780823,4050,0.0003,0.16313575,-0.0026166521517249444,23.984689712524414,0.2,0.7225423177083333,26.388191280762353
723,288.27862839000005,6917,5001216,381.94,407,-4.477911181251208,0.35622432827949524,0.9511967897415161,4060,0.0003,0.18007708,-0.02390982802025974,4.72428035736084,0.2,0.6908772786458334,19.12794819275538
724,281.43254212000005,6918,5013504,377.23,408,-4.467142561078072,0.35616257786750793,0.9386056661605835,4070,0.0003,0.17746443,-0.014023563839631,5.599074840545654,0.2,0.7127685546875,20.623191249370574
726,288.01795104000007,6919,5025792,382.03,409,-4.435877182086309,0.3556406497955322,0.9434499144554138,4080,0.0003,0.15369143,-0.025843878842230574,9.316108703613281,0.2,0.6490559895833333,28.716824873288473
728,312.65205903,6920,5038080,413.96,410,-4.424866876999537,0.35503265261650085,0.9423119425773621,4090,0.0003,0.12395936,-0.026448789300047792,16.983510971069336,0.2,0.6475179036458333,30.214155173301698
729,337.58967061000004,6921,5050368,432.38,411,-4.407973835865657,0.35495004057884216,0.9334824681282043,4100,0.0003,0.15913022,-0.022811540621720874,8.343973159790039,0.2,0.6776936848958334,28.05027466813723
731,330.7559134,6922,5062656,425.17,412,-4.413482352097829,0.3548813760280609,0.9448144435882568,4110,0.0003,0.18690054,-0.012132470549840946,12.038578987121582,0.2,0.7144938151041667,22.136983423431715
733,328.70507703,6923,5074944,438.94,413,-4.42863572438558,0.35499927401542664,0.9341301918029785,4120,0.0003,0.15989444,-0.0005903964415968706,10.726642608642578,0.2,0.7346842447916667,24.065251568953197
734,333.27009825,6924,5087232,444.12,414,-4.4051738530397415,0.35434582829475403,0.9424542188644409,4130,0.0003,0.18006264,-0.0034794600224510456,11.218531608581543,0.2,0.7382893880208333,26.789207603534063
736,303.51056644,6925,5099520,425.37,415,-4.382345885038376,0.3538621962070465,0.9451033473014832,4140,0.0003,0.1489001,-0.022561666017766886,12.197214126586914,0.2,0.6815266927083333,25.545685984690984
738,309.51921372,6925,5111808,436.41,416,-4.391442331671715,0.35404834151268005,0.9320920705795288,4150,0.0003,0.17563026,-0.01568493515078444,10.968720436096191,0.2,0.71240234375,20.56037193040053
739,325.83694651,6925,5124096,441.63,417,-4.456858716408411,0.3566443920135498,0.9645048975944519,4160,0.0003,0.29982528,0.03315992799083081,7.094991683959961,0.2,0.8108072916666667,15.921955099701881
741,350.28468912000005,6926,5136384,470.96,418,-4.473681967457136,0.3564189672470093,0.936809778213501,4170,0.0003,0.12794603,-0.023339149829310676,14.898383140563965,0.2,0.6713785807291667,30.434870558977128
743,344.50337702999997,6926,5148672,458.42,419,-4.45680000782013,0.35631299018859863,0.94439297914505,4180,0.0003,0.17521136,-0.02682486113529497,5.562862396240234,0.2,0.6542561848958334,20.45904430349668
745,364.10438168,6924,5160960,466.45,420,-4.430095585187276,0.3549753725528717,0.9391754269599915,4190,0.0003,0.16451928,-0.025841400696663186,15.32185173034668,0.2,0.6780029296875,22.92374566793442
747,335.40452953000005,6924,5173248,429.8,421,-4.3962044755617775,0.3545154631137848,0.9213508367538452,4200,0.0003,0.107267536,-0.031819169824787726,30.64872169494629,0.2,0.6165283203125,33.825545426209764
748,314.16426767,6924,5185536,401.98,422,-4.468017193675041,0.3565126359462738,0.9335823059082031,4210,0.0003,0.22437008,0.03665077302721329,7.841102123260498,0.2,0.7962076822916667,24.162696290016175
750,350.4991077,6923,5197824,444.67,423,-4.445195361971855,0.35570693016052246,0.9495996236801147,4220,0.0003,0.17501044,-0.024647167347332775,7.139120578765869,0.2,0.6808349609375,23.159350937604906
752,351.8555846799999,6922,5210112,449.19,424,-4.444371249278387,0.3558748960494995,0.949997067451477,4230,0.0003,0.19808795,-0.019620418360379213,6.052365779876709,0.2,0.7111490885416667,17.371533062060674
754,327.21058237,6922,5222400,428.63,425,-4.43821686009566,0.3552696406841278,0.9460940361022949,4240,0.0003,0.12647213,-0.023608958200202323,13.265388488769531,0.2,0.6610107421875,28.11603805820147
756,338.5014103000001,6922,5234688,445.67,426,-4.432777127623558,0.35523077845573425,0.9447076320648193,4250,0.0003,0.20181663,-0.02233243014391822,4.706722736358643,0.2,0.7130533854166666,19.395954210559527
757,317.63677129,6923,5246976,422.19,427,-4.417026288310686,0.3549140393733978,0.9380041360855103,4260,0.0003,0.13770616,-0.030844981400878168,17.669269561767578,0.2,0.6573974609375,28.674351541201272
759,310.68222081999994,6924,5259264,422.41,428,-4.404292334119479,0.354937881231308,0.9276204705238342,4270,0.0003,0.17922013,-0.024334488486056217,7.9342145919799805,0.2,0.6997802734375,24.796157058080038
761,317.32728992999995,6924,5271552,426.88,429,-4.410660110910734,0.3548719882965088,0.9302135109901428,4280,0.0003,0.16076851,-0.02540374260764414,7.105570316314697,0.2,0.6851399739583334,28.598761620124183
762,344.70355832,6925,5283840,448.84,430,-4.450697879989942,0.3563021421432495,0.9481542706489563,4290,0.0003,0.2587917,0.0007724380756068664,4.025002956390381,0.2,0.7601399739583333,18.754011107484498
764,339.85146797999994,6926,5296128,438.62,431,-4.43562926252683,0.3550538718700409,0.9376958012580872,4300,0.0003,0.14174378,-0.0321985835355008,12.060296058654785,0.2,0.6705403645833333,25.030519304672875
766,368.26925585000004,6926,5308416,471.25,432,-4.40900190671285,0.3546489179134369,0.945249617099762,4310,0.0003,0.19925888,-0.023763572706957347,8.656543731689453,0.2,0.705615234375,19.5980404317379
768,357.94596266,6927,5320704,452.09,433,-4.418449040253957,0.35497891902923584,0.9300253987312317,4320,0.0003,0.14285026,-0.021860983985243367,7.82733154296875,0.2,0.6859375,27.84572590192159
769,375.07721810000004,6927,5332992,465.28,434,-4.40785861214002,0.3544110357761383,0.9429797530174255,4330,0.0003,0.1454783,-0.026104338496224955,9.029208183288574,0.2,0.6706298828125,25.282915153106053
771,377.83424570999995,6927,5345280,458.17,435,-4.39094031949838,0.35441818833351135,0.9449531435966492,4340,0.0003,0.17202784,-0.022538900248279484,7.248055458068848,0.2,0.6896728515625,22.267493522167207
773,372.08539227,6927,5357568,460.82,436,-4.389077986280124,0.3538411557674408,0.9432401657104492,4350,0.0003,0.14027005,-0.021301312362872218,18.682676315307617,0.2,0.6789876302083333,29.3405392686526
775,349.33930915,6926,5369856,436.46,437,-4.4256825675566995,0.35568252205848694,0.95160311460495,4360,0.0003,0.20248258,-0.011156509104087794,6.814677715301514,0.2,0.7369466145833333,21.045547391970953
777,347.61925162000006,6924,5382144,436.94,438,-4.424920826156934,0.35469725728034973,0.9151334166526794,4370,0.0003,0.1515132,-0.025123857086873612,18.145061492919922,0.2,0.6673502604166667,36.24524420897166
779,353.56035056,6924,5394432,443.38,439,-4.373574444651604,0.3534988462924957,0.9316372871398926,4380,0.0003,0.1477663,-0.02839141688697661,8.085152626037598,0.2,0.6745198567708334,26.79931097626686
780,371.42345284000004,6925,5406720,466.78,440,-4.421028457085291,0.35497093200683594,0.9362707138061523,4390,0.0003,0.16411017,0.0010840825552198416,13.955689430236816,0.2,0.7434814453125,30.8708515783151
782,353.4812930300001,6925,5419008,442.0,441,-4.426494312286377,0.3554142713546753,0.937565803527832,4400,0.0003,0.19323337,-0.011268272788341468,4.593259811401367,0.2,0.7330810546875,19.99689672688643
784,337.79051682,6925,5431296,424.69,442,-4.436384759346644,0.3553089201450348,0.9510378241539001,4410,0.0003,0.1380644,-0.025368434589472598,12.010703086853027,0.2,0.6790690104166667,31.033690524101257
786,326.80354464,6924,5443584,416.09,443,-4.416480511426926,0.35473451018333435,0.935575544834137,4420,0.0003,0.1572956,-0.01892895846394822,9.204047203063965,0.2,0.701123046875,30.16579970320066
788,317.89965877,6922,5455872,404.6,444,-4.404941866795222,0.3543753921985626,0.9412811994552612,4430,0.0003,0.16815402,-0.018319471991465736,9.40038013458252,0.2,0.7106852213541667,29.072269598642986
789,310.75328032,6923,5468160,408.32,445,-4.407602331042289,0.3544760048389435,0.9425036907196045,4440,0.0003,0.2109154,0.012333718541776761,12.463536262512207,0.2,0.7730224609375,23.913685115178428
791,330.51020446,6923,5480448,421.45,446,-4.395805749297142,0.35376250743865967,0.9470245242118835,4450,0.0003,0.20973511,-0.023924334598511145,7.760153770446777,0.2,0.6996663411458334,18.890652584036193
793,316.91749081,6924,5492736,412.48,447,-4.375716190536817,0.3533446788787842,0.93686842918396,4460,0.0003,0.12471619,-0.025659843670534126,14.584756851196289,0.2,0.6649820963541667,31.527381946643192
794,314.59032216,6925,5505024,400.9,448,-4.376185675462087,0.3535133898258209,0.9449720978736877,4470,0.0003,0.17877157,-0.020357431477653638,6.950107574462891,0.2,0.7076497395833333,18.83231666882833
796,275.17123916,6924,5517312,369.88,449,-4.353348217407862,0.35282766819000244,0.9287152290344238,4480,0.0003,0.15159295,-0.018046782163825506,8.678682327270508,0.2,0.7000813802083333,31.766832254330318
798,296.30438474000005,6923,5529600,392.85,450,-4.355970773100853,0.35350528359413147,0.9337418675422668,4490,0.0003,0.17782545,-0.016836125282376695,6.332312107086182,0.2,0.7135579427083333,24.810473825534185
800,307.34667119,6922,5541888,407.96,451,-4.360800589124362,0.3531080186367035,0.9380580186843872,4500,0.0003,0.14837892,-0.030308811183689006,17.23485565185547,0.2,0.6645426432291667,26.935780038436253
802,318.06728977999995,6923,5554176,413.75,452,-4.370614182949066,0.3530656397342682,0.9517048597335815,4510,0.0003,0.1987497,-0.00017293945226507881,8.041397094726562,0.2,0.7478922526041667,22.755852484703063
803,315.4085772,6923,5566464,413.34,453,-4.36083032588164,0.35346201062202454,0.9297538995742798,4520,0.0003,0.15849797,-0.024896735370081538,11.537840843200684,0.2,0.6778157552083334,29.38819291591644
805,308.99523053,6924,5578752,412.33,454,-4.390178965528806,0.35425233840942383,0.9242467284202576,4530,0.0003,0.20470321,-0.011086324685796475,7.35133695602417,0.2,0.7271728515625,27.534442162513734
807,288.12042231,6923,5591040,393.47,455,-4.413465991616249,0.35477402806282043,0.9514001607894897,4540,0.0003,0.22053419,-0.005363524241450553,11.729512214660645,0.2,0.7519449869791667,18.269606605172157
809,286.94259664000003,6923,5603328,394.05,456,-4.419030460715294,0.3541090786457062,0.9484776854515076,4550,0.0003,0.1976081,-0.015354345249943436,4.926976203918457,0.2,0.7269287109375,19.425290284554162
811,297.58569436,6921,5615616,388.27,457,-4.396404430270195,0.35387325286865234,0.9394515752792358,4560,0.0003,0.12742823,-0.028728221232692402,8.38041877746582,0.2,0.6581949869791667,27.485398421684902
813,319.8655341400001,6920,5627904,414.08,458,-4.37987123032411,0.35351303219795227,0.9277551174163818,4570,0.0003,0.14049946,-0.03209688724988761,10.740135192871094,0.2,0.6525716145833333,32.222990947961804
814,329.36289107000005,6920,5640192,423.11,459,-4.378590573867162,0.3527686893939972,0.9285802841186523,4580,0.0003,0.20372681,-0.00044368917394119005,9.811063766479492,0.2,0.7498697916666667,22.257215761144955
816,342.40260112,6921,5652480,442.76,460,-4.328483863671621,0.35154542326927185,0.9309062361717224,4590,0.0003,0.12628664,-0.03308881987080289,7.562326908111572,0.2,0.644140625,27.738857543468477
1692,348.53910934,3347,5664768,451.26,461,-4.337091380357743,0.35199642181396484,0.9314143657684326,4600,0.0003,0.16742116,-0.02048795139514065,12.279866218566895,0.2,0.6968994140625,25.485633939504623
1709,343.50335700000005,3321,5677056,433.44,462,-4.328152341643969,0.3516925573348999,0.9358887672424316,4610,0.0003,0.19067584,-0.026592706142885923,14.075698852539062,0.2,0.7010416666666667,24.117225793997445
1719,329.76789863,3309,5689344,421.67,463,-4.323853326837222,0.350966215133667,0.9272072315216064,4620,0.0003,0.15734307,-0.010294132683581363,11.293412208557129,0.2,0.7143961588541666,32.14939419825872
1726,331.83454272,3302,5701632,427.43,464,-4.3070662210385,0.3508646786212921,0.9395025372505188,4630,0.0003,0.19577204,-0.008499981716643864,9.324731826782227,0.2,0.73701171875,21.71788859566053
1733,311.78096977999996,3296,5713920,394.94,465,-4.27877362370491,0.35009297728538513,0.9302330017089844,4640,0.0003,0.18313324,-0.010639486093229305,7.741429328918457,0.2,0.7272867838541667,27.44615056316058
1736,309.67712663,3297,5726208,399.19,466,-4.230226435263952,0.34880122542381287,0.9419906139373779,4650,0.0003,0.1590578,-0.027911110051597156,15.371753692626953,0.2,0.6666178385416667,30.134498518705367
2203,319.6617850200001,2604,5738496,395.22,467,-4.201378298799197,0.34764590859413147,0.9395045042037964,4660,0.0003,0.14921743,-0.020056159992236644,16.282869338989258,0.2,0.7037109375,27.41325751741727
2205,333.81272739,2607,5750784,417.53,468,-4.17664455473423,0.3472992181777954,0.925908625125885,4670,0.0003,0.16062051,-0.021809897256510644,7.685877323150635,0.2,0.6995442708333334,29.27647140622139
2207,330.45798439,2610,5763072,416.78,469,-4.168385047713915,0.3464523255825043,0.9275171756744385,4680,0.0003,0.18120126,-0.02007792893758354,25.299034118652344,0.2,0.719384765625,31.305852570136388
2209,362.74017208000004,2613,5775360,445.23,470,-4.13783890803655,0.3453828990459442,0.930893063545227,4690,0.0003,0.16701956,-0.02384676066770529,6.71128511428833,0.2,0.6954020182291667,25.783900064229964
2211,349.71486221,2617,5787648,438.33,471,-4.1821300456921255,0.34937921166419983,0.9493168592453003,4700,0.0003,0.38269386,0.09745992608853461,7.398184299468994,0.2,0.8660400390625,19.757018046577773
2213,340.20665510000003,2620,5799936,418.17,472,-4.231125580271085,0.3481484353542328,0.9421481490135193,4710,0.0003,0.13543522,-0.03175871501346895,17.325807571411133,0.2,0.6535481770833333,26.42322161992391
2214,331.71379601999996,2624,5812224,406.17,473,-4.195832149187724,0.34740424156188965,0.9347525238990784,4720,0.0003,0.13532656,-0.03306026082039656,16.333345413208008,0.2,0.6523274739583333,31.531512087583543
2216,328.87114663,2627,5824512,408.47,474,-4.20170580347379,0.34767547249794006,0.9485584497451782,4730,0.0003,0.19237137,-0.015450855869372997,6.718829154968262,0.2,0.7226888020833333,21.389674747983616
2219,343.02110587000004,2630,5836800,422.44,475,-4.213518128792445,0.3475933074951172,0.9375284314155579,4740,0.0003,0.17883436,-0.010216477214513967,11.141989707946777,0.2,0.7253824869791666,21.805578804016115
2221,354.0077026999999,2632,5849088,439.31,476,-4.217776838938395,0.34806180000305176,0.9316096305847168,4750,0.0003,0.14515117,-0.020652653584450793,12.252111434936523,0.2,0.7028564453125,28.38157853682836
2224,336.91551685999997,2634,5861376,420.83,477,-4.207527607679367,0.3473109006881714,0.9388461709022522,4760,0.0003,0.13525428,-0.02675029396292909,14.917570114135742,0.2,0.6699462890625,29.422739708423613
2227,307.37579559,2637,5873664,390.22,478,-4.1704416890939076,0.3463265895843506,0.9305113554000854,4770,0.0003,0.14993808,-0.029195337739656678,5.668417930603027,0.2,0.6789632161458333,30.62456079920133
2229,315.3199126100001,2639,5885952,395.69,479,-4.15340183476607,0.3460160195827484,0.9449383020401001,4780,0.0003,0.18149824,-0.02470924192360447,7.455323219299316,0.2,0.7053548177083333,23.894316194454827
2232,301.28328152,2641,5898240,375.18,480,-4.154548188050588,0.3460051119327545,0.9530017375946045,4790,0.0003,0.17297228,-0.01671834094740916,7.372328281402588,0.2,0.717578125,22.305088158448537
2235,305.57184839999996,2644,5910528,379.84,481,-4.110387106736501,0.34464165568351746,0.9350863695144653,4800,0.0003,0.1664983,-0.02830831554213849,15.222831726074219,0.2,0.6787679036458333,29.76748100320498
2237,323.32922046,2647,5922816,394.13,482,-4.124165918429693,0.3453458547592163,0.9425898194313049,4810,0.0003,0.16374396,-0.008890309978354102,23.2548885345459,0.2,0.7330810546875,32.88864666422208
2239,332.84037169,2649,5935104,412.02,483,-4.1086175282796225,0.3450404107570648,0.9204950332641602,4820,0.0003,0.17413084,-0.018851561834162568,28.7817440032959,0.2,0.7081705729166666,34.322130517164865
2242,345.56903767000006,2652,5947392,437.42,484,-4.095770356059075,0.3443862497806549,0.9395147562026978,4830,0.0003,0.21749938,-0.01102964262633274,11.185973167419434,0.2,0.7346842447916667,25.648788858453432
2244,340.31215477999996,2654,5959680,443.83,485,-4.197318508227666,0.34989964962005615,0.9480867981910706,4840,0.0003,0.73330516,0.1250135677003224,4.0183868408203125,0.2,0.9036539713541667,16.64036802748839
2247,351.51756279,2657,5971968,467.26,486,-4.260642054677009,0.34911417961120605,0.9524680972099304,4850,0.0003,0.17826867,-0.02292124719970161,14.818260192871094,0.2,0.6845784505208333,23.706014348069825
2249,336.0153730900001,2660,5984256,460.31,487,-4.293538846572241,0.3507634103298187,0.935120701789856,4860,0.0003,0.22776894,0.02386642945445298,6.374889373779297,0.2,0.7990234375,18.456105679273605
2252,336.507526,2662,5996544,457.92,488,-4.291842902700107,0.35012900829315186,0.9461982250213623,4870,0.0003,0.14427167,-0.02955136037489865,10.014100074768066,0.2,0.6590413411458333,22.15418426990509
2254,309.13141682,2665,6008832,435.63,489,-4.281530862053235,0.3495009243488312,0.9215754866600037,4880,0.0003,0.17382239,-0.019009217911904366,6.750070095062256,0.2,0.6841796875,26.33241770664851
2257,337.12499139,2667,6021120,456.11,490,-4.252342456579209,0.3486136496067047,0.9226289391517639,4890,0.0003,0.12044433,-0.027454038545450508,23.99108123779297,0.2,0.6582275390625,38.50572187701861
2259,342.57346252,2670,6033408,462.0,491,-4.2282718171676,0.34789183735847473,0.9320275187492371,4900,0.0003,0.1991185,-0.009189294151534947,9.156771659851074,0.2,0.7269124348958333,26.761702158053716
2262,355.36789071999993,2672,6045696,465.52,492,-4.219155415892601,0.3479800224304199,0.9293540120124817,4910,0.0003,0.19300532,-0.017633268977321374,12.546673774719238,0.2,0.7128743489583333,24.774646804730097
2264,370.9330109400001,2674,6057984,479.97,493,-4.222285582621892,0.3477511405944824,0.9277303218841553,4920,0.0003,0.15294242,-0.025424053692646945,20.20241355895996,0.2,0.6867350260416667,30.416923262675603
2267,374.4738168400001,2676,6070272,485.48,494,-4.238966021935145,0.34878119826316833,0.9227506518363953,4930,0.0003,0.22626238,0.02068683784455061,10.140364646911621,0.2,0.7799235026041667,25.743503854672113
2270,380.56012441000007,2679,6082560,487.25,495,-4.250773201386134,0.3491407632827759,0.9462401270866394,4940,0.0003,0.24676387,0.02084527069479615,3.0044498443603516,0.2,0.791748046875,17.07859131594499
2272,370.19000952000005,2681,6094848,488.77,496,-4.283324920137724,0.34949585795402527,0.9487124681472778,4950,0.0003,0.14715004,-0.023184859971418822,8.153362274169922,0.2,0.6828369140625,20.898620477318765
2275,362.56607590000004,2684,6107136,482.12,497,-4.334234493970871,0.35102275013923645,0.9544835090637207,4960,0.0003,0.27250394,0.03804778491467005,3.88385272026062,0.2,0.8150960286458333,13.182654810945193
2277,337.9602286,2686,6119424,452.98,498,-4.306167130668958,0.349374383687973,0.9436853528022766,4970,0.0003,0.12686767,-0.026749275709153152,5.972433090209961,0.2,0.6512369791666667,27.35248759786288
2280,343.22355518000006,2689,6131712,460.09,499,-4.272808379928271,0.3486897945404053,0.9391661286354065,4980,0.0003,0.12701635,-0.03077016958462385,16.529239654541016,0.2,0.6358235677083334,29.048851108551027
2282,369.97713109000006,2691,6144000,482.2,500,-4.2547170261542,0.3480447828769684,0.951481282711029,4990,0.0003,0.22261102,0.0020649005484301595,2.9981181621551514,0.2,0.7621256510416666,15.832015801469485
2285,397.4944118800002,2694,6156288,506.0,501,-4.236870273947716,0.34772929549217224,0.949855387210846,5000,0.0003,0.1851058,-0.003310005149493615,5.78275203704834,0.2,0.7393798828125,19.378258101145427
2287,427.7231254000001,2696,6168576,538.46,502,-4.221220578749975,0.3475897014141083,0.9326634407043457,5010,0.0003,0.16274367,-0.029347948807602126,9.25821590423584,0.2,0.6563557942708333,23.95097533762455
2289,437.52346959999994,2699,6180864,545.08,503,-4.231761748592059,0.34726682305336,0.9408825039863586,5020,0.0003,0.15730397,-0.025479359285479102,11.632611274719238,0.2,0.6741536458333334,25.32326330244541
2292,412.59248661,2701,6193152,519.0,504,-4.204974983135859,0.3465594947338104,0.9310722351074219,5030,0.0003,0.14110059,-0.025298269358851638,14.218782424926758,0.2,0.6699462890625,28.84775205651919
2294,352.21635699,2704,6205440,457.69,505,-4.201217859983444,0.34677258133888245,0.9306232929229736,5040,0.0003,0.18424003,0.0009494561580747056,12.994718551635742,0.2,0.7480631510416667,24.537089229623476
2297,330.83424833000004,2706,6217728,437.5,506,-4.19916307926178,0.3465440571308136,0.9398999810218811,5050,0.0003,0.17433983,-0.010345727241171214,14.130049705505371,0.2,0.7260904947916667,22.65505328377088
2299,345.71911007,2709,6230016,455.63,507,-4.1880852023760475,0.34582647681236267,0.9308863282203674,5060,0.0003,0.16154422,-0.01736129412893206,11.96103286743164,0.2,0.7003336588541667,28.199947859843572
2301,354.64645012999995,2711,6242304,467.9,508,-4.189849166075389,0.34666526317596436,0.9447402358055115,5070,0.0003,0.20392597,-0.015927778541420898,4.666878700256348,0.2,0.7186686197916666,17.486584879954655
2304,368.99631767000005,2714,6254592,472.27,509,-4.209277501702308,0.3471732437610626,0.9456806182861328,5080,0.0003,0.19778074,-0.020449626488940945,7.766164779663086,0.2,0.7063232421875,23.14120983382066
2306,349.6986258499999,2716,6266880,457.59,510,-4.211210946242015,0.34683141112327576,0.9418163299560547,5090,0.0003,0.16150256,-0.010786337137687951,9.729676246643066,0.2,0.7129720052083334,29.760944201548895
2309,375.73249795,2719,6279168,471.16,511,-4.182834338148435,0.3455638587474823,0.9362645149230957,5100,0.0003,0.1548727,-0.013170447185984813,19.07170867919922,0.2,0.7128987630208333,29.216297988096873
2311,358.67908086000006,2721,6291456,450.82,512,-4.160581290721893,0.3455103635787964,0.9215230941772461,5110,0.0003,0.18569191,-0.026019692568418882,6.009311199188232,0.2,0.6977213541666667,22.03024798631668
2313,390.05778001000004,2724,6303744,484.38,513,-4.145207404096921,0.3445616662502289,0.9178338646888733,5120,0.0003,0.1458079,-0.021010741059823583,17.588871002197266,0.2,0.6889404296875,36.14116076429685
2316,374.69000213,2726,6316032,460.52,514,-4.153432439764341,0.3454022705554962,0.9381290674209595,5130,0.0003,0.19150321,0.0005078409895456086,10.88371467590332,0.2,0.7480224609375,28.116699481010436
2318,346.80739801999994,2729,6328320,448.73,515,-4.163409159580866,0.345477819442749,0.9155870079994202,5140,0.0003,0.15875162,-0.017718861258375303,15.630424499511719,0.2,0.6978271484375,39.34369699756304
2320,350.12907781,2731,6340608,459.29,516,-4.215302957097689,0.3499610722064972,0.9415143132209778,5150,0.0003,0.8347151,0.15241869964520446,5.324439525604248,0.2,0.91533203125,20.772980746626853
2323,337.17766675000007,2734,6352896,460.34,517,-4.289685572187106,0.3485076427459717,0.9076327681541443,5160,0.0003,0.18060379,-0.0165951617944908,5.055936336517334,0.2,0.708984375,26.20711642106374
2325,367.1470916400001,2737,6365184,502.62,518,-4.278845852613449,0.34890803694725037,0.9360388517379761,5170,0.0003,0.21266063,-0.02048822154465597,12.351250648498535,0.2,0.7205647786458333,22.52974173029264
2327,372.74221554,2739,6377472,515.4,519,-4.2675589154164,0.348254531621933,0.9431775212287903,5180,0.0003,0.23077326,-0.00455428332691857,6.7674970626831055,0.2,0.7575927734375,17.63192398051421
2330,375.37781477000004,2742,6389760,524.78,520,-4.2502094139655435,0.3476771414279938,0.9555079340934753,5190,0.0003,0.20550561,-0.020756830949297485,5.568925380706787,0.2,0.717431640625,14.69302645723025
2332,401.51137085999994,2744,6402048,530.39,521,-4.251115095615387,0.3473150432109833,0.9319376945495605,5200,0.0003,0.17925833,-0.02419365681319808,6.713656902313232,0.2,0.6854736328125,20.593714859088262
2335,404.5307182700001,2747,6414336,543.96,522,-4.233453373114268,0.3471446931362152,0.9398274421691895,5210,0.0003,0.15990046,-0.0264318836358143,10.360480308532715,0.2,0.6735107421875,17.90899479786555
2337,405.68212452,2749,6426624,539.95,523,-4.226913917064667,0.346869558095932,0.9334326386451721,5220,0.0003,0.19585638,-0.018626632327989986,11.212821960449219,0.2,0.7100016276041666,19.73607716858387
2339,407.4510302899999,2751,6438912,539.7,524,-4.2578885863224665,0.34885072708129883,0.9425220489501953,5230,0.0003,0.27101448,0.033325114676942276,3.200263261795044,0.2,0.800341796875,15.997478046019872
2342,357.9068602499999,2754,6451200,497.38,525,-4.270534495512645,0.3482383191585541,0.9452688694000244,5240,0.0003,0.1536452,-0.027302084564386556,4.6692399978637695,0.2,0.6669596354166667,16.28922077616056
2346,345.58847468999994,2754,6463488,476.28,526,-4.244910633563995,0.3474702537059784,0.9504623413085938,5250,0.0003,0.1915644,-0.021881807661945155,4.743788719177246,0.2,0.6964192708333333,19.89952312906583
2348,326.63397842,2756,6475776,448.32,527,-4.225189652045568,0.3468947410583496,0.9301797747612,5260,0.0003,0.1464862,-0.02261308899226909,9.108057022094727,0.2,0.6869710286458334,30.6060251057148
2351,354.08520552000004,2758,6488064,464.15,528,-4.191480073332786,0.34549033641815186,0.93930983543396,5270,0.0003,0.13626939,-0.036144820102587495,8.1394681930542,0.2,0.6380940755208333,28.829280050595603
2354,369.6609192199999,2760,6500352,479.57,529,-4.170020608107249,0.3455716669559479,0.9509347081184387,5280,0.0003,0.23488693,-0.02031003777810838,10.246315002441406,0.2,0.7274820963541667,17.756383491555848
2356,391.07832364,2763,6512640,489.6,530,-4.169862523674965,0.3452429473400116,0.922380805015564,5290,0.0003,0.16989593,-0.016314926461685295,13.729976654052734,0.2,0.7096354166666666,27.372487020492553
2359,398.43142998,2765,6524928,503.8,531,-4.140750119090081,0.3440704345703125,0.9343127012252808,5300,0.0003,0.14728008,-0.030086631088245972,10.396702766418457,0.2,0.6481852213541667,27.577257206042606
2362,374.70706357999995,2767,6537216,472.13,532,-4.136377841234207,0.3439368009567261,0.96284019947052,5310,0.0003,0.24914473,-0.008118033743812703,4.620948314666748,0.2,0.7578776041666667,12.694235642751059
2364,377.9011391099999,2769,6549504,473.46,533,-4.121365157763163,0.3439292013645172,0.9285920858383179,5320,0.0003,0.1318479,-0.02913977782445727,9.543116569519043,0.2,0.65771484375,35.95815042853356
2367,380.99383919,2772,6561792,466.15,534,-4.106720253825188,0.34329691529273987,0.9446622729301453,5330,0.0003,0.18628062,-0.004341246545664035,5.854002475738525,0.2,0.7359456380208333,21.038274842500687
2369,386.4131912300001,2774,6574080,475.68,535,-4.075984917084376,0.3424622118473053,0.9198679327964783,5340,0.0003,0.10890496,-0.02599750195319454,12.273235321044922,0.2,0.6440185546875,41.31254714727402
2371,372.2537734,2776,6586368,470.19,536,-4.078782405455907,0.34281930327415466,0.953676700592041,5350,0.0003,0.2261465,-0.006875296935807758,4.076056480407715,0.2,0.7416259765625,19.179508298635483
2374,347.08214248,2779,6598656,452.16,537,-4.044322796662649,0.3414674699306488,0.9380701780319214,5360,0.0003,0.1711828,-0.02744610553684955,6.389777183532715,0.2,0.6746744791666667,25.21393612821897
2376,360.30572118,2781,6610944,464.42,538,-4.031039529045423,0.34166762232780457,0.9387626051902771,5370,0.0003,0.23877706,-0.006465912021424932,9.587285995483398,0.2,0.7508382161458333,24.218660565217338
2379,371.91634587999994,2783,6623232,474.04,539,-4.016871368388335,0.34054985642433167,0.9353587031364441,5380,0.0003,0.17633422,-0.010586819639623475,10.199512481689453,0.2,0.7135660807291667,29.918931104739507
2382,401.29260680999994,2785,6635520,505.98,540,-3.97181337227424,0.3397305905818939,0.9499372243881226,5390,0.0003,0.2774544,-0.009037335851462557,12.149161338806152,0.2,0.7413248697916667,19.07543854912122
2385,413.25050126,2786,6647808,515.71,541,-3.963505744934082,0.33906614780426025,0.9312220215797424,5400,0.0003,0.14801787,-0.017674621292583955,21.46636390686035,0.2,0.6988932291666666,26.13018591403961
2388,410.81830432999993,2788,6660096,505.54,542,-3.9422078251838686,0.33873724937438965,0.9397105574607849,5410,0.0003,0.18541217,-0.025038049356468643,6.5951313972473145,0.2,0.6964518229166666,23.707601177692414
2391,358.85997692999996,2790,6672384,445.13,543,-3.9398477281133335,0.33803701400756836,0.9433103799819946,5420,0.0003,0.15838414,-0.02574459073948674,11.450445175170898,0.2,0.6852701822916667,27.924860032399497
2393,366.34934914999997,2792,6684672,445.46,544,-3.9204168394207954,0.33805808424949646,0.9458019137382507,5430,0.0003,0.1993991,0.004009900806704536,6.694815635681152,0.2,0.7552734375,25.137785759568214
2395,329.76884137,2795,6696960,428.26,545,-3.909240378936132,0.3377362787723541,0.9400969743728638,5440,0.0003,0.19391966,-0.01705274299213973,8.304360389709473,0.2,0.7237141927083334,25.21145608027776
2398,357.27780674,2797,6709248,455.95,546,-3.9159388159712156,0.33751142024993896,0.9431109428405762,5450,0.0003,0.21311052,-0.013673523132456466,6.239150047302246,0.2,0.7294026692708333,21.56210699280103
2400,390.46970590999996,2800,6721536,498.61,547,-3.910528699060281,0.337615966796875,0.933243989944458,5460,0.0003,0.21628654,-0.009063954050361644,11.460753440856934,0.2,0.7431966145833333,18.75899892648061
2402,419.69227031,2802,6733824,529.27,548,-3.8963439305623373,0.3375498354434967,0.9526663422584534,5470,0.0003,0.22929996,0.0034157623401066908,8.047714233398438,0.2,0.75380859375,19.795994919538497
2405,411.25867511999996,2804,6746112,530.25,549,-3.9073723499973614,0.3376734256744385,0.9519588351249695,5480,0.0003,0.22126214,-0.005671272551990114,6.8437581062316895,0.2,0.7462239583333333,13.878698664903641
2407,375.92234942000005,2806,6758400,486.71,550,-3.904350989063581,0.33757081627845764,0.9336526393890381,5490,0.0003,0.14591911,-0.028043645412738745,6.21614933013916,0.2,0.6726969401041667,23.482303768396378
2410,362.05267296,2808,6770688,465.55,551,-3.90344481865565,0.337518572807312,0.9448375105857849,5500,0.0003,0.18072326,0.0075535782586181694,15.176347732543945,0.2,0.75419921875,24.50397810836633
2413,345.9984239600001,2810,6782976,449.09,552,-3.8877897401650747,0.3365623950958252,0.9326940774917603,5510,0.0003,0.15417285,-0.02369164479969186,6.807249546051025,0.2,0.680615234375,27.833666743834815
2415,358.05224745999993,2812,6795264,459.38,553,-3.8580162664254507,0.3362254202365875,0.93837571144104,5520,0.0003,0.18260638,-0.010449388629058375,11.177517890930176,0.2,0.728125,27.591812988122303
2418,363.43389191,2814,6807552,463.01,554,-3.8368914609154063,0.3354901075363159,0.9507756233215332,5530,0.0003,0.16285984,-0.017189870003494433,6.861536979675293,0.2,0.6999104817708334,22.818764179944992
2421,357.34063901,2816,6819840,452.31,555,-3.916544413069884,0.34148362278938293,0.9566885232925415,5540,0.0003,0.8668758,0.14727665668275827,9.450026512145996,0.2,0.9053141276041666,21.539023796717327
2423,334.0010084,2819,6832128,426.53,556,-4.0102210213740666,0.3404702842235565,0.9382840394973755,5550,0.0003,0.11690465,-0.03461841472017113,8.891098022460938,0.2,0.6212483723958333,30.915424720446268
2425,354.9495722,2821,6844416,453.37,557,-3.993435031672319,0.3402763605117798,0.9325429201126099,5560,0.0003,0.15300094,-0.03140801812987774,16.2636775970459,0.2,0.651220703125,32.31981812516848
2428,312.9253495,2823,6856704,425.15,558,-3.987314390639464,0.34016111493110657,0.9346769452095032,5570,0.0003,0.15896589,-0.02041214247486399,23.61174774169922,0.2,0.6949788411458333,32.76224889159202
2430,344.48519983,2826,6868992,454.59,559,-3.988502799967925,0.3399881422519684,0.9310085773468018,5580,0.0003,0.16825855,-0.021887669935434437,8.160539627075195,0.2,0.6854166666666667,29.893108240763347
2432,344.86358686,2828,6881280,443.47,560,-3.965674037237962,0.33948394656181335,0.9594153165817261,5590,0.0003,0.2044254,-0.013833854636565472,5.385218143463135,0.2,0.7256510416666667,22.61737834016482
2434,322.57057581000004,2831,6893568,417.54,561,-3.95152966628472,0.3386606276035309,0.938016951084137,5600,0.0003,0.17199934,-0.025789800491475036,13.535168647766113,0.2,0.6821614583333333,31.20415012439092
2437,314.21647817999997,2833,6905856,403.35,562,-3.964621044198672,0.33925187587738037,0.9356147050857544,5610,0.0003,0.18574893,-0.016960743190914705,16.02921485900879,0.2,0.7238444010416667,28.832101325194042
2439,313.39399831000003,2835,6918144,406.89,563,-3.9775726522008577,0.3394841253757477,0.9496306777000427,5620,0.0003,0.2212838,-0.011197876632892682,7.011101722717285,0.2,0.7391520182291667,19.52070091267427
2441,307.86119379,2838,6930432,405.8,564,-3.949124348163605,0.33937665820121765,0.9377394914627075,5630,0.0003,0.1744823,-0.022592585819074883,12.465272903442383,0.2,0.7089192708333333,24.698666512966156
2444,350.24734087,2840,6942720,439.77,565,-3.9623604635397593,0.33950063586235046,0.9425047039985657,5640,0.0003,0.19009411,-0.021241786787868477,6.8945794105529785,0.2,0.7142415364583333,24.512626127401987
2446,352.39311580000003,2842,6955008,433.82,566,-3.945121981203556,0.3384021818637848,0.9328379034996033,5650,0.0003,0.1599134,-0.026335054198474,10.827600479125977,0.2,0.6770426432291666,29.908133099476498
2449,356.8177696800001,2844,6967296,440.98,567,-3.9313357959191007,0.3381490409374237,0.9459843635559082,5660,0.0003,0.17619412,-0.029976479777057346,10.98914909362793,0.2,0.6874186197916666,24.08616115649541
2451,370.10205848,2847,6979584,450.64,568,-3.922710125645002,0.3383437395095825,0.9421573877334595,5670,0.0003,0.18859462,-0.0125510169697615,7.323879241943359,0.2,0.7339518229166667,27.251090741157533
2454,360.6928032899999,2849,6991872,455.82,569,-3.9500385334094363,0.3390442132949829,0.9548482298851013,5680,0.0003,0.25669113,0.007055655492392058,4.757076263427734,0.2,0.768896484375,17.770784446597098
2456,368.18919086999995,2851,7004160,463.85,570,-3.913285973171393,0.33840808272361755,0.93045574426651,5690,0.0003,0.18230933,-0.020437893984490075,8.786181449890137,0.2,0.6996744791666667,29.861576314767202
2459,384.77000336,2853,7016448,471.56,571,-3.9513913785417873,0.3394778072834015,0.937225341796875,5700,0.0003,0.20849459,0.019355326312749336,6.146510124206543,0.2,0.7771402994791666,33.19907262921333
2461,348.75381993,2855,7028736,442.79,572,-3.9273109033703806,0.33842015266418457,0.9368088841438293,5710,0.0003,0.17945057,-0.016463438911402287,9.88105297088623,0.2,0.7099446614583333,32.870595039923984
2464,337.25371233,2857,7041024,435.88,573,-3.9320542717973392,0.33828333020210266,0.9225878119468689,5720,0.0003,0.2043525,-0.018965111708530456,4.586517333984375,0.2,0.7197916666666667,28.150811606645583
2466,328.27750083000006,2859,7053312,417.02,574,-3.8968857268492383,0.33798739314079285,0.9367145895957947,5730,0.0003,0.20318489,-0.010784437436571655,5.518799781799316,0.2,0.7462565104166666,25.497497415542604
2469,341.47569866000003,2861,7065600,429.2,575,-3.908311506609122,0.33817005157470703,0.9375847578048706,5740,0.0003,0.17064936,-0.013394140739304323,14.891520500183105,0.2,0.7197428385416667,28.340521097183228
2471,338.99051870000005,2863,7077888,413.09,576,-3.895165595412254,0.3375621736049652,0.9335808753967285,5750,0.0003,0.18910056,-0.019883877056417986,8.703012466430664,0.2,0.7085123697916667,29.58317748506864
2473,344.96491327,2866,7090176,425.05,577,-3.869566417237123,0.33679667115211487,0.9364292025566101,5760,0.0003,0.17034571,-0.019906266603114394,7.915024280548096,0.2,0.7017985026041667,27.000066047906877
2476,375.40086663,2868,7102464,463.24,578,-3.863065163294474,0.33673930168151855,0.9560732841491699,5770,0.0003,0.29054418,-0.0035899477690691127,6.03346586227417,0.2,0.771337890625,16.05145492355029
2478,340.27003433000004,2870,7114752,427.74,579,-3.86855012178421,0.3370712101459503,0.9247235059738159,5780,0.0003,0.14455564,-0.021655631562074024,10.849485397338867,0.2,0.6892903645833334,32.01690324942271
2481,362.28810824,2872,7127040,458.45,580,-3.8785450105865795,0.33702996373176575,0.9119551777839661,5790,0.0003,0.17516547,-0.013292762670122709,10.14134693145752,0.2,0.7244303385416667,32.308722613255185
2483,361.20191108,2874,7139328,460.93,581,-3.860349842905998,0.33645692467689514,0.9417174458503723,5800,0.0003,0.18638577,-0.024146800998520727,9.39419174194336,0.2,0.7048421223958333,24.87679933508237
2486,357.7849867,2876,7151616,455.16,582,-3.860247229039669,0.336463063955307,0.9444645643234253,5810,0.0003,0.21962094,-0.014755792387101488,8.659648895263672,0.2,0.7380859375,20.432927309473357
2488,353.6589400199999,2878,7163904,450.57,583,-3.840346215168635,0.3358423411846161,0.9456037878990173,5820,0.0003,0.15500434,-0.022848190438041153,7.142298698425293,0.2,0.6949625651041667,27.85969876050949
2490,330.93615955,2880,7176192,432.63,584,-3.8336998492479326,0.3360258638858795,0.9315894246101379,5830,0.0003,0.17881262,-0.008193649719275223,7.062696933746338,0.2,0.7360514322916667,26.014236211776733
2493,323.77554596,2883,7188480,424.02,585,-3.8084135949611664,0.3350743055343628,0.9430246353149414,5840,0.0003,0.20476025,-0.024214256702301405,7.273274898529053,0.2,0.7057373046875,22.026011153062186
2495,347.9243049499999,2885,7200768,448.36,586,-3.7964780310789745,0.3354504108428955,0.9474882483482361,5850,0.0003,0.2118191,-0.005377681891453297,10.11608600616455,0.2,0.744189453125,27.61508255402247
2497,332.69298841999995,2887,7213056,423.06,587,-3.8181842153271037,0.335669606924057,0.9292450547218323,5860,0.0003,0.15384088,-0.012556935448083095,6.933948516845703,0.2,0.70947265625,29.9035750746727
2499,357.46307872000006,2890,7225344,451.41,588,-3.7696284035841625,0.3343242108821869,0.9461943507194519,5870,0.0003,0.17457986,-0.021358642142634682,10.579052925109863,0.2,0.7134602864583334,27.560620494683583
2502,338.1117841099999,2892,7237632,443.01,589,-3.7438551152745885,0.33380743861198425,0.916285514831543,5880,0.0003,0.1721375,-0.029904005439796797,17.603374481201172,0.2,0.6852945963541667,34.68929118315379
2504,353.11277248,2894,7249920,462.77,590,-3.7469267696142197,0.3336962163448334,0.930471658706665,5890,0.0003,0.21978481,-0.008913436867199682,10.594146728515625,0.2,0.755517578125,26.947954748074213
2506,360.1678298399999,2897,7262208,475.96,591,-3.7309093082944553,0.3337225914001465,0.9405792951583862,5900,0.0003,0.22149627,-0.012088955846168876,7.709769248962402,0.2,0.7401611328125,22.17716947098573
2509,317.71087259,2899,7274496,434.9,592,-3.7480432614684105,0.3337276875972748,0.9335117340087891,5910,0.0003,0.2017567,0.0026836275443201884,7.453097343444824,0.2,0.7509847005208333,22.220924300948777
2511,341.43951477999997,2901,7286784,446.98,593,-3.7600885878006616,0.3344893157482147,0.9241864681243896,5920,0.0003,0.18303491,-0.020558925888811547,12.464896202087402,0.2,0.7044677734375,34.936398599545164
2513,324.2615057400001,2903,7299072,429.88,594,-3.750194737315178,0.3336755931377411,0.9129696488380432,5930,0.0003,0.17494993,-0.02755948312357456,9.173779487609863,0.2,0.6828206380208334,32.377401854594545
2516,323.27268661,2905,7311360,413.61,595,-3.785850953559081,0.33517274260520935,0.9325219392776489,5940,0.0003,0.25591806,0.01205334860618071,7.784170150756836,0.2,0.7848714192708334,24.47013164162636
2518,324.18513197,2908,7323648,418.45,596,-3.798945250113805,0.33551719784736633,0.9480253458023071,5950,0.0003,0.21483941,-0.014319236930653763,6.490372657775879,0.2,0.7359944661458333,21.58825272421042
2520,327.47640819,2910,7335936,420.2,597,-3.7799722482760747,0.33475005626678467,0.9324265718460083,5960,0.0003,0.13389583,-0.02914827472898954,10.030502319335938,0.2,0.6733479817708333,34.41926567753156
2522,337.9836214899999,2912,7348224,443.94,598,-3.7562330390016236,0.334218829870224,0.9301365613937378,5970,0.0003,0.15988906,-0.02680176805733936,6.729250431060791,0.2,0.695849609375,28.0510217577219
2525,352.41012372999995,2914,7360512,451.96,599,-3.7561230406165125,0.3343680799007416,0.9458640813827515,5980,0.0003,0.25599632,-0.012320431433424043,6.215573310852051,0.2,0.7507080078125,20.506573590636254
2527,350.17046414,2916,7372800,453.86,600,-3.7384138360619543,0.33353695273399353,0.9353903532028198,5990,0.0003,0.15093012,-0.030403379131651795,10.450556755065918,0.2,0.6725260416666666,33.902777047952014
2529,352.04265194,2919,7385088,456.99,601,-3.727095784743627,0.33354583382606506,0.9204407334327698,6000,0.0003,0.22072412,-0.006799559433178123,6.4012532234191895,0.2,0.747412109375,26.303112375736237
2532,332.4438147,2921,7397376,437.03,602,-3.7806886543830234,0.33735454082489014,0.9405695199966431,6010,0.0003,0.56322867,0.11743921258021146,7.380769729614258,0.2,0.8853841145833333,20.0044244458278
2534,317.05644123,2923,7409664,434.65,603,-3.8720081826051076,0.3374510109424591,0.9245887398719788,6020,0.0003,0.1420071,-0.028913293659570627,11.34627914428711,0.2,0.6683430989583333,31.75646717151006
2536,325.76104159,2925,7421952,441.21,604,-3.900071093936761,0.3379279673099518,0.9343733191490173,6030,0.0003,0.22705007,-0.00026413001566349216,7.611112594604492,0.2,0.7619384765625,21.492091896136603
2538,322.73220652,2928,7434240,443.67,605,-3.8575849855939546,0.33640822768211365,0.9318656325340271,6040,0.0003,0.14882787,-0.029411093384745377,6.534694671630859,0.2,0.6757893880208333,26.5527657131354
2541,331.04959898,2930,7446528,447.31,606,-3.8132762173811594,0.3351593315601349,0.9447668194770813,6050,0.0003,0.22010173,-0.017508477686351397,8.642719268798828,0.2,0.7390706380208333,20.632790351907413
2543,345.2064440900001,2932,7458816,444.65,607,-3.7632438128193217,0.3337615728378296,0.9235725402832031,6060,0.0003,0.1353585,-0.03428005365033945,13.588484764099121,0.2,0.6503662109375,39.06278267304103
2545,352.11387208,2934,7471104,446.84,608,-3.722302045424779,0.3327389061450958,0.9304922819137573,6070,0.0003,0.17025124,-0.016721150780116052,12.707919120788574,0.2,0.7186686197916666,28.26931347052256
2548,372.17934747000004,2936,7483392,469.19,609,-3.7059008101622264,0.33272913098335266,0.9392650723457336,6080,0.0003,0.20233427,-0.028340895430301317,16.33997344970703,0.2,0.7030110677083333,28.628754639625548
2550,397.41157591,2939,7495680,491.11,610,-3.8146402378877005,0.3386305272579193,0.9443065524101257,6090,0.0003,0.6709247,0.1300407950708177,17.120742797851562,0.2,0.905322265625,24.91770054101944
2552,403.15464476,2941,7507968,510.05,611,-3.9090643847982087,0.33816543221473694,0.9468897581100464,6100,0.0003,0.17435853,-0.021544662759212466,12.441264152526855,0.2,0.6985595703125,23.681819979349772
2555,361.1514520600001,2943,7520256,460.54,612,-3.8936002324024837,0.33784690499305725,0.9191086292266846,6110,0.0003,0.1468032,-0.03299011601096329,22.975553512573242,0.2,0.6599934895833334,35.39242788553238
2557,345.77543532,2945,7532544,440.04,613,-3.8818505490819613,0.3372174799442291,0.937595009803772,6120,0.0003,0.17099285,-0.026140114886220544,13.480643272399902,0.2,0.6967529296875,27.267248235146205
2559,336.67270226,2947,7544832,431.63,614,-3.836928542951743,0.3358539342880249,0.9307601451873779,6130,0.0003,0.20175397,-0.021695677835668902,18.035541534423828,0.2,0.7110188802083334,29.892714393138885
2561,342.7616312899999,2949,7557120,440.91,615,-3.8025693808992704,0.3355676233768463,0.9256247878074646,6140,0.0003,0.23949246,-0.010766727176572507,8.108526229858398,0.2,0.7354329427083334,26.628387006123862
2564,367.22542611000006,2951,7569408,463.93,616,-3.799087552726269,0.33560314774513245,0.9423919916152954,6150,0.0003,0.20623398,-0.016148634133666444,5.129683494567871,0.2,0.7400146484375,21.995013312498727
2566,376.9449939300001,2953,7581696,472.06,617,-3.7868716046214104,0.3349580466747284,0.9314790964126587,6160,0.0003,0.1932713,-0.02597618416233066,21.136747360229492,0.2,0.7024739583333334,25.75674130320549
2569,358.75482435999993,2955,7593984,447.3,618,-3.7745992481708526,0.33452990651130676,0.9294962882995605,6170,0.0003,0.18761289,-0.029999536228812455,12.776047706604004,0.2,0.7038736979166667,26.916122156381608
2571,384.92499797999994,2958,7606272,475.09,619,-3.77753616074721,0.33526375889778137,0.9323451519012451,6180,0.0003,0.27443662,0.020234485567198136,7.177610874176025,0.2,0.7929931640625,24.037778304020563
2573,395.98174595000006,2960,7618560,482.03,620,-3.776320120692253,0.3348311185836792,0.9371107220649719,6190,0.0003,0.18478374,-0.01498324643956342,13.226613998413086,0.2,0.7175618489583333,27.10310866832733
2575,394.21625821000003,2962,7630848,474.15,621,-3.7718417078256605,0.33496764302253723,0.9225606918334961,6200,0.0003,0.17674242,-0.023284996909690867,9.8413667678833,0.2,0.70966796875,24.344065477450687
2578,377.6095948,2964,7643136,463.33,622,-3.74860160301129,0.33413422107696533,0.9341638088226318,6210,0.0003,0.14223796,-0.030379211702772104,14.434822082519531,0.2,0.6607828776041667,37.84837938348452
2580,346.27181778000005,2966,7655424,438.94,623,-3.768047990898291,0.3345664441585541,0.9424050450325012,6220,0.0003,0.19170408,-0.012139717891598897,8.192277908325195,0.2,0.7290934244791667,26.672559690475463
2582,325.11598016,2968,7667712,418.91,624,-3.7654387816786765,0.3350639045238495,0.9304383993148804,6230,0.0003,0.17057252,-0.02987180619772213,14.09206771850586,0.2,0.674609375,35.12127533356349
2584,322.61089379,2971,7680000,431.21,625,-3.7741520499189694,0.3351869285106659,0.9380733370780945,6240,0.0003,0.20893036,-0.01749695310136303,7.334620952606201,0.2,0.7355631510416667,22.55054525534312
2587,336.21321171999995,2973,7692288,442.75,626,-3.803748494386673,0.33587726950645447,0.9332799315452576,6250,0.0003,0.2254843,-0.0015772284532431513,5.541447639465332,0.2,0.7666097005208333,22.502002875010174
2589,364.87322600999994,2975,7704576,465.73,627,-3.804247018694878,0.3357713222503662,0.9392383694648743,6260,0.0003,0.20051134,-0.02638032645821416,14.25841999053955,0.2,0.69716796875,24.58020098010699
2591,383.17914966000006,2977,7716864,494.21,628,-3.7874762624502183,0.33547601103782654,0.9339149594306946,6270,0.0003,0.24901988,-0.016741470314445905,7.994608402252197,0.2,0.742138671875,21.52960584263007
2594,381.5210063400001,2979,7729152,486.66,629,-3.7773385902245837,0.3354240655899048,0.9326659440994263,6280,0.0003,0.1789865,-0.013803814388423537,10.62465763092041,0.2,0.7207194010416667,30.093815879027048
2596,378.61500622,2981,7741440,492.19,630,-3.821673162281513,0.3371851444244385,0.9428995847702026,6290,0.0003,0.2140588,0.010369770425798681,18.90035629272461,0.2,0.7737548828125,25.242711917559305
2598,341.85346315000004,2983,7753728,455.36,631,-3.857472649216652,0.3376704156398773,0.9439399838447571,6300,0.0003,0.21271725,-0.015531329476895431,9.203133583068848,0.2,0.7360758463541667,22.47440149684747
2600,375.62657831,2985,7766016,474.99,632,-3.84104841897885,0.33695849776268005,0.9381306767463684,6310,0.0003,0.15394358,-0.023778677456236134,6.639003753662109,0.2,0.6939208984375,28.188216062386832
2603,356.56175587000007,2988,7778304,462.36,633,-3.8246351733803747,0.33628103137016296,0.9419745206832886,6320,0.0003,0.1789469,-0.020164047866031373,14.011689186096191,0.2,0.7080891927083334,29.90736016432444
2605,375.14288201000005,2990,7790592,464.79,634,-3.831533174216747,0.336594820022583,0.9537979364395142,6330,0.0003,0.21226442,0.00045060989214107394,7.328181743621826,0.2,0.7510416666666667,21.674207137028375
2607,404.4365915999999,2992,7802880,495.17,635,-3.8323572893937428,0.3367699682712555,0.9174747467041016,6340,0.0003,0.18110639,-0.017735627084524214,9.532012939453125,0.2,0.7166666666666667,34.09009786248207
2610,379.23242873000004,2994,7815168,485.86,636,-3.8229669695099195,0.33602914214134216,0.9262730479240417,6350,0.0003,0.1833723,-0.02562631551603166,9.082830429077148,0.2,0.6988362630208333,25.15634261171023
2612,388.18718856999993,2996,7827456,493.99,637,-3.809409847855568,0.33558082580566406,0.9419107437133789,6360,0.0003,0.21492954,-0.015923437286983245,9.237533569335938,0.2,0.7379964192708334,21.77934316198031
2614,365.8412744699999,2998,7839744,488.02,638,-3.7854845002293587,0.33511629700660706,0.9199813604354858,6370,0.0003,0.18101406,-0.025243285296892282,7.606419086456299,0.2,0.7057210286458333,30.19016010562579
2616,360.96373719999997,3000,7852032,485.81,639,-3.8004192541042965,0.33561158180236816,0.9461478590965271,6380,0.0003,0.30428544,0.008559929711918813,8.01550579071045,0.2,0.7871500651041666,20.08656011124452
2619,351.26511081999996,3002,7864320,471.24,640,-3.8863492255409557,0.3387777507305145,0.9349294900894165,6390,0.0003,0.33722106,0.05779710284647687,11.136696815490723,0.2,0.8410563151041667,19.739079323410987
2621,364.62774916,3004,7876608,477.2,641,-3.889308030406634,0.33786216378211975,0.941561758518219,6400,0.0003,0.14373763,-0.03341433752017717,8.732481002807617,0.2,0.6591959635416667,26.585744007428488
2623,386.0217964799999,3006,7888896,494.64,642,-3.8743830626209577,0.3376803398132324,0.9469343423843384,6410,0.0003,0.2010688,-0.012901527239591815,4.742575645446777,0.2,0.7340413411458333,23.011830443143843
2625,389.19643859,3008,7901184,484.97,643,-3.8896539847056073,0.338179349899292,0.9409715533256531,6420,0.0003,0.19505207,-0.018031347719079348,10.803605079650879,0.2,0.723583984375,22.19529559612274
2628,418.89056035999994,3011,7913472,501.99,644,-3.878249467909336,0.3372851312160492,0.9470348358154297,6430,0.0003,0.16207816,-0.030639739044515106,5.0031609535217285,0.2,0.6682779947916667,26.166314498583475
2630,415.3630176200001,3013,7925760,498.71,645,-3.8599709336956343,0.33667346835136414,0.9277315735816956,6440,0.0003,0.13920732,-0.03624978969116152,7.362501621246338,0.2,0.6507893880208333,33.85743852059046
2632,378.53966839000003,3015,7938048,458.6,646,-3.909765030443668,0.3407796323299408,0.9318056702613831,6450,0.0003,0.75741464,0.11924185214059738,16.481416702270508,0.2,0.889794921875,30.989679821332295
2635,347.3829771300001,3017,7950336,427.56,647,-3.977910716334979,0.3402169644832611,0.9362185001373291,6460,0.0003,0.18953685,-0.02594706847933897,9.068380355834961,0.2,0.7000732421875,23.665079653263092
2637,333.14747539,3019,7962624,405.81,648,-3.942173521717389,0.33915337920188904,0.9356499910354614,6470,0.0003,0.1446886,-0.034929451277518335,10.905352592468262,0.2,0.6524251302083334,33.548735374212264
2639,319.87048136,3021,7974912,394.55,649,-3.922306896249453,0.33837541937828064,0.9388513565063477,6480,0.0003,0.17700545,0.0004433478859330838,12.616679191589355,0.2,0.7508056640625,31.22236220637957
2641,308.74747946,3023,7987200,385.77,650,-3.9099180658658343,0.3381964862346649,0.9347270727157593,6490,0.0003,0.18604977,-0.014459183264989406,6.6109137535095215,0.2,0.7360270182291667,26.021560660998027
2644,301.9631873,3025,7999488,388.11,651,-3.902858370045821,0.3379654884338379,0.946642279624939,6500,0.0003,0.2050157,-0.016461217379158673,6.346602916717529,0.2,0.7299397786458334,22.75990897218386
2646,339.97336701,3027,8011776,427.57,652,-3.9219311753908794,0.3389800488948822,0.9544376730918884,6510,0.0003,0.24761033,0.009592843382658126,10.161714553833008,0.2,0.780615234375,20.922107215722402
2648,365.36479446000004,3029,8024064,456.69,653,-3.9477648536364236,0.33998551964759827,0.9502414464950562,6520,0.0003,0.23606765,-0.017248642554235024,9.199053764343262,0.2,0.7333821614583333,20.204047218958536
2651,395.98042562999996,3031,8036352,498.85,654,-3.954605470597744,0.339794397354126,0.9455468654632568,6530,0.0003,0.22834492,-0.017745425994022904,8.553435325622559,0.2,0.7362711588541667,18.68355237841606
2653,409.2600719599999,3033,8048640,511.47,655,-3.928796873986721,0.33868980407714844,0.9450469017028809,6540,0.0003,0.20376988,-0.014845204148635579,8.973381042480469,0.2,0.7324544270833333,17.49237948656082
2655,391.5368694300001,3035,8060928,492.73,656,-3.888744436701139,0.33754613995552063,0.9394301176071167,6550,0.0003,0.1606589,-0.029478493902812868,22.590864181518555,0.2,0.6847330729166666,28.508020170529683
2657,364.58344264,3037,8073216,464.97,657,-3.8559704716006915,0.3365458548069,0.9423877596855164,6560,0.0003,0.19349962,-0.019681857061126115,11.323129653930664,0.2,0.7076334635416667,26.992070802052815
2660,343.7778300199999,3039,8085504,429.25,658,-3.8575286701321603,0.3368988037109375,0.9286588430404663,6570,0.0003,0.19179444,0.00901665868392835,5.519111156463623,0.2,0.7621663411458334,26.11382011771202
2662,353.26329528,3041,8097792,463.56,659,-3.828660161793232,0.3359927237033844,0.9352269172668457,6580,0.0003,0.21264899,-0.01632760709374755,14.740286827087402,0.2,0.7214436848958333,23.51579697926839
2664,323.36145991,3043,8110080,442.72,660,-3.8403087491790453,0.3366777002811432,0.9309039115905762,6590,0.0003,0.20452148,-0.010789468860214887,4.132212162017822,0.2,0.734912109375,22.47571483751138
2667,357.14056428,3045,8122368,479.09,661,-3.8315278177460033,0.33569011092185974,0.9484866261482239,6600,0.0003,0.18652241,-0.027032099979017708,10.485612869262695,0.2,0.701953125,26.642553597688675
2669,372.2135782499999,3047,8134656,503.48,662,-3.8198981399337453,0.33588114380836487,0.933808445930481,6610,0.0003,0.23114996,-0.023256680153523727,10.685778617858887,0.2,0.7184488932291667,19.165166473388673
2671,354.39457467999983,3049,8146944,469.51,663,-3.858840934932232,0.3362540006637573,0.9425806403160095,6620,0.0003,0.22929953,0.014550936017379475,9.136812210083008,0.2,0.7899820963541667,21.45522858997186
2673,374.55011336999996,3051,8159232,485.66,664,-3.8012328182657558,0.33509382605552673,0.9280874729156494,6630,0.0003,0.17134921,-0.02434750178848238,15.955423355102539,0.2,0.6829915364583333,30.463373784224192
2676,361.17619612000004,3053,8171520,471.23,665,-3.786046611269315,0.3346085548400879,0.940760612487793,6640,0.0003,0.1933838,-0.027271803369512782,11.448064804077148,0.2,0.6935302734375,24.189470581213634
2678,352.22016881,3055,8183808,460.12,666,-3.790617554883162,0.33506718277931213,0.9265112280845642,6650,0.0003,0.21428728,-0.02059557945273506,21.550579071044922,0.2,0.7228678385416667,25.45176188747088
2680,363.03956745000005,3057,8196096,479.67,667,-3.882323802014192,0.33962714672088623,0.9422411918640137,6660,0.0003,0.61868995,0.11936146912145583,8.65255069732666,0.2,0.8973388671875,19.333520485957465
2683,364.26891943000004,3059,8208384,471.34,668,-3.9407988170782726,0.33963122963905334,0.9347683787345886,6670,0.0003,0.19683343,-0.02368009690059504,6.827682971954346,0.2,0.71142578125,20.094946626822153
2685,360.4459018799999,3061,8220672,472.18,669,-3.9339685291051865,0.33877477049827576,0.9283338189125061,6680,0.0003,0.13470842,-0.03686261309000353,6.865653991699219,0.2,0.645263671875,30.117898007233936
2687,365.65567941999996,3063,8232960,470.18,670,-3.9789572661121686,0.340648889541626,0.951813280582428,6690,0.0003,0.27492324,0.04574349790248865,11.162611961364746,0.2,0.809228515625,17.720366755127905
2690,345.87945462000005,3064,8245248,451.23,671,-3.9774621124068896,0.3399932384490967,0.9317327737808228,6700,0.0003,0.15177289,-0.029173833746851112,11.838272094726562,0.2,0.6741861979166667,26.44427824219068
2692,334.3569382,3066,8257536,438.9,672,-3.9666162768999738,0.3400222361087799,0.9282618165016174,6710,0.0003,0.16307226,-0.024462882090786783,9.494701385498047,0.2,0.6965413411458333,28.38771048386892
2694,314.4470788,3068,8269824,419.15,673,-3.927638225754102,0.3382924795150757,0.9360260367393494,6720,0.0003,0.14874806,-0.02922634026617743,7.555163383483887,0.2,0.6806396484375,30.645291604598363
2696,317.5262982,3070,8282112,420.6,674,-3.898448832333088,0.33788159489631653,0.925922155380249,6730,0.0003,0.19632773,-0.01976586677483283,11.635767936706543,0.2,0.7236083984375,25.019207203388213
2699,331.84516047000005,3072,8294400,419.73,675,-3.8851306304335593,0.3371901214122772,0.9244217872619629,6740,0.0003,0.19626307,-0.015896142809651792,19.8369197845459,0.2,0.727783203125,27.02507739464442
2701,287.3810300899999,3074,8306688,361.17,676,-3.8657940367857617,0.33743393421173096,0.9285408854484558,6750,0.0003,0.17027049,-0.032312206825493676,14.750885009765625,0.2,0.6845540364583333,33.64888327519099
2703,278.37774048000006,3076,8318976,349.36,677,-3.9140599335233373,0.3385370075702667,0.9449802041053772,6760,0.0003,0.25894204,0.02080689403131449,9.36594009399414,0.2,0.7942057291666667,24.29364668726921
2706,270.74910046,3078,8331264,355.62,678,-3.8942081958055494,0.3374805748462677,0.9295305609703064,6770,0.0003,0.1656928,-0.02567511244560592,12.939188957214355,0.2,0.695458984375,29.939863608280817
2708,323.38920944,3080,8343552,412.25,679,-3.8758265182375906,0.33752933144569397,0.9282048344612122,6780,0.0003,0.19517899,-0.025028859521262346,13.271671295166016,0.2,0.7008219401041667,25.257992964982986
2710,350.900449,3082,8355840,446.82,680,-3.8953661700089772,0.3376096189022064,0.9314876794815063,6790,0.0003,0.24265265,-0.00518075619377972,8.70225715637207,0.2,0.7541097005208334,21.58922176559766
2712,352.8514416999999,3084,8368128,446.37,681,-3.9079836587111156,0.33824846148490906,0.9330222010612488,6800,0.0003,0.20822759,0.002812797317650014,9.756476402282715,0.2,0.7674235026041667,22.736994709571203
2715,359.69792452999997,3086,8380416,455.17,682,-3.920228672027588,0.3384699523448944,0.9342381954193115,6810,0.0003,0.21307576,-0.018416162325108114,13.13361644744873,0.2,0.7260579427083333,22.611330782373745
2717,335.8923213,3088,8392704,427.89,683,-3.933675888677438,0.3388179838657379,0.9422886371612549,6820,0.0003,0.22067533,-0.010047131356744406,4.980417251586914,0.2,0.74873046875,22.298866498470307
2719,306.36292273000004,3090,8404992,404.07,684,-3.948255499204,0.33867037296295166,0.9418560862541199,6830,0.0003,0.20419632,0.0022977688315828954,13.026199340820312,0.2,0.762744140625,19.374352754155794
2721,283.08220606,3092,8417280,374.85,685,-3.889636134604613,0.33702048659324646,0.9364346265792847,6840,0.0003,0.14877631,-0.031259599741315466,20.167747497558594,0.2,0.6787272135416667,32.838313378890355
2724,282.82828108,3094,8429568,372.67,686,-3.897847633063793,0.33747756481170654,0.9462239742279053,6850,0.0003,0.21807921,-0.016810442831774706,13.561290740966797,0.2,0.7422770182291667,23.10746009151141
2726,275.42205103000003,3096,8441856,351.22,687,-3.889537283281485,0.3376246392726898,0.9435685276985168,6860,0.0003,0.17235482,-0.03278787547994095,6.7550368309021,0.2,0.6847086588541667,28.375583044687907
2728,285.33650356000004,3098,8454144,364.89,688,-3.888462705910206,0.3373754322528839,0.9372588992118835,6870,0.0003,0.18186045,-0.01777237018686719,10.125558853149414,0.2,0.7205485026041667,33.00298071106275
2730,299.61327423,3100,8466432,380.34,689,-3.98100317666928,0.34013238549232483,0.9495469927787781,6880,0.0003,0.279588,0.03501432034439252,8.882166862487793,0.2,0.8160888671875,24.59156950910886
2733,336.9369027999999,3102,8478720,420.37,690,-3.966326261560122,0.3395042419433594,0.9342336654663086,6890,0.0003,0.16316865,-0.029564349582263578,7.801098823547363,0.2,0.6736572265625,28.52433094382286
2735,358.4427048500001,3103,8491008,433.49,691,-3.9463756481806436,0.3388526439666748,0.9276352524757385,6900,0.0003,0.18162774,-0.02939275836130643,19.808124542236328,0.2,0.6938069661458334,33.926242482662204
2737,339.68437133,3105,8503296,432.0,692,-3.9389819090565044,0.33851930499076843,0.9371805191040039,6910,0.0003,0.17592888,-0.013042056566822188,15.041339874267578,0.2,0.7278971354166667,37.83447311123212
2740,318.21530236,3107,8515584,407.28,693,-3.9414350633819897,0.3389780521392822,0.9170818328857422,6920,0.0003,0.22222435,-0.014055838464021994,7.1816558837890625,0.2,0.736328125,28.189903990427652
2742,343.44420187000003,3109,8527872,436.55,694,-3.9443063870072366,0.33888041973114014,0.9308744668960571,6930,0.0003,0.18579894,-0.022124739633485054,17.442134857177734,0.2,0.7043619791666667,29.500967492659885
2744,332.55582809,3111,8540160,421.04,695,-3.9056941702961923,0.3376532793045044,0.9298009872436523,6940,0.0003,0.14973488,-0.03054596441894925,7.627830505371094,0.2,0.6728678385416667,32.160118663311
2746,347.30843889999994,3113,8552448,431.05,696,-3.8953426902492843,0.33713746070861816,0.9491002559661865,6950,0.0003,0.23915452,-0.014577915964764543,8.683844566345215,0.2,0.7489013671875,23.521534087260566
2749,323.55499048,3115,8564736,412.91,697,-3.8837672779957453,0.33698728680610657,0.9360467195510864,6960,0.0003,0.1860165,-0.016843190823177187,8.839280128479004,0.2,0.7213460286458333,28.82759463985761
2752,326.41818268,3116,8577024,406.02,698,-3.8860661536455154,0.33756184577941895,0.9441472887992859,6970,0.0003,0.21633713,-0.0215926415209348,7.3933024406433105,0.2,0.719189453125,27.117386676867802
2754,338.64504539000006,3118,8589312,418.56,699,-3.9539086391528446,0.3399665057659149,0.9426947832107544,6980,0.0003,0.26955882,0.050030341071154304,10.973655700683594,0.2,0.8232584635416667,33.02180856068929
2756,330.09729456,3120,8601600,406.44,700,-3.9763720934589704,0.3400176465511322,0.9263227581977844,6990,0.0003,0.17135383,-0.024288721340902462,15.65545654296875,0.2,0.69443359375,35.93428049882253
2759,314.98801341000006,3121,8613888,395.74,701,-3.9983564227819444,0.3407125473022461,0.9457668662071228,7000,0.0003,0.21269186,-0.005597452620471207,6.055440425872803,0.2,0.7538167317708333,24.541068375110626
2761,273.38814629999996,3123,8626176,360.0,702,-4.0175093621015545,0.34081029891967773,0.9533315896987915,7010,0.0003,0.22318709,-0.00012778677191818132,6.093780040740967,0.2,0.7596354166666667,25.37987802028656
2764,270.58920512000003,3124,8638464,349.62,703,-4.019192517300447,0.340948224067688,0.9395477175712585,7020,0.0003,0.13750203,-0.03391389812265212,11.74875259399414,0.2,0.6646240234375,31.181865833203
2767,288.27239591,3126,8650752,361.98,704,-4.008280689517657,0.340844064950943,0.9459369778633118,7030,0.0003,0.1858914,-0.015564185695257037,9.53159236907959,0.2,0.7145670572916667,30.453619388739266
2769,277.00271728,3127,8663040,346.55,705,-4.014240931471189,0.34070491790771484,0.9410384297370911,7040,0.0003,0.17549162,-0.016544398466066923,13.595124244689941,0.2,0.7171793619791667,33.55802778800329
2772,271.91054077,3129,8675328,345.76,706,-3.9873328750332195,0.3399587571620941,0.9392305016517639,7050,0.0003,0.18010509,-0.027878403144616943,8.293807983398438,0.2,0.7111653645833333,29.248477123181026
2774,286.70604968,3130,8687616,374.51,707,-3.9923023005326588,0.34009358286857605,0.9373275637626648,7060,0.0003,0.19841725,-0.002620437606431854,18.89037322998047,0.2,0.7626790364583333,31.608117538690568
2777,304.75692414,3132,8699904,399.79,708,-4.028754438459873,0.3417581617832184,0.9320117235183716,7070,0.0003,0.26732665,0.03363714909258609,6.924355506896973,0.2,0.8084147135416667,23.92630199591319
2779,313.02931393,3134,8712192,409.05,709,-4.033106478055318,0.3411162793636322,0.9444313049316406,7080,0.0003,0.15203123,-0.025079638754444508,9.397255897521973,0.2,0.7007975260416667,29.08531729976336
2781,360.73455229,3136,8724480,448.21,710,-4.014587333798408,0.34140875935554504,0.935580313205719,7090,0.0003,0.2012757,-0.034582736671048525,9.828814506530762,0.2,0.6857991536458333,27.456015010674793
2784,359.91016139,3138,8736768,441.56,711,-4.0158867090940475,0.3406902849674225,0.9357725381851196,7100,0.0003,0.22080629,-0.020099406972682723,13.423828125,0.2,0.7302490234375,26.36021141807238
2786,363.88225878000003,3140,8749056,441.94,712,-3.979713326195876,0.33972835540771484,0.9272565245628357,7110,0.0003,0.200314,-0.027580784143841203,11.084235191345215,0.2,0.6907389322916667,30.244358082612354
2788,374.38414451000006,3141,8761344,451.98,713,-3.930026446779569,0.3382906913757324,0.9369620084762573,7120,0.0003,0.15774764,-0.02969765172456391,15.587935447692871,0.2,0.6869791666666667,31.479516077041627
2791,358.424478,3143,8773632,432.73,714,-3.979066143929958,0.3421163558959961,0.9497146606445312,7130,0.0003,0.49993315,0.11926668169035111,8.811786651611328,0.2,0.88740234375,21.226280817389487
2793,336.10801618000005,3145,8785920,416.48,715,-4.05636245906353,0.34169161319732666,0.9255593419075012,7140,0.0003,0.15505078,-0.030544535970936218,10.482357025146484,0.2,0.6802001953125,29.19643519719442
2795,334.4833028000001,3146,8798208,418.68,716,-4.030533058444659,0.3411773443222046,0.9351223707199097,7150,0.0003,0.17620252,-0.029609045742836314,10.914713859558105,0.2,0.6965006510416667,26.251222668091454
2798,327.10498501,3148,8810496,408.59,717,-4.025888214508693,0.3412919044494629,0.9307738542556763,7160,0.0003,0.18877308,-0.019781813832135717,15.252071380615234,0.2,0.722021484375,25.416510365406673
2800,321.7984678,3150,8822784,395.68,718,-4.020753645896912,0.3410235643386841,0.9468989372253418,7170,0.0003,0.19121784,-0.011810988086896639,15.524093627929688,0.2,0.7313557942708333,29.53378503123919
2802,304.48022990000004,3152,8835072,375.65,719,-4.016516683995723,0.3405839502811432,0.9448916912078857,7180,0.0003,0.15066521,-0.02648257779655978,11.530622482299805,0.2,0.6801513671875,27.88226622144381
2805,299.42261299,3154,8847360,368.12,720,-4.0034751330812774,0.34031614661216736,0.94279545545578,7190,0.0003,0.18378814,-0.027580696311876332,5.870571613311768,0.2,0.7050211588541667,26.12986448009809
2807,321.92996924,3155,8859648,396.09,721,-4.001308324933052,0.3403085172176361,0.9407835006713867,7200,0.0003,0.18494855,-0.017714652948779986,6.8940300941467285,0.2,0.7231689453125,28.83403284549713
2809,326.31833788000006,3157,8871936,410.43,722,-4.000995177527269,0.3404267132282257,0.9351286292076111,7210,0.0003,0.22070302,-0.0055401141861996924,13.598276138305664,0.2,0.7598551432291667,28.902679161230722
2811,324.48690494999994,3159,8884224,405.49,723,-3.978227066497008,0.3394438922405243,0.9311463832855225,7220,0.0003,0.15201056,-0.026979221065994353,6.778075218200684,0.2,0.6953857421875,35.17772532105446
2814,355.04579054000004,3161,8896512,430.1,724,-3.975525787472725,0.3396560251712799,0.9418008923530579,7230,0.0003,0.22215612,-0.016953423216667336,7.637152671813965,0.2,0.7419759114583333,21.159405106306075
2816,363.51597414,3162,8908800,431.31,725,-3.9655643264452616,0.3392377197742462,0.9315752983093262,7240,0.0003,0.14358968,-0.024331702650427663,18.251798629760742,0.2,0.6899332682291667,38.218164938688275
2818,363.1276353899999,3164,8921088,433.87,726,-3.947004920244217,0.3385915756225586,0.9253110289573669,7250,0.0003,0.16540672,-0.019467462373237748,12.892422676086426,0.2,0.7176513671875,32.77647762099902
2821,344.33804215000004,3166,8933376,413.12,727,-4.004151300092539,0.340679794549942,0.9449185729026794,7260,0.0003,0.24653138,0.033917066699359566,9.544120788574219,0.2,0.8044759114583333,31.362934782107672
2823,331.85121122,3168,8945664,413.48,728,-4.039698034524918,0.34155431389808655,0.9420929551124573,7270,0.0003,0.19684573,-0.002452088722687525,9.132283210754395,0.2,0.7495768229166667,31.724494854609173
2825,328.45654241000005,3170,8957952,407.54,729,-4.0273964216311775,0.34093740582466125,0.9502629637718201,7280,0.0003,0.23612721,-0.016667613736353816,14.381516456604004,0.2,0.7255777994791667,24.401963049173354
2828,337.41036477999995,3171,8970240,421.21,730,-4.015159229934215,0.34050002694129944,0.9409920573234558,7290,0.0003,0.15126286,-0.024649857159238307,15.455439567565918,0.2,0.685107421875,31.890321000417075
2830,358.01377803,3173,8982528,436.38,731,-3.9988664418458937,0.3402928113937378,0.9253135323524475,7300,0.0003,0.17560363,-0.019607483368114725,15.826094627380371,0.2,0.7113199869791667,32.14853438536326
2833,347.51776949,3174,8994816,428.85,732,-3.9794792542854944,0.3397347033023834,0.9413097500801086,7310,0.0003,0.20183595,-0.020330958328365036,10.125360488891602,0.2,0.7296223958333333,27.56523510813713
2835,352.7547571300001,3176,9007104,434.58,733,-3.967675863703092,0.3393529951572418,0.9372192621231079,7320,0.0003,0.19541518,-0.016560374009228933,5.882692813873291,0.2,0.7265625,24.455300120512643
2838,327.88069797,3177,9019392,410.75,734,-3.9741971467932067,0.33945807814598083,0.9231451153755188,7330,0.0003,0.18299699,-0.020855438362923452,17.26137924194336,0.2,0.7081461588541667,38.887968599796295
2840,343.9480117300001,3179,9031680,429.48,735,-3.960180839399497,0.3387870490550995,0.9303848743438721,7340,0.0003,0.16798358,-0.02434607507942322,9.047183990478516,0.2,0.7041015625,26.885309477647144
2843,356.07731609,3180,9043968,435.95,736,-3.9961248715718587,0.3409346640110016,0.9262800812721252,7350,0.0003,0.22122557,0.020973147248150782,22.40386390686035,0.2,0.7757242838541667,37.582441731294
2845,363.23587179000003,3182,9056256,445.92,737,-4.010430264969667,0.34074655175209045,0.9333912134170532,7360,0.0003,0.20313013,-0.017390624768449926,7.585655689239502,0.2,0.7280110677083333,28.336061310768127
2848,354.4767516199999,3183,9068544,430.25,738,-4.010265120367209,0.34081029891967773,0.9232684969902039,7370,0.0003,0.1976942,-0.015655506069985375,16.463321685791016,0.2,0.7256510416666667,33.4234905342261
2850,350.99573055,3185,9080832,430.38,739,-4.008509494860967,0.3405388295650482,0.9222307205200195,7380,0.0003,0.16902669,-0.00378817489836365,13.392608642578125,0.2,0.73935546875,34.61122289299965
2853,336.89874115,3187,9093120,418.89,740,-4.011874568959077,0.340411901473999,0.9311233758926392,7390,0.0003,0.19254868,-0.02200908804370556,12.223233222961426,0.2,0.711962890625,29.848251028855643
2855,357.42002742,3188,9105408,437.55,741,-4.022703518966834,0.34102535247802734,0.92887943983078,7400,0.0003,0.1776511,-0.00844417783858565,20.199573516845703,0.2,0.7365071614583333,31.14283649722735
2857,349.24109511,3190,9117696,443.53,742,-4.059424365560214,0.3428138196468353,0.9321297407150269,7410,0.0003,0.23368561,0.0480447718766906,5.940124034881592,0.2,0.8145751953125,32.58732971350352
2859,379.63896768,3192,9129984,468.34,743,-4.088976650436719,0.34318578243255615,0.9422129988670349,7420,0.0003,0.21298629,0.009153104795647475,13.995128631591797,0.2,0.7740315755208333,22.681644584735235
2862,357.71837920999997,3194,9142272,444.59,744,-4.09288561741511,0.34280654788017273,0.9283351898193359,7430,0.0003,0.1457783,-0.03121966200803096,10.28795051574707,0.2,0.6725016276041667,35.91208812197049
2864,363.64693036999995,3195,9154560,449.53,745,-4.116116708517074,0.344380259513855,0.9317466616630554,7440,0.0003,0.27613634,0.05097691114448632,14.727468490600586,0.2,0.8148681640625,36.88059796889623
2866,345.5929432800001,3197,9166848,418.57,746,-4.128549673159918,0.34372183680534363,0.9218380451202393,7450,0.0003,0.15809016,-0.03444988398162726,22.65192413330078,0.2,0.6550455729166667,43.08832831780116
2869,354.28522546999994,3199,9179136,431.96,747,-4.101018721858661,0.34259819984436035,0.93459552526474,7460,0.0003,0.1997567,-0.016961891327324945,12.115900039672852,0.2,0.7292724609375,29.14881496032079
2871,367.63053232,3200,9191424,455.24,748,-4.10289269288381,0.3433941602706909,0.9277239441871643,7470,0.0003,0.21404062,0.013952541195127803,15.068507194519043,0.2,0.7806640625,34.57162006298701
2874,385.03555266999996,3202,9203712,483.14,749,-4.129569442073504,0.3438695967197418,0.9404296875,7480,0.0003,0.27288732,0.002240142398416841,8.413665771484375,0.2,0.7752115885416667,19.107716991504034
2876,391.5234522,3203,9216000,501.51,750,-4.128008323907852,0.3435251712799072,0.9308983087539673,7490,0.0003,0.20716803,-0.01565596472840601,9.73345947265625,0.2,0.730029296875,23.342348767320313
2879,374.1981379400001,3204,9228288,486.25,751,-4.184181957443555,0.3477602005004883,0.9258350133895874,7500,0.0003,0.6061325,0.10781979774765205,5.510674953460693,0.2,0.8920003255208333,17.102377856771152
2882,376.95395836999995,3206,9240576,483.94,752,-4.259583170215289,0.3471945524215698,0.9294828176498413,7510,0.0003,0.1293285,-0.02890232665716515,13.807353019714355,0.2,0.6703043619791667,29.90797815322876
2884,383.63850737,3207,9252864,475.33,753,-4.2331116209427515,0.3461095094680786,0.9251241087913513,7520,0.0003,0.16343316,-0.03422486035221179,11.890315055847168,0.2,0.6572591145833333,30.106310218572617
2886,412.66917137999997,3209,9265152,488.79,754,-4.211620297034582,0.3461238443851471,0.9353694319725037,7530,0.0003,0.18566823,-0.018556295605230845,5.246863842010498,0.2,0.6989420572916667,27.21022321979205
2889,433.70702807999993,3210,9277440,511.09,755,-4.208111556371053,0.3455190658569336,0.9221457839012146,7540,0.0003,0.17564933,-0.0165940990181601,15.023571968078613,0.2,0.7066487630208333,33.759923833608624
2891,437.97611037,3212,9289728,515.02,756,-4.207190023859342,0.3457336723804474,0.9421799182891846,7550,0.0003,0.22438778,-0.0033420277778835345,12.97335147857666,0.2,0.7601155598958333,27.87653145492077
2893,431.43853568999987,3214,9302016,511.97,757,-4.198217665155728,0.3451540172100067,0.9426687359809875,7560,0.0003,0.17135781,-0.025219275797038185,12.501883506774902,0.2,0.6980305989583333,30.827521008253097
2896,413.20343532000004,3215,9314304,504.7,758,-4.177129309376081,0.34517621994018555,0.9445335865020752,7570,0.0003,0.18525954,-0.02126355115227246,13.032102584838867,0.2,0.6975992838541667,25.11810688575109
2898,439.4502832200001,3217,9326592,524.34,759,-4.229468370477359,0.3473273813724518,0.948422372341156,7580,0.0003,0.3177456,0.04905829167886016,16.20708656311035,0.2,0.8245930989583333,28.141673225164414
2901,444.96391811000007,3219,9338880,527.26,760,-4.232251202066739,0.3462146520614624,0.9306027889251709,7590,0.0003,0.13352141,-0.016724294307641684,5.3650360107421875,0.2,0.6829996744791667,29.35139316121737
2903,456.39529328,3220,9351168,555.4,761,-4.209815799196561,0.34616518020629883,0.9453648924827576,7600,0.0003,0.17496364,-0.015765610041368443,18.541545867919922,0.2,0.70810546875,24.77452974319458
2905,429.8277907199999,3222,9363456,530.71,762,-4.25543125073115,0.3477783203125,0.9381905198097229,7610,0.0003,0.24007173,0.03136283529747743,13.55815601348877,0.2,0.8015543619791666,24.18812563816706
2907,480.39191338999996,3224,9375744,579.04,763,-4.282654050985972,0.34760281443595886,0.9306840300559998,7620,0.0003,0.15209293,-0.026497215370667012,16.285531997680664,0.2,0.6625325520833333,36.11690209110578
2910,500.85319768,3225,9388032,592.86,764,-4.26266585290432,0.3472076654434204,0.922356128692627,7630,0.0003,0.21659894,-0.013998654168729748,21.337207794189453,0.2,0.7208740234375,28.547271806001664
2912,502.27507552,3227,9400320,583.51,765,-4.263027027249336,0.34739449620246887,0.9465768337249756,7640,0.0003,0.21376038,-0.007747391441080253,10.374624252319336,0.2,0.7394205729166666,22.61201378504435
2914,503.70057191,3229,9412608,591.8,766,-4.265062527855237,0.34745121002197266,0.9472463130950928,7650,0.0003,0.18198168,-0.025678691175805093,16.432628631591797,0.2,0.6835693359375,25.00699069003264
2917,504.97232367,3230,9424896,585.14,767,-4.257922587792079,0.34703734517097473,0.9498305320739746,7660,0.0003,0.22939612,-0.01359238890678777,9.69427490234375,0.2,0.7338704427083333,21.90579270919164
2919,432.31742281,3232,9437184,522.13,768,-4.242535949746768,0.3471415340900421,0.944174587726593,7670,0.0003,0.18349917,-0.014164607630421717,7.3306145668029785,0.2,0.7284098307291667,25.008734403053918
2921,385.43066686,3233,9449472,485.0,769,-4.238241570194562,0.3463844954967499,0.9447171092033386,7680,0.0003,0.1808935,-0.025033395389133753,3.9579696655273438,0.2,0.69775390625,28.19463070034981
2924,359.00409361000004,3235,9461760,457.13,770,-4.209918052951495,0.34531140327453613,0.9250903725624084,7690,0.0003,0.14300539,-0.02602495521326394,27.165311813354492,0.2,0.6736979166666667,43.98602826396624
2927,366.16806606,3236,9474048,453.71,771,-4.200681366523107,0.3459256887435913,0.9441353678703308,7700,0.0003,0.19337314,-0.021544922619553594,14.48070240020752,0.2,0.6988362630208333,36.14517771402995
2929,383.10755585,3237,9486336,476.14,772,-4.258440309762955,0.34786558151245117,0.9376399517059326,7710,0.0003,0.21621835,0.00588137806917075,6.334486961364746,0.2,0.7650472005208333,26.20254630645116
2932,424.77585209000006,3239,9498624,517.14,773,-4.304054729143778,0.34869852662086487,0.9385998845100403,7720,0.0003,0.2240936,-0.010185003259296839,13.23391056060791,0.2,0.7429850260416667,25.063875156641007
2934,437.22935796999997,3240,9510912,533.15,774,-4.326927408576012,0.34882283210754395,0.9264943599700928,7730,0.0003,0.20318083,0.005939933418994769,12.488306999206543,0.2,0.7647623697916667,30.15839751660824
2936,427.71409128,3242,9523200,535.14,775,-4.391698924700419,0.3514459431171417,0.9500370025634766,7740,0.0003,0.28138435,0.020853886697538352,4.610828876495361,0.2,0.7952880859375,17.66379734277725
2939,388.95175029000006,3244,9535488,500.64,776,-4.39696723818779,0.3511389493942261,0.9251571893692017,7750,0.0003,0.13645706,-0.02959336799685843,8.102059364318848,0.2,0.6483805338541667,33.59264674981435
2941,341.89141158000007,3246,9547776,458.92,777,-4.369440203905105,0.35025396943092346,0.9306820631027222,7760,0.0003,0.17157114,-0.026500925007470262,19.487709045410156,0.2,0.6973551432291667,28.442811848719916
2943,316.79477169,3247,9560064,422.87,778,-4.336015803615252,0.34887778759002686,0.944128155708313,7770,0.0003,0.20169775,-0.02303158055389455,13.61356258392334,0.2,0.7203043619791667,24.119647908210755
2945,297.96927303,3249,9572352,399.53,779,-4.295197248458862,0.34818121790885925,0.9500706195831299,7780,0.0003,0.19397987,-0.007503917193874562,7.653561592102051,0.2,0.7505777994791667,22.786405324935913
2948,312.02120724,3251,9584640,406.91,780,-4.2614067176977795,0.3468950688838959,0.9484853744506836,7790,0.0003,0.19379573,-0.02880735591170378,17.423418045043945,0.2,0.6968424479166667,28.652416616678238
2950,330.40848211,3252,9596928,428.83,781,-4.2962891091903055,0.34888991713523865,0.9474642276763916,7800,0.0003,0.29998866,0.06590268630922462,6.685390949249268,0.2,0.8431803385416666,31.65300699075063
2952,352.73429408,3254,9609216,444.21,782,-4.345284114281337,0.3501628637313843,0.9304680824279785,7810,0.0003,0.20693703,0.015425653186199876,7.454466819763184,0.2,0.769775390625,31.085643875598908
2954,354.26581307,3256,9621504,450.95,783,-4.3549120346705115,0.34985247254371643,0.9392821192741394,7820,0.0003,0.1452852,-0.018522706977576794,18.669069290161133,0.2,0.6944091796875,28.927202703555427
2957,347.8266182100001,3257,9633792,436.59,784,-4.389773726463318,0.35107922554016113,0.9565625786781311,7830,0.0003,0.24550779,0.017313754885011197,8.164937973022461,0.2,0.7919026692708333,18.762054685751597
2959,334.47726904,3259,9646080,431.89,785,-4.418020665645599,0.3521074056625366,0.9246454238891602,7840,0.0003,0.17535885,0.01123516524870259,13.903603553771973,0.2,0.7531168619791667,31.88864502708117
2961,353.97723881999997,3261,9658368,447.37,786,-4.435878150661787,0.3527151346206665,0.9385154247283936,7850,0.0003,0.19860913,-0.025589437410720468,17.804515838623047,0.2,0.705615234375,25.122152386109033
2963,353.24601473000007,3262,9670656,447.35,787,-4.421774562199911,0.35172903537750244,0.9305170178413391,7860,0.0003,0.16363274,-0.022868750636310626,22.76154136657715,0.2,0.6984537760416667,30.693343836069108
2966,369.3502829200001,3264,9682944,468.8,788,-4.388161876797676,0.3509995937347412,0.9416993856430054,7870,0.0003,0.14407948,-0.030775649055916194,10.881195068359375,0.2,0.671435546875,27.617876891295115
2968,355.68501189999995,3266,9695232,455.12,789,-4.379266764720281,0.35089051723480225,0.9392222762107849,7880,0.0003,0.2621754,-0.025497481788625008,8.88351058959961,0.2,0.7231363932291667,19.451117038726807
2970,335.00182694,3267,9707520,437.56,790,-4.365529867013295,0.35021543502807617,0.9294803142547607,7890,0.0003,0.1798184,-0.026355379189287,16.289793014526367,0.2,0.6961181640625,32.16212157408396
2972,317.2029792200001,3269,9719808,429.66,791,-4.37010707060496,0.3505711257457733,0.9416865110397339,7900,0.0003,0.22185636,-0.004022336131311022,8.221124649047852,0.2,0.7620849609375,22.59778196612994
2975,308.16504225,3271,9732096,413.39,792,-4.3989410867293675,0.3521192967891693,0.9345014095306396,7910,0.0003,0.31131744,0.0467065694295646,6.764701843261719,0.2,0.82548828125,24.74744914372762
2977,308.52074393,3272,9744384,403.2,793,-4.397298004229864,0.3509363830089569,0.9306103587150574,7920,0.0003,0.14149913,-0.028351376021358496,8.547759056091309,0.2,0.6751790364583333,31.20317542552948
2979,329.18257407,3274,9756672,419.42,794,-4.352628417809805,0.3497868776321411,0.9298557639122009,7930,0.0003,0.14878061,-0.03339716674478647,10.012811660766602,0.2,0.6605712890625,35.32536401748657
2981,336.8535390200001,3276,9768960,423.94,795,-4.338821533322334,0.3493448793888092,0.9435533285140991,7940,0.0003,0.19703422,-0.00960759166337084,18.45742416381836,0.2,0.7309326171875,25.005744898319243
2984,374.12104918000006,3277,9781248,459.01,796,-4.310283466180166,0.34877559542655945,0.929129958152771,7950,0.0003,0.15681978,-0.026236660548117168,7.6032257080078125,0.2,0.6819580078125,29.123967202504478
2986,403.00893045,3279,9793536,483.09,797,-4.313577569524447,0.3490935266017914,0.9273247718811035,7960,0.0003,0.16396806,-0.021022232162067667,20.608238220214844,0.2,0.7098307291666667,32.09080593387286
2988,378.08991860000003,3280,9805824,455.38,798,-4.302423875530561,0.34867849946022034,0.9020406603813171,7970,0.0003,0.13127223,-0.03136228517008324,13.404304504394531,0.2,0.6509033203125,47.3469272951285
2991,374.8810962500001,3282,9818112,462.24,799,-4.369506662090619,0.3509477376937866,0.9370052218437195,7980,0.0003,0.27685758,0.039941024728371605,14.344307899475098,0.2,0.8204427083333333,29.796608543395998
2993,375.49740067,3283,9830400,467.42,800,-4.408974925676982,0.3518108129501343,0.9291508793830872,7990,0.0003,0.21181221,-0.0018668464889439443,7.22920036315918,0.2,0.7585367838541667,30.63931322892507
2995,359.18271940000005,3285,9842688,458.6,801,-4.3856740166743595,0.35077595710754395,0.9452146887779236,8000,0.0003,0.19576122,-0.019483581618017828,7.24937105178833,0.2,0.7180013020833333,25.480259788036346
2998,351.9603254599999,3287,9854976,449.16,802,-4.376592096686363,0.3505295515060425,0.9331934452056885,8010,0.0003,0.15739234,-0.02357922090450302,7.604458808898926,0.2,0.6908284505208333,26.16198011438052
3000,341.35868085000004,3288,9867264,437.21,803,-4.377039168278376,0.35084518790245056,0.9321373701095581,8020,0.0003,0.19711542,-0.01655176432444326,6.237895488739014,0.2,0.7286051432291667,25.059898952643078
3002,310.64398012000004,3290,9879552,406.76,804,-4.357279409964879,0.35028478503227234,0.932906985282898,8030,0.0003,0.1653301,-0.02144215937393407,6.161808490753174,0.2,0.6980061848958333,30.860566906134288
3004,319.55790629000006,3292,9891840,415.57,805,-4.336406174302101,0.3495713174343109,0.922592282295227,8040,0.0003,0.17223223,-0.03199422738640957,9.573831558227539,0.2,0.6874267578125,29.35828824043274
3006,329.13629140999996,3293,9904128,419.98,806,-4.327354525526364,0.34949126839637756,0.9391102194786072,8050,0.0003,0.19619332,-0.02950786211367813,8.511624336242676,0.2,0.709912109375,27.203940600156784
3009,332.28784652,3295,9916416,422.11,807,-4.327226339777311,0.34910762310028076,0.9242415428161621,8060,0.0003,0.16733079,-0.025141664164645288,13.118022918701172,0.2,0.6977213541666667,36.179907500743866
3011,367.45516622,3296,9928704,466.75,808,-4.314449789126714,0.3491855561733246,0.920734703540802,8070,0.0003,0.21357267,-0.010667967082796773,10.679425239562988,0.2,0.7421061197916666,29.338523103793463
3013,303.01690546000003,3298,9940992,397.06,809,-4.327994160850843,0.35117414593696594,0.9369043111801147,8080,0.0003,6.594078,0.2094347448728513,5.596205711364746,0.2,0.95126953125,20.2487100203832
3015,209.55013507999993,3300,9953280,280.46,810,-4.381982525189717,0.3508399724960327,0.9415552020072937,8090,0.0003,0.12831964,-0.04188655488251243,22.4254207611084,0.2,0.6405843098958334,30.085405482848486
3018,214.44173633000003,3301,9965568,284.4,811,-4.355847958723704,0.3500608503818512,0.9432599544525146,8100,0.0003,0.18197252,-0.03964555647350305,9.823162078857422,0.2,0.6825439453125,26.925820418198903
3020,199.23575373000003,3303,9977856,274.22,812,-4.338845257957776,0.34960997104644775,0.9445602893829346,8110,0.0003,0.16832048,-0.03885527180779415,9.382950782775879,0.2,0.6880126953125,27.166784528891245
3022,208.39141822999997,3305,9990144,282.56,813,-4.320473850766818,0.34894707798957825,0.9349929094314575,8120,0.0003,0.15207385,-0.040248347060211624,15.72359561920166,0.2,0.6578938802083333,33.5307159602642
3024,226.17397413999998,3306,10002432,296.02,814,-4.291048533717791,0.3480319082736969,0.9235475063323975,8130,0.0003,0.17762387,-0.03711283286975231,16.40471649169922,0.2,0.6974690755208334,32.132613174120586
