rollout/ep_rew_mean,time/fps,time/iterations,time/time_elapsed,time/total_timesteps,rollout/ep_len_mean,train/value_loss,train/std,train/explained_variance,train/clip_fraction,train/n_updates,train/clip_range,train/entropy_loss,train/approx_kl,train/learning_rate,train/policy_gradient_loss,train/loss
4.555550279999999,11817,1,1,12288,61.53,,,,,,,,,,,
4.556951989999999,8728,2,2,24576,63.2,5.3434752131501835,0.9949736595153809,-0.025920629501342773,0.189599609375,10,0.2,-16.981610214710237,0.01587687,0.0003,-0.019851838775017918,2.4134416580200195
3.4041057600000006,8156,3,4,36864,64.06,5.614309920867284,0.9881574511528015,0.1701093316078186,0.19939778645833334,20,0.2,-16.905737606684365,0.015853556,0.0003,-0.025003337117959747,2.9358022212982178
5.620702110000001,7898,4,6,49152,62.64,5.239927314221859,0.9805600047111511,0.2998819351196289,0.21478678385416666,30,0.2,-16.81606509288152,0.016570108,0.0003,-0.024926879566919524,2.432631731033325
8.60038519,7721,5,7,61440,63.58,5.5442717219392454,0.9735372066497803,0.3754439353942871,0.228759765625,40,0.2,-16.72819145520528,0.018175546,0.0003,-0.026717814444661297,2.8421850204467773
6.985430320000001,7612,6,9,73728,66.2,4.7611210187276205,0.9686439633369446,0.4868021011352539,0.23977864583333333,50,0.2,-16.654398985703786,0.019927366,0.0003,-0.029084558694739825,2.2896173000335693
8.536220799999999,7477,7,11,86016,64.02,4.561755632360776,0.9609841704368591,0.5474900007247925,0.2598795572916667,60,0.2,-16.569653216997782,0.021177856,0.0003,-0.0284647838784925,2.0409562587738037
10.17062922,7426,8,13,98304,65.07,4.331229150791963,0.9542887806892395,0.6342649459838867,0.26813151041666666,70,0.2,-16.48194406827291,0.021774411,0.0003,-0.030362714562215842,1.5513901710510254
10.240481729999999,7406,9,14,110592,64.39,4.0119978800416,0.9469220638275146,0.6970399618148804,0.27467447916666665,80,0.2,-16.394169795513154,0.024115285,0.0003,-0.03193906806312346,1.4143229722976685
10.554904509999998,7391,10,16,122880,62.07,3.9780826032161714,0.9433393478393555,0.7395778894424438,0.28143717447916666,90,0.2,-16.331346797943116,0.02358225,0.0003,-0.032834841276053336,1.674377202987671
12.461614640000002,7379,11,18,135168,64.44,3.616036036113898,0.9334750771522522,0.7408696413040161,0.2955078125,100,0.2,-16.222602049509685,0.025422683,0.0003,-0.03259566921236304,1.2618427276611328
12.380852029999998,7367,12,20,147456,64.05,3.532573030889034,0.9246097207069397,0.7880833148956299,0.3075358072916667,110,0.2,-16.10307605266571,0.026066124,0.0003,-0.03316005927772494,1.5773216485977173
14.124920090000003,7353,13,21,159744,65.71,3.736377898355325,0.9163684844970703,0.7952263355255127,0.3176025390625,120,0.2,-15.990628828605017,0.026828958,0.0003,-0.033553650833588716,1.6262954473495483
14.99690244,7347,14,23,172032,64.63,3.0642799104253453,0.9076874256134033,0.8330855369567871,0.33501790364583334,130,0.2,-15.875038677453995,0.029050753,0.0003,-0.03587028883145346,1.2755162715911865
15.00580689,7338,15,25,184320,64.62,2.9419253771503766,0.899116039276123,0.8521181344985962,0.35116373697916664,140,0.2,-15.758910689751307,0.031403486,0.0003,-0.034186382563590696,1.2049167156219482
16.758551009999998,7326,16,26,196608,65.5,2.956998304526011,0.8916777968406677,0.8530213832855225,0.3394287109375,150,0.2,-15.656142785151799,0.029861176,0.0003,-0.035982379265866865,1.4219880104064941
18.038813310000002,7321,17,28,208896,64.88,3.129986867805322,0.8843380808830261,0.8694943189620972,0.34208984375,160,0.2,-15.556395534674326,0.029360523,0.0003,-0.0364995318154494,1.5065892934799194
19.65100704,7317,18,30,221184,65.57,3.3789900427063304,0.8785715699195862,0.8764204978942871,0.34275716145833335,170,0.2,-15.46691949168841,0.030152949,0.0003,-0.03495482984095967,1.5223909616470337
18.722096070000003,7313,19,31,233472,66.61,3.3846838052074113,0.8726305961608887,0.8891604542732239,0.33590494791666664,180,0.2,-15.390889173746109,0.030186228,0.0003,-0.035361538058593094,1.3710575103759766
20.569089520000002,7312,20,33,245760,69.32,3.1040496175487835,0.8646957874298096,0.8913969993591309,0.36443684895833334,190,0.2,-15.274149884780249,0.03260614,0.0003,-0.03893475468260779,1.4859954118728638
21.3260308,7312,21,35,258048,68.66,3.443266312777996,0.8602721095085144,0.8926366567611694,0.35791015625,200,0.2,-15.198903942108155,0.03354949,0.0003,-0.03359790207856956,1.3496488332748413
22.094028509999998,7308,22,36,270336,68.86,3.225048822661241,0.8529391288757324,0.9117500185966492,0.36280924479166665,210,0.2,-15.112227847178778,0.03328869,0.0003,-0.037593020136894965,1.249111294746399
21.358847930000007,7300,23,38,282624,69.14,3.2449777821699777,0.8450167179107666,0.9094817042350769,0.37518717447916666,220,0.2,-14.992088109254837,0.036074057,0.0003,-0.038660556441755034,1.5334084033966064
24.164147370000002,7267,24,40,294912,68.34,3.5477287818988166,0.8379942774772644,0.9103241562843323,0.368408203125,230,0.2,-14.887079616387686,0.033113603,0.0003,-0.037094897117155294,1.9356032609939575
24.20801652,7266,25,42,307200,71.81,2.9963235199451446,0.8315039277076721,0.9234189987182617,0.4045003255208333,240,0.2,-14.790648919343948,0.040633056,0.0003,-0.03881106166178749,1.3185429573059082
24.281855130000004,7268,26,43,319488,68.8,3.660483225186666,0.8246952891349792,0.9193388223648071,0.388037109375,250,0.2,-14.687522947788239,0.03741143,0.0003,-0.039937445107110156,2.1383209228515625
26.17399434,7270,27,45,331776,69.27,3.140223245571057,0.8160746693611145,0.9232640862464905,0.414990234375,260,0.2,-14.55155989130338,0.03843879,0.0003,-0.03723671089489168,1.3150824308395386
26.179855829999997,7272,28,47,344064,70.33,3.568213999768098,0.8091106414794922,0.928534209728241,0.4025065104166667,270,0.2,-14.442973516384761,0.039199118,0.0003,-0.039417252663406545,1.3362966775894165
27.5795498,7274,29,48,356352,70.06,3.5753561168909074,0.8013656735420227,0.9285737872123718,0.39459635416666666,280,0.2,-14.326246853669485,0.038582604,0.0003,-0.03938067264922817,1.4673593044281006
28.82981812,7270,30,50,368640,70.3,3.5790610939264296,0.7917277812957764,0.9307407140731812,0.41929524739583335,290,0.2,-14.183831355969112,0.040509935,0.0003,-0.03963114377208209,1.7560700178146362
28.340853480000007,7272,31,52,380928,69.5,3.9160004335145158,0.784945547580719,0.9312541484832764,0.425341796875,300,0.2,-14.069296296437582,0.0427679,0.0003,-0.037985642257262954,1.836716651916504
31.572887630000004,7276,32,54,393216,73.95,4.079269104699294,0.7792032361030579,0.9318193197250366,0.416845703125,310,0.2,-13.966833633184432,0.04185613,0.0003,-0.04005249108692321,1.834241271018982
31.92838722,7280,33,55,405504,72.89,4.189725861450037,0.7721676826477051,0.9334385991096497,0.42939453125,320,0.2,-13.86328084866206,0.045415986,0.0003,-0.040794116008328274,2.261617422103882
32.86289583,7284,34,57,417792,71.93,3.751294930279255,0.7650402188301086,0.9419070482254028,0.45404459635416666,330,0.2,-13.740789951880773,0.04653409,0.0003,-0.04196227633413704,1.3840889930725098
34.69763718,7288,35,59,430080,75.5,3.6598799834648768,0.757392942905426,0.9430875778198242,0.44493001302083335,340,0.2,-13.623565143346786,0.046949517,0.0003,-0.039388697989246185,1.5079669952392578
33.997195420000004,7291,36,60,442368,74.86,3.886141746242841,0.7529931664466858,0.9436537623405457,0.43758951822916664,350,0.2,-13.531035590171815,0.04501451,0.0003,-0.03947577838553116,1.5564117431640625
34.85196947,7292,37,62,454656,76.46,4.043960569302241,0.7467291355133057,0.9411228895187378,0.45415852864583334,360,0.2,-13.441632682085038,0.049549658,0.0003,-0.041951148427809434,1.6717809438705444
35.35260946,7295,38,64,466944,73.11,4.502913635472456,0.7390477061271667,0.9431115388870239,0.4381917317708333,370,0.2,-13.318968657652537,0.046877448,0.0003,-0.04126611671041853,2.285759449005127
34.064282479999996,7297,39,65,479232,71.41,4.140754790107409,0.7325249314308167,0.9443717002868652,0.4525065104166667,380,0.2,-13.201116009553273,0.051355585,0.0003,-0.04075362405468089,1.488906979560852
38.34874112000001,7300,40,67,491520,75.31,3.7128993198275566,0.7240924835205078,0.9499924182891846,0.47954915364583334,390,0.2,-13.069548519452413,0.05645932,0.0003,-0.03906101970836365,1.4145091772079468
38.478277240000004,7300,41,69,503808,73.68,4.121472012996674,0.7168639302253723,0.9497993588447571,0.46881510416666666,400,0.2,-12.932052387793858,0.05212457,0.0003,-0.040861457502857475,1.804949402809143
40.36171614999999,7300,42,70,516096,76.43,4.232617634534836,0.7101969122886658,0.9535056948661804,0.4565836588541667,410,0.2,-12.81810933748881,0.052783966,0.0003,-0.04180945869884454,1.6917320489883423
39.435030409999996,7297,43,72,528384,75.5,4.393148147066435,0.7059289813041687,0.9519762992858887,0.46786295572916664,420,0.2,-12.728033630053202,0.050902326,0.0003,-0.04255213624128373,1.6876161098480225
41.719958489999996,7298,44,74,540672,76.53,4.068036814033985,0.6990172863006592,0.9516529440879822,0.482763671875,430,0.2,-12.619512687126795,0.05430611,0.0003,-0.04045588177201959,2.2147626876831055
41.57227667,7300,45,75,552960,73.39,4.069055074453354,0.6930357813835144,0.9543474316596985,0.4764892578125,440,0.2,-12.510906944672266,0.05400288,0.0003,-0.03861682247467494,1.843202829360962
43.949189659999995,7302,46,77,565248,79.05,3.604934722433488,0.6891055107116699,0.9637719988822937,0.49638671875,450,0.2,-12.42734715938568,0.060111273,0.0003,-0.03974867602713251,1.315347671508789
41.93341713999999,7303,47,79,577536,74.52,5.24027972817421,0.6854111552238464,0.9495587348937988,0.44627278645833335,460,0.2,-12.353075472513835,0.045169577,0.0003,-0.04047444142343011,2.8472366333007812
44.5035732,7305,48,80,589824,76.49,4.286879842480023,0.678830623626709,0.9590545296669006,0.4859375,470,0.2,-12.250181770324707,0.0533111,0.0003,-0.037877024918755824,1.4446094036102295
47.56113541,7308,49,82,602112,79.14,4.359980299075445,0.6733272671699524,0.9594427347183228,0.468994140625,480,0.2,-12.148585891723632,0.0544747,0.0003,-0.03743951308327572,1.9479341506958008
46.12330207,7310,50,84,614400,76.66,4.3687839741508165,0.6690539717674255,0.9640181660652161,0.48601888020833334,490,0.2,-12.060023055473964,0.062168326,0.0003,-0.03958987391379196,1.9362019300460815
47.85935617000001,7313,51,85,626688,78.24,3.925817880531152,0.6644821763038635,0.9648404121398926,0.5072102864583333,500,0.2,-11.978909852107366,0.0610757,0.0003,-0.03853594549436821,1.8011173009872437
46.54458919,7315,52,87,638976,77.89,5.259905317425728,0.6601693630218506,0.9605395197868347,0.4726969401041667,510,0.2,-11.887588995695115,0.053628493,0.0003,-0.03811672919934305,2.1714963912963867
49.88406964,7318,53,88,651264,79.36,5.116155535976092,0.6543682217597961,0.9598998427391052,0.48251953125,520,0.2,-11.789556946357092,0.055175204,0.0003,-0.03826538695235892,2.444371223449707
49.76614569,7319,54,90,663552,78.82,4.285336209833622,0.6482579708099365,0.9643986225128174,0.508740234375,530,0.2,-11.676571410894393,0.06264927,0.0003,-0.038825371865095805,1.8964968919754028
48.91306496,7321,55,92,675840,78.13,4.456378979980945,0.6425843834877014,0.9655344486236572,0.5197184244791667,540,0.2,-11.565179097652436,0.06408089,0.0003,-0.035899159849698964,1.3274390697479248
50.14239916,7323,56,93,688128,76.58,4.36801078269879,0.6389968395233154,0.9641549587249756,0.5206705729166666,550,0.2,-11.476271573702494,0.07008299,0.0003,-0.03572162526349227,2.150690793991089
54.14976396,7325,57,95,700416,81.04,3.710166208942731,0.6334738731384277,0.9712491035461426,0.5348470052083333,560,0.2,-11.383085856835047,0.076164484,0.0003,-0.03574940836503326,2.0316214561462402
49.40545661999999,7324,58,97,712704,76.99,5.00094876686732,0.6283226013183594,0.965813159942627,0.4822509765625,570,0.2,-11.271302332480749,0.057320017,0.0003,-0.04035916763338416,2.551546096801758
52.94295052,7325,59,98,724992,80.18,3.94645467599233,0.6244651675224304,0.9721806645393372,0.5513916015625,580,0.2,-11.18291871547699,0.07451749,0.0003,-0.03572417737547463,1.9301159381866455
53.247577789999994,7326,60,100,737280,79.5,4.482610529164473,0.6207917332649231,0.9698143005371094,0.5143147786458333,590,0.2,-11.111368421713511,0.06733596,0.0003,-0.037161352136657416,1.9267356395721436
58.58118240000001,7324,61,102,749568,87.11,3.4799395481745403,0.6165583729743958,0.9747058749198914,0.5381429036458333,600,0.2,-11.01822907924652,0.07041266,0.0003,-0.034985851641977206,1.4684661626815796
54.112803080000006,7323,62,104,761856,80.62,5.117713426053524,0.610858678817749,0.9643951058387756,0.49757486979166665,610,0.2,-10.913352791468302,0.061058715,0.0003,-0.03903666959571031,2.9275870323181152
56.333582390000004,7323,63,105,774144,81.52,4.220338344573975,0.6082510948181152,0.9716629981994629,0.5295979817708333,620,0.2,-10.82978554169337,0.07249612,0.0003,-0.038294867869505346,2.0090863704681396
56.97336968,7325,64,107,786432,81.21,4.528650324046612,0.6030023097991943,0.9670155048370361,0.5171468098958333,630,0.2,-10.735112533966701,0.066767246,0.0003,-0.03760756261472124,1.3675127029418945
55.93476584,7326,65,109,798720,79.46,4.465078853567442,0.598183810710907,0.9695144295692444,0.5242757161458333,640,0.2,-10.632775106032689,0.071284205,0.0003,-0.035810035182900414,2.1893932819366455
57.86450194,7328,66,110,811008,79.03,4.391449496646723,0.5932585597038269,0.9736000895500183,0.5328857421875,650,0.2,-10.52904185851415,0.07128335,0.0003,-0.03504802722551782,1.8230267763137817
56.345435499999994,7330,67,112,823296,79.42,3.5722325717409453,0.5886877179145813,0.9769355654716492,0.5579833984375,660,0.2,-10.43785963455836,0.079785705,0.0003,-0.0303346557203137,1.4892468452453613
61.15714386999999,7331,68,113,835584,83.3,4.384638333320618,0.5854855179786682,0.9728223085403442,0.5368082682291667,670,0.2,-10.353484263022741,0.07205486,0.0003,-0.034013705978092425,2.225450038909912
58.25713668,7332,69,115,847872,80.31,4.938680716852347,0.5821676254272461,0.975297749042511,0.5254475911458333,680,0.2,-10.283371128638585,0.062600546,0.0003,-0.03493062072702742,2.983168125152588
60.44583213000001,7334,70,117,860160,83.07,4.1669372074306015,0.5779029726982117,0.9779467582702637,0.5429036458333333,690,0.2,-10.207101124525071,0.077134706,0.0003,-0.03554100873006973,1.8564114570617676
59.04631462000001,7335,71,118,872448,81.34,4.849488804737727,0.5732855200767517,0.973217248916626,0.5373128255208334,700,0.2,-10.101365347703299,0.075759895,0.0003,-0.03163280587565775,1.5159357786178589
62.134012090000006,7335,72,120,884736,83.48,4.073354602853457,0.5700612664222717,0.9776139259338379,0.5530354817708333,710,0.2,-10.016278847058613,0.07568512,0.0003,-0.03413573103801658,1.8900798559188843
64.8683667,7336,73,122,897024,86.34,3.502779601017634,0.5651912093162537,0.9808266758918762,0.5620524088541666,720,0.2,-9.924746386210124,0.0854392,0.0003,-0.03204051581269596,1.4371882677078247
63.70913114000001,7337,74,123,909312,85.89,4.691702999671301,0.5615971684455872,0.9784877300262451,0.5428629557291667,730,0.2,-9.83236990571022,0.0747251,0.0003,-0.03198214512328074,2.0076472759246826
67.03727194,7338,75,125,921600,89.14,3.6116593291362125,0.5581836700439453,0.9791796803474426,0.5680826822916667,740,0.2,-9.747263437509536,0.08228592,0.0003,-0.03287840193079319,1.7538857460021973
62.96802229,7339,76,127,933888,84.87,3.8089635292689006,0.5540786385536194,0.9805770516395569,0.5583170572916667,750,0.2,-9.663982248306274,0.07965863,0.0003,-0.03324977540663288,1.6784566640853882
67.97954414,7341,77,128,946176,90.87,3.458010600258907,0.5505481362342834,0.9791247844696045,0.5646728515625,760,0.2,-9.585403857628505,0.08273759,0.0003,-0.03294283079158049,1.2685456275939941
63.34031176000001,7341,78,130,958464,86.01,5.09315286676089,0.5459073781967163,0.9743603467941284,0.5331461588541667,770,0.2,-9.489917196830113,0.06962132,0.0003,-0.03179010489645104,2.8350629806518555
67.21481289000002,7342,79,132,970752,88.7,4.4353010306755705,0.5420565009117126,0.978538453578949,0.5473795572916667,780,0.2,-9.394955271482468,0.080789655,0.0003,-0.03179444654864104,2.184556007385254
67.93423551,7344,80,133,983040,89.06,5.425784610211849,0.5380865335464478,0.975555419921875,0.5374755859375,790,0.2,-9.302305976549784,0.07743024,0.0003,-0.03174143866053782,2.2701690196990967
64.59696183999999,7339,81,135,995328,85.94,3.554485080887874,0.5360632538795471,0.9817041754722595,0.5990966796875,800,0.2,-9.240755613644918,0.09839809,0.0003,-0.030972169021940013,1.5714845657348633
63.756832270000004,7340,82,137,1007616,84.89,3.4841033222774667,0.5335023999214172,0.9818310141563416,0.5888997395833333,810,0.2,-9.180804971853892,0.09710098,0.0003,-0.029578106059731605,1.3602195978164673
64.53059582,7341,83,138,1019904,86.19,3.730185779929161,0.5295959115028381,0.9788382649421692,0.5810546875,820,0.2,-9.102752228577932,0.093934916,0.0003,-0.02934962984775969,1.3599497079849243
72.37987064000001,7342,84,140,1032192,94.25,3.3637722678482533,0.527613639831543,0.9835607409477234,0.58310546875,830,0.2,-9.054036949078242,0.088433646,0.0003,-0.029403349633988305,1.1820344924926758
75.42645194999999,7344,85,142,1044480,95.47,5.064834131797155,0.5252683162689209,0.9775493144989014,0.5302978515625,840,0.2,-8.992851881186168,0.06942553,0.0003,-0.03371257657029977,2.0773379802703857
74.3685652,7345,86,143,1056768,94.54,4.1964259326457976,0.5230400562286377,0.9782835245132446,0.5577962239583333,850,0.2,-8.943922102451324,0.08320356,0.0003,-0.03412226678531927,2.7399649620056152
71.44478024000001,7345,87,145,1069056,92.47,4.4014954601724945,0.5201968550682068,0.9819896817207336,0.55810546875,860,0.2,-8.879749673604966,0.08879445,0.0003,-0.03224729653690398,1.8253995180130005
72.65130228,7346,88,147,1081344,97.75,4.401998811463515,0.5168271660804749,0.9814267754554749,0.5655680338541667,870,0.2,-8.809382790327072,0.08174423,0.0003,-0.03248240672207127,2.4347193241119385
73.34802404999999,7347,89,148,1093632,97.24,5.4350916117429735,0.5144426226615906,0.9757651090621948,0.5377848307291667,880,0.2,-8.751512626806894,0.070852496,0.0003,-0.031098950757101798,1.6867083311080933
79.94795839,7349,90,150,1105920,102.07,3.881856548786163,0.5121253132820129,0.9824303984642029,0.5960611979166667,890,0.2,-8.682898581027985,0.0958283,0.0003,-0.02936238439773054,1.541491985321045
76.94868171,7349,91,152,1118208,102.78,5.919480753938357,0.5104677081108093,0.9780179858207703,0.5442464192708333,900,0.2,-8.634616003433864,0.074602,0.0003,-0.031699699633948815,2.4567348957061768
76.74804513,7350,92,153,1130496,100.32,4.617758112649123,0.5090487599372864,0.9812200665473938,0.5765869140625,910,0.2,-8.601962145169576,0.09070229,0.0003,-0.027207812170187633,2.6070661544799805
77.72175225,7350,93,155,1142784,102.77,4.825449461241563,0.507713794708252,0.9792454242706299,0.57998046875,920,0.2,-8.5697036921978,0.08824372,0.0003,-0.027555887659157938,1.7644877433776855
81.46394330000001,7347,94,157,1155072,104.3,4.745841769377391,0.5030267238616943,0.97977215051651,0.5825602213541666,930,0.2,-8.476304775476455,0.09277222,0.0003,-0.02945345640764572,2.467090368270874
74.78094053,7340,95,159,1167360,103.05,5.133953556915125,0.5014671683311462,0.9801667332649231,0.5719401041666666,940,0.2,-8.422078035275142,0.08549762,0.0003,-0.031266973546007645,2.7444396018981934
82.53801881,7333,96,160,1179648,109.08,4.6225433443983395,0.4984997808933258,0.9788915514945984,0.5922281901041667,950,0.2,-8.355559541781743,0.09545229,0.0003,-0.029240096843568607,2.2120213508605957
84.71587411,7328,97,162,1191936,109.48,5.012691226353248,0.49715137481689453,0.9798858761787415,0.5864990234375,960,0.2,-8.302485199769338,0.09768144,0.0003,-0.028371585152732828,2.2879536151885986
83.41578539,7322,98,164,1204224,108.01,4.740264962613582,0.4934699833393097,0.9785308241844177,0.5997965494791667,970,0.2,-8.223948699235915,0.10127821,0.0003,-0.02975155523211773,1.97471022605896
86.52228275000002,7314,99,166,1216512,111.77,4.225670512020588,0.4909919500350952,0.9842777848243713,0.6013997395833334,980,0.2,-8.157299025853474,0.105408646,0.0003,-0.027517655092136314,1.587262511253357
82.04746028,7309,100,168,1228800,109.6,5.274487102031708,0.4883812367916107,0.9788146018981934,0.5772705078125,990,0.2,-8.094483566284179,0.09418974,0.0003,-0.028382311799214223,2.592878580093384
85.48316380000001,7305,101,169,1241088,115.64,4.928627326091131,0.48697659373283386,0.9789467453956604,0.577001953125,1000,0.2,-8.05046728849411,0.09150878,0.0003,-0.029340488367597572,2.223763942718506
88.81413376,7303,102,171,1253376,116.28,5.198850739002228,0.4831556975841522,0.9795398116111755,0.568359375,1010,0.2,-7.977594618002573,0.09480839,0.0003,-0.0279677422028423,2.5315663814544678
95.13724221999999,7303,103,173,1265664,118.24,5.024314126372337,0.48235905170440674,0.9788313508033752,0.5923665364583334,1020,0.2,-7.933598450819651,0.10115936,0.0003,-0.02638153733278159,2.461338758468628
89.73652095999998,7304,104,174,1277952,118.88,5.529153653979302,0.4812673330307007,0.9820031523704529,0.5749837239583333,1030,0.2,-7.914949989318847,0.09683672,0.0003,-0.027939267119897217,2.052818775177002
93.68491844,7304,105,176,1290240,120.87,6.593276466925939,0.4782697260379791,0.9727475047111511,0.5935465494791666,1040,0.2,-7.859743427236875,0.105858915,0.0003,-0.024523922372221327,2.1978840827941895
94.97988723999998,7301,106,178,1302528,122.22,5.557557764152686,0.47765621542930603,0.9773098230361938,0.6016276041666667,1050,0.2,-7.821062286694844,0.10645169,0.0003,-0.030184778302403476,2.20166015625
106.41377853000002,7298,107,180,1314816,135.56,5.1748851175109545,0.4764241874217987,0.9824249744415283,0.6243326822916667,1060,0.2,-7.780239360531171,0.109298475,0.0003,-0.027127347009566923,2.4135043621063232
111.07759076,7291,108,182,1327104,140.39,7.047910221417745,0.47319677472114563,0.9770988821983337,0.5491129557291666,1070,0.2,-7.719812372326851,0.086058974,0.0003,-0.03388993484647169,2.1980412006378174
110.33030188999999,7288,109,183,1339392,144.11,5.934582281112671,0.4719870984554291,0.9818143248558044,0.5682942708333333,1080,0.2,-7.675475614269574,0.09412006,0.0003,-0.02884110142258578,2.275461196899414
128.96826002999998,7287,110,185,1351680,168.18,8.051041678587596,0.4710146486759186,0.9765133261680603,0.5444010416666667,1090,0.2,-7.642373024423917,0.08277869,0.0003,-0.031101942202076314,2.249960422515869
128.69002544,7286,111,187,1363968,165.48,11.994741237163543,0.47043681144714355,0.9653578400611877,0.49755859375,1100,0.2,-7.619844473401705,0.05991612,0.0003,-0.032364127453183754,5.12605094909668
143.39772472,7286,112,188,1376256,179.51,9.979254846771559,0.46809470653533936,0.9775800108909607,0.5419759114583333,1110,0.2,-7.583118851979574,0.08182686,0.0003,-0.029812065243216543,4.8756937980651855
140.24608836,7284,113,190,1388544,172.67,10.199269554018974,0.46638262271881104,0.9758052825927734,0.5360432942708333,1120,0.2,-7.5329692016045255,0.07900902,0.0003,-0.030593538768395472,3.453486442565918
126.80360067,7278,114,192,1400832,164.13,7.607850327094396,0.46386799216270447,0.9779599905014038,0.6056070963541667,1130,0.2,-7.48369879424572,0.10871001,0.0003,-0.02839001530179909,2.784156560897827
131.12876916,7278,115,194,1413120,166.06,7.622004681328932,0.46159490942955017,0.982745885848999,0.6287679036458333,1140,0.2,-7.434281852841377,0.11434128,0.0003,-0.02270755202722891,1.881883978843689
141.691011,7277,116,195,1425408,180.27,6.942919649680456,0.4605264663696289,0.9817574620246887,0.6402180989583334,1150,0.2,-7.394858382145563,0.12910457,0.0003,-0.02185452827834524,2.7706377506256104
171.84864195999998,7270,117,197,1437696,219.48,9.507078629732131,0.459009051322937,0.979939341545105,0.5691487630208333,1160,0.2,-7.359711493055026,0.09401145,0.0003,-0.030447109877907982,3.462116241455078
212.54706687000007,7266,118,199,1449984,273.37,7.863368332386017,0.4575689733028412,0.9707627296447754,0.5894612630208333,1170,0.2,-7.318175780773163,0.10208592,0.0003,-0.022149454130946346,3.24629282951355
210.21837488,7255,119,201,1462272,270.94,7.600572953621547,0.45628952980041504,0.9832703471183777,0.5856608072916667,1180,0.2,-7.297176192204158,0.092368565,0.0003,-0.02712458090293997,1.9587572813034058
211.82138696,7250,120,203,1474560,267.74,8.386866535743078,0.4543345272541046,0.9817951321601868,0.5775390625,1190,0.2,-7.242618870735169,0.09836653,0.0003,-0.024675235608204577,3.2498106956481934
248.34662615000005,7248,121,205,1486848,318.93,7.640860137343407,0.45298364758491516,0.9823688864707947,0.60126953125,1200,0.2,-7.207720239957173,0.105639584,0.0003,-0.024136936301753547,3.3647608757019043
296.94710339,7245,122,206,1499136,393.35,3.770926473538081,0.451601505279541,0.9826017618179321,0.6811848958333333,1210,0.2,-7.174382953842481,0.14874606,0.0003,-0.005607196714845486,1.6943498849868774
314.62718904,7244,123,208,1511424,434.47,5.545930023491382,0.4517110288143158,0.9810408353805542,0.5989664713541667,1220,0.2,-7.158213791251183,0.10335255,0.0003,-0.023073377121181692,1.5232641696929932
361.8657634499999,7240,124,210,1523712,495.6,5.8766173124313354,0.45021888613700867,0.9831382036209106,0.5689534505208333,1230,0.2,-7.141771321495374,0.09088119,0.0003,-0.02546679730003234,3.8081867694854736
380.04448680999997,7239,125,212,1536000,522.29,4.564519447088242,0.4482520520687103,0.9838261008262634,0.6208089192708334,1240,0.2,-7.1038658857345585,0.113661595,0.0003,-0.019011323250985392,1.3366265296936035
375.71891044000006,7238,126,213,1548288,519.34,5.877679548660914,0.4472830593585968,0.9845061898231506,0.5738199869791667,1250,0.2,-7.066784809033076,0.08806213,0.0003,-0.01987148808693746,1.7809275388717651
342.93615193,7238,127,215,1560576,472.2,5.387604162096977,0.44666242599487305,0.9824238419532776,0.619189453125,1260,0.2,-7.046695946653684,0.11128665,0.0003,-0.023161271369705597,2.3188092708587646
346.8725703599999,7236,128,217,1572864,472.8,8.450872519115608,0.4447159767150879,0.9866399765014648,0.5300862630208333,1270,0.2,-7.006531741221746,0.065826245,0.0003,-0.029831214633304626,2.3499858379364014
352.3911279900001,7235,129,219,1585152,493.27,3.366701341668765,0.4440856873989105,0.9918914437294006,0.6894694010416667,1280,0.2,-6.983453161517779,0.149971,0.0003,-0.00695353202924404,1.2622575759887695
353.71945898000007,7235,130,220,1597440,495.48,4.328195252021154,0.4420749247074127,0.9845680594444275,0.6033854166666667,1290,0.2,-6.949085452159246,0.09512514,0.0003,-0.01798933709457439,1.936508059501648
350.52688144,7235,131,222,1609728,493.95,2.9418362299601237,0.44162753224372864,0.9927894473075867,0.6869303385416666,1300,0.2,-6.924557787179947,0.16663875,0.0003,-0.006194316555532472,1.4150253534317017
338.88535896999997,7235,132,224,1622016,474.15,5.379596826434136,0.4406268894672394,0.9885643720626831,0.556298828125,1310,0.2,-6.903070235252381,0.092286766,0.0003,-0.027131883202431102,1.5484732389450073
314.7329331,7235,133,225,1634304,432.15,2.6122121279438337,0.4387429654598236,0.993484616279602,0.6512451171875,1320,0.2,-6.853822542230288,0.1428296,0.0003,-0.016280650842236354,0.7926270961761475
312.57483076999995,7235,134,227,1646592,432.22,2.6783639480670294,0.4372836649417877,0.9945447444915771,0.6457275390625,1330,0.2,-6.815338899691899,0.13002656,0.0003,-0.016028872932656667,1.2844312191009521
356.68849664000004,7234,135,229,1658880,478.48,6.245317625502746,0.43557772040367126,0.9859092831611633,0.52265625,1340,0.2,-6.7691130618254345,0.0635865,0.0003,-0.032394686302965665,2.8730595111846924
389.4888227,7234,136,230,1671168,526.81,3.5696420314411323,0.43388405442237854,0.9928135275840759,0.6207438151041667,1350,0.2,-6.722840330998102,0.1224988,0.0003,-0.015331868382054381,1.5016591548919678
413.4833902899998,7234,137,232,1683456,584.15,3.6258599845071635,0.43410512804985046,0.9894390106201172,0.6137939453125,1360,0.2,-6.711918798089028,0.11170151,0.0003,-0.021860268741147593,1.542041540145874
456.18946151000006,7235,138,234,1695744,644.8,4.139941258976857,0.43261775374412537,0.990514874458313,0.5796142578125,1370,0.2,-6.674123217662175,0.09562958,0.0003,-0.02242692827421706,1.3698506355285645
472.3296455800001,7235,139,236,1708032,686.65,3.77644440283378,0.4324404299259186,0.9897517561912537,0.602490234375,1380,0.2,-6.6620547066132225,0.10801824,0.0003,-0.022302149924992895,1.972899079322815
490.60019222000005,7235,140,237,1720320,730.3,2.7778280436992646,0.43185821175575256,0.9896315932273865,0.6129964192708334,1390,0.2,-6.653249713778496,0.11258131,0.0003,-0.020427770130724335,0.7877602577209473
500.49803122000003,7236,141,239,1732608,755.85,3.7351859477659066,0.4302406311035156,0.9912851452827454,0.5904541015625,1400,0.2,-6.611550076802572,0.11614969,0.0003,-0.02172000686987303,1.17296302318573
491.15530844999995,7236,142,241,1744896,763.97,4.0480900838971134,0.42959070205688477,0.9919368028640747,0.6015543619791667,1410,0.2,-6.590342965722084,0.11166674,0.0003,-0.021576220954496725,1.3991509675979614
492.14487757,7236,143,242,1757184,761.09,2.9177211701869963,0.42907437682151794,0.9931219220161438,0.6102864583333333,1420,0.2,-6.578590849041939,0.09654719,0.0003,-0.02201077092055736,1.0308144092559814
476.60239035,7234,144,244,1769472,723.43,4.074592125415802,0.4283108711242676,0.9889753460884094,0.536181640625,1430,0.2,-6.553517054518064,0.08157143,0.0003,-0.02706223465114211,1.5781581401824951
478.10446486000006,7229,145,246,1781760,681.33,2.3412049422661463,0.4280061423778534,0.9937311410903931,0.629296875,1440,0.2,-6.539813181757927,0.11775274,0.0003,-0.016720249176432844,0.8504990339279175
482.18704631,7229,146,248,1794048,673.09,6.24776993294557,0.4260566532611847,0.9907104969024658,0.4910481770833333,1450,0.2,-6.505309137701988,0.06083597,0.0003,-0.029820843914058058,1.84676992893219
462.79974939,7229,147,249,1806336,634.8,8.157706294457117,0.42503654956817627,0.987891435623169,0.5112711588541666,1460,0.2,-6.458134456475576,0.065134056,0.0003,-0.030787083679266896,3.0917551517486572
464.07136012999996,7230,148,251,1818624,627.35,3.938825315982103,0.42465683817863464,0.9933527112007141,0.6263427734375,1470,0.2,-6.4485638250907265,0.13098782,0.0003,-0.019627702491319118,1.106859564781189
448.9578658,7230,149,253,1830912,631.74,2.625200298676888,0.42363953590393066,0.9911274313926697,0.65107421875,1480,0.2,-6.425388927261035,0.11189368,0.0003,-0.009089357227882526,0.8139660954475403
446.21907383000007,7231,150,254,1843200,643.2,3.7051567544539767,0.4240095615386963,0.988887369632721,0.6249674479166667,1490,0.2,-6.423451363046964,0.10621669,0.0003,-0.005280101005337201,0.6782393455505371
447.43257818000006,7225,151,256,1855488,654.52,3.007686169197162,0.4234189987182617,0.9927389621734619,0.58359375,1500,0.2,-6.406192826231321,0.0894051,0.0003,-0.02147290642024018,0.7871437668800354
442.25900326000004,7221,152,258,1867776,664.47,3.4528896143039067,0.42291203141212463,0.9908584356307983,0.6518880208333333,1510,0.2,-6.402763000130653,0.12301588,0.0003,-0.008225383208385513,1.5975584983825684
439.90766165,7214,153,260,1880064,676.21,3.150481624652942,0.4216872751712799,0.992654025554657,0.6003255208333333,1520,0.2,-6.355373268326123,0.09936341,0.0003,-0.025811132134792084,1.201352596282959
416.8227902499999,7211,154,262,1892352,639.16,3.4250065719087917,0.4212258756160736,0.9926450848579407,0.59404296875,1530,0.2,-6.354304909706116,0.09304812,0.0003,-0.02220090122136753,1.5596646070480347
429.05464185000005,7210,155,264,1904640,627.66,3.5767205891509852,0.42114290595054626,0.9916196465492249,0.5951741536458334,1540,0.2,-6.340998128056526,0.10719717,0.0003,-0.021268825127238718,0.8952673673629761
422.91019230000006,7210,156,265,1916928,572.83,8.982686323424181,0.41957783699035645,0.9855656027793884,0.4939453125,1550,0.2,-6.311488442619642,0.061969,0.0003,-0.032213757032877766,3.2696588039398193
413.37754528,7211,157,267,1929216,540.91,5.814274181425572,0.41860732436180115,0.9899313449859619,0.5601969401041667,1560,0.2,-6.279869971672694,0.07814369,0.0003,-0.028855227866248848,1.7669687271118164
393.31328268,7211,158,269,1941504,496.12,12.67585880458355,0.41819870471954346,0.9818236827850342,0.47539876302083334,1570,0.2,-6.247682236631712,0.056945782,0.0003,-0.03424108254839666,4.488962650299072
388.85135237,7212,159,270,1953792,488.5,7.687200366457303,0.41846051812171936,0.9886756539344788,0.6151774088541667,1580,0.2,-6.26826669772466,0.11245912,0.0003,-0.024444385273091028,2.407127618789673
375.05668337000003,7212,160,272,1966080,491.82,8.111095720529557,0.41768452525138855,0.9852081537246704,0.6148518880208333,1590,0.2,-6.253573056062063,0.11592585,0.0003,-0.01864630373408242,3.016418218612671
363.1554922500001,7213,161,274,1978368,484.37,5.907510611911615,0.4162478446960449,0.9906742572784424,0.644189453125,1600,0.2,-6.220741811394691,0.11566781,0.0003,-0.01639249731476108,3.1668879985809326
355.71978715000006,7214,162,275,1990656,499.14,6.040780605872472,0.4164625108242035,0.9859977960586548,0.6380452473958333,1610,0.2,-6.193722327550252,0.111008726,0.0003,-0.01854719146261535,1.7706290483474731
365.29010571,7214,163,277,2002944,525.26,7.223909768462181,0.4156809151172638,0.9831031560897827,0.59990234375,1620,0.2,-6.187323397397995,0.099252395,0.0003,-0.021654422864473114,2.2368834018707275
388.03308968,7214,164,279,2015232,545.17,5.535287290811539,0.4156099259853363,0.9869005680084229,0.6624348958333334,1630,0.2,-6.180064243078232,0.14743064,0.0003,-0.013870990620731997,1.6707546710968018
429.59271653,7215,165,281,2027520,598.2,2.827294514576594,0.4156874418258667,0.9926401376724243,0.7066243489583334,1640,0.2,-6.175319689512253,0.17193626,0.0003,-0.0037917249156938244,1.0298641920089722
466.6836849999999,7215,166,282,2039808,636.53,4.542867311835289,0.4154881238937378,0.9837549328804016,0.5908854166666667,1650,0.2,-6.171040820082029,0.109577894,0.0003,-0.024984633873100393,1.3100382089614868
487.1807524199999,7216,167,284,2052096,656.6,5.7187929674983025,0.4155175983905792,0.9833911657333374,0.5782470703125,1660,0.2,-6.161113436023395,0.096129276,0.0003,-0.02595350024785148,1.992250680923462
478.9476373499999,7216,168,286,2064384,640.12,3.869347332169612,0.4145151376724243,0.9901663661003113,0.6393391927083333,1670,0.2,-6.146108839909235,0.12583515,0.0003,-0.019241349394724237,1.3506901264190674
480.64821543,7215,169,287,2076672,639.47,4.663813356558482,0.4139097034931183,0.9916067719459534,0.6189860026041667,1680,0.2,-6.135687660177549,0.12865245,0.0003,-0.021340434422988133,1.3039473295211792
455.86382600999997,7215,170,289,2088960,613.16,3.4352389524380365,0.41325652599334717,0.9916681051254272,0.6752766927083333,1690,0.2,-6.106039461493492,0.14768916,0.0003,-0.01784376015032952,1.3468512296676636
427.2179193799999,7215,171,291,2101248,595.19,3.7563900073369343,0.41243377327919006,0.9928098917007446,0.6131022135416667,1700,0.2,-6.0732497572898865,0.10735398,0.0003,-0.02464791212308531,1.0054720640182495
427.23330144999994,7216,172,292,2113536,637.28,6.617036633193493,0.4116799533367157,0.9858054518699646,0.5984781901041667,1710,0.2,-6.059016502896944,0.10212345,0.0003,-0.024611149793781806,2.948897361755371
426.21870067000003,7216,173,294,2125824,658.99,9.989030464490254,0.41123703122138977,0.9715490341186523,0.5131673177083333,1720,0.2,-6.034612342715263,0.06672991,0.0003,-0.03530337123568946,5.695194244384766
452.33405344000005,7217,174,296,2138112,694.86,3.802381357550621,0.4111490249633789,0.9884583950042725,0.6376139322916666,1730,0.2,-6.032663514216741,0.13647859,0.0003,-0.021088334553011616,1.4603480100631714
429.83316503000003,7217,175,297,2150400,695.74,8.240633061528206,0.41068562865257263,0.9726347923278809,0.5810872395833333,1740,0.2,-6.024797943234444,0.09922183,0.0003,-0.025833039209828712,3.1268410682678223
432.49829825,7217,176,299,2162688,717.79,8.101113685965538,0.40932145714759827,0.98069167137146,0.5962483723958333,1750,0.2,-5.989220909277598,0.102191485,0.0003,-0.029473414513631724,2.8085525035858154
464.0162211399999,7218,177,301,2174976,730.37,7.228733651836714,0.40819039940834045,0.9860775470733643,0.596875,1760,0.2,-5.94794637064139,0.10232777,0.0003,-0.024385982258051324,2.5150198936462402
499.49911927999995,7218,178,302,2187264,752.75,6.851088723540306,0.4069509506225586,0.9842960238456726,0.6177408854166667,1770,0.2,-5.934561522801717,0.12540568,0.0003,-0.020919629107811488,2.3319051265716553
507.06112110000004,7219,179,304,2199552,764.07,3.7367124244570733,0.4063030481338501,0.9877679944038391,0.6533854166666667,1780,0.2,-5.89788162012895,0.14264546,0.0003,-0.015204467526442993,0.8923976421356201
499.57160192000003,7219,180,306,2211840,762.87,9.041630379358928,0.40677332878112793,0.9764845371246338,0.5838785807291667,1790,0.2,-5.905371952056885,0.08742789,0.0003,-0.022580965007364284,3.140735387802124
522.93289058,7220,181,308,2224128,781.36,6.314578883846601,0.4060998260974884,0.9859052896499634,0.6318196614583333,1800,0.2,-5.902846349279086,0.1120986,0.0003,-0.019744441639826013,2.6096246242523193
539.4170338399999,7220,182,309,2236416,806.46,7.228134864568711,0.4042791426181793,0.9866151213645935,0.6301432291666667,1810,0.2,-5.857073756059011,0.11992156,0.0003,-0.018024362101762868,3.193291425704956
527.4839455299999,7220,183,311,2248704,829.92,9.012950637936592,0.40377044677734375,0.9830114245414734,0.6132486979166667,1820,0.2,-5.831974824269612,0.0981916,0.0003,-0.020548967360082316,3.257946252822876
518.5742219499999,7221,184,313,2260992,825.82,8.4267133106788,0.40347549319267273,0.9852555990219116,0.5995361328125,1830,0.2,-5.82522967060407,0.09760219,0.0003,-0.025523562388358793,3.5976173877716064
476.3307064100001,7221,185,314,2273280,803.93,5.606980900963148,0.4030546247959137,0.9872348308563232,0.631689453125,1840,0.2,-5.814894318580627,0.122042246,0.0003,-0.020173093802683676,2.142167806625366
497.39744477000005,7221,186,316,2285568,802.43,4.82756939480702,0.40360888838768005,0.9911416172981262,0.6555013020833333,1850,0.2,-5.825172537565232,0.13114046,0.0003,-0.015365186025155709,1.6389681100845337
490.76259129,7221,187,318,2297856,784.06,2.7201426550745964,0.40163740515708923,0.9916670322418213,0.6445068359375,1860,0.2,-5.7843630830446875,0.14886023,0.0003,-0.02036714150599437,0.9350707530975342
459.8594292400001,7221,188,319,2310144,733.51,3.1574566558003427,0.40151461958885193,0.9923661947250366,0.6401529947916667,1870,0.2,-5.7723872701327,0.1221038,0.0003,-0.02141730679941247,1.0433803796768188
413.2487252599999,7219,189,321,2322432,672.87,5.9063214883208275,0.40088847279548645,0.98874431848526,0.5822021484375,1880,0.2,-5.746409737070402,0.09557164,0.0003,-0.02630688467179425,2.164041042327881
401.24235142000003,7220,190,323,2334720,649.13,8.100935460130374,0.4008108675479889,0.9800089597702026,0.5710367838541667,1890,0.2,-5.740869054198265,0.08932272,0.0003,-0.033911840768026495,2.999462842941284
380.26372004999996,7220,191,325,2347008,622.94,5.7973527878522875,0.39997589588165283,0.9855298399925232,0.5706217447916667,1900,0.2,-5.720387452840805,0.09168001,0.0003,-0.02917860470188316,2.076509952545166
371.63156000999993,7220,192,326,2359296,613.18,5.572268565495809,0.39924630522727966,0.983017086982727,0.5465413411458333,1910,0.2,-5.698838289578756,0.09306017,0.0003,-0.030778052713139915,1.702102780342102
406.95156096,7221,193,328,2371584,645.25,6.072657631834348,0.39801159501075745,0.9895237684249878,0.6311197916666667,1920,0.2,-5.665512498219808,0.12987247,0.0003,-0.020674942069066067,2.491018056869507
421.10651097999994,7221,194,330,2383872,665.93,1.9458179242908955,0.39605841040611267,0.9939866065979004,0.7003336588541667,1930,0.2,-5.611754975716273,0.17832248,0.0003,-0.00776570361534444,0.7261724472045898
468.3372169499999,7222,195,331,2396160,706.52,1.9477824316670498,0.3948311507701874,0.9934165477752686,0.666650390625,1940,0.2,-5.557903515299161,0.17237061,0.0003,-0.0113541334081674,0.5759464502334595
495.24641101000003,7222,196,333,2408448,716.01,2.1033324632793664,0.3949246108531952,0.9944638013839722,0.6544514973958333,1950,0.2,-5.563773535688719,0.12121856,0.0003,-0.015725739800351825,0.8467394709587097
496.38900156000005,7223,197,335,2420736,739.43,4.927355437974135,0.39466118812561035,0.9862486720085144,0.5667154947916667,1960,0.2,-5.565165094534556,0.08542087,0.0003,-0.029143279141862877,1.87541925907135
498.83533745,7223,198,336,2433024,747.68,2.5911136438449223,0.3927213251590729,0.9920518398284912,0.6272623697916667,1970,0.2,-5.508131166299184,0.1274363,0.0003,-0.020208824585036686,0.9084968566894531
486.2121453599999,7223,199,338,2445312,734.37,2.525802782922983,0.3923437297344208,0.9947089552879333,0.635986328125,1980,0.2,-5.483786183595657,0.13239376,0.0003,-0.019519012912739223,0.7876608967781067
530.67127243,7223,200,340,2457600,753.7,4.396230351924896,0.3913877010345459,0.992164671421051,0.6333740234375,1990,0.2,-5.47599806090196,0.107220106,0.0003,-0.02167845095876449,1.2740838527679443
478.55167066,7224,201,341,2469888,709.43,2.739774436503649,0.39128485321998596,0.9946742653846741,0.6435628255208333,2000,0.2,-5.451546810070673,0.12871505,0.0003,-0.016933502246198866,1.1885558366775513
492.65421407,7224,202,343,2482176,690.28,3.6829853507379693,0.39064013957977295,0.9921388030052185,0.5614176432291667,2010,0.2,-5.445800010363261,0.091431,0.0003,-0.03595708365610335,0.914638340473175
468.09312588000006,7224,203,345,2494464,652.22,3.452575699488322,0.38903164863586426,0.9932296276092529,0.5671712239583333,2020,0.2,-5.40085033873717,0.09992573,0.0003,-0.031128897972909422,0.8166212439537048
466.70518379999993,7224,204,346,2506752,681.28,3.421477059026559,0.3882180154323578,0.9922655820846558,0.6256429036458333,2030,0.2,-5.368722475568453,0.12551971,0.0003,-0.029548951733158902,1.374282956123352
423.56494769999995,7224,205,348,2519040,648.08,6.121361715594928,0.38764700293540955,0.98734050989151,0.56416015625,2040,0.2,-5.34620249470075,0.083987415,0.0003,-0.03272177920298418,1.5681380033493042
426.59539535999994,7225,206,350,2531328,667.34,4.910050827761491,0.38700756430625916,0.9902745485305786,0.6261800130208334,2050,0.2,-5.326370069384575,0.1147644,0.0003,-0.02540523642868114,1.9207677841186523
415.47002924000003,7224,207,352,2543616,688.33,8.678754196564357,0.38647887110710144,0.9822201132774353,0.5977783203125,2060,0.2,-5.301092959443728,0.109047,0.0003,-0.03002781768930921,3.782123327255249
394.17641826,7221,208,353,2555904,694.24,3.1134232255319754,0.38502606749534607,0.9927894473075867,0.6974283854166666,2070,0.2,-5.26505031188329,0.17345978,0.0003,-0.0028007905716852595,1.024735927581787
394.05914082000004,7219,209,355,2568192,613.66,3.8904355791707834,0.38423654437065125,0.99360591173172,0.6132080078125,2080,0.2,-5.234897162516912,0.121713735,0.0003,-0.03023106176891209,1.4828253984451294
385.25789260000005,7215,210,357,2580480,568.35,4.096959875275691,0.38352110981941223,0.9903273582458496,0.5813802083333334,2090,0.2,-5.211269305149714,0.09757972,0.0003,-0.03200851539052867,1.3666088581085205
385.48659395000004,7213,211,359,2592768,507.15,5.573408042887847,0.3826039731502533,0.9885457754135132,0.5797444661458333,2100,0.2,-5.168957818547884,0.101221114,0.0003,-0.030620289345582325,2.451144218444824
403.6408676,7212,212,361,2605056,507.7,5.115718482434749,0.38161173462867737,0.9898492097854614,0.6284098307291667,2110,0.2,-5.144286665320396,0.13495444,0.0003,-0.020826404438897345,1.769538402557373
412.1489193599999,7209,213,363,2617344,518.39,4.794042687614759,0.38153398036956787,0.9906229376792908,0.6377360026041666,2120,0.2,-5.133754557371139,0.13396798,0.0003,-0.028069070046573566,1.757993221282959
458.4848213899999,7208,214,364,2629632,576.24,3.124527652810017,0.3803863525390625,0.9919093251228333,0.707568359375,2130,0.2,-5.096654720107714,0.18727325,0.0003,-0.010455965191067663,0.8310898542404175
447.5972297399999,7208,215,366,2641920,599.38,4.646775790552298,0.38011273741722107,0.9827655553817749,0.654541015625,2140,0.2,-5.078645906845728,0.14220512,0.0003,-0.024371979434605843,1.6755478382110596
490.5439875100001,7208,216,368,2654208,640.88,8.55264193713665,0.3792093098163605,0.9826951622962952,0.5768473307291667,2150,0.2,-5.043789913256963,0.097223856,0.0003,-0.03127417956711724,3.238597869873047
459.47054064,7208,217,369,2666496,615.78,2.857246009508769,0.37944936752319336,0.9940654039382935,0.7219319661458333,2160,0.2,-5.038219007849693,0.20541821,0.0003,-0.00207699858971561,0.990017294883728
461.3272643799999,7208,218,371,2678784,656.58,4.076043018698693,0.3796127736568451,0.9877613186836243,0.684375,2170,0.2,-5.058700757225354,0.16609396,0.0003,-0.016373217166983523,1.3488930463790894
430.3550963,7209,219,373,2691072,625.21,3.8273058061798415,0.37861886620521545,0.9876294136047363,0.6726725260416667,2180,0.2,-5.037374193469684,0.16424237,0.0003,-0.014905658450637323,1.233992099761963
413.58086922000007,7209,220,374,2703360,621.23,6.154793390631676,0.3777613639831543,0.9808384776115417,0.6107259114583333,2190,0.2,-5.001642896731695,0.12012354,0.0003,-0.02857858152759339,3.2592453956604004
419.26619550000004,7209,221,376,2715648,632.02,5.581574000914892,0.37714800238609314,0.9866905808448792,0.6264404296875,2200,0.2,-4.9727444559335705,0.13371442,0.0003,-0.02314787862705998,2.139974355697632
417.82369464000004,7209,222,378,2727936,661.85,7.039931585888068,0.3758660852909088,0.9803875088691711,0.5816243489583334,2210,0.2,-4.944350041945776,0.0981037,0.0003,-0.031905391057080124,2.6123905181884766
403.6041867200001,7209,223,380,2740224,647.75,4.734302274386088,0.3750702440738678,0.9866974353790283,0.65478515625,2220,0.2,-4.910165566205978,0.14646205,0.0003,-0.02271456822830563,1.6870008707046509
431.4623192800001,7210,224,381,2752512,680.71,11.581309147675832,0.3753128945827484,0.9782689213752747,0.5773030598958333,2230,0.2,-4.909512601296107,0.09299672,0.0003,-0.033014685576199555,4.721216201782227
438.62169428999994,7210,225,383,2764800,657.15,2.9755150727927684,0.37545958161354065,0.985026478767395,0.6977457682291667,2240,0.2,-4.9173241744438805,0.16896302,0.0003,-0.014737545465080378,0.9745180010795593
405.20126726999996,7210,226,385,2777088,640.56,4.800449542701244,0.37415143847465515,0.989853024482727,0.6454182942708333,2250,0.2,-4.888733508189519,0.14954548,0.0003,-0.029157390563341323,1.7297570705413818
418.11254255000006,7210,227,386,2789376,641.21,6.916915058592955,0.37349867820739746,0.9837267994880676,0.6220947265625,2260,0.2,-4.865585528810819,0.124309815,0.0003,-0.02773352741448131,2.1540439128875732
433.6092658399999,7209,228,388,2801664,652.64,6.115662525097529,0.3728357255458832,0.9849750995635986,0.6289388020833333,2270,0.2,-4.854692339897156,0.11365256,0.0003,-0.024779368173525048,2.0673766136169434
407.1588215199999,7209,229,390,2813952,624.83,6.17686348259449,0.372030109167099,0.9853824973106384,0.6327718098958334,2280,0.2,-4.821641465028127,0.14129871,0.0003,-0.025935753431015958,1.4102139472961426
401.69716646,7207,230,392,2826240,614.23,4.712590626627207,0.3726230561733246,0.9878389835357666,0.6745524088541667,2290,0.2,-4.82692954937617,0.13429913,0.0003,-0.01596962106123101,1.9614309072494507
411.11355665,7207,231,393,2838528,614.78,5.1048040553927425,0.37181544303894043,0.9906169772148132,0.6356526692708333,2300,0.2,-4.808246407906214,0.12395126,0.0003,-0.02717190824817711,2.004145622253418
432.60262924999995,7207,232,395,2850816,643.98,4.904548080265522,0.37154754996299744,0.9924927949905396,0.6843505859375,2310,0.2,-4.789013935128848,0.15936346,0.0003,-0.015576982414737964,1.7773373126983643
448.60753408000005,7207,233,397,2863104,653.27,7.379728905856609,0.3702442944049835,0.9829232096672058,0.5785888671875,2320,0.2,-4.753152411182722,0.095617056,0.0003,-0.0282157734829525,2.2178852558135986
430.46342911,7208,234,398,2875392,632.04,3.011686686426401,0.3695439100265503,0.9910571575164795,0.7224527994791666,2330,0.2,-4.742175349593163,0.20724916,0.0003,-0.002914171108083489,0.8322842717170715
416.14880855,7208,235,400,2887680,645.4,6.130625441173712,0.3706185519695282,0.9860034584999084,0.6381917317708333,2340,0.2,-4.75277508298556,0.13236424,0.0003,-0.025728890527777062,2.214235544204712
461.79671833,7208,236,402,2899968,668.84,5.1627893855174385,0.37036052346229553,0.9906414747238159,0.6292317708333334,2350,0.2,-4.738887185851733,0.1361297,0.0003,-0.029367095914979775,1.3823872804641724
451.28236389000006,7208,237,404,2912256,660.02,3.0892983901004,0.370869904756546,0.9924687743186951,0.7420654296875,2360,0.2,-4.769891347487768,0.20902129,0.0003,0.004561931212083437,0.9993549585342407
460.83084604,7208,238,405,2924544,652.36,2.9800520251194635,0.3692206144332886,0.9922084808349609,0.6550048828125,2370,0.2,-4.715920261542002,0.16892453,0.0003,-0.023399897065246478,0.9537132382392883
437.09255478,7208,239,407,2936832,656.21,5.792160251736641,0.36744365096092224,0.9829881191253662,0.581787109375,2380,0.2,-4.674113489190737,0.10186849,0.0003,-0.0297527033748338,1.4556061029434204
468.3586542300001,7209,240,409,2949120,692.69,4.4614082589745525,0.3673454821109772,0.986077606678009,0.6713623046875,2390,0.2,-4.6604855795701345,0.15802024,0.0003,-0.017780140994970377,1.7134023904800415
503.94186644999996,7209,241,410,2961408,721.26,8.036038433512052,0.3665468692779541,0.9841045141220093,0.5494954427083333,2400,0.2,-4.6436543772617975,0.06952437,0.0003,-0.029360283136581226,2.8567328453063965
507.42839755,7209,242,412,2973696,754.21,3.3931456739703814,0.3659961223602295,0.9940630793571472,0.6708251953125,2410,0.2,-4.615636172890663,0.1593576,0.0003,-0.012240074123837985,1.1411679983139038
490.91510418000007,7208,243,414,2985984,771.62,4.612161621948084,0.36502909660339355,0.9877317547798157,0.6953694661458333,2420,0.2,-4.590397395690283,0.17405534,0.0003,-0.013352974004616651,1.7984100580215454
493.76564217999993,7208,244,415,2998272,778.74,7.523461766044298,0.3643970489501953,0.9872481226921082,0.610302734375,2430,0.2,-4.564704120159149,0.11194742,0.0003,-0.029984949484545116,3.7142231464385986
523.8912902600001,7207,245,417,3010560,801.73,9.042493698000907,0.3636032044887543,0.9841419458389282,0.642333984375,2440,0.2,-4.537928023934365,0.1173324,0.0003,-0.022466182020919708,3.797954797744751
549.2034071499999,7206,246,419,3022848,827.11,6.560112454493841,0.3625842034816742,0.9807868599891663,0.6671630859375,2450,0.2,-4.517540433009466,0.14893961,0.0003,-0.014589355904900004,2.7328977584838867
535.7295134700001,7206,247,421,3035136,835.39,9.324551409482956,0.3620731830596924,0.9830320477485657,0.5996500651041666,2460,0.2,-4.480067561070125,0.09655875,0.0003,-0.02718148432225765,3.643551826477051
502.99006182000005,7203,248,423,3047424,828.92,7.20411184579134,0.3618835210800171,0.9820117354393005,0.6512939453125,2470,0.2,-4.462197943528493,0.15147237,0.0003,-0.02097305978095392,2.1356794834136963
482.37015671,7199,249,424,3059712,828.18,9.831911906599998,0.3615356385707855,0.9767263531684875,0.5912272135416666,2480,0.2,-4.454385095834732,0.09422266,0.0003,-0.02418577649029127,3.84906268119812
463.5200295200001,7198,250,426,3072000,800.86,13.223945864041646,0.362309068441391,0.9830569624900818,0.6368570963541667,2490,0.2,-4.476543540755908,0.11838954,0.0003,-0.02302189417047581,5.278182029724121
445.91874956,7198,251,428,3084288,792.75,6.81296733468771,0.3623824119567871,0.9793151021003723,0.693359375,2500,0.2,-4.4803695996602375,0.1819156,0.0003,-0.012053952302085235,1.6901559829711914
375.70400657,7192,252,430,3096576,734.45,17.35889055132866,0.36125171184539795,0.9725342988967896,0.5854166666666667,2510,0.2,-4.445810691515605,0.09086571,0.0003,-0.03081732912202521,5.968747138977051
367.21268714999997,7187,253,432,3108864,727.76,8.945680502057076,0.3608478009700775,0.9817640781402588,0.6442138671875,2520,0.2,-4.431434404850006,0.12256386,0.0003,-0.022143408310754845,2.891789197921753
330.4950807999999,7187,254,434,3121152,711.6,7.572535715500513,0.3604121208190918,0.9783527255058289,0.7013427734375,2530,0.2,-4.436403446396192,0.16157787,0.0003,-0.0077221808106211634,2.832383155822754
349.94847559999994,7185,255,436,3133440,688.18,5.845779950420062,0.3601052761077881,0.9851008653640747,0.696875,2540,0.2,-4.411773948868116,0.19262135,0.0003,-0.008278954026657933,2.0499629974365234
317.44223511,7180,256,438,3145728,659.29,7.1703370094299315,0.359403520822525,0.9874333739280701,0.6428141276041667,2550,0.2,-4.38744233250618,0.15428807,0.0003,-0.026397480333010512,3.8003735542297363
327.09251956,7180,257,439,3158016,672.8,7.2697955325245855,0.35827529430389404,0.9848896861076355,0.6357014973958334,2560,0.2,-4.36423936188221,0.13882028,0.0003,-0.02327026297474125,2.5171847343444824
345.52568607999996,7180,258,441,3170304,714.91,5.103718532125155,0.3597745895385742,0.9885483384132385,0.7114095052083333,2570,0.2,-4.38204987347126,0.21256287,0.0003,-0.011281504411211547,1.8754299879074097
379.05580998000005,7180,259,443,3182592,720.26,8.193259664376576,0.3593820631504059,0.9873355031013489,0.5985026041666667,2580,0.2,-4.393915797273318,0.10849312,0.0003,-0.030610193400934804,3.0225439071655273
405.06421770000003,7180,260,444,3194880,714.84,3.6176620913048585,0.35974451899528503,0.9928748607635498,0.6715983072916667,2590,0.2,-4.389150256911914,0.15689814,0.0003,-0.01654297709368014,1.5481101274490356
428.15132102,7180,261,446,3207168,749.89,3.794556290159623,0.35858726501464844,0.9885740280151367,0.6769694010416667,2600,0.2,-4.363949337601662,0.16845496,0.0003,-0.019385353569911484,1.2490020990371704
469.49394891,7180,262,448,3219456,771.57,5.532943740487099,0.3577669560909271,0.9912154674530029,0.6470133463541666,2610,0.2,-4.342000849048296,0.14530288,0.0003,-0.02250426669585674,2.6003668308258057
460.79057883,7181,263,450,3231744,776.87,5.947311840454737,0.3565928637981415,0.9917224645614624,0.64404296875,2620,0.2,-4.301619623104731,0.14434369,0.0003,-0.028398994222516193,2.2898261547088623
498.6911868600001,7181,264,451,3244032,809.18,4.39264330714941,0.3574417531490326,0.9914945960044861,0.68310546875,2630,0.2,-4.312878765662512,0.17880686,0.0003,-0.012653920020481262,1.4820071458816528
516.9188324899999,7182,265,453,3256320,809.33,5.552357467015584,0.35743188858032227,0.988167941570282,0.6171630859375,2640,0.2,-4.3246336390574776,0.10484114,0.0003,-0.02152495839885281,2.9591104984283447
488.9806410999999,7182,266,455,3268608,806.51,3.7691664452354114,0.3563382625579834,0.9845162034034729,0.6388020833333333,2650,0.2,-4.301934924721718,0.13117836,0.0003,-0.019938646310280698,1.3199712038040161
469.00600176,7183,267,456,3280896,797.23,5.81478489736716,0.35614392161369324,0.9895861744880676,0.6584554036458333,2660,0.2,-4.284075877070427,0.1705939,0.0003,-0.018975760648027064,2.178476572036743
471.71219256000006,7182,268,458,3293184,806.34,4.405834101388852,0.355538010597229,0.9921327233314514,0.709130859375,2670,0.2,-4.282672465840975,0.18012805,0.0003,-0.007274265694043909,1.278276801109314
469.33413405,7182,269,460,3305472,833.88,4.101096535225709,0.3544372022151947,0.9861472249031067,0.6651774088541667,2680,0.2,-4.258082947134971,0.16081557,0.0003,-0.017216332272316018,1.7786036729812622
449.14831927000006,7183,270,461,3317760,808.68,7.396807236969471,0.35363030433654785,0.9847205877304077,0.5920572916666667,2690,0.2,-4.2274529526631035,0.11113223,0.0003,-0.033652040636904225,2.9478232860565186
424.2742527099999,7183,271,463,3330048,799.08,8.150541551907857,0.3522110879421234,0.9830998778343201,0.6111572265625,2700,0.2,-4.191488534212112,0.10460546,0.0003,-0.02872587306095132,3.6424190998077393
415.50280828999996,7183,272,465,3342336,805.78,6.452002525826296,0.35137882828712463,0.9783538579940796,0.6066650390625,2710,0.2,-4.150336763262748,0.11225092,0.0003,-0.028466354601550847,2.2158377170562744
428.52789978,7183,273,466,3354624,791.05,4.030651253958543,0.3505310118198395,0.9904754161834717,0.6742350260416666,2720,0.2,-4.132175416747729,0.17796104,0.0003,-0.017626523862418253,1.2328534126281738
400.7938562,7183,274,468,3366912,794.13,5.474429123103619,0.349713534116745,0.9877397418022156,0.6571044921875,2730,0.2,-4.095956554015477,0.14609301,0.0003,-0.020356472747031753,2.0625267028808594
379.9214567700001,7183,275,470,3379200,796.59,13.67751021484534,0.34945496916770935,0.9782260060310364,0.6548746744791667,2740,0.2,-4.093440815806389,0.12149456,0.0003,-0.01897341790415036,6.174933433532715
393.95317952,7182,276,472,3391488,811.76,7.795139848192533,0.34897032380104065,0.9880974888801575,0.6478759765625,2750,0.2,-4.081906441847483,0.12706433,0.0003,-0.021989487534059056,2.7152020931243896
389.85764243,7182,277,473,3403776,795.46,4.200208422789971,0.34876832365989685,0.9908440113067627,0.6731689453125,2760,0.2,-4.073333632946015,0.16532658,0.0003,-0.017178682029286088,1.1856811046600342
392.19996411,7181,278,475,3416064,782.43,7.9846193313598635,0.3479197025299072,0.9815585613250732,0.586083984375,2770,0.2,-4.048777397473653,0.10699227,0.0003,-0.03268661332209983,2.759021759033203
407.9413162,7181,279,477,3428352,791.1,7.260279943545659,0.3468944728374481,0.9827584028244019,0.5856770833333333,2780,0.2,-4.013448632756869,0.118374385,0.0003,-0.028926404569938315,2.641915798187256
403.68264824,7180,280,479,3440640,725.32,11.52871984243393,0.3462727963924408,0.9848363995552063,0.533544921875,2790,0.2,-3.9778223802646,0.08381402,0.0003,-0.03961991705194426,2.853813886642456
391.09377392999994,7179,281,480,3452928,694.13,8.403460768858592,0.3462844789028168,0.9762532114982605,0.6587239583333333,2800,0.2,-3.9810068498055142,0.1347376,0.0003,-0.023522185792292778,3.3292787075042725
389.74065107,7177,282,482,3465216,681.61,13.460289219021798,0.34641340374946594,0.9732962250709534,0.6202799479166666,2810,0.2,-3.984105632205804,0.13108729,0.0003,-0.027690210824948734,5.186715602874756
398.0415307299999,7177,283,484,3477504,707.95,15.669852007428805,0.345244437456131,0.9758540391921997,0.6017985026041667,2820,0.2,-3.9540136575698854,0.111982256,0.0003,-0.029714288040607547,7.152622222900391
410.71485986000005,7177,284,486,3489792,729.04,13.829663779338201,0.3437347114086151,0.9727820158004761,0.6628499348958333,2830,0.2,-3.90464576035738,0.15040265,0.0003,-0.021615953910319754,6.386092185974121
395.2989038099999,7177,285,487,3502080,729.99,9.8607587347428,0.3445887267589569,0.9690294861793518,0.7344807942708333,2840,0.2,-3.9096547231078147,0.20824377,0.0003,0.0047179456693508355,4.52341365814209
382.60421008,7178,286,489,3514368,743.95,7.450285323460897,0.3449655771255493,0.9789966344833374,0.7096028645833333,2850,0.2,-3.9286872987945873,0.19433172,0.0003,-0.007669613221272205,2.3138272762298584
397.98389969,7178,287,491,3526656,779.99,10.912950294216474,0.34502461552619934,0.9674152135848999,0.6311930338541667,2860,0.2,-3.9291275918483732,0.13629347,0.0003,-0.02700721059324375,3.4753355979919434
397.99979055999995,7175,288,493,3538944,774.78,5.852405655880769,0.3456169664859772,0.9748852849006653,0.7187418619791667,2870,0.2,-3.950448520978292,0.19144495,0.0003,-0.004508097575550588,2.050330400466919
410.5565207899999,7173,289,495,3551232,787.14,9.55846362511317,0.3451401889324188,0.981723427772522,0.6275716145833333,2880,0.2,-3.936981499195099,0.12939294,0.0003,-0.029493451060261577,3.060119867324829
387.20691714000003,7171,290,496,3563520,761.26,9.685165636738141,0.34453341364860535,0.9855236411094666,0.66064453125,2890,0.2,-3.9231728350122768,0.12737729,0.0003,-0.02360626879381016,3.34964919090271
374.45345065999993,7169,291,498,3575808,756.65,17.537933794657388,0.34382450580596924,0.9701508283615112,0.522802734375,2900,0.2,-3.8890395487348237,0.07968088,0.0003,-0.04270891864531829,5.791188716888428
373.40840671,7170,292,500,3588096,728.83,25.40042037367821,0.34312283992767334,0.9743961691856384,0.5846761067708334,2910,0.2,-3.8655750503142676,0.09177945,0.0003,-0.036647704042843544,10.459882736206055
363.87114634000005,7170,293,502,3600384,705.82,14.80805693368117,0.3422411382198334,0.9778949618339539,0.617041015625,2920,0.2,-3.834151476621628,0.1214185,0.0003,-0.03283932506359027,3.9631948471069336
387.3501652199999,7170,294,503,3612672,733.63,8.215799182653427,0.3422353267669678,0.9787511229515076,0.7420247395833334,2930,0.2,-3.8290581981341045,0.21442032,0.0003,0.00273035150069821,2.9578135013580322
369.6416876200001,7171,295,505,3624960,716.63,6.042922103901704,0.34294429421424866,0.9850144386291504,0.749658203125,2940,0.2,-3.875806567569574,0.2424163,0.0003,0.005873626275085068,2.058986186981201
382.02389153,7171,296,507,3637248,727.43,6.9389712944626805,0.34278878569602966,0.9849216938018799,0.6557210286458334,2950,0.2,-3.86025151660045,0.13826235,0.0003,-0.02434733418340329,3.151425838470459
379.79590593,7172,297,508,3649536,762.85,5.9514794707298275,0.34279966354370117,0.9870100617408752,0.72490234375,2960,0.2,-3.864688991010189,0.2217899,0.0003,-0.0035718240736362836,1.6022956371307373
408.51222041,7172,298,510,3661824,759.48,7.672086608409882,0.34214159846305847,0.9831570982933044,0.6571940104166667,2970,0.2,-3.853160645564397,0.1608688,0.0003,-0.026759407819675594,2.83634877204895
380.72318096000004,7173,299,512,3674112,728.76,5.863252419730028,0.34275880455970764,0.9820759892463684,0.6720784505208334,2980,0.2,-3.85982994188865,0.15408242,0.0003,-0.01886937016485414,1.6373448371887207
350.78241259999993,7174,300,513,3686400,679.52,6.677844567596912,0.3418118953704834,0.9842748045921326,0.6505859375,2990,0.2,-3.8366658528645834,0.1656533,0.0003,-0.03417760763016607,1.8656699657440186
334.24265992,7174,301,515,3698688,646.77,12.906028509140015,0.34130820631980896,0.9684163928031921,0.5877604166666667,3000,0.2,-3.8204161609212557,0.105458476,0.0003,-0.0354409823853833,3.8952581882476807
318.23610920999994,7174,302,517,3710976,590.56,7.285256971915563,0.34223756194114685,0.9840337038040161,0.68193359375,3010,0.2,-3.8437929982940355,0.19431035,0.0003,-0.0279353801064038,2.42751407623291
354.81560530999997,7175,303,518,3723264,602.96,6.951879445711771,0.3430499732494354,0.9842661619186401,0.6889322916666667,3020,0.2,-3.868844981988271,0.19970696,0.0003,-0.023683298371421795,2.0068490505218506
355.2691303400001,7175,304,520,3735552,586.27,4.331869626045227,0.34297382831573486,0.989111065864563,0.7167887369791667,3030,0.2,-3.8700161317984265,0.20940308,0.0003,-0.009967587813540983,1.8014743328094482
400.48421933000003,7176,305,522,3747840,612.52,7.522535378734271,0.3416994512081146,0.9843569397926331,0.6089274088541666,3040,0.2,-3.8414856056372324,0.13241749,0.0003,-0.0326335987871668,2.5043129920959473
450.5686661,7177,306,523,3760128,644.95,7.989506109058857,0.34084978699684143,0.9857771992683411,0.6230875651041666,3050,0.2,-3.7983748157819113,0.12784614,0.0003,-0.03236746677818398,2.808681011199951
496.77549034,7177,307,525,3772416,698.53,3.464538960903883,0.34228357672691345,0.989919900894165,0.7808919270833333,3060,0.2,-3.8378702357411383,0.31179568,0.0003,0.028596577255423958,1.0090962648391724
503.5467522899999,7178,308,527,3784704,720.62,2.60607088431716,0.3426611125469208,0.9857328534126282,0.7309814453125,3070,0.2,-3.8627501954634984,0.2041951,0.0003,-0.0012189304999386272,0.9450421929359436
510.51848355000004,7178,309,528,3796992,751.52,3.4656875409185885,0.3416934907436371,0.9879838228225708,0.6557210286458334,3080,0.2,-3.85286346077919,0.149265,0.0003,-0.02154946679850885,0.8369197845458984
490.3360706000001,7179,310,530,3809280,776.02,3.5355243158837157,0.3417689800262451,0.9904369711875916,0.6945475260416667,3090,0.2,-3.8435700491070746,0.19583185,0.0003,-0.01630253315185352,1.0328195095062256
493.87348195999994,7180,311,532,3821568,788.9,3.8936702316006024,0.3412419259548187,0.9888919591903687,0.6430582682291667,3100,0.2,-3.8324215402205786,0.14012003,0.0003,-0.020500721103841595,1.156158447265625
458.98157808999997,7180,312,533,3833856,765.25,8.463646473487218,0.3399478495121002,0.9830442667007446,0.5370686848958334,3110,0.2,-3.78917426019907,0.09667579,0.0003,-0.029045556925605828,4.8625807762146
438.67446566,7181,313,535,3846144,740.11,5.41456877887249,0.3396797478199005,0.9887434244155884,0.6401774088541666,3120,0.2,-3.768395598232746,0.1525065,0.0003,-0.02458632927640186,2.910937786102295
437.21703764000006,7181,314,537,3858432,741.95,3.870704821993907,0.3391084671020508,0.9858526587486267,0.6914306640625,3130,0.2,-3.7617101460695266,0.20489204,0.0003,-0.01724122141652818,1.192711353302002
440.45308574999996,7182,315,538,3870720,726.67,4.01818869014581,0.3393145799636841,0.9878675937652588,0.6969645182291667,3140,0.2,-3.743868206938108,0.18790357,0.0003,-0.013716379803857611,1.4258055686950684
438.37012397000007,7182,316,540,3883008,728.42,5.839503040413062,0.3394128382205963,0.9833944439888,0.6381591796875,3150,0.2,-3.7541962549090386,0.1342981,0.0003,-0.02440560528775677,3.5977580547332764
391.58158681000003,7182,317,542,3895296,711.14,4.310044050713381,0.34003856778144836,0.9875203371047974,0.710693359375,3160,0.2,-3.767900503675143,0.22670531,0.0003,-0.017815003975798997,1.3281841278076172
399.11918388,7182,318,544,3907584,720.58,6.720474325617155,0.3399325907230377,0.9842574596405029,0.6355712890625,3170,0.2,-3.7666023979584375,0.11709549,0.0003,-0.02283278859007017,1.9631567001342773
426.64976921,7180,319,545,3919872,742.62,5.1676918516556425,0.3391927480697632,0.9873954057693481,0.65205078125,3180,0.2,-3.734567206601302,0.15674001,0.0003,-0.023754019566695206,2.0134236812591553
400.69997272999996,7179,320,547,3932160,769.5,4.409809572001298,0.33924803137779236,0.9828417897224426,0.7127522786458333,3190,0.2,-3.754023631910483,0.19077854,0.0003,-0.009390058809852537,1.9197509288787842
397.3624222600001,7180,321,549,3944448,763.96,6.093433591723442,0.3387676179409027,0.9872767329216003,0.7074625651041667,3200,0.2,-3.7463912665843964,0.17104308,0.0003,-0.011972888468396075,2.5113542079925537
400.07639395000007,7180,322,551,3956736,768.56,3.5540747036536535,0.33798035979270935,0.9850080013275146,0.6707194010416667,3210,0.2,-3.7059193000197412,0.18016414,0.0003,-0.022036254604851518,0.9507337808609009
410.20398721000004,7180,323,552,3969024,780.94,4.9759990811347965,0.3370267152786255,0.9868994951248169,0.6148763020833333,3220,0.2,-3.668262481689453,0.14303903,0.0003,-0.030575212360903,1.8123713731765747
420.44173239,7178,324,554,3981312,760.42,6.155146179596583,0.3360358476638794,0.9873723983764648,0.609375,3230,0.2,-3.634673670430978,0.12259657,0.0003,-0.0385929760542543,2.023101806640625
438.62532164,7177,325,556,3993600,758.39,8.829635047415893,0.3349301815032959,0.9833763241767883,0.5732828776041666,3240,0.2,-3.6020835101604463,0.10529574,0.0003,-0.03630764350527897,4.192868709564209
475.61718829000006,7177,326,558,4005888,747.72,5.73747635781765,0.33406972885131836,0.9826741814613342,0.6901285807291667,3250,0.2,-3.5818933621048927,0.1668105,0.0003,-0.00948747350485064,2.219442129135132
492.53590646,7173,327,560,4018176,752.9,2.775913849969705,0.33552321791648865,0.992065966129303,0.7964111328125,3260,0.2,-3.594089976946513,0.30181095,0.0003,0.028688010148956285,1.0896275043487549
464.3731245500001,7171,328,562,4030464,685.27,4.9285976275801655,0.3353364169597626,0.989102303981781,0.7111979166666667,3270,0.2,-3.6034688343604406,0.18889852,0.0003,-0.014559968842271094,1.8306488990783691
472.29671054,7169,329,563,4042752,667.64,8.349600902199745,0.3344239890575409,0.9861252307891846,0.5687906901041667,3280,0.2,-3.569008781015873,0.09392339,0.0003,-0.03976805414713454,1.782546877861023
475.02858715,7165,330,565,4055040,665.61,6.059612505634626,0.33410438895225525,0.9832149147987366,0.6304117838541666,3290,0.2,-3.5471530959010122,0.14653116,0.0003,-0.030311555105921192,1.7925949096679688
458.7383784500001,7163,331,567,4067328,669.04,5.026783955345551,0.3339698612689972,0.9892531633377075,0.6684326171875,3300,0.2,-3.534657976528009,0.17062198,0.0003,-0.019916189818953475,1.8184322118759155
418.3692358899999,7160,332,569,4079616,612.91,5.037492794295152,0.3334573805332184,0.9844527244567871,0.6988118489583334,3310,0.2,-3.5306852007905642,0.20117955,0.0003,-0.014206229788639273,2.575141668319702
408.44996843999996,7153,333,572,4091904,599.8,7.90863776554664,0.33326196670532227,0.9825299382209778,0.645751953125,3320,0.2,-3.520116234819094,0.12852277,0.0003,-0.02946070132505459,3.8469064235687256
400.21536966,7151,334,573,4104192,602.4,7.556776707867781,0.3340489864349365,0.9817421436309814,0.6394612630208333,3330,0.2,-3.5439543689290685,0.1410443,0.0003,-0.0342772044192922,2.0976803302764893
409.05149716,7148,335,575,4116480,610.22,6.2369738479455314,0.3337958753108978,0.9838793277740479,0.6996988932291667,3340,0.2,-3.549201344450315,0.18161178,0.0003,-0.013709794049403475,2.426147937774658
398.6544946899999,7146,336,577,4128768,606.86,9.830799312392871,0.33289191126823425,0.9787289500236511,0.6449381510416666,3350,0.2,-3.523608748118083,0.12773024,0.0003,-0.027285525635185572,2.1085360050201416
386.5761592399999,7146,337,579,4141056,637.21,5.129012839496136,0.3347643315792084,0.9843446016311646,0.809033203125,3360,0.2,-3.578661348919074,0.28477213,0.0003,0.044345000648172574,2.0021910667419434
377.42066208999995,7146,338,581,4153344,671.07,4.918386968970299,0.3344174325466156,0.9716178178787231,0.7275960286458333,3370,0.2,-3.585552751024564,0.18132609,0.0003,-0.014895872877483876,2.2479074001312256
393.35971509999996,7146,339,582,4165632,715.16,4.236360722283522,0.3349801301956177,0.9691727161407471,0.7350260416666666,3380,0.2,-3.5942351038257283,0.20196086,0.0003,-0.002181367385007131,1.629163146018982
377.43375728,7144,340,584,4177920,718.38,7.014594534536203,0.33462563157081604,0.9772041440010071,0.6376302083333333,3390,0.2,-3.5799358834822974,0.13938326,0.0003,-0.028368216665209427,1.7549694776535034
355.66349664,7138,341,587,4190208,726.0,5.59259202281634,0.3343120515346527,0.9762783646583557,0.7100992838541667,3400,0.2,-3.5796565199891726,0.20674463,0.0003,-0.021728148940019308,1.8558783531188965
345.90575795999996,7138,342,588,4202496,731.85,8.44109732011954,0.333825945854187,0.9689127802848816,0.6482747395833334,3410,0.2,-3.5494921301802,0.15786366,0.0003,-0.029236147892273343,2.9839839935302734
377.87225780000006,7137,343,590,4214784,740.62,5.155603721737862,0.33452215790748596,0.975996732711792,0.7277669270833333,3420,0.2,-3.579823681215445,0.22548443,0.0003,-0.00813081688878204,1.9700206518173218
405.3446748399999,6655,344,635,4227072,774.52,5.125658219059308,0.33470824360847473,0.9790784120559692,0.7046142578125,3430,0.2,-3.602830296258132,0.2048111,0.0003,-0.016446753277947816,1.9631597995758057
434.94402114,6656,345,636,4239360,782.46,3.907371024042368,0.3354417383670807,0.9858474731445312,0.6830973307291667,3440,0.2,-3.608977628250917,0.17397694,0.0003,-0.01682115588822247,1.3433772325515747
409.95072731,6595,346,644,4251648,750.76,4.761907083789508,0.334566593170166,0.9882835745811462,0.6807454427083334,3450,0.2,-3.6037692084908484,0.16653831,0.0003,-0.023200769809773193,2.1789844036102295
404.53498781999986,6530,347,652,4263936,723.52,11.310508793592453,0.33464694023132324,0.966861367225647,0.5322509765625,3460,0.2,-3.5862398435672125,0.08798915,0.0003,-0.04456639056831288,3.7571678161621094
378.34172613999993,6486,348,659,4276224,668.04,6.470859175423781,0.33482620120048523,0.9861315488815308,0.6397379557291667,3470,0.2,-3.585851469139258,0.14617173,0.0003,-0.03446208350554419,2.7292511463165283
362.99301567000003,6442,349,665,4288512,625.84,8.956217802564304,0.33390846848487854,0.9843955039978027,0.6122721354166667,3480,0.2,-3.5586952432990073,0.12584393,0.0003,-0.03052028473369622,2.967564582824707
350.88451975,6399,350,672,4300800,598.29,8.280739179253578,0.33301451802253723,0.9834207892417908,0.6240885416666667,3490,0.2,-3.52952016890049,0.13121228,0.0003,-0.03711422450918083,3.003140687942505
369.93930513,6357,351,678,4313088,618.03,5.765284531811873,0.3327004909515381,0.9851518869400024,0.7368489583333333,3500,0.2,-3.5083428333202997,0.23148532,0.0003,-0.004351173182173321,2.1088812351226807
397.50815799,6348,352,681,4325376,626.12,12.44604285856088,0.3319515883922577,0.9717214703559875,0.6204508463541667,3510,0.2,-3.478431424001853,0.12722635,0.0003,-0.03842091827245895,4.8858842849731445
428.28898272,6314,353,686,4337664,658.0,6.375518939395746,0.3314407765865326,0.9795153141021729,0.6998779296875,3520,0.2,-3.457439887523651,0.21410042,0.0003,-0.01842160747134282,2.2108137607574463
432.20400587000006,6284,354,692,4349952,667.75,6.681937376161416,0.3305702209472656,0.9808797240257263,0.6778564453125,3530,0.2,-3.446282349030177,0.19488102,0.0003,-0.02325304986734409,2.10558819770813
474.81762622,6254,355,697,4362240,728.1,5.916520067552725,0.3297068476676941,0.9867870211601257,0.7107991536458333,3540,0.2,-3.4140448957681655,0.22430591,0.0003,-0.012379085626647187,1.549051284790039
464.42773618,6212,356,704,4374528,725.66,4.8813222125172615,0.33035871386528015,0.9886221885681152,0.7663167317708334,3550,0.2,-3.4475458318988483,0.2501527,0.0003,0.008301772551688676,1.54586660861969
481.09668044,6179,357,709,4386816,738.75,3.8271399036049845,0.3314908444881439,0.9892022609710693,0.7430745442708333,3560,0.2,-3.484567239880562,0.24516453,0.0003,-0.003756459298892878,1.7146044969558716
471.96147769999993,6147,358,715,4399104,739.43,4.713496463000775,0.3317370116710663,0.9835420846939087,0.6968831380208333,3570,0.2,-3.486883606513341,0.2110339,0.0003,-0.01582709062010205,1.547113299369812
472.2034095899999,6115,359,721,4411392,763.34,6.124733265737692,0.33196821808815,0.9857273697853088,0.6747965494791667,3580,0.2,-3.4892945935328803,0.15051675,0.0003,-0.02206127716538807,1.6976075172424316
433.27285577,6081,360,727,4423680,744.85,5.57761714955171,0.3315211832523346,0.9886950254440308,0.69814453125,3590,0.2,-3.4937455544869107,0.18056709,0.0003,-0.017145707198263457,2.0310704708099365
390.43929340999995,6064,361,731,4435968,712.08,5.557978674272696,0.3315635621547699,0.9885756373405457,0.71650390625,3600,0.2,-3.4917060256004335,0.21071208,0.0003,-0.016266566439298913,1.8147799968719482
406.36252593999995,5989,362,742,4448256,726.71,9.879873478412629,0.3307848274707794,0.9541946649551392,0.5986653645833333,3610,0.2,-3.477096389234066,0.10419178,0.0003,-0.041183766248771764,3.313505172729492
434.6566310900001,5981,363,745,4460544,749.55,5.214776763816674,0.33056768774986267,0.9845961928367615,0.6923828125,3620,0.2,-3.4739245881636935,0.17520125,0.0003,-0.017014809542160947,1.7082936763763428
399.81244554999995,5908,364,757,4472832,718.47,5.216751170158386,0.33141645789146423,0.9860388040542603,0.70771484375,3630,0.2,-3.4848807324965794,0.18094511,0.0003,-0.013534669785197668,1.4508839845657349
376.00677354,5828,365,769,4485120,699.99,5.185906634231409,0.3313443064689636,0.9871737957000732,0.698193359375,3640,0.2,-3.4795749669273692,0.20563464,0.0003,-0.026164739879701908,1.9863801002502441
379.25385728000003,5749,366,782,4497408,712.58,7.2360207999746,0.3317927420139313,0.9854741096496582,0.6868489583333334,3650,0.2,-3.504675819973151,0.16048802,0.0003,-0.020664558327795627,3.8647072315216064
373.51826544000005,5683,367,793,4509696,686.1,21.325016627709072,0.3310762941837311,0.9538042545318604,0.5628743489583333,3660,0.2,-3.4856920008858046,0.0922007,0.0003,-0.040212157169783797,7.6431965827941895
324.77413469000004,5677,368,796,4521984,612.85,15.043818406263988,0.3303880989551544,0.9750781655311584,0.6087565104166667,3670,0.2,-3.45579801996549,0.10636941,0.0003,-0.03171026347360263,4.263071537017822
314.30423331,5616,369,807,4534272,573.53,7.529985589285691,0.3302440345287323,0.9804500341415405,0.6972249348958334,3680,0.2,-3.451751075188319,0.19990242,0.0003,-0.021730987151386216,3.369189739227295
287.7862377999999,5547,370,819,4546560,510.59,13.675591131051382,0.32976558804512024,0.970486044883728,0.5758626302083333,3690,0.2,-3.4301011805733044,0.10213816,0.0003,-0.03873300458362792,4.963653087615967
280.68895512,5510,371,827,4558848,464.7,8.721852606534958,0.32865840196609497,0.9789676070213318,0.6710774739583333,3700,0.2,-3.399015512565772,0.17009462,0.0003,-0.03309388528092919,3.436793088912964
275.85381691000003,5471,372,835,4571136,458.47,9.805864128470422,0.32765766978263855,0.9774481654167175,0.6421956380208333,3710,0.2,-3.368200453619162,0.13499574,0.0003,-0.03805959806001435,2.4398436546325684
297.55219959,5459,373,839,4583424,504.13,13.673424552877744,0.3275016248226166,0.9750022292137146,0.7262532552083333,3720,0.2,-3.362017565468947,0.20711525,0.0003,-0.009803305025949763,5.700803279876709
309.5636371,5441,374,844,4595712,524.62,11.880977125962575,0.3275744318962097,0.9623802304267883,0.664111328125,3730,0.2,-3.3576406886180243,0.17285044,0.0003,-0.026799232420307816,3.4638779163360596
351.37123264999997,5444,375,846,4608000,564.06,9.263557293017705,0.32785511016845703,0.9827775359153748,0.7013427734375,3740,0.2,-3.3665386428435644,0.2119966,0.0003,-0.022376001114025712,4.229643821716309
356.93029069,5443,376,848,4620288,611.57,6.239971821010113,0.3283567428588867,0.9914931654930115,0.766748046875,3750,0.2,-3.4001506860057513,0.26284894,0.0003,0.006110755027233002,2.055638313293457
360.55832659,5409,377,856,4632576,655.18,16.2744822482268,0.3271346390247345,0.9728625416755676,0.6345540364583333,3760,0.2,-3.367681843042374,0.1460207,0.0003,-0.034089917430537756,9.957087516784668
356.68381110999997,5388,378,862,4644864,639.9,12.839564003547032,0.3270673155784607,0.9789084196090698,0.6727132161458333,3770,0.2,-3.3504457265138625,0.15035765,0.0003,-0.02158920700167073,4.861588001251221
346.94003907000007,5365,379,867,4657152,620.23,7.653868293265502,0.326980859041214,0.97884202003479,0.6771484375,3780,0.2,-3.339582541088263,0.18182464,0.0003,-0.01883146542531904,2.779797077178955
349.48033455999996,5344,380,873,4669440,594.33,7.413219974935055,0.3267987370491028,0.9846969246864319,0.6988688151041667,3790,0.2,-3.334344920019309,0.19133659,0.0003,-0.024703149693474796,2.2125344276428223
374.34024801,5322,381,879,4681728,580.05,7.54592647353808,0.3267727196216583,0.9816884398460388,0.6923421223958334,3800,0.2,-3.3357407530148824,0.19467409,0.0003,-0.02096380858517174,3.1878585815429688
358.67917406,5301,382,885,4694016,593.31,7.440720914304256,0.3253421187400818,0.9859307408332825,0.7035970052083333,3810,0.2,-3.3094470183054607,0.22754733,0.0003,-0.021506491941787925,2.4223220348358154
387.29805254999997,4547,383,1034,4706304,622.13,7.916891205310821,0.32546675205230713,0.976063072681427,0.7152099609375,3820,0.2,-3.2995502894123394,0.18110205,0.0003,-0.008982428397090795,2.2866058349609375
420.2304373899999,4549,384,1037,4718592,664.36,4.841592041651408,0.325817734003067,0.9865927696228027,0.7590901692708333,3830,0.2,-3.31112386683623,0.25209442,0.0003,0.002797088429118351,1.8985793590545654
424.52749580000005,4553,385,1038,4730880,695.02,8.753724551200866,0.3259326219558716,0.9761375784873962,0.7157633463541667,3840,0.2,-3.311213791370392,0.15437245,0.0003,0.0004052156679487477,3.808140993118286
394.90758853000006,4536,386,1045,4743168,714.72,5.571961672604084,0.326497882604599,0.9868794679641724,0.7236328125,3850,0.2,-3.324979279438655,0.19805282,0.0003,-0.011124286081758328,2.5985655784606934
403.3801979500001,4501,387,1056,4755456,740.87,8.300809242328008,0.3263414204120636,0.9788105487823486,0.6635498046875,3860,0.2,-3.3219758436083793,0.17495091,0.0003,-0.0238099921727553,2.6836447715759277
423.38358753,4483,388,1063,4767744,756.08,4.948232124249141,0.32603180408477783,0.9892914295196533,0.6920979817708334,3870,0.2,-3.3238647306958833,0.21399872,0.0003,-0.022692343110005217,1.3517506122589111
379.43697185999997,4468,389,1069,4780032,720.17,7.414993426203727,0.32477128505706787,0.9757425785064697,0.65703125,3880,0.2,-3.2842120225230853,0.144207,0.0003,-0.030037787655601278,2.5936899185180664
382.64430368,4453,390,1076,4792320,724.04,8.341089031100273,0.32386723160743713,0.974926769733429,0.6240641276041666,3890,0.2,-3.257676048576832,0.1437505,0.0003,-0.036144434726641826,2.649665355682373
404.72059246,4446,391,1080,4804608,709.04,6.140586226681868,0.3239535093307495,0.9820821285247803,0.7133870442708333,3900,0.2,-3.2475288808345795,0.19770098,0.0003,-0.021474676637444644,2.526458263397217
440.73585414,3406,392,1414,4816896,745.9,4.420777290066083,0.3226868212223053,0.9813518524169922,0.7263102213541667,3910,0.2,-3.2308684810996056,0.21584219,0.0003,-0.013061449860106222,1.5770052671432495
439.99195716,3410,393,1416,4829184,751.0,3.724958868076404,0.3234683573246002,0.9902479648590088,0.7281982421875,3920,0.2,-3.238654240469138,0.20644653,0.0003,-0.004011485883286999,1.174980878829956
427.71521952999996,3414,394,1418,4841472,702.08,5.613299677769343,0.3230990171432495,0.9692673087120056,0.6466227213541667,3930,0.2,-3.2316480800509453,0.14938803,0.0003,-0.027164353129531568,1.6977185010910034
427.46314902,3394,395,1429,4853760,689.04,6.340540783603986,0.32232657074928284,0.9806239008903503,0.6300537109375,3940,0.2,-3.207046972711881,0.13929902,0.0003,-0.038463431027533565,2.0847296714782715
386.10259994,3389,396,1435,4866048,626.26,10.43705282608668,0.3211573362350464,0.9698707461357117,0.5780029296875,3950,0.2,-3.1619708185394604,0.09519609,0.0003,-0.04502120332132715,4.569330215454102
332.0939182899999,3384,397,1441,4878336,534.52,11.85985170006752,0.32025769352912903,0.9788613319396973,0.6017415364583333,3960,0.2,-3.1277854283650717,0.124308586,0.0003,-0.04063769364147447,5.161901950836182
341.2562895599999,3376,398,1448,4890624,544.14,12.400005035599072,0.3190004527568817,0.9731585383415222,0.6025553385416667,3970,0.2,-3.090730281174183,0.109333396,0.0003,-0.039826990256551655,7.268830299377441
322.95210046,3370,399,1454,4902912,497.47,5.141964089373747,0.3186962902545929,0.990293562412262,0.7564615885416667,3980,0.2,-3.0827530334393183,0.30962893,0.0003,-0.0034918831535226975,1.254536747932434
291.55014918,3368,400,1459,4915200,474.61,10.92502919236819,0.31893354654312134,0.9782170057296753,0.6825520833333333,3990,0.2,-3.084892668823401,0.17595173,0.0003,-0.03369682924239896,3.97090220451355
334.74172998,2551,401,1931,4927488,529.04,8.070023323098818,0.3189665973186493,0.9765868186950684,0.7305826822916667,4000,0.2,-3.090378779172897,0.22372214,0.0003,-0.015772881111479363,2.0150647163391113
360.77612827999997,2555,402,1932,4939776,572.88,3.5410132214426993,0.32148274779319763,0.9907499551773071,0.8390869140625,4010,0.2,-3.1819524933894474,0.46312436,0.0003,0.05722879668755922,0.9997636079788208
368.12944783,2559,403,1934,4952064,596.35,7.032523398598035,0.3209091126918793,0.9789469242095947,0.7141438802083333,4020,0.2,-3.1898718068997067,0.20009148,0.0003,-0.01936667462287005,3.2772903442382812
379.92302915,2555,404,1942,4964352,639.69,6.885997846722603,0.3205960988998413,0.9827490448951721,0.6873942057291667,4030,0.2,-3.160967977841695,0.17116487,0.0003,-0.020077655709853086,2.519442319869995
415.34025411999994,2553,405,1948,4976640,704.09,5.555716420710087,0.3197201192378998,0.982674241065979,0.709375,4040,0.2,-3.1441486527522406,0.20979524,0.0003,-0.01697543762687322,1.576422929763794
474.89880696,2551,406,1955,4988928,753.53,5.223411801954111,0.3191843032836914,0.9837587475776672,0.6895670572916667,4050,0.2,-3.1050325016180675,0.20919144,0.0003,-0.015389043583612268,1.4328252077102661
477.39208653000003,2543,407,1966,5001216,773.13,3.5520173807938895,0.3196187913417816,0.992834210395813,0.7358723958333333,4060,0.2,-3.1205304791529973,0.2587225,0.0003,-0.008192156202373251,0.9736402034759521
445.72432091999997,2541,408,1972,5013504,726.07,3.6730856291949747,0.31911927461624146,0.9907126426696777,0.6985107421875,4070,0.2,-3.109517167508602,0.2102205,0.0003,-0.020619119880332923,1.0748440027236938
438.73024645000004,2542,409,1976,5025792,713.97,3.3936975797017417,0.31786778569221497,0.9925195574760437,0.7085286458333333,4080,0.2,-3.064707253376643,0.22099869,0.0003,-0.017225078486080746,0.962731122970581
461.65971854000003,1679,410,2999,5038080,712.45,3.646641426285108,0.3169214129447937,0.9906038045883179,0.6985921223958333,4090,0.2,-3.023384531835715,0.22232687,0.0003,-0.027648210514356227,1.3054611682891846
469.45004130999996,1682,411,3000,5050368,718.26,3.0189881103734177,0.31639614701271057,0.9922021627426147,0.6711018880208334,4100,0.2,-3.0088630681236586,0.1715998,0.0003,-0.030933545362980416,0.9313185214996338
434.96668295999996,1686,412,3002,5062656,681.16,1.8996569586296876,0.31583818793296814,0.9944636821746826,0.7564697265625,4110,0.2,-2.9905425796906155,0.2994063,0.0003,-0.0032804396808690703,0.6659735441207886
430.77177881999995,1294,413,3920,5074944,674.67,4.1918253496289255,0.3150392472743988,0.979773998260498,0.646337890625,4120,0.2,-2.9547345598538715,0.15259269,0.0003,-0.02931478939620623,1.137442708015442
464.55911941,1297,414,3922,5087232,704.79,3.302652003367742,0.31420525908470154,0.9920104146003723,0.69521484375,4130,0.2,-2.9255674948294956,0.21557458,0.0003,-0.02737444002656654,1.1758843660354614
426.68852735,1299,415,3923,5099520,678.56,3.740180346618096,0.3137573301792145,0.990753710269928,0.6848388671875,4140,0.2,-2.905839539070924,0.19928528,0.0003,-0.02675240281484245,1.1734389066696167
393.3128292900001,1054,416,4847,5111808,644.35,3.6515482055644193,0.31298306584358215,0.9823328852653503,0.67294921875,4150,0.2,-2.8761035352945328,0.1930917,0.0003,-0.026259683280659373,1.0251408815383911
401.16981082,1056,417,4849,5124096,622.91,4.601686758796374,0.3121371269226074,0.9901968240737915,0.657275390625,4160,0.2,-2.848297348121802,0.1692784,0.0003,-0.03525179956535188,1.4063787460327148
389.90762022999996,1058,418,4851,5136384,614.02,7.813773031532764,0.3118160665035248,0.9864020943641663,0.61455078125,4170,0.2,-2.8308152253429095,0.13016495,0.0003,-0.03649435983340178,2.152275800704956
349.90922963000014,870,419,5914,5148672,574.67,6.931343486905098,0.3112664520740509,0.9780569672584534,0.6629150390625,4180,0.2,-2.808317586282889,0.18767442,0.0003,-0.03029960692025876,1.9053329229354858
373.02426758,872,420,5916,5160960,599.28,4.997663731873035,0.310801237821579,0.9898725748062134,0.7240478515625,4190,0.2,-2.782955319682757,0.24337311,0.0003,-0.020471689405773454,2.126491069793701
414.59303594000005,744,421,6944,5173248,624.4,3.126831220090389,0.3106938302516937,0.9925703406333923,0.7812744140625,4200,0.2,-2.794591110944748,0.3181045,0.0003,0.004515916557769136,1.2424917221069336
411.2509665200001,746,422,6946,5185536,658.28,2.402012321849664,0.31099364161491394,0.9965199828147888,0.771728515625,4210,0.2,-2.802774429321289,0.29483446,0.0003,0.00131507600696447,0.8914310932159424
414.01397882,748,423,6947,5197824,666.5,3.0120053018132844,0.3108954131603241,0.9870076179504395,0.7168619791666667,4220,0.2,-2.7972749769687653,0.23277204,0.0003,-0.013045251620739388,1.1382075548171997
479.65337781,664,424,7845,5210112,731.6,2.717078632116318,0.3105122745037079,0.9910502433776855,0.6905436197916667,4230,0.2,-2.7785146976510684,0.21256618,0.0003,-0.025513834534406973,1.1246663331985474
522.41591548,665,425,7847,5222400,761.43,2.860951528201501,0.3101564347743988,0.9937147498130798,0.7256103515625,4240,0.2,-2.757064586877823,0.20455863,0.0003,-0.008378605211328249,0.9527610540390015
526.99422773,666,426,7854,5234688,801.93,1.8599879192809263,0.31042051315307617,0.9945873022079468,0.7592854817708333,4250,0.2,-2.757525211075942,0.25995657,0.0003,0.005223320639440014,0.6358598470687866
540.78579388,667,427,7865,5246976,813.61,2.755987737327814,0.3092522621154785,0.9932969808578491,0.6830973307291667,4260,0.2,-2.7330115954081218,0.17223823,0.0003,-0.02844283716597905,0.7555927634239197
508.50573567,667,428,7876,5259264,817.45,3.232845687121153,0.30871209502220154,0.9911211133003235,0.6569742838541667,4270,0.2,-2.688018066684405,0.16470984,0.0003,-0.026347778009949252,0.8878071308135986
520.8313617399999,668,429,7884,5271552,840.04,2.56203138679266,0.3095405399799347,0.9901087880134583,0.7202311197916667,4280,0.2,-2.7114440898100534,0.24836563,0.0003,-0.01990770672709914,0.7636283040046692
529.7982432,669,430,7890,5283840,850.1,5.77828415632248,0.30880334973335266,0.985507607460022,0.6738688151041666,4290,0.2,-2.7076555768648785,0.15723585,0.0003,-0.025270069006849857,1.8689963817596436
483.14863806,640,431,8270,5296128,829.78,2.293252557764451,0.3087817132472992,0.9919794797897339,0.7540771484375,4300,0.2,-2.692112496495247,0.29131383,0.0003,-0.01083328105645099,0.792878270149231
468.42985138000006,641,432,8272,5308416,829.58,3.275569866100947,0.3078554570674896,0.9927409291267395,0.7040771484375,4310,0.2,-2.6620391930143037,0.22552864,0.0003,-0.029301620988796153,1.1976367235183716
496.10352886,643,433,8274,5320704,831.04,1.8673159609238306,0.3073351979255676,0.9955452084541321,0.7389078776041667,4320,0.2,-2.6385558888316156,0.2506362,0.0003,-0.011402119325551515,0.6145219802856445
468.8807743399999,644,434,8278,5332992,837.37,2.361409523834785,0.30716678500175476,0.9930610656738281,0.6964192708333333,4330,0.2,-2.6138726860284804,0.21162467,0.0003,-0.028590165969217197,0.9783884286880493
490.13341141999996,645,435,8280,5345280,842.87,4.298543185989062,0.3077094554901123,0.9823089241981506,0.6601725260416667,4340,0.2,-2.6274222026268643,0.1478238,0.0003,-0.028102876042248683,1.4932217597961426
500.4577441100001,646,436,8282,5357568,844.16,2.9023828859130543,0.3079996109008789,0.9917479157447815,0.6867513020833333,4350,0.2,-2.642608399192492,0.20177703,0.0003,-0.023744747720775193,1.1296628713607788
507.32813482,648,437,8284,5369856,841.8,4.421196548640728,0.3068218529224396,0.9917201995849609,0.6591796875,4360,0.2,-2.618086863557498,0.13886265,0.0003,-0.024438411196266923,1.3027307987213135
541.3031919599999,649,438,8286,5382144,856.35,4.320310371369123,0.3060851991176605,0.9916437864303589,0.7219970703125,4370,0.2,-2.59560557504495,0.20148139,0.0003,-0.015925819159989866,2.242225170135498
534.1170483599999,650,439,8288,5394432,858.66,2.9577294709781805,0.30628281831741333,0.9906079173088074,0.7263427734375,4380,0.2,-2.590215237935384,0.2207448,0.0003,-0.0120795005869392,0.9541535973548889
541.2796665699999,652,440,8290,5406720,869.45,2.5884819832940895,0.30638256669044495,0.9925059676170349,0.7177571614583333,4390,0.2,-2.588303531706333,0.23826031,0.0003,-0.020834932293898115,0.860329806804657
571.72803235,653,441,8292,5419008,853.38,1.2893736362457275,0.3068523108959198,0.9975920915603638,0.7746337890625,4400,0.2,-2.607741708556811,0.33602166,0.0003,0.001034468753884236,0.4147692918777466
570.4911073000001,654,442,8294,5431296,877.82,1.8319162954886754,0.3075053095817566,0.9951024651527405,0.6749918619791667,4410,0.2,-2.617348890006542,0.1921413,0.0003,-0.022390546151533876,0.5456334948539734
558.5454254,656,443,8296,5443584,872.21,3.5720340917507807,0.3065621256828308,0.9875043630599976,0.6707438151041667,4420,0.2,-2.598766993979613,0.16924632,0.0003,-0.03190758683776949,1.3899558782577515
552.8450801500001,657,444,8298,5455872,852.92,1.5495783418416977,0.3055557310581207,0.9935722947120667,0.7079752604166667,4430,0.2,-2.578123001754284,0.21959603,0.0003,-0.020621691981796177,0.6259821653366089
559.46408899,658,445,8300,5468160,852.55,3.42823090304931,0.3044884502887726,0.9935928583145142,0.6632405598958333,4440,0.2,-2.5286916772524517,0.1562617,0.0003,-0.028606346585244562,1.2988576889038086
586.53655516,660,446,8301,5480448,846.22,2.4299051843583586,0.303460031747818,0.9937935471534729,0.6988199869791667,4450,0.2,-2.4809428761402765,0.19069386,0.0003,-0.01595562589839877,0.8054561614990234
541.02252137,661,447,8303,5492736,802.8,3.248171306649844,0.30339905619621277,0.9920346736907959,0.6621337890625,4460,0.2,-2.4743614181876183,0.16456752,0.0003,-0.02554358368991719,1.150540828704834
531.22497826,662,448,8305,5505024,807.85,2.007592092702786,0.30248960852622986,0.995067298412323,0.6891194661458333,4470,0.2,-2.4396517793337504,0.18921173,0.0003,-0.023219424705409133,0.47528278827667236
575.5954862499999,664,449,8307,5517312,783.17,4.146863347788652,0.3025144934654236,0.9902048110961914,0.6735107421875,4480,0.2,-2.429712929824988,0.15297323,0.0003,-0.025373868503569003,1.3139708042144775
555.12690999,665,450,8309,5529600,769.38,3.47495013376077,0.30271369218826294,0.9943880438804626,0.6583333333333333,4490,0.2,-2.4236898466944696,0.16134514,0.0003,-0.030872884190951785,2.294968605041504
564.23309956,666,451,8310,5541888,754.61,3.931422828386227,0.30233117938041687,0.9899649620056152,0.7097574869791666,4500,0.2,-2.4240989476442336,0.22391415,0.0003,-0.02726664310321212,1.346922755241394
532.12867696,668,452,8312,5554176,731.64,5.384066316485405,0.30136507749557495,0.9863142371177673,0.6699055989583333,4510,0.2,-2.392863454421361,0.19237143,0.0003,-0.02424778083804995,1.7368615865707397
530.3234132100001,669,453,8314,5566464,740.37,2.5895083718001843,0.3024672567844391,0.9924572110176086,0.7533203125,4520,0.2,-2.4195081839958825,0.28766012,0.0003,-0.0024833340750774367,1.3488839864730835
527.3902464999999,670,454,8316,5578752,719.7,4.086965265125036,0.3016834855079651,0.9893125891685486,0.6683512369791667,4530,0.2,-2.39563452154398,0.17463577,0.0003,-0.030385012025847875,1.38715660572052
517.46373298,672,455,8317,5591040,741.37,4.178636913994948,0.3011529743671417,0.9898409843444824,0.6853597005208333,4540,0.2,-2.369021016359329,0.20310396,0.0003,-0.02641476333568183,1.3892593383789062
515.3767885699999,673,456,8319,5603328,749.44,4.923958667864402,0.300652414560318,0.9876290559768677,0.6622721354166666,4550,0.2,-2.3528481806317965,0.16879208,0.0003,-0.0222226624241254,1.4529675245285034
495.20627411999993,674,457,8321,5615616,754.99,5.410078372557958,0.30047154426574707,0.9893109798431396,0.71025390625,4560,0.2,-2.3417977621157964,0.21475609,0.0003,-0.017927105046692305,1.6082273721694946
483.01503493999996,676,458,8323,5627904,737.33,3.92467464307944,0.2991449534893036,0.9900600910186768,0.7346842447916667,4570,0.2,-2.3155436808864276,0.24050482,0.0003,-0.01573777034888432,1.3172050714492798
498.32794636,677,459,8324,5640192,744.68,7.699275688827038,0.29798343777656555,0.9873483180999756,0.6923502604166667,4580,0.2,-2.256297246615092,0.17605512,0.0003,-0.021079339144246964,2.2176692485809326
491.5930761399999,678,460,8326,5652480,749.83,3.364132475356261,0.299090176820755,0.9930797219276428,0.7791422526041667,4590,0.2,-2.2902970612049103,0.32674155,0.0003,-0.0010216944608449315,1.02018404006958
488.96806258000004,680,461,8328,5664768,742.05,5.981333861748378,0.2982448935508728,0.9865115880966187,0.690771484375,4600,0.2,-2.3004307731986047,0.18766426,0.0003,-0.024080539607287694,2.650635004043579
475.01870640999994,681,462,8330,5677056,717.13,3.94761835411191,0.29847612977027893,0.9876084327697754,0.7079020182291667,4610,0.2,-2.2775779897967974,0.2055583,0.0003,-0.02516090292968632,1.3946752548217773
495.34135464999997,682,463,8331,5689344,730.28,7.393408665060997,0.29844337701797485,0.9845613241195679,0.6374674479166667,4620,0.2,-2.275517210861047,0.13762401,0.0003,-0.03552883464920645,2.0917344093322754
511.7057784499999,684,464,8333,5701632,775.27,3.8933392177025476,0.29890966415405273,0.9899219274520874,0.7735921223958333,4630,0.2,-2.3080839698513347,0.26555598,0.0003,0.013765061012236401,1.6485679149627686
523.2752429899999,685,465,8335,5713920,784.67,12.58666234811147,0.2997918725013733,0.980822741985321,0.6928873697916667,4640,0.2,-2.335457853972912,0.15160549,0.0003,-0.01807157762523275,5.76299524307251
491.33355441,686,466,8336,5726208,773.66,9.648048955202103,0.2995559871196747,0.9725525975227356,0.6510416666666666,4650,0.2,-2.342049588263035,0.13452679,0.0003,-0.02341892849847985,3.6239206790924072
498.41745441,688,467,8338,5738496,777.83,6.831943308313687,0.2997305393218994,0.9771673679351807,0.7388346354166667,4660,0.2,-2.357883408665657,0.23295248,0.0003,-0.0007083568644399445,2.3365705013275146
502.24186700999996,689,468,8340,5750784,798.66,12.880654845635096,0.29907703399658203,0.9745107889175415,0.5944742838541667,4670,0.2,-2.3208177402615546,0.100174375,0.0003,-0.03867466847392886,4.7446794509887695
493.9321415400001,690,469,8342,5763072,792.71,8.547709719340007,0.29934629797935486,0.9749324321746826,0.7070556640625,4680,0.2,-2.3232208639383316,0.19685686,0.0003,-0.01279388292459771,3.023844003677368
498.8756868500001,692,470,8343,5775360,806.41,4.426970853904883,0.30037081241607666,0.9872959852218628,0.7807698567708333,4690,0.2,-2.3664748162031173,0.3279246,0.0003,0.0050121019351839395,1.3474276065826416
489.82784388999994,693,471,8345,5787648,775.17,3.0808229252696036,0.3009146451950073,0.9924914836883545,0.8044677734375,4700,0.2,-2.3898545136054357,0.30956718,0.0003,0.040775815587646015,1.0046049356460571
485.41842629,694,472,8347,5799936,750.44,5.338072043160597,0.2999900281429291,0.9907815456390381,0.6914469401041666,4710,0.2,-2.367028960585594,0.1804161,0.0003,-0.020593119065354888,1.7489604949951172
485.62108415999995,696,473,8348,5812224,751.39,6.000689222415288,0.3003416359424591,0.9859451055526733,0.7106689453125,4720,0.2,-2.364073321223259,0.20381768,0.0003,-0.025064359108606975,2.2864513397216797
441.95222735000004,697,474,8350,5824512,678.05,5.842992300788562,0.2996112108230591,0.9814066290855408,0.6738037109375,4730,0.2,-2.350571924448013,0.14957741,0.0003,-0.02181403390907993,2.024909496307373
404.49331058999996,698,475,8352,5836800,598.56,10.842461095253627,0.29828280210494995,0.9800611138343811,0.6267985026041667,4740,0.2,-2.2970936745405197,0.12938409,0.0003,-0.042603523743067244,3.981415033340454
394.72956996,700,476,8353,5849088,578.91,8.729983645677567,0.29802948236465454,0.9831950664520264,0.677490234375,4750,0.2,-2.2764770492911337,0.17161961,0.0003,-0.02639038292885137,2.657496690750122
422.02363044,701,477,8355,5861376,612.82,7.51341655155023,0.29801639914512634,0.985443115234375,0.7048828125,4760,0.2,-2.265680668751399,0.22277081,0.0003,-0.022500054175422217,2.914602756500244
442.4986271000001,702,478,8357,5873664,613.38,6.190377315878868,0.2990119755268097,0.9797129034996033,0.771142578125,4770,0.2,-2.304546585182349,0.2632792,0.0003,0.009724388627607066,3.17284893989563
439.08903967000003,704,479,8359,5885952,628.59,6.766103165348371,0.2983187139034271,0.9826076030731201,0.6862548828125,4780,0.2,-2.3026578918099405,0.1799438,0.0003,-0.023393937565075854,1.6561330556869507
493.85861646999996,705,480,8360,5898240,670.38,6.9650532061855,0.297421395778656,0.9877653121948242,0.72861328125,4790,0.2,-2.266322795053323,0.25413325,0.0003,-0.014365235394022118,2.5612547397613525
469.29317725999994,706,481,8362,5910528,662.83,5.43685734619697,0.2974293529987335,0.9869800806045532,0.7101481119791667,4800,0.2,-2.246738767127196,0.2195869,0.0003,-0.020169587904335155,1.6390724182128906
438.5723864799999,708,482,8364,5922816,629.56,5.7200160548090935,0.2974444329738617,0.9877786636352539,0.7289632161458334,4810,0.2,-2.244470530748367,0.25571343,0.0003,-0.024074294348732414,2.241982936859131
413.75674358999987,709,483,8365,5935104,624.9,5.328748620053132,0.29761943221092224,0.9861804842948914,0.6999348958333333,4820,0.2,-2.246630368133386,0.21846116,0.0003,-0.021341808179568034,1.794804334640503
462.55778267999995,710,484,8367,5947392,661.45,4.951640107731024,0.2979484498500824,0.9855093359947205,0.7644287109375,4830,0.2,-2.277836350599925,0.2674491,0.0003,0.0015324253113552307,2.1259727478027344
452.43468943,712,485,8369,5959680,686.84,7.938276994228363,0.2975350618362427,0.9726557731628418,0.6830810546875,4840,0.2,-2.2614806994795797,0.15597625,0.0003,-0.019735412531978604,2.80313777923584
464.45207266000006,713,486,8370,5971968,726.9,4.132728181779385,0.29820188879966736,0.9913236498832703,0.7852376302083334,4850,0.2,-2.296593491236369,0.31286928,0.0003,0.010416743205860257,1.643426537513733
486.0259400500001,714,487,8372,5984256,769.36,4.446966650088628,0.2981472313404083,0.9883494973182678,0.7126546223958333,4860,0.2,-2.2800081903735796,0.23473305,0.0003,-0.026955337473191322,1.5164918899536133
477.5082938399999,716,488,8374,5996544,794.98,5.009022180736065,0.2990657389163971,0.9672361016273499,0.7134928385416667,4870,0.2,-2.3092233578364056,0.20184016,0.0003,-0.018092649667717828,1.6119433641433716
467.99374950999993,717,489,8376,6008832,822.22,5.340644515057405,0.29847952723503113,0.9799451231956482,0.7360107421875,4880,0.2,-2.310378785431385,0.2170072,0.0003,-0.008352279807634961,2.2268197536468506
468.26368047999995,718,490,8377,6021120,838.68,6.763542556762696,0.2976241409778595,0.9771592020988464,0.6797607421875,4890,0.2,-2.278529796004295,0.17702645,0.0003,-0.0281414011992941,2.3593177795410156
415.2974816300001,720,491,8379,6033408,836.2,7.3718341911832495,0.29847338795661926,0.9751966595649719,0.6793375651041667,4900,0.2,-2.291024283071359,0.161174,0.0003,-0.020565068245681082,2.302133798599243
402.4157566800001,721,492,8381,6045696,839.52,17.032543832063674,0.29802170395851135,0.9305015206336975,0.5986165364583333,4910,0.2,-2.2907103677590688,0.10318405,0.0003,-0.04164864768584569,5.960515975952148
378.1739064400001,722,493,8382,6057984,850.72,17.450468544165293,0.29746654629707336,0.966250479221344,0.5654052734375,4920,0.2,-2.258407413959503,0.08523206,0.0003,-0.03967010222841054,6.9912109375
386.4857290599999,723,494,8384,6070272,857.87,10.83866426050663,0.29772862792015076,0.9716328978538513,0.6584309895833333,4930,0.2,-2.2617596954107286,0.15628274,0.0003,-0.027081707818433644,4.451780319213867
359.8003552899999,725,495,8386,6082560,864.51,10.076222375035286,0.2984992265701294,0.9770470261573792,0.709814453125,4940,0.2,-2.2778375163674354,0.17499392,0.0003,-0.009828091508825309,3.1133193969726562
338.15564715,726,496,8387,6094848,871.07,21.618102119366327,0.2985752522945404,0.9634752869606018,0.6450520833333333,4950,0.2,-2.2999656523267427,0.12050176,0.0003,-0.03011925236399596,9.783296585083008
358.78833295000004,727,497,8389,6107136,873.84,13.372032402952511,0.29834482073783875,0.9761512279510498,0.7014567057291666,4960,0.2,-2.2980194628238677,0.18503277,0.0003,-0.020337435743325236,5.248821258544922
380.93063205000004,729,498,8391,6119424,840.98,6.1236051907142,0.29888853430747986,0.9826814532279968,0.7427164713541666,4970,0.2,-2.3225735142827033,0.24210925,0.0003,-0.006939000214333646,2.5235507488250732
374.20792594,730,499,8393,6131712,807.71,11.045486549536387,0.29875391721725464,0.9768803119659424,0.6752115885416666,4980,0.2,-2.3061436384916307,0.162226,0.0003,-0.02515102249502282,2.7797048091888428
372.39089995999996,731,500,8394,6144000,811.89,8.877414333820344,0.2983302175998688,0.9708897471427917,0.6879557291666667,4990,0.2,-2.311926934123039,0.19771278,0.0003,-0.02539544800965814,2.048975706100464
385.96684868000006,733,501,8396,6156288,821.26,8.096620531876882,0.2984098196029663,0.9646375775337219,0.7351318359375,5000,0.2,-2.3096305027604105,0.25326732,0.0003,-0.015505538529638822,3.1890153884887695
431.370683,734,502,8398,6168576,772.42,3.4688078398505846,0.2987143099308014,0.9911020398139954,0.7979248046875,5010,0.2,-2.317221407592297,0.38089395,0.0003,0.023253025097073988,1.3617099523544312
398.3603625999999,735,503,8399,6180864,687.51,5.975127602616946,0.29810503125190735,0.9868204593658447,0.6550455729166667,5020,0.2,-2.3037527948617935,0.18506575,0.0003,-0.02849277751229238,1.0905086994171143
390.8814437099999,737,504,8401,6193152,651.32,7.640266740818818,0.2981838881969452,0.9822986125946045,0.6805989583333333,5030,0.2,-2.2872378567854565,0.18565488,0.0003,-0.0351420375596111,2.784637689590454
412.21469830999996,738,505,8403,6205440,623.39,15.338184402386348,0.2971861660480499,0.9710509181022644,0.602490234375,5040,0.2,-2.2628135149677595,0.113976814,0.0003,-0.04226233284571208,6.207438945770264
389.27147643000006,739,506,8404,6217728,606.21,8.849789489308993,0.29677167534828186,0.9858395457267761,0.7107177734375,5050,0.2,-2.2387366448839505,0.23223363,0.0003,-0.022536352432022493,3.6858339309692383
392.13851457,741,507,8406,6230016,614.8,5.730218787491322,0.3017914295196533,0.9878915548324585,0.9216145833333333,5060,0.2,-2.313900476694107,2.9974582,0.0003,0.2184026247249373,1.9496660232543945
389.10295367,742,508,8408,6242304,649.99,13.14179643690586,0.3008553385734558,0.9731531739234924,0.5969075520833333,5070,0.2,-2.3969730243086813,0.101547204,0.0003,-0.04037448671200158,4.604583263397217
420.2853580099999,743,509,8409,6254592,656.6,7.590110381941001,0.3005843460559845,0.9785085320472717,0.7275065104166667,5080,0.2,-2.3849822620550793,0.21080852,0.0003,-0.0140896156905607,2.426433801651001
397.00421728999993,745,510,8411,6266880,650.24,6.613827333350977,0.3010190427303314,0.9863102436065674,0.7144124348958333,5090,0.2,-2.38949587593476,0.2562232,0.0003,-0.026859723850308607,2.6665682792663574
411.77646216,746,511,8413,6279168,651.74,8.000725573301315,0.30016544461250305,0.9802979826927185,0.7120035807291667,5100,0.2,-2.380740841726462,0.22258782,0.0003,-0.021794556637178174,2.0523717403411865
377.26623379999995,747,512,8415,6291456,608.38,7.857587975263596,0.30050501227378845,0.9808346629142761,0.7450764973958334,5110,0.2,-2.3728228360414505,0.2003498,0.0003,-0.0025658258576489366,2.161630630493164
379.52805966000005,748,513,8416,6303744,608.41,9.140366797645887,0.30017709732055664,0.9836774468421936,0.7190185546875,5120,0.2,-2.3631218016147613,0.20090951,0.0003,-0.021167446186882443,2.50809383392334
409.07250393000004,750,514,8418,6316032,644.03,4.09637575596571,0.3070426881313324,0.9855061173439026,0.9324381510416667,5130,0.2,-2.492997642358144,1.3383101,0.0003,0.184026806782155,2.0284595489501953
437.19055002,751,515,8420,6328320,661.91,6.559496412674586,0.3061361610889435,0.9831279516220093,0.7229085286458333,5140,0.2,-2.626549242436886,0.22922249,0.0003,-0.010073728088173084,1.4784502983093262
427.50564767,752,516,8421,6340608,650.01,6.3515464320778845,0.30526241660118103,0.9744496941566467,0.7127278645833334,5150,0.2,-2.585363803803921,0.19209671,0.0003,-0.009582246823507981,1.9875304698944092
446.64675259,754,517,8423,6352896,684.07,6.369049093623956,0.30388501286506653,0.9785412549972534,0.7079508463541667,5160,0.2,-2.547864415248235,0.19360404,0.0003,-0.018762589115067386,2.0161080360412598
440.86411295,755,518,8425,6365184,685.77,9.873876510063807,0.3035529553890228,0.9723300933837891,0.6584147135416667,5170,0.2,-2.5194336210687953,0.16504045,0.0003,-0.031179674993715403,3.281761407852173
457.30757481,756,519,8426,6377472,670.44,10.24181503256162,0.30225712060928345,0.9836084246635437,0.6376871744791667,5180,0.2,-2.482866472005844,0.13571039,0.0003,-0.034106950383769194,2.809817314147949
454.38203479000003,758,520,8428,6389760,655.78,6.394180277486642,0.30216848850250244,0.9825567007064819,0.7372395833333333,5190,0.2,-2.4629749079545338,0.23193395,0.0003,-0.004359432010096498,2.177417278289795
429.60371295,759,521,8430,6402048,652.48,7.062919736901919,0.30133673548698425,0.9845830202102661,0.720458984375,5200,0.2,-2.4464295476675035,0.21656752,0.0003,-0.016413967656747748,2.9586639404296875
413.2603783300001,760,522,8431,6414336,651.71,6.849785648286343,0.30185452103614807,0.9786044359207153,0.7636149088541667,5210,0.2,-2.468835171063741,0.2606944,0.0003,0.006162901561280402,3.058177947998047
442.0288213300001,762,523,8433,6426624,680.74,9.614368323485056,0.3018673360347748,0.9707731008529663,0.6690999348958333,5220,0.2,-2.458299980064233,0.15589838,0.0003,-0.029612066473055164,4.192591667175293
417.5731537399999,763,524,8435,6438912,667.15,6.841790339847406,0.3022172152996063,0.9775311350822449,0.7193359375,5230,0.2,-2.467060364286105,0.2262317,0.0003,-0.018538047420831087,2.3780765533447266
394.04170153,764,525,8436,6451200,663.72,7.678721508880456,0.3009622097015381,0.9772980213165283,0.6750732421875,5240,0.2,-2.4398900041977565,0.18665504,0.0003,-0.032249932352957936,2.523935317993164
415.87949876,765,526,8438,6463488,692.75,9.901766969760258,0.30051329731941223,0.9820618033409119,0.7182047526041667,5250,0.2,-2.405632348358631,0.19823448,0.0003,-0.013242842520897587,3.553618907928467
420.70225407,767,527,8440,6475776,693.55,5.626069250702858,0.30283501744270325,0.9847670793533325,0.7994710286458333,5260,0.2,-2.4524608130256333,0.34233943,0.0003,0.018446822740952485,1.991970419883728
395.47916967,768,528,8441,6488064,642.55,8.611878888805707,0.30206209421157837,0.9558822512626648,0.6571370442708333,5270,0.2,-2.4784479215741158,0.15159453,0.0003,-0.03368272644099003,2.841087579727173
404.36046766,769,529,8443,6500352,649.85,10.362523856759072,0.30171698331832886,0.9736064076423645,0.6619873046875,5280,0.2,-2.456921057899793,0.17819728,0.0003,-0.03268451960272311,4.137965202331543
392.96001384999994,771,530,8445,6512640,649.81,6.796441270411014,0.3024582862854004,0.9771976470947266,0.759716796875,5290,0.2,-2.4728545650839804,0.2537637,0.0003,-0.001184723316206752,2.808724880218506
391.71371222,772,531,8446,6524928,663.1,7.660063536465168,0.30171191692352295,0.9578578472137451,0.7207438151041666,5300,0.2,-2.467465844253699,0.22277798,0.0003,-0.01975136604742147,2.4949114322662354
402.8350726299999,773,532,8448,6537216,685.65,8.37820525666078,0.30072271823883057,0.9666945934295654,0.72255859375,5310,0.2,-2.4408474624156953,0.2037527,0.0003,-0.02091060242091771,4.383454322814941
421.23594182999994,775,533,8450,6549504,706.32,5.20168797125419,0.30271482467651367,0.9672151803970337,0.77138671875,5320,0.2,-2.4909975633025168,0.2789977,0.0003,0.006495623158116359,1.742800235748291
438.79054522,776,534,8452,6561792,718.06,3.6561668577293553,0.30300620198249817,0.9759622812271118,0.7539306640625,5330,0.2,-2.519528795282046,0.27733657,0.0003,-0.006024913358851336,1.0306035280227661
429.9760875199999,777,535,8453,6574080,737.82,3.959395750860373,0.30286821722984314,0.9725186824798584,0.7263346354166667,5340,0.2,-2.5172555004556973,0.22047634,0.0003,-0.01767744391108863,1.072161316871643
452.94424777000006,778,536,8455,6586368,746.14,5.4733692089716595,0.3016502261161804,0.9769161343574524,0.6943766276041666,5350,0.2,-2.474511799712976,0.19816424,0.0003,-0.028022772157176707,2.2456231117248535
427.44311056,780,537,8457,6598656,706.24,6.880106097459793,0.3007536828517914,0.9821878671646118,0.6598795572916667,5360,0.2,-2.436770401398341,0.16665982,0.0003,-0.03402010943294347,2.1518590450286865
428.83585537,781,538,8458,6610944,681.01,3.8705888472497465,0.3003765046596527,0.9835444688796997,0.7528727213541667,5370,0.2,-2.418570639193058,0.28807878,0.0003,-0.015612146323837806,1.1110973358154297
411.57092502,782,539,8460,6623232,680.14,4.290854887664318,0.30100157856941223,0.9819614887237549,0.7543375651041667,5380,0.2,-2.4278502131501836,0.24387634,0.0003,-0.008215618051084068,1.900369644165039
444.72664232999995,784,540,8462,6635520,723.15,3.3293279434243837,0.30021587014198303,0.9844517111778259,0.7170491536458333,5390,0.2,-2.4220290184020996,0.22233279,0.0003,-0.02492880917076642,1.0883240699768066
444.70101781000005,785,541,8463,6647808,709.16,3.7152661701043446,0.2998798191547394,0.9720006585121155,0.72314453125,5400,0.2,-2.39450063208739,0.22817993,0.0003,-0.01978800791645578,1.267012119293213
423.8196558,786,542,8465,6660096,669.4,7.9751979748408,0.299248605966568,0.9746667742729187,0.6275797526041667,5410,0.2,-2.361369824409485,0.12970906,0.0003,-0.03838483105294775,2.741168737411499
415.81108876999997,788,543,8467,6672384,655.57,9.063940178354581,0.2978651523590088,0.9820648431777954,0.5929850260416667,5420,0.2,-2.3117726385593413,0.11398668,0.0003,-0.04155700103923057,5.539211750030518
408.52001312,789,544,8468,6684672,636.95,7.495891321698824,0.29767072200775146,0.9837616086006165,0.7067952473958333,5430,0.2,-2.300803804397583,0.2072155,0.0003,-0.025701600802131,3.444948196411133
400.9051121300001,790,545,8470,6696960,630.39,9.73768618206183,0.2976686656475067,0.9759091138839722,0.6861572265625,5440,0.2,-2.2880031978090605,0.16942644,0.0003,-0.03135564434051048,3.584237813949585
415.31130774999997,791,546,8472,6709248,634.09,5.028215211133162,0.2969648241996765,0.9839462637901306,0.7677897135416667,5450,0.2,-2.2800877332687377,0.30321142,0.0003,-0.0010452887625433504,2.028221607208252
443.52704963,793,547,8473,6721536,679.06,5.954457048078378,0.2967369258403778,0.9809277653694153,0.7322591145833334,5460,0.2,-2.2694156443079314,0.23539074,0.0003,-0.015173866146748574,1.785331130027771
454.5673135,794,548,8475,6733824,689.73,3.1994379637142023,0.29696086049079895,0.9844821095466614,0.7947835286458333,5470,0.2,-2.283009528120359,0.34828892,0.0003,0.005946378462249413,1.187883734703064
461.26158779000014,795,549,8477,6746112,694.11,4.146110314130783,0.29639434814453125,0.9899298548698425,0.7107828776041667,5480,0.2,-2.256551022827625,0.20813638,0.0003,-0.023525014775805174,1.597873568534851
503.5312006099999,797,550,8479,6758400,707.79,5.907249829173088,0.29498088359832764,0.9855402708053589,0.6889811197916667,5490,0.2,-2.212602346142133,0.18359138,0.0003,-0.026861113228369503,2.1435670852661133
508.4700433200001,798,551,8480,6770688,701.4,2.877402441451947,0.29575780034065247,0.9869989156723022,0.7871419270833333,5500,0.2,-2.2260887453953426,0.3167789,0.0003,0.012878993496269687,0.8238993287086487
498.99380715,799,552,8482,6782976,689.0,4.2104340126117075,0.29542529582977295,0.9879967570304871,0.7539306640625,5510,0.2,-2.233183465898037,0.26330683,0.0003,-0.010401738874982887,1.4203308820724487
506.98683354,800,553,8484,6795264,702.43,4.154961730788151,0.29440972208976746,0.9843236207962036,0.6720296223958333,5520,0.2,-2.1832991649707156,0.17357005,0.0003,-0.030234654120674047,1.4726957082748413
529.1533544299999,802,554,8485,6807552,742.23,5.2048668319980305,0.2949446141719818,0.9821981191635132,0.703564453125,5530,0.2,-2.1958437050382296,0.20526719,0.0003,-0.022217659637196144,2.3296947479248047
544.60896467,803,555,8487,6819840,772.14,3.557013626893361,0.2947579622268677,0.9769813418388367,0.7487548828125,5540,0.2,-2.195264740784963,0.24039938,0.0003,-0.002925622695086834,1.1014196872711182
541.8064457800001,804,556,8489,6832128,780.39,6.055859013398488,0.2944757640361786,0.9821128845214844,0.6834798177083333,5550,0.2,-2.191799127558867,0.14064352,0.0003,-0.020394272208310818,1.744688868522644
543.43290433,806,557,8490,6844416,775.89,6.119248193502426,0.29368335008621216,0.977299690246582,0.6678629557291667,5560,0.2,-2.1606712132692336,0.15797788,0.0003,-0.030670599794151106,2.3570685386657715
533.7405849,807,558,8492,6856704,789.15,3.3422505473097166,0.2934042513370514,0.9907402992248535,0.7481852213541667,5570,0.2,-2.1445966293414434,0.24330242,0.0003,-0.006752915614439795,0.8066647052764893
525.44805858,808,559,8494,6868992,818.32,5.3352714911103245,0.2921445667743683,0.9856700897216797,0.686328125,5580,0.2,-2.1044117520252863,0.17369147,0.0003,-0.02670497420282724,1.903979778289795
542.3953157299999,809,560,8495,6881280,835.72,2.9986382047335307,0.2912822961807251,0.9901776909828186,0.740966796875,5590,0.2,-2.0808513805270197,0.25639,0.0003,-0.010143775260075927,0.7263502478599548
549.2470545399999,811,561,8497,6893568,827.07,1.9906532188256583,0.293509304523468,0.9933299422264099,0.8156494140625,5600,0.2,-2.1238424450159075,0.35963893,0.0003,0.029732905871545274,0.7429486513137817
518.07973517,812,562,8499,6905856,800.39,2.235227108001709,0.2936931252479553,0.9930747151374817,0.740185546875,5610,0.2,-2.146552562713623,0.30142704,0.0003,-0.009927304121568644,0.5577413439750671
494.7546503500001,813,563,8501,6918144,799.75,3.953679747879505,0.2925908863544464,0.9836804866790771,0.6544270833333333,5620,0.2,-2.1288575102885563,0.15789509,0.0003,-0.038236248238051,1.8857654333114624
481.16988245999994,815,564,8502,6930432,760.21,8.289793808758258,0.29171547293663025,0.9777628779411316,0.5851236979166666,5630,0.2,-2.087107041478157,0.121694386,0.0003,-0.042846048916302,1.7925750017166138
449.33335037999996,816,565,8504,6942720,685.24,8.898902686436971,0.2912820875644684,0.9809145331382751,0.6114583333333333,5640,0.2,-2.0592352136969567,0.107340634,0.0003,-0.03754728664353024,2.580855369567871
414.89671449,817,566,8506,6955008,635.46,7.73782395819823,0.29027292132377625,0.983855664730072,0.6661214192708333,5650,0.2,-2.0319054583708445,0.18220635,0.0003,-0.03329338507319335,2.1167352199554443
418.46521942,818,567,8507,6967296,630.92,8.587941100200018,0.2899373173713684,0.9805408716201782,0.6928466796875,5660,0.2,-2.0142447983225185,0.18332939,0.0003,-0.024970481223620784,5.10128116607666
457.30487933999996,820,568,8509,6979584,663.47,7.01711510916551,0.2922933101654053,0.9632668495178223,0.8180989583333333,5670,0.2,-2.0648646394411725,0.31517288,0.0003,0.046002237965391636,2.8896052837371826
459.3195066,821,569,8511,6991872,664.92,2.709036384274562,0.29522860050201416,0.9918813109397888,0.8442301432291667,5680,0.2,-2.2042266090710956,0.42445266,0.0003,0.05659099536715075,0.9038609862327576
458.71461014999994,822,570,8512,7004160,680.09,4.951311198373635,0.2943085730075836,0.9853401184082031,0.7167643229166667,5690,0.2,-2.204404999812444,0.19973646,0.0003,-0.020203549540262124,1.728116512298584
459.01629445000003,824,571,8514,7016448,698.29,9.825128487745921,0.29433879256248474,0.9675655961036682,0.6442138671875,5700,0.2,-2.184617540240288,0.14484559,0.0003,-0.029098309412559805,3.6993348598480225
482.06745722999995,825,572,8516,7028736,715.17,6.4182878111799555,0.29381072521209717,0.9813762903213501,0.69013671875,5710,0.2,-2.1693989892800647,0.1926188,0.0003,-0.022287298451798658,2.097440481185913
456.07939305,826,573,8517,7041024,687.08,2.9364722947279613,0.2939240038394928,0.9892369508743286,0.7968180338541667,5720,0.2,-2.189033587773641,0.33186796,0.0003,0.013019666222195763,1.11264967918396
465.03351874,827,574,8519,7053312,698.95,4.110828649997711,0.2926695644855499,0.9841699600219727,0.7347249348958333,5730,0.2,-2.138871813813845,0.26041687,0.0003,-0.016521072347920076,1.5283981561660767
492.85745293,829,575,8521,7065600,724.13,2.035879401365916,0.29382699728012085,0.9928207397460938,0.781689453125,5740,0.2,-2.149580619732539,0.38000616,0.0003,0.0012488371760506804,1.0038305521011353
509.3492346499999,830,576,8523,7077888,744.69,3.623898048202197,0.29341068863868713,0.9867714643478394,0.7145426432291667,5750,0.2,-2.1624436646699907,0.19112384,0.0003,-0.01857772023116316,1.1889442205429077
535.803982,831,577,8524,7090176,769.4,3.105461847782135,0.29296445846557617,0.9891430735588074,0.7254557291666667,5760,0.2,-2.1378661612669627,0.23662639,0.0003,-0.013893792635644785,0.8482335805892944
522.35364918,832,578,8526,7102464,772.82,3.809727118909359,0.2920772135257721,0.9811456203460693,0.7159016927083334,5770,0.2,-2.110181102156639,0.20676549,0.0003,-0.017545236314860328,1.0381067991256714
525.7943843300001,834,579,8528,7114752,811.68,2.4717305824160576,0.2914096415042877,0.988429605960846,0.7334065755208333,5780,0.2,-2.0772521461049718,0.2597258,0.0003,-0.013576683789627472,0.7651998996734619
538.84842138,835,580,8529,7127040,813.69,2.511044899870952,0.29194286465644836,0.9926825165748596,0.7458414713541667,5790,0.2,-2.0873039970795313,0.25969675,0.0003,-0.015174497394764331,0.8531044125556946
500.63143319999995,836,581,8531,7139328,770.33,2.182059600452582,0.29167604446411133,0.9926912784576416,0.73095703125,5800,0.2,-2.0777785420417785,0.2649197,0.0003,-0.0072413287324404035,0.5083943605422974
494.08334621999995,838,582,8533,7151616,761.54,5.09264640212059,0.29079124331474304,0.9799413681030273,0.6087239583333334,5810,0.2,-2.045796497662862,0.13269424,0.0003,-0.041721097638946956,1.5896764993667603
504.325268,839,583,8534,7163904,741.67,3.4279094065229097,0.2897814214229584,0.991321861743927,0.6793212890625,5820,0.2,-2.0154484160244466,0.2061414,0.0003,-0.025846432632533833,0.9303010106086731
508.93579386,840,584,8536,7176192,729.86,7.956981382270654,0.289129376411438,0.9847943186759949,0.5811604817708333,5830,0.2,-1.9789994746446609,0.10262126,0.0003,-0.03883198914991226,2.097724437713623
515.2324302099998,841,585,8538,7188480,709.55,4.365939710040887,0.2883492410182953,0.9878584742546082,0.7359293619791667,5840,0.2,-1.9566680905719598,0.2661126,0.0003,-0.015595324970005701,0.8997904062271118
504.9967339699999,843,586,8540,7200768,706.36,4.50293451398611,0.28751885890960693,0.9864363670349121,0.7010335286458333,5850,0.2,-1.9129135983685652,0.21352835,0.0003,-0.02273464315221645,1.0586475133895874
483.1429154000001,844,587,8541,7213056,683.67,4.907010769844055,0.28696492314338684,0.9865555167198181,0.7218587239583333,5860,0.2,-1.8974073864519596,0.21609189,0.0003,-0.013210917122584457,2.587489604949951
466.51796957000005,845,588,8543,7225344,662.2,6.701910338799158,0.286612868309021,0.9873908758163452,0.6907958984375,5870,0.2,-1.870792559037606,0.18131202,0.0003,-0.03172843758657109,2.390868902206421
468.6494101300001,846,589,8545,7237632,686.85,6.321673685808976,0.286258339881897,0.9877943396568298,0.70380859375,5880,0.2,-1.8579044707119465,0.20611303,0.0003,-0.019154471876875807,1.6246896982192993
446.72273061,848,590,8546,7249920,670.25,4.023604720582565,0.2871725857257843,0.9924910664558411,0.8125162760416667,5890,0.2,-1.9044314377009868,0.3273878,0.0003,0.03266964143937609,1.4720083475112915
466.24713810000003,849,591,8548,7262208,683.32,2.5638958292702836,0.2928329408168793,0.9937072992324829,0.9598388671875,5900,0.2,-1.9780787013471126,2.3430374,0.0003,0.2233833113141979,0.9802944660186768
460.4091263900001,850,592,8550,7274496,651.3,3.077924820035696,0.29311081767082214,0.9947383403778076,0.7551839192708333,5910,0.2,-2.1393547827998796,0.286111,0.0003,-0.007501631225265252,1.2701295614242554
469.38755515,852,593,8551,7286784,649.39,8.454918602108956,0.29193517565727234,0.9853119254112244,0.5689860026041667,5920,0.2,-2.0897942493359247,0.09608004,0.0003,-0.03457658571181431,1.7585320472717285
467.52775980999996,853,594,8553,7299072,630.81,5.269833491742611,0.2918407618999481,0.9884705543518066,0.6673746744791667,5930,0.2,-2.0696500524878503,0.17070107,0.0003,-0.027302612988569307,1.4847501516342163
478.61715569,854,595,8555,7311360,633.82,3.5012570813298227,0.2929159700870514,0.9918858408927917,0.7721272786458333,5940,0.2,-2.1138043542702993,0.29845735,0.0003,0.003013656212715432,1.5649381875991821
460.33060574,855,596,8556,7323648,616.88,4.631318935751915,0.29252466559410095,0.98896324634552,0.7028727213541667,5950,0.2,-2.110227443774541,0.19800262,0.0003,-0.025355672693937473,1.7654082775115967
474.90692007000007,857,597,8558,7335936,631.71,3.8342850036919116,0.2928145229816437,0.991060197353363,0.7617919921875,5960,0.2,-2.1043643573919932,0.2800251,0.0003,-0.0016974800528259948,2.280686616897583
519.9148751600001,858,598,8560,7348224,691.83,2.3227859526872634,0.2939349114894867,0.9950400590896606,0.8039469401041667,5970,0.2,-2.1568010499080024,0.385528,0.0003,0.010583160030849588,0.7446118593215942
512.67724586,859,599,8562,7360512,705.49,1.8583833629886308,0.2933664321899414,0.9945356845855713,0.7793619791666667,5980,0.2,-2.1421468550960223,0.3104454,0.0003,0.006732855280279182,0.7368596196174622
477.50738112999994,860,600,8563,7372800,692.51,1.9018516284724076,0.2939167320728302,0.9924749135971069,0.7392985026041666,5990,0.2,-2.1462979252139727,0.26352236,0.0003,-0.01504248390168262,0.5187718272209167
489.4970429800001,862,601,8565,7385088,698.74,3.4394368077317874,0.29316261410713196,0.9911821484565735,0.6958821614583334,6000,0.2,-2.1238703186313312,0.19719665,0.0003,-0.028662250579994483,1.2018259763717651
482.86370897,863,602,8567,7397376,713.47,3.249098806331555,0.29199329018592834,0.9916271567344666,0.711083984375,6010,0.2,-2.097948133945465,0.20556635,0.0003,-0.025074783537032394,1.215610146522522
483.39100543000006,864,603,8568,7409664,727.34,2.1348229366044205,0.29186296463012695,0.9909282326698303,0.7459147135416667,6020,0.2,-2.0655246232946713,0.26768026,0.0003,-0.009082702120455604,0.7208298444747925
470.4031287499999,865,604,8570,7421952,717.13,2.287407739708821,0.291291743516922,0.9913612604141235,0.7193196614583334,6030,0.2,-2.0462097312013308,0.23284216,0.0003,-0.01590825108384403,0.8733428716659546
464.4079419700001,867,605,8572,7434240,690.17,1.8320436645299196,0.2909020781517029,0.9919777512550354,0.7349609375,6040,0.2,-2.0298839742938677,0.23904683,0.0003,-0.015421671739022712,0.6552807688713074
505.64864409,868,606,8573,7446528,719.78,2.871811049679915,0.29011932015419006,0.992101788520813,0.7124267578125,6050,0.2,-2.0036637239158153,0.21480922,0.0003,-0.021682215943777314,1.012041449546814
508.40444548999994,869,607,8575,7458816,728.73,1.686149983977278,0.29011020064353943,0.9942594766616821,0.7650960286458334,6060,0.2,-1.9864910254875818,0.3068632,0.0003,0.002137085678502141,0.6228694915771484
506.3123003900001,871,608,8577,7471104,721.31,1.7785071509579817,0.2899361848831177,0.9954636096954346,0.7533610026041667,6070,0.2,-1.9789563025037447,0.33037546,0.0003,-0.013692658765648957,0.5562489628791809
507.41405177,872,609,8579,7483392,690.97,3.4831373393535614,0.2899641692638397,0.9896913170814514,0.6330240885416667,6080,0.2,-1.9762253418564797,0.15246801,0.0003,-0.03679378100399238,1.0634888410568237
473.00511418,873,610,8580,7495680,663.58,8.541492744783561,0.2888515889644623,0.9826186895370483,0.5214029947916666,6090,0.2,-1.9434787958860398,0.07335233,0.0003,-0.039500390720786524,1.8552218675613403
535.45941441,874,611,8582,7507968,712.78,3.3536860652267935,0.28920939564704895,0.9909200668334961,0.7380777994791666,6100,0.2,-1.9461483461161455,0.24542154,0.0003,-0.015258206563885324,1.5791144371032715
538.8389679500001,876,612,8584,7520256,702.52,3.5754118457436563,0.28949713706970215,0.9878625869750977,0.7557861328125,6110,0.2,-1.9721622094511986,0.24750696,0.0003,0.002099234448784652,1.133223056793213
546.89176409,877,613,8585,7532544,687.27,3.413839560498794,0.28846779465675354,0.9885739684104919,0.7155517578125,6120,0.2,-1.9424448025723298,0.27584413,0.0003,-0.015596267040382372,1.1776268482208252
554.10653592,878,614,8587,7544832,699.08,4.275748856365681,0.28792253136634827,0.9909684062004089,0.6941243489583333,6130,0.2,-1.9156628876924515,0.19607715,0.0003,-0.023861192619854896,1.6992098093032837
556.9528640099999,879,615,8589,7557120,703.44,4.227715239425501,0.2884059250354767,0.9883578419685364,0.7087890625,6140,0.2,-1.9235264591872692,0.19655542,0.0003,-0.016026559256230637,1.525198221206665
548.45119099,881,616,8590,7569408,702.91,4.1457861741383875,0.2881060838699341,0.9895824193954468,0.6833251953125,6150,0.2,-1.921034469952186,0.19060485,0.0003,-0.027441092276906904,1.4554908275604248
511.7007611399999,882,617,8592,7581696,683.81,3.2357200073699155,0.2887606620788574,0.9907270073890686,0.7291748046875,6160,0.2,-1.9294452657302221,0.23088591,0.0003,-0.017786751081196903,1.4598722457885742
490.68528674000004,883,618,8594,7593984,668.78,4.511310139298439,0.2884688377380371,0.9922623634338379,0.7053629557291666,6170,0.2,-1.9324618948002656,0.19968088,0.0003,-0.01634449260891415,1.927643895149231
495.15533835,884,619,8596,7606272,688.65,3.8122885547578336,0.28801459074020386,0.9937921762466431,0.7164388020833333,6180,0.2,-1.9206612887481849,0.21860637,0.0003,-0.01753593864462649,1.691042423248291
480.95149514,886,620,8597,7618560,676.2,4.185262968639533,0.287698358297348,0.9867115020751953,0.7720540364583334,6190,0.2,-1.9312784569958845,0.2395845,0.0003,0.009586058130662423,1.718208909034729
482.04419127999995,887,621,8599,7630848,673.44,4.278111054251592,0.28795337677001953,0.9893350601196289,0.7189371744791667,6200,0.2,-1.9120902883509794,0.24504729,0.0003,-0.017936847524833866,1.4170966148376465
514.2784576700001,888,622,8601,7643136,698.4,2.000286180774371,0.2875438928604126,0.9939663410186768,0.8004720052083333,6210,0.2,-1.9082204647362233,0.40094447,0.0003,0.011883854836438938,0.8298279047012329
509.6747640500001,889,623,8603,7655424,700.31,1.814359878624479,0.2880772054195404,0.9921931028366089,0.7601155598958333,6220,0.2,-1.9132023664812248,0.25265262,0.0003,0.002889170761530598,0.5937418341636658
519.42669735,891,624,8604,7667712,701.21,2.236475059390068,0.28914421796798706,0.9951028823852539,0.7370361328125,6230,0.2,-1.9589281563957532,0.25679466,0.0003,-0.018578181820339525,0.6459229588508606
526.0107934800001,892,625,8606,7680000,693.51,2.1669070214033126,0.2886924147605896,0.9941933155059814,0.7266031901041666,6240,0.2,-1.9516939933101336,0.26182705,0.0003,-0.013817446902006243,0.6313649415969849
576.92419568,893,626,8608,7692288,724.94,1.603602596372366,0.28918078541755676,0.9959704279899597,0.7510091145833333,6250,0.2,-1.977168929328521,0.26845664,0.0003,-0.010514304738414164,0.44778215885162354
585.9868708199999,894,627,8609,7704576,736.03,2.605016962190469,0.2884148955345154,0.9944443702697754,0.713330078125,6260,0.2,-1.9599683091044426,0.21925347,0.0003,-0.017066469297666722,1.373848795890808
553.73681378,896,628,8611,7716864,725.76,2.9040698697169622,0.2879462242126465,0.9924926161766052,0.6924153645833333,6270,0.2,-1.9233647339046,0.1971532,0.0003,-0.024705684256817524,1.3087198734283447
555.87619718,897,629,8613,7729152,741.79,2.3605563583473366,0.28890517354011536,0.9906654953956604,0.7483317057291666,6280,0.2,-1.95697776923577,0.24297912,0.0003,-0.005986311373514279,0.7274199724197388
588.18915484,898,630,8615,7741440,779.26,5.293338734904925,0.28859058022499084,0.9760367274284363,0.6572102864583333,6290,0.2,-1.9531543835997582,0.13658784,0.0003,-0.025583517456349607,2.073364734649658
571.4207413,899,631,8616,7753728,787.89,2.3900098775823913,0.2891046106815338,0.9925260543823242,0.7422607421875,6300,0.2,-1.969118776669105,0.25137278,0.0003,-0.009043099239352159,0.8483669757843018
599.23104712,901,632,8618,7766016,828.9,2.2380811755855876,0.2896069586277008,0.9924736022949219,0.7454996744791667,6310,0.2,-1.995106520007054,0.25887215,0.0003,-0.0023632380451696616,0.9359223246574402
582.24737582,902,633,8620,7778304,816.65,2.365657959630092,0.2893642485141754,0.9909471273422241,0.7135091145833333,6320,0.2,-2.0009899218877156,0.20406318,0.0003,-0.015112446715162757,0.8596364855766296
594.6781248799999,903,634,8621,7790592,826.47,2.8686346086362997,0.28872594237327576,0.988476037979126,0.71015625,6330,0.2,-1.974119772017002,0.21328218,0.0003,-0.008940993431800355,1.0755751132965088
601.87578781,904,635,8623,7802880,816.92,1.8234671290963889,0.28798630833625793,0.9913602471351624,0.733740234375,6340,0.2,-1.9505341085294883,0.27997717,0.0003,-0.012095658885664306,0.7055087685585022
551.46431925,906,636,8625,7815168,763.7,3.6837580770254137,0.28766217827796936,0.9893640875816345,0.6597086588541666,6350,0.2,-1.9215148965517679,0.14368552,0.0003,-0.02897157217958011,1.3694324493408203
544.08789863,907,637,8626,7827456,749.22,2.6751283101737497,0.28770995140075684,0.9911344647407532,0.7192220052083333,6360,0.2,-1.927237755805254,0.23958087,0.0003,-0.02200645723302538,0.815659761428833
510.29464555999994,908,638,8628,7839744,709.19,3.3234422927101455,0.28688159584999084,0.9900607466697693,0.6613362630208334,6370,0.2,-1.9087584162751834,0.16481705,0.0003,-0.028394274953946783,1.2882916927337646
472.30538039,909,639,8630,7852032,660.87,3.0713862436513106,0.28678634762763977,0.9902322888374329,0.7072021484375,6380,0.2,-1.8893283933401108,0.21227439,0.0003,-0.01451208499444571,1.420200228691101
473.36560053999995,911,640,8631,7864320,663.53,3.9488304617504277,0.2863735258579254,0.9908934235572815,0.6769287109375,6390,0.2,-1.8693193885187307,0.18786587,0.0003,-0.022006032227848967,1.038527488708496
512.85450902,912,641,8633,7876608,681.32,2.595026190330585,0.28678083419799805,0.9910209774971008,0.7558430989583333,6400,0.2,-1.8809243492782115,0.27698222,0.0003,0.007047086917251969,1.2245560884475708
537.4874607500001,913,642,8635,7888896,675.19,1.4011791261533897,0.2884722054004669,0.9955220222473145,0.8059733072916667,6410,0.2,-1.9557834160824616,0.40565124,0.0003,0.023786309617814066,0.5468860268592834
561.53454261,914,643,8637,7901184,696.0,4.69100120117267,0.28752851486206055,0.9847317337989807,0.6139567057291667,6420,0.2,-1.9233297842244308,0.115921654,0.0003,-0.032106374826980755,1.0662609338760376
575.8237546299999,916,644,8638,7913472,732.53,2.264004669090112,0.28746297955513,0.9945405721664429,0.7465250651041667,6430,0.2,-1.9102165867884955,0.29516783,0.0003,-0.005138618825003505,0.7019929885864258
594.3804654199998,917,645,8640,7925760,759.02,1.888345097626249,0.2873905599117279,0.9949586391448975,0.7520426432291667,6440,0.2,-1.8978684169550737,0.29701534,0.0003,0.00043826871648586045,0.48743507266044617
560.98812752,918,646,8642,7938048,751.16,2.5473719666401546,0.28694072365760803,0.995529055595398,0.7337727864583333,6450,0.2,-1.8965594686567784,0.2410537,0.0003,-0.01423695828561904,0.77726149559021
501.6366923700001,919,647,8643,7950336,700.88,6.430698434015115,0.285873144865036,0.9869335889816284,0.5740478515625,6460,0.2,-1.8465304558475812,0.086868465,0.0003,-0.03155956362315919,2.7980635166168213
522.96225081,921,648,8645,7962624,726.95,3.579532687117656,0.28517746925354004,0.988816499710083,0.7147054036458333,6470,0.2,-1.812061703701814,0.22761403,0.0003,-0.008821326958908079,0.8816729784011841
500.39764154000005,922,649,8647,7974912,698.12,3.3261664979159833,0.2850055396556854,0.9885299801826477,0.7142496744791667,6480,0.2,-1.8021518791715303,0.23395737,0.0003,-0.017764428436445694,0.9080450534820557
490.29941909999997,923,650,8648,7987200,671.13,5.3147550622622175,0.28427693247795105,0.9841567873954773,0.69931640625,6490,0.2,-1.7833823956549169,0.21630454,0.0003,-0.019023009685527843,2.057264566421509
535.99933672,924,651,8650,7999488,688.93,2.480489862461885,0.2851690351963043,0.991545557975769,0.7799072265625,6500,0.2,-1.7974027161796888,0.384496,0.0003,0.014258729237189982,0.6857552528381348
572.9267281800002,925,652,8652,8011776,725.64,1.838300814727942,0.2857249081134796,0.9959761500358582,0.7737060546875,6510,0.2,-1.829126905153195,0.336794,0.0003,0.0038053611531116377,0.7151666283607483
590.63598685,927,653,8653,8024064,766.17,1.360779723400871,0.28551939129829407,0.9948468804359436,0.7594645182291667,6520,0.2,-1.8237848150233427,0.24883004,0.0003,-0.0032915701779226464,0.35609859228134155
612.87547677,928,654,8655,8036352,793.05,1.7876132868230343,0.28538861870765686,0.993608832359314,0.7677978515625,6530,0.2,-1.825778312732776,0.2789193,0.0003,0.007994461237588742,0.5848140716552734
611.6460586199998,929,655,8657,8048640,810.89,2.984192590912183,0.28467777371406555,0.9854981899261475,0.6897786458333334,6540,0.2,-1.7859283566474915,0.18792991,0.0003,-0.014549542494933121,1.3619972467422485
630.6412528000001,930,656,8659,8060928,842.16,2.341678224752347,0.28479239344596863,0.9884925484657288,0.720556640625,6550,0.2,-1.7945316915710767,0.20131321,0.0003,-0.0078046668607081905,1.0687434673309326
631.4450664999999,932,657,8660,8073216,855.27,1.733299660185973,0.2849566638469696,0.9947514533996582,0.7367919921875,6560,0.2,-1.794585184752941,0.24913669,0.0003,-0.013549571791857791,0.5578885674476624
610.0899784499999,933,658,8662,8085504,854.72,2.829459063212077,0.28500261902809143,0.9892510771751404,0.7014322916666667,6570,0.2,-1.7886735958357651,0.20010547,0.0003,-0.016188488411717116,0.8709404468536377
612.5820253100001,934,659,8664,8097792,858.92,1.6976397272199393,0.28456756472587585,0.995215654373169,0.7446451822916667,6580,0.2,-1.7961994672815005,0.2536722,0.0003,-0.011991836008382962,0.6260099411010742
601.6355749200001,935,660,8665,8110080,857.98,3.9180935725569723,0.2847748100757599,0.9872401356697083,0.7030924479166667,6590,0.2,-1.7861542776226997,0.19143558,0.0003,-0.014990970146997521,1.622172236442566
609.1375382699999,937,661,8667,8122368,876.49,4.891517995297908,0.2844601571559906,0.9785195589065552,0.6966796875,6600,0.2,-1.7727001751462619,0.18494265,0.0003,-0.013769086611864623,2.4876296520233154
610.1756333399999,938,662,8669,8134656,882.14,1.9575136616826057,0.2840862572193146,0.9878814816474915,0.7464436848958333,6610,0.2,-1.7836744790275891,0.24278404,0.0003,0.0014745900941003736,0.7660796642303467
613.6020494699999,939,663,8670,8146944,892.13,3.5024291853109997,0.28405967354774475,0.9883581399917603,0.6565104166666667,6620,0.2,-1.754854241758585,0.14412487,0.0003,-0.024991506351701293,1.518259882926941
603.24890503,940,664,8672,8159232,871.29,2.5551344801982245,0.2838567793369293,0.988562285900116,0.7059733072916666,6630,0.2,-1.746642711510261,0.19611645,0.0003,-0.015173807779986722,0.8704836964607239
597.56164039,942,665,8674,8171520,872.41,2.7537238399187722,0.2836376130580902,0.9908586740493774,0.6452962239583333,6640,0.2,-1.7352161606152852,0.15126453,0.0003,-0.028883916426760456,0.652862012386322
614.1060937999999,943,666,8675,8183808,879.81,2.3027358949184418,0.28370705246925354,0.9885124564170837,0.7506754557291667,6650,0.2,-1.7425112657248973,0.26379424,0.0003,0.0013389781612204387,0.7473822832107544
588.63294011,944,667,8677,8196096,813.35,2.233865501234929,0.2838059365749359,0.9917154312133789,0.7234781901041667,6660,0.2,-1.7362530248860517,0.24844797,0.0003,-0.008945572738108845,0.6043882966041565
567.9017202900001,945,668,8679,8208384,777.99,4.037877846012512,0.2826734781265259,0.9897883534431458,0.6267822265625,6670,0.2,-1.7080788739025592,0.13821496,0.0003,-0.03168928064357412,1.5728827714920044
576.9166114000001,946,669,8681,8220672,755.78,4.223753503958384,0.28293371200561523,0.987196147441864,0.6801920572916667,6680,0.2,-1.6959940013786157,0.19919102,0.0003,-0.018899944133590908,1.4725689888000488
554.7692364799999,948,670,8682,8232960,735.65,4.732375817994277,0.28343841433525085,0.985575258731842,0.6965169270833333,6690,0.2,-1.7155720216532548,0.18365014,0.0003,-0.01149933559257382,2.2467827796936035
535.86587591,949,671,8684,8245248,711.67,7.701802704234918,0.28305867314338684,0.9835743308067322,0.6489339192708333,6700,0.2,-1.7054149677356085,0.14698894,0.0003,-0.03306021812313702,2.224327802658081
524.22166935,950,672,8686,8257536,708.98,4.916517249246438,0.28305304050445557,0.9881104230880737,0.7053304036458333,6710,0.2,-1.7103029814859232,0.21023,0.0003,-0.01554096931552825,1.3796210289001465
562.02001579,951,673,8687,8269824,754.88,3.150705434381962,0.28393617272377014,0.9873725175857544,0.7954427083333333,6720,0.2,-1.7432581099371116,0.35247374,0.0003,0.021128595444800644,1.316441535949707
510.66670385,953,674,8689,8282112,718.95,4.2423830352723595,0.28462526202201843,0.9853761196136475,0.7018961588541667,6730,0.2,-1.7655880836149056,0.2171557,0.0003,-0.015165973856346682,1.3491960763931274
525.1096462200001,954,675,8691,8294400,736.25,4.853691710035006,0.2835024297237396,0.9872708320617676,0.6528564453125,6740,0.2,-1.7434828671316305,0.14689608,0.0003,-0.024794027587631717,1.1207340955734253
543.21669291,955,676,8692,8306688,747.92,2.2360446232060593,0.28638067841529846,0.9919121265411377,0.8593994140625,6750,0.2,-1.827047300338745,0.67157906,0.0003,0.07467960283344534,0.8827171921730042
563.1491352200001,956,677,8694,8318976,760.57,2.425550652543704,0.2870148718357086,0.9936279654502869,0.7801920572916666,6760,0.2,-1.8929114018877347,0.29695085,0.0003,0.01341049822513014,0.6581950783729553
581.2296939,958,678,8696,8331264,768.89,2.6596783411999545,0.2870945930480957,0.9905408024787903,0.714501953125,6770,0.2,-1.8819596563776335,0.23236446,0.0003,-0.014132452891014205,1.0995241403579712
593.01504243,959,679,8697,8343552,764.83,1.5170036730666956,0.28798413276672363,0.9939280152320862,0.757470703125,6780,0.2,-1.8988278456032277,0.30435514,0.0003,-0.004537939583921495,0.5304714441299438
603.8788123999999,960,680,8699,8355840,783.87,2.163593110690514,0.2881077527999878,0.9943912625312805,0.7068684895833334,6790,0.2,-1.9224386605123678,0.21218114,0.0003,-0.014872023070347495,0.9202332496643066
621.39252892,961,681,8701,8368128,814.02,1.9619969283541043,0.28748568892478943,0.9932557344436646,0.7430419921875,6800,0.2,-1.9150598123669624,0.2740991,0.0003,-0.010088242586546888,0.5534834265708923
628.5846894800001,962,682,8703,8380416,830.82,1.9361373238265513,0.28736963868141174,0.9932910203933716,0.7114990234375,6810,0.2,-1.902213974793752,0.22508192,0.0003,-0.01649854922434315,0.6948100924491882
656.3536921799999,964,683,8704,8392704,844.4,2.683956893036763,0.28697338700294495,0.9925034642219543,0.707275390625,6820,0.2,-1.8818826836844285,0.20076185,0.0003,-0.00722637891449267,1.3680895566940308
588.3487736899999,965,684,8706,8404992,769.58,3.1919763344029586,0.28685319423675537,0.9923526048660278,0.7476318359375,6830,0.2,-1.8823091633617879,0.2360831,0.0003,-0.0006984375242609531,1.1749869585037231
578.8324855999999,966,685,8708,8417280,748.18,4.180395948390166,0.2866099178791046,0.9905807971954346,0.6569986979166667,6840,0.2,-1.8619808755815028,0.15661359,0.0003,-0.030740737100859405,0.9876350164413452
566.30581465,967,686,8709,8429568,753.0,6.089442686736584,0.28637629747390747,0.9825443625450134,0.594140625,6850,0.2,-1.8449024950464568,0.11647397,0.0003,-0.03217683387241171,1.7575567960739136
571.1559912499999,969,687,8711,8441856,752.38,2.0321220720807713,0.2872718274593353,0.9940528273582458,0.7869954427083333,6860,0.2,-1.8825746814409892,0.34640858,0.0003,0.02200496771838516,0.6232565641403198
568.8629466,970,688,8713,8454144,759.67,2.348125884185235,0.2871435582637787,0.9925841093063354,0.7572347005208333,6870,0.2,-1.882343942920367,0.27802777,0.0003,-0.011386738990161878,0.8012124300003052
537.5108407499999,971,689,8714,8466432,759.44,1.384126523261269,0.28847536444664,0.9959202408790588,0.79462890625,6880,0.2,-1.9288585625588894,0.3862617,0.0003,0.011244829369146222,0.45279252529144287
558.2721996800001,972,690,8716,8478720,799.02,5.147181755304336,0.2883860766887665,0.9809526801109314,0.6412841796875,6890,0.2,-1.9296921372413636,0.13288003,0.0003,-0.030753507101083717,2.015901803970337
551.42138931,973,691,8718,8491008,846.11,2.1352579539020855,0.28843528032302856,0.993375837802887,0.7486897786458333,6900,0.2,-1.9348621514936288,0.2578667,0.0003,-0.005322517265449278,0.9457969069480896
521.2004993400001,975,692,8719,8503296,880.73,30.0892786304156,0.2876560688018799,0.9426567554473877,0.4923828125,6910,0.2,-1.9057495715717474,0.05459069,0.0003,-0.0415594166033164,13.13050651550293
490.28925768999994,976,693,8721,8515584,886.51,16.47795464992523,0.28682294487953186,0.9693846106529236,0.5195963541666667,6920,0.2,-1.8758572404583296,0.07505632,0.0003,-0.045283395927981474,6.714005947113037
423.21290888000004,977,694,8723,8527872,893.4,17.059900295734405,0.28640809655189514,0.9586694836616516,0.5788736979166667,6930,0.2,-1.8449347739418347,0.094976924,0.0003,-0.04418619606197657,5.232140064239502
387.20429441999994,978,695,8725,8540160,903.66,54.28269528150558,0.2863485515117645,0.9095906019210815,0.48545735677083335,6940,0.2,-1.839890422920386,0.060016688,0.0003,-0.04585856213137352,18.047996520996094
365.88599997999995,980,696,8726,8552448,909.08,9.763892878095309,0.2862378656864166,0.9538856744766235,0.6948811848958333,6950,0.2,-1.8543898050983747,0.15406221,0.0003,-0.018258574903787423,3.072526693344116
342.7697442600001,981,697,8728,8564736,903.24,28.13965925772985,0.28643977642059326,0.9437605142593384,0.6323567708333333,6960,0.2,-1.8494967815776666,0.11229808,0.0003,-0.029142020920213934,14.555793762207031
311.83850688,982,698,8730,8577024,917.22,20.401291137933733,0.2868533730506897,0.904527485370636,0.6736490885416667,6970,0.2,-1.8648884097735088,0.13296466,0.0003,-0.019742777730183056,10.008866310119629
319.23776708,983,699,8731,8589312,920.03,12.082342124978702,0.28684568405151367,0.9397085309028625,0.7524169921875,6980,0.2,-1.88337060585618,0.24131298,0.0003,0.0032328429234136516,4.0578765869140625
324.91868674,984,700,8733,8601600,909.79,41.21579401493072,0.287086546421051,0.9330040216445923,0.6332275390625,6990,0.2,-1.8797809039553006,0.10285076,0.0003,-0.028795470646582545,18.33387565612793
346.43796741000006,986,701,8735,8613888,895.02,24.21959300239881,0.2873457074165344,0.9590502381324768,0.6993001302083334,7000,0.2,-1.9020952830712001,0.13815916,0.0003,-0.009425428346730769,10.391436576843262
420.85992721,987,702,8736,8626176,902.41,8.171557342012724,0.29362577199935913,0.9761502146720886,0.9265706380208333,7010,0.2,-2.0351386378208796,1.6802202,0.0003,0.20362762314810728,2.398301601409912
440.4835894600001,988,703,8738,8638464,868.72,5.001960658530394,0.29478150606155396,0.9829980731010437,0.811865234375,7020,0.2,-2.2050334627429646,0.37078452,0.0003,0.03648694741811293,1.6084188222885132
458.86963078,989,704,8740,8650752,827.38,3.9901680355270703,0.2958317697048187,0.9891226291656494,0.7671630859375,7030,0.2,-2.2567094385623934,0.30854833,0.0003,-0.003797603156999685,1.437826156616211
468.14554094,990,705,8741,8663040,739.36,3.646366550773382,0.29643985629081726,0.988960862159729,0.7381429036458333,7040,0.2,-2.264742145438989,0.25304446,0.0003,-0.014417511576903052,1.2360414266586304
485.56703939999994,992,706,8743,8675328,719.69,3.813252666592598,0.29553088545799255,0.9876375794410706,0.7036865234375,7050,0.2,-2.2639020000894865,0.22449021,0.0003,-0.02311832855824226,1.3359849452972412
492.21105922000004,993,707,8745,8687616,701.68,4.473688003917535,0.29485759139060974,0.9803345203399658,0.7259765625,7060,0.2,-2.2379703879356385,0.24268095,0.0003,-0.016534554306417704,1.3824279308319092
492.24130482,994,708,8747,8699904,689.06,4.046845181534688,0.29380008578300476,0.9870138168334961,0.6913736979166667,7070,0.2,-2.1942880670229594,0.16099711,0.0003,-0.020563689410725297,1.2204926013946533
522.94555804,995,709,8748,8712192,701.67,3.3285490865508716,0.29432594776153564,0.9892364740371704,0.754833984375,7080,0.2,-2.188348723948002,0.26394174,0.0003,-0.008973934535363999,1.410643458366394
570.95346101,997,710,8750,8724480,747.09,2.656316482524077,0.29451635479927063,0.9921733736991882,0.7563883463541666,7090,0.2,-2.218174692988396,0.26374844,0.0003,-0.00470003660787673,0.8768861889839172
567.53466419,998,711,8752,8736768,754.31,2.0650770433247088,0.29383984208106995,0.9887055158615112,0.7389241536458333,7100,0.2,-2.1885798076788583,0.24923104,0.0003,-0.012433447350728481,0.8396221995353699
557.72610592,999,712,8753,8749056,737.03,2.934414515395959,0.293279230594635,0.9917061924934387,0.6994547526041667,7110,0.2,-2.154952684044838,0.20929587,0.0003,-0.029407031286003377,1.1789628267288208
517.6011140400001,1000,713,8755,8761344,700.29,3.2180366165935994,0.293777197599411,0.989971399307251,0.7029378255208333,7120,0.2,-2.1536185666918755,0.22552557,0.0003,-0.017303266848709125,0.8194670677185059
488.04245482,1001,714,8757,8773632,662.06,4.974090678493182,0.2932765483856201,0.9866073131561279,0.661669921875,7130,0.2,-2.1556639929612476,0.16604157,0.0003,-0.02266954325217133,1.4587414264678955
403.04756647,1003,715,8758,8785920,578.98,3.6439358974496523,0.29248592257499695,0.9915360808372498,0.7141520182291666,7140,0.2,-2.1253726427753765,0.24023338,0.0003,-0.023840603684463228,1.4126970767974854
425.43686373,1004,716,8760,8798208,583.7,5.187024704615275,0.2924322783946991,0.9881318807601929,0.6520426432291667,7150,0.2,-2.1177448744575185,0.15548235,0.0003,-0.03347034045339872,1.2717121839523315
393.0808673700001,1005,717,8762,8810496,551.62,3.869961873193582,0.291594922542572,0.9927319884300232,0.712060546875,7160,0.2,-2.1000084817409514,0.22995569,0.0003,-0.02575665571105977,1.3287279605865479
423.88551928999993,1006,718,8763,8822784,578.75,6.026577472686768,0.2910240888595581,0.9824852347373962,0.6644368489583333,7170,0.2,-2.0641527230540913,0.18214424,0.0003,-0.02745825753566654,1.9568616151809692
420.69592551,1007,719,8765,8835072,569.07,5.932275470594565,0.2896351218223572,0.9864221811294556,0.6674560546875,7180,0.2,-2.0155977204442026,0.20189722,0.0003,-0.027802245559481284,1.779550552368164
458.3503749599999,1009,720,8767,8847360,606.99,3.404332379748424,0.28895118832588196,0.9915148019790649,0.7631022135416666,7190,0.2,-1.9840961575508118,0.30635616,0.0003,-0.0095164192491211,1.16944420337677
467.22884504,1010,721,8769,8859648,615.96,3.174032460898161,0.288653165102005,0.9898912310600281,0.7641276041666667,7200,0.2,-1.9788803992172082,0.30800694,0.0003,-0.0032536420786830906,1.1409022808074951
515.35834372,1011,722,8770,8871936,663.35,2.376210451622804,0.288145512342453,0.9935617446899414,0.7680501302083333,7210,0.2,-1.9438910596072674,0.33105266,0.0003,-0.007250291730936927,0.8694111108779907
549.8720316299999,1012,723,8772,8884224,690.99,3.183533894767364,0.2880703806877136,0.9905819296836853,0.727099609375,7220,0.2,-1.9414764806628226,0.26370758,0.0003,-0.012439426945881375,0.8405715227127075
567.20507435,1013,724,8774,8896512,709.82,3.3584826288123923,0.287771075963974,0.9915995597839355,0.7244384765625,7230,0.2,-1.9376125449935595,0.24633366,0.0003,-0.019513576141131733,1.3353198766708374
535.07678847,1015,725,8775,8908800,713.06,3.879703439772129,0.2873890995979309,0.9891273975372314,0.7042561848958333,7240,0.2,-1.9167860495547453,0.22314914,0.0003,-0.030952692949601138,1.219456672668457
516.08240186,1016,726,8777,8921088,689.41,5.32880592395862,0.28713589906692505,0.9834518432617188,0.6786214192708333,7250,0.2,-1.9110503224035105,0.16690361,0.0003,-0.03147789159071787,2.0934154987335205
483.33673699999997,1017,727,8779,8933376,652.7,7.304747129976749,0.2870236933231354,0.984127402305603,0.61572265625,7260,0.2,-1.8948462031781674,0.117918156,0.0003,-0.04116935074950258,2.969827651977539
480.51323257999996,1018,728,8780,8945664,686.04,7.003925301631292,0.28715845942497253,0.9855685830116272,0.6575439453125,7270,0.2,-1.9006427876651286,0.16104312,0.0003,-0.033594540688742805,2.3702802658081055
453.09458874000006,1019,729,8782,8957952,655.71,2.667906807363033,0.28939089179039,0.9916301965713501,0.8307291666666666,7280,0.2,-1.9857435720662275,0.42793608,0.0003,0.05118836115580052,1.020708441734314
475.9875343300001,1021,730,8784,8970240,663.68,3.0017799163858094,0.28889644145965576,0.9893268942832947,0.7567301432291667,7290,0.2,-1.985304813583692,0.27384153,0.0003,-0.012509328165712456,1.3145627975463867
474.81697769000004,1022,731,8785,8982528,664.83,2.045486353710294,0.2890125811100006,0.9894218444824219,0.7689208984375,7300,0.2,-1.9730844236910343,0.3022604,0.0003,-0.0004620764613112745,0.7175434827804565
478.4370687100001,1023,732,8787,8994816,673.74,6.680812970300516,0.28918901085853577,0.9781893491744995,0.5968505859375,7310,0.2,-1.9726316593587399,0.12438009,0.0003,-0.039586265073739926,2.0299265384674072
439.2385391999999,1024,733,8789,9007104,646.53,8.520895455777644,0.28832459449768066,0.9793770909309387,0.5986246744791667,7320,0.2,-1.9544719440241656,0.12306986,0.0003,-0.0397800831386121,3.3304836750030518
445.08495177,1025,734,8791,9019392,647.74,6.627223936716716,0.2878107726573944,0.9785652160644531,0.6811360677083333,7330,0.2,-1.9262878427902856,0.19147389,0.0003,-0.03327154435100965,2.932157278060913
419.26527165000005,1027,735,8792,9031680,644.88,3.1898900523781775,0.2884773015975952,0.9940899014472961,0.7981363932291666,7340,0.2,-1.9470540598034858,0.4253206,0.0003,0.00913927132205572,0.7655851244926453
404.19519703,1028,736,8794,9043968,637.74,4.277520116170248,0.28825435042381287,0.9832234978675842,0.7362711588541667,7350,0.2,-1.9427088571091493,0.24883832,0.0003,-0.023858550276296835,1.7976157665252686
413.60149538999997,1029,737,8796,9056256,637.85,4.163191992044449,0.2873435318470001,0.986613929271698,0.7344645182291667,7360,0.2,-1.92316525777181,0.19862741,0.0003,-0.014166467586377015,1.1345914602279663
457.39721655999995,1030,738,8797,9068544,696.15,4.275417391955853,0.28730663657188416,0.9778763055801392,0.7026692708333333,7370,0.2,-1.8988440747062365,0.19936562,0.0003,-0.019343975274144515,1.6312470436096191
494.58261547,1031,739,8799,9080832,726.75,4.895680969456832,0.2867794930934906,0.9778857231140137,0.7109375,7380,0.2,-1.8891563129921753,0.2091496,0.0003,-0.020729690189182293,2.0157065391540527
485.18802937,1033,740,8801,9093120,731.1,10.656969314813614,0.2861991822719574,0.9762125015258789,0.5862467447916667,7390,0.2,-1.8620852800707022,0.11060404,0.0003,-0.03879362267422645,3.7522153854370117
511.16206884999997,1034,741,8802,9105408,744.65,3.25157316972812,0.28676870465278625,0.9830861687660217,0.7827799479166667,7400,0.2,-1.8844722422460716,0.3238785,0.0003,0.005260729016542124,0.9948589205741882
529.3029733400001,1035,742,8804,9117696,770.69,6.398849581678708,0.2861134707927704,0.9762174487113953,0.6923665364583333,7410,0.2,-1.8654139483968417,0.19714908,0.0003,-0.024993429629830644,2.5281457901000977
521.8805787399999,1036,743,8806,9129984,767.01,5.247758313516775,0.2861420810222626,0.982667088508606,0.7314778645833333,7420,0.2,-1.8660906985402108,0.24683255,0.0003,-0.01196248546281519,2.174264907836914
506.95951719,1037,744,8807,9142272,764.99,3.4991372135778267,0.2870963513851166,0.9807431101799011,0.7829264322916667,7430,0.2,-1.8950759679079057,0.33367324,0.0003,-0.0003977884422056377,1.4407862424850464
499.46337008,1039,745,8809,9154560,745.05,2.974035816391309,0.28739693760871887,0.9900074005126953,0.7744791666666667,7440,0.2,-1.924472342679898,0.33283463,0.0003,-0.0009233156379195862,1.416759729385376
516.1610728600001,1040,746,8811,9166848,764.54,2.721690989037355,0.2883185148239136,0.9824231863021851,0.7380452473958333,7450,0.2,-1.94889725719889,0.23700647,0.0003,-0.01942261511964413,1.0024638175964355
530.3784877699999,1041,747,8813,9179136,769.6,1.5863415375351906,0.2878945767879486,0.9932006001472473,0.7961669921875,7460,0.2,-1.9480107540885607,0.38133213,0.0003,0.00266773461480625,0.4926949739456177
514.70372717,1042,748,8814,9191424,766.12,2.4773519771794477,0.28789809346199036,0.9894881248474121,0.7068766276041667,7470,0.2,-1.9322974984844525,0.2006303,0.0003,-0.02030447069555521,0.8962790966033936
507.32214956,1043,749,8816,9203712,754.6,6.108550494412581,0.28723815083503723,0.9839556813240051,0.6474446614583333,7480,0.2,-1.9170680855711302,0.14467351,0.0003,-0.03628400830493774,2.322645425796509
518.05465512,1045,750,8818,9216000,755.81,6.909242326021195,0.2864001989364624,0.9760459661483765,0.6145914713541667,7490,0.2,-1.8789470272759596,0.11947861,0.0003,-0.038387860546936284,2.6491219997406006
542.37646348,1046,751,8819,9228288,775.8,7.326387172440688,0.28593459725379944,0.9802712202072144,0.6831949869791667,7500,0.2,-1.8504298803706964,0.16316302,0.0003,-0.028799687064505027,3.1161422729492188
570.0258344499999,1047,752,8821,9240576,799.1,3.0262568997840087,0.2864258885383606,0.9855642914772034,0.7710042317708333,7510,0.2,-1.8752349458634854,0.2851564,0.0003,0.0015626952294648315,0.9792537689208984
547.92036732,1048,753,8823,9252864,788.67,2.4268287094930807,0.2865310311317444,0.9906497001647949,0.8052083333333333,7520,0.2,-1.9036517933011055,0.34401345,0.0003,0.01671637519223926,1.0162761211395264
563.32042585,1049,754,8824,9265152,797.38,4.339788795014223,0.28599846363067627,0.9785465002059937,0.6587972005208333,7530,0.2,-1.8532847645382087,0.17033534,0.0003,-0.03230532069283072,1.6555086374282837
602.90755799,1051,755,8826,9277440,807.42,3.1467800500492253,0.28624191880226135,0.9788516759872437,0.7467854817708334,7540,0.2,-1.8546309173107147,0.2584004,0.0003,-0.002752526542947938,1.047755241394043
600.64025273,1052,756,8828,9289728,816.46,2.3898649123807747,0.28586485981941223,0.9901384115219116,0.7521809895833333,7550,0.2,-1.8596624836325646,0.2942491,0.0003,-0.010979274968849494,0.8318682909011841
580.79448572,1053,757,8830,9302016,773.56,3.605761394153039,0.28509601950645447,0.9807426333427429,0.6988932291666666,7560,0.2,-1.8300170220434666,0.19078885,0.0003,-0.01951901588278512,1.4776016473770142
560.84962901,1054,758,8831,9314304,761.42,3.5227492988109588,0.2848461866378784,0.9887480735778809,0.7158284505208333,7570,0.2,-1.8087065570056438,0.23716973,0.0003,-0.02866605374632248,1.2373247146606445
570.95018682,1055,759,8833,9326592,760.64,2.960282936692238,0.28409647941589355,0.9907175898551941,0.741357421875,7580,0.2,-1.7938075015942256,0.25379834,0.0003,-0.0200652234236865,1.1685224771499634
547.63933479,1057,760,8835,9338880,747.44,3.219021433095137,0.28411710262298584,0.9888177514076233,0.725927734375,7590,0.2,-1.7820123456418515,0.23661737,0.0003,-0.017609293104032985,1.2005524635314941
533.3094311,1058,761,8836,9351168,743.52,4.39428363442421,0.28306689858436584,0.9787688255310059,0.6806884765625,7600,0.2,-1.7488494704167048,0.18407351,0.0003,-0.03279752761494213,1.373592734336853
509.36239277,1059,762,8838,9363456,728.09,5.679351419210434,0.28229162096977234,0.9779633283615112,0.7170003255208334,7610,0.2,-1.7111833947400252,0.22387813,0.0003,-0.019032722908013965,2.1626923084259033
489.08434478000004,1060,763,8840,9375744,743.48,7.100171066323916,0.28251054883003235,0.9807162880897522,0.7175211588541667,7620,0.2,-1.7059328195949395,0.22671926,0.0003,-0.021642288430060337,2.820540428161621
474.28604068999994,1061,764,8841,9388032,731.76,4.765655688941479,0.2814324200153351,0.9851233959197998,0.7340250651041667,7630,0.2,-1.6821865042050679,0.2572942,0.0003,-0.021017490323477734,1.6082415580749512
454.63596220000005,1062,765,8843,9400320,753.24,4.31340887149175,0.28054237365722656,0.9853914976119995,0.7327718098958333,7640,0.2,-1.646929004540046,0.2633545,0.0003,-0.02275061981539087,1.721788763999939
457.2054435799999,1064,766,8845,9412608,759.01,4.707273328800996,0.2811281979084015,0.9718213677406311,0.735888671875,7650,0.2,-1.664655804137389,0.23706608,0.0003,-0.014759337936993688,1.6550828218460083
459.58065727,1065,767,8846,9424896,782.9,7.251367539167404,0.2810153067111969,0.9745256304740906,0.7345865885416667,7660,0.2,-1.6471436644593875,0.23289843,0.0003,-0.012755351800781986,3.0332579612731934
459.42466132999994,1066,768,8848,9437184,782.29,6.538240932424864,0.28065159916877747,0.9730602502822876,0.6895670572916667,7670,0.2,-1.639110618829727,0.19197017,0.0003,-0.0297622610940986,3.6732490062713623
467.18260994,1067,769,8850,9449472,777.94,3.639880306025346,0.2809138596057892,0.9860968589782715,0.7547281901041667,7680,0.2,-1.657029933234056,0.2725865,0.0003,-0.01710370228101965,1.4641284942626953
477.48715915,1068,770,8852,9461760,773.44,4.83607625067234,0.2804953157901764,0.9819704294204712,0.6810709635416666,7690,0.2,-1.6276784762740135,0.19724548,0.0003,-0.03095456098866028,2.1316399574279785
481.75669266000006,1070,771,8853,9474048,759.64,8.87806258201599,0.27951937913894653,0.9719322919845581,0.6523356119791667,7700,0.2,-1.602272084603707,0.16408995,0.0003,-0.04055876904943337,3.6311991214752197
475.74259865999994,1071,772,8855,9486336,738.01,7.435308423638344,0.27882787585258484,0.9757653474807739,0.7279378255208333,7710,0.2,-1.5806376323103906,0.22611316,0.0003,-0.01339235192911777,3.1474382877349854
449.39960523,1072,773,8857,9498624,702.55,5.104168138901392,0.2783706486225128,0.9774760007858276,0.737890625,7720,0.2,-1.5464312516152858,0.2515928,0.0003,-0.01481852905562846,1.5980143547058105
453.7140500599999,1073,774,8858,9510912,682.03,11.791171264648437,0.27760496735572815,0.9846298098564148,0.7386067708333334,7730,0.2,-1.534450187534094,0.20391941,0.0003,-0.010930724257680898,4.736835479736328
442.93461539000003,1074,775,8860,9523200,656.38,2.3459676377475263,0.2792018949985504,0.9939924478530884,0.8268798828125,7740,0.2,-1.5816657240192096,0.47764516,0.0003,0.03486694594224294,0.6996890902519226
417.83054546,1075,776,8862,9535488,618.49,8.690639192859331,0.27844205498695374,0.9817837476730347,0.6644856770833333,7750,0.2,-1.563369057327509,0.15346852,0.0003,-0.03495746578458541,2.635390043258667
393.89352491,1077,777,8863,9547776,601.61,22.604618483781813,0.27799585461616516,0.9614338874816895,0.5947835286458333,7760,0.2,-1.5296786320706208,0.09918549,0.0003,-0.04319029773857134,11.79107666015625
393.22066417,1078,778,8865,9560064,585.2,7.624633894364039,0.27784451842308044,0.967311680316925,0.7120930989583333,7770,0.2,-1.533767143636942,0.21121246,0.0003,-0.020921561705957478,2.3737621307373047
317.9922193,1079,779,8867,9572352,548.26,3.8306980282068253,0.2777039110660553,0.9898414611816406,0.7712809244791666,7780,0.2,-1.538365176320076,0.3146696,0.0003,-0.004324464164286231,1.101991891860962
343.30671916,1080,780,8868,9584640,551.26,17.954964663585027,0.2776293456554413,0.9585667252540588,0.5952311197916667,7790,0.2,-1.5145809014638265,0.10282603,0.0003,-0.04270115635008551,8.788032531738281
412.05051444,1081,781,8870,9596928,599.15,4.775254021088283,0.2785114049911499,0.9841659069061279,0.7563069661458334,7800,0.2,-1.5649396946032843,0.31720015,0.0003,-0.007264015008695423,2.454437255859375
391.07279617,1083,782,8872,9609216,575.25,3.697411678234736,0.279213011264801,0.9899075627326965,0.7984130859375,7810,0.2,-1.59565321529905,0.33998498,0.0003,0.017392090269519638,0.9452669620513916
412.38715922000006,1084,783,8874,9621504,624.43,4.866741954783598,0.27939465641975403,0.984900176525116,0.7388264973958333,7820,0.2,-1.5887532037993273,0.2507895,0.0003,-0.012324452118385428,1.8195546865463257
466.69595321,1085,784,8875,9633792,648.08,8.096137629946073,0.27939000725746155,0.9817896485328674,0.6974283854166666,7830,0.2,-1.5886140937606494,0.18695045,0.0003,-0.02500351499475073,2.9641835689544678
481.00750119,1086,785,8877,9646080,677.01,6.210942134261131,0.27863845229148865,0.9812498688697815,0.7110758463541667,7840,0.2,-1.5773795348902544,0.23496763,0.0003,-0.02195716581287949,2.334429979324341
460.6718707299999,1087,786,8879,9658368,696.41,8.138481412331263,0.278696209192276,0.9752565622329712,0.7442464192708333,7850,0.2,-1.5777921373645465,0.1952342,0.0003,-0.0029697444619766126,3.7218737602233887
467.86805666999993,1088,787,8880,9670656,738.06,6.852237566312154,0.2800765633583069,0.9576157331466675,0.737109375,7860,0.2,-1.619039455304543,0.23603757,0.0003,-0.00637994576585091,2.2562100887298584
474.6149827400001,1090,788,8882,9682944,773.02,3.6553557376066843,0.2819455564022064,0.9732804894447327,0.8010416666666667,7870,0.2,-1.6979045284291108,0.31025663,0.0003,0.03253905613043268,1.6035284996032715
467.4054310399999,1091,789,8884,9695232,793.56,9.071734283367793,0.2810671031475067,0.9497177600860596,0.692333984375,7880,0.2,-1.6795315774778525,0.16176818,0.0003,-0.022173753588382774,5.5957207679748535
490.98318568999997,1092,790,8885,9707520,827.34,10.393657717108727,0.2803349792957306,0.9656260013580322,0.6663736979166667,7890,0.2,-1.6657103496293226,0.13176714,0.0003,-0.027681415380599598,2.8509597778320312
476.71317553999995,1093,791,8887,9719808,844.26,5.649820006390413,0.28070884943008423,0.9742779731750488,0.74375,7900,0.2,-1.6662630853553613,0.2377563,0.0003,-0.0037118918204214423,1.7563713788986206
472.63602964,1094,792,8889,9732096,862.59,2.7573961367209754,0.2819572389125824,0.9760400056838989,0.7901692708333333,7910,0.2,-1.7185077992578348,0.3043318,0.0003,0.012196760611065354,0.8870452046394348
462.0772397400001,1095,793,8891,9744384,850.04,6.698476773500443,0.2823033034801483,0.9709217548370361,0.6989095052083333,7920,0.2,-1.7276021867990494,0.19638388,0.0003,-0.022961003019008785,3.075714111328125
419.43449683000006,1097,794,8892,9756672,808.47,16.50568433602651,0.28188803791999817,0.937760591506958,0.6338785807291667,7930,0.2,-1.7215624449153741,0.11360035,0.0003,-0.04209504790099648,7.670464515686035
457.9813652100001,1098,795,8894,9768960,830.92,21.561693034569423,0.2818753123283386,0.9296719431877136,0.5614583333333333,7940,0.2,-1.709750553717216,0.07653176,0.0003,-0.035361682909327403,11.771931648254395
398.17806490999993,1099,796,8896,9781248,757.1,14.74233406384786,0.281729519367218,0.9465597867965698,0.6436686197916667,7950,0.2,-1.698856776456038,0.12784468,0.0003,-0.023183715429816707,3.924586534500122
417.34099318,1100,797,8897,9793536,771.03,6.537462152540684,0.28264644742012024,0.9583652019500732,0.7543050130208333,7960,0.2,-1.7282445852955182,0.28276575,0.0003,-0.0065703482590227695,1.708524465560913
420.22941777,1101,798,8899,9805824,754.94,12.008226267496745,0.2822053134441376,0.9526733160018921,0.676904296875,7970,0.2,-1.7336729208628336,0.1482324,0.0003,-0.022315828501208064,6.898205757141113
414.13250346,1102,799,8901,9818112,717.53,14.247050321102142,0.2822730839252472,0.9409729242324829,0.7084554036458334,7980,0.2,-1.7254224461813767,0.2009805,0.0003,-0.01825549389322987,6.152853012084961
423.34256164,1104,800,8902,9830400,702.55,11.9390952338775,0.28214922547340393,0.9508792757987976,0.682861328125,7990,0.2,-1.7211274906992913,0.17950095,0.0003,-0.025571629330321834,4.268670558929443
421.1129431499999,1105,801,8904,9842688,686.96,10.967777515451113,0.2825030982494354,0.9427902102470398,0.719580078125,8000,0.2,-1.73383928835392,0.16980438,0.0003,-0.008209806161661011,5.025806427001953
402.21052476,1106,802,8906,9854976,650.04,16.200048796335857,0.2817365825176239,0.9629013538360596,0.6402750651041667,8010,0.2,-1.7114434398710727,0.14190263,0.0003,-0.03275618487483977,6.254965782165527
388.72182962,1107,803,8908,9867264,611.46,7.659153554836909,0.2858670949935913,0.9753626585006714,0.8697591145833333,8020,0.2,-1.7820898701747259,0.61858314,0.0003,0.11611887550873992,2.7063302993774414
408.95339158999997,1108,804,8909,9879552,631.68,19.910801341136295,0.2851432263851166,0.9429053664207458,0.5788411458333333,8030,0.2,-1.8598225158949693,0.09659722,0.0003,-0.031514770043819834,9.111945152282715
436.36556279,1110,805,8911,9891840,659.39,9.370525030295054,0.28552356362342834,0.9611924290657043,0.7076090494791667,8040,0.2,-1.8696089044213295,0.22126119,0.0003,-0.018124910167534834,2.9018280506134033
422.74516247000014,1111,806,8913,9904128,675.43,31.38647868037224,0.28515109419822693,0.9485918879508972,0.6155110677083333,8050,0.2,-1.85282173131903,0.098953426,0.0003,-0.03353034724617222,14.046273231506348
433.78448492999996,1112,807,8914,9916416,711.15,11.04644606312116,0.2875951826572418,0.9406574964523315,0.7883382161458333,8060,0.2,-1.9358625253041586,0.2474757,0.0003,0.030800019722664728,2.291443347930908
453.9482993999999,1113,808,8916,9928704,742.14,12.324544088045757,0.2881133556365967,0.9521763920783997,0.7233723958333333,8070,0.2,-1.974507188051939,0.21132828,0.0003,-0.01545991127495654,5.361260414123535
447.78574374,1114,809,8918,9940992,768.35,15.387910773356756,0.2886163592338562,0.9537143707275391,0.7037516276041667,8080,0.2,-2.0032855624953907,0.20686531,0.0003,-0.016411351771481956,5.463711738586426
419.62888617000004,1115,810,8919,9953280,753.85,10.942590069770812,0.28895723819732666,0.9587447643280029,0.7707845052083333,8090,0.2,-2.0208870244522887,0.2981421,0.0003,0.006674314319388941,4.05377197265625
427.6564174099999,1117,811,8921,9965568,773.85,7.084293903410435,0.29034921526908875,0.9642186164855957,0.8054117838541667,8100,0.2,-2.0673650443553924,0.2829107,0.0003,0.043708941118287235,2.71977162361145
414.3799199899999,1118,812,8923,9977856,772.34,12.078997241457303,0.2901708781719208,0.9562738537788391,0.6781331380208333,8110,0.2,-2.0702236408988637,0.16703248,0.0003,-0.024248256845748984,5.23028039932251
400.41695576000006,1119,813,8924,9990144,769.15,17.036891104777656,0.29001736640930176,0.9236493706703186,0.6719563802083334,8120,0.2,-2.0722328970829644,0.15902148,0.0003,-0.026834079257969278,6.547797203063965
374.4552526,1120,814,8926,10002432,725.21,8.476800199349722,0.2901875674724579,0.9756990671157837,0.7583577473958333,8130,0.2,-2.0928700774908067,0.24550574,0.0003,-0.0022477869119029493,2.9146697521209717
369.83921715,1121,815,8928,10014720,722.07,7.577189517517884,0.2896766662597656,0.9756943583488464,0.7189046223958333,8140,0.2,-2.0718081255753833,0.28179714,0.0003,-0.019553722992228965,3.0694971084594727
348.43656025999996,1122,816,8930,10027008,711.74,15.422619182864825,0.28964659571647644,0.9125874638557434,0.6434895833333333,8150,0.2,-2.064767728745937,0.12566417,0.0003,-0.026574335444214132,5.485832691192627
344.75775215999994,1124,817,8931,10039296,715.04,18.539901447296142,0.2892535626888275,0.9153778553009033,0.628955078125,8160,0.2,-2.0527732864022257,0.13210845,0.0003,-0.03166304823438016,7.536729335784912
338.55140041999994,1125,818,8933,10051584,730.87,12.070276546478272,0.28884637355804443,0.9623023867607117,0.7270670572916667,8170,0.2,-2.0442234377066293,0.22162104,0.0003,-0.012730373822463056,3.1430840492248535
346.55002274000003,1126,819,8935,10063872,756.03,15.848226544260978,0.2882785499095917,0.9301617741584778,0.6827718098958333,8180,0.2,-2.0237517563005287,0.1411122,0.0003,-0.01910493375811105,4.1687798500061035
329.0813310699999,1127,820,8936,10076160,743.1,8.286292374630769,0.2933969795703888,0.9748286604881287,0.8989095052083333,8190,0.2,-2.1030324645340444,1.0530838,0.0003,0.1458932722879884,4.496026515960693
325.27087358999995,1128,821,8938,10088448,721.65,7.763652733961741,0.29322952032089233,0.9601297378540039,0.7212076822916667,8200,0.2,-2.2224733139077824,0.28360924,0.0003,-0.025647671699213486,2.3688275814056396
309.30713822999996,1129,822,8940,10100736,629.15,7.969146145880222,0.291907399892807,0.9602252840995789,0.7287434895833333,8210,0.2,-2.183709892630577,0.27577403,0.0003,-0.023292292620559842,3.083613395690918
312.92465015,1130,823,8941,10113024,585.66,9.927315549055736,0.2919546663761139,0.9593545198440552,0.6876302083333333,8220,0.2,-2.1595129321018853,0.22227092,0.0003,-0.04054868848324986,2.5998194217681885
284.6180744299999,1132,824,8943,10125312,566.05,9.445975036422412,0.2908407747745514,0.9015366435050964,0.7167805989583333,8230,0.2,-2.14438969095548,0.24388291,0.0003,-0.02396077212567131,3.85964298248291
322.59249481999996,1133,825,8945,10137600,586.51,7.200390314559142,0.2905392348766327,0.9735002517700195,0.7366455078125,8240,0.2,-2.109831999739011,0.2509124,0.0003,-0.016329444885680763,3.3249917030334473
359.22366825999995,1134,826,8946,10149888,625.94,19.053705726067225,0.2897662818431854,0.9572106003761292,0.6441569010416667,8250,0.2,-2.0967859029769897,0.13352756,0.0003,-0.03246186334678593,5.943708419799805
386.4909080400001,1135,827,8948,10162176,669.85,6.976122695207596,0.2911593019962311,0.980832040309906,0.7964436848958333,8260,0.2,-2.1257511695226032,0.35663223,0.0003,0.022280807432737977,3.068559169769287
429.78950791000005,1136,828,8950,10174464,729.69,9.157767565051715,0.2914341986179352,0.9684774279594421,0.7203857421875,8270,0.2,-2.145336198310057,0.21086812,0.0003,-0.022656586173494968,4.5451273918151855
475.89611638,1137,829,8952,10186752,789.26,7.316381467382113,0.2921272814273834,0.9824863076210022,0.7518229166666667,8280,0.2,-2.1678091421723367,0.22657494,0.0003,-0.0054716470544614515,2.957638740539551
485.97176064,1139,830,8953,10199040,783.55,8.271091277897359,0.29084470868110657,0.9559668898582458,0.710546875,8290,0.2,-2.1611930683255194,0.20461087,0.0003,-0.017809674716651593,2.80912446975708
498.4989908,1140,831,8955,10211328,815.86,3.248463399459918,0.2923433482646942,0.9892560243606567,0.8107666015625,8300,0.2,-2.1801383063197135,0.3460604,0.0003,0.029546047979965805,1.171208143234253
457.19639053,1141,832,8957,10223616,790.42,3.700127715120713,0.2921066880226135,0.9902136325836182,0.7519856770833333,8310,0.2,-2.185328904290994,0.29248154,0.0003,-0.011094585026148707,1.2632904052734375
502.7021687799999,1142,833,8958,10235904,816.71,3.602067666500807,0.2918483316898346,0.9864456653594971,0.7235595703125,8320,0.2,-2.174489211042722,0.26552466,0.0003,-0.028209364070304825,1.133033037185669
467.1579571599999,1143,834,8960,10248192,783.34,3.4414936656753223,0.29215142130851746,0.9901014566421509,0.7381591796875,8330,0.2,-2.1736465240518252,0.2622595,0.0003,-0.005728244900819845,1.0647060871124268
460.95966200000004,1144,835,8962,10260480,795.53,2.9844461900492507,0.2915746867656708,0.986202597618103,0.7413167317708333,8340,0.2,-2.1713852872451147,0.2579008,0.0003,-0.012913157143824112,0.8327182531356812
449.85976869999996,1146,836,8963,10272768,766.23,5.536426056921482,0.2911076545715332,0.9886185526847839,0.70126953125,8350,0.2,-2.1480173016587893,0.2179236,0.0003,-0.021154609827984436,1.5791157484054565
452.41148036000004,1147,837,8965,10285056,761.69,3.8394385332862537,0.2897164523601532,0.9816727042198181,0.6860514322916667,8360,0.2,-2.101548936466376,0.19974737,0.0003,-0.027423211636293368,1.3027987480163574
445.04010179000005,1148,838,8967,10297344,773.79,3.2858786592880884,0.2892974615097046,0.986572802066803,0.7480712890625,8370,0.2,-2.0709077094992003,0.2896655,0.0003,-0.020233654758582513,1.237096905708313
459.46013161,1149,839,8969,10309632,784.65,3.7130055733025076,0.2888661026954651,0.9835469722747803,0.7018310546875,8380,0.2,-2.0537131200234096,0.21773636,0.0003,-0.022867254201749652,1.0819519758224487
456.32107155,1150,840,8970,10321920,793.91,3.4697559071083863,0.28855660557746887,0.9897186160087585,0.71552734375,8390,0.2,-2.050531914830208,0.23603548,0.0003,-0.02263743838314743,0.9571991562843323
444.10165132,1151,841,8972,10334208,798.48,10.29171591202418,0.2879711091518402,0.971132755279541,0.6289713541666667,8400,0.2,-2.020610816280047,0.11581463,0.0003,-0.03745100713034238,3.4351651668548584
461.89116506,1152,842,8974,10346496,804.93,7.346162356932958,0.28731396794319153,0.9766467809677124,0.6857340494791667,8410,0.2,-1.9911816423137982,0.16905154,0.0003,-0.03085605579253752,2.5478813648223877
456.5280177899999,1154,843,8976,10358784,809.62,3.171561489999294,0.287552148103714,0.9906395077705383,0.7745279947916667,8420,0.2,-1.9958739563822747,0.33007547,0.0003,-0.002586625033291057,1.033697485923767
454.3203969299999,1155,844,8977,10371072,803.06,5.008022664984067,0.286091685295105,0.9806831479072571,0.69755859375,8430,0.2,-1.9626744779447713,0.20288396,0.0003,-0.024796284649831555,1.5526485443115234
459.25327977,1156,845,8979,10383360,787.58,2.8292606361210346,0.2864515483379364,0.9871423840522766,0.77392578125,8440,0.2,-1.9543979165454706,0.3205352,0.0003,-0.005825849010337455,0.8406457901000977
430.4056458400001,1157,846,8981,10395648,764.93,3.8539872375627358,0.28591811656951904,0.9883584380149841,0.7136555989583333,8450,0.2,-1.9399622914691765,0.21943039,0.0003,-0.019921899587401034,1.2795406579971313
434.6420069800001,1158,847,8982,10407936,745.1,8.902007806301118,0.2851080000400543,0.9846686124801636,0.6411946614583334,8460,0.2,-1.9051231396694979,0.13607787,0.0003,-0.036345064557584315,3.9201302528381348
409.7775679600001,1159,848,8984,10420224,697.39,5.4696182628472645,0.28435632586479187,0.9866883158683777,0.7086588541666666,8470,0.2,-1.876531109213829,0.23128295,0.0003,-0.027789184033948307,1.9453237056732178
396.36944621999993,1160,849,8986,10432512,696.6,8.972051858901978,0.283966988325119,0.9810262322425842,0.6660481770833333,8480,0.2,-1.8569562176863352,0.13764714,0.0003,-0.031076705615851095,4.3906121253967285
374.4102756100001,1162,850,8987,10444800,662.09,3.6327874024709064,0.28441116213798523,0.9928386807441711,0.7999267578125,8490,0.2,-1.8731184147298336,0.3752543,0.0003,0.002893348984556117,1.271731972694397
363.90940919,1163,851,8989,10457088,652.77,4.8571846251686415,0.2840319275856018,0.9823690056800842,0.706591796875,8500,0.2,-1.8601043693721295,0.22830701,0.0003,-0.028499192489349904,1.6544214487075806
386.0575249099999,1164,852,8991,10469376,683.18,8.159174324572087,0.2825987637042999,0.9681373238563538,0.6433430989583333,8510,0.2,-1.8112315436204274,0.16961324,0.0003,-0.036292766468735256,2.228137254714966
361.24765727,1165,853,8992,10481664,655.79,10.56027749578158,0.28187403082847595,0.9740453362464905,0.6135009765625,8520,0.2,-1.770911444723606,0.12397292,0.0003,-0.04201678266011489,3.8980512619018555
384.9982851000001,1166,854,8994,10493952,655.97,5.3827868575851125,0.2824336588382721,0.9864377379417419,0.7416666666666667,8530,0.2,-1.7854150300224623,0.2832637,0.0003,-0.01811688965826761,2.4448859691619873
369.36471716,1167,855,8996,10506240,647.39,4.666966005166372,0.28259673714637756,0.9867650866508484,0.7645345052083333,8540,0.2,-1.7896636789043745,0.34031,0.0003,-0.00769218396259627,1.8569233417510986
372.83550478000006,1168,856,8997,10518528,629.57,7.0654297788937885,0.28243014216423035,0.9830650687217712,0.7289469401041667,8550,0.2,-1.7911666875084242,0.21766599,0.0003,-0.021426278654447135,3.443352460861206
385.60536124,1170,857,8999,10530816,625.0,5.028076318899791,0.2824801504611969,0.9882708787918091,0.7291015625,8560,0.2,-1.788315023481846,0.2544732,0.0003,-0.019440005974805292,1.5446312427520752
414.3723262899998,1171,858,9001,10543104,645.97,5.0922184084852535,0.2828284204006195,0.9885795712471008,0.73740234375,8570,0.2,-1.8049348744253317,0.2531193,0.0003,-0.01719318124232814,2.4591872692108154
434.1651494000001,1172,859,9002,10555392,668.9,6.493303054074446,0.2820548713207245,0.9866796731948853,0.683544921875,8580,0.2,-1.7872516937553882,0.17979853,0.0003,-0.035149155486336285,2.8245456218719482
449.74067753,1173,860,9004,10567680,675.16,3.3228317158917586,0.2829010784626007,0.9885855913162231,0.7786783854166667,8590,0.2,-1.7963626806934674,0.34655496,0.0003,-0.006988463123464802,1.2616685628890991
452.82320608000003,1174,861,9006,10579968,687.92,2.6917517443497974,0.28255367279052734,0.988956093788147,0.760791015625,8600,0.2,-1.8024426172176997,0.29604545,0.0003,-0.006026814952201675,1.3266791105270386
462.73167883,1175,862,9008,10592256,710.2,6.0708474442362785,0.28303948044776917,0.96653813123703,0.7540201822916667,8610,0.2,-1.8146141265829405,0.24921398,0.0003,0.0017983559363832077,2.246701955795288
459.13049951999994,1177,863,9009,10604544,708.97,4.723110306759676,0.28231683373451233,0.9818156957626343,0.6798258463541667,8620,0.2,-1.7809702900548776,0.19184613,0.0003,-0.026288819748636647,2.4666314125061035
445.35190285000004,1178,864,9011,10616832,698.74,3.984450585891803,0.2830980718135834,0.9813525676727295,0.7499593098958334,8630,0.2,-1.7966186416645844,0.28678584,0.0003,-0.01195451929961564,1.2088812589645386
408.6999579499999,1179,865,9013,10629120,679.3,7.2880938669045765,0.28198787569999695,0.9561638832092285,0.6761637369791667,8640,0.2,-1.7835714931289355,0.17747486,0.0003,-0.025232194181686887,3.1709816455841064
380.13100767,1180,866,9014,10641408,667.87,7.072729066510996,0.28227993845939636,0.9618115425109863,0.7309651692708333,8650,0.2,-1.774283305555582,0.2361757,0.0003,-0.018621578233432957,3.1420655250549316
376.1547459199999,1181,867,9016,10653696,670.31,10.480260675152143,0.28246453404426575,0.9482673406600952,0.6663818359375,8660,0.2,-1.777588065713644,0.17580469,0.0003,-0.02863791824687117,3.6802053451538086
327.98913002,1182,868,9018,10665984,650.71,7.990571929017703,0.2825867235660553,0.9699670076370239,0.7126871744791666,8670,0.2,-1.7850685859719913,0.20540488,0.0003,-0.017367926833685488,3.914984941482544
310.25002537999995,1183,869,9019,10678272,641.81,11.517572490374247,0.2819210886955261,0.9439771175384521,0.6840413411458334,8680,0.2,-1.7641841255128383,0.197728,0.0003,-0.03307145895814756,5.678150653839111
312.33073190000005,1185,870,9021,10690560,675.35,9.008418840169906,0.28167471289634705,0.9685706496238708,0.7674886067708333,8690,0.2,-1.7666474916040897,0.28736192,0.0003,0.0007031708761739234,2.8395028114318848
335.98137244000003,1186,871,9023,10702848,701.87,5.732764489452044,0.2827032506465912,0.9778403043746948,0.7787027994791667,8700,0.2,-1.7887480927010377,0.30205843,0.0003,0.005182527083282669,1.9384557008743286
320.51630507000004,1187,872,9024,10715136,665.04,4.074884457637866,0.2845741808414459,0.9845201373100281,0.7802978515625,8710,0.2,-1.8517617722352346,0.33487394,0.0003,0.0011507959231191005,1.5305142402648926
297.05531241000006,1188,873,9026,10727424,675.18,16.161495979626974,0.2835794985294342,0.9385597705841064,0.5911539713541667,8720,0.2,-1.8347102614740531,0.08272578,0.0003,-0.035270784206416765,7.292605876922607
349.48655141,1189,874,9028,10739712,717.47,16.87949270705382,0.2834942936897278,0.9418660998344421,0.6622884114583333,8730,0.2,-1.8185852358738581,0.14159665,0.0003,-0.028025182695516074,7.726957321166992
367.3040981799999,1190,875,9029,10752000,727.43,5.6093627517422044,0.28469595313072205,0.9841681122779846,0.7940592447916667,8740,0.2,-1.8576220825314522,0.31334913,0.0003,0.017354960750283983,2.2134573459625244
358.62342931000006,1191,876,9031,10764288,707.96,6.891136864821116,0.2853591740131378,0.9805065393447876,0.754931640625,8750,0.2,-1.8892961325744788,0.26992834,0.0003,-0.010780919724008223,1.9675887823104858
350.48768787999995,1192,877,9033,10776576,685.02,5.269748400648435,0.2862662971019745,0.9826765656471252,0.7525146484375,8760,0.2,-1.9268056320647398,0.30304763,0.0003,-0.011594734235162225,2.0296406745910645
361.14345734999995,1194,878,9034,10788864,669.14,11.11521951854229,0.2863767147064209,0.9453828930854797,0.6271077473958333,8770,0.2,-1.9336529518167178,0.116196595,0.0003,-0.03360228959354572,4.194311141967773
355.99727339,1195,879,9036,10801152,658.21,6.514938329160214,0.28626227378845215,0.9786417484283447,0.7277750651041667,8780,0.2,-1.9363300189375878,0.26695386,0.0003,-0.023190349938037494,2.472559690475464
333.06807479,1196,880,9038,10813440,636.97,10.886475371321042,0.28597044944763184,0.9441733360290527,0.6987874348958333,8790,0.2,-1.9292432226240634,0.18375207,0.0003,-0.02302786757160599,6.5275492668151855
315.29364548999996,1197,881,9039,10825728,634.34,7.733055027822654,0.285857230424881,0.9077396988868713,0.7230794270833333,8800,0.2,-1.9224615169068178,0.22506039,0.0003,-0.018812008632812648,2.103490114212036
322.3973123399999,1198,882,9041,10838016,656.23,24.624965147177377,0.28530067205429077,0.9037350416183472,0.6202229817708333,8810,0.2,-1.8873715254167716,0.10840726,0.0003,-0.03274499829300718,11.489744186401367
326.33421346,1199,883,9043,10850304,683.21,19.696812480688095,0.28468987345695496,0.9392065405845642,0.66513671875,8820,0.2,-1.8726780876517295,0.15614168,0.0003,-0.029422828238845494,7.795490264892578
288.57516350000003,1200,884,9045,10862592,668.44,16.003932920098304,0.28490838408470154,0.9197459816932678,0.69052734375,8830,0.2,-1.8758946309487026,0.19208087,0.0003,-0.029315641528228298,6.72556734085083
290.2303824,1202,885,9046,10874880,666.63,33.78056767781575,0.28454628586769104,0.7852016091346741,0.5761881510416667,8840,0.2,-1.8603283882141113,0.08822608,0.0003,-0.038914335362884835,11.458187103271484
299.24869251,1203,886,9048,10887168,644.03,17.67716993888219,0.28486743569374084,0.903545618057251,0.7257568359375,8850,0.2,-1.8799070715904236,0.1967262,0.0003,-0.012936749271466397,5.121068954467773
304.84235605000003,1204,887,9050,10899456,637.43,11.646825704971949,0.2864655554294586,0.9280267357826233,0.7905924479166667,8860,0.2,-1.9329846379657587,0.33700523,0.0003,0.011527642565003287,4.591330051422119
324.89453268,1205,888,9051,10911744,659.41,14.764813723166784,0.2857779562473297,0.9514926671981812,0.6923746744791667,8870,0.2,-1.919832346588373,0.18099368,0.0003,-0.023479863476920097,5.463732719421387
351.58676695,1206,889,9053,10924032,670.72,7.9724319070577625,0.2874892055988312,0.956685483455658,0.7967529296875,8880,0.2,-1.9650174329678218,0.35570487,0.0003,0.011992875576834195,2.745650291442871
375.9826347399999,1207,890,9055,10936320,680.25,8.142736218869686,0.28788813948631287,0.9412763714790344,0.7386962890625,8890,0.2,-1.9995211300750573,0.25689325,0.0003,-0.011719639166161262,2.885774612426758
377.1059873699999,1208,891,9056,10948608,693.34,12.761041643222173,0.2868298292160034,0.9433912634849548,0.7345296223958333,8900,0.2,-1.9744084234038988,0.24804215,0.0003,-0.020601404620780764,5.3577070236206055
390.22380588,1210,892,9058,10960896,726.04,10.110952561100325,0.28644657135009766,0.938231348991394,0.6901529947916667,8910,0.2,-1.9590121552348136,0.20867251,0.0003,-0.031132025864402144,4.817939758300781
382.6700686800001,1211,893,9060,10973184,728.14,13.543602520227433,0.28595292568206787,0.916197657585144,0.6469075520833333,8920,0.2,-1.9172540249923864,0.1369694,0.0003,-0.03922882687281041,4.602522850036621
356.11209514000006,1212,894,9061,10985472,724.76,22.701602393388747,0.28591373562812805,0.9151125550270081,0.6589436848958333,8930,0.2,-1.919293496509393,0.13360822,0.0003,-0.032184219874519235,6.613373756408691
348.19969143,1213,895,9063,10997760,719.44,19.539218280712763,0.2862715721130371,0.863669753074646,0.6853922526041667,8940,0.2,-1.9317580836514632,0.17331,0.0003,-0.020537097755004653,7.1838226318359375
346.64289708999996,1214,896,9065,11010048,710.19,9.723214607437452,0.2896154224872589,0.9502735733985901,0.845947265625,8950,0.2,-2.0574937673906484,0.43316197,0.0003,0.0733513991299939,3.127389430999756
358.91100501,1215,897,9066,11022336,742.55,10.502421915531158,0.2896464467048645,0.9205573201179504,0.7454427083333334,8960,0.2,-2.0779367705186207,0.23195569,0.0003,-0.007819469368162876,3.5502374172210693
382.4912876700001,1216,898,9068,11034624,756.3,4.703409241636594,0.29044005274772644,0.9182441234588623,0.784130859375,8970,0.2,-2.0990290959676106,0.34450015,0.0003,0.010746570104674901,1.2811341285705566
383.3309133799999,1217,899,9070,11046912,744.3,8.450044642885526,0.29071199893951416,0.949146568775177,0.6957682291666667,8980,0.2,-2.115317632754644,0.21776362,0.0003,-0.03004074840185543,2.8485445976257324
408.44524431000013,1219,900,9071,11059200,758.47,5.31602854381005,0.2904469668865204,0.9617277383804321,0.7090413411458333,8990,0.2,-2.1071312362949053,0.249817,0.0003,-0.029161792602584075,1.578655481338501
398.82594646999996,1220,901,9073,11071488,764.37,13.810081449151038,0.28996095061302185,0.887775182723999,0.6325764973958333,9000,0.2,-2.0937307904163998,0.1435247,0.0003,-0.03828326443423672,4.214930057525635
418.70779778,1221,902,9075,11083776,785.33,19.181113268931707,0.289729505777359,0.8161501884460449,0.6477620442708333,9010,0.2,-2.076338382065296,0.1516723,0.0003,-0.03796406528854277,8.487797737121582
392.38543698999996,1222,903,9077,11096064,764.04,12.256816206375758,0.28886616230010986,0.8817726373672485,0.6911051432291667,9020,0.2,-2.057239317893982,0.20135786,0.0003,-0.02560591352036378,4.003340721130371
357.73548012,1223,904,9078,11108352,718.43,23.995384784539542,0.2880440056324005,0.891373872756958,0.6781819661458334,9030,0.2,-2.021556816746791,0.16374053,0.0003,-0.03224514307124385,10.190199851989746
362.18983151,1224,905,9080,11120640,722.23,7.453361941874027,0.2906259596347809,0.9171359539031982,0.8187744140625,9040,0.2,-2.1065515843530496,0.3493959,0.0003,0.04560630500006179,2.239689350128174
351.26764183000006,1225,906,9082,11132928,680.26,5.420885235071182,0.2906852662563324,0.9448586106300354,0.7486409505208333,9050,0.2,-2.116968690355619,0.31211206,0.0003,-0.013376128733216319,1.4713155031204224
334.30691975,1226,907,9083,11145216,642.98,6.462446212768555,0.28917956352233887,0.9600344896316528,0.7318440755208333,9060,0.2,-2.06978196700414,0.26481375,0.0003,-0.026212777368588527,2.261204481124878
379.44528680999997,1228,908,9085,11157504,660.43,11.967815213402112,0.2890220880508423,0.8931040167808533,0.6731770833333334,9070,0.2,-2.048280549546083,0.17674287,0.0003,-0.03179102739377413,3.4418599605560303
378.66477711,1229,909,9087,11169792,627.72,6.579550151030222,0.2886671721935272,0.9569969773292542,0.7212972005208333,9080,0.2,-2.044828725854556,0.25030458,0.0003,-0.028500874881865458,2.386791467666626
360.00016532000006,1230,910,9088,11182080,589.3,8.201558924714725,0.28732848167419434,0.9320027232170105,0.7076904296875,9090,0.2,-1.999483435600996,0.2316223,0.0003,-0.0371705060970271,2.95916748046875
357.63352927,1231,911,9090,11194368,582.88,7.298966421683629,0.2866598665714264,0.9657552242279053,0.7027587890625,9100,0.2,-1.9563053255279859,0.24296278,0.0003,-0.03654996398836374,2.9236819744110107
326.11388227000003,1232,912,9092,11206656,535.6,10.645540433128675,0.2861752510070801,0.9538618922233582,0.6671468098958333,9110,0.2,-1.9363489324847858,0.19460954,0.0003,-0.037101530339956904,4.071969032287598
319.33374702,1233,913,9094,11218944,517.72,10.150376450022062,0.28577014803886414,0.9585235714912415,0.7364827473958333,9120,0.2,-1.9216972601910431,0.25876248,0.0003,-0.022517892940474363,4.5414018630981445
335.33558747999996,1234,914,9095,11231232,535.6,10.088669548432032,0.28500860929489136,0.9667743444442749,0.7087320963541667,9130,0.2,-1.8999470330774784,0.21624424,0.0003,-0.03242850488362213,4.2429423332214355
326.64222094999997,1235,915,9097,11243520,525.47,22.507055830955505,0.28466689586639404,0.9379091858863831,0.6352945963541666,9140,0.2,-1.8670064484079678,0.11923941,0.0003,-0.04063418011161654,7.11329460144043
350.61510047999997,1237,916,9099,11255808,556.89,12.237715530395509,0.2837623655796051,0.9674645662307739,0.7018147786458333,9150,0.2,-1.8308229607840378,0.21684955,0.0003,-0.03698480959865265,3.7213497161865234
369.20004351999995,1238,917,9100,11268096,585.58,7.138981590668361,0.2851155400276184,0.9787838459014893,0.77734375,9160,0.2,-1.8651372648775577,0.3186613,0.0003,-0.003200309318102275,2.4749248027801514
392.2448883,1239,918,9102,11280384,592.02,18.04689996937911,0.2846246659755707,0.9615386724472046,0.7087239583333333,9170,0.2,-1.8777661574383577,0.14490099,0.0003,-0.007192984593469494,5.811281204223633
423.68859159,1240,919,9104,11292672,606.34,8.512657199303309,0.2862127721309662,0.9686099886894226,0.7858154296875,9180,0.2,-1.9079869280258814,0.29333735,0.0003,0.004810430691577494,2.4947805404663086
449.2616701300001,1241,920,9105,11304960,627.57,7.484982812404633,0.2862381041049957,0.9720405340194702,0.7477701822916667,9190,0.2,-1.927726849913597,0.28413215,0.0003,-0.013256223815551494,3.265880584716797
420.99261580999996,1242,921,9107,11317248,613.8,7.284473400811354,0.2858710289001465,0.9671752452850342,0.7230387369791667,9200,0.2,-1.9282837390899659,0.23710531,0.0003,-0.01967535947430103,2.9526779651641846
435.07181062999996,1243,922,9109,11329536,623.4,8.837830045819283,0.285791277885437,0.9698137044906616,0.7570719401041667,9210,0.2,-1.9273355635503928,0.341341,0.0003,-0.010671643349148023,2.780406951904297
451.20415395,1244,923,9111,11341824,647.84,7.235764533778032,0.2851397395133972,0.9686432480812073,0.7565348307291667,9220,0.2,-1.9053002985815206,0.28843248,0.0003,-0.011561082229794314,2.6360108852386475
448.2732302399999,1245,924,9112,11354112,659.66,3.782014187673728,0.2866099774837494,0.9801990389823914,0.8326009114583334,9230,0.2,-1.9594608590006828,0.49315324,0.0003,0.03854972338303923,1.6084035634994507
430.28975655,1247,925,9114,11366400,646.46,3.6362766226132712,0.28688371181488037,0.9849485754966736,0.7660400390625,9240,0.2,-1.9714945142467817,0.32796115,0.0003,-0.01051240566788086,1.2389492988586426
433.90032726000004,1248,926,9116,11378688,670.28,4.871661948164304,0.2865288555622101,0.9851677417755127,0.71943359375,9250,0.2,-1.959065668284893,0.22941889,0.0003,-0.026072751455164203,1.5380656719207764
424.43086579000004,1249,927,9117,11390976,657.05,8.079883564511935,0.28567978739738464,0.9712396860122681,0.6787923177083334,9260,0.2,-1.9356731377542018,0.1830466,0.0003,-0.038256939940038134,3.2983288764953613
422.76832875,1250,928,9119,11403264,674.83,5.395514469842116,0.2849445343017578,0.9864993691444397,0.7295084635416667,9270,0.2,-1.912231342246135,0.26532057,0.0003,-0.029562514091958293,1.6317095756530762
440.75059808,1251,929,9121,11415552,699.32,5.9360534320274985,0.2852485775947571,0.9801865220069885,0.7275390625,9280,0.2,-1.9066569315890471,0.23211646,0.0003,-0.02109973996509022,1.968079686164856
435.28237430999997,1252,930,9122,11427840,733.52,8.212639361123244,0.2842349410057068,0.9706741571426392,0.6543375651041666,9290,0.2,-1.8764827499787013,0.15301506,0.0003,-0.0408292967826128,2.263798713684082
418.51452035,1253,931,9124,11440128,740.74,9.560647159814835,0.2832981050014496,0.9782679677009583,0.6871500651041667,9300,0.2,-1.8435647999246916,0.18601541,0.0003,-0.036954237206373364,3.5322206020355225
451.17881906,1254,932,9126,11452416,762.37,5.441458823780219,0.2825816869735718,0.9850907921791077,0.751806640625,9310,0.2,-1.8104603268206119,0.26929387,0.0003,-0.020769899293857936,2.056117057800293
463.64210585,1255,933,9128,11464704,782.39,7.1399584298332535,0.2820497453212738,0.9721125960350037,0.7444254557291666,9320,0.2,-1.7835889086127281,0.24924016,0.0003,-0.013910612064258506,2.6390302181243896
433.04040287,1257,934,9129,11476992,749.53,3.820916452507178,0.28473398089408875,0.9945297837257385,0.8497802734375,9330,0.2,-1.893200509250164,0.51039,0.0003,0.05037145036912989,1.4763014316558838
417.51595410999994,1258,935,9131,11489280,743.97,16.606782931089402,0.28384217619895935,0.9765960574150085,0.6086263020833333,9340,0.2,-1.8677341098586717,0.09959867,0.0003,-0.04475353407421304,6.331368923187256
416.28809003000003,1259,936,9133,11501568,730.24,7.17627840290467,0.2828575074672699,0.9818271398544312,0.711083984375,9350,0.2,-1.8264162354171276,0.22637874,0.0003,-0.024292755672164882,2.0619537830352783
427.25232529999994,1260,937,9134,11513856,728.25,6.039433313906192,0.28294727206230164,0.9815717339515686,0.7382242838541667,9360,0.2,-1.8175147416690984,0.25939333,0.0003,-0.021965431226029373,2.735605239868164
393.42280975999995,1261,938,9136,11526144,729.4,10.624392392237981,0.28191643953323364,0.9751802682876587,0.7071614583333333,9370,0.2,-1.8028659294048945,0.16771527,0.0003,-0.023195945253246465,4.006165981292725
375.1721236800001,1262,939,9138,11538432,728.07,15.959309976299604,0.2816394865512848,0.9373759031295776,0.7334391276041666,9380,0.2,-1.7643860161304474,0.16394491,0.0003,-0.00444365216778048,5.7130022048950195
390.74133699,1263,940,9139,11550720,729.05,19.251743417978286,0.2814733386039734,0.9472817778587341,0.5858642578125,9390,0.2,-1.7523597506185373,0.10619712,0.0003,-0.04701756481372286,6.705652713775635
390.18055638000004,1264,941,9141,11563008,710.29,16.376557120680808,0.28097978234291077,0.9352169036865234,0.6686197916666666,9400,0.2,-1.745099067191283,0.14948605,0.0003,-0.030654671656278273,6.852029323577881
356.95061946999994,1265,942,9143,11575296,666.32,7.897664954264958,0.2818034887313843,0.9818038940429688,0.7920084635416667,9410,0.2,-1.7630239335199198,0.35450566,0.0003,-0.006927594638545998,3.211299419403076
362.18128235999995,1267,943,9145,11587584,642.93,19.175922673940658,0.28093793988227844,0.968670129776001,0.6491780598958333,9420,0.2,-1.7514558913807075,0.1495393,0.0003,-0.042833340605526855,7.948084354400635
348.64821526,1268,944,9146,11599872,612.34,19.754832645257313,0.2806137800216675,0.9281412363052368,0.6676513671875,9430,0.2,-1.7247152576843898,0.15848486,0.0003,-0.032963897575003405,5.819306373596191
353.36281676,1269,945,9148,11612160,608.29,10.522203589479128,0.280319482088089,0.9788848161697388,0.730615234375,9440,0.2,-1.7121594856182734,0.27187034,0.0003,-0.02382573733581618,3.681396007537842
378.81274702,1270,946,9150,11624448,642.29,13.336800869305929,0.28129681944847107,0.9683300852775574,0.7910725911458333,9450,0.2,-1.7431633678575358,0.2567406,0.0003,0.015570541332514646,6.964559078216553
406.2880943600001,1271,947,9151,11636736,660.15,5.853500038882097,0.28633466362953186,0.9785552024841309,0.8785237630208333,9460,0.2,-1.8715828120708466,0.5527258,0.0003,0.10856223271694035,2.309844970703125
447.63575497,1272,948,9153,11649024,697.21,4.8295612096786495,0.28684335947036743,0.9816687703132629,0.7804443359375,9470,0.2,-1.9826114140450954,0.32230186,0.0003,0.002955503252451308,1.3502229452133179
452.57086148,1273,949,9155,11661312,715.88,7.27294742266337,0.2872161567211151,0.9763923287391663,0.7363606770833333,9480,0.2,-1.9945569997032484,0.22559883,0.0003,-0.012418853339234677,3.0012800693511963
483.42156404,1274,950,9156,11673600,768.41,8.697659096121788,0.28632494807243347,0.976799488067627,0.705517578125,9490,0.2,-1.9733172319829464,0.17452304,0.0003,-0.026573982577732143,4.238990306854248
491.62967812999995,1275,951,9158,11685888,803.67,4.143372938533624,0.28754928708076477,0.9834674596786499,0.7840494791666667,9500,0.2,-2.008745651692152,0.3403852,0.0003,-0.005335106086567976,1.4582566022872925
482.1747154099999,1277,952,9160,11698176,821.7,44.40581411123276,0.2865881621837616,0.9364395141601562,0.5694254557291667,9510,0.2,-1.9756913222372532,0.06705188,0.0003,-0.030249574613602212,22.997814178466797
458.18717691000006,1278,953,9161,11710464,822.9,8.995771838227908,0.28684961795806885,0.9591459631919861,0.7527669270833334,9520,0.2,-1.9867547117173672,0.27815726,0.0003,-0.004304319868970197,1.631137490272522
448.4171533199999,1279,954,9163,11722752,833.82,39.07302979230881,0.2863169312477112,0.8969211578369141,0.5747477213541666,9530,0.2,-1.9606763464709123,0.07604151,0.0003,-0.029742698897219574,19.169858932495117
436.49622453999996,1280,955,9165,11735040,837.19,8.414946052432061,0.2876946032047272,0.9811702370643616,0.8047607421875,9540,0.2,-2.0041464269161224,0.28821972,0.0003,0.03162503638013732,2.5196850299835205
444.19589336000007,1281,956,9167,11747328,804.21,17.921608303984005,0.28750720620155334,0.966480553150177,0.7120524088541667,9550,0.2,-2.014890994131565,0.15748961,0.0003,-0.0037441336059904034,5.150425910949707
426.06488879999995,1282,957,9168,11759616,800.83,4.808932486673196,0.28819742798805237,0.9760974645614624,0.7838541666666666,9560,0.2,-2.028457000106573,0.35828826,0.0003,0.0031796169627341443,1.909973382949829
429.25381606,1283,958,9170,11771904,788.02,5.247864689926306,0.2884293496608734,0.9782031178474426,0.7659016927083333,9570,0.2,-2.04553102205197,0.2947429,0.0003,-0.012772539937092613,1.9252179861068726
424.75000111,1284,959,9172,11784192,758.69,5.112432198723157,0.2884863615036011,0.9811705946922302,0.7379557291666666,9580,0.2,-2.0432008907198904,0.25430283,0.0003,-0.025322434616585572,2.0238900184631348
408.28164601000003,1285,960,9173,11796480,736.9,7.6295599381128945,0.2877972722053528,0.9657020568847656,0.7176839192708333,9590,0.2,-2.0390796485046545,0.2109289,0.0003,-0.030216180138328733,2.7120747566223145
401.47014121,1286,961,9175,11808768,732.37,12.563192488749822,0.28678879141807556,0.9466549754142761,0.6413492838541667,9600,0.2,-1.9904182247817517,0.11593936,0.0003,-0.035771592342644,6.00138521194458
391.19389972000005,1288,962,9177,11821056,723.73,7.300998664398988,0.28801241517066956,0.9712409377098083,0.7613118489583334,9610,0.2,-2.0198234279950458,0.26857764,0.0003,-0.008027547923848032,1.7797672748565674
380.4918013,1289,963,9178,11833344,688.71,6.563667317231496,0.28756392002105713,0.9826053977012634,0.7528645833333333,9620,0.2,-2.0034875864783923,0.27868602,0.0003,-0.01579558417045822,2.0446550846099854
413.88352934,1290,964,9180,11845632,700.01,11.52493895292282,0.2872732877731323,0.9677684307098389,0.656640625,9630,0.2,-1.9999177562693755,0.16533943,0.0003,-0.03844606455871447,3.9730865955352783
418.39338610000004,1291,965,9182,11857920,715.79,22.24715511202812,0.28718188405036926,0.966375470161438,0.6060628255208333,9640,0.2,-1.9923176720738411,0.08957976,0.0003,-0.03589770014902267,10.738037109375
399.58640859,1292,966,9183,11870208,722.14,4.031756806870302,0.29233136773109436,0.9873438477516174,0.9098063151041667,9650,0.2,-2.1031600068012875,1.1061395,0.0003,0.14807768311196318,1.6310064792633057
394.5241272399999,1293,967,9185,11882496,727.8,18.13976671695709,0.29120826721191406,0.8764908909797668,0.6230387369791667,9660,0.2,-2.1705765957633654,0.10516069,0.0003,-0.03153180633380544,4.802214622497559
431.74360745999996,1294,968,9187,11894784,752.59,9.23830791413784,0.29085028171539307,0.9752355217933655,0.7078776041666667,9670,0.2,-2.155000081161658,0.20927836,0.0003,-0.02821042002760805,4.894802093505859
450.85142616999997,1295,969,9189,11907072,795.47,2.852353950589895,0.29260796308517456,0.9922480583190918,0.8407796223958334,9680,0.2,-2.2144690468907355,0.4971738,0.0003,0.05147702809093365,1.2759859561920166
455.9567001400001,1296,970,9190,11919360,783.15,3.8243150706092517,0.29310527443885803,0.9857625365257263,0.7695638020833333,9690,0.2,-2.2279677669207256,0.27911147,0.0003,-0.002972103419112197,1.0751079320907593
485.07005118999996,1297,971,9192,11931648,777.44,4.062726523975531,0.29279690980911255,0.9878969192504883,0.714013671875,9700,0.2,-2.218442364037037,0.2343853,0.0003,-0.025867226112556332,1.530922770500183
512.15530359,1299,972,9194,11943936,782.25,3.1927565609415374,0.2937208116054535,0.9912863969802856,0.7452473958333333,9710,0.2,-2.236247619489829,0.28141156,0.0003,-0.021796696545303956,0.9159739017486572
521.19007403,1300,973,9195,11956224,792.52,3.0212400257587433,0.29369059205055237,0.9899818301200867,0.7515380859375,9720,0.2,-2.261542702714602,0.3029262,0.0003,-0.02076590547512751,0.7906627655029297
547.6719214,1301,974,9197,11968512,803.34,5.254832777380943,0.2940134108066559,0.9817181825637817,0.7264404296875,9730,0.2,-2.269791452586651,0.22973974,0.0003,-0.02052091754352053,2.130784273147583
548.5979888500001,1302,975,9199,11980800,789.94,2.1691325376431148,0.2938138544559479,0.9916861653327942,0.78115234375,9740,0.2,-2.2807690943280856,0.36425963,0.0003,0.001237140956800431,0.8133879899978638
521.02450895,1303,976,9201,11993088,773.67,3.162412156909704,0.29286813735961914,0.9904325008392334,0.7026611328125,9750,0.2,-2.2343145405252773,0.2190047,0.0003,-0.02721647449604158,1.122391700744629
494.53627763,1304,977,9202,12005376,796.53,4.308487429718176,0.292216420173645,0.9838804006576538,0.69404296875,9760,0.2,-2.2019491786758105,0.20273416,0.0003,-0.03846427954849787,1.6093624830245972
488.68538979000004,1305,978,9204,12017664,798.02,9.083643280466397,0.2910551130771637,0.9805783629417419,0.63466796875,9770,0.2,-2.1600348383188246,0.14358558,0.0003,-0.04540200133148271,4.33596134185791
520.94939831,1306,979,9206,12029952,803.46,11.442779739697775,0.29023244976997375,0.9586886167526245,0.6113118489583333,9780,0.2,-2.12011667539676,0.11217883,0.0003,-0.0514835370820947,4.302209854125977
470.8748254899999,1307,980,9207,12042240,749.42,5.8485454559326175,0.29004913568496704,0.9883876442909241,0.7310791015625,9790,0.2,-2.1099888652563097,0.27445722,0.0003,-0.019683436320822995,2.0147502422332764
437.52440001,1308,981,9209,12054528,738.05,10.775523195664087,0.2890562415122986,0.9772424697875977,0.6456949869791667,9800,0.2,-2.075284916659196,0.15806484,0.0003,-0.051243551774920584,4.792722225189209
426.81273961000005,1310,982,9211,12066816,730.24,9.49983791410923,0.28879085183143616,0.970596969127655,0.6840169270833333,9810,0.2,-2.058842200040817,0.20025003,0.0003,-0.03615781924357483,3.4545578956604004
385.70363655999995,1311,983,9212,12079104,683.63,18.37313413719336,0.2879422903060913,0.9470982551574707,0.6182942708333333,9820,0.2,-2.0362630397081376,0.1444264,0.0003,-0.0387621387897525,5.87467622756958
346.48530932,1312,984,9214,12091392,637.89,18.58028005361557,0.2874867916107178,0.9619089365005493,0.6259033203125,9830,0.2,-2.0025759120782216,0.13492535,0.0003,-0.04600397562705136,6.993859767913818
350.05565800999995,1313,985,9216,12103680,653.99,18.953542282183964,0.28627800941467285,0.9692878723144531,0.6589518229166667,9840,0.2,-1.9734251869221529,0.16398002,0.0003,-0.043084002879913895,6.8120646476745605
338.90671022000004,1314,986,9218,12115968,674.08,39.91276367108027,0.2852442264556885,0.9355280995368958,0.5521891276041667,9850,0.2,-1.9129203456143538,0.08273306,0.0003,-0.04924284713051748,13.091776847839355
368.1065024799999,1315,987,9219,12128256,674.23,65.65136957168579,0.28473272919654846,0.9005299210548401,0.6120849609375,9860,0.2,-1.8918940179049968,0.0812191,0.0003,-0.03474102523565913,28.651777267456055
375.83467475,1316,988,9221,12140544,683.87,18.47533946832021,0.28439760208129883,0.9610230326652527,0.76787109375,9870,0.2,-1.908000518133243,0.25310314,0.0003,-0.002006542771899452,6.083096027374268
397.68390809000005,1317,989,9223,12152832,716.65,37.84943603674571,0.28404852747917175,0.9319576025009155,0.6961263020833334,9880,0.2,-1.8579144751032193,0.16781807,0.0003,-0.017960879655826528,12.044812202453613
404.45342464000004,1318,990,9225,12165120,727.8,9.438040181001027,0.28775253891944885,0.968351423740387,0.9544596354166667,9890,0.2,-1.9197425233821075,4.733919,0.0003,0.26323526675502457,3.448002815246582
375.43690296000005,1319,991,9226,12177408,681.43,8.568113885323207,0.2932450771331787,0.9689724445343018,0.9323404947916667,9900,0.2,-2.1216235669950643,1.3373667,0.0003,0.1980953260693544,2.5404412746429443
298.90661818999996,1320,992,9228,12189696,551.38,9.196295165022214,0.2940755784511566,0.953388512134552,0.7665934244791667,9910,0.2,-2.2799953679243723,0.286229,0.0003,0.009047012814456442,3.233503580093384
253.72622668999998,1321,993,9230,12201984,504.15,10.618724987904232,0.2934946119785309,0.9531885981559753,0.6797607421875,9920,0.2,-2.2671188433965046,0.18038823,0.0003,-0.03604152475794156,2.809521198272705
215.89998694,1323,994,9232,12214272,476.59,9.337732856472334,0.2935067415237427,0.9696474671363831,0.7204182942708334,9930,0.2,-2.255669509371122,0.22563906,0.0003,-0.025174196823112047,4.253268241882324
252.61892275000002,1324,995,9233,12226560,523.2,12.378495367368062,0.29399845004081726,0.9157532453536987,0.6947265625,9940,0.2,-2.2745093350609142,0.18425481,0.0003,-0.0239391865839328,5.918368339538574
280.04351519,1325,996,9235,12238848,558.45,6.903668428957462,0.2945694625377655,0.9531263113021851,0.7611002604166667,9950,0.2,-2.297579701244831,0.27637193,0.0003,0.0027035768677402907,2.2352137565612793
294.46381137000003,1326,997,9237,12251136,613.18,11.251186046997706,0.29357749223709106,0.9559979438781738,0.7000162760416667,9960,0.2,-2.2751658221085864,0.19648547,0.0003,-0.028119618536826842,3.551558494567871
316.27564031,1327,998,9238,12263424,632.3,13.23609351615111,0.29292404651641846,0.9610627889633179,0.6386962890625,9970,0.2,-2.239931323627631,0.14519387,0.0003,-0.03899303275102284,5.008340835571289
322.62158891999997,1328,999,9240,12275712,611.95,9.41216763953368,0.29256442189216614,0.9610258340835571,0.7322672526041667,9980,0.2,-2.2355918422341348,0.24524866,0.0003,-0.015173771247888605,4.365875720977783
351.60315259000004,1329,1000,9242,12288000,635.04,8.569691767295202,0.2927868664264679,0.9645703434944153,0.7517740885416667,9990,0.2,-2.2276121944189073,0.24676788,0.0003,-0.009341593891925489,3.8665175437927246
345.10919236,1330,1001,9243,12300288,617.11,8.28846157391866,0.2919990122318268,0.9739055633544922,0.7258707682291666,10000,0.2,-2.201662835478783,0.25364614,0.0003,-0.020609629689715803,3.156161069869995
386.5536613499999,1331,1002,9245,12312576,651.38,10.227728763222695,0.2911447286605835,0.9740687012672424,0.708251953125,10010,0.2,-2.1746040398875874,0.21821149,0.0003,-0.0215468083343391,2.2526087760925293
405.70569259,1332,1003,9247,12324864,683.65,5.213930541276932,0.29189541935920715,0.9722090363502502,0.7604166666666666,10020,0.2,-2.1870850349466004,0.27498552,0.0003,-0.0009635359766737868,1.8186107873916626
442.74337411,1333,1004,9249,12337152,736.08,5.357742246985436,0.29169371724128723,0.979099452495575,0.7640787760416666,10030,0.2,-2.1802229320009547,0.29162052,0.0003,-0.0013923920846233766,2.052597999572754
467.46648716999994,1334,1005,9250,12349440,761.67,9.885016090671222,0.2912752628326416,0.971145749092102,0.6625651041666667,10040,0.2,-2.170706029733022,0.14671342,0.0003,-0.028523626523383427,3.36010479927063
453.23178297000004,1336,1006,9252,12361728,755.35,7.187835118671258,0.2914557158946991,0.9852609038352966,0.7119873046875,10050,0.2,-2.1645446106791497,0.21825014,0.0003,-0.023028276542997144,2.71041202545166
481.6215040099999,1337,1007,9254,12374016,786.41,8.7614303479592,0.29184117913246155,0.9729828834533691,0.710791015625,10060,0.2,-2.1843571469187735,0.22163665,0.0003,-0.019501843530451878,2.773608446121216
486.75803781999986,1338,1008,9255,12386304,791.19,5.369677553077539,0.2922787368297577,0.9793379902839661,0.7519287109375,10070,0.2,-2.208452562491099,0.25437734,0.0003,-0.007556504056750176,1.9348773956298828
441.9174742,1339,1009,9257,12398592,783.24,6.523301003873348,0.2929209768772125,0.9734894037246704,0.7431884765625,10080,0.2,-2.2229959617058435,0.2806215,0.0003,-0.013139121497321564,2.837561845779419
386.63720264999995,1340,1010,9259,12410880,782.28,10.42491433173418,0.2928314507007599,0.9357808232307434,0.6975504557291666,10090,0.2,-2.233532280723254,0.19028635,0.0003,-0.019588066511884487,3.5698623657226562
383.19663566,1341,1011,9261,12423168,786.28,42.8067721426487,0.292239785194397,0.8674778938293457,0.49663899739583334,10100,0.2,-2.199595340589682,0.056270957,0.0003,-0.043332981825612175,12.145307540893555
368.97477691999995,1342,1012,9262,12435456,783.15,18.633208245038986,0.29200947284698486,0.9548491835594177,0.6186442057291667,10110,0.2,-2.181663967172305,0.11500617,0.0003,-0.038837754835064214,8.87253475189209
334.23587610999994,1343,1013,9264,12447744,794.19,10.382284064094225,0.29213765263557434,0.9690550565719604,0.7585611979166667,10120,0.2,-2.20403638780117,0.2702446,0.0003,0.004416838831093628,3.9442057609558105
339.33578901999994,1344,1014,9266,12460032,831.01,9.455323764681816,0.29182353615760803,0.977055013179779,0.7214111328125,10130,0.2,-2.19768646111091,0.2270364,0.0003,-0.024218735092047913,4.168067932128906
336.80482952,1345,1015,9268,12472320,835.81,8.936219862103462,0.29399946331977844,0.97454434633255,0.8007649739583333,10140,0.2,-2.2561846405267714,0.3159188,0.0003,0.04344942914322018,3.39243745803833
357.6476875500001,1346,1016,9269,12484608,788.4,10.147877957423528,0.2939988076686859,0.9674113392829895,0.6833821614583333,10150,0.2,-2.2707623183727264,0.20200755,0.0003,-0.027779063371902644,5.538266658782959
395.5657383,1347,1017,9271,12496896,800.18,8.659137745698294,0.2923646867275238,0.978627622127533,0.6982096354166667,10160,0.2,-2.237101518611113,0.22518587,0.0003,-0.028865690383827313,2.8949687480926514
432.1635634,1348,1018,9273,12509184,803.51,8.014403886596362,0.2928732931613922,0.9754360914230347,0.7337646484375,10170,0.2,-2.2259991159041723,0.25721836,0.0003,-0.018269507179017333,3.0694921016693115
462.37812469000005,1350,1019,9275,12521472,779.63,5.677767533560594,0.2932923436164856,0.9882795214653015,0.758544921875,10180,0.2,-2.238030647734801,0.24260616,0.0003,-0.002498998387697308,1.7422020435333252
422.17789988000004,1351,1020,9276,12533760,720.81,17.38930432399114,0.2931573688983917,0.9592334628105164,0.6107828776041667,10190,0.2,-2.2306139642993608,0.11544231,0.0003,-0.040755813621217385,5.424062728881836
406.74246769999996,1352,1021,9278,12546048,717.35,9.0250774761041,0.29372477531433105,0.9796565771102905,0.7070719401041666,10200,0.2,-2.2513957450787228,0.21428247,0.0003,-0.025935880491063774,2.2912395000457764
377.09499096,1353,1022,9280,12558336,723.08,14.626886102557183,0.29329219460487366,0.9503355026245117,0.6987141927083333,10210,0.2,-2.2518765076994898,0.1742187,0.0003,-0.026394846777354056,7.218239784240723
341.89709414,1354,1023,9281,12570624,677.8,10.482953591148059,0.2925201952457428,0.9560400247573853,0.7062174479166666,10220,0.2,-2.218957442541917,0.20370443,0.0003,-0.02997408665153974,3.5956640243530273
300.05424816000004,1355,1024,9283,12582912,632.26,15.064585638046264,0.29198917746543884,0.9575111865997314,0.6827311197916667,10230,0.2,-2.1914076884587605,0.18336667,0.0003,-0.03649786355478379,5.5288591384887695
326.4494286,1356,1025,9285,12595200,665.69,11.184904503822327,0.2911370098590851,0.9742318391799927,0.7187662760416667,10240,0.2,-2.1627308150132496,0.22454445,0.0003,-0.024421920964960007,4.0838847160339355
325.58375123999997,1357,1026,9287,12607488,650.47,13.182566952705383,0.2906469404697418,0.9639646410942078,0.7131510416666667,10250,0.2,-2.148102535804113,0.21917833,0.0003,-0.02356467935993957,4.997473239898682
333.19619141000004,1358,1027,9288,12619776,636.14,13.84325037797292,0.2905031442642212,0.9600475430488586,0.7398844401041667,10260,0.2,-2.134437069793542,0.28333226,0.0003,-0.014526185173114452,5.580969333648682
344.90493645999993,1359,1028,9290,12632064,648.72,12.682366266846657,0.28938332200050354,0.9717860817909241,0.7060139973958334,10270,0.2,-2.1041430418690044,0.23060332,0.0003,-0.031241490764174765,4.025749683380127
374.82087578,1360,1029,9292,12644352,680.01,25.988971559206643,0.2886393368244171,0.9376959204673767,0.6710123697916667,10280,0.2,-2.064709802468618,0.16002358,0.0003,-0.03630670559941791,11.526004791259766
360.63503276000006,1361,1030,9293,12656640,681.77,20.882385736703874,0.28838422894477844,0.9536622762680054,0.664208984375,10290,0.2,-2.0472458894054095,0.1518607,0.0003,-0.036972715395192306,8.043827056884766
340.84373646,1362,1031,9295,12668928,690.0,12.777912219365438,0.289197713136673,0.9752086400985718,0.7782063802083333,10300,0.2,-2.0823824142416316,0.33264074,0.0003,0.008098361414158716,5.297026634216309
272.70231409,1363,1032,9297,12681216,707.09,31.948352841536202,0.28900277614593506,0.8643234968185425,0.663818359375,10310,0.2,-2.077961706618468,0.14926474,0.0003,-0.03463959127257112,11.867456436157227
239.47108995999994,1365,1033,9298,12693504,730.79,39.982383672396345,0.28830352425575256,0.9233332872390747,0.6311930338541667,10320,0.2,-2.0525233099857965,0.13076979,0.0003,-0.04097354016363776,15.150564193725586
213.13127615999997,1366,1034,9300,12705792,722.89,65.81810190677643,0.28794756531715393,0.8420165181159973,0.6152913411458333,10330,0.2,-2.028287963569164,0.11588951,0.0003,-0.03719222264965841,22.97028160095215
221.47724091,1367,1035,9302,12718080,742.49,32.11871087153752,0.2884746789932251,0.937173068523407,0.7126627604166667,10340,0.2,-2.050081797937552,0.17888612,0.0003,-0.018488967192630903,10.339360237121582
180.11605887,1368,1036,9304,12730368,761.97,30.604049082597097,0.2899620532989502,0.9606217741966248,0.8016682942708333,10350,0.2,-2.120527998606364,0.26325932,0.0003,0.04319432537740795,15.139961242675781
166.30245603,1369,1037,9305,12742656,781.43,47.66749320824941,0.28920450806617737,0.908417820930481,0.6495361328125,10360,0.2,-2.0965281094113988,0.14784364,0.0003,-0.029201817393186502,13.918307304382324
174.04550184000004,1370,1038,9307,12754944,770.07,33.092556059360504,0.28939488530158997,0.9187939167022705,0.7080810546875,10370,0.2,-2.098743837078412,0.18881059,0.0003,-0.018275113699686093,12.85922908782959
213.59072710999996,1371,1039,9309,12767232,743.06,39.595614689588544,0.2896491587162018,0.9364433884620667,0.7076009114583334,10380,0.2,-2.1109861652056376,0.1776024,0.0003,-0.021291908254109634,17.902006149291992
215.72651608,1372,1040,9310,12779520,722.96,16.364341704050698,0.2924547493457794,0.9526095390319824,0.8154052734375,10390,0.2,-2.194542778035005,0.37412548,0.0003,0.03447448914909425,6.574502468109131
191.54367039000002,1373,1041,9312,12791808,660.78,57.18124088843663,0.29226598143577576,0.9162204265594482,0.6426432291666667,10400,0.2,-2.2196106940507887,0.13773574,0.0003,-0.042582723166560754,28.71432113647461
190.07091551999997,1374,1042,9314,12804096,650.16,29.663223286469776,0.2911323606967926,0.9402846097946167,0.7050618489583333,10410,0.2,-2.197261657814185,0.19661541,0.0003,-0.022755213572721308,10.03126049041748
213.64284668,1375,1043,9315,12816384,614.94,30.34153792063395,0.2915424108505249,0.9639102816581726,0.6699625651041666,10420,0.2,-2.193001911044121,0.15343387,0.0003,-0.03315000554236273,14.173177719116211
218.35444360000002,1376,1044,9317,12828672,627.18,28.769470582405727,0.2921983301639557,0.9603590369224548,0.7654052734375,10430,0.2,-2.2209044540921847,0.26797748,0.0003,-0.0007156123290769755,12.618645668029785
182.51271847999996,1377,1045,9319,12840960,633.81,51.79733221928279,0.2917044162750244,0.9167780876159668,0.6138834635416667,10440,0.2,-2.204786333441734,0.10495766,0.0003,-0.03957977976242546,22.851930618286133
181.32783609999998,1378,1046,9320,12853248,622.79,54.49366561174393,0.2914654016494751,0.851117730140686,0.5914876302083333,10450,0.2,-2.188601397971312,0.10455134,0.0003,-0.043449996065464805,21.23714828491211
165.71494993,1380,1047,9322,12865536,635.99,29.620578257242837,0.2937215566635132,0.899924635887146,0.8110921223958333,10460,0.2,-2.2557537997762362,0.27001098,0.0003,0.05951965544081759,11.498912811279297
133.76457397000001,1381,1048,9324,12877824,662.78,64.35912697315216,0.2928578555583954,0.7075560092926025,0.6355712890625,10470,0.2,-2.2528485049804052,0.13793226,0.0003,-0.04098383206680107,20.45150375366211
110.90088680000001,1382,1049,9325,12890112,632.15,63.10727882385254,0.2916179597377777,0.7963993549346924,0.6367106119791667,10480,0.2,-2.2077292894323666,0.14704835,0.0003,-0.04535419857711531,23.414932250976562
89.10693353,1383,1050,9327,12902400,246.16,37.64922161300977,0.29374659061431885,0.9327101707458496,0.956103515625,10490,0.2,-2.2061681379874547,6.4580007,0.0003,0.2279119973264945,22.666540145874023
60.072200830000014,1384,1051,9329,12914688,148.5,20.437184083461762,0.29369986057281494,0.908141016960144,0.7562906901041667,10500,0.2,-2.2918951148788134,0.32592937,0.0003,-0.027268588176229968,6.480785369873047
59.25309969,1385,1052,9330,12926976,144.05,15.6221426765124,0.29509612917900085,0.9000844955444336,0.7602945963541666,10510,0.2,-2.316705753405889,0.34287786,0.0003,-0.02300306774316899,5.3349761962890625
57.989751,1386,1053,9332,12939264,144.32,13.46285331050555,0.2954711616039276,0.9258607029914856,0.7616861979166667,10520,0.2,-2.3496070449550945,0.29995906,0.0003,-0.02114347245345319,4.341414451599121
58.12018649000001,1387,1054,9334,12951552,141.0,10.439159436027209,0.2955721616744995,0.9379226565361023,0.7788330078125,10530,0.2,-2.3751007641355195,0.3649796,0.0003,-0.02484292909648502,3.3653488159179688
70.83434743,1388,1055,9335,12963840,149.17,13.954907277226448,0.29441744089126587,0.9466658234596252,0.7252522786458333,10540,0.2,-2.332597510019938,0.25082532,0.0003,-0.034462512425185804,6.747620582580566
67.46700535,1389,1056,9337,12976128,156.46,13.155292371908823,0.293290376663208,0.956034779548645,0.7286214192708333,10550,0.2,-2.28036387215058,0.25847247,0.0003,-0.03203090636185758,5.355377197265625
75.61553088000001,1390,1057,9339,12988416,179.4,8.831471555431683,0.2927578389644623,0.9369337558746338,0.7862467447916667,10560,0.2,-2.2508250509699184,0.36898193,0.0003,-0.018658545334862234,3.257150888442993
89.99112822000002,1391,1058,9341,13000704,185.77,10.819131883978844,0.29195475578308105,0.9413875937461853,0.7404378255208334,10570,0.2,-2.2218837554256123,0.3266479,0.0003,-0.030641289195530892,3.0926449298858643
92.36649507,1392,1059,9342,13012992,190.73,11.526811044414838,0.29132625460624695,0.9637715816497803,0.7244791666666667,10580,0.2,-2.193917947510878,0.24230616,0.0003,-0.03734439199809761,4.313281059265137
109.08490101,1393,1060,9344,13025280,219.37,10.9096175690492,0.29151788353919983,0.9590535163879395,0.7253824869791666,10590,0.2,-2.1923045391837754,0.27941224,0.0003,-0.03508865239661342,4.566235065460205
149.02375877999998,1394,1061,9346,13037568,257.79,14.642975456515948,0.2904755771160126,0.9698321223258972,0.6881184895833333,10600,0.2,-2.1619202931722006,0.21098495,0.0003,-0.03838917943648994,6.51983642578125
108.37640596,1395,1062,9348,13049856,215.79,17.660673807064693,0.28979822993278503,0.9465576410293579,0.7008382161458333,10610,0.2,-2.1226685479283334,0.20884256,0.0003,-0.031214198652499667,7.200989246368408
112.05607442,1396,1063,9350,13062144,210.4,11.785810095071792,0.2896095812320709,0.9610179662704468,0.75126953125,10620,0.2,-2.121363063156605,0.29378894,0.0003,-0.02531597129709553,3.984130859375
134.00560812,1398,1064,9352,13074432,264.66,12.661605954170227,0.2894664406776428,0.967885434627533,0.734814453125,10630,0.2,-2.100638619065285,0.24778475,0.0003,-0.03141315856240302,4.8920111656188965
162.59026598,1267,1065,10322,13086720,310.84,16.222269690036775,0.2892509698867798,0.93697190284729,0.704345703125,10640,0.2,-2.0875808859864873,0.18210335,0.0003,-0.03177848048217129,6.635843753814697
170.03989564999995,1268,1066,10324,13099008,327.06,11.877456840872764,0.288765013217926,0.9612671136856079,0.7511881510416667,10650,0.2,-2.0766175399223963,0.29196092,0.0003,-0.019714396503210687,3.6802356243133545
164.26464669,1160,1067,11297,13111296,317.06,13.429161461194356,0.2876121997833252,0.962357223033905,0.7100830078125,10660,0.2,-2.0303706462184588,0.24199045,0.0003,-0.035608446156159816,5.637867450714111
170.96390086999997,1161,1068,11298,13123584,315.73,13.6823745906353,0.2875543534755707,0.9529010653495789,0.7397786458333333,10670,0.2,-2.0162499462564787,0.26487055,0.0003,-0.023195013240911066,4.4797234535217285
163.21860919,1162,1069,11300,13135872,313.42,14.800569718082746,0.28666216135025024,0.9511025547981262,0.7157552083333333,10680,0.2,-1.991456738114357,0.22017622,0.0003,-0.02871694419494209,4.38350248336792
165.18734676000003,1121,1070,11720,13148160,329.66,18.298659771680832,0.2862926423549652,0.9483650922775269,0.6784261067708334,10690,0.2,-1.9653382067879042,0.188002,0.0003,-0.038423606631113216,6.36267614364624
153.38486817,1122,1071,11722,13160448,336.1,12.028331932425498,0.2853923738002777,0.9470644593238831,0.7487874348958333,10700,0.2,-1.9526540718972683,0.2929984,0.0003,-0.018645537863873567,3.8197755813598633
178.72843051,1123,1072,11727,13172736,363.6,23.693541022141776,0.2846832275390625,0.9374386072158813,0.6735188802083333,10710,0.2,-1.9026977330446244,0.17096399,0.0003,-0.03562350551607475,9.98254108428955
217.91664555,1123,1073,11739,13185024,417.57,13.576192950208982,0.2845468819141388,0.9623311758041382,0.7459879557291667,10720,0.2,-1.895866828908523,0.25798067,0.0003,-0.021491601843445098,6.639455318450928
229.22590609,1123,1074,11746,13197312,433.27,18.273669159412385,0.2842366099357605,0.9476222991943359,0.7134847005208333,10730,0.2,-1.8829193179806074,0.20302136,0.0003,-0.026010927991592325,4.662624359130859
208.90325605,1123,1075,11752,13209600,430.13,20.02541720867157,0.2842119634151459,0.9454744458198547,0.7359375,10740,0.2,-1.8779477084676424,0.23259377,0.0003,-0.02499672177946195,5.659594535827637
196.99599389,1124,1076,11759,13221888,427.96,20.092966598272323,0.28305721282958984,0.9303098320960999,0.7238199869791667,10750,0.2,-1.8557770331700643,0.20796742,0.0003,-0.0271695802914716,9.660874366760254
207.75253477000007,1124,1077,11764,13234176,436.8,37.8012863556544,0.2823063135147095,0.9144234657287598,0.6576822916666667,10760,0.2,-1.8040164902806282,0.14338018,0.0003,-0.04014683393179439,12.85428524017334
204.96344657999995,1040,1078,12736,13246464,435.12,17.551214216152825,0.28234174847602844,0.9611741900444031,0.7420654296875,10770,0.2,-1.8046959186593692,0.24305125,0.0003,-0.010830718146947523,6.897010803222656
180.75761619000002,1040,1079,12738,13258752,437.21,14.198598832885425,0.28286251425743103,0.9496041536331177,0.7722574869791666,10780,0.2,-1.8144872958461444,0.34604463,0.0003,-0.012586642978324866,5.8830461502075195
201.21867840000002,1041,1080,12739,13271040,465.13,21.435948564608893,0.2824167311191559,0.944521427154541,0.7695882161458333,10790,0.2,-1.821824012696743,0.2595419,0.0003,-0.00709786354273092,6.505625247955322
200.19395297,973,1081,13640,13283328,479.03,28.51064550280571,0.28276872634887695,0.9495983123779297,0.7634195963541667,10800,0.2,-1.8298678601781526,0.22926132,0.0003,0.003080445409674818,18.008811950683594
199.28700425,974,1082,13642,13295616,468.5,17.26642790635427,0.2826233506202698,0.9650288224220276,0.7333089192708333,10810,0.2,-1.8192519918084145,0.26873037,0.0003,-0.027834324600795903,7.400409698486328
273.82463583000003,975,1083,13644,13307904,486.6,33.3461415608724,0.28162258863449097,0.9331622123718262,0.65732421875,10820,0.2,-1.7751048577328523,0.14171413,0.0003,-0.034336109936702996,10.475967407226562
246.16901295999998,914,1084,14563,13320192,452.92,19.635096859931945,0.28225231170654297,0.9492473602294922,0.7361409505208333,10830,0.2,-1.7820940849681695,0.2722973,0.0003,-0.026230801464407705,6.838204860687256
235.32946857999997,915,1085,14565,13332480,459.56,15.505138153831163,0.28227195143699646,0.9337714910507202,0.7607503255208333,10840,0.2,-1.8101889230310917,0.28487244,0.0003,-0.016614675801732422,5.882604598999023
232.46908727,916,1086,14567,13344768,452.77,21.147907769680025,0.2822290360927582,0.9340369701385498,0.7321370442708334,10850,0.2,-1.8079509735107422,0.26611546,0.0003,-0.022564734384650363,6.388597011566162
226.68085617,883,1087,15121,13357056,450.62,20.533979125817616,0.28107941150665283,0.9447012543678284,0.719580078125,10860,0.2,-1.7714783842364947,0.2366608,0.0003,-0.03275770163891138,7.00222635269165
248.40198453999997,883,1088,15123,13369344,454.84,16.270816067854565,0.2804102599620819,0.9620863199234009,0.7666829427083334,10870,0.2,-1.7370950845380624,0.30554157,0.0003,-0.017020822186411048,6.619043350219727
248.10515496999997,884,1089,15125,13381632,475.09,18.459001207351683,0.28060904145240784,0.9545528888702393,0.7376871744791667,10880,0.2,-1.7312395373980205,0.26623008,0.0003,-0.027417182038576963,5.539733409881592
255.28021028,885,1090,15129,13393920,467.54,16.283391413092613,0.28025195002555847,0.9664922952651978,0.7470458984375,10890,0.2,-1.7277359868089357,0.23974721,0.0003,-0.011844417724690477,6.503057479858398
247.81328405999997,885,1091,15131,13406208,497.68,18.34541997114817,0.2800652086734772,0.9557264447212219,0.7138264973958334,10900,0.2,-1.7115646349887053,0.25018615,0.0003,-0.03716234008315951,6.77878475189209
253.91572922,886,1092,15133,13418496,481.61,19.58544153769811,0.2808123528957367,0.9378746151924133,0.7115885416666666,10910,0.2,-1.7347638666629792,0.23796044,0.0003,-0.033971297689519515,8.984959602355957
246.91215938000002,887,1093,15135,13430784,454.17,16.603375111023585,0.2799914479255676,0.9651105999946594,0.7420979817708333,10920,0.2,-1.7225547701120376,0.2816519,0.0003,-0.025163835049897897,6.614969253540039
247.86501654999995,888,1094,15136,13443072,487.17,15.728794107834497,0.280553936958313,0.9567508697509766,0.7551350911458333,10930,0.2,-1.7275309624771278,0.27603027,0.0003,-0.018807259874787027,5.488696098327637
278.7064433,888,1095,15138,13455360,481.67,10.443700782457988,0.2823692262172699,0.9700158834457397,0.8104329427083333,10940,0.2,-1.802074417223533,0.43288454,0.0003,0.015211462187289726,4.056243896484375
266.22519282999997,889,1096,15140,13467648,487.78,13.352801487843196,0.28192606568336487,0.9707255959510803,0.7189534505208334,10950,0.2,-1.7981947739919026,0.2504522,0.0003,-0.033428772472446626,3.993424892425537
247.63056940000007,890,1097,15142,13479936,475.86,16.249517949422202,0.281209260225296,0.9465151429176331,0.7083984375,10960,0.2,-1.7769321938355764,0.22695613,0.0003,-0.036296502245628894,5.786630153656006
203.80951369,890,1098,15145,13492224,429.14,11.644597628712654,0.2808494567871094,0.9271324872970581,0.7673502604166667,10970,0.2,-1.7537273034453391,0.35706642,0.0003,-0.02170487323407239,3.5319809913635254
195.93640667,891,1099,15147,13504512,433.34,13.935128199060758,0.28084293007850647,0.9252218008041382,0.7561604817708333,10980,0.2,-1.7503583282232285,0.29327598,0.0003,-0.02223504406186597,4.144655704498291
228.73540778999995,892,1100,15148,13516800,452.24,9.602493630846341,0.2803867757320404,0.974154531955719,0.7761637369791666,10990,0.2,-1.7384414123992125,0.32549104,0.0003,-0.009492856779737243,2.8029792308807373
