time/total_timesteps,time/fps,rollout/ep_len_mean,rollout/ep_rew_mean,time/iterations,time/time_elapsed,train/learning_rate,train/n_updates,train/approx_kl,train/value_loss,train/entropy_loss,train/clip_fraction,train/std,train/policy_gradient_loss,train/explained_variance,train/clip_range,train/loss
12288,11556,1000.0,1290.62678875,1,1,,,,,,,,,,,
24576,8695,952.9583333333334,1221.0186427083333,2,2,5e-05,9770,0.040727455,0.14112791720156867,6.2094455848137535,0.4302571614583333,0.15913385152816772,-0.0026465627942040253,0.9919111728668213,0.2,0.08076202869415283
36864,8126,968.6388888888889,1246.1669919722221,3,4,5e-05,9780,0.04481597,3.9393598350075383,6.218156893054644,0.4694742838541667,0.15906940400600433,-0.000947869568093059,0.9363250136375427,0.2,1.7762750387191772
49152,7877,975.3125,1252.7801293333334,4,6,5e-05,9790,0.052720163,0.24777069982762137,6.233006619413694,0.47093098958333335,0.1587017923593521,0.0010277459834469483,0.9777524471282959,0.2,0.11309151351451874
61440,7528,980.5737704918033,1258.5408960655736,5,8,5e-05,9800,0.04531586,0.32046287283301356,6.246059750517209,0.4565673828125,0.15865136682987213,0.00911423077971752,0.9455092549324036,0.2,0.10054687410593033
73728,7311,971.9324324324324,1248.142160689189,6,10,5e-05,9810,0.046924587,0.16860816261420647,6.253238183259964,0.45331217447916666,0.15854449570178986,0.005554905352861776,0.9874506592750549,0.2,0.04175090789794922
86016,7220,975.8488372093024,1255.2073073953488,7,11,5e-05,9820,0.041811485,0.8312422063046445,6.257131912310919,0.44923502604166665,0.15859375894069672,-0.002216016950357395,0.947473406791687,0.2,0.0646272823214531
98304,7122,978.8061224489796,1257.104745908163,8,13,5e-05,9830,0.046455905,0.1252151461939017,6.259101095795631,0.4568277994791667,0.15858422219753265,0.0017211553262313829,0.9899262189865112,0.2,0.04375176876783371
110592,7043,979.23,1258.49754457,9,15,5e-05,9840,0.04177718,0.1272787731140852,6.270762932300568,0.44964192708333334,0.15836651623249054,0.003332447959110141,0.9940072894096375,0.2,0.06554820388555527
122880,7029,981.73,1264.02654954,10,17,5e-05,9850,0.03631068,0.09584348070590447,6.291607420643171,0.4282633463541667,0.15810690820217133,-0.003136287853703834,0.9948803186416626,0.2,0.015725675970315933
135168,6997,973.34,1252.6428277999998,11,19,5e-05,9860,0.049533993,0.42364067494248353,6.3054803013801575,0.451611328125,0.1580870896577835,-0.004886936584565168,0.9746106863021851,0.2,0.07652796059846878
147456,6958,967.25,1243.9715966200001,12,21,5e-05,9870,0.05953816,3.644821496804555,6.31202825208505,0.4655029296875,0.15807564556598663,-0.002115954826391923,0.9352381229400635,0.2,2.2014784812927246
159744,6861,959.51,1234.80399613,13,23,5e-05,9880,0.044755023,1.4964714409783482,6.318470321098963,0.4981770833333333,0.1579267382621765,0.0006167259130355281,0.9542258381843567,0.2,0.7286446690559387
172032,6864,959.51,1237.9396441899999,14,25,5e-05,9890,0.04782166,5.184806156841417,6.324373369415601,0.45204264322916665,0.15796516835689545,-0.0008185228822791638,0.9475014805793762,0.2,1.9625691175460815
184320,6875,968.43,1249.61800946,15,26,5e-05,9900,0.049107004,0.10881778025068342,6.33865527510643,0.4925944010416667,0.15762735903263092,0.006617717009309369,0.9861235618591309,0.2,0.03141452372074127
196608,6897,968.43,1255.23549977,16,28,5e-05,9910,0.041499514,0.12388792803200582,6.354833400249481,0.4646077473958333,0.1575372964143753,0.002926511017722078,0.977657675743103,0.2,0.027805019170045853
208896,6904,968.43,1255.07959977,17,30,5e-05,9920,0.043198574,0.12604129348571103,6.37105141878128,0.45127766927083335,0.15729688107967377,2.789473170802618e-05,0.9792800545692444,0.2,0.04665599763393402
221184,6876,968.43,1256.6742611500001,18,32,5e-05,9930,0.037134513,0.12945551063554983,6.386552140116692,0.416162109375,0.15726108849048615,0.0002917584051222851,0.9883753061294556,0.2,0.07053089141845703
233472,6896,977.22,1271.34132691,19,33,5e-05,9940,0.037214816,0.09414881727813433,6.392836047212283,0.42587076822916664,0.15733666718006134,-0.0036511622194666414,0.9908905625343323,0.2,0.029477965086698532
245760,6915,992.26,1291.3637009699999,20,35,5e-05,9950,0.0392314,0.07517561522933344,6.40790768067042,0.424951171875,0.1569722592830658,-0.003590751052252017,0.994960606098175,0.2,0.04149191081523895
258048,6932,990.6,1286.98006177,21,37,5e-05,9960,0.036154505,0.08746103441808373,6.438543349504471,0.42281901041666664,0.1565435826778412,-0.0032300935844735553,0.9911806583404541,0.2,0.03449413180351257
270336,6945,990.75,1288.6625698799999,22,38,5e-05,9970,0.03913747,2.1242639937438073,6.457894309361776,0.42335611979166665,0.15643487870693207,-0.0016778721115163838,0.9464058876037598,0.2,0.5379356145858765
282624,6943,982.42,1275.64998248,23,40,5e-05,9980,0.04571384,0.11949608366315563,6.472862230738004,0.45884602864583335,0.15611018240451813,0.0005356382641669673,0.9772020578384399,0.2,0.03601827099919319
294912,6959,978.01,1268.32891879,24,42,5e-05,9990,0.03678873,0.6160313613091906,6.482922886808713,0.46360677083333335,0.1559775024652481,-0.001402761266217567,0.9653197526931763,0.2,0.043865688145160675
307200,6971,978.01,1267.77964756,25,44,5e-05,10000,0.04529077,0.6106885116236905,6.496443414688111,0.4744954427083333,0.15588361024856567,-0.0006801931536756456,0.9855904579162598,0.2,0.21569129824638367
319488,6985,978.01,1265.8378666899998,26,45,5e-05,10010,0.042652283,0.14302744317489366,6.50733960668246,0.4581380208333333,0.1557568460702896,-0.0005605827793867017,0.9810095429420471,0.2,0.030908964574337006
331776,6994,978.01,1261.7762850400002,27,47,5e-05,10020,0.040261116,0.1490452195672939,6.521060486634572,0.435693359375,0.1555483490228653,-0.0038341405854832073,0.9909049868583679,0.2,0.04156631976366043
344064,7003,978.01,1264.07694274,28,49,5e-05,10030,0.04389602,0.23036570243226986,6.535532747705777,0.42742513020833334,0.15543733537197113,-0.0016030548732184494,0.9525508284568787,0.2,0.05399365723133087
356352,7013,973.26,1259.8306979000001,29,50,5e-05,10040,0.03531052,0.08977679615685095,6.555868481596311,0.42068684895833336,0.15508131682872772,-1.1584895158496996e-05,0.991741418838501,0.2,0.05974491313099861
368640,7026,982.51,1272.09153844,30,52,5e-05,10050,0.041217558,1.4887981447701653,6.5722481429576876,0.45107421875,0.15496611595153809,0.0011111640017285632,0.9020035266876221,0.2,1.9507336616516113
380928,7036,990.84,1284.0822804200002,31,54,5e-05,10060,0.044738103,0.12442577687713006,6.578457541267077,0.43885904947916665,0.15488474071025848,-0.00022241143985108163,0.9817363023757935,0.2,0.03540170192718506
393216,7046,990.84,1284.7698496299997,32,55,5e-05,10070,0.040365394,0.09613886006797354,6.587521567940712,0.4218343098958333,0.15466994047164917,-0.0019328367779962718,0.9888681173324585,0.2,0.04617742821574211
405504,7054,991.4,1285.6924126299998,33,57,5e-05,10080,0.041087795,0.12233776273205876,6.605332221587499,0.4225992838541667,0.15443699061870575,-0.001079977506014984,0.990242063999176,0.2,0.0479796938598156
417792,7063,991.4,1285.76853223,34,59,5e-05,10090,0.0510454,1.4237702226111044,6.614587466915449,0.48248697916666666,0.15439309179782867,0.005251020321641893,0.9349002838134766,0.2,1.2912744283676147
430080,7071,991.4,1286.97892136,35,60,5e-05,10100,0.05437691,0.18295396434453626,6.62454076508681,0.4730305989583333,0.1541532427072525,0.002246045519617231,0.9755282998085022,0.2,0.0928516760468483
442368,7078,991.4,1287.99514652,36,62,5e-05,10110,0.04048945,0.08198677389106403,6.6447459131479265,0.432275390625,0.15381717681884766,0.002163006574846804,0.992451012134552,0.2,0.04668712615966797
454656,7081,991.4,1289.66397381,37,64,5e-05,10120,0.037991617,0.11707267893167833,6.669457476337751,0.404443359375,0.15350539982318878,-0.0025700344345144306,0.9909071326255798,0.2,0.03786906227469444
466944,7082,996.15,1296.33442148,38,65,5e-05,10130,0.03753988,0.1091098993861427,6.691020376483599,0.415966796875,0.15329234302043915,-0.002068708130779366,0.992294192314148,0.2,0.05079228803515434
479232,7083,993.38,1290.58787605,39,67,5e-05,10140,0.037224106,0.13507899135972062,6.71228754123052,0.43812662760416665,0.15301428735256195,-0.0020713666216276277,0.9918665289878845,0.2,0.0624576173722744
491520,7085,993.38,1289.4305217199997,40,69,5e-05,10150,0.04559811,2.23901747368897,6.724600258469581,0.4491048177083333,0.15293613076210022,7.293593565312524e-05,0.9217106103897095,0.2,0.27874407172203064
503808,7092,993.38,1291.43284803,41,71,5e-05,10160,0.039353207,0.12996886731125415,6.738630804419517,0.44794921875,0.15271009504795074,-0.0005962794991016077,0.9835028648376465,0.2,0.045874640345573425
516096,7095,997.23,1296.64881683,42,72,5e-05,10170,0.047977086,1.119436248127992,6.748383812109629,0.48489583333333336,0.15253658592700958,0.002018860743555706,0.8139359951019287,0.2,0.1749156415462494
528384,7098,989.25,1286.2861325700003,43,74,5e-05,10180,0.053871553,0.15308037432841956,6.760808777809143,0.4717610677083333,0.1522769182920456,0.00032457541092298923,0.9802833795547485,0.2,0.03975902497768402
540672,7104,989.25,1288.93444405,44,76,5e-05,10190,0.039611936,0.985624379881968,6.775852589805921,0.4501546223958333,0.15200185775756836,-0.0023697784907805424,0.9342991709709167,0.2,0.21757209300994873
552960,7109,983.56,1274.06442647,45,77,5e-05,10200,0.04703401,0.1903390717227012,6.787927284836769,0.47303873697916665,0.1520327478647232,-0.001247970008989796,0.9909287691116333,0.2,0.05594988167285919
565248,7101,976.38,1265.90950449,46,79,5e-05,10210,0.051147774,2.2397069350816308,6.789133509993553,0.4957275390625,0.15197724103927612,0.004526842278331363,0.9220890402793884,0.2,0.35723844170570374
577536,7093,979.15,1272.0119251699998,47,81,5e-05,10220,0.062138993,4.7073692813826105,6.791190820932388,0.5279622395833333,0.1520220935344696,0.002739762080212434,0.9350932836532593,0.2,4.738026142120361
589824,7096,970.38,1257.03673377,48,83,5e-05,10230,0.057379097,0.17460063815427324,6.80288667678833,0.5137776692708333,0.1516992449760437,0.004292548750042139,0.9768489003181458,0.2,0.04218507930636406
602112,7102,970.38,1260.40315763,49,84,5e-05,10240,0.03900827,0.4977904066288223,6.813220833738645,0.4672770182291667,0.1517496258020401,-0.00127905161837892,0.9701703190803528,0.2,0.1673438847064972
614400,7102,970.38,1262.65416441,50,86,5e-05,10250,0.048980623,0.25061986039703094,6.815263003110886,0.47220052083333336,0.15167434513568878,0.00341935578956812,0.9699483513832092,0.2,0.04844742640852928
626688,7107,978.36,1274.63897361,51,88,5e-05,10260,0.03817753,0.07456030116106073,6.823597787817319,0.4205403645833333,0.15154685080051422,0.00370829889337377,0.9950742721557617,0.2,0.021464534103870392
638976,7101,978.36,1273.26891733,52,89,5e-05,10270,0.0418063,0.09271706169626365,6.831573993961016,0.43392740885416664,0.15150190889835358,0.0003423321497393772,0.994217038154602,0.2,0.021044578403234482
651264,7099,984.05,1286.7503966600002,53,91,5e-05,10280,0.044240963,0.09425074252455184,6.838881535331408,0.43287760416666665,0.15133054554462433,0.0006451962535114337,0.9881571531295776,0.2,0.02711288258433342
663552,7102,991.23,1294.15019094,54,93,5e-05,10290,0.040583316,0.08488361019796381,6.852921024958293,0.43133138020833334,0.15121589601039886,-0.001992422885086853,0.9925503730773926,0.2,0.03827039152383804
675840,7105,990.38,1292.99880997,55,95,5e-05,10300,0.038980007,0.1775261177526166,6.868343236049016,0.4476806640625,0.15100431442260742,0.0008474442884714033,0.988903820514679,0.2,0.05556664988398552
688128,7107,990.38,1292.47452256,56,96,5e-05,10310,0.04308936,1.9395403408134977,6.878936285773913,0.43182779947916666,0.15088695287704468,0.00014625029580201955,0.9181572794914246,0.2,0.9206958413124084
700416,7108,999.15,1303.18452778,57,98,5e-05,10320,0.045369316,0.15473935430248578,6.891955085595449,0.457861328125,0.15072639286518097,-0.0008131716696273846,0.9775030612945557,0.2,0.05188913643360138
712704,7110,999.15,1300.41922224,58,100,5e-05,10330,0.04419453,0.08765549107920378,6.906829347213109,0.4447428385416667,0.15051667392253876,-0.0010718252999746861,0.9904326796531677,0.2,0.013762764632701874
724992,7114,999.15,1299.63515212,59,101,5e-05,10340,0.041238673,0.06977206559386104,6.919343931476275,0.4267171223958333,0.15043669939041138,-0.0010969515870480487,0.9933574795722961,0.2,0.022100133821368217
737280,7117,999.15,1296.42504825,60,103,5e-05,10350,0.04362912,0.20897524311828117,6.9307983746131265,0.43185221354166664,0.1503373235464096,-0.002089990310196299,0.9587154388427734,0.2,0.04753643646836281
749568,7120,999.15,1295.83557797,61,105,5e-05,10360,0.04200576,0.07899994288260738,6.942081589500109,0.4511311848958333,0.1501857489347458,0.0038972334189262864,0.9895748496055603,0.2,0.023812178522348404
761856,7124,999.15,1298.25051311,62,106,5e-05,10370,0.05148107,2.6577338004795212,6.952484565973282,0.48597819010416665,0.15010841190814972,0.0002669336182104113,0.7510778307914734,0.2,0.12587696313858032
774144,7124,995.2,1296.5093433,63,108,5e-05,10380,0.04456031,0.12087152741538981,6.955229814847311,0.4527099609375,0.1500619500875473,-0.0012004103152624642,0.9889337420463562,0.2,0.04545178264379501
786432,7120,987.4,1284.8505614800001,64,110,5e-05,10390,0.042525154,2.54172121003891,6.9570337474346164,0.4505859375,0.14995796978473663,0.0010261351511871909,0.9365742802619934,0.2,0.10912421345710754
798720,7119,987.4,1284.7667762600001,65,112,5e-05,10400,0.05841166,3.292916180100292,6.959917212526004,0.5010823567708333,0.14989182353019714,0.006430472794454545,0.9495412111282349,0.2,0.2797769010066986
811008,7121,987.4,1284.47890942,66,113,5e-05,10410,0.053567797,0.24417468936493,6.96378294924895,0.4894775390625,0.1498652845621109,0.002791038914195572,0.9771708250045776,0.2,0.0769660472869873
823296,7125,987.4,1284.04199324,67,115,5e-05,10420,0.042432565,0.10155307930738976,6.97498229543368,0.47080891927083335,0.14968036115169525,0.0017764166065414126,0.9937394857406616,0.2,0.030857346951961517
835584,7127,987.4,1285.55891104,68,117,5e-05,10430,0.043005884,0.17810994470492006,6.991049714883169,0.451318359375,0.14949508011341095,-0.0021376450114379015,0.9852030277252197,0.2,0.06348618865013123
847872,7130,987.4,1284.6352648700001,69,118,5e-05,10440,0.041679278,0.10781318734710416,7.000868719816208,0.44325358072916665,0.149413600564003,-0.0009393549708571906,0.9911952614784241,0.2,0.045842498540878296
860160,7133,987.4,1286.72760555,70,120,5e-05,10450,0.041405708,0.07781070823936413,7.011615479985873,0.4148193359375,0.14926588535308838,-0.00048633263941155747,0.9952865242958069,0.2,0.003113294020295143
872448,7134,987.4,1283.3406538699999,71,122,5e-05,10460,0.03861673,0.10850477488711477,7.019505111376445,0.415576171875,0.149195596575737,-0.0018988344168368106,0.9896079897880554,0.2,0.0362987145781517
884736,7125,995.41,1296.2542744999998,72,124,5e-05,10470,0.03729367,0.08916803530106941,7.022678487499555,0.41383463541666665,0.14906974136829376,-0.0006671412183398691,0.9871336221694946,0.2,0.0422101654112339
897024,7115,987.76,1289.9712316200003,73,126,5e-05,10480,0.033861514,1.8344060552306474,7.025484863917033,0.43805338541666666,0.14904214441776276,-0.0032949273037957026,0.9135627150535583,0.2,0.32398250699043274
909312,7113,983.16,1285.81816677,74,127,5e-05,10490,0.04722439,0.9944315707155814,7.035790073871612,0.46111653645833334,0.14887408912181854,0.0018694769911235198,0.9800297021865845,0.2,0.04459754005074501
921600,7111,983.16,1289.61966295,75,129,5e-05,10500,0.049951438,1.5807070098506908,7.0465934664011005,0.464306640625,0.14880020916461945,-0.000591538435643694,0.9663105607032776,0.2,0.30976465344429016
933888,7114,974.06,1279.46964875,76,131,5e-05,10510,0.053923756,0.14033758132718505,7.0608210295438765,0.4890055338541667,0.14851461350917816,0.0027314051277547453,0.9813907742500305,0.2,0.0470016673207283
946176,7117,974.06,1280.29718047,77,132,5e-05,10520,0.04282415,7.351179849480589,7.070618255933126,0.4275390625,0.14848573505878448,-0.0025927960414264817,0.9572052359580994,0.2,4.351711750030518
958464,7120,974.06,1279.64933339,78,134,5e-05,10530,0.05246469,0.1513341392079989,7.076184192299843,0.49151204427083334,0.14840440452098846,0.003219666519726161,0.9877926707267761,0.2,0.05705057084560394
970752,7123,974.06,1281.1270824700002,79,136,5e-05,10540,0.04316319,0.6814275819342583,7.082658412059148,0.49813639322916664,0.14832693338394165,0.008369625795360965,0.8375359177589417,0.2,0.3006621301174164
983040,7125,978.65,1283.89073691,80,137,5e-05,10550,0.048746515,0.07599179916239034,7.095669511953989,0.46539713541666666,0.14829516410827637,0.005459106876514852,0.992378294467926,0.2,0.031532078981399536
995328,7127,973.21,1276.23179033,81,139,5e-05,10560,0.05180191,0.26240057496664426,7.1002995272477465,0.49834798177083334,0.14831820130348206,0.0020536312214971984,0.8612097501754761,0.2,0.08630402386188507
1007616,7131,977.81,1283.1904452600002,82,141,5e-05,10570,0.055571515,2.990533024709051,7.10006365776062,0.47223307291666666,0.14825554192066193,-5.1941878336947414e-05,0.9390413165092468,0.2,1.8499300479888916
1019904,7133,977.76,1280.9136650799999,83,142,5e-05,10580,0.04938964,1.0185525354774048,7.098593312501907,0.50927734375,0.14836309850215912,0.004161934972216841,0.8374752402305603,0.2,0.8604593873023987
1032192,7134,978.56,1279.00775417,84,144,5e-05,10590,0.04696257,3.7808486981938283,7.101038933793704,0.464013671875,0.14824852347373962,-0.004235954316633676,0.929899275302887,0.2,1.2150816917419434
1044480,7133,978.56,1278.5929917400001,85,146,5e-05,10600,0.054938152,0.2385265051542471,7.1123604128758116,0.5398111979166667,0.1480685919523239,0.010736794607752623,0.9786364436149597,0.2,0.07865975797176361
1056768,7135,978.56,1279.3909814600001,86,148,5e-05,10610,0.04939926,0.12534519142160813,7.136270036300023,0.45821940104166664,0.14760281145572662,-0.0014877258353711417,0.9902870655059814,0.2,0.05141858011484146
1069056,7137,978.56,1278.1617286800001,87,149,5e-05,10620,0.046100423,0.09168755363983412,7.156085308392843,0.44671223958333334,0.1473914235830307,0.002294608195370529,0.9953029751777649,0.2,0.025393592193722725
1081344,7139,978.56,1275.0120953,88,151,5e-05,10630,0.042727347,0.10659337334024409,7.166553068161011,0.44468587239583335,0.1473170518875122,-0.0009883393378307423,0.9931660890579224,0.2,0.024483006447553635
1093632,7142,983.46,1281.0889449200001,89,153,5e-05,10640,0.045517188,0.10528532612758378,7.177424176534017,0.44541015625,0.1472206711769104,-0.0011320800137279245,0.9939265847206116,0.2,0.043615952134132385
1105920,7144,983.46,1279.88446368,90,154,5e-05,10650,0.04552109,3.1642197178521503,7.180635163187981,0.447314453125,0.14716418087482452,0.0014218538165247689,0.9391809105873108,0.2,0.16212111711502075
1118208,7146,991.81,1288.4832254799999,91,156,5e-05,10660,0.050106317,0.15793773215264081,7.183843306700388,0.46810709635416664,0.14719556272029877,-0.0012086401431588456,0.9855352640151978,0.2,0.027840562164783478
1130496,7147,991.81,1291.01620029,92,158,5e-05,10670,0.045234814,0.11131058079190552,7.186305163304011,0.4559733072916667,0.14720353484153748,7.51025349018164e-05,0.9900625348091125,0.2,0.05001245439052582
1142784,7145,991.81,1290.2234521799999,93,159,5e-05,10680,0.04350822,0.08748383504959444,7.197680476307869,0.4323323567708333,0.14689168334007263,-0.0009110261239887525,0.9903538823127747,0.2,0.0205986425280571
1155072,7147,991.81,1289.98824885,94,161,5e-05,10690,0.04026472,0.10636634492936234,7.217242889602979,0.43502604166666664,0.14670561254024506,-0.0016482687409734354,0.9925174117088318,0.2,0.04321424663066864
1167360,7149,989.26,1289.2211332699999,95,163,5e-05,10700,0.039877295,0.0680563664296642,7.229947657386462,0.4181722005208333,0.1465633660554886,-0.001434982735857678,0.9958277940750122,0.2,0.004390854388475418
1179648,7151,989.26,1292.15846434,96,164,5e-05,10710,0.048884794,1.3449447775570056,7.239084330201149,0.44619140625,0.14643089473247528,-0.0009350231950520538,0.9585354924201965,0.2,1.613379955291748
1191936,7153,997.45,1305.48177233,97,166,5e-05,10720,0.050602544,0.11904347223850588,7.252808292706807,0.45595703125,0.14624334871768951,0.0007711554353591055,0.9918862581253052,0.2,0.06622427701950073
1204224,7154,997.45,1306.1834032700003,98,168,5e-05,10730,0.048771724,0.11450360546198984,7.25821143190066,0.4599202473958333,0.1461782157421112,-0.00027704731037374585,0.9916359782218933,0.2,0.045490607619285583
1216512,7155,997.45,1302.83781748,99,170,5e-05,10740,0.04564477,0.35513976245808104,7.258610885341962,0.46246744791666666,0.14628086984157562,-0.0013011582947607774,0.9624474048614502,0.2,0.0895729586482048
1228800,7156,997.45,1304.96372586,100,171,5e-05,10750,0.039742276,0.09353863929864019,7.261978617310524,0.4557291666666667,0.14622032642364502,0.0027580202149692923,0.9869896173477173,0.2,0.031489722430706024
1241088,7156,997.45,1301.59102221,101,173,5e-05,10760,0.04307435,0.09324192532803863,7.282600823044777,0.46337890625,0.14585387706756592,0.0014175548809968557,0.9937422871589661,0.2,0.027747739106416702
1253376,7156,997.45,1298.24974115,102,175,5e-05,10770,0.05268854,0.47278581362528105,7.309240233898163,0.47054850260416664,0.1455412060022354,0.001523216686230929,0.9516505599021912,0.2,0.35162651538848877
1265664,7158,1000.0,1301.19948583,103,176,5e-05,10780,0.0532781,0.2867154568433762,7.320943238337835,0.46892903645833334,0.14560067653656006,-0.0007394644402666017,0.964702308177948,0.2,0.07096779346466064
1277952,7159,1000.0,1302.74449461,104,178,5e-05,10790,0.041907907,0.11114482398455341,7.326609414815903,0.42132161458333334,0.14550326764583588,-0.001948951008428897,0.9900050759315491,0.2,0.04435107856988907
1290240,7161,1000.0,1306.63562984,105,180,5e-05,10800,0.040448207,0.11677299006842076,7.337665861845016,0.42013346354166664,0.14525096118450165,-0.00041933086273881294,0.9899631142616272,0.2,0.038570765405893326
1302528,7162,994.12,1296.65627269,106,181,5e-05,10810,0.040223602,0.08413334701520701,7.354608621199926,0.431494140625,0.1449747532606125,-0.0012440383560412252,0.9904263019561768,0.2,0.03724490478634834
1314816,7164,994.12,1300.3994484000002,107,183,5e-05,10820,0.04730663,0.9360741010090957,7.365023260315259,0.4555257161458333,0.1449136734008789,0.0008128986286465078,0.9270310997962952,0.2,0.05458318442106247
1327104,7165,994.12,1297.84645289,108,185,5e-05,10830,0.046324547,0.10457273523012797,7.370470714569092,0.47784016927083334,0.1447961926460266,0.0048980628266387305,0.9931460618972778,0.2,0.036199845373630524
1339392,7166,994.12,1302.97165026,109,186,5e-05,10840,0.04942991,1.2601711953990162,7.379994477828344,0.49005533854166666,0.14468275010585785,-0.0015578118967823685,0.9020602107048035,0.2,0.31793010234832764
1351680,7168,994.12,1307.53381898,110,188,5e-05,10850,0.04700247,0.14159281270888943,7.3908999979496,0.47689615885416664,0.14465577900409698,0.0031130988922086545,0.9930357336997986,0.2,0.058062594383955
1363968,7168,994.12,1307.71576447,111,190,5e-05,10860,0.04378968,0.08069524065746615,7.4005512227614725,0.435400390625,0.14445000886917114,9.942099616940443e-05,0.9955561757087708,0.2,0.0322381816804409
1376256,7169,994.12,1308.4003206500001,112,191,5e-05,10870,0.03896625,0.07404209754895419,7.414726638793946,0.4126383463541667,0.14428861439228058,0.0011807879942352883,0.9914814829826355,0.2,0.0172576867043972
1388544,7170,994.12,1305.73396448,113,193,5e-05,10880,0.039383665,0.09140839296548317,7.4262165000041325,0.42291666666666666,0.1442013829946518,-0.0011795514243810128,0.9916242361068726,0.2,0.0729111060500145
1400832,7172,994.12,1306.2363037200003,114,195,5e-05,10890,0.0377483,0.0796497447260966,7.431924369931221,0.4230224609375,0.14418275654315948,-0.0014787752127934557,0.9913402199745178,0.2,0.027707919478416443
1413120,7173,1000.0,1314.9080700099998,115,196,5e-05,10900,0.044586316,0.08310263766131053,7.44831913014253,0.43681640625,0.1438041627407074,-0.0016776448397043471,0.995980978012085,0.2,0.011411499232053757
1425408,7175,994.32,1307.07124269,116,198,5e-05,10910,0.04448834,0.19374592743503552,7.465344120065371,0.4558186848958333,0.1436505913734436,-0.0037489403097424657,0.9874838590621948,0.2,0.04369374364614487
1437696,7176,990.29,1300.27163103,117,200,5e-05,10920,0.041868508,1.0354259831675638,7.470295262336731,0.45201009114583335,0.14363832771778107,0.00031281201033076894,0.9246436357498169,0.2,0.6261169910430908
1449984,7176,990.29,1300.5749970999998,118,202,5e-05,10930,0.05157259,2.5533881047274916,7.478441487749418,0.4697184244791667,0.14346329867839813,0.001987944371649064,0.9249940514564514,0.2,0.18419882655143738
1462272,7178,990.29,1301.92897159,119,203,5e-05,10940,0.04178798,0.08259758666778604,7.490312620004018,0.4648681640625,0.14332439005374908,0.0027263331421030065,0.9926820397377014,0.2,0.04295095056295395
1474560,7179,984.64,1292.92964798,120,205,5e-05,10950,0.04532298,0.6763568921169887,7.49759646554788,0.4975830078125,0.14328019320964813,-0.0005920130640636974,0.8503069281578064,0.2,0.04992668703198433
1486848,7179,984.64,1292.41644436,121,207,5e-05,10960,0.063679375,2.087640732526779,7.503467453519503,0.520361328125,0.14323221147060394,0.0020761950057931245,0.9574419260025024,0.2,0.33795487880706787
1499136,7180,975.51,1277.23583047,122,208,5e-05,10970,0.05455442,0.1345762902094672,7.500076184670131,0.49420572916666666,0.1433742195367813,0.005478986194793834,0.9906235337257385,0.2,0.04945090413093567
1511424,7181,975.51,1276.21745332,123,210,5e-05,10980,0.056941506,2.534990055548648,7.497213393449783,0.48345540364583334,0.14331574738025665,0.0003043689338179926,0.9133371114730835,0.2,1.2120418548583984
1523712,7182,976.73,1283.9271901399998,124,212,5e-05,10990,0.048611924,0.1240887838260581,7.51182363430659,0.48793131510416665,0.14308500289916992,0.0034723267977824434,0.9922709465026855,0.2,0.05383462458848953
1536000,7183,962.06,1264.33362166,125,213,5e-05,11000,0.06368154,1.6308418655147154,7.520460108915965,0.5007893880208333,0.14301781356334686,0.000426329417192998,0.9309935569763184,0.2,0.12763680517673492
1548288,7184,952.83,1250.39611865,126,215,5e-05,11010,0.064621925,2.303781400776158,7.524928606549898,0.5111165364583333,0.14300191402435303,3.6576466906505324e-05,0.9423130750656128,0.2,0.6340455412864685
1560576,7185,952.83,1250.2189480399998,127,217,5e-05,11020,0.06406354,6.488370693661272,7.528602824608485,0.5310384114583333,0.1429155468940735,0.0015921850950689985,0.8943123817443848,0.2,3.093878984451294
1572864,7186,958.48,1256.9131548199998,128,218,5e-05,11030,0.057457253,0.11287219582591206,7.528707425793012,0.54208984375,0.1428714394569397,0.008259047881680696,0.9798804521560669,0.2,0.02372710593044758
1585152,7186,958.48,1257.8680385300001,129,220,5e-05,11040,0.046943564,0.11878128595805416,7.541074218352636,0.4987548828125,0.14256037771701813,0.003422898871212965,0.9847365617752075,0.2,0.024802207946777344
1597440,7184,967.61,1270.1072033300002,130,222,5e-05,11050,0.049018774,0.21131640680444738,7.560227435827255,0.48399251302083335,0.1423605978488922,-0.00037660007753099003,0.9806249737739563,0.2,0.1443432867527008
1609728,7185,967.61,1268.75550532,131,224,5e-05,11060,0.04938491,0.10273114573210478,7.578458021084468,0.4603190104166667,0.14217932522296906,-0.0004473986172039683,0.9920127391815186,0.2,0.07209214568138123
1622016,7185,976.1,1278.92129981,132,225,5e-05,11070,0.04183234,0.08171395685834189,7.58973625699679,0.44400227864583336,0.1421409696340561,-0.0002313730326325943,0.9938015341758728,0.2,0.012773420661687851
1634304,7187,990.77,1298.89827281,133,227,5e-05,11080,0.05860436,0.3077696109190583,7.590194245179494,0.4959635416666667,0.14221113920211792,0.007825007082525795,0.9368396401405334,0.2,0.03366195410490036
1646592,7188,1000.0,1312.6543548599998,134,229,5e-05,11090,0.051651284,0.0858631267445162,7.596981527407964,0.4625651041666667,0.14201544225215912,0.0004074876288844583,0.9847666621208191,0.2,0.03372591733932495
1658880,7188,991.85,1299.5542283900002,135,230,5e-05,11100,0.03968112,0.11468127070305248,7.613181720177333,0.4477132161458333,0.14173875749111176,0.0009086699710072328,0.9919529557228088,0.2,0.059907205402851105
1671168,7189,991.85,1299.83493722,136,232,5e-05,11110,0.042110372,1.7271914425616464,7.61650099058946,0.5108561197916667,0.14187778532505035,0.007334057354213049,0.951971709728241,0.2,0.5205784440040588
1683456,7189,991.85,1300.14934406,137,234,5e-05,11120,0.048056975,0.4422735777217895,7.61705277065436,0.48843587239583336,0.14177198708057404,0.0013859953527571634,0.9035560488700867,0.2,0.06537267565727234
1695744,7190,989.19,1297.5771281999998,138,235,5e-05,11130,0.04952209,0.13579448797584823,7.631649685899417,0.47495930989583335,0.14151418209075928,-0.0006934676557042015,0.9749159216880798,0.2,0.03591243177652359
1708032,7192,989.19,1300.61440956,139,237,5e-05,11140,0.06900328,0.35667410199530425,7.649763565262159,0.5121175130208333,0.14131994545459747,0.010441973818039211,0.986489474773407,0.2,0.14099262654781342
1720320,7192,989.19,1302.67691842,140,239,5e-05,11150,0.043774907,0.08895034578939279,7.6644988814989725,0.455859375,0.1412397176027298,0.000602627402501336,0.9911904335021973,0.2,0.020763803273439407
1732608,7193,989.19,1303.00507663,141,240,5e-05,11160,0.042021424,0.10003475605820616,7.680861266454061,0.437353515625,0.14093929529190063,-0.001422343840628552,0.9876601099967957,0.2,0.03176137059926987
1744896,7194,989.19,1301.4626476,142,242,5e-05,11170,0.04520489,0.17195760056686898,7.698051108916601,0.46807454427083334,0.1407991349697113,-0.0013627704815007747,0.9882736802101135,0.2,0.06996896117925644
1757184,7194,991.2,1300.34260206,143,244,5e-05,11180,0.049750596,0.10205876828792194,7.7116633226474125,0.46780598958333336,0.14065581560134888,0.0011001815767182658,0.9911583662033081,0.2,0.017717532813549042
1769472,7195,994.63,1302.70680277,144,245,5e-05,11190,0.046437036,0.8825447395443916,7.725251272320747,0.4822916666666667,0.14052370190620422,-0.0004272302893999343,0.9262581467628479,0.2,0.15489044785499573
1781760,7196,994.63,1301.8316272000002,145,247,5e-05,11200,0.05794603,0.12551853864764173,7.738478678464889,0.4896158854166667,0.14047576487064362,0.0048664974310668185,0.9768920540809631,0.2,0.04748549684882164
1794048,7196,987.34,1292.58782488,146,249,5e-05,11210,0.04641233,0.09295548972052832,7.755652964115143,0.46844075520833334,0.1402679830789566,0.004090486704565895,0.9924882054328918,0.2,0.04291674494743347
1806336,7197,981.75,1281.5441029200001,147,250,5e-05,11220,0.14323999,0.33353799070852497,7.766872345407804,0.5041585286458333,0.140191450715065,0.004081462817218077,0.9777325987815857,0.2,0.12362495809793472
1818624,7196,981.75,1281.03339702,148,252,5e-05,11230,0.074531965,0.4098280490531276,7.776147064566612,0.5064778645833333,0.140098437666893,0.0036304260701096307,0.9697672128677368,0.2,0.07308100908994675
1830912,7197,981.75,1278.8040695099999,149,254,5e-05,11240,0.053597003,0.09348911495568851,7.7884347687164945,0.46600748697916666,0.13984473049640656,0.0015413866819775043,0.9929943084716797,0.2,0.03264317288994789
1843200,7198,975.98,1271.4034575699998,150,256,5e-05,11250,0.042333838,0.24174781378048163,7.806872566541036,0.4444580078125,0.13958673179149628,-0.0037585210845766897,0.9660766124725342,0.2,0.10599787533283234
1855488,7198,971.87,1268.75839328,151,257,5e-05,11260,0.050400954,0.5159383291068177,7.824815950791041,0.47451985677083336,0.13939093053340912,0.003435404201930699,0.967423141002655,0.2,0.09872464835643768
1867776,7199,960.18,1253.70972524,152,259,5e-05,11270,0.05380057,0.6884650895372033,7.834787034988404,0.51611328125,0.1394709348678589,0.01080164199520368,0.977764368057251,0.2,0.19559548795223236
1880064,7195,960.18,1255.35177895,153,261,5e-05,11280,0.058123756,0.5442613330824921,7.82937842408816,0.5003987630208333,0.13939771056175232,0.005702687990560662,0.9932934641838074,0.2,0.24768228828907013
1892352,7196,967.41,1265.78210456,154,262,5e-05,11290,0.07702496,0.19961398664551477,7.8341236263513565,0.5312662760416667,0.13924291729927063,0.008925757660957363,0.8717962503433228,0.2,0.07486601918935776
1904640,7196,973.0,1275.6600175100002,155,264,5e-05,11300,0.05122988,1.1632013198298712,7.833879194657007,0.48406575520833334,0.13929863274097443,0.00030905901294318026,0.9479947686195374,0.2,0.1099545806646347
1916928,7195,973.0,1277.08766353,156,266,5e-05,11310,0.04618608,0.11526370053179562,7.837061542272568,0.48634440104166665,0.13907139003276825,0.006741277610126417,0.9859489798545837,0.2,0.04567970335483551
1929216,7194,965.81,1266.0955108500002,157,268,5e-05,11320,0.050418664,0.11742841185381016,7.855040715138117,0.4825358072916667,0.13886712491512299,0.003044164272917745,0.9905378818511963,0.2,0.013754697516560555
1941504,7194,971.58,1275.4789376400001,158,269,5e-05,11330,0.044313293,0.6431166622632494,7.862445866068204,0.48045247395833335,0.1388743370771408,0.005359222378077296,0.9865092635154724,0.2,0.15715044736862183
1953792,7194,974.97,1281.60260953,159,271,5e-05,11340,0.047805194,0.1001065295888111,7.87339889506499,0.4511311848958333,0.13866418600082397,-8.83883122393551e-05,0.9811291098594666,0.2,0.015778575092554092
1966080,7195,972.94,1281.12493552,160,273,5e-05,11350,0.0647614,1.3419046504112582,7.877845056851705,0.54111328125,0.13880790770053864,0.004329407408173817,0.9261031150817871,0.2,0.9966469407081604
1978368,7196,972.94,1282.0547063400002,161,274,5e-05,11360,0.056050073,0.34257896452521286,7.863590756058693,0.5201416015625,0.1388980746269226,0.008694208345453565,0.9907800555229187,0.2,0.20193170011043549
1990656,7196,975.66,1286.48755802,162,276,5e-05,11370,0.047765326,0.13158000982366502,7.86743945578734,0.4919840494791667,0.1387898176908493,0.0055746361763643415,0.9752574563026428,0.2,0.0469658300280571
2002944,7196,975.66,1281.9736107,163,278,5e-05,11380,0.0500146,1.178944988672932,7.873583407203356,0.5003336588541667,0.13874496519565582,0.0026390772162509773,0.841658353805542,0.2,0.06623786687850952
2015232,7196,963.99,1266.5750114100001,164,280,5e-05,11390,0.05519414,0.13978511334086458,7.877536521355311,0.4988606770833333,0.1387053281068802,0.003769939119229093,0.981630802154541,0.2,0.057921528816223145
2027520,7197,971.18,1279.57925043,165,281,5e-05,11400,0.048223514,0.8065594935479263,7.873850508530935,0.4814534505208333,0.13882485032081604,0.007986904800418415,0.9915326833724976,0.2,0.21894675493240356
2039808,7196,971.18,1279.45805112,166,283,5e-05,11410,0.044313878,0.08182321938996513,7.878966769576072,0.47401529947916665,0.13861782848834991,0.0036254400033309746,0.9865437746047974,0.2,0.03568200021982193
2052096,7197,974.61,1284.9328686000001,167,285,5e-05,11420,0.04263341,0.0811024786826844,7.905888525644938,0.45839029947916665,0.138339564204216,-0.0003378951073197337,0.9918030500411987,0.2,0.03425518423318863
2064384,7198,988.33,1303.07485962,168,286,5e-05,11430,0.048793077,0.1384788318381955,7.921536383032799,0.46791178385416665,0.13831724226474762,0.0022289802460970045,0.9833049178123474,0.2,0.0701385959982872
2076672,7198,988.33,1300.61378948,169,288,5e-05,11440,0.05849244,0.1799816288985312,7.923882177472114,0.4759440104166667,0.1384487748146057,0.003638317995258452,0.9810818433761597,0.2,0.08941909670829773
2088960,7199,988.33,1302.08002751,170,290,5e-05,11450,0.045067247,0.09935218645259739,7.928641653060913,0.457568359375,0.138258159160614,0.0036965322554654754,0.9838228225708008,0.2,0.04605269432067871
2101248,7199,988.33,1305.62577366,171,291,5e-05,11460,0.039092038,0.07686413630532722,7.934831485152245,0.4379638671875,0.13819949328899384,0.0018875943855770553,0.9893973469734192,0.2,0.022064674645662308
2113536,7200,992.46,1314.19586549,172,293,5e-05,11470,0.044058364,0.0685167309207221,7.940603485703468,0.44180501302083336,0.13810963928699493,0.0006662868264053638,0.991122841835022,0.2,0.03119989112019539
2125824,7200,992.46,1310.28841779,173,295,5e-05,11480,0.03855363,0.6036261249799282,7.950462560852369,0.47006022135416664,0.13796432316303253,-0.0004403924928434814,0.9481483697891235,0.2,0.042042382061481476
2138112,7200,992.46,1308.9282287400001,174,296,5e-05,11490,0.04989904,0.09055350725539028,7.965982383489608,0.47872721354166664,0.13778920471668243,0.003632770117352872,0.9850751757621765,0.2,0.027332399040460587
2150400,7201,984.07,1296.06893281,175,298,5e-05,11500,0.043707747,0.08648934694938362,7.981032226483027,0.45556640625,0.13756661117076874,0.002356913901652054,0.9914534091949463,0.2,0.02323182485997677
2162688,7202,981.77,1292.0920173399995,176,300,5e-05,11510,0.046050657,1.4417648764171949,7.992793778578441,0.46649576822916666,0.13746404647827148,-0.005150178515759762,0.9449734091758728,0.2,0.06065405532717705
2174976,7202,981.77,1290.27767957,177,301,5e-05,11520,0.056368638,0.3259176254738122,7.998037012418111,0.5123372395833333,0.137431800365448,0.005429377467468536,0.9781466722488403,0.2,0.06403094530105591
2187264,7203,981.77,1289.5746941900002,178,303,5e-05,11530,0.048802186,0.08262265293548504,8.006933518250783,0.468505859375,0.1373489648103714,0.004049572747317143,0.9922201037406921,0.2,0.035238660871982574
2199552,7203,981.77,1289.80523225,179,305,5e-05,11540,0.038786724,0.0966447329459091,8.021055607000987,0.4555582682291667,0.13713662326335907,-0.0009207114664604888,0.9924784302711487,0.2,0.028853703290224075
2211840,7203,981.16,1286.3185861900001,180,307,5e-05,11550,0.079348184,0.24325377742449442,8.019941665728886,0.5461751302083333,0.13737161457538605,0.015498816919474242,0.9645671248435974,0.2,0.057094089686870575
2224128,7204,977.05,1280.8061679300001,181,308,5e-05,11560,0.056465168,4.496665702884396,8.011668000618617,0.5168701171875,0.1373283416032791,0.002975155950116459,0.9537354707717896,0.2,2.6486074924468994
2236416,7204,974.57,1278.7141097899998,182,310,5e-05,11570,0.05586298,0.8836288914394875,8.013153435786565,0.48997395833333335,0.1372862607240677,-0.0024516677163774147,0.9565974473953247,0.2,0.6679652333259583
2248704,7205,982.96,1290.37539091,183,312,5e-05,11580,0.0594593,2.1254098526823024,8.014859294891357,0.5187662760416667,0.13724853098392487,0.007030294410166486,0.9378650784492493,0.2,0.7438461184501648
2260992,7205,985.26,1294.0444021,184,313,5e-05,11590,0.063991696,0.1907277360248069,8.021395673354467,0.5334635416666667,0.13718931376934052,0.003663661515747663,0.9725122451782227,0.2,0.0784270167350769
2273280,7206,981.32,1291.2576007800003,185,315,5e-05,11600,0.054554015,0.4734117961799105,8.014282464981079,0.5058186848958334,0.13738740980625153,0.005670762757896834,0.9850166440010071,0.2,0.23884570598602295
2285568,7206,981.32,1290.50376053,186,317,5e-05,11610,0.04694796,0.09012808255696049,8.01329418818156,0.47958984375,0.13724657893180847,0.0033074427614337766,0.9982829093933105,0.2,0.03834673762321472
2297856,7207,981.32,1289.19501775,187,318,5e-05,11620,0.04517311,0.07338222082859526,8.028688269853593,0.45657552083333336,0.13698884844779968,0.00135771958642484,0.9907487034797668,0.2,0.0370602086186409
2310144,7207,989.47,1300.52755369,188,320,5e-05,11630,0.041236173,0.08785843679215759,8.046850663423537,0.4394124348958333,0.13684579730033875,-0.0003324105656550576,0.9872143268585205,0.2,0.029839396476745605
2322432,7208,993.58,1307.0420588499999,189,322,5e-05,11640,0.06109478,0.26543493030282356,8.044532791773479,0.5064778645833333,0.13695257902145386,0.010488284698900922,0.9594311714172363,0.2,0.08888109028339386
2334720,7208,990.16,1302.49471828,190,323,5e-05,11650,0.050080806,0.09003632359672338,8.04226649403572,0.4791341145833333,0.13696515560150146,0.0006208927879924886,0.9813055992126465,0.2,0.04755184054374695
2347008,7208,990.16,1301.53448618,191,325,5e-05,11660,0.06621485,0.4449715386144817,8.047092183430989,0.47097981770833336,0.13687467575073242,0.0040713499280779315,0.9835284352302551,0.2,0.10929792374372482
2359296,7208,990.16,1302.2380424199998,192,327,5e-05,11670,0.049402315,0.07316902075738957,8.063028391202291,0.471044921875,0.1366049349308014,0.004098737352857522,0.9926589131355286,0.2,0.019114535301923752
2371584,7208,994.1,1306.4101504599998,193,328,5e-05,11680,0.04356282,0.07912259759226194,8.08391874631246,0.46966959635416666,0.1363879293203354,-0.00011242959590163082,0.9921712875366211,0.2,0.0240413099527359
2383872,7209,994.1,1304.88895091,194,330,5e-05,11690,0.042955775,0.18460093117319049,8.09132131934166,0.4593912760416667,0.13642629981040955,-0.0019674093258799986,0.9834738969802856,0.2,0.048076167702674866
2396160,7209,988.99,1295.12680266,195,332,5e-05,11700,0.053281754,0.12564927224690717,8.09951922694842,0.4619384765625,0.1362677663564682,0.00035108696271587785,0.9834039807319641,0.2,0.07340750098228455
2408448,7210,988.99,1296.0562551399998,196,334,5e-05,11710,0.043558877,1.439886404418697,8.10563566684723,0.47353515625,0.13627469539642334,0.0011945072750677356,0.9353592991828918,0.2,0.27227482199668884
2420736,7210,988.99,1295.06548808,197,335,5e-05,11720,0.048669558,0.2842101392025749,8.101513824860255,0.47967936197916666,0.13634991645812988,0.0023132404562299295,0.9589041471481323,0.2,0.04757468402385712
2433024,7210,994.89,1302.37406255,198,337,5e-05,11730,0.06509126,0.14836904507440826,8.10449720819791,0.49185384114583336,0.1361292153596878,0.001740208943253189,0.9871033430099487,0.2,0.059774696826934814
2445312,7211,992.88,1297.5580674300002,199,339,5e-05,11740,0.057179764,0.11566402051442613,8.113513080279033,0.4847005208333333,0.13604460656642914,0.0011814880737802014,0.9904769659042358,0.2,0.053730666637420654
2457600,7211,992.88,1299.38441655,200,340,5e-05,11750,0.05567035,1.8860182156320662,8.12228752374649,0.47610677083333336,0.13590602576732635,0.0013517559588459942,0.9228277802467346,0.2,0.07819617539644241
2469888,7211,992.88,1297.9148452299999,201,342,5e-05,11760,0.045370955,0.10889936541207135,8.13670107126236,0.4798665364583333,0.1357497125864029,0.0026127661049637632,0.9731936454772949,0.2,0.021764129400253296
2482176,7212,992.88,1301.7907890699998,202,344,5e-05,11770,0.05412924,0.17109561470958093,8.141547773281733,0.4753011067708333,0.1358206421136856,0.004153297456893293,0.9858984351158142,0.2,0.0719769299030304
2494464,7211,992.88,1300.70752882,203,345,5e-05,11780,0.051720202,0.18875257913023233,8.154773437976838,0.47427571614583336,0.13543187081813812,0.002411230346964051,0.9785288572311401,0.2,0.10317879915237427
2506752,7211,997.99,1308.50185164,204,347,5e-05,11790,0.04752862,0.11968252966180444,8.164232075214386,0.4491780598958333,0.13550503551959991,0.002666133441380225,0.9861641526222229,0.2,0.04323775693774223
2519040,7212,997.99,1309.4471048700002,205,349,5e-05,11800,0.042632636,0.08229481501039118,8.16811897357305,0.44662272135416664,0.13533572852611542,6.793675929657183e-05,0.9828600883483887,0.2,0.040249790996313095
2531328,7213,989.41,1300.7640188,206,350,5e-05,11810,0.044633273,0.10436714637714127,8.179135366280873,0.45216471354166665,0.13532020151615143,-0.00028275288932491096,0.9851737022399902,0.2,0.025780081748962402
2543616,7213,991.36,1309.05997689,207,352,5e-05,11820,0.03886978,0.9434767927819242,8.184811413288116,0.45882975260416664,0.1352228969335556,-0.004008375427414042,0.9165924787521362,0.2,0.039041582494974136
2555904,7214,991.36,1309.7376623999999,208,354,5e-05,11830,0.05402318,0.18494645250029862,8.182358841101328,0.499853515625,0.13533605635166168,0.013398096773744327,0.9932252764701843,0.2,0.01977555826306343
2568192,7214,991.36,1310.40286325,209,355,5e-05,11840,0.03949442,0.07901581195959201,8.178976064920425,0.46456705729166664,0.13523899018764496,0.004535986983440429,0.9908957481384277,0.2,0.025050953030586243
2580480,7215,991.36,1309.7422260899998,210,357,5e-05,11850,0.044002313,0.08249890027412524,8.195542983214061,0.4661946614583333,0.1350240707397461,0.0002993571397382766,0.9904425740242004,0.2,0.011542990803718567
2592768,7215,991.36,1311.3507355300003,211,359,5e-05,11860,0.04020271,0.08193343939104428,8.2189402282238,0.448583984375,0.13464993238449097,0.00045860882237320767,0.9859875440597534,0.2,0.031644415110349655
2605056,7215,991.36,1313.91267812,212,361,5e-05,11870,0.04682243,0.08674104274250567,8.238704655567805,0.452197265625,0.13455264270305634,0.0002195768635525989,0.9877550601959229,0.2,0.017420008778572083
2617344,7216,991.36,1311.5713532700001,213,362,5e-05,11880,0.04591863,0.10128377021756023,8.259467967351277,0.44003092447916664,0.1342092752456665,-0.002123399681780332,0.9925445318222046,0.2,0.046904824674129486
2629632,7216,999.94,1324.3984364200003,214,364,5e-05,11890,0.040978365,0.09867664414147535,8.285036393006642,0.4416259765625,0.1339935064315796,-0.0005797113612061366,0.9889971613883972,0.2,0.0378701314330101
2641920,7216,1000.0,1322.37959648,215,366,5e-05,11900,0.043911148,0.05939035940294465,8.294416004419327,0.4477620442708333,0.1340360790491104,-0.0007563766145419019,0.9926456809043884,0.2,0.031237781047821045
2654208,7216,988.38,1304.23137706,216,367,5e-05,11910,0.045123447,0.07805207006167621,8.305952992041906,0.44253743489583336,0.13372202217578888,0.00033666771778371183,0.9927981495857239,0.2,0.024235595017671585
2666496,7217,988.38,1302.5881880099998,217,369,5e-05,11920,0.049874295,1.4615034162222098,8.320868756373724,0.485009765625,0.13366928696632385,-0.0017996109934756532,0.9161548614501953,0.2,0.5221613049507141
2678784,7217,988.38,1303.0729544,218,371,5e-05,11930,0.052255124,0.07944384381019821,8.326276814937591,0.4837727864583333,0.13369853794574738,0.004365229861771998,0.986085057258606,0.2,0.020746786147356033
2691072,7217,988.38,1303.5894911700002,219,372,5e-05,11940,0.049710855,0.06637002662755549,8.334598467747371,0.4817626953125,0.13343854248523712,0.0013002614000773367,0.9869021773338318,0.2,0.021602120250463486
2703360,7218,982.17,1294.04287828,220,374,5e-05,11950,0.052015778,0.0541775394231081,8.35508464574814,0.4653564453125,0.13317495584487915,0.0032634868218641105,0.9910461902618408,0.2,0.0028799958527088165
2715648,7218,976.93,1288.18478351,221,376,5e-05,11960,0.060608808,0.16812592102214693,8.357476355632146,0.54169921875,0.13329146802425385,0.017548928143029722,0.9911404848098755,0.2,0.07551011443138123
2727936,7218,976.93,1286.53533149,222,377,5e-05,11970,0.06614494,0.2738159419658283,8.350407944122951,0.4775472005208333,0.13330267369747162,0.01219410147362699,0.9857300519943237,0.2,0.03225461766123772
2740224,7218,976.93,1285.75323871,223,379,5e-05,11980,0.048535198,0.14076762520708144,8.353403880198796,0.468603515625,0.13305030763149261,0.001300998004444409,0.9847677946090698,0.2,0.05555764585733414
2752512,7219,988.55,1299.9465950000001,224,381,5e-05,11990,0.048883203,0.07594218759331853,8.369580852985383,0.46092122395833335,0.13286791741847992,0.0025900855335445764,0.9946433305740356,0.2,0.0019073225557804108
2764800,7219,973.05,1280.2648946699999,225,382,5e-05,12000,0.041647166,0.07351839535403996,8.391731892029444,0.45428059895833334,0.13257594406604767,0.002827409228484612,0.9926690459251404,0.2,0.0226023867726326
2777088,7220,967.23,1272.1103369399998,226,384,5e-05,12010,0.044449687,0.9788642534675698,8.39920534491539,0.4684977213541667,0.13264016807079315,-0.003033383469058511,0.9697627425193787,0.2,0.535210907459259
2789376,7220,964.42,1266.75438002,227,386,5e-05,12020,0.04968728,1.0566853267451128,8.397609595457713,0.49026692708333336,0.13260148465633392,-0.0005386287482300153,0.9690702557563782,0.2,1.1169369220733643
2801664,7220,965.32,1268.6808736399998,228,387,5e-05,12030,0.055868093,0.4665875392345091,8.395450041691463,0.5473958333333333,0.13272163271903992,0.020859653470931033,0.9809085726737976,0.2,0.15472634136676788
2813952,7221,970.56,1276.2937751900001,229,389,5e-05,12040,0.080760725,0.13869344040285797,8.402567021052043,0.55439453125,0.13251884281635284,0.012318121554562822,0.9923825860023499,0.2,0.04945068061351776
2826240,7221,965.11,1264.75354251,230,391,5e-05,12050,0.056161825,0.08496472902285555,8.421448272466659,0.4940104166666667,0.13239097595214844,0.003860512317623943,0.9906119704246521,0.2,0.03547614812850952
2838528,7221,965.11,1263.64740999,231,393,5e-05,12060,0.06247839,0.4287831285657982,8.425769609212875,0.4993977864583333,0.1324271708726883,0.004778996569802985,0.9901567697525024,0.2,0.1951277107000351
2850816,7222,965.11,1264.81487875,232,394,5e-05,12070,0.04822441,0.07344356901012361,8.434370994567871,0.48873697916666664,0.13221783936023712,0.006677671695069875,0.9917651414871216,0.2,0.020567871630191803
2863104,7222,972.9,1275.83579377,233,396,5e-05,12080,0.0443098,0.6249482585117221,8.44144602616628,0.5027913411458333,0.13224218785762787,0.001762202032841742,0.9128718972206116,0.2,0.13770945370197296
2875392,7222,978.72,1285.6317210000002,234,398,5e-05,12090,0.061842594,0.43162098205648364,8.442970224221547,0.5184326171875,0.13218800723552704,0.007347316743592577,0.9916351437568665,0.2,0.08264559507369995
2887680,7223,977.77,1286.76182315,235,399,5e-05,12100,0.05722608,0.11697481704565386,8.449221960703532,0.4937662760416667,0.13218511641025543,0.00690090431162389,0.9417592287063599,0.2,0.06902290880680084
2899968,7223,983.08,1293.14257115,236,401,5e-05,12110,0.054229915,0.2320940128993243,8.448366890350977,0.5116129557291667,0.1320987194776535,0.006800116879943138,0.9932497143745422,0.2,0.10514875501394272
2912256,7223,978.57,1284.14718275,237,403,5e-05,12120,0.055691212,0.1259678763259823,8.447349139054616,0.4820149739583333,0.13211262226104736,0.0032091145427936376,0.9886124730110168,0.2,0.02593120187520981
2924544,7224,984.02,1295.47308222,238,404,5e-05,12130,0.058704536,0.5682609491671126,8.447759185234705,0.4746337890625,0.13211584091186523,-0.0018953525936619068,0.986092746257782,0.2,0.058977048844099045
2936832,7224,984.02,1296.9973498,239,406,5e-05,12140,0.05682829,0.06787279408890753,8.45939889550209,0.4944254557291667,0.13185514509677887,0.006802411059713146,0.9923547506332397,0.2,0.030902370810508728
2949120,7223,984.02,1296.2128441099999,240,408,5e-05,12150,0.05111976,0.08290203168677787,8.47521943449974,0.47317708333333336,0.13178014755249023,0.006588568153286663,0.995778501033783,0.2,0.03548809885978699
2961408,7223,984.44,1296.0657696000003,241,409,5e-05,12160,0.045590054,0.06380614777250836,8.48263659477234,0.4654622395833333,0.13168884813785553,0.0016331075006746688,0.9920164942741394,0.2,0.028263140469789505
2973696,7224,984.44,1295.5097353799997,242,411,5e-05,12170,0.046738386,0.7421647060817729,8.48742554783821,0.48833821614583334,0.13165873289108276,0.0008238170892582275,0.9534727931022644,0.2,0.10334480553865433
2985984,7224,988.2,1301.9373105400002,243,413,5e-05,12180,0.0431006,0.08338449401780963,8.505951472123463,0.474560546875,0.13129495084285736,0.0029516426715417766,0.9874253273010254,0.2,0.025890003889799118
2998272,7224,980.32,1293.70021642,244,414,5e-05,12190,0.046183597,0.10042263094801455,8.530043745040894,0.4709879557291667,0.13104771077632904,0.0024740593798924237,0.9882699251174927,0.2,0.04450797662138939
3010560,7224,984.83,1299.9406065800001,245,416,5e-05,12200,0.047057923,1.2023045049514622,8.540287814537685,0.4849365234375,0.13103647530078888,0.0003004323448597764,0.95062655210495,0.2,0.45083215832710266
3022848,7225,984.83,1299.6773088599998,246,418,5e-05,12210,0.0523705,0.18135491451248525,8.546483490864436,0.5006591796875,0.1308925896883011,0.002951101505216987,0.9470811486244202,0.2,0.052001167088747025
3035136,7225,984.83,1301.9117682100002,247,420,5e-05,12220,0.04999113,0.07279992814486226,8.569209510087967,0.473193359375,0.13056060671806335,0.0012787402204897564,0.9905362725257874,0.2,-0.004683755338191986
3047424,7225,981.64,1300.62864277,248,421,5e-05,12230,0.044306636,0.0567911441049849,8.588839689890543,0.45208333333333334,0.1304745078086853,0.0033841992165738097,0.989987850189209,0.2,0.036918655037879944
3059712,7226,988.93,1313.28360749,249,423,5e-05,12240,0.06490872,0.24321389046963304,8.596764717499415,0.4674072265625,0.13040515780448914,0.01470022849292339,0.9851890802383423,0.2,0.09290769696235657
3072000,7226,988.93,1311.56576758,250,425,5e-05,12250,0.049164984,0.06645388360290477,8.608759405215581,0.4698486328125,0.1302047222852707,0.0007546235751457668,0.9931440353393555,0.2,-0.0037407726049423218
3084288,7227,988.93,1309.8068350400001,251,426,5e-05,12260,0.050973717,0.07504129791632294,8.61860761642456,0.46392415364583334,0.13012124598026276,-0.0009870036413000586,0.9886268973350525,0.2,0.014105154201388359
3096576,7227,996.81,1322.1544558800001,252,428,5e-05,12270,0.05117656,0.061757738996918006,8.632375858227412,0.4664306640625,0.12987838685512543,0.004174300026109753,0.9916751980781555,0.2,-0.006745221093297005
3108864,7227,996.81,1326.3850452299998,253,430,5e-05,12280,0.04148471,0.06863057622686028,8.651933721701305,0.447998046875,0.12967641651630402,0.0011475828282224636,0.9771621227264404,0.2,-0.0021421201527118683
3121152,7228,988.59,1313.69472605,254,431,5e-05,12290,0.05273342,0.7119183216243983,8.658174264431,0.49366861979166665,0.12970679998397827,-0.0016172527034844582,0.9616918563842773,0.2,0.44331011176109314
3133440,7228,988.59,1314.47721812,255,433,5e-05,12300,0.060008522,1.9397044400839756,8.660821815331778,0.49532877604166664,0.1296786367893219,0.0009758450231553676,0.9592013955116272,0.2,2.063141107559204
3145728,7228,987.51,1312.76344339,256,435,5e-05,12310,0.052948833,0.08270258427752802,8.656969418128332,0.49021809895833335,0.12982945144176483,0.005045539380322831,0.978915810585022,0.2,0.023331988602876663
3158016,7229,987.51,1312.5737628200002,257,436,5e-05,12320,0.07058702,0.17485921041419109,8.65242384672165,0.5338134765625,0.12985478341579437,0.009576925964696177,0.9903191328048706,0.2,0.09586948156356812
3170304,7229,980.07,1303.48453286,258,438,5e-05,12330,0.056013435,0.15408858684822918,8.6584876537323,0.48653971354166664,0.1296701282262802,0.0040414726638118735,0.9864686131477356,0.2,0.058924779295921326
3182592,7230,980.07,1304.1728510399998,259,440,5e-05,12340,0.05474091,2.2100998820116122,8.666736779610316,0.5083984375,0.12961238622665405,0.0010238650885488218,0.9402796626091003,0.2,0.5275888442993164
3194880,7230,972.49,1291.36586246,260,441,5e-05,12350,0.056542616,0.10886744321323931,8.677125811576843,0.499462890625,0.12953254580497742,0.004606040777192296,0.9813603162765503,0.2,0.053672101348638535
3207168,7230,972.49,1286.44382091,261,443,5e-05,12360,0.081059486,2.45096662864089,8.683403144280115,0.51572265625,0.1294715255498886,0.003936363477259874,0.9692063927650452,0.2,1.094731092453003
3219456,7231,980.71,1301.21480034,262,445,5e-05,12370,0.06552016,0.3258473064750433,8.690953862667083,0.5310953776041667,0.1293707638978958,0.00909130047269476,0.9868768453598022,0.2,0.17173486948013306
3231744,7231,980.71,1300.03922725,263,446,5e-05,12380,0.0522574,0.07133522936298202,8.702584073940914,0.482763671875,0.1291983276605606,0.00718376011257836,0.9914848804473877,0.2,0.01253741979598999
3244032,7231,984.98,1305.78588023,264,448,5e-05,12390,0.046241183,0.05974883631958316,8.715546055634816,0.47685546875,0.12910006940364838,0.00444924096033598,0.9825100898742676,0.2,0.02407841756939888
3256320,7231,984.98,1302.60783428,265,450,5e-05,12400,0.06552274,0.13495107111521065,8.726204951604208,0.49258626302083336,0.12902823090553284,0.0065200346420169805,0.9793378710746765,0.2,0.05618797242641449
3268608,7232,992.42,1314.3528566,266,451,5e-05,12410,0.04821573,0.09940615755816301,8.737648274501165,0.47647298177083336,0.12888573110103607,0.004098631683154963,0.9908234477043152,0.2,0.046619147062301636
3280896,7232,992.42,1312.9839995,267,453,5e-05,12420,0.050576534,0.08719948556584617,8.751350076993306,0.4781412760416667,0.1287301927804947,-0.00011907321216616158,0.9936009645462036,0.2,0.01767956092953682
3293184,7232,1000.0,1324.27913851,268,455,5e-05,12430,0.045357477,0.06227102077100426,8.757706552743912,0.45038248697916666,0.12868699431419373,0.001407066579364861,0.9907572269439697,0.2,0.014886722899973392
3305472,7233,996.95,1321.59866741,269,456,5e-05,12440,0.048518095,0.07001438095855216,8.769350308179856,0.4594970703125,0.12846501171588898,0.0035590746245967846,0.9794920682907104,0.2,0.01579924300312996
3317760,7233,996.95,1320.64566103,270,458,5e-05,12450,0.046310235,0.581222690998887,8.779909839232763,0.46368815104166666,0.12835536897182465,-0.00028707762588358796,0.9521003365516663,0.2,0.10016776621341705
3330048,7233,996.95,1319.09117137,271,460,5e-05,12460,0.07176343,0.4733413971029222,8.7846200188001,0.5372477213541667,0.12829525768756866,0.007266021762916353,0.9353434443473816,0.2,0.33588454127311707
3342336,7234,996.95,1318.04749493,272,462,5e-05,12470,0.06025855,0.10800368504909177,8.793480817476908,0.49481608072916666,0.1280875951051712,0.002374978096728834,0.9910835027694702,0.2,0.060766637325286865
3354624,7234,996.95,1318.85744068,273,463,5e-05,12480,0.053998705,0.07134892666557183,8.802227578560512,0.4921142578125,0.12799261510372162,0.0026721423212923887,0.9918150305747986,0.2,0.03365415334701538
3366912,7234,995.06,1316.81091705,274,465,5e-05,12490,0.05090711,0.06832796668944259,8.807503312826157,0.4604410807291667,0.12792371213436127,0.0010324981732992456,0.9936156272888184,0.2,0.01986435428261757
3379200,7235,995.06,1316.17979418,275,467,5e-05,12500,0.061114352,0.6549386056760947,8.810383047660192,0.5149169921875,0.12792621552944183,0.0009290830586299611,0.9485318660736084,0.2,0.06251312792301178
3391488,7235,995.06,1316.65057298,276,468,5e-05,12510,0.05894336,0.06459894034390648,8.814348508914312,0.49122721354166665,0.12787528336048126,0.009532569677200323,0.9905073642730713,0.2,0.046073030680418015
3403776,7234,995.06,1316.7788339400001,277,470,5e-05,12520,0.046489984,0.0891116985740761,8.826564874251684,0.46573079427083336,0.12768469750881195,0.0005761379548251473,0.9880576133728027,0.2,0.050892286002635956
3416064,7234,998.11,1322.90720302,278,472,5e-05,12530,0.052082848,0.13163307885018488,8.836740920941034,0.4804606119791667,0.12762859463691711,0.0013872924086172135,0.9859668612480164,0.2,0.0420343317091465
3428352,7234,998.11,1322.06128268,279,473,5e-05,12540,0.053961944,0.10217827748662482,8.853567085663478,0.47586263020833336,0.12732471525669098,0.0005107353509326155,0.9885291457176208,0.2,0.012007420882582664
3440640,7232,998.11,1320.80792961,280,475,5e-05,12550,0.057644706,0.08637998158422609,8.871408540010453,0.4829915364583333,0.1271999478340149,3.405620615618924e-05,0.9903535842895508,0.2,0.008218791335821152
3452928,7233,998.11,1321.8227022,281,477,5e-05,12560,0.06335718,0.08283980024668078,8.889244822661082,0.5079671223958333,0.1269364058971405,0.002254809484293219,0.9883643388748169,0.2,0.03625363111495972
3465216,7233,1000.0,1322.37159572,282,479,5e-05,12570,0.045597676,0.061277989267061156,8.911519596974054,0.4493408203125,0.1267547756433487,-0.00040680252568563445,0.9917526841163635,0.2,0.00938752107322216
3477504,7233,1000.0,1320.83012181,283,480,5e-05,12580,0.05186534,0.14711407559613388,8.923149734735489,0.483740234375,0.1267498880624771,0.0031896823231363667,0.9864909052848816,0.2,0.05634087324142456
3489792,7233,990.95,1307.5074286,284,482,5e-05,12590,0.042444374,0.07856638485876223,8.93392304778099,0.4466552734375,0.12662528455257416,0.0009583650447893888,0.9936423301696777,0.2,0.06146666780114174
3502080,7234,990.95,1306.42466986,285,484,5e-05,12600,0.0543271,0.9173024167306721,8.948121013243993,0.46279296875,0.12647613883018494,-0.0017215392387394484,0.9477106332778931,0.2,0.10766652971506119
3514368,7234,990.95,1306.75986968,286,485,5e-05,12610,0.053192005,0.06735195958365997,8.957360235850016,0.5005696614583334,0.12627644836902618,0.006608814738865476,0.9874415397644043,0.2,0.020885638892650604
3526656,7234,990.95,1306.97623011,287,487,5e-05,12620,0.05290283,0.06299521326242635,8.973710052172343,0.4745686848958333,0.1261015385389328,0.002405548483269134,0.9915685057640076,0.2,0.015785420313477516
3538944,7235,987.69,1305.37491829,288,489,5e-05,12630,0.044762477,0.10050188358873129,8.986385097106298,0.47763671875,0.12608303129673004,0.005721023348451126,0.9837937355041504,0.2,0.03848191350698471
3551232,7235,987.69,1306.2411434100002,289,490,5e-05,12640,0.06885308,0.1368644151526193,8.990561805168788,0.5426432291666666,0.1260056346654892,0.018407949658770423,0.993574321269989,0.2,0.03611978888511658
3563520,7235,987.69,1307.40269575,290,492,5e-05,12650,0.047424007,0.046918595279566946,8.998530252774556,0.45767415364583336,0.12591643631458282,0.004128131221902246,0.9911015629768372,0.2,0.017566289752721786
3575808,7235,984.26,1305.4736840799999,291,494,5e-05,12660,0.049151253,0.05553985837226113,9.009490344921748,0.46128743489583335,0.12574084103107452,0.0008767860582641636,0.993802011013031,0.2,0.021345945075154305
3588096,7236,989.09,1311.0013920499998,292,495,5e-05,12670,0.057219494,1.8175228997444113,9.015961786111196,0.5150065104166667,0.1256636530160904,0.002596127456248117,0.9339286088943481,0.2,0.9638738632202148
3600384,7236,989.09,1315.2440546900002,293,497,5e-05,12680,0.053578485,1.6105396042577922,9.021099855502447,0.5091064453125,0.12566260993480682,0.001611907715171886,0.9640519022941589,0.2,0.144164577126503
3612672,7236,989.09,1318.0309067,294,499,5e-05,12690,0.06304851,0.08142568736026684,9.026498202482859,0.5052083333333334,0.12553900480270386,0.004481335556192789,0.9915294647216797,0.2,0.05673666298389435
3624960,7236,989.09,1318.45433701,295,500,5e-05,12700,0.058838587,0.14235273672578236,9.028899844487508,0.5111002604166667,0.12560993432998657,0.004199802355045298,0.9808095097541809,0.2,0.013612892478704453
3637248,7237,992.35,1323.8664452500002,296,502,5e-05,12710,0.045254733,0.06585810661005477,9.031730916102727,0.484912109375,0.1256006807088852,0.004862092406741189,0.9921714663505554,0.2,0.03936893492937088
3649536,7237,992.35,1322.39103118,297,504,5e-05,12720,0.05260023,0.07928050956688822,9.031116791566212,0.4923583984375,0.12571342289447784,0.0006140423773710306,0.9880120754241943,0.2,0.027194157242774963
3661824,7237,989.47,1316.7698185800002,298,505,5e-05,12730,0.054790366,0.0706143321391816,9.03596047759056,0.4938883463541667,0.1255853921175003,0.004545186188867471,0.9891902804374695,0.2,-0.0001231841742992401
3674112,7237,992.9,1322.39836404,299,507,5e-05,12740,0.06845499,0.14471517848627022,9.047648453712464,0.5301025390625,0.1254768818616867,0.018535403392161243,0.9772616624832153,0.2,0.026212215423583984
3686400,7237,997.12,1327.7272508399997,300,509,5e-05,12750,0.056044087,0.05199661829974502,9.066228900353114,0.48056640625,0.12523896992206573,0.0035930228526315964,0.9932567477226257,0.2,0.041249871253967285
3698688,7237,997.12,1323.6809419100005,301,511,5e-05,12760,0.05734238,0.13032459866565962,9.07802551984787,0.4968180338541667,0.12525735795497894,0.00527695444325218,0.9850668907165527,0.2,0.013146404176950455
3710976,7237,997.12,1320.73476592,302,512,5e-05,12770,0.052476894,0.0935583413268129,9.08865227897962,0.48025716145833336,0.1251576989889145,0.0032104522460334314,0.9895960688591003,0.2,0.03329532593488693
3723264,7238,997.12,1320.24216798,303,514,5e-05,12780,0.05290633,0.0822148873237893,9.105861868460973,0.48223470052083334,0.1250866949558258,0.001016205388198917,0.9841318726539612,0.2,0.0328996405005455
3735552,7238,997.05,1318.8211191900002,304,516,5e-05,12790,0.052797187,0.1187962533828492,9.125065338611602,0.475732421875,0.12485820055007935,-0.0011696285805858982,0.9709084033966064,0.2,0.04137095808982849
3747840,7238,997.05,1320.22308655,305,517,5e-05,12800,0.07837855,0.18745075041272988,9.130905238787333,0.5294840494791667,0.12497306615114212,0.014134644192138997,0.9898819923400879,0.2,0.04093440994620323
3760128,7239,999.93,1327.0647432299997,306,519,5e-05,12810,0.05398501,0.06881241159668813,9.136334264278412,0.4887288411458333,0.12475752830505371,0.005435957594697053,0.9875706434249878,0.2,0.032409220933914185
3772416,7239,999.93,1329.1884106799998,307,521,5e-05,12820,0.047777247,0.06507527145246665,9.148688026269276,0.44683430989583334,0.12480775266885757,0.0020632154589596513,0.9911814332008362,0.2,0.040549881756305695
3784704,7240,999.93,1331.90513266,308,522,5e-05,12830,0.05156405,0.056638423004187644,9.16182110706965,0.464111328125,0.12470784038305283,0.0010322042920355063,0.9849945306777954,0.2,0.05070352181792259
3796992,7240,999.93,1333.1372777699999,309,524,5e-05,12840,0.043677628,0.053910323628224434,9.181412637233734,0.4504150390625,0.12442157417535782,0.003833742823917419,0.9961515665054321,0.2,0.023838236927986145
3809280,7240,999.93,1335.2132041100003,310,526,5e-05,12850,0.048076108,0.05922965775243938,9.198542563120524,0.462158203125,0.12437119334936142,0.005821505056519527,0.9933525323867798,0.2,0.028021125122904778
3821568,7240,999.93,1335.62980549,311,527,5e-05,12860,0.047342207,0.1536635144148022,9.200789125760396,0.47909342447916664,0.12434572726488113,0.0013533953470566,0.9770216941833496,0.2,0.09186568856239319
3833856,7241,1000.0,1336.2119828299997,312,529,5e-05,12870,0.04696606,0.09131464418799927,9.211515221993128,0.468994140625,0.12409179657697678,0.0009999990676684927,0.9880377650260925,0.2,0.023981980979442596
3846144,7241,990.79,1320.3188210600001,313,531,5e-05,12880,0.04742265,0.06906261167023331,9.224335704247157,0.4599609375,0.1240052804350853,0.0018401614686202568,0.9945281147956848,0.2,0.05724393576383591
3858432,7240,990.79,1319.35814835,314,532,5e-05,12890,0.0467317,0.6469314892931531,9.231522514422734,0.470751953125,0.12391314655542374,-0.001991584396455437,0.9395275115966797,0.2,0.014478247612714767
3870720,7241,988.4,1310.7238305,315,534,5e-05,12900,0.10285454,0.5288161517897,9.24308849175771,0.5961018880208333,0.12386802583932877,0.008550475855978826,0.8684188723564148,0.2,0.10336768627166748
3883008,7241,988.4,1310.2008727000002,316,536,5e-05,12910,0.051551744,1.8874765327200294,9.23948764204979,0.5428141276041667,0.12389244884252548,0.004337561525850712,0.9584912061691284,0.2,1.185017704963684
3895296,7241,988.4,1311.2255991499999,317,537,5e-05,12920,0.063340165,0.07421778334925572,9.24804643591245,0.5097900390625,0.12374057620763779,0.0041018131261807865,0.9894528388977051,0.2,0.024578189477324486
3907584,7242,988.4,1314.8628401399997,318,539,5e-05,12930,0.04461656,0.057089220243506135,9.259618834654491,0.4831949869791667,0.12366026639938354,0.004962028477166314,0.9931068420410156,0.2,0.010546809062361717
3919872,7242,988.4,1315.5443492399997,319,541,5e-05,12940,0.04759146,0.0830774425684164,9.273406394322713,0.4699788411458333,0.12351485341787338,0.0027998826388890546,0.9879541397094727,0.2,0.03857248276472092
3932160,7242,988.4,1317.07612941,320,542,5e-05,12950,0.04514137,0.06058605874422938,9.293472264210383,0.456884765625,0.12318780273199081,0.0007344645273406059,0.9886772632598877,0.2,0.03760587051510811
3944448,7242,991.98,1322.55283667,321,544,5e-05,12960,0.050922114,0.05697206840850413,9.318134490648905,0.4692464192708333,0.12305077165365219,0.0032594627235084774,0.9930233359336853,0.2,0.01790434867143631
3956736,7243,991.98,1321.60830487,322,546,5e-05,12970,0.05785661,0.8193586673898001,9.331712530056636,0.5090983072916667,0.12294278293848038,0.0008461981022264808,0.9283900856971741,0.2,0.06495139002799988
3969024,7243,991.98,1325.23750269,323,547,5e-05,12980,0.055699755,0.11734212314089139,9.338520020246506,0.49427897135416665,0.12290956825017929,0.0010243053737212903,0.9801062345504761,0.2,0.0648297667503357
3981312,7243,985.29,1316.69420868,324,549,5e-05,12990,0.04595116,0.49298908791194357,9.340506048997243,0.5148763020833333,0.12291856855154037,0.0029054814833216367,0.9445067048072815,0.2,0.27678242325782776
3993600,7243,985.29,1316.05140439,325,551,5e-05,13000,0.05521469,1.8565331141619632,9.338791261116663,0.4998372395833333,0.12288884073495865,-0.0013364226688281633,0.9267566204071045,0.2,0.06400865316390991
4005888,7243,985.29,1312.9215722999998,326,553,5e-05,13010,0.05619371,0.09445764518653353,9.341740123430888,0.5140950520833333,0.12285489588975906,0.0075766513308432575,0.9868918657302856,0.2,0.045748207718133926
4018176,7243,985.29,1312.89545215,327,554,5e-05,13020,0.05523217,0.06282873142821094,9.342722644408544,0.4854248046875,0.1228465810418129,0.004888035509308489,0.9909317493438721,0.2,0.025431474670767784
4030464,7243,985.29,1311.4076986900002,328,556,5e-05,13030,0.047902983,0.06566754591961702,9.342751195033392,0.470068359375,0.1227448359131813,0.0023288780086052913,0.9926846623420715,0.2,0.0027908962219953537
4042752,7243,990.74,1318.9327495799998,329,558,5e-05,13040,0.051429044,0.14784567221067846,9.349115000168483,0.5007405598958333,0.12266375869512558,0.006995401701715309,0.9768303632736206,0.2,0.06647555530071259
4055040,7244,990.74,1318.10397483,330,559,5e-05,13050,0.0622222,0.36925713572030266,9.365935981273651,0.5068522135416667,0.12241438031196594,0.00936111245440164,0.9896143078804016,0.2,0.28538283705711365
4067328,7243,990.74,1314.6382646199997,331,561,5e-05,13060,0.05578372,0.11099622294617197,9.379143251975377,0.49410807291666664,0.12241905927658081,0.003678547508995204,0.9825634360313416,0.2,0.05810260772705078
4079616,7241,999.82,1326.9109537299998,332,563,5e-05,13070,0.05988307,0.09292931021967282,9.385991485913594,0.5121337890625,0.12229117751121521,0.00442789166457563,0.9867964386940002,0.2,0.026222119107842445
4091904,7241,999.82,1327.9528514300002,333,565,5e-05,13080,0.051718265,0.06613863518772026,9.395943315823873,0.4820149739583333,0.12217805534601212,0.004069190993808054,0.9884147047996521,0.2,0.03526321053504944
4104192,7241,999.82,1328.84018538,334,566,5e-05,13090,0.047497004,0.05976114698375265,9.410053364435832,0.4623046875,0.12196972221136093,0.004351095821766649,0.9917246103286743,0.2,0.04700205475091934
4116480,7241,999.82,1329.4508538300004,335,568,5e-05,13100,0.053162366,0.0657417301243792,9.428226381540298,0.46685384114583334,0.12192074209451675,0.0010202249662446168,0.9902534484863281,0.2,0.036856118589639664
4128768,7241,990.55,1316.2625165,336,570,5e-05,13110,0.051892668,0.062188921286724506,9.446973403294882,0.47744140625,0.1217295452952385,0.003697732741420623,0.9933362603187561,0.2,0.014358550310134888
4141056,7241,990.73,1316.5832334,337,571,5e-05,13120,0.05132474,1.5908444699676088,9.463504439592361,0.4900634765625,0.12160950899124146,0.0007930014757827545,0.9288722276687622,0.2,0.11236309260129929
4153344,7241,986.58,1311.7393262899998,338,573,5e-05,13130,0.05928746,0.19187536320338647,9.472898850838343,0.5285319010416667,0.1215408518910408,0.0059638707927661015,0.9591526985168457,0.2,0.0623907595872879
4165632,7241,982.32,1309.04275449,339,575,5e-05,13140,0.0663049,1.931972117256373,9.472596502304077,0.5264567057291667,0.12159055471420288,0.0049142431783063024,0.9413626194000244,0.2,1.184762954711914
4177920,7241,982.32,1310.13962962,340,576,5e-05,13150,0.07362258,3.7993282205425203,9.471706779797872,0.5586344401041666,0.12155365943908691,0.0071290351173956875,0.9358965158462524,0.2,0.2890726923942566
4190208,7241,982.32,1310.09094695,341,578,5e-05,13160,0.06661748,0.19705331662359338,9.467420309782028,0.559912109375,0.12163221836090088,0.010499761124568371,0.9708763360977173,0.2,0.10356099903583527
4202496,7242,982.32,1307.98008839,342,580,5e-05,13170,0.06265033,0.1156688758948197,9.468892248471578,0.5212890625,0.12152204662561417,0.004236314876470715,0.9857369661331177,0.2,0.08372999727725983
4214784,7242,982.32,1305.5972073699998,343,581,5e-05,13180,0.05349873,0.07315604978551467,9.483264823754629,0.5059163411458333,0.1213371530175209,0.004826091856618101,0.9921565055847168,0.2,0.021588783711194992
4227072,7242,982.75,1307.18619923,344,583,5e-05,13190,0.049729776,0.061116662233447035,9.49784720937411,0.47775065104166664,0.12122998386621475,0.004702234747916615,0.9947973489761353,0.2,0.022611690685153008
4239360,7242,982.75,1310.86895682,345,585,5e-05,13200,0.040344,0.7876154731338223,9.507839272419611,0.47470703125,0.12108933925628662,-0.0038839233796655512,0.9270554780960083,0.2,0.05263504385948181
4251648,7243,986.9,1317.2956339,346,586,5e-05,13210,0.049286086,0.11011469585355371,9.517132367690404,0.512255859375,0.12111140042543411,0.009644342342896076,0.9903886914253235,0.2,0.044690124690532684
4263936,7242,991.16,1324.29595604,347,588,5e-05,13220,0.04840217,0.07373591458114485,9.51707100669543,0.48040364583333334,0.12109854072332382,0.0037613065168746592,0.9879780411720276,0.2,0.05101770535111427
4276224,7242,991.16,1322.0514363500001,348,590,5e-05,13230,0.05672208,0.05964776378435393,9.52284239133199,0.486767578125,0.12100989371538162,0.0024468554242048413,0.99338698387146,0.2,0.05816972255706787
4288512,7243,984.28,1310.83501778,349,592,5e-05,13240,0.05756976,0.08115047464768092,9.530627048015594,0.48385416666666664,0.12085407227277756,0.003741159469548923,0.9818690419197083,0.2,0.028961192816495895
4300800,7242,976.99,1301.39164431,350,593,5e-05,13250,0.05183467,2.2812693713077654,9.535238780577977,0.493408203125,0.12083616107702255,-0.002986170146323275,0.940087616443634,0.2,0.5609372854232788
4313088,7242,976.99,1301.08072807,351,595,5e-05,13260,0.062096655,2.7446590139375378,9.535436230897904,0.5323404947916667,0.12083905935287476,0.006773257503664354,0.9578350782394409,0.2,3.6371936798095703
4325376,7242,985.83,1313.5501115399998,352,597,5e-05,13270,0.07087472,0.4000594770691047,9.531916747490564,0.5684488932291667,0.12089679390192032,0.005316833737015259,0.8725003004074097,0.2,0.07374738156795502
4337664,7242,985.2,1308.80705041,353,598,5e-05,13280,0.062965415,0.08636867497116327,9.530525040626525,0.5417317708333333,0.12080083042383194,0.008130468495073729,0.9846734404563904,0.2,0.05277131497859955
4349952,7243,985.2,1309.32384189,354,600,5e-05,13290,0.08352342,1.2770201219866673,9.534259049097697,0.5561767578125,0.12068625539541245,0.006512479946832172,0.9533026814460754,0.2,0.23695197701454163
4362240,7243,985.2,1308.64025437,355,602,5e-05,13300,0.060363054,0.07003048385183017,9.530309700965882,0.522509765625,0.12080007791519165,0.010805382780381479,0.988157331943512,0.2,0.03354644030332565
4374528,7243,985.2,1311.2598663300002,356,603,5e-05,13310,0.058737177,0.09074382515003283,9.533507388830184,0.5150227864583333,0.12065093964338303,0.005292101940722205,0.9869130253791809,0.2,0.03346613794565201
4386816,7243,992.08,1320.8606745299999,357,605,5e-05,13320,0.05193795,0.06572908714103202,9.546273400386175,0.49482421875,0.12047069519758224,0.004088386585741925,0.9875922799110413,0.2,0.044962599873542786
4399104,7244,999.37,1330.3084066299998,358,607,5e-05,13330,0.05519565,0.08218204041477292,9.564181353648504,0.49427897135416665,0.12029886245727539,0.0007721989488345571,0.9892480373382568,0.2,0.016408775001764297
4411392,7244,999.37,1330.78874247,359,608,5e-05,13340,0.054844584,0.07489087069407105,9.580496094624202,0.48871256510416666,0.12011545151472092,0.0024216758388016994,0.9917323589324951,0.2,0.03515065461397171
4423680,7244,999.37,1331.0736121900002,360,610,5e-05,13350,0.04488412,0.06716178319572161,9.59759172797203,0.457080078125,0.11990732699632645,0.0006812505710210341,0.9929225444793701,0.2,0.013407565653324127
4435968,7244,1000.0,1333.2409642900002,361,612,5e-05,13360,0.04463653,0.06480341135368993,9.6065010368824,0.4615885416666667,0.11988135427236557,0.003122514236990052,0.9947880506515503,0.2,0.05452028289437294
4448256,7244,1000.0,1332.3572421200004,362,614,5e-05,13370,0.045104,0.05987361732404679,9.62065385778745,0.45266927083333336,0.1196521744132042,0.001766262491097829,0.9919876456260681,0.2,0.053410522639751434
4460544,7244,1000.0,1334.52649393,363,615,5e-05,13380,0.060413975,0.9962456379784271,9.633235347270965,0.5019449869791667,0.11963661760091782,0.0015023684206729134,0.90321946144104,0.2,0.5199731588363647
4472832,7245,1000.0,1334.42785046,364,617,5e-05,13390,0.057427913,0.07634714119291554,9.636779218912125,0.48833821614583334,0.1195894181728363,0.002738705197892462,0.9857672452926636,0.2,0.016447264701128006
4485120,7245,1000.0,1333.5477594499998,365,619,5e-05,13400,0.061457228,0.0835460366991659,9.642615401744843,0.519140625,0.11949694901704788,0.004571003154948509,0.9923354387283325,0.2,0.03280218690633774
4497408,7245,1000.0,1332.8982211,366,620,5e-05,13410,0.050162137,0.11674292454651246,9.641531908512116,0.48046875,0.11956784874200821,0.0028071609691930157,0.987951934337616,0.2,0.06360146403312683
4509696,7245,1000.0,1333.41036587,367,622,5e-05,13420,0.049579114,0.07246485407619427,9.642168039083481,0.4702229817708333,0.11951524019241333,0.00568069526416366,0.9941608905792236,0.2,0.044398460537195206
4521984,7245,1000.0,1331.5753883500001,368,624,5e-05,13430,0.051932126,0.05564253228561332,9.654081789652507,0.48072916666666665,0.1193385124206543,0.007284675104892812,0.9894521236419678,0.2,0.03188031166791916
4534272,7246,1000.0,1328.08983201,369,625,5e-05,13440,0.046079244,0.062446622930777566,9.675867382685343,0.47626139322916666,0.11911918967962265,0.004051056757452898,0.9921407103538513,0.2,0.026968905702233315
4546560,7246,992.72,1318.89106517,370,627,5e-05,13450,0.09396572,0.35310617339176437,9.687427184979121,0.5268473307291667,0.11914375424385071,0.016683732071639194,0.9541711807250977,0.2,0.22907045483589172
4558848,7246,992.72,1314.4038883500002,371,629,5e-05,13460,0.056981206,0.5138547413051129,9.686031862099965,0.5285481770833333,0.11916371434926987,0.004976249639730668,0.9643904566764832,0.2,0.04587481543421745
4571136,7246,992.72,1312.75682571,372,630,5e-05,13470,0.08949623,0.2536177071121832,9.680842699607213,0.5395426432291667,0.11924705654382706,0.014190819753275718,0.9493268728256226,0.2,0.1479959636926651
4583424,7246,992.72,1314.25214329,373,632,5e-05,13480,0.052021265,0.08584898426973571,9.676558528343836,0.5051025390625,0.11925211548805237,0.0037568456085864455,0.9870654344558716,0.2,0.03579951077699661
4595712,7246,992.72,1318.2498888300001,374,634,5e-05,13490,0.053209905,0.10319996871985496,9.684990002711613,0.5002360026041667,0.11913913488388062,0.0021735038098995574,0.9869691729545593,0.2,0.041822101920843124
4608000,7247,986.35,1307.84268882,375,635,5e-05,13500,0.04489787,0.0773877197643742,9.699763160943984,0.475244140625,0.11891745775938034,0.0008361595100723207,0.992212176322937,0.2,0.022389143705368042
4620288,7247,986.35,1308.4969402,376,637,5e-05,13510,0.065086395,0.7353891800623387,9.708551774422327,0.5101481119791667,0.11888853460550308,0.0012938862962376637,0.9592158198356628,0.2,0.18008215725421906
4632576,7247,986.35,1309.33486335,377,639,5e-05,13520,0.058561046,0.0923302924570938,9.716832210620245,0.5112548828125,0.11877218633890152,0.007929183585414041,0.9861108660697937,0.2,0.07492920756340027
4644864,7247,986.35,1308.26207242,378,640,5e-05,13530,0.055492986,0.06885599735348175,9.720773084958394,0.4890950520833333,0.11878661066293716,0.005242243092410111,0.9917158484458923,0.2,0.007207518443465233
4657152,7247,993.63,1319.19620149,379,642,5e-05,13540,0.051117137,0.0638806883788978,9.728853940963745,0.480517578125,0.1186329647898674,0.005848915547539945,0.9913238883018494,0.2,0.05611440911889076
4669440,7248,993.63,1322.0756217800001,380,644,5e-05,13550,0.049321234,0.06948339017108082,9.743540946642558,0.4797770182291667,0.1185271143913269,0.004420026607112959,0.9943219423294067,0.2,0.03546290099620819
4681728,7248,993.63,1324.37059595,381,645,5e-05,13560,0.056413513,0.05371294918004423,9.750410052140554,0.478564453125,0.11849921196699142,0.005609088647664369,0.9936776757240295,0.2,0.017376231029629707
4694016,7248,993.63,1324.1858662299999,382,647,5e-05,13570,0.049026508,0.050867430943374835,9.757855353752772,0.46466471354166666,0.11834464222192764,0.0018916924168782619,0.9949634671211243,0.2,0.01612941361963749
4706304,7248,1000.0,1332.46849133,383,649,5e-05,13580,0.051353544,0.0606975118862465,9.777609423796337,0.4904378255208333,0.11811283975839615,0.005873041166341864,0.9951905608177185,0.2,0.026546884328126907
4718592,7249,1000.0,1332.7255882499999,384,650,5e-05,13590,0.05136603,0.06255204187861334,9.79443726738294,0.48409830729166664,0.11794593185186386,0.005942177175408385,0.9946591258049011,0.2,0.02164948731660843
4730880,7249,1000.0,1332.86242485,385,652,5e-05,13600,0.0457561,0.0631044306481878,9.802409569422403,0.474755859375,0.11787457019090652,0.007292580540039732,0.9957950711250305,0.2,0.010991796851158142
4743168,7249,1000.0,1336.91179456,386,654,5e-05,13610,0.051337477,0.05932462285272777,9.80689347187678,0.477880859375,0.1178211197257042,0.0012144746239452313,0.9950783848762512,0.2,0.010890588164329529
4755456,7249,1000.0,1335.9828065700003,387,656,5e-05,13620,0.055239398,0.07501862453452,9.812510110934575,0.4774576822916667,0.11765394359827042,0.0012844492821992995,0.9960835576057434,0.2,0.05165037885308266
4767744,7249,1000.0,1337.5091144,388,657,5e-05,13630,0.05243091,0.059573374773996574,9.821069596211116,0.4617838541666667,0.11762591451406479,0.0032383847166784106,0.9947538375854492,0.2,0.022177914157509804
4780032,7249,1000.0,1332.88347499,389,659,5e-05,13640,0.073394865,0.1081961085398992,9.832078901926677,0.5254801432291667,0.11748406291007996,0.007380111891931543,0.9578543901443481,0.2,0.04543524980545044
4792320,7249,1000.0,1328.78016983,390,661,5e-05,13650,0.0506191,0.09201223468407989,9.838923110564549,0.47710774739583334,0.11743006855249405,0.0014502501881603772,0.9926116466522217,0.2,0.039158277213573456
4804608,7249,1000.0,1329.7822377200002,391,662,5e-05,13660,0.047156643,0.0850236890061448,9.855280770858128,0.47889811197916665,0.1172008290886879,0.004148726089624688,0.9927162528038025,0.2,0.06843335926532745
4816896,7250,1000.0,1329.18436939,392,664,5e-05,13670,0.04791336,0.05735819855084022,9.871345812082291,0.479833984375,0.11705920845270157,0.004701081025511182,0.9944230318069458,0.2,0.01716424897313118
4829184,7250,1000.0,1329.0147001599998,393,666,5e-05,13680,0.057754856,0.07242426729450623,9.880493295192718,0.4942708333333333,0.11690268665552139,0.00527497943888496,0.9942135810852051,0.2,0.004320796579122543
4841472,7250,1000.0,1326.79211079,394,667,5e-05,13690,0.050208967,0.9272799763518075,9.892565961678823,0.4926025390625,0.11673122644424438,0.0009357709912971283,0.8956003785133362,0.2,0.09901326894760132
4853760,7250,1000.0,1327.2027149100002,395,669,5e-05,13700,0.06555996,0.24445204786024988,9.892003804445267,0.5457763671875,0.11685853451490402,0.007362605746311601,0.9530490040779114,0.2,0.2215001881122589
4866048,7251,1000.0,1327.56971084,396,671,5e-05,13710,0.0579669,0.06722443747178962,9.89272796312968,0.5152018229166667,0.11672133952379227,0.008719655171929238,0.9865636825561523,0.2,0.023862473666667938
4878336,7251,1000.0,1330.45018166,397,672,5e-05,13720,0.05083484,0.06955987259279936,9.894279376665752,0.4983723958333333,0.11684700101613998,0.0021059369663513888,0.9915500283241272,0.2,0.01783881150186062
4890624,7251,1000.0,1331.7505484000003,398,674,5e-05,13730,0.05366369,0.06651990840521951,9.901612281799316,0.4924235026041667,0.11653413623571396,0.0064731055215816015,0.9937634468078613,0.2,0.04038703069090843
4902912,7251,1000.0,1330.82313083,399,676,5e-05,13740,0.0573893,0.08808807230864962,9.918564287821452,0.506787109375,0.11644172668457031,0.003552353469422087,0.9764814376831055,0.2,0.04448331892490387
4915200,7251,1000.0,1335.32198031,400,677,5e-05,13750,0.04795836,0.06484039661008864,9.914338737726212,0.4711832682291667,0.11647800356149673,0.005308509021415375,0.9919025301933289,0.2,0.03292662650346756
4927488,7252,1000.0,1336.3358727300001,401,679,5e-05,13760,0.060882222,0.06852660992493233,9.916095232963562,0.5042154947916667,0.11634907871484756,0.004855980149295646,0.9910074472427368,0.2,0.01744755357503891
4939776,7252,1000.0,1340.22820097,402,681,5e-05,13770,0.047962934,0.05364043350176265,9.92649512887001,0.47677408854166664,0.1162521243095398,0.005032000915768246,0.9943812489509583,0.2,0.02175968512892723
4952064,7252,1000.0,1339.55142743,403,682,5e-05,13780,0.05218183,0.09512395167257637,9.925980834166209,0.4820556640625,0.11629819869995117,0.0005807140977897991,0.986474335193634,0.2,0.01204744353890419
4964352,7252,1000.0,1339.3179455600005,404,684,5e-05,13790,0.050694797,0.06912946089481314,9.92846731742223,0.4856770833333333,0.1162659227848053,0.0036994730415851034,0.9916068911552429,0.2,0.03224948048591614
4976640,7252,1000.0,1340.09361719,405,686,5e-05,13800,0.055424213,0.08002903345817079,9.950651613871257,0.4937337239583333,0.11591256409883499,0.00332433785952162,0.986318826675415,0.2,0.04897896945476532
4988928,7252,1000.0,1341.4490419200001,406,687,5e-05,13810,0.05014823,0.08095507659794142,9.977128916978836,0.4745849609375,0.11569985002279282,0.00042225254874210804,0.9880573153495789,0.2,0.04087233170866966
5001216,7252,1000.0,1343.29796087,407,689,5e-05,13820,0.05666098,0.08908367998277147,9.98824184536934,0.5105631510416667,0.11570193618535995,0.004502623981291739,0.9857030510902405,0.2,0.030199360102415085
5013504,7252,1000.0,1341.1912812199998,408,691,5e-05,13830,0.051981628,0.04333908518310636,9.995161753892898,0.48759765625,0.11563853174448013,0.004901303748192731,0.9911447763442993,0.2,0.008185392245650291
5025792,7252,1000.0,1342.29475739,409,692,5e-05,13840,0.052419603,0.056372402654960754,10.017300202449162,0.47958984375,0.11533963680267334,0.0016067987395217641,0.992207407951355,0.2,0.005488244816660881
5038080,7253,1000.0,1341.97289002,410,694,5e-05,13850,0.050242722,0.051192124956287444,10.03767445286115,0.47816569010416665,0.1152348518371582,0.005473536440210106,0.9827328324317932,0.2,0.02044561505317688
5050368,7253,1000.0,1339.6006356999997,411,696,5e-05,13860,0.05458696,0.05264360762666911,10.044908863306045,0.4939046223958333,0.1152096688747406,0.004089770221617073,0.9883223176002502,0.2,0.026174435392022133
5062656,7253,1000.0,1341.1723417800001,412,697,5e-05,13870,0.061494056,0.12103603774836907,10.053971954186757,0.5108235677083334,0.11512184143066406,0.002187247210046432,0.9777687788009644,0.2,0.04608700051903725
5074944,7253,1000.0,1339.3890563100001,413,699,5e-05,13880,0.057127923,0.07221454633399844,10.067746923367183,0.4848876953125,0.11502959579229355,0.0008441150644406055,0.9908034801483154,0.2,0.010277779772877693
5087232,7253,1000.0,1340.4170248,414,701,5e-05,13890,0.051692992,0.07335505355149508,10.079220775763194,0.49273274739583334,0.11499103903770447,-0.0031321854548878036,0.986441433429718,0.2,0.013323953375220299
5099520,7253,1000.0,1339.3485510700002,415,703,5e-05,13900,0.04889049,0.05795089822107305,10.086311475435894,0.4933675130208333,0.11491810530424118,0.006214212120782273,0.9912815093994141,0.2,0.004040030762553215
5111808,7254,1000.0,1340.1036853000003,416,704,5e-05,13910,0.052004006,0.04299032252747566,10.10370289683342,0.47677408854166664,0.11468533426523209,0.005034120010289674,0.9927156567573547,0.2,0.015018756501376629
5124096,7254,991.68,1327.5744825499999,417,706,5e-05,13920,0.05433857,0.03973384128184989,10.120460911591847,0.493603515625,0.11454915255308151,0.002716198201718119,0.9843676686286926,0.2,0.06272958964109421
5136384,7254,991.68,1326.3407514099997,418,708,5e-05,13930,0.04153302,0.6740457876274983,10.125929449001948,0.475,0.11444564908742905,-0.0033161465034936555,0.8835999369621277,0.2,0.022046852856874466
5148672,7254,991.68,1327.4528659899997,419,709,5e-05,13940,0.05306922,0.06958863110436747,10.138605644305548,0.504052734375,0.11439874768257141,0.005061208421345024,0.9929331541061401,0.2,0.04363787919282913
5160960,7254,991.68,1324.70013467,420,711,5e-05,13950,0.060918782,0.055667002716412145,10.146767457326254,0.5044596354166667,0.11425260454416275,0.007347907676982383,0.9940221309661865,0.2,0.03732452541589737
5173248,7254,983.04,1314.6885261199998,421,713,5e-05,13960,0.048561644,0.06841638156523307,10.160011909405391,0.49612630208333336,0.11415152996778488,0.0046986433527005525,0.9897722005844116,0.2,0.03460933268070221
5185536,7254,983.04,1312.2633413800002,422,714,5e-05,13970,0.047210444,0.6668915869668126,10.169220014413197,0.49150390625,0.11402646452188492,-0.004039479130490993,0.9394679665565491,0.2,0.043296970427036285
5197824,7254,976.11,1303.74963311,423,716,5e-05,13980,0.06101033,0.062491615295099716,10.179150960842769,0.5101155598958333,0.11394389718770981,0.008252938309063514,0.9917989373207092,0.2,0.0399603396654129
5210112,7254,976.11,1304.06177318,424,718,5e-05,13990,0.061354134,1.4812023573399833,10.181267931063969,0.5311686197916666,0.1139238253235817,0.0025237331763491968,0.9069291353225708,0.2,1.046971082687378
5222400,7255,984.43,1315.55478963,425,719,5e-05,14000,0.065448225,0.5107175695321833,10.185781794786454,0.5538655598958333,0.11380079388618469,0.007376373633936358,0.8375043272972107,0.2,0.1544048935174942
5234688,7255,984.43,1316.6437152,426,721,5e-05,14010,0.056215394,0.0738699913257733,10.19970089594523,0.5130615234375,0.11362989991903305,0.00801776111863243,0.986257016658783,0.2,0.025792321190238
5246976,7255,984.43,1318.43556783,427,723,5e-05,14020,0.06768418,0.17223148192279042,10.213174037138621,0.5392903645833333,0.11350388079881668,0.008354371768170192,0.9759364724159241,0.2,0.0812743753194809
5259264,7255,984.43,1317.0722429300001,428,724,5e-05,14030,0.05350578,0.14412501159434518,10.215253911415736,0.5108235677083334,0.11354883760213852,0.0011974339766311459,0.9807464480400085,0.2,0.06834668666124344
5271552,7255,993.07,1327.1496085400004,429,726,5e-05,14040,0.061324615,0.0944511922231565,10.214201372861861,0.5082600911458334,0.1135466992855072,0.003929843617030807,0.988449215888977,0.2,0.014216158539056778
5283840,7255,993.07,1326.44249871,430,728,5e-05,14050,0.056916397,0.08857397868608435,10.218647251526514,0.5176676432291667,0.11347921937704086,0.00728637426897573,0.9841850399971008,0.2,0.03511163592338562
5296128,7255,1000.0,1337.0816309499999,431,729,5e-05,14060,0.055060804,0.07138810281952222,10.221648039420446,0.47268880208333336,0.11348062753677368,0.002309703240947177,0.9907318353652954,0.2,0.06238904595375061
5308416,7256,1000.0,1336.1823410299999,432,731,5e-05,14070,0.049795166,0.06937449603962402,10.221037101745605,0.4796956380208333,0.11346441507339478,0.0038981233461527153,0.9890425205230713,0.2,0.012421470135450363
5320704,7256,1000.0,1335.80512767,433,733,5e-05,14080,0.05053401,0.06674542850038657,10.228837392727534,0.4713053385416667,0.11334090679883957,0.0028671444022620564,0.991905927658081,0.2,0.0314834900200367
5332992,7256,1000.0,1336.1398317000003,434,734,5e-05,14090,0.04668796,0.04846783823644121,10.24359662135442,0.48175455729166666,0.11327295750379562,0.003742549388941067,0.9919877052307129,0.2,0.027553988620638847
5345280,7256,1000.0,1335.4797955,435,736,5e-05,14100,0.056768656,0.10951428429689258,10.255341472228368,0.5038004557291667,0.11304893344640732,0.008624102951822957,0.971876323223114,0.2,0.012983042746782303
5357568,7256,1000.0,1335.88984808,436,738,5e-05,14110,0.054851126,0.07111556450060258,10.26562792857488,0.4873453776041667,0.11292161792516708,0.004545988804117466,0.9932851195335388,0.2,0.031439993530511856
5369856,7256,1000.0,1338.73698108,437,740,5e-05,14120,0.0609062,0.05357797873051216,10.271310182412465,0.4990152994791667,0.11280976980924606,0.006249307156637466,0.9949968457221985,0.2,0.003994494676589966
5382144,7256,991.95,1325.12180327,438,741,5e-05,14130,0.059785467,0.08936598777460555,10.27601006825765,0.5146402994791667,0.11281771212816238,0.004223135050657826,0.9861056804656982,0.2,0.019221311435103416
5394432,7256,991.95,1322.2542064000002,439,743,5e-05,14140,0.05747276,0.8998461555844793,10.28073048988978,0.5218180338541667,0.11270270496606827,0.0010614272920065559,0.919083833694458,0.2,0.2545188367366791
5406720,7256,991.95,1323.9888518,440,745,5e-05,14150,0.059429202,0.07828075762372463,10.294754789272945,0.5026123046875,0.1126042902469635,0.0061846070930187125,0.9908896088600159,0.2,0.03145398199558258
5419008,7256,991.95,1322.38292818,441,746,5e-05,14160,0.053273242,0.0849315230268985,10.30290247797966,0.503271484375,0.11262047290802002,0.003467049076668142,0.9903266429901123,0.2,0.026662353426218033
5431296,7256,991.95,1322.6823267199998,442,748,5e-05,14170,0.055117637,0.08005449131596834,10.302084549268086,0.49680989583333335,0.11264637112617493,0.006100693892221898,0.9804046154022217,0.2,0.018323251977562904
5443584,7257,991.95,1323.3988010799999,443,750,5e-05,14180,0.05182497,0.06937261445758243,10.306628348429998,0.4965413411458333,0.112537682056427,0.006774523877538741,0.9860053658485413,0.2,0.038095518946647644
5455872,7257,991.95,1323.40850344,444,751,5e-05,14190,0.05491494,0.07714989510520051,10.307510149478912,0.4975830078125,0.11255041509866714,0.0043702847106033005,0.987821638584137,0.2,0.03032534569501877
5468160,7257,991.95,1324.1674237500001,445,753,5e-05,14200,0.05576399,0.06709194004846115,10.307868369420369,0.4857177734375,0.11256422847509384,0.0018818682501053749,0.9859818816184998,0.2,0.029881566762924194
5480448,7257,1000.0,1340.1705177200001,446,755,5e-05,14210,0.05577923,0.04795927536518623,10.310055766503016,0.4920572916666667,0.11255034059286118,0.005113680877790709,0.9789698123931885,0.2,0.03177464008331299
5492736,7257,1000.0,1343.2696291500001,447,756,5e-05,14220,0.05208047,0.04064707163488492,10.312468069791795,0.48972981770833335,0.11249429732561111,0.0030644968637110045,0.9814049601554871,0.2,0.029377229511737823
5505024,7257,991.65,1328.9445448199997,448,758,5e-05,14230,0.05528875,0.0471028976336432,10.323122066259383,0.47491048177083334,0.11234696954488754,0.0041223922564919725,0.9884806275367737,0.2,0.04103884845972061
5517312,7257,991.65,1332.6139736199998,449,760,5e-05,14240,0.04866773,0.5530012287354718,10.332202941179276,0.4911295572916667,0.11228688806295395,-0.0035691367966743806,0.9150668382644653,0.2,0.13576877117156982
5529600,7258,982.61,1319.6127987,450,761,5e-05,14250,0.05103602,0.06467845934287955,10.338848064343134,0.5077311197916666,0.11225829273462296,0.006592950727887607,0.9908431768417358,0.2,0.02207709290087223
5541888,7258,982.61,1318.49805494,451,763,5e-05,14260,0.04279803,0.40955504452964914,10.349157118797303,0.49567057291666666,0.11202364414930344,-0.003465502267742219,0.9274719953536987,0.2,0.08881431818008423
5554176,7258,982.61,1319.3570274799997,452,765,5e-05,14270,0.062442187,0.09032807465797911,10.36637378334999,0.5102864583333333,0.1119810938835144,0.00635546421011289,0.9823324084281921,0.2,0.04705440253019333
5566464,7258,982.61,1320.98853055,453,766,5e-05,14280,0.0507511,0.07488170280897369,10.376843986908595,0.5006917317708334,0.11186462640762329,0.0024549357825890184,0.9878105521202087,0.2,0.0033121854066848755
5578752,7258,982.61,1319.9972091,454,768,5e-05,14290,0.05517729,0.06464571931865067,10.384899765253067,0.5030436197916667,0.11185634136199951,0.009880429476227921,0.9857805967330933,0.2,0.06591949611902237
5591040,7258,982.61,1319.47636565,455,770,5e-05,14300,0.05838762,0.06009730747900903,10.392070657014846,0.4962646484375,0.11170760542154312,0.003592449477825236,0.9918955564498901,0.2,0.019464023411273956
5603328,7258,990.96,1332.66700706,456,771,5e-05,14310,0.055949256,0.055320490539694823,10.398798753817877,0.508935546875,0.11163429170846939,0.00514304572425317,0.9952850937843323,0.2,0.031139491125941277
5615616,7258,981.94,1320.2275612800001,457,773,5e-05,14320,0.05078624,0.049863759467067816,10.414631164073944,0.4860921223958333,0.11138564348220825,0.0021757450498019657,0.994516909122467,0.2,0.007031012326478958
5627904,7256,990.98,1330.1405509799997,458,775,5e-05,14330,0.043547064,0.2379966776429986,10.425773918628693,0.489013671875,0.11131417751312256,-0.005135589058045298,0.9608373641967773,0.2,0.03600738197565079
5640192,7255,981.87,1319.29786623,459,777,5e-05,14340,0.056228887,0.035642022589066374,10.44621800382932,0.4992268880208333,0.11106610298156738,0.008050212210703952,0.9901017546653748,0.2,-0.001644667237997055
5652480,7255,981.87,1321.8911629499999,460,779,5e-05,14350,0.056208085,1.1490516045984502,10.460501895348232,0.518994140625,0.11097288131713867,0.0016858009830078421,0.910270631313324,0.2,0.7444309592247009
5664768,7255,974.37,1306.5230395699998,461,780,5e-05,14360,0.07532139,0.08094795014864455,10.480174181858699,0.5305338541666667,0.11073598265647888,0.007119829159152383,0.9799303412437439,0.2,0.04289199039340019
5677056,7255,974.37,1305.12085078,462,782,5e-05,14370,0.06833769,1.0193053289627036,10.489664347966512,0.5585205078125,0.11070853471755981,0.003877546269116768,0.9473457336425781,0.2,0.04232198745012283
5689344,7255,974.37,1303.03342178,463,784,5e-05,14380,0.065236665,0.0546666296897456,10.49564813176791,0.5387939453125,0.1106436625123024,0.01082528938810962,0.9921459555625916,0.2,0.007178593426942825
5701632,7255,971.37,1297.76107409,464,785,5e-05,14390,0.071399204,0.11574062614236028,10.505412785212199,0.5336507161458334,0.11053761094808578,0.0032819751659796262,0.9835776090621948,0.2,0.0352250374853611
5713920,7255,980.39,1310.1431183900002,465,787,5e-05,14400,0.06262827,1.029096180262665,10.511343117554983,0.5328206380208333,0.11045979708433151,0.0004776692769761818,0.9338967204093933,0.2,0.4606539309024811
5726208,7255,980.39,1309.50741904,466,789,5e-05,14410,0.07719781,0.0860374293057248,10.513510473569234,0.5585774739583333,0.11051344871520996,0.009065166669218645,0.9819962382316589,0.2,0.05225422978401184
5738496,7255,989.5,1321.83224354,467,790,5e-05,14420,0.06900123,0.07621583904450138,10.518740699688594,0.5282796223958334,0.11036596447229385,0.004231657443839746,0.9806110262870789,0.2,0.016842683777213097
5750784,7255,989.5,1320.05343859,468,792,5e-05,14430,0.05676998,0.04664302070935567,10.534550233681996,0.5117838541666667,0.11018073558807373,0.005144232366971361,0.9893991351127625,0.2,0.024982929229736328
5763072,7255,997.0,1331.56146824,469,794,5e-05,14440,0.06104208,0.03755889014185717,10.540732622146606,0.49993489583333334,0.11031732708215714,0.0075948785515114045,0.9942376613616943,0.2,0.02681274525821209
5775360,7255,997.0,1331.98656716,470,795,5e-05,14450,0.060031448,0.0525957294429342,10.544585998853048,0.5161865234375,0.11019786447286606,0.006994343119731639,0.9940441846847534,0.2,0.00380900502204895
5787648,7255,997.0,1334.1993840299997,471,797,5e-05,14460,0.053823154,0.033578699800030636,10.555109055836995,0.49265950520833335,0.11015629768371582,0.00399429949078088,0.9928551316261292,0.2,0.014695856720209122
5799936,7255,1000.0,1338.28640564,472,799,5e-05,14470,0.05007575,0.04346209298431252,10.556659682591755,0.5050048828125,0.11021918058395386,0.002982363576302305,0.9918640851974487,0.2,0.012935737147927284
5812224,7256,1000.0,1337.17009338,473,801,5e-05,14480,0.053957567,0.04329789511005704,10.558657024304072,0.481201171875,0.11017350107431412,0.0016760739371723806,0.995369553565979,0.2,0.01647586189210415
5824512,7256,997.07,1334.56759338,474,802,5e-05,14490,0.078708336,0.15338870879883568,10.569977084795633,0.5508870442708333,0.11000052839517593,0.004203371260276375,0.9420520663261414,0.2,0.08900194615125656
5836800,7256,997.07,1334.6752640500001,475,804,5e-05,14500,0.0584567,0.6511211355992903,10.577732982238134,0.5244140625,0.10996588319540024,-3.151416215890398e-05,0.9581288695335388,0.2,0.08414368331432343
5849088,7256,997.07,1337.3124511299998,476,806,5e-05,14510,0.061112847,0.09932210474895935,10.58612997730573,0.5284016927083334,0.10987422615289688,0.005957542223040946,0.9708136916160583,0.2,0.03192482143640518
5861376,7256,997.07,1339.03598467,477,807,5e-05,14520,0.05525736,0.05264811682670067,10.587352484464645,0.487255859375,0.10996762663125992,0.005860469762410503,0.9882580637931824,0.2,0.017014121636748314
5873664,7256,997.07,1340.0766955499996,478,809,5e-05,14530,0.053335994,0.04809986400262763,10.589595886071523,0.5030598958333333,0.10990080237388611,0.00546287713223137,0.9901543855667114,0.2,0.007492789998650551
5885952,7256,997.07,1339.1979731000001,479,811,5e-05,14540,0.055513408,0.041128081498512374,10.60094579855601,0.5054036458333333,0.10972607135772705,0.004410818739173313,0.9844421148300171,0.2,0.01977715641260147
5898240,7256,997.07,1340.87370842,480,812,5e-05,14550,0.054502398,0.04993114353468021,10.623205534617107,0.48935546875,0.10944566875696182,0.0023476931518719843,0.9936607480049133,0.2,0.011961571872234344
5910528,7256,986.2,1327.0935398100003,481,814,5e-05,14560,0.057264905,0.046383928732636075,10.644593932231267,0.49632161458333335,0.1092759296298027,0.005634269488897795,0.988171398639679,0.2,0.034079208970069885
5922816,7256,989.13,1329.0687713900002,482,816,5e-05,14570,0.050462127,0.8318983116342376,10.649159288406372,0.5210611979166667,0.10930883884429932,-0.00500534961320227,0.9444432854652405,0.2,0.21390120685100555
5935104,7256,989.13,1329.62004361,483,817,5e-05,14580,0.07931922,0.80498686057205,10.647880740960439,0.5793375651041667,0.10927832871675491,0.005658558911818545,0.8004615306854248,0.2,0.11991285532712936
5947392,7257,989.13,1327.5750107200001,484,819,5e-05,14590,0.088017344,0.17286665653809904,10.645909569660823,0.584423828125,0.10941451787948608,0.010771315460442566,0.941020667552948,0.2,0.07671265304088593
5959680,7257,989.13,1326.1849890500002,485,821,5e-05,14600,0.06580315,0.06058597605054577,10.646288027366003,0.5370035807291667,0.10935363918542862,0.012593651645390006,0.9726297855377197,0.2,0.025690287351608276
5971968,7257,989.13,1326.2748069300003,486,822,5e-05,14610,0.08080926,0.08464923422628393,10.654075767596563,0.5513671875,0.10933825373649597,0.005248109326930717,0.9791908860206604,0.2,0.011152572929859161
5984256,7257,989.13,1328.9510887300003,487,824,5e-05,14620,0.06308016,0.07570029866571228,10.664966948827107,0.5198974609375,0.10922032594680786,0.0068120818803436125,0.9891696572303772,0.2,0.03794413059949875
5996544,7257,989.13,1328.63622193,488,826,5e-05,14630,0.05945097,0.07982489274969945,10.677251893281937,0.5069661458333333,0.10907920449972153,0.005120851616569174,0.9819135665893555,0.2,0.02013133466243744
6008832,7257,988.78,1328.83486583,489,827,5e-05,14640,0.06299451,0.08173773273980865,10.682364054520924,0.49931640625,0.10904047638177872,0.004096351110880884,0.9824197292327881,0.2,0.029833508655428886
6021120,7257,990.84,1333.44445323,490,829,5e-05,14650,0.051442724,2.736437011665354,10.684245264530182,0.5073811848958333,0.10903669148683548,0.0006094185189188769,0.9158284068107605,0.2,0.9622580409049988
6033408,7257,990.84,1336.7614030999998,491,831,5e-05,14660,0.08140589,0.4438918990160649,10.686574149131776,0.5619059244791667,0.10907695442438126,0.008172642278077546,0.8815011382102966,0.2,0.051576413214206696
6045696,7257,990.84,1338.1140974,492,833,5e-05,14670,0.072167136,0.08852436194817224,10.695241447289785,0.54521484375,0.10885381698608398,0.008612640675467749,0.98119056224823,0.2,0.01449719350785017
6057984,7257,985.04,1328.8113211900002,493,834,5e-05,14680,0.07690561,1.569158869391928,10.707829829057058,0.5621663411458333,0.10881168395280838,0.0008882612872791166,0.9027863144874573,0.2,1.3659693002700806
6070272,7257,985.04,1330.76505585,494,836,5e-05,14690,0.07162765,0.47988692300083735,10.704898152748743,0.5762369791666667,0.10889023542404175,0.004895501280892252,0.9882734417915344,0.2,0.1316857933998108
6082560,7257,982.14,1323.39848956,495,838,5e-05,14700,0.06610663,0.06529352650201568,10.70709759791692,0.5435953776041667,0.10878914594650269,0.007681627938776122,0.9900286793708801,0.2,0.03884435072541237
6094848,7257,982.14,1323.7624036200002,496,839,5e-05,14710,0.088956706,2.982029179111123,10.710721613963445,0.5907063802083333,0.10880201309919357,0.008606763000231391,0.9283820986747742,0.2,6.594616889953613
6107136,7257,991.3,1334.34276843,497,841,5e-05,14720,0.067195155,0.22780891393776984,10.71242171327273,0.5497802734375,0.1087513342499733,0.005149198039725888,0.8620263338088989,0.2,0.048860035836696625
6119424,7257,991.3,1334.15688178,498,843,5e-05,14730,0.07067884,0.0672320057094718,10.720135619242987,0.5312337239583333,0.10866305977106094,0.004659633377256492,0.9799649715423584,0.2,0.02971344254910946
6131712,7257,982.34,1317.3292732500004,499,844,5e-05,14740,0.06252551,0.05762660257751122,10.72976118127505,0.5326334635416666,0.10850465297698975,0.00417037164006615,0.9887375235557556,0.2,0.02716166526079178
6144000,7257,982.34,1318.4151620799998,500,846,5e-05,14750,0.062866636,0.7557128784790014,10.740790114800136,0.5319173177083333,0.10837743431329727,0.00013177600388492768,0.9487753510475159,0.2,0.15580680966377258
6156288,7257,988.14,1327.10645155,501,848,5e-05,14760,0.07228377,0.09585090838372708,10.745806437730788,0.5489908854166666,0.1083805188536644,0.0059598229776990285,0.9880179166793823,0.2,0.039037007838487625
6168576,7257,988.14,1326.48468855,502,849,5e-05,14770,0.06441175,0.06776741457482179,10.751681834459305,0.5281412760416667,0.10835065692663193,0.007652815084535784,0.9938552975654602,0.2,0.011807183735072613
6180864,7258,990.04,1328.5682383100002,503,851,5e-05,14780,0.0561913,0.0703037492542838,10.762340072790781,0.5171468098958333,0.10818326473236084,0.005631021098815836,0.9889441132545471,0.2,0.008499551564455032
6193152,7258,990.04,1326.86159552,504,853,5e-05,14790,0.06651067,0.25198871726946287,10.769312256574631,0.54521484375,0.10819254070520401,0.0003580813834560104,0.9732155799865723,0.2,0.034333236515522
6205440,7258,990.04,1330.3630325400002,505,854,5e-05,14800,0.055173304,0.06367369728007664,10.779432413975398,0.4867024739583333,0.1080939769744873,0.00601236558771537,0.9930448532104492,0.2,0.02720622904598713
6217728,7258,990.04,1331.44710309,506,856,5e-05,14810,0.056650836,0.031393118400592356,10.784555504719416,0.5022705078125,0.10802172869443893,0.009347210413155456,0.9945914149284363,0.2,0.0016870014369487762
6230016,7258,999.0,1346.06871262,507,858,5e-05,14820,0.055492897,0.04083599280565977,10.790819821755091,0.4974283854166667,0.10792849212884903,0.005380811021314003,0.9941192865371704,0.2,-0.005959058180451393
6242304,7258,999.0,1345.4536557899999,508,860,5e-05,14830,0.05902062,0.04780376091754685,10.800981732209523,0.5036702473958333,0.10785564035177231,0.004965087033633608,0.9883065819740295,0.2,0.03333652764558792
6254592,7258,999.0,1345.7629527600002,509,861,5e-05,14840,0.059653137,0.03849269780718411,10.803424868981043,0.5008707682291667,0.10784301161766052,0.003493256508469737,0.9931935667991638,0.2,0.00612800195813179
6266880,7258,999.0,1345.80815308,510,863,5e-05,14850,0.062347442,0.06117907278239727,10.805068995555242,0.5138346354166666,0.10778126865625381,0.008403622784438387,0.9874429106712341,0.2,0.022394655272364616
6279168,7258,1000.0,1349.2887631400001,511,865,5e-05,14860,0.050303977,0.05472739185982694,10.81860798796018,0.4937255859375,0.10759355872869492,0.001610567646760804,0.9829943776130676,0.2,0.003073032945394516
6291456,7258,1000.0,1351.45375259,512,866,5e-05,14870,0.057511885,0.03954779856139794,10.834671332438786,0.484912109375,0.10743462294340134,0.0037683961558893013,0.9926718473434448,0.2,0.002891838550567627
6303744,7258,990.85,1336.1749985,513,868,5e-05,14880,0.056147974,0.045545021933503446,10.848943674564362,0.4898763020833333,0.10735338926315308,0.0030582338042828877,0.994539737701416,0.2,0.04528440535068512
6316032,7258,990.85,1333.85987401,514,870,5e-05,14890,0.04951498,0.42453287544970714,10.860941576957703,0.4875081380208333,0.10724193602800369,-0.00036243084565891573,0.9466776251792908,0.2,0.04568126052618027
6328320,7258,990.85,1333.1616233400002,515,871,5e-05,14900,0.06102453,0.06998254130594432,10.870901185274125,0.5337483723958333,0.10721206665039062,0.00501810984230057,0.983037531375885,0.2,0.009641913697123528
6340608,7258,990.85,1333.19660546,516,873,5e-05,14910,0.06098217,0.06225260520974795,10.874997868140538,0.5044759114583334,0.10718238353729248,0.00490168794155276,0.9889383912086487,0.2,0.03680509328842163
6352896,7258,982.05,1319.36325411,517,875,5e-05,14920,0.063077986,0.07874482477394243,10.879950185616812,0.5378987630208333,0.10707942396402359,0.00242708817483314,0.9885960817337036,0.2,0.012690573930740356
6365184,7258,964.44,1294.73603455,518,876,5e-05,14930,0.048468124,0.6663048944358404,10.885556781291962,0.5066569010416667,0.10697641223669052,-0.0014584584433274964,0.9511464834213257,0.2,0.09858474880456924
6377472,7258,964.44,1293.1081883699999,519,878,5e-05,14940,0.06575077,0.9183640005998314,10.889290273189545,0.5592447916666666,0.10699832439422607,-0.00284674497670494,0.9534661173820496,0.2,0.06873828917741776
6389760,7258,964.44,1295.19533543,520,880,5e-05,14950,0.06393879,0.07162130142872532,10.895442968606948,0.543212890625,0.10689140111207962,0.006469287806248758,0.9749537706375122,0.2,0.05538526922464371
6402048,7258,965.03,1292.5192963499999,521,881,5e-05,14960,0.05592655,0.1809571124923726,10.905832840998967,0.52890625,0.10674861073493958,0.002681218509678729,0.9368892908096313,0.2,0.13011503219604492
6414336,7259,965.03,1293.1512537699998,522,883,5e-05,14970,0.06757159,0.18232545539891967,10.916902089118958,0.544482421875,0.10666579008102417,0.004545145498802109,0.9917950630187988,0.2,0.016803639009594917
6426624,7259,965.03,1292.54284293,523,885,5e-05,14980,0.07789198,0.12189452408347279,10.931045814355214,0.5486653645833334,0.10653964430093765,0.004855626557643215,0.9634305238723755,0.2,0.02622106298804283
6438912,7259,956.29,1279.02789479,524,887,5e-05,14990,0.08052781,0.5502518002564708,10.934846762816111,0.5574137369791666,0.10658205300569534,0.002474674022717712,0.9097943305969238,0.2,0.10807812213897705
6451200,7259,973.81,1304.10222663,525,888,5e-05,15000,0.06457403,0.36459681728544335,10.931853199005127,0.5556722005208333,0.10656341910362244,0.0009799561982314724,0.9876443147659302,0.2,0.1119394302368164
6463488,7259,982.7,1314.62546792,526,890,5e-05,15010,0.072560005,0.21418824689462782,10.92822799483935,0.5465169270833333,0.10662692040205002,0.01232284191743626,0.978734016418457,0.2,0.06015941500663757
6475776,7259,982.7,1312.7736840299997,527,892,5e-05,15020,0.0779097,0.6645376186817884,10.928900714715322,0.5520589192708333,0.10662225633859634,0.0009621550687976802,0.9099662899971008,0.2,0.2840864658355713
6488064,7259,982.7,1310.8416199600001,528,893,5e-05,15030,0.10403622,0.46304617955659827,10.93674193819364,0.5913248697916667,0.10655281692743301,0.01401703137283524,0.9191673994064331,0.2,0.169063001871109
6500352,7259,991.26,1324.67103156,529,895,5e-05,15040,0.0969558,0.1443355321806545,10.940965845187504,0.588525390625,0.1065012589097023,0.007633028291941931,0.9738420248031616,0.2,0.060800179839134216
6512640,7259,991.26,1326.7436538900001,530,897,5e-05,15050,0.06946383,0.05078781813305492,10.954184277852375,0.5285481770833333,0.10632852464914322,0.011099614847141007,0.993222713470459,0.2,0.06224972754716873
6524928,7259,982.21,1311.5572216300002,531,898,5e-05,15060,0.061104387,0.051235524048873535,10.96100459297498,0.5167887369791667,0.10636413097381592,0.006707873441822206,0.9917312860488892,0.2,0.017143508419394493
6537216,7259,990.95,1325.7173954700004,532,900,5e-05,15070,0.08917394,0.33072496177628635,10.95819709499677,0.5477294921875,0.10633331537246704,0.007205478409014176,0.9715375304222107,0.2,0.03596736863255501
6549504,7259,990.95,1326.42489794,533,902,5e-05,15080,0.058585823,0.056246070587076244,10.960239319006602,0.5106201171875,0.10636027902364731,0.006733900324616115,0.984096884727478,0.2,0.030166395008563995
6561792,7259,988.72,1322.9258364700001,534,903,5e-05,15090,0.07310795,0.0803044689198335,10.965142075220744,0.5233723958333333,0.10623597353696823,0.005507415479223709,0.9787637591362,0.2,0.05034778267145157
6574080,7259,988.72,1326.36867179,535,905,5e-05,15100,0.066581026,0.4726369748202463,10.975809939702351,0.5458902994791667,0.10615117102861404,0.002797455815016292,0.9470041990280151,0.2,0.08599875867366791
6586368,7259,988.72,1326.52171626,536,907,5e-05,15110,0.06139426,0.046313923224806784,10.975138465563456,0.5219319661458334,0.10627035051584244,0.006971382354580177,0.9932313561439514,0.2,0.012698013335466385
6598656,7259,988.72,1326.8281173199998,537,908,5e-05,15120,0.07275949,0.046443290275055914,10.977778591712315,0.5120279947916667,0.10610730201005936,0.007657127248724767,0.9909793138504028,0.2,0.01725708320736885
6610944,7259,979.48,1311.1091887999999,538,910,5e-05,15130,0.06894789,0.07852119433227926,10.984868071476619,0.5285319010416667,0.1061050221323967,0.0036288638060796075,0.9725481867790222,0.2,0.04371923208236694
6623232,7259,988.53,1327.8073336799998,539,912,5e-05,15140,0.06579378,1.3994888415560127,10.990572913487751,0.5131510416666667,0.10602476447820663,0.0006322535875369795,0.9114795923233032,0.2,0.05692725628614426
6635520,7260,988.53,1328.3114633300002,540,913,5e-05,15150,0.062976584,0.07145446782621244,10.998092975219091,0.539404296875,0.10596267133951187,0.008496299848532847,0.9896508455276489,0.2,0.04861323535442352
6647808,7260,988.53,1326.17436995,541,915,5e-05,15160,0.061305802,0.06310229163306455,11.009332923094432,0.5183024088541667,0.10584020614624023,0.0036448159206580993,0.9824153184890747,0.2,0.003480268642306328
6660096,7260,990.76,1331.6433344000002,542,917,5e-05,15170,0.062327594,0.058068841036098696,11.01544649998347,0.5165201822916666,0.10578978061676025,0.008438368062100684,0.9772284030914307,0.2,0.013359848409891129
6672384,7260,972.19,1304.9924432500002,543,919,5e-05,15180,0.05920757,0.07072350104960302,11.022622789939245,0.5341227213541667,0.10572662204504013,0.006550587699651563,0.9810760021209717,0.2,0.024150438606739044
6684672,7260,972.19,1305.84217684,544,920,5e-05,15190,0.045395184,2.09194932001022,11.031433914105097,0.4649576822916667,0.10569104552268982,-0.002993442183166432,0.933412492275238,0.2,0.14638067781925201
6696960,7260,972.19,1306.5324694,545,922,5e-05,15200,0.07797186,0.21426081190196175,11.037130957841873,0.5611979166666666,0.10563851147890091,0.004799120173265692,0.9069106578826904,0.2,0.04972334951162338
6709248,7260,972.53,1310.04769014,546,924,5e-05,15210,0.066472135,0.0637831222343569,11.043294829130172,0.5182779947916667,0.10560121387243271,0.004644358922087121,0.9894676208496094,0.2,0.013871552422642708
6721536,7260,972.53,1307.40623297,547,925,5e-05,15220,0.074022196,2.8723442482141155,11.043464958667755,0.5576985677083334,0.10564908385276794,-0.00202097081685982,0.963501513004303,0.2,0.8046491146087646
6733824,7260,972.53,1307.4734458599999,548,927,5e-05,15230,0.07132193,0.15617226797621697,11.04023241798083,0.5543538411458333,0.1057191714644432,0.005627402250926631,0.952285885810852,0.2,0.13367798924446106
6746112,7260,972.53,1307.80751915,549,929,5e-05,15240,0.06475696,0.10601964376401156,11.041656609376272,0.5451497395833333,0.1056857779622078,0.0053365222566450635,0.9727697372436523,0.2,0.02679484337568283
6758400,7260,972.53,1307.45238879,550,930,5e-05,15250,0.06923924,0.10624957609300813,11.054845255613326,0.533935546875,0.10547399520874023,0.004619791321844483,0.9771323204040527,0.2,0.031869638711214066
6770688,7260,991.1,1335.1300838700001,551,932,5e-05,15260,0.05351674,0.05488267291026811,11.06590918302536,0.5138834635416667,0.10548009723424911,0.008170254410166914,0.989022433757782,0.2,0.020922891795635223
6782976,7260,991.1,1334.15506544,552,934,5e-05,15270,0.060744714,0.057598733343183994,11.072616020838419,0.513720703125,0.10543067008256912,0.006409344501056087,0.9902364015579224,0.2,0.03057052195072174
6795264,7260,991.1,1334.4584611100001,553,935,5e-05,15280,0.066319145,0.08333923160874596,11.078732707103093,0.5309895833333333,0.10542106628417969,0.004725195586797781,0.9806249737739563,0.2,0.036716267466545105
6807552,7260,1000.0,1347.69026691,554,937,5e-05,15290,0.057978746,0.0592569689033553,11.087178194522858,0.5055338541666666,0.10526809096336365,0.0001473367524643739,0.9871190786361694,0.2,0.009125441312789917
6819840,7260,1000.0,1346.5661958100004,555,939,5e-05,15300,0.059883934,0.06323063465145727,11.100132139523824,0.5313232421875,0.10520473122596741,0.007012418301019352,0.9933207631111145,0.2,0.012109136208891869
6832128,7260,1000.0,1347.79991218,556,940,5e-05,15310,0.059043523,0.04450197420471037,11.109521887699763,0.5168375651041667,0.10514888912439346,0.005437448914744891,0.9852904081344604,0.2,0.02088446542620659
6844416,7260,1000.0,1348.42043845,557,942,5e-05,15320,0.05373928,0.046109087532386184,11.109479252497355,0.4947591145833333,0.10516627877950668,0.0025816725620340245,0.9921683669090271,0.2,0.016514889895915985
6856704,7260,1000.0,1347.8994717100002,558,944,5e-05,15330,0.061595526,0.0766785833829393,11.11612403790156,0.5205159505208333,0.10511788725852966,0.004030768711527344,0.9785046577453613,0.2,0.043525196611881256
6868992,7260,1000.0,1347.6585794599998,559,946,5e-05,15340,0.058208164,0.061597775435075164,11.132852534453074,0.5074137369791667,0.10493043065071106,0.005339299413996438,0.992048978805542,0.2,0.021031688898801804
6881280,7260,1000.0,1346.7270725900003,560,947,5e-05,15350,0.05892867,0.045356945033806065,11.148809512456259,0.5116861979166667,0.10488633066415787,0.008754884892550763,0.9918465614318848,0.2,0.004508147016167641
6893568,7260,993.05,1337.45191569,561,949,5e-05,15360,0.06777833,0.05812130672857165,11.163198808828989,0.5139404296875,0.10473406314849854,0.003541936586649778,0.9933056235313416,0.2,0.03030834160745144
6905856,7260,984.06,1324.3536403700002,562,951,5e-05,15370,0.06208085,0.6449797824956477,11.175049648682277,0.5139729817708333,0.10467638820409775,-0.00010908018690921986,0.926956832408905,0.2,0.40002042055130005
6918144,7260,974.98,1311.8418840500003,563,952,5e-05,15380,0.06367653,0.31241917533334346,11.184766604502995,0.5286295572916667,0.1045224666595459,6.249375631644701e-05,0.9504153728485107,0.2,0.06994199007749557
6930432,7260,959.95,1287.37567351,564,954,5e-05,15390,0.06984908,1.0553577371407301,11.192273545265198,0.5601481119791667,0.10455963760614395,0.003128118041786365,0.9200277924537659,0.2,0.21345371007919312
6942720,7261,959.95,1286.14292059,565,956,5e-05,15400,0.050713506,7.729251011274755,11.19409192999204,0.484619140625,0.10456231981515884,-0.006330810677415381,0.9508326053619385,0.2,3.6013667583465576
6955008,7261,959.95,1284.95566887,566,957,5e-05,15410,0.0886626,0.9357864583687235,11.186156596740087,0.6134440104166666,0.10468592494726181,0.01175734597297075,0.8727155923843384,0.2,2.1773569583892822
6967296,7261,959.95,1285.62339524,567,959,5e-05,15420,0.103220485,0.15714861376521488,11.180513415733973,0.6361897786458334,0.10463719815015793,0.011996621878643055,0.8682623505592346,0.2,0.09245745092630386
6979584,7261,954.95,1281.3329617,568,961,5e-05,15430,0.06884027,0.06846796676206092,11.185730350017547,0.5453206380208333,0.10456786304712296,0.00882024440021875,0.9824762344360352,0.2,0.01285412348806858
6991872,7261,946.47,1267.0158763699997,569,962,5e-05,15440,0.06394499,0.2856158411207919,11.18711941043536,0.560107421875,0.1045817956328392,0.0029939622244758842,0.9479677677154541,0.2,0.024933364242315292
7004160,7261,939.74,1257.7473658200001,570,964,5e-05,15450,0.075729944,9.577924081031233,11.18976735273997,0.5479736328125,0.10453500598669052,0.0006277698773677306,0.9053533673286438,0.2,3.100454330444336
7016448,7261,942.37,1260.9751504299998,571,966,5e-05,15460,0.0675638,4.459544519831737,11.188089692592621,0.5814615885416666,0.10455075651407242,0.004959569358713149,0.9534483551979065,0.2,0.9329733848571777
7028736,7261,945.57,1266.7563348899998,572,967,5e-05,15470,0.121313356,2.739007610330979,11.189915190140406,0.6240966796875,0.10449394583702087,0.011258396782310835,0.9721676111221313,0.2,0.7839071154594421
7041024,7261,945.57,1267.04194815,573,969,5e-05,15480,0.13029774,2.5252317590018114,11.190168354908625,0.6651285807291667,0.10450766235589981,0.010531381237766861,0.9576377868652344,0.2,0.4849039316177368
7053312,7261,944.43,1266.70411825,574,971,5e-05,15490,0.12850463,0.3899111259263009,11.175378050406774,0.6838948567708333,0.10468973964452744,0.028265253015464016,0.9098032712936401,0.2,0.15714865922927856
7065600,7261,949.43,1273.60742741,575,972,5e-05,15500,0.081477255,1.0705597033258527,11.161923925081888,0.6080159505208333,0.10474274307489395,0.003104246429090078,0.979557454586029,0.2,0.3635586202144623
7077888,7261,948.2,1269.42931328,576,974,5e-05,15510,0.07333528,0.062414741578201455,11.153157752752303,0.5756103515625,0.1048768162727356,0.013821339314987805,0.9816173315048218,0.2,0.015581466257572174
7090176,7262,955.53,1279.6871266800001,577,976,5e-05,15520,0.086835645,3.298755189900597,11.147528763612112,0.5224609375,0.10488057136535645,0.0039061878880602306,0.969034731388092,0.2,1.9718685150146484
7102464,7262,962.33,1290.7053700100003,578,977,5e-05,15530,0.07897486,0.06395820176694542,11.15103120803833,0.5759847005208333,0.10480155795812607,0.01777441329419768,0.9900727868080139,0.2,0.035845208913087845
7114752,7262,968.78,1302.88481409,579,979,5e-05,15540,0.052076798,0.7652532873209565,11.151770691076914,0.522216796875,0.10477229207754135,0.0004218272093567066,0.9611209034919739,0.2,0.1595289707183838
7127040,7262,979.89,1315.95843388,580,981,5e-05,15550,0.082052946,0.12657980845930675,11.151426376899083,0.5829182942708333,0.10482332855463028,0.01081910852129416,0.9724634885787964,0.2,0.059205494821071625
7139328,7262,979.89,1315.49868689,581,983,5e-05,15560,0.09309441,2.6112626107409596,11.14540698726972,0.6380208333333334,0.10485326498746872,0.00914946802367922,0.9421520829200745,0.2,0.558137059211731
7151616,7262,981.03,1318.2762776900001,582,984,5e-05,15570,0.072066545,0.150847449619323,11.135075370470682,0.5693359375,0.10490705817937851,0.013507800305281611,0.9517572522163391,0.2,0.09299292415380478
7163904,7262,972.39,1306.17956943,583,986,5e-05,15580,0.074287884,0.1763524340155224,11.121620535850525,0.5473388671875,0.10495560616254807,0.0040854478788484505,0.9714643359184265,0.2,0.07298745959997177
7176192,7262,975.83,1311.85990999,584,988,5e-05,15590,0.0783733,1.4925754196631411,11.116901183128357,0.5619547526041667,0.10492122173309326,0.0016207022881038332,0.9620176553726196,0.2,0.4615749716758728
7188480,7262,975.83,1310.16232145,585,989,5e-05,15600,0.08654218,0.8991099482712647,11.118613678216935,0.5884521484375,0.10483860224485397,0.0062567988158358885,0.960400402545929,0.2,0.133888378739357
7200768,7262,984.75,1321.4558903800003,586,991,5e-05,15610,0.075499006,0.24217169071392466,11.128325374921163,0.5966552734375,0.10471915453672409,0.012302087268714483,0.9571655988693237,0.2,0.08430203795433044
7213056,7262,984.75,1321.8458127800002,587,993,5e-05,15620,0.08537039,0.08214255670706432,11.150424033403397,0.5527587890625,0.10454732179641724,0.010967023451424513,0.9859816431999207,0.2,0.0204458050429821
7225344,7262,985.47,1325.5903618200005,588,994,5e-05,15630,0.06801327,0.06342369428991029,11.162443894147874,0.5303955078125,0.10446331650018692,0.0096176005123804,0.9830425381660461,0.2,0.028391126543283463
7237632,7262,985.47,1325.1358254499999,589,996,5e-05,15640,0.06352058,0.058993951448549825,11.172205366690953,0.5310628255208333,0.10427048057317734,0.010436929111407759,0.987525224685669,0.2,0.009232684969902039
7249920,7262,985.47,1324.9241356700002,590,998,5e-05,15650,0.058763176,0.05779137865174562,11.19120890100797,0.5041829427083333,0.10406924039125443,0.004910873980649436,0.9883022308349609,0.2,0.032542113214731216
7262208,7262,991.34,1332.5983802399999,591,1000,5e-05,15660,0.07021894,0.3122096990545591,11.203277911742529,0.5388590494791666,0.10400959849357605,0.005581980710364102,0.9373612403869629,0.2,0.07838129997253418
7274496,7262,991.49,1333.31236859,592,1001,5e-05,15670,0.05651466,1.0362670801579952,11.206301780541738,0.5115071614583333,0.10399331897497177,0.004300125608278904,0.9717981815338135,0.2,0.4524831473827362
7286784,7262,983.45,1322.1531758499998,593,1003,5e-05,15680,0.06821445,1.0348371198012805,11.209086324771246,0.561669921875,0.10395755618810654,0.008127156178185638,0.9762256145477295,0.2,0.9056283235549927
7299072,7262,983.45,1320.9639737999998,594,1005,5e-05,15690,0.097007595,0.7038514712980638,11.214096007744471,0.5685139973958333,0.10393127053976059,0.002402781683485955,0.9724752306938171,0.2,0.07720039784908295
7311360,7262,983.45,1320.89717557,595,1006,5e-05,15700,0.11404302,0.19583317275779943,11.212804794311523,0.6278889973958334,0.10397209972143173,0.01779372129337086,0.9551982879638672,0.2,0.09226014465093613
7323648,7262,983.45,1320.6938321300001,596,1008,5e-05,15710,0.06284595,0.18998595671728252,11.210810061295827,0.5601318359375,0.10387254506349564,0.008476943536758577,0.9059373736381531,0.2,0.016378074884414673
7335936,7262,983.45,1322.43995786,597,1010,5e-05,15720,0.06951013,0.06981904535399129,11.212684746583303,0.5546468098958334,0.10388306528329849,0.01250975387665676,0.9825546741485596,0.2,0.03817193955183029
7348224,7262,968.42,1300.8086688099997,598,1011,5e-05,15730,0.07558737,0.1191917858629798,11.20992381175359,0.5376953125,0.10396113991737366,0.00401996149836729,0.9786986708641052,0.2,0.09323970973491669
7360512,7263,958.63,1284.87004581,599,1013,5e-05,15740,0.053972155,0.9728184650962551,11.207438351710637,0.509375,0.10392864793539047,-0.004136590071235939,0.9390561580657959,0.2,0.16268761456012726
7372800,7263,964.37,1293.7393909899997,600,1015,5e-05,15750,0.066595204,2.404991429299116,11.208380579948425,0.5538330078125,0.10392078012228012,-0.00017538907704874873,0.9513503313064575,0.2,1.8720654249191284
7385088,7263,972.41,1304.78385603,601,1016,5e-05,15760,0.100869,1.2135085896976914,11.221431372563044,0.6158772786458333,0.10370101779699326,0.007912380765386235,0.44282400608062744,0.2,1.68332040309906
7397376,7263,955.31,1283.6569017499999,602,1018,5e-05,15770,0.07747773,0.1077268232125789,11.233234598239262,0.5806477864583334,0.10368918627500534,0.009036554863268976,0.9569295644760132,0.2,0.050628550350666046
7409664,7263,931.57,1248.0130756,603,1020,5e-05,15780,0.049782705,1.7728588211660583,11.229525655508041,0.5414794921875,0.1036812961101532,-0.0003154623356143323,0.9728600382804871,0.2,0.1283828765153885
7421952,7263,931.57,1246.91868794,604,1021,5e-05,15790,0.07038126,5.208906256780028,11.231178136666616,0.55673828125,0.10364989191293716,0.000871482689884336,0.9566090703010559,0.2,0.7718191146850586
7434240,7263,940.33,1260.5512223399999,605,1023,5e-05,15800,0.11994622,0.3434219986821214,11.231464346249899,0.65400390625,0.10365172475576401,0.01787457274476765,0.8963947892189026,0.2,0.06189940124750137
7446528,7263,949.37,1272.7315563200002,606,1025,5e-05,15810,0.10109529,0.12987823145619284,11.239610419670742,0.6059000651041667,0.10354600101709366,0.009375412359562081,0.9585029482841492,0.2,0.03466445952653885
7458816,7263,954.32,1280.7786477700001,607,1026,5e-05,15820,0.08361924,0.1784252289760237,11.248471885919571,0.5960205078125,0.1034882441163063,0.008581426234983761,0.9712136387825012,0.2,0.057538021355867386
7471104,7264,945.04,1267.4841122,608,1028,5e-05,15830,0.064575605,0.8944007025721172,11.249976750214895,0.5382893880208334,0.10348609834909439,-0.003187971450582457,0.9261963963508606,0.2,0.11060084402561188
7483392,7263,945.04,1264.79403556,609,1030,5e-05,15840,0.07951297,3.4838278815615924,11.252962388594945,0.570263671875,0.10337024182081223,0.00756814753888951,0.9347703456878662,0.2,0.2483280748128891
7495680,7264,944.99,1263.48251649,610,1031,5e-05,15850,0.08148919,0.0916582362105449,11.256772822141647,0.5836669921875,0.10339346528053284,0.012511426906470054,0.9322536587715149,0.2,0.06913657486438751
7507968,7264,955.92,1279.04688839,611,1033,5e-05,15860,0.06663417,2.6010055455068746,11.254593654473622,0.5465576171875,0.10342559963464737,0.001740642423586299,0.9524946212768555,0.2,4.121490955352783
7520256,7264,955.92,1279.70977143,612,1035,5e-05,15870,0.08968725,7.781268925778567,11.254020953178406,0.544140625,0.10341054946184158,-0.00048266906136025983,0.937944233417511,0.2,0.3155381679534912
7532544,7264,955.92,1279.29228604,613,1036,5e-05,15880,0.08582119,0.08887001657082388,11.255859345197678,0.6160481770833334,0.1034514307975769,0.01738986782147549,0.9561260938644409,0.2,0.0221356600522995
7544832,7264,960.76,1288.93616109,614,1038,5e-05,15890,0.07179394,0.05494027607298146,11.244914515813191,0.563330078125,0.10354437679052353,0.011100245492707472,0.9796839356422424,0.2,0.03774552792310715
7557120,7264,951.9,1276.9838076299998,615,1040,5e-05,15900,0.059732527,0.07701466037736585,11.238275704781215,0.53798828125,0.10356790572404861,0.00774317348744565,0.9659621119499207,0.2,0.0493902750313282
7569408,7264,961.18,1289.58590316,616,1041,5e-05,15910,0.06451244,0.4387690528916816,11.231882178783417,0.5445231119791667,0.10361119359731674,-0.0002549120351128901,0.9438472390174866,0.2,0.034212104976177216
7581696,7264,961.18,1291.2969620899996,617,1043,5e-05,15920,0.09226933,0.18098395564593375,11.232672305901845,0.6046712239583333,0.10358583182096481,0.013890417186970202,0.9356032609939575,0.2,0.049598146229982376
7593984,7264,970.1,1305.02479932,618,1045,5e-05,15930,0.077138945,0.10265087626564005,11.238020116090775,0.5349283854166667,0.1035609245300293,0.008111348120534483,0.9855117797851562,0.2,0.059011198580265045
7606272,7264,969.63,1304.7239017399997,619,1047,5e-05,15940,0.07184707,1.459967529005371,11.23631392121315,0.5309000651041667,0.10354885458946228,-0.0016421236301539465,0.9471269845962524,0.2,0.8410384058952332
7618560,7264,969.63,1305.1769691900001,620,1048,5e-05,15950,0.059538264,1.7771582490454116,11.242532515525818,0.5511962890625,0.1034773513674736,-0.001436109336403509,0.9712016582489014,0.2,0.9155623316764832
7630848,7264,969.63,1302.6539987200001,621,1050,5e-05,15960,0.085282974,0.1542417490389198,11.247225038210551,0.6009440104166667,0.1034572497010231,0.0169880835392784,0.9772301316261292,0.2,0.09226351976394653
7643136,7264,969.63,1299.9431576700001,622,1052,5e-05,15970,0.063718736,0.06178001045870284,11.248225857814154,0.5487223307291667,0.10345581918954849,0.012319841474527493,0.9914395213127136,0.2,0.03766888380050659
7655424,7264,978.49,1312.56251078,623,1053,5e-05,15980,0.06732588,0.08111352612419674,11.246275168657302,0.541162109375,0.10350468009710312,0.006651207899752384,0.9786424040794373,0.2,0.03126086667180061
7667712,7264,978.49,1311.94549783,624,1055,5e-05,15990,0.059852105,0.04847481505712494,11.249412260452907,0.5188151041666667,0.10333669185638428,0.008003578712426436,0.988673210144043,0.2,0.04649817571043968
7680000,7264,978.49,1312.09526518,625,1057,5e-05,16000,0.062541,0.058943404878179236,11.267814103762309,0.5110107421875,0.103190578520298,0.0051701978566901135,0.9859164953231812,0.2,-0.003018023446202278
7692288,7264,977.93,1314.28090737,626,1058,5e-05,16010,0.068771206,0.08101635755350192,11.278289373715719,0.5155029296875,0.10316276550292969,0.004738263586477842,0.9715747237205505,0.2,0.02375582978129387
7704576,7264,991.21,1334.8975185499999,627,1060,5e-05,16020,0.049773186,0.48453531311824916,11.277646124362946,0.5098388671875,0.10314273834228516,-0.0008928372185134019,0.9478535652160645,0.2,0.18326562643051147
7716864,7264,983.45,1321.56484367,628,1062,5e-05,16030,0.06784834,0.08646655762568116,11.276027180751164,0.5400553385416667,0.10319987684488297,0.006677575169790847,0.9872480034828186,0.2,0.05707410350441933
7729152,7264,974.27,1309.9570244899996,629,1063,5e-05,16040,0.05759376,2.1084189514784764,11.27286966641744,0.5436767578125,0.10319804400205612,0.0014895576876976216,0.9495757222175598,0.2,0.6033836603164673
7741440,7265,969.77,1303.80647802,630,1065,5e-05,16050,0.07009448,1.309012055179725,11.273896483580272,0.5603678385416667,0.10315445810556412,0.006566944059644205,0.9490852952003479,0.2,0.10571800172328949
7753728,7265,951.75,1279.35212716,631,1067,5e-05,16060,0.07418168,2.9794270053505896,11.276177632808686,0.5810872395833333,0.10321631282567978,0.004804929040255956,0.9761039018630981,0.2,3.146848678588867
7766016,7265,939.06,1262.52889834,632,1068,5e-05,16070,0.07422087,0.8794114070168386,11.27246270775795,0.58662109375,0.10320878028869629,0.00916794506435205,0.9787024855613708,0.2,0.0828980877995491
7778304,7265,931.27,1250.3200575600001,633,1070,5e-05,16080,0.06834546,4.840697420015931,11.27144718170166,0.5699869791666666,0.10322022438049316,0.0024353278958490895,0.9637893438339233,0.2,1.817193865776062
7790592,7265,940.06,1261.4946962399997,634,1072,5e-05,16090,0.101732545,1.840712274129813,11.27044648528099,0.6427571614583333,0.10316725820302963,0.00782995010764959,0.9661586284637451,0.2,2.5780742168426514
7802880,7265,931.8,1249.1831788999998,635,1073,5e-05,16100,0.11103219,0.1947163841376702,11.267056715488433,0.6592203776041666,0.10328078269958496,0.018204452783781258,0.9529784917831421,0.2,0.07197586447000504
7815168,7265,929.79,1246.45934156,636,1075,5e-05,16110,0.08267517,1.5294695700208345,11.254764036337535,0.5871175130208334,0.1032957136631012,0.00765429365177018,0.9602069854736328,0.2,1.513019323348999
7827456,7265,938.97,1260.4760165300002,637,1077,5e-05,16120,0.09148999,1.6786124328306566,11.251692946751913,0.5796305338541666,0.10330679267644882,-0.0011527941135379175,0.902516782283783,0.2,0.07405991107225418
7839744,7265,947.05,1272.1432076,638,1079,5e-05,16130,0.09670546,0.0864326168394958,11.24822980761528,0.60009765625,0.10336959362030029,0.01726197503109385,0.9625940322875977,0.2,0.04648733139038086
7852032,7265,956.36,1281.7349866800002,639,1080,5e-05,16140,0.08542245,1.7718805766354004,11.236433029174805,0.5857177734375,0.10350070148706436,0.006004316234369375,0.968452513217926,0.2,0.5743110179901123
7864320,7265,966.92,1295.76193377,640,1082,5e-05,16150,0.098825224,0.1342610418330878,11.224017560482025,0.6197184244791667,0.10360493510961533,0.0182577190331358,0.9676907062530518,0.2,0.05937613919377327
7876608,7265,974.71,1306.12296258,641,1084,5e-05,16160,0.10531341,2.539481224119663,11.21817998488744,0.5814127604166667,0.10359662771224976,0.003913001234226007,0.9322174787521362,0.2,1.003192663192749
7888896,7265,974.71,1304.45336893,642,1085,5e-05,16170,0.092285156,0.7053030084973823,11.217022641499836,0.6187744140625,0.10360291600227356,0.009910298100779376,0.8615995645523071,0.2,0.8990086913108826
7901184,7265,975.23,1306.49644071,643,1087,5e-05,16180,0.08318779,0.08127829139896979,11.22898227373759,0.5736165364583333,0.10341189056634903,0.011802392626123037,0.9874376058578491,0.2,0.0707734227180481
7913472,7265,984.03,1320.2113438699996,644,1089,5e-05,16190,0.07246291,0.462450526903073,11.242698023716608,0.5591389973958333,0.10329724103212357,0.0019453600257596311,0.9553976655006409,0.2,0.09467464685440063
7925760,7265,975.26,1307.6256435700002,645,1090,5e-05,16200,0.07371207,0.09036501133038352,11.257783802350362,0.5567789713541667,0.10316412895917892,0.009412326857273001,0.9828882217407227,0.2,0.03083013743162155
7938048,7265,980.39,1314.45012214,646,1092,5e-05,16210,0.050296906,0.315929912806799,11.257619561751683,0.5525309244791666,0.10319944471120834,0.00188058552982208,0.9742955565452576,0.2,0.3181751072406769
7950336,7266,980.39,1318.8763435500002,647,1094,5e-05,16220,0.07449115,0.07341698581973712,11.257291954755782,0.5335286458333334,0.10317385941743851,0.008600979926025805,0.9715946316719055,0.2,0.006019367836415768
7962624,7266,982.52,1322.29242933,648,1095,5e-05,16230,0.06714498,0.05555337074523171,11.25555989742279,0.51689453125,0.1031411811709404,0.005650547919018815,0.99179607629776,0.2,0.0341559499502182
7974912,7266,973.27,1309.47130575,649,1097,5e-05,16240,0.065099984,0.04987124236843859,11.26226682861646,0.5201253255208333,0.10300860553979874,0.007018815423361957,0.9905335307121277,0.2,0.05125129222869873
7987200,7266,973.27,1309.84763596,650,1099,5e-05,16250,0.052945122,0.668372582217368,11.272120080391566,0.4999755859375,0.10295160859823227,0.0017486601975785258,0.9236778020858765,0.2,0.0529610738158226
7999488,7266,981.98,1327.5685431200002,651,1100,5e-05,16260,0.053441543,0.07132764909571658,11.280281670888265,0.5026285807291667,0.10291443020105362,0.005806745037261862,0.9866419434547424,0.2,0.020263653248548508
8011776,7266,981.98,1328.3384273099998,652,1102,5e-05,16270,0.059835482,0.07610340222405891,11.277371416489283,0.5053141276041667,0.10298514366149902,0.002446685744507704,0.9847302436828613,0.2,0.03761953115463257
8024064,7266,990.75,1341.69500005,653,1104,5e-05,16280,0.08031717,0.13549701098818331,11.265884788831075,0.5655680338541667,0.10310251265764236,0.004369521726039239,0.9742628335952759,0.2,0.056664854288101196
8036352,7266,990.75,1341.9668334599999,654,1105,5e-05,16290,0.06841993,0.0840221299479405,11.260609056552251,0.5225179036458333,0.10316518694162369,0.0025708411184799237,0.9808855056762695,0.2,0.00691901333630085
8048640,7266,990.75,1339.8822134499997,655,1107,5e-05,16300,0.063807316,0.059483706935619315,11.258206824461618,0.5048095703125,0.10311466455459595,0.0027442760668539754,0.9875883460044861,0.2,0.01209350861608982
8060928,7266,990.75,1338.75794773,656,1109,5e-05,16310,0.062167775,0.06194445608028521,11.270318009455998,0.5206705729166666,0.10291636735200882,0.0027641663031924206,0.9899587035179138,0.2,0.010419270023703575
8073216,7266,990.75,1338.0244232899997,657,1110,5e-05,16320,0.053303566,0.05646568793648233,11.282145098845165,0.5056803385416667,0.10284773260354996,0.004687944946150917,0.9894682168960571,0.2,0.023240290582180023
8085504,7266,1000.0,1351.11106547,658,1112,5e-05,16330,0.052526247,0.0627987645023192,11.299927673737209,0.482568359375,0.10261529684066772,0.004005124390338703,0.9923813939094543,0.2,0.037903908640146255
8097792,7266,1000.0,1346.7988717899998,659,1114,5e-05,16340,0.050371483,0.0749216008776178,11.321954452991486,0.506982421875,0.10245368629693985,0.0024536814642488027,0.9886376857757568,0.2,0.029183942824602127
8110080,7266,1000.0,1342.37816951,660,1116,5e-05,16350,0.061036047,0.06803182119814058,11.329382383823395,0.5162679036458333,0.10240176320075989,0.003509868054728334,0.9932295083999634,0.2,0.021159004420042038
8122368,7266,991.11,1330.8147222100001,661,1117,5e-05,16360,0.055257127,0.05233262317876021,11.334233931700389,0.4950032552083333,0.10229477286338806,0.002849836496655674,0.9941725730895996,0.2,0.02736940234899521
8134656,7266,982.16,1315.8516291100002,662,1119,5e-05,16370,0.045690794,0.15257973933281999,11.338875140746435,0.5037923177083333,0.10221249610185623,-0.0020445937412053657,0.9664457440376282,0.2,0.008827492594718933
8146944,7266,967.58,1295.26873931,663,1121,5e-05,16380,0.054775875,1.3296191410083944,11.348509192466736,0.5146891276041666,0.10214829444885254,-0.0027361404626086976,0.921613335609436,0.2,0.9084417819976807
8159232,7266,967.58,1298.8051011,664,1122,5e-05,16390,0.09383374,2.501966791506857,11.349562062819798,0.6053304036458333,0.10220124572515488,0.009650708774036806,0.9683594107627869,0.2,0.1300382763147354
8171520,7266,967.58,1297.8712129,665,1124,5e-05,16400,0.08300463,0.12775431727059186,11.349574317534765,0.591064453125,0.10217253118753433,0.010230438426757853,0.9347608089447021,0.2,0.021798614412546158
8183808,7266,967.58,1296.54522232,666,1126,5e-05,16410,0.07410258,0.0857326691194127,11.353618496656418,0.5642171223958333,0.10207083821296692,0.007587261689332081,0.9863097667694092,0.2,0.008997458964586258
8196096,7267,967.58,1297.26453669,667,1127,5e-05,16420,0.05911374,0.06880768166544536,11.356943593422573,0.528369140625,0.10200250893831253,0.01040453082920673,0.9914615750312805,0.2,0.01880786567926407
8208384,7267,959.2,1286.4139993000001,668,1129,5e-05,16430,0.056794118,0.06113102331291884,11.363718169927598,0.5085774739583333,0.10193314403295517,0.007866249531798531,0.9901699423789978,0.2,0.01680329628288746
8220672,7267,968.09,1295.2176926,669,1131,5e-05,16440,0.07676863,1.5265317061605552,11.366992145776749,0.535595703125,0.10193026065826416,0.0006365134991938248,0.9238987565040588,0.2,1.1510776281356812
8232960,7267,977.54,1310.18965509,670,1132,5e-05,16450,0.105111115,0.6486005105233441,11.3607492963473,0.615478515625,0.10206830501556396,0.008241102594668821,0.9183170199394226,0.2,0.24059458076953888
8245248,7267,982.97,1317.18905367,671,1134,5e-05,16460,0.059372712,0.40892636257534226,11.3544196108977,0.5492757161458334,0.10203930735588074,0.004408055558451451,0.9573426246643066,0.2,0.0323762521147728
8257536,7267,982.97,1314.2909828000002,672,1136,5e-05,16470,0.07811875,0.07912552247289568,11.368167344729105,0.5801920572916667,0.1019180417060852,0.013056275465593596,0.9910903573036194,0.2,0.0711994469165802
8269824,7267,982.97,1317.22148864,673,1137,5e-05,16480,0.06152023,0.05101861524550865,11.380318808555604,0.53134765625,0.10178873687982559,0.008499610717990436,0.9937382340431213,0.2,0.037190280854701996
8282112,7267,982.97,1320.2999548100001,674,1139,5e-05,16490,0.056451183,0.0392287628686366,11.39079717596372,0.5139404296875,0.10172776132822037,0.010355892862814168,0.9836172461509705,0.2,0.021690290421247482
8294400,7267,982.97,1321.0710281100003,675,1141,5e-05,16500,0.08288533,0.09799653700708101,11.396777872244517,0.5544759114583333,0.10164419561624527,0.008812166123728577,0.9585744142532349,0.2,0.01998041570186615
8306688,7267,991.35,1332.47120626,676,1142,5e-05,16510,0.0757482,0.05362663601990789,11.400087934732436,0.5496744791666667,0.10167670994997025,0.006228830067266244,0.9844505190849304,0.2,0.0184437595307827
8318976,7267,991.35,1334.06318603,677,1144,5e-05,16520,0.06494851,0.06769729098305106,11.408352420727413,0.5329996744791666,0.10149792581796646,0.006251302677749967,0.9918548464775085,0.2,0.03353903815150261
8331264,7267,1000.0,1346.7509351899998,678,1146,5e-05,16530,0.061587363,0.05389576030429453,11.422725768884023,0.5411295572916667,0.10143344849348068,0.012139575622859411,0.9915961027145386,0.2,0.033868588507175446
8343552,7267,995.41,1339.8330872200002,679,1148,5e-05,16540,0.053522706,0.052323480835184455,11.42975471218427,0.4976725260416667,0.10138741880655289,0.00491014702032165,0.9879042506217957,0.2,0.03212646767497063
8355840,7267,995.41,1338.91417755,680,1149,5e-05,16550,0.080130816,0.6489651160314679,11.4319053987662,0.55009765625,0.10135438293218613,0.006413411183651381,0.9515017867088318,0.2,0.06715058535337448
8368128,7267,986.45,1323.9163422800002,681,1151,5e-05,16560,0.069249034,0.3453753827139735,11.434697020053864,0.5732666015625,0.10137315839529037,0.004712961533126266,0.8800603151321411,0.2,0.06531748175621033
8380416,7267,986.45,1324.9037652,682,1153,5e-05,16570,0.0518014,0.3788898516679183,11.436287637551626,0.5374186197916667,0.10126440972089767,0.0014006895823210168,0.921791672706604,0.2,0.07641966640949249
8392704,7267,986.45,1324.4833174499997,683,1154,5e-05,16580,0.073413484,0.05568972536905979,11.448697847127914,0.5481201171875,0.10126513242721558,0.01047737010133763,0.985049307346344,0.2,0.006539054214954376
8404992,7267,986.45,1326.2978172300002,684,1156,5e-05,16590,0.059706416,0.052290215614872675,11.458654034137727,0.5317464192708333,0.10108533501625061,0.007291847552793721,0.9931040406227112,0.2,0.018867390230298042
8417280,7268,986.45,1328.58140616,685,1158,5e-05,16600,0.06878271,0.0928236829660212,11.467011946439744,0.5401936848958333,0.1010977029800415,0.005470270864801326,0.9836143851280212,0.2,0.03799009695649147
8429568,7268,986.45,1328.2987171,686,1159,5e-05,16610,0.06811274,0.13595710877173892,11.471046215295791,0.5351643880208333,0.10102339833974838,0.00940185164702901,0.971714973449707,0.2,0.05578572303056717
8441856,7268,978.95,1318.22485529,687,1161,5e-05,16620,0.062364984,1.092729278607294,11.473268163204192,0.5478597005208333,0.10104429721832275,0.0009052421713325506,0.9325203895568848,0.2,0.365849107503891
8454144,7268,972.02,1311.0156434,688,1163,5e-05,16630,0.06458863,0.06699611054888616,11.47261647383372,0.5468098958333333,0.10101121664047241,0.005719435706123477,0.9987607598304749,0.2,0.0317971296608448
8466432,7268,980.98,1325.02995388,689,1164,5e-05,16640,0.051226716,4.295930596254766,11.475241547822952,0.5278483072916667,0.10095050930976868,0.0036108471957656246,0.9637856483459473,0.2,2.609980344772339
8478720,7268,980.98,1323.97715776,690,1166,5e-05,16650,0.08242438,0.08351316347252577,11.47903175552686,0.5704508463541667,0.10088837146759033,0.012224288440969152,0.9857315421104431,0.2,0.04812078922986984
8491008,7268,967.08,1305.6267177299999,691,1168,5e-05,16660,0.060210083,0.32286901588862144,11.480600406726202,0.5632080078125,0.10087106376886368,0.004145981987918882,0.9383350610733032,0.2,0.06507211178541183
8503296,7268,967.08,1303.1443938900002,692,1169,5e-05,16670,0.08699774,0.662241694300125,11.47651895682017,0.5779296875,0.10090874880552292,0.006962729304602059,0.9833933115005493,0.2,0.44217684864997864
8515584,7268,967.08,1300.79206069,693,1171,5e-05,16680,0.07862848,0.06056420764264961,11.47587290207545,0.5826904296875,0.10083799809217453,0.016967149687116035,0.9902604818344116,0.2,0.007693061605095863
8527872,7268,973.77,1311.18034293,694,1173,5e-05,16690,0.0751458,0.0679896878854682,11.484485807021459,0.5538004557291667,0.10075051337480545,0.010985282384111391,0.9863990545272827,0.2,0.005714217200875282
8540160,7268,979.17,1316.26590898,695,1174,5e-05,16700,0.080696225,0.2765974512013296,11.489474666118621,0.5843098958333334,0.10070660710334778,0.009395799992974692,0.9471040964126587,0.2,0.01700705662369728
8552448,7268,986.1,1325.76282909,696,1176,5e-05,16710,0.08041268,1.9465311375601837,11.49418719013532,0.5984375,0.1007007285952568,0.011293176198281192,0.9124404191970825,0.2,0.04805096238851547
8564736,7268,986.1,1325.904232,697,1178,5e-05,16720,0.08446777,0.08654945104693373,11.495566141605376,0.5820556640625,0.10065177828073502,0.015818386603496038,0.9604270458221436,0.2,0.026291601359844208
8577024,7268,986.1,1327.5171880899998,698,1180,5e-05,16730,0.056141037,0.04645793049906691,11.50220999121666,0.5094156901041667,0.10059013217687607,0.005150281057285611,0.9903028607368469,0.2,0.05383943021297455
8589312,7268,1000.0,1346.6298157399997,699,1181,5e-05,16740,0.05695109,0.06897022876267632,11.508186558882395,0.530419921875,0.10049214214086533,0.0060932097597590955,0.9915149807929993,0.2,0.021305659785866737
8601600,7268,1000.0,1346.9101381200003,700,1183,5e-05,16750,0.088367246,0.9651829808019101,11.513874715566635,0.580029296875,0.10043587535619736,0.006936263892081722,0.9401108026504517,0.2,0.23909351229667664
8613888,7268,1000.0,1347.8587867,701,1185,5e-05,16760,0.06925946,0.04667024290732418,11.52264341711998,0.5317301432291667,0.10034038871526718,0.008535298937931656,0.9944305419921875,0.2,0.016436586156487465
8626176,7268,994.89,1339.20409649,702,1186,5e-05,16770,0.067240514,0.06260538060838977,11.532110184431076,0.527587890625,0.10026943683624268,0.004988346903701313,0.9849729537963867,0.2,-0.0103094931691885
8638464,7268,994.89,1341.3136365,703,1188,5e-05,16780,0.06658829,1.4093401117948816,11.538753376404445,0.5380940755208333,0.10025133937597275,0.002811747144248026,0.9762725830078125,0.2,0.027451887726783752
8650752,7268,986.63,1330.3317226899997,704,1190,5e-05,16790,0.07054511,0.06454803964588791,11.544271075725556,0.5520833333333334,0.10017585754394531,0.00830140976953165,0.9904474020004272,0.2,0.04075348377227783
8663040,7268,986.63,1329.63093349,705,1191,5e-05,16800,0.06261276,0.7084128552814946,11.54978577097257,0.5385416666666667,0.10012523084878922,0.0019288852257886902,0.963768482208252,0.2,0.09605145454406738
8675328,7268,986.63,1327.1106494100002,706,1193,5e-05,16810,0.07726384,0.06001684850392242,11.5600210805734,0.5765706380208333,0.09994613379240036,0.015001013680011966,0.9810043573379517,0.2,0.017544953152537346
8687616,7268,986.63,1327.31234762,707,1195,5e-05,16820,0.06250617,0.04046087825360398,11.575691672166188,0.5467203776041667,0.09984169155359268,0.011814872957863069,0.9879987239837646,0.2,0.0645008236169815
8699904,7268,986.63,1326.7133562899999,708,1196,5e-05,16830,0.06295746,0.039348417578730734,11.579498745997746,0.5390625,0.09980864077806473,0.010817553362479278,0.9927276968955994,0.2,0.0390324667096138
8712192,7269,986.63,1328.4132412799997,709,1198,5e-05,16840,0.08068337,0.36802722737193105,11.573799679676691,0.5914143880208333,0.09987769275903702,0.005174325250603336,0.8669006824493408,0.2,0.1348300576210022
8724480,7269,991.74,1336.77663273,710,1200,5e-05,16850,0.088880956,0.12680791611783207,11.570863074064254,0.5716389973958333,0.09985756874084473,0.0135872590598107,0.9298186302185059,0.2,0.08795981109142303
8736768,7269,991.74,1338.4649967800003,711,1201,5e-05,16860,0.055834513,0.08155707629242291,11.572341752052306,0.5131591796875,0.09983410686254501,0.009665959244011901,0.9880305528640747,0.2,0.018555574119091034
8749056,7269,1000.0,1348.56237543,712,1203,5e-05,16870,0.057410073,0.06422335668466986,11.57568102280299,0.5098388671875,0.09975264221429825,0.004210079304175452,0.984142541885376,0.2,0.004066774621605873
8761344,7269,1000.0,1347.4669401100002,713,1205,5e-05,16880,0.06757263,0.06088566508454581,11.591404787699382,0.5185628255208333,0.09959246963262558,0.005712795959455738,0.9921352863311768,0.2,0.024681121110916138
8773632,7269,1000.0,1347.98986654,714,1206,5e-05,16890,0.059974805,0.07188044442639997,11.605724833408992,0.5186848958333333,0.09949380159378052,0.004116842025056636,0.983375072479248,0.2,0.0240255668759346
8785920,7269,1000.0,1347.0598876200002,715,1208,5e-05,16900,0.06389443,0.25717124924995005,11.607046041886012,0.5399576822916666,0.09956566244363785,0.006384801670841019,0.9639280438423157,0.2,0.06003792583942413
8798208,7269,1000.0,1345.99620777,716,1210,5e-05,16910,0.062871024,0.10069886289226512,11.607416894038519,0.5392985026041667,0.09953562170267105,0.007360570307840438,0.9744592308998108,0.2,0.034934330731630325
8810496,7269,1000.0,1346.26254383,717,1212,5e-05,16920,0.0607793,0.05769622731798639,11.603989181915919,0.5139322916666667,0.09960021823644638,0.010893601245091608,0.9924510717391968,0.2,0.051198624074459076
8822784,7269,991.66,1335.66798924,718,1213,5e-05,16930,0.058948915,0.05443402383631716,11.607423402865727,0.48263346354166664,0.09949826449155807,0.008118127010917912,0.9916937947273254,0.2,0.04393843561410904
8835072,7269,991.66,1338.0228453399998,719,1215,5e-05,16940,0.057947516,0.27022959234115357,11.613665586709976,0.5078125,0.0994112566113472,-0.003537593228975311,0.9823631048202515,0.2,0.037259843200445175
8847360,7269,982.95,1325.28941572,720,1217,5e-05,16950,0.06283135,0.039547357471504556,11.626187159617741,0.5271158854166667,0.09930557012557983,0.00993703795102192,0.9952608942985535,0.2,0.042862214148044586
8859648,7269,982.95,1328.27334584,721,1218,5e-05,16960,0.06088205,0.9775626124193271,11.634097069501877,0.5436930338541667,0.09923390299081802,0.0013215977713116444,0.9744259715080261,0.2,0.37099337577819824
8871936,7269,982.95,1329.76466555,722,1220,5e-05,16970,0.07637453,0.11352872935434183,11.64229985276858,0.5608805338541667,0.09921515733003616,0.006028666533529759,0.960105836391449,0.2,0.03360031172633171
8884224,7269,982.95,1333.8137473399997,723,1222,5e-05,16980,0.054657787,0.052852081150437394,11.655594462156296,0.5137125651041666,0.0990913137793541,0.007703415439270126,0.994213342666626,0.2,-0.006132261827588081
8896512,7269,982.95,1335.4162920300002,724,1223,5e-05,16990,0.05148868,0.05552029482399424,11.672243311007817,0.5006022135416667,0.09896407276391983,0.007654131905777225,0.9924672245979309,0.2,0.06146276742219925
8908800,7269,982.95,1331.5141540899997,725,1225,5e-05,17000,0.081286065,0.06495609010647362,11.679967886209488,0.5533121744791667,0.09898177534341812,0.005139429248326148,0.9762601852416992,0.2,0.027447348460555077
8921088,7269,982.44,1329.48136822,726,1227,5e-05,17010,0.067997925,0.071562344674021,11.684507783253988,0.532421875,0.0988786593079567,0.006279461612090624,0.9920117855072021,0.2,0.014675147831439972
8933376,7269,982.44,1327.47285283,727,1228,5e-05,17020,0.068525344,0.25069890127827726,11.69511620402336,0.516748046875,0.09873858839273453,-0.002303794013278093,0.9698321223258972,0.2,0.038664259016513824
8945664,7269,973.43,1316.51507498,728,1230,5e-05,17030,0.07238329,0.08832886787131429,11.717036352554958,0.5369547526041667,0.09857100248336792,0.005080110499693547,0.9684727787971497,0.2,0.021709837019443512
8957952,7270,973.43,1317.10205044,729,1232,5e-05,17040,0.051556934,0.9415058949884648,11.730407212177912,0.5473795572916667,0.0985480472445488,-0.002769850176021767,0.9557323455810547,0.2,0.12778803706169128
8970240,7270,973.43,1319.0345066200002,730,1233,5e-05,17050,0.0715905,0.05639725918493544,11.741330383221309,0.54052734375,0.09850937873125076,0.014619504406194512,0.9880841374397278,0.2,0.032631807029247284
8982528,7270,973.43,1314.4376126099999,731,1235,5e-05,17060,0.08702447,0.12200460935321947,11.749175769090652,0.6021728515625,0.09838118404150009,0.005581809655268444,0.9528637528419495,0.2,0.045792482793331146
8994816,7270,966.12,1302.6599129200001,732,1237,5e-05,17070,0.10338,0.2300659763937195,11.746935878197352,0.6069173177083333,0.09848567098379135,0.011293383826462862,0.9432227611541748,0.2,0.07925143092870712
9007104,7270,966.12,1303.76169329,733,1238,5e-05,17080,0.0671615,0.40949480136235555,11.740546705325444,0.5534423828125,0.09852664917707443,0.008103972997681315,0.9834825992584229,0.2,0.23960474133491516
9019392,7270,974.97,1317.1575191400002,734,1240,5e-05,17090,0.06768223,0.08006445656841,11.746708923578263,0.5500732421875,0.09847655147314072,0.00606609926277694,0.9896405935287476,0.2,0.03957357257604599
9031680,7270,974.97,1317.49025814,735,1242,5e-05,17100,0.05952735,0.5358741039720675,11.749724549055099,0.5502604166666667,0.09851029515266418,0.0008455778627345959,0.9587962627410889,0.2,1.0038197040557861
9043968,7270,989.07,1334.13843112,736,1243,5e-05,17110,0.11176493,0.1848831489837418,11.754864758253097,0.617041015625,0.09844819456338882,0.014650213430771448,0.9566551446914673,0.2,0.06051365286111832
9056256,7270,989.07,1333.1532982800002,737,1245,5e-05,17120,0.08967051,1.3195297417541345,11.755260620514552,0.5903971354166667,0.0985192283987999,0.007025543028915612,0.9690989255905151,0.2,0.5781433582305908
9068544,7270,989.07,1329.6947666599997,738,1247,5e-05,17130,0.10612881,0.15466282094518344,11.75008435646693,0.6122233072916666,0.09853488206863403,0.01726235436120381,0.9664940237998962,0.2,0.06778773665428162
9080832,7270,989.07,1331.4916983800001,739,1248,5e-05,17140,0.068648376,0.08998470051058878,11.743931605418522,0.5480631510416667,0.09856004267930984,0.007937850093488427,0.9799754023551941,0.2,0.045744169503450394
9093120,7270,986.63,1329.3922718999997,740,1250,5e-05,17150,0.076538794,0.11002971028598646,11.744599356253941,0.5689127604166667,0.09855949878692627,0.0065150693597388456,0.9861615896224976,0.2,0.044365063309669495
9105408,7270,993.94,1339.1706265300004,741,1252,5e-05,17160,0.079274684,1.1655245502789815,11.74019768834114,0.5861897786458333,0.09859683364629745,0.005295809229331401,0.965214192867279,0.2,0.6001281142234802
9117696,7271,985.05,1327.70724796,742,1253,5e-05,17170,0.09566325,0.28444300714569787,11.743083188931147,0.5794189453125,0.09847620874643326,0.008133219342198572,0.9569551348686218,0.2,0.30734941363334656
9129984,7271,985.05,1326.47341111,743,1255,5e-05,17180,0.060647935,0.4658521650979916,11.75161846280098,0.54931640625,0.09842437505722046,0.002793387699542412,0.94582200050354,0.2,0.031372323632240295
9142272,7271,988.67,1335.3689509900003,744,1257,5e-05,17190,0.07561759,0.09124305331303427,11.751913319031397,0.54892578125,0.09846671670675278,0.013285219784302171,0.9531615376472473,0.2,0.03082871437072754
9154560,7271,988.67,1336.07538981,745,1258,5e-05,17200,0.07949158,0.08082119587343187,11.750150773922602,0.5732177734375,0.09841672331094742,0.012437667003541718,0.9470874667167664,0.2,0.016081947833299637
9166848,7271,988.67,1336.6299743700001,746,1260,5e-05,17210,0.06972532,0.0925718810952579,11.7536645591259,0.5317138671875,0.0984325036406517,0.0055850335843085,0.9545113444328308,0.2,0.04829954355955124
9179136,7271,988.67,1336.8022008599999,747,1262,5e-05,17220,0.071706705,0.14671220228386422,11.754230087995529,0.5593180338541667,0.09839422255754471,0.008615221501289246,0.9398907423019409,0.2,0.07901974767446518
9191424,7271,991.11,1341.2335308899999,748,1264,5e-05,17230,0.072615296,0.21589000903380415,11.765808121363323,0.5472493489583333,0.09832773357629776,0.007057882123626768,0.9582099914550781,0.2,0.05388683080673218
9203712,7271,991.11,1339.9920342100002,749,1265,5e-05,17240,0.07471935,0.1125175682362169,11.771689917643865,0.5265543619791667,0.0982562005519867,0.009858591950614937,0.9830344915390015,0.2,0.08072073012590408
9216000,7271,991.17,1337.52894807,750,1267,5e-05,17250,0.05741586,0.043688903205717604,11.778716413180033,0.5230794270833333,0.09818687289953232,0.007190734252314239,0.9937666058540344,0.2,0.02242346853017807
9228288,7271,980.42,1321.37283769,751,1269,5e-05,17260,0.06823815,1.5282416906518241,11.779249590635299,0.5389973958333333,0.09823951125144958,0.0011694541147638422,0.9528236389160156,0.2,0.16380009055137634
9240576,7271,980.42,1319.85354588,752,1270,5e-05,17270,0.07199306,1.409260730445385,11.780730632940928,0.5929850260416667,0.09816630929708481,0.0034376044025217806,0.9485366344451904,0.2,0.5653706192970276
9252864,7271,980.42,1318.88988618,753,1272,5e-05,17280,0.08717507,0.10101894366865356,11.784576590855917,0.6140706380208333,0.0981391966342926,0.02110334096554046,0.9606449604034424,0.2,0.04614800587296486
9265152,7271,980.42,1318.79924991,754,1274,5e-05,17290,0.09351832,0.06697792796573292,11.789854222536087,0.5827799479166667,0.09809327125549316,0.013560898732005928,0.96077561378479,0.2,0.05092570185661316
9277440,7271,980.42,1317.1359361500001,755,1275,5e-05,17300,0.07310558,0.1329604722171401,11.79159720937411,0.558740234375,0.09811398386955261,0.008142979219458842,0.9590779542922974,0.2,0.10192760825157166
9289728,7271,980.42,1317.82437864,756,1277,5e-05,17310,0.074509926,0.08470433824695647,11.794074753920237,0.56884765625,0.09814777225255966,0.011312048112449702,0.9738191366195679,0.2,0.054202478379011154
9302016,7271,980.42,1321.5386333599997,757,1279,5e-05,17320,0.07609623,0.08214608250806729,11.792223954200745,0.5474283854166667,0.09817877411842346,0.007329638096659134,0.9696748852729797,0.2,0.02096032164990902
9314304,7271,989.25,1334.19567055,758,1280,5e-05,17330,0.06463612,0.04642704124950493,11.804308613141378,0.5203776041666667,0.09790828078985214,0.009306859304100119,0.9932632446289062,0.2,0.05736234784126282
9326592,7271,984.91,1328.3222781099998,759,1282,5e-05,17340,0.084221534,0.06195230493322015,11.819408561786016,0.5444580078125,0.09781753271818161,0.009391320309077855,0.9869019985198975,0.2,0.0804162323474884
9338880,7271,984.91,1329.40825561,760,1284,5e-05,17350,0.06340592,1.0131242068639645,11.821520088116328,0.5328043619791667,0.0977570191025734,-0.004260881825272614,0.9562400579452515,0.2,0.18723636865615845
9351168,7271,984.91,1327.31477148,761,1285,5e-05,17360,0.10995135,0.3362830452931424,11.824748947223027,0.6255045572916667,0.09772642701864243,0.0190841972148822,0.9440677165985107,0.2,0.24127911031246185
9363456,7271,980.2,1319.94280457,762,1287,5e-05,17370,0.11350134,0.5477499109071989,11.823582369089127,0.6054850260416667,0.09774354845285416,0.014556671698422482,0.9164899587631226,0.2,0.0888901799917221
9375744,7271,980.2,1322.4599376300002,763,1289,5e-05,17380,0.079130895,2.6609570242619762,11.818113191922505,0.5588623046875,0.09776726365089417,0.003889980269013904,0.969344973564148,0.2,0.8661125302314758
9388032,7271,980.2,1320.4255237700002,764,1291,5e-05,17390,0.07628303,0.05385927144282808,11.810212858517964,0.5727294921875,0.09786170721054077,0.01633566258921443,0.9912533760070801,0.2,0.02063823863863945
9400320,7271,980.2,1319.28429438,765,1292,5e-05,17400,0.07488084,0.04889212112563352,11.808191472291947,0.5541666666666667,0.09776431322097778,0.014327175316672462,0.9903872013092041,0.2,0.04225025326013565
9412608,7271,980.2,1318.8625995900002,766,1294,5e-05,17410,0.0659919,0.04138242164238667,11.814807252089183,0.5310546875,0.09772399812936783,0.010709749959642068,0.990842878818512,0.2,-0.00536169670522213
9424896,7271,995.29,1340.2384245099997,767,1296,5e-05,17420,0.07402966,0.0949800051205481,11.817563726504643,0.5521891276041667,0.09771183878183365,0.007702274335315451,0.9660692811012268,0.2,0.009125227108597755
9437184,7272,993.6,1336.04616361,768,1297,5e-05,17430,0.05539121,0.060470461503913005,11.822608063618341,0.5346842447916667,0.09766829013824463,0.007106722426639559,0.9890792369842529,0.2,0.009667886421084404
9449472,7272,984.81,1327.56584999,769,1299,5e-05,17440,0.05318715,0.35553242624737325,11.822984190781911,0.562353515625,0.09770076721906662,0.0034172425187231664,0.9729970097541809,0.2,0.11558603495359421
9461760,7272,989.52,1336.47061289,770,1301,5e-05,17450,0.06857881,0.3574659661855549,11.821730802456537,0.5291666666666667,0.09768112748861313,-0.00031370567788447566,0.9458771347999573,0.2,0.11946209520101547
9474048,7271,989.52,1337.29883412,771,1302,5e-05,17460,0.06283612,0.05827347219067936,11.828820093472798,0.5494222005208333,0.09770572185516357,0.011333143383671996,0.9879586696624756,0.2,0.02040458284318447
9486336,7271,989.52,1338.7707509200002,772,1304,5e-05,17470,0.07186752,0.06879187472319852,11.83780019680659,0.5459065755208333,0.09758173674345016,0.006587587684528747,0.988109290599823,0.2,0.0330728180706501
9498624,7272,989.52,1339.0417470599998,773,1306,5e-05,17480,0.058113497,0.06853217497312775,11.852578626076381,0.5124348958333333,0.09743372350931168,0.005265734384496076,0.986549437046051,0.2,0.0009294934570789337
9510912,7272,989.52,1342.0406181600001,774,1307,5e-05,17490,0.068835974,0.05775512483281394,11.865873477856319,0.5364013671875,0.0973527655005455,0.007556358227157034,0.9892204999923706,0.2,0.021881692111492157
9523200,7272,989.52,1343.87609826,775,1309,5e-05,17500,0.06311756,0.04907077694466958,11.871986933549245,0.5242024739583333,0.09733295440673828,0.00541739421460079,0.9910799264907837,0.2,0.02712712623178959
9535488,7272,991.21,1347.16823243,776,1311,5e-05,17510,0.061097234,0.03200566944821427,11.882859919468562,0.520556640625,0.09721732884645462,0.014497872748567413,0.9917942881584167,0.2,0.020509809255599976
9547776,7272,1000.0,1360.62457512,777,1312,5e-05,17520,0.060332198,0.03114136984028543,11.893927586078643,0.51923828125,0.09721127152442932,0.0065688651501356315,0.9837436676025391,0.2,-0.01111491210758686
9560064,7272,1000.0,1360.7194537,778,1314,5e-05,17530,0.066971846,0.050215178565122184,11.893157933155695,0.5358479817708334,0.0972411036491394,0.008415763906668872,0.9853459000587463,0.2,0.033965662121772766
9572352,7272,1000.0,1360.18558616,779,1316,5e-05,17540,0.06354574,0.03498007436282933,11.888257934649785,0.5131266276041667,0.09723129868507385,0.008897881698794663,0.9886316657066345,0.2,0.03932850807905197
9584640,7272,1000.0,1357.51811606,780,1317,5e-05,17550,0.06360289,0.0390096146108893,11.888035043080647,0.516259765625,0.09721946716308594,0.006574126236470571,0.9894490242004395,0.2,-0.010833868756890297
9596928,7272,1000.0,1358.62056052,781,1319,5e-05,17560,0.0623782,0.03633682833363613,11.890823024511338,0.5177490234375,0.09719792008399963,0.008348177626612597,0.9942155480384827,0.2,0.022910160943865776
9609216,7272,1000.0,1356.4124947500002,782,1321,5e-05,17570,0.0723882,0.06139235917944461,11.895105777184169,0.5455647786458333,0.09712601453065872,0.006478640207205899,0.9920668601989746,0.2,0.028272315859794617
9621504,7272,1000.0,1355.9156418099997,783,1322,5e-05,17580,0.078016676,0.0485388989521501,11.902884660164515,0.5126302083333333,0.09712991863489151,0.0038903118581705104,0.9902853965759277,0.2,0.01344042457640171
9633792,7272,998.31,1352.05922165,784,1324,5e-05,17590,0.062293183,0.048899560375139116,11.91197640299797,0.523388671875,0.09701628237962723,0.00611920943192672,0.9933415055274963,0.2,0.04066261276602745
9646080,7273,998.31,1350.99230797,785,1326,5e-05,17600,0.066442065,1.7017640691095341,11.923500490188598,0.5504638671875,0.09690959006547928,0.0026979214225624068,0.8904198408126831,0.2,0.7450884580612183
9658368,7273,998.31,1351.09002566,786,1327,5e-05,17610,0.0847705,0.19161599262151868,11.93093698223432,0.5909423828125,0.09687408804893494,0.011194179614055126,0.9028517603874207,0.2,0.04442986100912094
9670656,7273,998.31,1351.44815327,787,1329,5e-05,17620,0.06409775,0.05369404728213946,11.934681795040767,0.5226318359375,0.09679227322340012,0.008454451147311677,0.9889954924583435,0.2,0.031401071697473526
9682944,7273,989.58,1339.7566115200002,788,1331,5e-05,17630,0.06452996,0.04775952501222491,11.942408792177837,0.529638671875,0.09665420651435852,0.009318235334164152,0.9859023690223694,0.2,0.006111832335591316
9695232,7273,989.58,1339.9994528599998,789,1333,5e-05,17640,0.04979362,0.27764661707527316,11.94689607222875,0.5212727864583333,0.09657704085111618,0.0005500746573185703,0.9421545267105103,0.2,0.012869443744421005
9707520,7273,989.58,1340.4004302500002,790,1334,5e-05,17650,0.088944055,0.13255967590181778,11.957525064547857,0.5885091145833333,0.09657887369394302,0.00783819813465622,0.8968960046768188,0.2,0.03045153245329857
9719808,7273,989.58,1342.91306663,791,1336,5e-05,17660,0.0704053,0.06378228644219537,11.964370773235958,0.522998046875,0.09647732973098755,0.011295059459128728,0.9686444401741028,0.2,0.028326570987701416
9732096,7273,982.52,1333.7072734800001,792,1338,5e-05,17670,0.06980873,0.09610483304131776,11.973810877402624,0.5242757161458333,0.09643744677305222,0.004031183914048597,0.9715135097503662,0.2,0.04387673735618591
9744384,7273,974.96,1322.26388364,793,1339,5e-05,17680,0.071870856,0.8450447860561933,11.976072976986567,0.5556233723958334,0.09637375921010971,-0.00032740250074615084,0.944882333278656,0.2,0.11789384484291077
9756672,7273,957.38,1296.61141642,794,1341,5e-05,17690,0.0799391,0.4353865336393937,11.984152956803639,0.5822916666666667,0.09627897292375565,0.0068844712863210585,0.9782459735870361,0.2,0.06517313420772552
9768960,7273,957.38,1295.0787276,795,1343,5e-05,17700,0.079550736,0.4072234799154103,11.992860323190689,0.5620686848958333,0.09617023915052414,-0.005439725643373095,0.9811963438987732,0.2,0.09038025140762329
9781248,7273,960.5,1297.72688732,796,1344,5e-05,17710,0.11207751,0.18639838458038865,12.001277257998785,0.6408528645833333,0.09618127346038818,0.009913566908896125,0.8878359198570251,0.2,0.06630060076713562
9793536,7273,960.5,1296.38308436,797,1346,5e-05,17720,0.08071095,1.1177007526624947,11.998657663663229,0.5734375,0.09616031497716904,0.00526783785802157,0.9569156765937805,0.2,0.7461117506027222
9805824,7273,960.5,1293.1099318800002,798,1348,5e-05,17730,0.09571722,0.11841359621224304,12.003362796703975,0.6073567708333333,0.09613806009292603,0.015697522061236667,0.9809326529502869,0.2,0.07069312036037445
9818112,7273,960.5,1291.75302557,799,1349,5e-05,17740,0.07194989,0.06391948472398022,12.000728140274683,0.5641764322916667,0.09611449390649796,0.01554620844059779,0.9848132729530334,0.2,0.03665158897638321
9830400,7273,976.81,1316.6696338699999,800,1351,5e-05,17750,0.0657767,0.039660610763045646,12.006161377827327,0.54111328125,0.09607118368148804,0.013328086390780905,0.9836947321891785,0.2,0.03766945004463196
9842688,7274,976.81,1318.8259035199999,801,1353,5e-05,17760,0.060985755,0.038139728596434,12.017548712094625,0.5246419270833333,0.09597893804311752,0.009860470278848272,0.9894661903381348,0.2,-0.006481623277068138
9854976,7274,985.53,1330.62337058,802,1354,5e-05,17770,0.076957315,0.060596489277668295,12.02256691257159,0.5331705729166667,0.09600728750228882,0.0037271125096594916,0.9895311594009399,0.2,0.018483290448784828
9867264,7273,994.39,1344.4352954100002,803,1356,5e-05,17780,0.068205036,0.0603322734280179,12.028552156686782,0.5236002604166666,0.0959150567650795,0.007198483836449062,0.9903606176376343,0.2,0.05245940387248993
9879552,7273,1000.0,1352.56810202,804,1358,5e-05,17790,0.070690185,0.06008708380007496,12.038398847977321,0.5442220052083333,0.09580802917480469,0.006493855025231217,0.9831111431121826,0.2,0.0012360364198684692
9891840,7273,1000.0,1352.7610009700002,805,1359,5e-05,17800,0.054444272,0.04309159000016128,12.042539036273956,0.5180419921875,0.0957787036895752,0.005972492728324142,0.992474377155304,0.2,0.004343301057815552
9904128,7273,1000.0,1356.0860048999998,806,1361,5e-05,17810,0.063744836,0.047630602598655966,12.04201833208402,0.5177815755208334,0.09581617265939713,0.0074289085353181385,0.9861658811569214,0.2,0.042120084166526794
9916416,7273,1000.0,1356.1695774600003,807,1363,5e-05,17820,0.057612788,0.03621049530726547,12.041284056504567,0.5300374348958333,0.09578001499176025,0.009999757172287597,0.9911481738090515,0.2,0.009362265467643738
9928704,7273,1000.0,1355.69107369,808,1365,5e-05,17830,0.06108306,0.0378465904116941,12.04226493636767,0.5179443359375,0.09574273973703384,0.006426434132057087,0.993205189704895,0.2,0.022020552307367325
9940992,7273,982.91,1330.29446774,809,1366,5e-05,17840,0.04978465,0.16587440241128207,12.046227608124415,0.5075358072916667,0.09566321223974228,-0.00041924814286176115,0.9275157451629639,0.2,0.021807052195072174
9953280,7273,982.91,1331.05923385,810,1368,5e-05,17850,0.0733957,2.5423315659475825,12.05469217101733,0.5730387369791666,0.09568130970001221,0.0029331210598077936,0.9642422795295715,0.2,0.08414208143949509
9965568,7273,982.91,1330.5412286400003,811,1370,5e-05,17860,0.0701353,0.05095762986456975,12.058141048749288,0.5674072265625,0.09562665969133377,0.011954063447046793,0.9885784387588501,0.2,0.047742247581481934
9977856,7273,974.18,1320.03971124,812,1371,5e-05,17870,0.073882826,0.04345520736727242,12.076831221580505,0.5376057942708333,0.09542098641395569,0.008610555430641398,0.9926199913024902,0.2,0.025380516424775124
9990144,7273,974.18,1319.8411210700003,813,1373,5e-05,17880,0.05810224,0.18000351427666222,12.089105461041132,0.5261474609375,0.09536099433898926,-0.0019379202368630408,0.9790221452713013,0.2,0.023694943636655807
10002432,7273,965.32,1307.88568788,814,1375,5e-05,17890,0.06314828,0.040116479899734256,12.09646515448888,0.5395426432291667,0.09533236175775528,0.016140381035317355,0.9912490844726562,0.2,-0.0009031519293785095
