time/time_elapsed,time/iterations,rollout/ep_len_mean,rollout/ep_rew_mean,time/fps,time/total_timesteps,train/value_loss,train/explained_variance,train/policy_gradient_loss,train/clip_range,train/learning_rate,train/n_updates,train/loss,train/approx_kl,train/entropy_loss,train/std,train/clip_fraction
1,1,228.5,234.2151405588235,11937,12288,,,,,,,,,,,
2,2,346.6607142857143,379.248143625,8862,24576,100.101442639033,0.8765175938606262,-0.011107322671159636,0.2,5e-05,11390,32.638797760009766,0.011739519,7.875747030973434,0.13874109089374542,0.1710205078125
4,3,377.70588235294116,424.3868258470589,8229,36864,68.87478127479554,0.9011671543121338,-0.011431736566009931,0.2,5e-05,11400,18.688871383666992,0.013444218,7.875355863571167,0.13876910507678986,0.1591552734375
6,4,402.88,457.56478023999995,7957,49152,103.73143498897552,0.9107531905174255,-0.014797231167419038,0.2,5e-05,11410,49.46983337402344,0.013959445,7.875378180543581,0.1387576311826706,0.17190755208333333
7,5,412.72,466.75469971,7802,61440,176.61300144195556,0.8935801386833191,-0.012639614325598814,0.2,5e-05,11420,81.35762786865234,0.013396624,7.876029569904009,0.138736292719841,0.15857747395833333
9,6,402.35,454.77630694,7688,73728,117.98063670794168,0.8964483737945557,-0.013071674728416837,0.2,5e-05,11430,51.4865837097168,0.018401831,7.8789351662000024,0.13867409527301788,0.23758951822916666
11,7,430.25,490.8699525200001,7632,86016,98.11680499712627,0.9150351285934448,-0.01159627629967872,0.2,5e-05,11440,35.67913055419922,0.025517916,7.880389899015427,0.13871453702449799,0.3043131510416667
12,8,420.99,487.00085788999996,7576,98304,124.58629099527995,0.9021303057670593,-0.011677864255034365,0.2,5e-05,11450,54.94291305541992,0.024161682,7.87855832974116,0.13870561122894287,0.2885986328125
14,9,455.47,529.4231731699999,7548,110592,141.22766814231872,0.895371675491333,-0.009643035585274145,0.2,5e-05,11460,80.18035125732422,0.02526623,7.878373953700065,0.1386888474225998,0.3005126953125
16,10,459.13,529.1975763600002,7519,122880,88.18341709772746,0.9093204736709595,-0.001866054685524432,0.2,5e-05,11470,29.699087142944336,0.03920649,7.882019481062889,0.13864977657794952,0.4272054036458333
18,11,486.1,564.26579195,7495,135168,123.4559421936671,0.8792862296104431,-0.0051466360557242295,0.2,5e-05,11480,77.49256896972656,0.037402984,7.879472058018049,0.13875016570091248,0.4302490234375
19,12,506.82,590.14377236,7477,147456,74.39195074240367,0.9096435308456421,0.004774240984018737,0.2,5e-05,11490,47.71216583251953,0.06230871,7.8773626317580545,0.1387593299150467,0.5114420572916667
21,13,525.08,616.39155532,7456,159744,99.33176287015279,0.9031789898872375,0.00321945147831381,0.2,5e-05,11500,44.377315521240234,0.058802087,7.872139998277029,0.1388617604970932,0.5081705729166667
23,14,522.47,615.8762308999999,7425,172032,86.3296615600586,0.8993650078773499,0.0044950036031271646,0.2,5e-05,11510,65.39861297607422,0.06263585,7.865742179751396,0.13877089321613312,0.5479166666666667
24,15,512.08,603.0504119000001,7411,184320,100.87140364646912,0.8949911594390869,0.0012796504520035039,0.2,5e-05,11520,32.032371520996094,0.052120622,7.8703960329294205,0.13863135874271393,0.5100992838541667
26,16,538.44,635.06632263,7404,196608,103.12330697377523,0.8870450854301453,0.0004198267279813687,0.2,5e-05,11530,44.09565353393555,0.058117956,7.8676828424135845,0.13876406848430634,0.5406494140625
28,17,541.74,635.87954587,7370,208896,76.38633918762207,0.890399694442749,0.004492161846428644,0.2,5e-05,11540,25.410545349121094,0.064825475,7.85653101503849,0.13889381289482117,0.5408772786458333
30,18,568.57,673.9465381700002,7368,221184,60.16413683891297,0.8955157399177551,0.004982808107160963,0.2,5e-05,11550,44.28459548950195,0.06578585,7.852094501256943,0.13890306651592255,0.5425130208333333
31,19,567.15,674.14852632,7359,233472,57.32069883346558,0.9106920957565308,0.006944851781493829,0.2,5e-05,11560,22.453657150268555,0.08180303,7.843830460309983,0.1389857828617096,0.5778971354166667
33,20,554.7,660.8789817400002,7359,245760,92.97235669294993,0.9182886481285095,-0.004075009525210286,0.2,5e-05,11570,36.224586486816406,0.03831498,7.840362001458804,0.13900606334209442,0.4430013020833333
35,21,545.42,650.98189469,7352,258048,87.44110218683879,0.9045814275741577,0.0037628709542332217,0.2,5e-05,11580,69.75292205810547,0.05451529,7.834917226433754,0.13913291692733765,0.5338216145833333
36,22,532.79,633.9763208300001,7351,270336,80.09454510211944,0.8876692056655884,0.006691087509534554,0.2,5e-05,11590,28.034868240356445,0.057340313,7.830181459585826,0.13911229372024536,0.5535888671875
38,23,542.79,641.49184465,7348,282624,76.55891572634378,0.9024848937988281,0.0014846083426770444,0.2,5e-05,11600,35.0771484375,0.05702645,7.827213859558105,0.13919274508953094,0.5337890625
40,24,566.1,668.4290270699998,7347,294912,84.42328124046325,0.8869575262069702,0.01215604635362979,0.2,5e-05,11610,45.868038177490234,0.08072882,7.826762678225835,0.13915319740772247,0.5752766927083334
41,25,560.76,659.8747477100001,7347,307200,81.2395797808965,0.912875771522522,-0.002485643136121022,0.2,5e-05,11620,46.63583755493164,0.046154607,7.819269534945488,0.13930726051330566,0.48544108072916664
43,26,561.67,664.31407685,7349,319488,81.01793433427811,0.891163170337677,0.004629031714769857,0.2,5e-05,11630,50.74380111694336,0.06158312,7.8075798690319065,0.13944263756275177,0.5714925130208334
45,27,549.29,649.7853857599999,7349,331776,58.21110334793727,0.9181035161018372,0.008043015214934713,0.2,5e-05,11640,35.002628326416016,0.080900826,7.801354452967644,0.13950805366039276,0.5898518880208333
46,28,550.85,653.46496677,7349,344064,71.34377785126368,0.8887415528297424,0.0069284085950736575,0.2,5e-05,11650,26.517057418823242,0.08824674,7.793658057848613,0.13961534202098846,0.5577067057291667
48,29,576.82,689.3955802199998,7350,356352,93.76235043605169,0.886143684387207,0.005850312451366335,0.2,5e-05,11660,31.038555145263672,0.07044218,7.7854480892419815,0.13953955471515656,0.5526448567708333
50,30,588.99,701.7653009199998,7344,368640,67.87977611223856,0.8970736265182495,0.0032031170073120543,0.2,5e-05,11670,53.465885162353516,0.0554824,7.778813327352206,0.13971377909183502,0.5374267578125
51,31,576.43,681.94397879,7339,380928,75.77348807255427,0.8795650005340576,-0.0012140728552670528,0.2,5e-05,11680,45.91752243041992,0.07085709,7.763506890336672,0.13979794085025787,0.5290852864583333
53,32,569.19,666.6825977200001,7340,393216,69.4797129313151,0.9190282821655273,-0.00490433365048375,0.2,5e-05,11690,22.920806884765625,0.05588384,7.751359882950783,0.14003728330135345,0.468701171875
55,33,587.2,688.4134719799999,7335,405504,106.19934057394663,0.8953307271003723,-0.002639043431554455,0.2,5e-05,11700,28.924930572509766,0.048685938,7.739501394828161,0.14023029804229736,0.4821044921875
56,34,573.53,672.7599621500001,7331,417792,87.08418230613073,0.8813696503639221,0.010715673759113998,0.2,5e-05,11710,38.77650833129883,0.06995352,7.720229098200798,0.14054109156131744,0.5763020833333333
58,35,566.81,664.96647244,7332,430080,87.17480058670044,0.8760162591934204,0.008368131545042463,0.2,5e-05,11720,32.1681022644043,0.09216392,7.6994566480318705,0.14065980911254883,0.5620361328125
60,36,585.43,696.1080603700002,7331,442368,57.28947942256927,0.9084245562553406,0.01177415006047037,0.2,5e-05,11730,46.20428466796875,0.07292693,7.680199337005615,0.14088134467601776,0.5999755859375
62,37,611.54,725.97313512,7331,454656,72.74870285987853,0.891103982925415,0.008683913543548746,0.2,5e-05,11740,36.3541145324707,0.060130656,7.661327030261358,0.14088600873947144,0.5857584635416667
63,38,623.17,743.2857014499999,7332,466944,68.56822702884674,0.8980786800384521,0.0006611607001104858,0.2,5e-05,11750,33.07905960083008,0.0571903,7.655170247952143,0.1408519148826599,0.5092936197916667
65,39,636.82,760.4040348600003,7332,479232,70.4236010392507,0.8798236846923828,-0.00041399371402803806,0.2,5e-05,11760,20.452259063720703,0.050308198,7.6482340296109514,0.14097701013088226,0.49525553385416665
67,40,636.42,756.1669200199999,7332,491520,58.89626310666402,0.8862249851226807,0.002877687444379262,0.2,5e-05,11770,22.011491775512695,0.061901968,7.639695953329404,0.14099149405956268,0.5383707682291666
68,41,654.84,773.42024857,7331,503808,80.77629665931066,0.8994936347007751,0.008252857588619615,0.2,5e-05,11780,26.195592880249023,0.086922765,7.639546996355056,0.14099009335041046,0.5702392578125
70,42,669.86,795.0622548300001,7333,516096,67.13963098923365,0.8911077976226807,0.005296675722638611,0.2,5e-05,11790,47.399871826171875,0.06537741,7.636040564378103,0.14097733795642853,0.5504150390625
72,43,655.43,775.6207977899999,7332,528384,65.08105256557465,0.9136441349983215,0.004602084786165505,0.2,5e-05,11800,27.417381286621094,0.07972019,7.6294867585102715,0.14101125299930573,0.5553466796875
73,44,666.96,795.2656566400001,7333,540672,69.70928957859675,0.8923554420471191,-0.0023097220449320353,0.2,5e-05,11810,35.15498733520508,0.066021524,7.622774298985799,0.1411227136850357,0.5182047526041667
75,45,671.88,796.89484738,7334,552960,40.345701748132704,0.9134001135826111,0.012378412737355878,0.2,5e-05,11820,26.89333724975586,0.089167766,7.616641066471735,0.14106997847557068,0.613427734375
77,46,637.26,752.2647931500001,7332,565248,79.30161278247833,0.8896691799163818,-0.0048484648461453615,0.2,5e-05,11830,31.14073944091797,0.038692884,7.614535586039225,0.14108037948608398,0.4270263671875
78,47,611.41,715.74574469,7333,577536,80.62032026847204,0.9003676176071167,-0.004435501983001207,0.2,5e-05,11840,38.58885955810547,0.04221471,7.612833964824676,0.14102445542812347,0.4539876302083333
80,48,585.65,682.1655262799999,7334,589824,82.92683436870576,0.9011587500572205,0.005224428036550914,0.2,5e-05,11850,35.86778259277344,0.05678922,7.613666671514511,0.14104770123958588,0.5316650390625
82,49,567.29,650.43672642,7333,602112,105.61428850491842,0.8893190026283264,-0.0033236887354481342,0.2,5e-05,11860,27.48496437072754,0.057961766,7.611265151699384,0.14107637107372284,0.485595703125
83,50,559.9,640.5912296700001,7334,614400,64.09646479288737,0.9171382784843445,-0.0019120564330175208,0.2,5e-05,11870,34.396873474121094,0.060239475,7.607957220077514,0.14105002582073212,0.5145751953125
85,51,591.91,683.7904117799999,7326,626688,82.29460055430731,0.8787025213241577,0.010205752530600876,0.2,5e-05,11880,33.59128952026367,0.06186988,7.595755848288536,0.1412300020456314,0.5773844401041667
87,52,604.13,701.26718341,7326,638976,51.40980630715688,0.8858507871627808,0.00934127388318302,0.2,5e-05,11890,25.160627365112305,0.070450276,7.588226007421811,0.14114178717136383,0.598974609375
88,53,633.63,735.77621915,7327,651264,60.04928760925929,0.9173241853713989,0.0050285364937735725,0.2,5e-05,11900,32.87496566772461,0.06996643,7.588375826676686,0.1411886364221573,0.5643391927083333
90,54,657.03,765.2279912000001,7326,663552,59.02200998067856,0.8911004066467285,0.002368903104797937,0.2,5e-05,11910,37.37678909301758,0.05329308,7.57887450158596,0.14134538173675537,0.5263671875
92,55,681.49,797.2280493699999,7328,675840,72.249158847332,0.8621035218238831,0.009679122067367037,0.2,5e-05,11920,34.0616455078125,0.0681736,7.568772113323211,0.14137808978557587,0.6015625
93,56,692.01,811.8962728599998,7324,688128,39.8249872982502,0.9041121602058411,0.0037506203228986124,0.2,5e-05,11930,13.492720603942871,0.067113854,7.562177372972171,0.14148598909378052,0.5386637369791667
95,57,672.34,791.14643003,7324,700416,47.37341962059339,0.8896745443344116,0.009510410302997723,0.2,5e-05,11940,38.50542449951172,0.078847654,7.557818268736203,0.1414898782968521,0.599462890625
97,58,683.04,802.7939866800001,7324,712704,81.0400776664416,0.8749083280563354,-0.005172038719077439,0.2,5e-05,11950,36.02448272705078,0.05388048,7.552702701091766,0.14150749146938324,0.44973958333333336
99,59,671.53,796.473492,7322,724992,64.89059632023175,0.8760708570480347,0.008038666763119788,0.2,5e-05,11960,13.589469909667969,0.06484017,7.550759044289589,0.1415701061487198,0.584521484375
100,60,673.48,793.9801965799999,7318,737280,77.40926268498103,0.8986909985542297,0.002039529257550991,0.2,5e-05,11970,69.71322631835938,0.049741413,7.548174020648003,0.14156831800937653,0.5165608723958334
102,61,646.16,763.3452384200001,7316,749568,62.282862083117166,0.8872949481010437,-0.001435297796948968,0.2,5e-05,11980,37.87061309814453,0.051316977,7.5399545649687445,0.14162452518939972,0.496044921875
104,62,663.45,779.6532861,7313,761856,61.26868422031403,0.9104853272438049,0.0007595529396591398,0.2,5e-05,11990,39.273460388183594,0.052412774,7.532412065068881,0.1416831761598587,0.5322916666666667
105,63,678.91,793.5855062100001,7307,774144,46.019121303160986,0.8825380802154541,0.013544725314568495,0.2,5e-05,12000,32.348915100097656,0.076820895,7.522235528628031,0.14183077216148376,0.6252604166666667
107,64,669.26,776.5787959400001,7306,786432,71.61167951027552,0.89690101146698,-0.001556108494696673,0.2,5e-05,12010,27.086713790893555,0.041496534,7.516584339737892,0.14182525873184204,0.47392578125
109,65,631.59,729.7301097000002,7305,798720,85.77669351100921,0.8741194009780884,0.00025003530172398316,0.2,5e-05,12020,55.859561920166016,0.05579977,7.511480164527893,0.14197035133838654,0.49560546875
111,66,618.3,705.8219605599999,7303,811008,92.4143738468488,0.8869702219963074,-0.0037344369663818116,0.2,5e-05,12030,41.19451141357422,0.04258575,7.501861493786176,0.14201436936855316,0.4628092447916667
112,67,582.14,667.76648765,7303,823296,102.18697354793548,0.8910605311393738,-0.0013672745675042581,0.2,5e-05,12040,72.40913391113281,0.046340015,7.4913016051054,0.14211450517177582,0.4728515625
114,68,576.14,666.88875914,7302,835584,79.168689707915,0.876579761505127,0.01664967962327258,0.2,5e-05,12050,40.87461471557617,0.07342679,7.478946781158447,0.14231756329536438,0.6281982421875
116,69,578.5,665.8769815299999,7300,847872,62.597180751959485,0.911608099937439,-0.0014008215415136267,0.2,5e-05,12060,21.90616226196289,0.052657258,7.47041521469752,0.14230430126190186,0.5017578125
117,70,594.2,685.0247966,7294,860160,72.21348519325257,0.8718212842941284,0.0011604391322180164,0.2,5e-05,12070,21.617197036743164,0.05359165,7.467910568912824,0.14227420091629028,0.5298421223958333
119,71,638.63,742.09684001,7290,872448,35.91979276736577,0.9246116876602173,0.007790384910185822,0.2,5e-05,12080,18.141380310058594,0.073616765,7.457510454456012,0.1426055133342743,0.574365234375
121,72,648.93,757.56477367,7290,884736,59.08210604190826,0.9124508500099182,0.005076147240470163,0.2,5e-05,12090,19.20041275024414,0.05631086,7.43660535812378,0.14288212358951569,0.5389729817708333
123,73,678.85,793.6981639699999,7289,897024,56.992777959505716,0.8891520500183105,0.007906240634717203,0.2,5e-05,12100,21.62794303894043,0.0743291,7.42336666683356,0.1428815871477127,0.5810791015625
124,74,706.85,831.0039705400002,7288,909312,62.81699953277906,0.8629237413406372,0.015182845338616364,0.2,5e-05,12110,44.281280517578125,0.07994094,7.413177343209584,0.14297686517238617,0.6186767578125
126,75,700.34,826.9912881400003,7287,921600,37.28036912679672,0.8856173753738403,0.020901941113212766,0.2,5e-05,12120,22.047210693359375,0.08441958,7.398273767034213,0.14319343864917755,0.6578125
128,76,705.73,833.1089275700001,7287,933888,38.42260498205821,0.9051343202590942,0.01057072379286789,0.2,5e-05,12130,25.213703155517578,0.082001634,7.371837584177653,0.14336910843849182,0.6036865234375
129,77,682.25,810.07330158,7287,946176,72.69324556589126,0.8984096050262451,-0.003015087549041103,0.2,5e-05,12140,40.792625427246094,0.04873992,7.3657727360725405,0.1433773785829544,0.4481608072916667
131,78,676.93,803.1004696900001,7287,958464,67.74531429211298,0.9084218740463257,-0.00610810138071732,0.2,5e-05,12150,44.04412841796875,0.053204942,7.361648226777713,0.14340123534202576,0.42740071614583336
133,79,661.37,779.2213968600003,7286,970752,66.86264506578445,0.8992120623588562,0.002787460167504226,0.2,5e-05,12160,27.78822898864746,0.065210044,7.356385912497839,0.14351044595241547,0.5218424479166667
134,80,624.53,734.1699293199999,7287,983040,69.06565550565719,0.8876233696937561,-0.006098601113383968,0.2,5e-05,12170,23.5043888092041,0.04474843,7.35320445895195,0.14349298179149628,0.4599609375
136,81,616.92,723.5137931400002,7286,995328,86.41463335355122,0.8885579705238342,-0.004042565611113483,0.2,5e-05,12180,20.727130889892578,0.052319486,7.349172535538673,0.14352290332317352,0.47569173177083335
138,82,640.01,746.0976081500002,7284,1007616,62.61351933479309,0.9039863348007202,0.013704143956905076,0.2,5e-05,12190,28.613914489746094,0.07097066,7.338738187154134,0.14370881021022797,0.6087646484375
140,83,673.56,791.3531516400002,7283,1019904,31.46234725912412,0.871999204158783,0.021998338884441183,0.2,5e-05,12200,19.635208129882812,0.123130165,7.313055429855982,0.14406444132328033,0.6447102864583333
141,84,682.36,802.30917158,7283,1032192,46.389953686793646,0.8912395238876343,0.0034967233921634035,0.2,5e-05,12210,21.54706382751465,0.060900986,7.296321268876394,0.14416931569576263,0.5328206380208333
143,85,721.87,849.5321885200002,7283,1044480,31.16365559299787,0.9116524457931519,0.004320349554473068,0.2,5e-05,12220,8.854984283447266,0.078615956,7.292843918005626,0.14416831731796265,0.5407063802083333
145,86,733.45,863.7789160099998,7283,1056768,36.19099670449893,0.891878604888916,-0.0021877218241570517,0.2,5e-05,12230,13.272998809814453,0.06635397,7.290704586108526,0.14419595897197723,0.50615234375
146,87,730.43,859.03466975,7283,1069056,74.75116957426071,0.9050074815750122,-0.0037416057117904225,0.2,5e-05,12240,29.876174926757812,0.041748945,7.285082801183065,0.14424486458301544,0.45272623697916664
148,88,721.96,851.2329741899999,7278,1081344,85.18459573586782,0.8907692432403564,-5.714555300073698e-05,0.2,5e-05,12250,46.12087631225586,0.050173238,7.274675567944844,0.14435113966464996,0.483837890625
150,89,715.64,844.1349281000001,7275,1093632,45.48232122759024,0.9000142216682434,0.01837318202839621,0.2,5e-05,12260,40.5163688659668,0.10640546,7.263272685805957,0.1444300264120102,0.6398274739583333
152,90,678.18,797.8077180399999,7273,1105920,39.22050258119901,0.8715794682502747,0.011872595668925593,0.2,5e-05,12270,12.006976127624512,0.07539224,7.252946030100187,0.1445547491312027,0.5998942057291666
153,91,675.64,798.5326585900001,7272,1118208,51.22629688382149,0.9022070169448853,0.0008131149127924194,0.2,5e-05,12280,13.71214771270752,0.055205535,7.244900091489156,0.14464344084262848,0.504345703125
155,92,718.99,849.1949459300001,7272,1130496,43.93296586871147,0.8925643563270569,-0.0015939720741395527,0.2,5e-05,12290,30.366867065429688,0.06016467,7.236850208044052,0.14478878676891327,0.5016764322916667
157,93,735.17,869.89134269,7272,1142784,51.73166977365812,0.895950973033905,0.0018332241656025873,0.2,5e-05,12300,10.923758506774902,0.060857754,7.230168642600377,0.14492064714431763,0.5525960286458333
158,94,693.03,815.4430191900001,7273,1155072,64.94787717461585,0.8874103426933289,0.005885532065682734,0.2,5e-05,12310,34.41097640991211,0.057995204,7.224579670031866,0.1450413465499878,0.5463541666666667
160,95,682.68,796.2325316899999,7273,1167360,85.90245702266694,0.8817850351333618,-0.0022682797808859807,0.2,5e-05,12320,49.857051849365234,0.046895567,7.2157709548870725,0.14515115320682526,0.447998046875
162,96,676.4,785.91226941,7273,1179648,71.94583103259404,0.8817694783210754,-0.0024327433697180823,0.2,5e-05,12330,21.228660583496094,0.046067912,7.2095199485619865,0.14511238038539886,0.4827962239583333
163,97,667.77,768.43614106,7273,1191936,67.10493598779043,0.9089459180831909,0.004106917886626131,0.2,5e-05,12340,36.85731887817383,0.056396548,7.204494219024976,0.1452852338552475,0.5050618489583333
165,98,671.92,776.2395489400001,7274,1204224,53.551579213142396,0.8726526498794556,0.006135914799718496,0.2,5e-05,12350,15.655879020690918,0.062838666,7.183742927511533,0.14552970230579376,0.5780924479166667
167,99,675.09,773.0914149399998,7274,1216512,44.15936443607013,0.896806538105011,0.006413595927491163,0.2,5e-05,12360,16.87093162536621,0.074331105,7.167602878808975,0.14566832780838013,0.5753092447916667
168,100,703.84,807.84161945,7274,1228800,64.18037397066752,0.896191418170929,-0.00860456291702576,0.2,5e-05,12370,25.28571319580078,0.037525207,7.15916621585687,0.14565187692642212,0.4101318359375
170,101,708.34,819.9872998100001,7272,1241088,60.300514525175096,0.8800368309020996,0.01946594353260783,0.2,5e-05,12380,45.27956771850586,0.09021306,7.156346814831098,0.14573197066783905,0.6347005208333333
172,102,718.08,836.79664522,7273,1253376,69.7730972011884,0.8888089060783386,0.0013253126458342497,0.2,5e-05,12390,30.25670051574707,0.07809105,7.150170530875524,0.14566493034362793,0.529052734375
174,103,737.27,866.5602485000001,7273,1265664,46.733907457192736,0.904856264591217,0.01105124132494287,0.2,5e-05,12400,10.622198104858398,0.07032958,7.143576162060102,0.14574141800403595,0.5953125
175,104,723.55,850.8438622699999,7273,1277952,73.97930837869644,0.8386185169219971,0.007302337411965709,0.2,5e-05,12410,29.247459411621094,0.058185726,7.13782241443793,0.1457148641347885,0.5570068359375
177,105,748.07,881.83854241,7273,1290240,59.52924036582311,0.882936954498291,0.0039276928272253524,0.2,5e-05,12420,21.02577781677246,0.06191768,7.1310437560081485,0.14585688710212708,0.5331787109375
179,106,732.63,862.1278544799998,7272,1302528,50.053540805975594,0.8835891485214233,0.0056447063194355,0.2,5e-05,12430,26.46285057067871,0.056717675,7.117707599202792,0.14597345888614655,0.5507486979166667
180,107,752.14,886.2995536899999,7272,1314816,79.43434074719747,0.8908067941665649,-0.0013585303129123834,0.2,5e-05,12440,23.262420654296875,0.03980797,7.10610577861468,0.1462128758430481,0.4805094401041667
182,108,771.04,908.1135205799999,7271,1327104,48.17441274325053,0.8756572604179382,0.0036701750897918826,0.2,5e-05,12450,18.08431625366211,0.060159583,7.098152652382851,0.14626146852970123,0.5463948567708333
184,109,758.64,890.7792434100002,7271,1339392,34.42126668294271,0.8998703956604004,0.014467711493004269,0.2,5e-05,12460,45.37124252319336,0.07778763,7.091393663485845,0.14628754556179047,0.617529296875
185,110,745.85,875.8382841099999,7271,1351680,49.026637170712156,0.9025655388832092,0.005941720816675418,0.2,5e-05,12470,35.597293853759766,0.07097047,7.0899653941392895,0.14628536999225616,0.5674072265625
187,111,762.08,900.55330878,7271,1363968,46.04153618812561,0.9103120565414429,0.013997038531912646,0.2,5e-05,12480,36.2853889465332,0.07042491,7.083958463867505,0.14627328515052795,0.6319986979166666
189,112,750.78,884.2411107799999,7272,1376256,41.38720836639404,0.8750086426734924,0.010177236233115157,0.2,5e-05,12490,12.881279945373535,0.083701916,7.078100676337878,0.14635825157165527,0.5718994140625
190,113,764.56,902.00786341,7272,1388544,47.52318967382113,0.9168335795402527,-0.006243540813253882,0.2,5e-05,12500,21.354650497436523,0.053375635,7.077766550580661,0.14625923335552216,0.4565673828125
192,114,768.51,909.4644879299999,7272,1400832,26.385854336619378,0.900817334651947,0.015706630385345,0.2,5e-05,12510,20.840559005737305,0.0964699,7.074864641825358,0.1462404876947403,0.6196126302083333
194,115,761.14,898.53996004,7272,1413120,42.49561494588852,0.8902187347412109,0.0017682720902181851,0.2,5e-05,12520,14.504388809204102,0.06359952,7.0710238774617515,0.1462446004152298,0.5267740885416666
195,116,752.01,886.9612346700001,7273,1425408,66.30395743250847,0.8771345615386963,-0.0048335424614682175,0.2,5e-05,12530,21.583133697509766,0.04427463,7.065137812495232,0.14636148512363434,0.45101725260416664
197,117,713.3,835.0308748299999,7273,1437696,59.969756269454955,0.8989462852478027,-0.006299523680839533,0.2,5e-05,12540,25.04730224609375,0.038220942,7.055921811858813,0.1464550644159317,0.4658284505208333
199,118,686.86,797.4267732000001,7273,1449984,75.81633016268412,0.8979825973510742,-0.0032881611807776307,0.2,5e-05,12550,43.948856353759766,0.038868,7.044551392396291,0.1465807557106018,0.46670735677083336
201,119,661.26,767.6677229299999,7274,1462272,77.4332553267479,0.8945387601852417,-0.0010915382978661607,0.2,5e-05,12560,28.90144920349121,0.0584919,7.0391310304403305,0.14653675258159637,0.49326985677083335
202,120,650.27,753.8866509299999,7273,1474560,47.05064376195272,0.9089676141738892,0.006356152705848217,0.2,5e-05,12570,19.06675148010254,0.06427907,7.037997715671858,0.14652234315872192,0.56259765625
204,121,666.52,778.75654047,7274,1486848,45.63147737979889,0.9057974219322205,0.0002109128892091879,0.2,5e-05,12580,57.089725494384766,0.058713187,7.035794827342033,0.14651216566562653,0.517236328125
206,122,661.31,772.10882923,7273,1499136,82.36163303852081,0.8681610822677612,-0.0026809826891015594,0.2,5e-05,12590,18.095046997070312,0.050842803,7.035384792089462,0.14650429785251617,0.4727294921875
207,123,655.2,764.8874688000001,7273,1511424,55.26008193691572,0.9127401113510132,0.0016031437403095576,0.2,5e-05,12600,29.012882232666016,0.08034257,7.027201504508654,0.14671772718429565,0.5196126302083334
209,124,699.09,822.1545317799998,7274,1523712,80.6086608449618,0.886644721031189,0.0023664782658064116,0.2,5e-05,12610,21.91203498840332,0.052907925,7.0181990444660185,0.14674778282642365,0.5220458984375
211,125,698.31,817.4599461299999,7271,1536000,41.456097422043484,0.8768957853317261,0.0057553384084409725,0.2,5e-05,12620,8.23662281036377,0.069229454,7.011810076236725,0.14683431386947632,0.5698649088541666
212,126,687.93,801.87692793,7271,1548288,52.51675548950831,0.8768956065177917,0.014191182437934912,0.2,5e-05,12630,14.198643684387207,0.07380246,6.998436602950096,0.1470225304365158,0.6251302083333333
214,127,698.39,816.9705694699999,7271,1560576,63.315282956759134,0.8982228636741638,-0.0023234372934287724,0.2,5e-05,12640,37.97895050048828,0.039577216,6.9907432973384855,0.14696083962917328,0.48402506510416665
216,128,711.44,833.8779114999999,7271,1572864,38.86163832346598,0.9275961518287659,-0.0005053293988263855,0.2,5e-05,12650,11.112587928771973,0.055676505,6.991039928793907,0.14701004326343536,0.5285319010416667
217,129,752.15,884.7922412500001,7271,1585152,48.13579746882121,0.8907381892204285,0.0014592184025483826,0.2,5e-05,12660,25.412694931030273,0.07528819,6.987193323175112,0.14708276093006134,0.5271077473958333
219,130,711.0,831.50650128,7271,1597440,50.15175513029099,0.8846120834350586,0.0014247046172386035,0.2,5e-05,12670,33.948875427246094,0.051305655,6.981144922971725,0.1470809280872345,0.5171956380208333
221,131,719.66,842.5858137600001,7271,1609728,60.2254789074262,0.9157374501228333,-0.002835562822292559,0.2,5e-05,12680,31.657371520996094,0.06616176,6.967893309394518,0.1473356932401657,0.48492024739583334
223,132,728.95,852.4719963300001,7271,1622016,48.60037866433461,0.8806383013725281,0.006115315201168414,0.2,5e-05,12690,25.322851181030273,0.063604884,6.948795131842295,0.1475464105606079,0.5812174479166666
224,133,738.95,862.9176812200001,7272,1634304,70.9491266767184,0.8821168541908264,0.0019514385911558443,0.2,5e-05,12700,14.880535125732422,0.058627028,6.935825238625209,0.14763157069683075,0.5144124348958333
226,134,738.86,866.5745287699999,7272,1646592,44.85808098713557,0.88522869348526,0.018763753292902644,0.2,5e-05,12710,13.039656639099121,0.07261797,6.9227789580821995,0.1478477269411087,0.6421956380208333
228,135,741.03,871.49055036,7273,1658880,37.986202930410705,0.9064364433288574,0.01353277887465083,0.2,5e-05,12720,13.596299171447754,0.08750477,6.905618259310723,0.14799463748931885,0.5932535807291667
229,136,723.02,854.2934481799998,7273,1671168,38.08215912183126,0.8989120721817017,0.0013642136633279732,0.2,5e-05,12730,20.498645782470703,0.051916044,6.89428250392278,0.14807891845703125,0.5048909505208333
231,137,736.02,867.11916251,7273,1683456,87.19085857868194,0.8894631266593933,-0.007359698598641747,0.2,5e-05,12740,41.9757080078125,0.036245715,6.88742643892765,0.1482054442167282,0.41765950520833334
233,138,701.8,827.2523433700001,7273,1695744,51.22811958392461,0.8950058817863464,0.002929100666854841,0.2,5e-05,12750,16.845043182373047,0.0661856,6.8806532253821695,0.1483273059129715,0.5310139973958333
234,139,691.08,811.82840245,7273,1708032,77.57166896263759,0.8988746404647827,-0.00832659957377473,0.2,5e-05,12760,37.08716583251953,0.045591637,6.876483346025149,0.1483464241027832,0.4431966145833333
236,140,687.0,799.4750414199998,7274,1720320,56.343604111671446,0.8511605858802795,0.008887186937014728,0.2,5e-05,12770,23.45125961303711,0.06442961,6.875609070062637,0.1482793092727661,0.5698567708333333
238,141,682.54,786.4521774000002,7274,1732608,81.11126235723495,0.8665241003036499,-0.0031844583475807062,0.2,5e-05,12780,19.051300048828125,0.05170117,6.8779916604359945,0.14820297062397003,0.4866455078125
239,142,712.77,824.7641102200001,7274,1744896,48.57701086600621,0.8899391889572144,-0.0005871877016033977,0.2,5e-05,12790,26.509450912475586,0.052329674,6.878705481688182,0.1481715589761734,0.5216389973958333
241,143,680.97,787.11685357,7274,1757184,48.05757480462392,0.889691174030304,-0.0017081989855796565,0.2,5e-05,12800,24.02362060546875,0.06473958,6.872534903883934,0.14831501245498657,0.5154866536458333
243,144,716.42,832.2331572400002,7273,1769472,55.93925235668818,0.9115250706672668,0.007411238553080087,0.2,5e-05,12810,49.89177322387695,0.06333128,6.859927380084992,0.1485518515110016,0.5635823567708333
244,145,730.36,846.7498701700001,7273,1781760,39.3270823319753,0.9027424454689026,0.00551330102122544,0.2,5e-05,12820,18.61640739440918,0.08414391,6.842891337474187,0.14880876243114471,0.5414876302083333
246,146,738.14,861.3392528500001,7274,1794048,31.725390916069347,0.846547544002533,0.018090884219661044,0.2,5e-05,12830,16.164752960205078,0.10233023,6.822728284200033,0.1490534543991089,0.6271565755208334
248,147,723.48,851.6834022400002,7273,1806336,47.87243592540423,0.8824825882911682,-0.003379750524375898,0.2,5e-05,12840,13.064196586608887,0.03845766,6.816950931151708,0.149077907204628,0.47476399739583336
250,148,722.94,850.5014431200001,7273,1818624,63.36454419294993,0.8989978432655334,0.008756001772902285,0.2,5e-05,12850,27.437389373779297,0.081843846,6.820815445979436,0.14898453652858734,0.5885172526041667
251,149,720.61,846.4165640199998,7272,1830912,61.57108005285263,0.8929717540740967,-0.007169548524931694,0.2,5e-05,12860,37.53934097290039,0.038020875,6.826843116680781,0.14888079464435577,0.40878092447916664
253,150,722.46,843.8820384499999,7271,1843200,58.9441311220328,0.9067744016647339,-0.004133789731956009,0.2,5e-05,12870,31.18459701538086,0.045415934,6.826238574584325,0.14891642332077026,0.4684244791666667
255,151,701.5,814.9909175100001,7272,1855488,51.755392120281854,0.8910022377967834,0.0042116474500896095,0.2,5e-05,12880,26.537809371948242,0.07331181,6.820204306642214,0.14897730946540833,0.5567138671875
256,152,712.4,827.71618416,7272,1867776,43.82710254192352,0.8978691101074219,-0.0007421373673423659,0.2,5e-05,12890,16.054931640625,0.06502908,6.816241118311882,0.14903253316879272,0.5228515625
258,153,735.86,856.02975934,7272,1880064,58.72545562982559,0.8818584084510803,0.006324874123189754,0.2,5e-05,12900,19.027769088745117,0.05796008,6.812125078837076,0.14909638464450836,0.5669677734375
260,154,740.85,859.4176841999999,7271,1892352,53.410076105594634,0.877896785736084,-0.0006848510494213163,0.2,5e-05,12910,36.333980560302734,0.058889966,6.808662190039953,0.14910908043384552,0.49542643229166666
261,155,761.43,886.7499821399999,7272,1904640,57.49031823476155,0.8933308720588684,-0.003189986888416267,0.2,5e-05,12920,27.595069885253906,0.051217545,6.805772936344146,0.14906789362430573,0.46953125
263,156,757.91,879.6646692499999,7272,1916928,45.49212690194448,0.8894224762916565,0.00586245957626185,0.2,5e-05,12930,26.515310287475586,0.06293598,6.797449606657028,0.14921285212039948,0.5527913411458333
265,157,756.74,879.8179864499999,7272,1929216,70.91282813549041,0.8775804042816162,-0.0034037767472909763,0.2,5e-05,12940,48.072750091552734,0.04514025,6.789302490154902,0.1492587774991989,0.4475016276041667
266,158,751.48,870.23515684,7273,1941504,64.42096608877182,0.885870099067688,0.00044644954323302954,0.2,5e-05,12950,30.263139724731445,0.057763368,6.784400096535682,0.14927227795124054,0.5202067057291667
268,159,717.71,822.95947195,7273,1953792,57.06666954755783,0.8914232850074768,0.002065756001684349,0.2,5e-05,12960,32.423343658447266,0.059112716,6.776636710762977,0.1494593471288681,0.5084798177083333
270,160,730.44,840.9124830099998,7273,1966080,75.22527719338736,0.8988333344459534,-0.0017017064082513874,0.2,5e-05,12970,22.810598373413086,0.05630037,6.769845859209696,0.14943121373653412,0.4853515625
272,161,713.0,817.5164572899998,7272,1978368,51.101520256201425,0.9060897827148438,0.0006057841591731024,0.2,5e-05,12980,19.795133590698242,0.0694889,6.766510177652041,0.14955925941467285,0.5145426432291667
273,162,698.92,797.40841751,7272,1990656,52.59612898826599,0.8961524367332458,0.0026862388408820455,0.2,5e-05,12990,15.494389533996582,0.061210472,6.754206879933675,0.14973558485507965,0.5351725260416667
275,163,714.31,814.3846501000003,7272,2002944,88.64616065820059,0.8734089732170105,0.0004071759365615435,0.2,5e-05,13000,74.83086395263672,0.050770056,6.743505106369654,0.14988775551319122,0.4951578776041667
277,164,693.26,788.11404138,7273,2015232,58.57004756530126,0.86370849609375,-0.0008647643922207256,0.2,5e-05,13010,10.793127059936523,0.052991655,6.729227500160535,0.15006296336650848,0.5041015625
278,165,731.66,842.38741566,7273,2027520,77.16911725997925,0.8820551037788391,4.486218288851281e-05,0.2,5e-05,13020,50.852012634277344,0.053322453,6.719682025909424,0.15014563500881195,0.5192545572916667
280,166,747.97,860.93372692,7273,2039808,30.15136726498604,0.8892877697944641,0.016324907811455583,0.2,5e-05,13030,6.974379539489746,0.08828511,6.713651948173841,0.15014590322971344,0.6235107421875
282,167,748.02,855.1943884799998,7273,2052096,40.19501376748085,0.8902287483215332,0.0021770711066589382,0.2,5e-05,13040,11.354262351989746,0.055929407,6.7147098779678345,0.1500757932662964,0.530859375
283,168,794.22,912.4346969000002,7273,2064384,53.67194297711055,0.8874186277389526,0.0006964454315796805,0.2,5e-05,13050,12.380391120910645,0.04630636,6.718963317076365,0.15005652606487274,0.4982421875
285,169,788.2,911.25904841,7274,2076672,48.07001808484395,0.8601870536804199,0.001303551253901484,0.2,5e-05,13060,10.948686599731445,0.067956805,6.712746781110764,0.15018652379512787,0.5327799479166667
287,170,792.55,920.27319826,7274,2088960,40.981731643279396,0.9024847745895386,0.001725419389064579,0.2,5e-05,13070,30.786985397338867,0.056592997,6.709219372272491,0.15007005631923676,0.5402099609375
288,171,781.66,905.2989611400001,7275,2101248,54.50925171772639,0.8868458867073059,0.007555531295171628,0.2,5e-05,13080,40.40312957763672,0.056697372,6.709383082389832,0.1500319242477417,0.5632975260416667
290,172,758.94,878.7612587199999,7274,2113536,38.90255647500356,0.916608452796936,-0.008686963373717542,0.2,5e-05,13090,15.268929481506348,0.041621465,6.710727728406588,0.14999379217624664,0.4279052734375
292,173,733.18,852.9125479400001,7275,2125824,59.947908473014834,0.8832857608795166,0.0013597387267509475,0.2,5e-05,13100,42.113521575927734,0.08915877,6.707252267003059,0.15012706816196442,0.5314046223958333
293,174,716.85,836.27456366,7275,2138112,39.47131776014964,0.9070950150489807,0.003741076418373268,0.2,5e-05,13110,17.224884033203125,0.065459676,6.7007650633653,0.15006636083126068,0.554833984375
295,175,717.0,833.9099023199998,7275,2150400,41.64398335019747,0.8766623139381409,0.005568982110708021,0.2,5e-05,13120,15.69336223602295,0.05943871,6.702637364466985,0.1500444859266281,0.5576497395833333
297,176,729.79,851.70786538,7275,2162688,50.70051588217417,0.909111499786377,0.002575916912852942,0.2,5e-05,13130,17.05225944519043,0.059604723,6.69941558043162,0.15008945763111115,0.5212320963541667
298,177,735.55,853.0012776199999,7276,2174976,39.13961670597394,0.8927249312400818,0.006931327122341221,0.2,5e-05,13140,13.018875122070312,0.055978227,6.693498239914576,0.15012235939502716,0.5583251953125
300,178,758.81,880.7489101499999,7276,2187264,37.284049898386,0.9213820099830627,-0.001929548343953987,0.2,5e-05,13150,4.9314866065979,0.05471076,6.680626252293587,0.15031646192073822,0.5061686197916667
302,179,776.39,898.97155925,7276,2199552,26.298806670308114,0.9093215465545654,0.007271265727467835,0.2,5e-05,13160,6.675976276397705,0.09289525,6.67377800544103,0.1504233330488205,0.5692789713541667
303,180,783.33,901.4151871400001,7276,2211840,39.56038654645284,0.8926541805267334,-0.0034481924720845807,0.2,5e-05,13170,10.316143989562988,0.053711187,6.667652873198191,0.15049363672733307,0.45228678385416665
305,181,780.62,897.5610389499999,7276,2224128,31.006973374883334,0.9173500537872314,0.004369278426747769,0.2,5e-05,13180,17.973085403442383,0.053516254,6.659501913189888,0.15066073834896088,0.5448893229166667
307,182,801.32,917.63557406,7276,2236416,46.18650294939677,0.9007799029350281,-0.0033618626873552176,0.2,5e-05,13190,26.264183044433594,0.061836798,6.6527596592903135,0.1506965607404709,0.48763834635416664
309,183,819.52,939.3433824099999,7276,2248704,22.900535450379053,0.8963135480880737,0.014530104745548063,0.2,5e-05,13200,8.346858978271484,0.07631619,6.631773497660955,0.1512221246957779,0.6202311197916667
310,184,819.59,940.0286881,7277,2260992,43.95199146270752,0.8834854960441589,-0.0007757923357227507,0.2,5e-05,13210,12.532306671142578,0.05949227,6.612248080968857,0.15115725994110107,0.49676920572916666
312,185,815.04,934.13758625,7277,2273280,39.09223734140396,0.8855948448181152,0.0024700818641576914,0.2,5e-05,13220,12.455903053283691,0.058273252,6.606344330310821,0.15129488706588745,0.5350504557291667
314,186,804.42,922.3011817800001,7277,2285568,48.429279839992525,0.9040954113006592,-0.002968940069452704,0.2,5e-05,13230,27.084598541259766,0.036939126,6.60078055759271,0.15139172971248627,0.447705078125
315,187,810.71,924.15998211,7277,2297856,43.199858756860095,0.9025380611419678,-0.006736923534966384,0.2,5e-05,13240,16.96565055847168,0.038363483,6.597688400745392,0.15134553611278534,0.44044596354166665
317,188,833.34,949.9892837599998,7277,2310144,37.85014684796333,0.8516294956207275,0.0007902155659394339,0.2,5e-05,13250,31.40545082092285,0.061155546,6.597094330191612,0.15142785012722015,0.5302327473958334
319,189,804.53,917.23781523,7277,2322432,35.775148794054985,0.8481706380844116,0.0065493896681194505,0.2,5e-05,13260,10.147908210754395,0.063117474,6.581566733121872,0.15177224576473236,0.5642008463541667
320,190,798.09,906.46697113,7278,2334720,42.36186013023059,0.9022740721702576,-0.00430676487449091,0.2,5e-05,13270,19.64083480834961,0.03800531,6.570428237318993,0.15177413821220398,0.46792805989583336
322,191,799.15,910.09649108,7278,2347008,42.102569323778155,0.8897886872291565,0.005660015366932687,0.2,5e-05,13280,27.595483779907227,0.062040385,6.571496538321177,0.15165871381759644,0.539599609375
324,192,792.25,904.9366304999999,7278,2359296,41.70845491091411,0.8969083428382874,-0.0020369611566517657,0.2,5e-05,13290,21.00083351135254,0.06082209,6.5681815852721535,0.15168721973896027,0.5321207682291667
325,193,795.65,914.89859331,7279,2371584,36.080456711848576,0.8949652910232544,-0.000590537780468973,0.2,5e-05,13300,7.329198360443115,0.055615578,6.566785926620166,0.15165942907333374,0.4991943359375
327,194,785.85,908.3226139100001,7279,2383872,48.81001366575559,0.875342071056366,0.0056709410021236785,0.2,5e-05,13310,23.99701499938965,0.06611421,6.566107471783956,0.15172179043293,0.5586344401041666
329,195,792.76,916.0017998100001,7279,2396160,21.489116202791532,0.9219127893447876,0.009052058472298086,0.2,5e-05,13320,9.933836936950684,0.06840516,6.555037796497345,0.15186567604541779,0.5859049479166667
330,196,818.57,948.9837114899998,7280,2408448,28.59130887190501,0.8791610598564148,0.009113349167455454,0.2,5e-05,13330,7.051548004150391,0.066350125,6.548342122634252,0.15189145505428314,0.5659830729166667
332,197,823.39,952.9242766499999,7280,2420736,32.49766415059567,0.8555268049240112,0.0052986669431750975,0.2,5e-05,13340,3.4899089336395264,0.07352342,6.54685662984848,0.1518796682357788,0.5493245442708333
334,198,823.4,955.4842313499998,7279,2433024,51.15968815286954,0.8858031034469604,-0.006062756297857656,0.2,5e-05,13350,38.74772262573242,0.03629313,6.54466864267985,0.15194544196128845,0.44990234375
335,199,810.39,937.7634218999999,7279,2445312,39.129270472129186,0.9187329411506653,-0.004624326767710348,0.2,5e-05,13360,28.768062591552734,0.050612073,6.5413758784532545,0.1518244445323944,0.4754231770833333
337,200,801.41,928.0289040299999,7279,2457600,48.81292220751445,0.8972245454788208,-0.005447140055184718,0.2,5e-05,13370,18.657400131225586,0.047513083,6.541957738002141,0.15186089277267456,0.46023763020833336
339,201,805.82,934.6833650200001,7278,2469888,58.25057356357574,0.8875049948692322,0.004984780141967349,0.2,5e-05,13380,15.865234375,0.047791213,6.539547911286354,0.15178853273391724,0.5194010416666667
341,202,795.17,927.0279090299998,7276,2482176,13.908651873966058,0.8997658491134644,0.02035876276495401,0.2,5e-05,13390,5.31248664855957,0.08753102,6.536193913221359,0.15180739760398865,0.6356852213541667
342,203,803.0,941.3439139200001,7277,2494464,29.220487067103385,0.9204856753349304,0.005246427988458891,0.2,5e-05,13400,7.549847602844238,0.06420294,6.523644292354584,0.15202029049396515,0.5561360677083333
344,204,805.93,945.4867347599998,7277,2506752,33.36101354459922,0.8606505990028381,0.0019985596615394265,0.2,5e-05,13410,29.516206741333008,0.07612182,6.511840708057085,0.15227393805980682,0.5316813151041667
346,205,808.6,950.5473866199999,7277,2519040,45.10184710025787,0.9143919944763184,-0.004082546579593327,0.2,5e-05,13420,15.273329734802246,0.037907716,6.5058056553204855,0.15226109325885773,0.44366861979166666
347,206,832.48,976.4000972000001,7277,2531328,42.85723822712898,0.8775676488876343,-0.0012363024206327585,0.2,5e-05,13430,34.44191360473633,0.05179,6.500862847765287,0.15232154726982117,0.4764892578125
349,207,816.59,960.82589153,7277,2543616,39.03321604927381,0.9113821983337402,-0.0012976969044151095,0.2,5e-05,13440,16.579404830932617,0.04766387,6.492257273197174,0.15241646766662598,0.5069010416666667
351,208,808.99,949.55300485,7277,2555904,49.2996075352033,0.8921765089035034,0.003753866762660133,0.2,5e-05,13450,33.117767333984375,0.06850148,6.479380915562312,0.15269650518894196,0.5238037109375
352,209,810.45,943.0835094600001,7277,2568192,43.429596811532974,0.8750990629196167,-0.006304408422632453,0.2,5e-05,13460,12.323014259338379,0.03490989,6.4673637817303335,0.15272271633148193,0.41636555989583335
354,210,791.56,907.93619581,7277,2580480,44.65703000823657,0.879912257194519,-0.00703797775398319,0.2,5e-05,13470,19.575637817382812,0.041481834,6.4615611881017685,0.1527637243270874,0.45448404947916665
356,211,807.72,923.99913569,7277,2592768,41.332151552041374,0.8883688449859619,0.0006981096138285163,0.2,5e-05,13480,25.569189071655273,0.04768463,6.452040746808052,0.15295608341693878,0.4880289713541667
357,212,811.0,926.6003410200001,7277,2605056,42.327278502782185,0.9063543677330017,0.00476661711873021,0.2,5e-05,13490,31.987503051757812,0.062370386,6.442731654644012,0.15299032628536224,0.5400390625
359,213,811.68,924.0371665299999,7278,2617344,23.279841924707096,0.9096139669418335,0.011899111978709697,0.2,5e-05,13500,13.3594970703125,0.07546395,6.427659265200297,0.15336130559444427,0.5929931640625
361,214,812.25,919.13884596,7278,2629632,39.19242511987686,0.8968427181243896,-0.004468378848590267,0.2,5e-05,13510,16.144344329833984,0.03957442,6.415352515379587,0.15346023440361023,0.46201985677083335
362,215,819.62,932.6801822699999,7278,2641920,36.94697820444902,0.8904646635055542,0.0012876455448955918,0.2,5e-05,13520,8.072379112243652,0.05361374,6.408814789851506,0.15352194011211395,0.5237548828125
364,216,822.7,945.1961140099999,7278,2654208,19.910267199079197,0.875074565410614,0.009443257474777056,0.2,5e-05,13530,18.77347183227539,0.07450054,6.405864955981572,0.1534838229417801,0.5810139973958334
366,217,839.8,972.6628350599999,7278,2666496,32.42503084540367,0.8970078229904175,-0.0016249232828461876,0.2,5e-05,13540,9.916449546813965,0.059801,6.40431082646052,0.15353266894817352,0.5085123697916667
368,218,833.89,971.02864897,7276,2678784,45.52099829117457,0.9105150699615479,-0.010626877113827505,0.2,5e-05,13550,18.414356231689453,0.042897474,6.397545547286669,0.15361572802066803,0.40640462239583336
369,219,831.88,980.5354913900001,7275,2691072,45.3747410962979,0.8695605397224426,0.0005502927112199055,0.2,5e-05,13560,13.781172752380371,0.06646788,6.392670036355654,0.15373782813549042,0.5108723958333333
371,220,823.07,970.70942257,7275,2703360,36.644862580299375,0.8924121260643005,0.0074916987883625556,0.2,5e-05,13570,10.1156005859375,0.07404488,6.38810513317585,0.15376605093479156,0.5574300130208333
373,221,813.98,959.07801636,7275,2715648,27.292165093620618,0.9288679361343384,-0.006609607125089193,0.2,5e-05,13580,7.726580619812012,0.039322454,6.386251065135002,0.15375038981437683,0.4368977864583333
374,222,802.69,937.59820332,7275,2727936,35.33479983309905,0.9203559756278992,0.004432776594088258,0.2,5e-05,13590,19.703109741210938,0.055303168,6.380589812000593,0.15384472906589508,0.5621988932291667
376,223,812.43,949.9223416400001,7274,2740224,55.40612276395162,0.889731764793396,-0.002087335049630686,0.2,5e-05,13600,15.848188400268555,0.05040471,6.376485519607862,0.15381959080696106,0.47015787760416666
378,224,822.21,963.3703600200001,7274,2752512,31.33315598766009,0.8784138560295105,0.013121721685456578,0.2,5e-05,13610,6.044842720031738,0.10039892,6.367755738894145,0.15407364070415497,0.6387858072916667
380,225,830.6,965.8895621600001,7274,2764800,31.43396128018697,0.897862434387207,-0.0005668027324039333,0.2,5e-05,13620,17.954477310180664,0.043229967,6.3591865261395775,0.15416496992111206,0.49185384114583336
381,226,816.28,944.3072452399997,7270,2777088,49.524055474996565,0.8969932794570923,-0.0006173275120090693,0.2,5e-05,13630,13.622088432312012,0.047442395,6.348716123898824,0.15435589849948883,0.48243815104166665
383,227,805.12,931.26595292,7268,2789376,50.1610620657603,0.8987808227539062,0.0027544718361847726,0.2,5e-05,13640,24.572101593017578,0.078112535,6.336903198560079,0.15449772775173187,0.5330810546875
385,228,795.94,923.6521659099999,7264,2801664,47.00232771635056,0.8927755951881409,-0.003318550103964905,0.2,5e-05,13650,22.784435272216797,0.04389283,6.332110996047656,0.15451624989509583,0.469970703125
387,229,796.12,926.2447740899999,7260,2813952,42.67201780080795,0.9129239320755005,0.0024146153145314505,0.2,5e-05,13660,10.9419584274292,0.047562387,6.334441448251407,0.1544884741306305,0.5144694010416667
389,230,791.5,919.21127966,7253,2826240,46.33072994848092,0.8818260431289673,0.009531053922546561,0.2,5e-05,13670,14.85069751739502,0.064881854,6.333388479550679,0.15445175766944885,0.5689860026041667
391,231,786.98,918.2746734399999,7251,2838528,30.5439720928669,0.9020548462867737,0.0017668139946181328,0.2,5e-05,13680,6.249267578125,0.06021562,6.328795115152995,0.15459631383419037,0.5352132161458333
393,232,799.89,941.5778515799998,7251,2850816,39.59802938302358,0.8782071471214294,0.0038366363786432583,0.2,5e-05,13690,8.820586204528809,0.04966171,6.321669217944145,0.15464326739311218,0.53818359375
394,233,809.42,957.5486785,7250,2863104,43.74485727747281,0.8805127739906311,0.003742468883380449,0.2,5e-05,13700,20.255342483520508,0.07789833,6.317498663067818,0.15470564365386963,0.5261474609375
396,234,804.66,950.9833048400001,7247,2875392,60.24625834623973,0.8828552961349487,-0.006914401017517472,0.2,5e-05,13710,62.9356803894043,0.044856608,6.3141935179630915,0.15469683706760406,0.445849609375
398,235,803.55,948.60780079,7244,2887680,44.961970976988475,0.9068682789802551,-0.002876759124531721,0.2,5e-05,13720,21.485017776489258,0.048648167,6.313523905475934,0.15469859540462494,0.5111083984375
400,236,776.9,916.2618987599999,7241,2899968,49.912033033370975,0.8623323440551758,0.005865029624934929,0.2,5e-05,13730,31.97157859802246,0.061612856,6.309026006857554,0.1548110991716385,0.5508138020833333
402,237,779.99,918.05209196,7239,2912256,51.8096927523613,0.8963546752929688,0.006242133451936146,0.2,5e-05,13740,23.018037796020508,0.094724335,6.301797276735305,0.15484397113323212,0.540087890625
404,238,768.13,895.20081466,7238,2924544,56.003093425432844,0.8790919780731201,-0.008036712769292837,0.2,5e-05,13750,37.83946990966797,0.045310926,6.300224830706914,0.1548004001379013,0.42278645833333334
405,239,765.36,889.5095182299998,7237,2936832,46.72238144079844,0.8951116800308228,0.0014404998859390617,0.2,5e-05,13760,36.820796966552734,0.053962413,6.297741999228795,0.15483851730823517,0.5269775390625
407,240,753.03,871.08951942,7236,2949120,42.86963695883751,0.9004952907562256,0.017598767833745418,0.2,5e-05,13770,11.106452941894531,0.070078686,6.2927784313758215,0.15492327511310577,0.6028564453125
409,241,764.73,885.05610711,7236,2961408,55.1860944767793,0.8890565633773804,-0.0036909780338949833,0.2,5e-05,13780,32.294464111328125,0.04329546,6.294637158513069,0.15476970374584198,0.4697347005208333
410,242,774.63,894.0583140399999,7235,2973696,41.997051554918286,0.8990543484687805,0.0006044632124636943,0.2,5e-05,13790,28.319061279296875,0.055515736,6.2917799552281695,0.154946431517601,0.51982421875
412,243,757.56,872.9477899000001,7234,2985984,45.3183544298013,0.8982511758804321,-0.003945005146670155,0.2,5e-05,13800,10.978425979614258,0.044633,6.284435042738915,0.15493835508823395,0.4681396484375
414,244,768.93,892.7174472099999,7233,2998272,57.46093302965164,0.9026252627372742,-0.007090872216213029,0.2,5e-05,13810,26.6523380279541,0.03788584,6.283215431372325,0.15498210489749908,0.42278645833333334
416,245,757.33,877.2969156400001,7231,3010560,32.42013241151969,0.9038417935371399,0.01322889294970082,0.2,5e-05,13820,6.052659511566162,0.06222785,6.27651453713576,0.15509988367557526,0.5899251302083334
418,246,740.33,855.6015246699999,7231,3022848,79.81963582436244,0.8858349919319153,-0.008065679168794304,0.2,5e-05,13830,55.099708557128906,0.02871637,6.270190185308456,0.1551259160041809,0.38539225260416665
419,247,740.92,858.1035349599999,7229,3035136,67.21504004398982,0.9036018252372742,-0.0062062394315338075,0.2,5e-05,13840,19.60502052307129,0.037395146,6.261118989189466,0.15533357858657837,0.4287027994791667
421,248,732.04,847.4541090000001,7227,3047424,37.782456582784654,0.8783255219459534,0.0073791331383593695,0.2,5e-05,13850,17.661603927612305,0.09180561,6.238394505778948,0.15566852688789368,0.5913655598958333
423,249,735.38,849.3007945200001,7225,3059712,60.96599559386571,0.887159526348114,-0.009290999521423753,0.2,5e-05,13860,13.179878234863281,0.034058716,6.2264625281095505,0.15569692850112915,0.404443359375
425,250,718.63,825.3953418799999,7224,3072000,43.336347275972365,0.9256033897399902,-0.0052265794773120435,0.2,5e-05,13870,19.078210830688477,0.053109486,6.2201801300048825,0.15583330392837524,0.4675374348958333
427,251,707.92,815.52155881,7221,3084288,48.123710467418036,0.8903422355651855,-0.004134793245854477,0.2,5e-05,13880,41.458065032958984,0.04433738,6.212626727422078,0.15588180720806122,0.47897135416666664
428,252,725.92,842.2335730199999,7219,3096576,63.97634406089783,0.9033955931663513,-0.006272312829241855,0.2,5e-05,13890,20.344106674194336,0.045707792,6.208230963349342,0.15592055022716522,0.46953938802083334
430,253,711.28,817.80021136,7214,3108864,37.11256324648857,0.9081637859344482,0.008200260050458989,0.2,5e-05,13900,12.892568588256836,0.05479582,6.192733751734098,0.15611620247364044,0.5600748697916667
432,254,721.1,832.1728072299999,7212,3121152,43.06638653477033,0.8992111682891846,0.01340244536161966,0.2,5e-05,13910,22.738914489746094,0.07863455,6.177534626921018,0.15622547268867493,0.6312093098958333
434,255,741.24,857.98917429,7208,3133440,36.900813938180605,0.8965656757354736,0.005107610236154869,0.2,5e-05,13920,18.103912353515625,0.060437296,6.170756288369497,0.15628497302532196,0.5441975911458333
436,256,750.93,871.8516674299999,7207,3145728,32.97054614424705,0.8888817429542542,-0.0012408156728876444,0.2,5e-05,13930,22.280141830444336,0.061090548,6.166065835952759,0.15633408725261688,0.5064615885416667
438,257,775.33,904.9024622999999,7206,3158016,44.64613836208979,0.8854472041130066,-0.0074250787142470165,0.2,5e-05,13940,14.116943359375,0.034727197,6.167415412267049,0.15627293288707733,0.4320149739583333
439,258,769.18,897.5604413899999,7205,3170304,38.34316388567289,0.9023013710975647,-0.0021139684055621424,0.2,5e-05,13950,29.637657165527344,0.047053847,6.170427630345027,0.15627649426460266,0.49815266927083335
441,259,790.39,929.40676876,7203,3182592,54.17085184256236,0.9076752066612244,0.006724188705751051,0.2,5e-05,13960,13.319604873657227,0.05788389,6.152367825309436,0.15666836500167847,0.573095703125
443,260,790.09,930.28587459,7202,3194880,27.679199852546056,0.9043151140213013,0.0026989342004526407,0.2,5e-05,13970,6.4026079177856445,0.052461002,6.128757171829542,0.15697471797466278,0.5361246744791667
445,261,803.32,949.98082964,7201,3207168,48.41228199005127,0.8835235238075256,-0.008531923182696724,0.2,5e-05,13980,26.125032424926758,0.04273347,6.1199936926364895,0.1570107489824295,0.45352376302083336
447,262,804.11,951.76160569,7199,3219456,38.20184243520101,0.8919475078582764,0.009018442543553344,0.2,5e-05,13990,23.606000900268555,0.069376014,6.11319014330705,0.15717388689517975,0.5685872395833333
448,263,798.56,942.4441637799999,7197,3231744,37.14395592808724,0.9136297702789307,-0.0018840682202911315,0.2,5e-05,14000,23.864818572998047,0.044786293,6.103606133659681,0.1571858823299408,0.4677490234375
450,264,781.41,916.36672003,7195,3244032,35.78043779532115,0.933203935623169,-0.0018651684687938542,0.2,5e-05,14010,25.203222274780273,0.0656151,6.100207364559173,0.15728124976158142,0.48531901041666664
452,265,780.9,905.76018582,7194,3256320,74.56983429193497,0.8853707909584045,-0.00541068192202753,0.2,5e-05,14020,58.79280471801758,0.045116704,6.102413732806841,0.15719760954380035,0.4377522786458333
454,266,760.55,871.3809274600001,7192,3268608,43.90524111787478,0.9123204946517944,0.003655962660559453,0.2,5e-05,14030,26.100248336791992,0.054921616,6.098798721035322,0.15731340646743774,0.4978108723958333
456,267,759.8,861.31515082,7190,3280896,70.4643375913302,0.8885740041732788,-0.010261237077065744,0.2,5e-05,14040,45.54063034057617,0.038519364,6.092526930570602,0.15733300149440765,0.38213704427083334
458,268,752.58,843.25314061,7187,3293184,30.07298173705737,0.8894729614257812,-0.0005206593860445234,0.2,5e-05,14050,11.646838188171387,0.062005132,6.088535803556442,0.15743118524551392,0.5156168619791667
460,269,774.59,868.9492451,7185,3305472,39.71604599356651,0.9141033887863159,0.0026509266812354327,0.2,5e-05,14060,14.635846138000488,0.05328916,6.082906458775202,0.15745095908641815,0.5230631510416667
461,270,773.15,868.0462409699999,7183,3317760,23.921818993488948,0.9111489057540894,0.01630441382051989,0.2,5e-05,14070,12.322986602783203,0.069084115,6.068856727083524,0.15775321424007416,0.6200032552083333
463,271,791.08,886.1161032000001,7183,3330048,49.09901158213616,0.8995415568351746,-0.0014968453125523715,0.2,5e-05,14080,10.464544296264648,0.04530509,6.057365666826566,0.1578882485628128,0.47246907552083334
465,272,800.17,902.6666780899999,7183,3342336,71.36005008618037,0.888139545917511,-0.010709790738959175,0.2,5e-05,14090,26.97945213317871,0.037152138,6.049616689483325,0.15802128612995148,0.38644205729166664
466,273,790.4,891.3496554400001,7184,3354624,42.9265555759271,0.9138506650924683,-0.0010472922420982891,0.2,5e-05,14100,15.358173370361328,0.051721167,6.04806098639965,0.15792465209960938,0.47314453125
468,274,796.18,907.04502782,7184,3366912,44.74915920694669,0.8837023973464966,0.0012490551351220347,0.2,5e-05,14110,28.72882080078125,0.065248094,6.048747475941976,0.15797598659992218,0.4980387369791667
470,275,782.04,900.7073976100002,7182,3379200,44.23715464274088,0.8653573393821716,-0.006086755077315805,0.2,5e-05,14120,13.807204246520996,0.041401062,6.041921959320704,0.1580287367105484,0.45319010416666666
472,276,778.0,896.5505530400001,7181,3391488,35.794583815336225,0.9062902927398682,0.0026354297913106467,0.2,5e-05,14130,36.127044677734375,0.069454364,6.033891675869624,0.1580878049135208,0.5520345052083333
474,277,775.22,894.83252805,7179,3403776,43.5346298635006,0.8705185651779175,-0.0006480929407795581,0.2,5e-05,14140,24.669322967529297,0.045993004,6.026595451434454,0.1581541895866394,0.49545084635416664
475,278,784.71,906.61462692,7179,3416064,50.402621354659395,0.8933253884315491,-0.00447207049098021,0.2,5e-05,14150,43.10143280029297,0.05023269,6.02133194108804,0.15813203155994415,0.4663899739583333
477,279,814.36,945.6493928799999,7179,3428352,45.51823880275091,0.8775684237480164,0.00414643672653862,0.2,5e-05,14160,30.145174026489258,0.06335067,6.009270731608073,0.15837694704532623,0.5380045572916666
479,280,813.5,940.5871355200001,7180,3440640,18.275414571662743,0.887095034122467,0.01330102431384148,0.2,5e-05,14170,18.933238983154297,0.06765677,5.984038641055425,0.15866069495677948,0.5987955729166666
480,281,810.85,930.9855342000001,7180,3452928,48.97508265773455,0.875709056854248,-0.004588378661719616,0.2,5e-05,14180,21.34994888305664,0.05089212,5.969714680314064,0.15877459943294525,0.4436279296875
482,282,828.97,944.8470891499998,7181,3465216,37.908498070637386,0.875265896320343,-0.004494511083369919,0.2,5e-05,14190,23.268997192382812,0.040155914,5.96628604233265,0.15874378383159637,0.43600260416666664
484,283,833.34,952.99463525,7181,3477504,48.81957936485608,0.9053438305854797,-0.011532993283860074,0.2,5e-05,14200,31.56819725036621,0.038409032,5.966246126095454,0.15874338150024414,0.3651123046875
485,284,829.55,948.7996639699999,7182,3489792,27.715194769700368,0.922755241394043,-0.0012471425575010168,0.2,5e-05,14210,9.517509460449219,0.046328325,5.957059674461683,0.15888045728206635,0.49546712239583335
487,285,822.63,942.12868523,7182,3502080,57.43090989589691,0.9013417363166809,-0.009876893659626755,0.2,5e-05,14220,22.15439224243164,0.030804088,5.949030821522077,0.15894149243831635,0.40658365885416664
489,286,793.26,908.89431433,7182,3514368,46.07516903479894,0.8701905012130737,-0.0019364817523940777,0.2,5e-05,14230,17.48419189453125,0.050318975,5.944581888119379,0.159013569355011,0.48036295572916665
490,287,787.59,906.1607259800002,7182,3526656,64.1688597281774,0.8721034526824951,-0.004859041691330882,0.2,5e-05,14240,32.973472595214844,0.04964896,5.929537012179693,0.15926775336265564,0.4791178385416667
492,288,766.78,884.4972819199998,7183,3538944,58.58818133076032,0.9036705493927002,-0.005318324991579478,0.2,5e-05,14250,7.833381175994873,0.040182132,5.913762275377909,0.15940263867378235,0.47874348958333335
494,289,763.01,879.7454226499999,7183,3551232,56.28828306992849,0.8910437226295471,0.0010759955815350015,0.2,5e-05,14260,60.43989181518555,0.059511084,5.899634328484535,0.1596115380525589,0.5141682942708333
496,290,773.28,892.7365005200002,7183,3563520,40.30609069466591,0.8879832029342651,0.0015766909508480845,0.2,5e-05,14270,22.37894058227539,0.053717572,5.8900940706332525,0.1596555858850479,0.5111328125
497,291,795.25,911.65559326,7183,3575808,16.04260238558054,0.9208940267562866,0.025670073963798737,0.2,5e-05,14280,24.262592315673828,0.07904557,5.8802018831173575,0.15973900258541107,0.6412353515625
499,292,800.24,909.8243374599999,7184,3588096,48.38347030480703,0.8720737099647522,-0.006632848701944264,0.2,5e-05,14290,18.859235763549805,0.03824227,5.880289440353711,0.15967026352882385,0.4086181640625
501,293,800.86,907.9544893200001,7184,3600384,41.187808911005654,0.8951583504676819,-0.005158790559895958,0.2,5e-05,14300,6.6723952293396,0.044131458,5.88727280596892,0.1595233529806137,0.4381510416666667
502,294,811.68,918.67461409,7185,3612672,43.569124851624174,0.9051682353019714,-0.000825716612356094,0.2,5e-05,14310,20.310808181762695,0.06350442,5.8955999314785,0.15944348275661469,0.5139567057291666
504,295,832.06,941.6658938600002,7185,3624960,37.25016379157702,0.8728596568107605,0.00214455866444041,0.2,5e-05,14320,13.398639678955078,0.054311473,5.893770615259807,0.1595543473958969,0.5138264973958333
506,296,806.48,905.1168958100003,7186,3637248,25.883019217848776,0.9110328555107117,0.00262092547006129,0.2,5e-05,14330,17.523223876953125,0.054466084,5.8914330552021665,0.1595175564289093,0.5177734375
507,297,789.38,890.2751675399999,7186,3649536,51.349095702171326,0.8911433219909668,-0.009772045907933109,0.2,5e-05,14340,18.593460083007812,0.03077571,5.894794132312139,0.15944118797779083,0.3710856119791667
509,298,752.42,850.9186299499999,7186,3661824,45.90334523916245,0.9079645872116089,-0.008678871537995292,0.2,5e-05,14350,11.790111541748047,0.029641619,5.895223740736643,0.15941010415554047,0.40560709635416664
511,299,754.1,856.70554959,7187,3674112,75.77436772584915,0.9019156098365784,-0.004709358259181802,0.2,5e-05,14360,23.83572006225586,0.03501764,5.8962416311105095,0.1593538075685501,0.42735188802083335
512,300,732.25,830.28487981,7188,3686400,37.65770043929418,0.8691334128379822,-0.0018078781955409794,0.2,5e-05,14370,11.042445182800293,0.056062717,5.89664877752463,0.15936025977134705,0.5160481770833333
514,301,710.48,803.74180606,7188,3698688,52.306564166148505,0.8766593933105469,0.000778521790925879,0.2,5e-05,14380,20.036792755126953,0.050544053,5.889550032218297,0.15947119891643524,0.5271891276041667
516,302,726.01,823.3732027300002,7189,3710976,81.05497043927511,0.8617088794708252,-0.005611985249318726,0.2,5e-05,14390,19.51537322998047,0.03691904,5.8829563091198604,0.15949274599552155,0.42470703125
517,303,734.24,831.2779404700002,7189,3723264,29.917731976509096,0.9112671613693237,0.004431778588332236,0.2,5e-05,14400,10.906194686889648,0.055741847,5.885202631354332,0.15942126512527466,0.5459798177083334
519,304,786.06,902.0927093400002,7190,3735552,31.227068019906678,0.8998247385025024,0.009082322626879129,0.2,5e-05,14410,8.201541900634766,0.06801772,5.8866488615671795,0.1594477742910385,0.5735188802083333
521,305,791.3,905.81454281,7191,3747840,31.645616110165914,0.902859091758728,-8.097968723935386e-05,0.2,5e-05,14420,7.674034595489502,0.05045703,5.882047336300214,0.15960043668746948,0.5134114583333333
522,306,796.83,913.3391364600003,7191,3760128,37.97962751189868,0.8881598711013794,-0.0025285595290673274,0.2,5e-05,14430,20.303390502929688,0.050977957,5.872888083259265,0.1596837341785431,0.46767578125
524,307,797.44,915.32083358,7192,3772416,51.92331861257553,0.8842468857765198,-0.005859515506745083,0.2,5e-05,14440,10.827529907226562,0.04377066,5.8728648781776425,0.159604012966156,0.4424235026041667
526,308,809.97,932.8098430699999,7192,3784704,53.20172907908758,0.8886374235153198,-0.008287365231080913,0.2,5e-05,14450,32.09195327758789,0.034594823,5.8667126794656115,0.1597328633069992,0.44663899739583335
527,309,819.07,949.24282346,7193,3796992,32.8831301510334,0.8998117446899414,-0.0006417287702788598,0.2,5e-05,14460,24.251047134399414,0.063052855,5.859933160742124,0.15974821150302887,0.5081380208333334
529,310,818.33,942.49752973,7193,3809280,44.96318484544754,0.8750020265579224,0.005110651206147547,0.2,5e-05,14470,24.120830535888672,0.05773021,5.854225086172422,0.1598324030637741,0.5580973307291667
531,311,821.0,943.52105701,7192,3821568,31.63723602493604,0.8877532482147217,0.007064085606543813,0.2,5e-05,14480,14.656940460205078,0.08208487,5.843631491065025,0.16006888449192047,0.5622314453125
532,312,828.75,956.88879044,7193,3833856,17.51228024959564,0.8950836062431335,0.015780151218253498,0.2,5e-05,14490,3.4111063480377197,0.09445286,5.825612500309944,0.1603158563375473,0.6265787760416667
534,313,820.27,947.4834231699999,7193,3846144,27.9875285923481,0.8775212168693542,-0.000656386505094512,0.2,5e-05,14500,7.252144813537598,0.054305095,5.806422360738119,0.1606113463640213,0.4814208984375
536,314,832.33,961.2078685600001,7194,3858432,43.66257430712382,0.9136122465133667,-0.008546040438037987,0.2,5e-05,14510,9.368441581726074,0.037450027,5.792293081680934,0.16067461669445038,0.40680338541666666
537,315,810.4,935.58767698,7195,3870720,39.943401430050535,0.9032604098320007,-0.0077077149670609895,0.2,5e-05,14520,17.782020568847656,0.033355545,5.788847304383913,0.16066555678844452,0.41106770833333334
539,316,802.25,919.0764827400001,7195,3883008,38.40697608192762,0.8990837931632996,-0.00470601394190453,0.2,5e-05,14530,19.384899139404297,0.057492655,5.787122254570325,0.1607583910226822,0.4879150390625
541,317,782.43,895.5902262100001,7196,3895296,40.175378344456355,0.8932044506072998,-0.00541408100980334,0.2,5e-05,14540,10.002596855163574,0.050293025,5.779794424772263,0.16086889803409576,0.4692789713541667
542,318,772.37,885.28465666,7196,3907584,50.551875185966495,0.8934718370437622,-0.0009437766585809489,0.2,5e-05,14550,28.74530792236328,0.047845706,5.768921865026156,0.16098110377788544,0.4942708333333333
544,319,779.0,892.98492142,7197,3919872,40.770941464106244,0.8789578676223755,-0.0037202231122743495,0.2,5e-05,14560,17.783477783203125,0.06316869,5.764516718188921,0.1610938012599945,0.47213541666666664
546,320,785.71,896.4946903200001,7198,3932160,39.385387511054674,0.8858665823936462,-0.004053094012488145,0.2,5e-05,14570,32.13240432739258,0.04809088,5.760587144891421,0.16111822426319122,0.474169921875
547,321,794.22,905.5790620300002,7198,3944448,22.998408273855844,0.9190279245376587,0.00835079145739049,0.2,5e-05,14580,12.553398132324219,0.07262821,5.758955013751984,0.16114452481269836,0.5794352213541667
549,322,794.85,908.9947177399999,7199,3956736,55.303661261002226,0.9040846824645996,-0.008820539915662569,0.2,5e-05,14590,16.886852264404297,0.048541676,5.7548342178265255,0.16116449236869812,0.4365234375
551,323,809.96,930.5652141200001,7199,3969024,34.27221200267474,0.8667870759963989,0.008567260007354586,0.2,5e-05,14600,8.658073425292969,0.065869495,5.751393757263819,0.16110815107822418,0.5863444010416666
552,324,827.93,952.95310583,7200,3981312,29.303970259428024,0.886147141456604,0.004094082493490229,0.2,5e-05,14610,8.991989135742188,0.0626336,5.746293101708094,0.1611616164445877,0.5329833984375
554,325,816.38,937.74175503,7200,3993600,50.65078274011612,0.8846789002418518,-0.006223119224402277,0.2,5e-05,14620,14.121726989746094,0.03952166,5.7398210297028225,0.1612602025270462,0.45455729166666664
556,326,819.62,949.58288568,7201,4005888,40.77797915736834,0.8975253701210022,-0.006747840280877426,0.2,5e-05,14630,26.392704010009766,0.038747083,5.739028599858284,0.1611761897802353,0.45091145833333335
557,327,817.09,949.8562257799999,7201,4018176,32.91395458181699,0.8197680711746216,0.0023597113283661503,0.2,5e-05,14640,20.60965919494629,0.058874097,5.74000848432382,0.1611538976430893,0.5275797526041667
559,328,840.44,982.9548615499999,7202,4030464,31.774448432525,0.8659077882766724,0.0072843924863263965,0.2,5e-05,14650,21.246097564697266,0.0638432,5.732314589619636,0.16126640141010284,0.5826253255208333
561,329,847.15,993.68066823,7202,4042752,27.72730438609918,0.9042885899543762,-0.0077922880363378985,0.2,5e-05,14660,12.445951461791992,0.04921782,5.728179650505384,0.1612563282251358,0.42303873697916666
562,330,832.82,980.13694775,7202,4055040,33.21500366330147,0.8748530149459839,0.0017769426123171192,0.2,5e-05,14670,16.660560607910156,0.05719016,5.727980573972066,0.16126517951488495,0.528515625
564,331,836.79,988.5508761700002,7203,4067328,24.90403662522634,0.9251265525817871,-0.010050452297825056,0.2,5e-05,14680,10.112077713012695,0.03931141,5.725131400426229,0.16133098304271698,0.420458984375
566,332,861.03,1019.17028724,7203,4079616,34.20607223510742,0.8947473764419556,0.005600746782147325,0.2,5e-05,14690,17.62742042541504,0.070718445,5.721825913588206,0.16145719587802887,0.5694254557291667
567,333,841.35,996.3943141099999,7204,4091904,32.74974610805511,0.8899089097976685,-0.004604286553512793,0.2,5e-05,14700,15.34238052368164,0.050083917,5.720185393095017,0.16139410436153412,0.478955078125
569,334,834.91,984.1257572699999,7204,4104192,34.87998101015886,0.868590235710144,-0.0021720194893229444,0.2,5e-05,14710,23.891815185546875,0.058143705,5.7170918424924215,0.16149784624576569,0.49933268229166666
571,335,821.52,966.8696094399997,7205,4116480,41.475483590364455,0.8864316940307617,-0.005525797591447675,0.2,5e-05,14720,15.080490112304688,0.0354401,5.715099204579989,0.1614721566438675,0.42982584635416665
572,336,810.68,951.1733143400002,7206,4128768,32.278560571869214,0.9023618698120117,0.004051254803683454,0.2,5e-05,14730,11.580827713012695,0.0838237,5.7100434819857275,0.16161206364631653,0.5268229166666667
574,337,827.25,970.8337543299999,7206,4141056,37.57157621184985,0.8928261399269104,-0.0022401336648423848,0.2,5e-05,14740,16.1195011138916,0.0549351,5.707205139597257,0.1615467220544815,0.492041015625
576,338,827.84,973.9763293599998,7207,4153344,51.94412466088931,0.8884222507476807,-0.0025891145419639845,0.2,5e-05,14750,22.71373176574707,0.07183676,5.708442019422849,0.16154034435749054,0.4983317057291667
577,339,827.03,977.4746611400001,7207,4165632,44.93988431096077,0.877605676651001,-0.00618036326195579,0.2,5e-05,14760,16.219568252563477,0.037857022,5.709511476755142,0.16147184371948242,0.43563639322916664
579,340,823.83,973.8841271800001,7208,4177920,47.55449060002963,0.8972394466400146,-0.006991620110056829,0.2,5e-05,14770,31.088918685913086,0.04148167,5.71038884818554,0.1614922732114792,0.4601318359375
581,341,837.07,989.52364351,7208,4190208,22.51890491445859,0.8934563994407654,0.0007989689887229664,0.2,5e-05,14780,10.987662315368652,0.06278233,5.711692970991135,0.16139495372772217,0.5278157552083333
582,342,832.43,983.4792664900001,7209,4202496,40.389222552378975,0.8793594837188721,-0.007341606497842198,0.2,5e-05,14790,23.530160903930664,0.038822547,5.712734999259313,0.16136005520820618,0.41578776041666665
584,343,826.74,977.9775311499999,7209,4214784,54.133410678307214,0.8804759383201599,-0.0030641856661532073,0.2,5e-05,14800,19.428062438964844,0.046314437,5.711559052268664,0.161441370844841,0.4704833984375
586,344,796.63,938.33927672,7210,4227072,45.001584855715436,0.8737518191337585,0.0033705716525825363,0.2,5e-05,14810,23.50434684753418,0.059653193,5.698221417268117,0.16166643798351288,0.5431640625
587,345,786.04,924.8088108300002,7210,4239360,70.3588155845801,0.8928834795951843,-0.007878587251373878,0.2,5e-05,14820,41.812164306640625,0.037079412,5.695600859324137,0.16156846284866333,0.4368082682291667
589,346,762.73,894.37157531,7211,4251648,65.1723730246226,0.8576300740242004,-0.002341741382648858,0.2,5e-05,14830,40.21767044067383,0.058596503,5.6966202338536585,0.16160957515239716,0.5007975260416667
591,347,750.58,882.3647766,7210,4263936,49.06875981092453,0.9055206775665283,-0.005975915802506885,0.2,5e-05,14840,23.492319107055664,0.045375098,5.696251231431961,0.16154031455516815,0.4609456380208333
593,348,731.63,856.52304684,7210,4276224,40.550429638226824,0.878231942653656,0.004570470524777192,0.2,5e-05,14850,28.831544876098633,0.070365675,5.6891567468643185,0.16171173751354218,0.5523193359375
594,349,729.65,856.2290577,7210,4288512,55.39636413653692,0.9072077870368958,-0.012111227784771472,0.2,5e-05,14860,31.32334327697754,0.03287846,5.68463422358036,0.161722794175148,0.3819091796875
596,350,754.4,885.8138367899999,7210,4300800,31.802086957295735,0.9095780253410339,0.00375459504648461,0.2,5e-05,14870,22.008934020996094,0.05458787,5.680242093404134,0.16186359524726868,0.5485188802083333
598,351,735.03,851.64971126,7210,4313088,56.840705239772795,0.8723754286766052,-0.004993805930037828,0.2,5e-05,14880,24.66705894470215,0.03326593,5.667219583193461,0.16197212040424347,0.4467529296875
599,352,765.26,890.34790715,7211,4325376,64.54190406004588,0.8983757495880127,-0.007660803130905455,0.2,5e-05,14890,32.621307373046875,0.036940906,5.660334254304568,0.1620393842458725,0.4232991536458333
601,353,765.71,889.8334405900001,7211,4337664,25.15580543378989,0.8597149848937988,0.011800466384011088,0.2,5e-05,14900,8.319961547851562,0.078826286,5.646659593780836,0.16232825815677643,0.6154541015625
603,354,770.35,894.01969256,7211,4349952,48.805595099925995,0.8574674129486084,-0.006027881069652115,0.2,5e-05,14910,40.13643264770508,0.038319565,5.635513343413671,0.16236168146133423,0.45579427083333335
604,355,778.98,903.88389591,7212,4362240,31.08106544216474,0.9235115647315979,-0.0020802751033140035,0.2,5e-05,14920,13.293631553649902,0.054368332,5.626383271813393,0.16257214546203613,0.5074951171875
606,356,780.64,906.0583934800001,7212,4374528,47.062851917743686,0.886530339717865,0.0008100774056705025,0.2,5e-05,14930,11.180156707763672,0.051176723,5.618848893046379,0.16255193948745728,0.5253011067708333
608,357,801.8,935.88024671,7213,4386816,37.54586060245832,0.9064724445343018,-0.0005214538861764595,0.2,5e-05,14940,31.301359176635742,0.053531837,5.609364649653434,0.16274769604206085,0.5110270182291666
609,358,800.85,934.3029190299999,7213,4399104,34.7093304057916,0.8753297924995422,-0.00492662430430452,0.2,5e-05,14950,5.78082275390625,0.045033854,5.605373637874921,0.16275663673877716,0.46184895833333334
611,359,804.88,941.1267364700001,7214,4411392,67.31550845702489,0.8887870907783508,-0.009261872374918313,0.2,5e-05,14960,27.691503524780273,0.03850237,5.600673956672351,0.16286635398864746,0.41790364583333334
613,360,787.53,918.1174504,7214,4423680,24.518284931778908,0.8986771106719971,-0.0006608635808030765,0.2,5e-05,14970,6.025177001953125,0.043071043,5.590677363673846,0.1629330962896347,0.5191080729166667
614,361,790.34,920.6244095399999,7214,4435968,57.38239651123683,0.8896257281303406,-0.008615991121041588,0.2,5e-05,14980,26.48031234741211,0.04665616,5.58124916156133,0.1630273312330246,0.421484375
616,362,782.89,913.52115443,7214,4448256,43.504670423269275,0.9041863083839417,-0.005817383778048679,0.2,5e-05,14990,29.012746810913086,0.059417237,5.5802449733018875,0.16294054687023163,0.493994140625
618,363,759.61,883.6667445799999,7215,4460544,57.49282162586848,0.8733639121055603,-0.001386197373600832,0.2,5e-05,15000,18.678403854370117,0.048632193,5.586791440844536,0.16287122666835785,0.4903971354166667
619,364,789.2,920.9348661699999,7215,4472832,70.53101845184962,0.8728894591331482,-0.011481107761210297,0.2,5e-05,15010,29.18381118774414,0.03228591,5.588353481888771,0.16285105049610138,0.3752522786458333
621,365,788.8,918.59979136,7216,4485120,30.140931491057078,0.8991376757621765,-0.0006586265725976166,0.2,5e-05,15020,26.95571517944336,0.052570213,5.586515535910924,0.1629488617181778,0.5299072265625
623,366,785.63,920.16853313,7216,4497408,45.3007713496685,0.90608811378479,-0.006317439402725237,0.2,5e-05,15030,24.354433059692383,0.04263124,5.575704243779183,0.16307438910007477,0.4526285807291667
624,367,806.75,946.4242227800002,7216,4509696,23.14481049279372,0.8956462144851685,0.01809232187079033,0.2,5e-05,15040,4.750629425048828,0.08648833,5.56772783100605,0.1631721407175064,0.6272054036458333
626,368,782.44,913.2896467999999,7217,4521984,39.31417560974757,0.8993052244186401,-0.003430610143307907,0.2,5e-05,15050,32.17906188964844,0.050506223,5.559554628531138,0.16313853859901428,0.4930338541666667
628,369,805.36,940.4598578899999,7217,4534272,53.33299479285876,0.911908745765686,-0.010670706026333694,0.2,5e-05,15060,47.03242492675781,0.03168967,5.556266889969508,0.16328856348991394,0.3892822265625
629,370,810.77,950.92106404,7218,4546560,39.78355725606283,0.8785597681999207,-0.003797525039408356,0.2,5e-05,15070,48.45879364013672,0.059582684,5.548512412110965,0.16337549686431885,0.49075520833333336
631,371,816.61,960.4557429199999,7218,4558848,38.39844177166621,0.8980196118354797,-0.002779377501186294,0.2,5e-05,15080,31.82040023803711,0.045693815,5.549346812566122,0.16334618628025055,0.4932373046875
633,372,803.92,939.7330676699999,7218,4571136,43.46179701288541,0.858833372592926,-0.0003055024610754723,0.2,5e-05,15090,11.777450561523438,0.05005042,5.553709002335866,0.16342367231845856,0.5223795572916666
634,373,808.72,943.23385216,7219,4583424,46.16320596337319,0.8988019227981567,-0.0055518447557309026,0.2,5e-05,15100,28.555219650268555,0.04110215,5.5491314202547075,0.1635434627532959,0.4903971354166667
636,374,827.52,965.10815977,7219,4595712,26.655120476086935,0.8541125059127808,0.006582043423744229,0.2,5e-05,15110,22.000476837158203,0.07217436,5.531514093279839,0.16379177570343018,0.5797932942708334
638,375,824.08,964.6231570799996,7220,4608000,20.05140739878019,0.854045569896698,0.011544855172299624,0.2,5e-05,15120,7.052119255065918,0.061497808,5.511907583475113,0.16395193338394165,0.6025146484375
639,376,811.26,943.89448854,7220,4620288,45.68680776556333,0.8892673254013062,-0.010266843405164157,0.2,5e-05,15130,16.85604476928711,0.03809345,5.510775155822436,0.164042666554451,0.3681233723958333
641,377,807.98,934.2236182400001,7221,4632576,42.413825913270315,0.9030100107192993,-0.009000927364104428,0.2,5e-05,15140,11.845891952514648,0.04260431,5.504622807105382,0.16412712633609772,0.36350911458333335
643,378,830.47,962.6024580000001,7221,4644864,52.86375196973483,0.8582074046134949,-0.012169352892669849,0.2,5e-05,15150,39.00257110595703,0.027402824,5.499247851967811,0.1641906350851059,0.35208333333333336
644,379,833.76,964.9314894600002,7221,4657152,21.225497317314147,0.9069271683692932,-0.0038867833878612145,0.2,5e-05,15160,6.396090984344482,0.06010023,5.496599886814753,0.16424350440502167,0.5205159505208333
646,380,823.82,948.50832304,7222,4669440,36.31189559896787,0.8717893958091736,-6.59730076828661e-05,0.2,5e-05,15170,13.959882736206055,0.06456887,5.494615908463796,0.16432268917560577,0.5275227864583333
648,381,827.16,949.5068891000001,7222,4681728,42.59769518772761,0.8829424381256104,-0.005365805360391581,0.2,5e-05,15180,32.3909797668457,0.043088462,5.495998213688533,0.16425032913684845,0.45786946614583335
649,382,851.21,977.9859056399999,7222,4694016,15.782925513386726,0.8367824554443359,0.019747886764040837,0.2,5e-05,15190,3.6203808784484863,0.077862,5.486881922682127,0.1643475592136383,0.6296305338541667
651,383,868.26,1001.5866419199999,7222,4706304,11.485201593240102,0.9393706321716309,0.011152888831081025,0.2,5e-05,15200,4.681211471557617,0.07773658,5.47097856203715,0.1644822657108307,0.5764322916666667
653,384,857.42,991.0696664300001,7223,4718592,32.62464316685995,0.9082164168357849,-0.005001476926069396,0.2,5e-05,15210,21.801990509033203,0.032558996,5.463149811824163,0.16458575427532196,0.4331136067708333
654,385,855.01,983.3240651399999,7223,4730880,64.6102153857549,0.8395006060600281,-0.01278065612956804,0.2,5e-05,15220,18.742509841918945,0.022299627,5.458061385154724,0.16467101871967316,0.3091227213541667
656,386,833.05,959.10712155,7223,4743168,64.75618011554083,0.8350828289985657,-0.010169501531587835,0.2,5e-05,15230,54.39448165893555,0.032209493,5.459890838464101,0.1645967811346054,0.379345703125
658,387,811.9,933.09856532,7223,4755456,52.46935656269391,0.899629533290863,-0.008455581894668284,0.2,5e-05,15240,10.485583305358887,0.036533147,5.460524361332258,0.1646595299243927,0.40174967447916665
659,388,791.31,906.86722022,7224,4767744,48.353317400813104,0.9090258479118347,-0.01119838394515682,0.2,5e-05,15250,23.986539840698242,0.031464323,5.456035570303599,0.16474059224128723,0.3786214192708333
661,389,784.0,896.5331275899999,7224,4780032,68.40665381749471,0.8819836378097534,-0.009600176308110046,0.2,5e-05,15260,13.745882034301758,0.038487855,5.455364319682121,0.16474062204360962,0.37994791666666666
663,390,797.41,912.9262474499999,7224,4792320,35.52899076739947,0.8738881945610046,0.0008970756161337097,0.2,5e-05,15270,11.906939506530762,0.052721392,5.460250233610471,0.16470837593078613,0.5067138671875
665,391,790.35,910.33628884,7224,4804608,37.850384616851805,0.8966143131256104,0.005260686667558427,0.2,5e-05,15280,25.561473846435547,0.063180506,5.452830112973849,0.16493107378482819,0.5491780598958333
666,392,788.79,908.74534625,7225,4816896,46.66327983736992,0.8781815767288208,-0.0010032100564179322,0.2,5e-05,15290,15.326700210571289,0.061341137,5.439387585719427,0.16499198973178864,0.48487955729166665
668,393,807.93,933.8300691,7225,4829184,44.950892768303554,0.8980282545089722,-0.002959310703348213,0.2,5e-05,15300,22.25433349609375,0.04745376,5.434468095501264,0.16505363583564758,0.4784016927083333
670,394,824.33,958.8535294099999,7225,4841472,54.00625805656115,0.8650208711624146,-0.0014795237182018658,0.2,5e-05,15310,14.231180191040039,0.05547911,5.432315000891686,0.165067657828331,0.5034912109375
671,395,811.8,943.6481113899999,7226,4853760,30.215494494636854,0.8847374320030212,0.002206081076292321,0.2,5e-05,15320,5.620761394500732,0.05481881,5.419756048917771,0.1653260588645935,0.5531087239583333
673,396,806.25,936.95081296,7226,4866048,51.349261500438054,0.8987277746200562,-0.005320525828089255,0.2,5e-05,15330,19.255773544311523,0.04138421,5.40339547097683,0.16558225452899933,0.46580403645833335
675,397,827.16,959.5409722699999,7227,4878336,37.73011203010877,0.8843775987625122,-0.004934584834457686,0.2,5e-05,15340,27.390735626220703,0.046567496,5.392109835147858,0.16573162376880646,0.46144205729166665
676,398,833.1,964.4227566899999,7227,4890624,27.93326915403207,0.8861973285675049,-0.00042158813788167513,0.2,5e-05,15350,8.00815486907959,0.06311998,5.389202908674876,0.16565918922424316,0.5206868489583333
678,399,824.63,947.8208136499999,7227,4902912,26.66800905863444,0.9035220146179199,0.00015628077380824834,0.2,5e-05,15360,27.513927459716797,0.057381958,5.39445993800958,0.16557343304157257,0.5296549479166667
680,400,835.96,964.0097886099998,7228,4915200,43.49955911835035,0.8855535984039307,-0.008098435211286415,0.2,5e-05,15370,12.503463745117188,0.037319906,5.398436176776886,0.16555799543857574,0.40004069010416665
681,401,823.23,943.29369762,7228,4927488,28.2935472826163,0.9115070104598999,0.006975396301277215,0.2,5e-05,15380,13.35102653503418,0.08885082,5.398135443528493,0.16566573083400726,0.5654703776041666
683,402,850.52,972.5842034100001,7228,4939776,55.93669847647349,0.89902263879776,-0.0107586727666785,0.2,5e-05,15390,39.76347351074219,0.026976278,5.395930685599645,0.16568602621555328,0.3400146484375
685,403,846.66,973.51082652,7228,4952064,25.79967287182808,0.8505637645721436,-0.004282582105952315,0.2,5e-05,15400,11.100621223449707,0.052871775,5.391904071966807,0.16577845811843872,0.47994791666666664
686,404,821.62,940.90661973,7229,4964352,40.98762475053469,0.897239625453949,-0.007207644349061108,0.2,5e-05,15410,11.959531784057617,0.054540683,5.391073424617449,0.16578309237957,0.4433512369791667
688,405,815.12,929.9029890699999,7229,4976640,52.26292855342229,0.9035788774490356,-0.010397441485353435,0.2,5e-05,15420,15.920195579528809,0.036209796,5.387944050629934,0.16579462587833405,0.3786214192708333
690,406,819.36,938.4387598499999,7229,4988928,32.611785265803334,0.900058925151825,-0.000560151948108493,0.2,5e-05,15430,23.03290367126465,0.06122842,5.384975186983744,0.1657511591911316,0.5387369791666666
691,407,807.83,921.1062802800001,7230,5001216,33.13358588417371,0.8972930908203125,0.003376986323564779,0.2,5e-05,15440,10.047425270080566,0.074472494,5.3811737110217415,0.16588656604290009,0.5470784505208334
693,408,810.58,930.7078701099998,7230,5013504,43.455473466714224,0.9005353450775146,-0.008257752005010843,0.2,5e-05,15450,17.18240737915039,0.050056923,5.372828131914138,0.16591332852840424,0.4629720052083333
695,409,811.0,934.06780352,7231,5025792,42.55142370462418,0.9031684398651123,-0.0014547856291756034,0.2,5e-05,15460,29.032747268676758,0.07505509,5.3717282772064205,0.16595910489559174,0.4830729166666667
696,410,821.01,946.2836529599999,7231,5038080,37.0393218477567,0.8967592120170593,-0.002980022183813465,0.2,5e-05,15470,12.989920616149902,0.04089102,5.362224477529526,0.16611911356449127,0.4756103515625
698,411,825.66,954.4509530099999,7231,5050368,60.723219911257424,0.8730194568634033,-0.011299253755229681,0.2,5e-05,15480,35.252323150634766,0.031719334,5.358336000641187,0.16603712737560272,0.3958658854166667
700,412,804.47,922.9371944900001,7232,5062656,30.001235401133695,0.9005801677703857,0.01701955120054966,0.2,5e-05,15490,4.854904651641846,0.06047976,5.351277523239454,0.16630707681179047,0.6240478515625
701,413,810.66,932.37393403,7232,5074944,57.0361387471358,0.8574195504188538,-0.010565866596395305,0.2,5e-05,15500,36.86229705810547,0.032813527,5.341544989744822,0.16640304028987885,0.3893636067708333
703,414,827.07,952.381658,7233,5087232,33.49375578761101,0.8961043953895569,-0.004088455523015,0.2,5e-05,15510,13.103748321533203,0.058408532,5.341238474845886,0.16632302105426788,0.4842610677083333
704,415,829.16,957.72443639,7233,5099520,35.40948406954606,0.8962517380714417,-0.0029448141756195883,0.2,5e-05,15520,11.949478149414062,0.045275886,5.3364621539910635,0.16648317873477936,0.50771484375
706,416,818.56,940.0627555400001,7233,5111808,32.14014472166697,0.8448048830032349,-0.0015920030797133221,0.2,5e-05,15530,23.457382202148438,0.05437234,5.32421604692936,0.16666068136692047,0.529345703125
708,417,816.74,940.6144996099999,7234,5124096,38.042798833052316,0.8783498406410217,-0.006801378985013192,0.2,5e-05,15540,16.131046295166016,0.049601555,5.321739273269971,0.1666002720594406,0.4460367838541667
710,418,808.5,931.58203181,7234,5136384,37.38746149341265,0.8953193426132202,-0.007383759368773705,0.2,5e-05,15550,14.535686492919922,0.037120774,5.314527892072996,0.16678012907505035,0.44440104166666666
711,419,797.22,918.3277426400001,7234,5148672,59.454432690143584,0.8836678862571716,-0.00906042538311643,0.2,5e-05,15560,9.144770622253418,0.033150304,5.300158617893855,0.16694040596485138,0.42056477864583336
713,420,782.58,900.50321909,7234,5160960,57.466590921084084,0.8531074523925781,-0.004820689031960986,0.2,5e-05,15570,11.705214500427246,0.041602153,5.292215555906296,0.16698257625102997,0.4551188151041667
715,421,779.11,892.1335363899999,7234,5173248,44.14753410816193,0.8628517985343933,-0.004191614207229577,0.2,5e-05,15580,36.313209533691406,0.04519108,5.287783550222715,0.16699732840061188,0.4708333333333333
716,422,807.78,933.04231441,7235,5185536,30.442040650049844,0.8744224905967712,0.0011680646159220487,0.2,5e-05,15590,11.35597038269043,0.054522812,5.281810892621676,0.1670907735824585,0.5406819661458333
718,423,812.11,939.13975379,7234,5197824,24.535034036636354,0.7533385753631592,0.007898476358968764,0.2,5e-05,15600,19.203439712524414,0.07704186,5.258565300703049,0.16757263243198395,0.60126953125
720,424,815.84,947.8578336200002,7234,5210112,19.08410512705644,0.8794716000556946,0.0023589587023404115,0.2,5e-05,15610,6.362055778503418,0.05851929,5.237405189871788,0.16774071753025055,0.5477294921875
721,425,848.29,988.7563888299998,7235,5222400,35.20206109484037,0.8760340213775635,-0.003265632097706354,0.2,5e-05,15620,32.06358337402344,0.034765642,5.232139306267102,0.16775304079055786,0.45211588541666664
723,426,859.04,1002.8008688500001,7235,5234688,30.40859311024348,0.8735368847846985,-0.008717306812468451,0.2,5e-05,15630,13.630169868469238,0.0393857,5.229195885856947,0.16790004074573517,0.38699544270833336
725,427,872.75,1022.3768564699999,7235,5246976,27.45484696229299,0.9083611965179443,-0.006689128054131288,0.2,5e-05,15640,18.28774642944336,0.042071205,5.225916870435079,0.16784216463565826,0.4258056640625
726,428,855.17,1000.0034035200001,7236,5259264,17.192094099521636,0.8989277482032776,-0.0016284111416704642,0.2,5e-05,15650,5.8147759437561035,0.06203386,5.22579637269179,0.16776502132415771,0.5041259765625
728,429,850.35,995.1996731199998,7236,5271552,44.17187239130338,0.8867688775062561,-0.011413885646228058,0.2,5e-05,15660,30.008831024169922,0.034990836,5.222038254141808,0.16787652671337128,0.4020182291666667
730,430,791.61,921.6795333,7236,5283840,28.083202129602434,0.8724918365478516,-0.0038548709048579137,0.2,5e-05,15670,5.590298652648926,0.051823523,5.217624073227246,0.16786138713359833,0.47928059895833336
731,431,769.93,892.6447277800002,7237,5296128,60.390317718187966,0.8892562985420227,-0.009162714534371237,0.2,5e-05,15680,14.542637825012207,0.036452074,5.2166329562664036,0.16788607835769653,0.37399088541666664
733,432,786.21,919.2674630200002,7237,5308416,55.123501831293105,0.8895716667175293,-0.008395655897523587,0.2,5e-05,15690,41.60771942138672,0.04298621,5.216545629501343,0.1678726226091385,0.44229329427083336
735,433,799.96,937.81118415,7237,5320704,29.882994425296783,0.8740949630737305,0.012488129201665287,0.2,5e-05,15700,3.734144926071167,0.079839416,5.2135751187801365,0.16799084842205048,0.6159342447916667
736,434,815.36,959.3461212000001,7237,5332992,16.102533103028932,0.8276799321174622,0.010152142436224192,0.2,5e-05,15710,5.687101364135742,0.085767604,5.207562575737636,0.16803281009197235,0.587646484375
738,435,829.75,977.3377548400001,7237,5345280,18.102289090057216,0.8957582712173462,0.0039370346736783786,0.2,5e-05,15720,6.681973934173584,0.060072344,5.200279506047567,0.16804802417755127,0.5137939453125
740,436,824.28,969.2997372499999,7238,5357568,22.08550255695979,0.884793221950531,0.0011608749788138083,0.2,5e-05,15730,13.600126266479492,0.05070923,5.194793465733528,0.16814064979553223,0.5168050130208334
741,437,864.07,1019.0833647899999,7238,5369856,43.65433525641759,0.8982390761375427,-0.009076139347356123,0.2,5e-05,15740,10.148527145385742,0.033981342,5.19028776884079,0.16820459067821503,0.38661295572916665
743,438,893.44,1054.0930577,7238,5382144,40.09885424375534,0.8815121650695801,-0.01108505497686565,0.2,5e-05,15750,14.753399848937988,0.03485638,5.187286273638407,0.16822385787963867,0.40089518229166665
745,439,868.09,1020.2953003399999,7238,5394432,24.689819906155268,0.8681566715240479,-0.0002022174007530945,0.2,5e-05,15760,3.517993211746216,0.053136725,5.189680071671804,0.16816715896129608,0.5133138020833333
746,440,858.72,1005.55017278,7239,5406720,35.207407252987224,0.9157025814056396,-0.005515408923383802,0.2,5e-05,15770,11.365609169006348,0.037782665,5.191512743631999,0.1682051420211792,0.4343994140625
749,441,822.78,961.07782605,7233,5419008,33.3837525943915,0.8951511383056641,-0.007234261346942124,0.2,5e-05,15780,22.326454162597656,0.042790603,5.189591975013415,0.1681983917951584,0.43338216145833336
750,442,793.15,920.5596503900003,7233,5431296,56.236041184266405,0.8766155242919922,-0.010699867821434358,0.2,5e-05,15790,23.373355865478516,0.033835035,5.187973715861639,0.1682782918214798,0.37954915364583336
752,443,777.58,901.9343728900001,7233,5443584,75.17288881937662,0.8817394375801086,-0.010108188955928198,0.2,5e-05,15800,30.89838981628418,0.03443603,5.184253810842832,0.1683219075202942,0.39340006510416664
754,444,743.58,865.3005347100001,7233,5455872,48.387890285253526,0.861027717590332,-0.0035875978598293536,0.2,5e-05,15810,44.96841049194336,0.04761052,5.174308114250501,0.16846787929534912,0.504833984375
755,445,736.77,858.7535440200002,7233,5468160,67.3187121629715,0.8731133341789246,-0.006766736025262314,0.2,5e-05,15820,35.08464050292969,0.039912496,5.16780164539814,0.1683686226606369,0.45263671875
757,446,731.88,853.8853405199999,7232,5480448,66.39233037829399,0.8676514625549316,-0.0010799164597604734,0.2,5e-05,15830,11.014520645141602,0.048933517,5.168646589914958,0.16843216121196747,0.494580078125
759,447,754.38,878.39896744,7233,5492736,42.922876220941546,0.8760870695114136,-0.0007097994894138537,0.2,5e-05,15840,24.797760009765625,0.051469523,5.164079665144285,0.1685749739408493,0.5035807291666666
761,448,787.75,923.49640882,7233,5505024,35.21996980806192,0.8820093274116516,-0.002614096422136451,0.2,5e-05,15850,13.103829383850098,0.051393032,5.15720073779424,0.16865992546081543,0.4884440104166667
762,449,782.17,915.0072717900001,7233,5517312,31.382108400265377,0.8801915645599365,0.013434132033823213,0.2,5e-05,15860,8.001015663146973,0.080758,5.155074885487556,0.168490469455719,0.6076253255208334
764,450,807.8,938.8064487400002,7234,5529600,45.92466884851456,0.894813060760498,-0.009069789937833169,0.2,5e-05,15870,29.96572494506836,0.0360401,5.156942532459895,0.1685531586408615,0.426708984375
766,451,815.18,946.2472217700001,7234,5541888,43.040529217322664,0.8857636451721191,-0.003491544977199131,0.2,5e-05,15880,15.159963607788086,0.052482616,5.15491996606191,0.16853868961334229,0.4896240234375
767,452,834.25,970.83560717,7234,5554176,46.495128651460014,0.8633726239204407,-0.00989227073296206,0.2,5e-05,15890,8.345651626586914,0.034144603,5.154683697223663,0.1686280369758606,0.4088623046875
769,453,828.32,963.2763957100002,7234,5566464,30.800460257132848,0.8538686633110046,0.00593676051600293,0.2,5e-05,15900,16.19379425048828,0.064895995,5.150519146521886,0.16861863434314728,0.5532145182291667
771,454,813.93,951.11835587,7234,5578752,49.988910003503165,0.8681780099868774,-0.0033286210736453844,0.2,5e-05,15910,16.41554832458496,0.08727465,5.1486305097738905,0.16865496337413788,0.48779296875
772,455,810.14,943.4822355199999,7234,5591040,37.150084270040196,0.8752017021179199,-0.004301589951986292,0.2,5e-05,15920,21.972671508789062,0.06560739,5.133869629104932,0.1688833236694336,0.504443359375
774,456,795.5,928.81017492,7234,5603328,55.32262891133626,0.8719656467437744,-0.009874430128062765,0.2,5e-05,15930,10.535886764526367,0.034415957,5.127373454968135,0.16882669925689697,0.4073079427083333
776,457,805.75,946.28093105,7234,5615616,56.54146230220795,0.8800997138023376,-0.007184454439751183,0.2,5e-05,15940,20.161046981811523,0.035185147,5.12773462732633,0.16889363527297974,0.4104410807291667
777,458,813.61,959.63491727,7234,5627904,24.122122897704443,0.858851432800293,0.012852218288753648,0.2,5e-05,15950,10.951107025146484,0.073505834,5.1162939220666885,0.16900329291820526,0.61953125
779,459,806.92,951.40901039,7235,5640192,36.57985926568508,0.8766739368438721,-0.010270182908182808,0.2,5e-05,15960,34.50358581542969,0.042201895,5.108890207608541,0.16904394328594208,0.43739420572916665
781,460,810.54,960.3719590000001,7234,5652480,54.95737664699554,0.8756011128425598,-0.008667804744133416,0.2,5e-05,15970,41.1818962097168,0.04022466,5.103131511807442,0.1691463738679886,0.40213216145833336
782,461,842.28,997.9110615699999,7235,5664768,32.74380737443765,0.8969300389289856,0.010618858310529807,0.2,5e-05,15980,11.503535270690918,0.07327493,5.097596565882365,0.16923336684703827,0.6075032552083334
784,462,821.35,967.85017463,7235,5677056,31.120064543684325,0.8729581832885742,-0.0018231945131750157,0.2,5e-05,15990,13.217191696166992,0.046470124,5.081906688213349,0.16940276324748993,0.48125813802083334
786,463,813.27,957.3712237599998,7235,5689344,75.14860544403395,0.8847954869270325,-0.011418439922029696,0.2,5e-05,16000,55.12334442138672,0.030333316,5.076403713226318,0.16937053203582764,0.37985026041666664
787,464,811.03,952.42666641,7235,5701632,42.65560449957847,0.8980781435966492,-0.001182230517345791,0.2,5e-05,16010,29.94693946838379,0.04961842,5.081925015648206,0.1693369746208191,0.506982421875
789,465,814.54,956.19646016,7236,5713920,13.662288392583529,0.9155538082122803,0.0012402946080934877,0.2,5e-05,16020,6.515042781829834,0.09113402,5.082552850246429,0.1691962480545044,0.5413655598958333
791,466,812.02,953.19923449,7236,5726208,19.71036312977473,0.888085126876831,0.004280438597682708,0.2,5e-05,16030,5.939975261688232,0.06442862,5.08518495062987,0.1692545861005783,0.5591959635416667
792,467,804.2,938.02061904,7236,5738496,35.883548483252525,0.8891502022743225,-0.004396887871795722,0.2,5e-05,16040,17.876937866210938,0.048314363,5.076986296971639,0.16942882537841797,0.43037109375
794,468,819.59,958.9747514100001,7236,5750784,22.82723696331183,0.8989458084106445,0.0007432751745606463,0.2,5e-05,16050,11.947876930236816,0.058666635,5.072927372654279,0.16946280002593994,0.5174235026041667
796,469,833.85,976.1411966500001,7237,5763072,15.246929220358531,0.8933696746826172,0.006959026985956977,0.2,5e-05,16060,3.5664970874786377,0.07396263,5.065489721298218,0.1695873737335205,0.5756673177083333
798,470,842.96,988.0698750800001,7236,5775360,38.20102462967237,0.9279677867889404,-0.008971106889172612,0.2,5e-05,16070,21.50981330871582,0.029731734,5.065160362919172,0.16951601207256317,0.36802571614583335
799,471,847.92,992.5073172699999,7237,5787648,13.892910728355249,0.9248868227005005,0.004620114976811844,0.2,5e-05,16080,3.307509183883667,0.059191335,5.065523464481036,0.16963739693164825,0.5465901692708334
801,472,841.7,981.3481122700001,7237,5799936,12.706935869157315,0.9098904132843018,-0.0007859654292891112,0.2,5e-05,16090,2.594282388687134,0.05473444,5.056473359465599,0.16978512704372406,0.49227701822916664
803,473,846.9,985.6089015499998,7237,5812224,49.031345308820406,0.8913648128509521,-0.009488262304027254,0.2,5e-05,16100,5.658750057220459,0.026881993,5.0528193811575575,0.16981475055217743,0.3465494791666667
804,474,849.36,992.92193343,7237,5824512,58.44766300916672,0.8420201539993286,-0.006775817540862287,0.2,5e-05,16110,5.7967963218688965,0.04131604,5.052948882182439,0.16979654133319855,0.4085611979166667
806,475,830.89,970.0605495000001,7238,5836800,35.67094268798828,0.863027036190033,-0.00480167427303968,0.2,5e-05,16120,14.057098388671875,0.04832402,5.051762834191322,0.16982482373714447,0.466015625
808,476,817.12,954.0248553200003,7238,5849088,40.9870243926843,0.906251847743988,-0.012394204496619448,0.2,5e-05,16130,10.613137245178223,0.029355878,5.050219862659772,0.16986161470413208,0.3563720703125
809,477,816.84,954.8879281499999,7238,5861376,41.036714035272595,0.9217443466186523,-0.006819496296763343,0.2,5e-05,16140,16.47433853149414,0.04258607,5.049880960583687,0.16982348263263702,0.42562662760416664
811,478,825.08,959.8828828000001,7238,5873664,34.208174498875934,0.8467034101486206,-0.006827769151520139,0.2,5e-05,16150,5.936974048614502,0.044949528,5.051010941465695,0.16985459625720978,0.4506754557291667
813,479,840.46,977.33597022,7239,5885952,26.90045103430748,0.8701592683792114,0.0013262996139625709,0.2,5e-05,16160,6.801148891448975,0.06527231,5.047774341702461,0.16993685066699982,0.546337890625
814,480,815.21,944.8829587500003,7239,5898240,35.25456613500913,0.8734299540519714,-0.005455343594076112,0.2,5e-05,16170,18.080163955688477,0.040057033,5.0449573516845705,0.1698078066110611,0.43819986979166664
816,481,804.97,933.6183583699999,7239,5910528,46.98220672607422,0.9091352820396423,-0.006054652341602681,0.2,5e-05,16180,24.543323516845703,0.04215042,5.046497144301733,0.16982047259807587,0.4346923828125
818,482,824.27,958.55169072,7239,5922816,59.28294408122699,0.8810107111930847,-0.009015187768090982,0.2,5e-05,16190,34.379051208496094,0.042858776,5.044613516330719,0.16990025341510773,0.43866373697916666
819,483,809.41,935.3908841699999,7240,5935104,50.092948565880455,0.8677353858947754,-0.0032017613627734437,0.2,5e-05,16200,16.017288208007812,0.049637947,5.036600653330485,0.17006097733974457,0.46681315104166665
821,484,797.0,926.50424064,7240,5947392,50.93745875954628,0.8964614272117615,-0.007050511651808241,0.2,5e-05,16210,20.465221405029297,0.04522526,5.030865490436554,0.17001844942569733,0.45697428385416666
823,485,769.42,889.8669451799999,7240,5959680,54.939630655447644,0.8616994023323059,0.000443782875178537,0.2,5e-05,16220,36.12264633178711,0.056322444,5.026433322827021,0.17016012966632843,0.5265055338541667
824,486,781.95,909.6636474000002,7241,5971968,40.82175147732099,0.9060591459274292,-0.00787305337532113,0.2,5e-05,16230,11.516510963439941,0.046348613,5.017445398370425,0.17020197212696075,0.43359375
826,487,792.86,921.66094583,7241,5984256,34.90183424949646,0.8452004194259644,-0.0013764471378332624,0.2,5e-05,16240,12.598941802978516,0.046783477,5.014394753177961,0.1701548844575882,0.5185628255208333
828,488,801.35,932.80403395,7241,5996544,38.19410393933455,0.8957710862159729,-0.0030731998316089935,0.2,5e-05,16250,25.017724990844727,0.05032737,5.008933538198471,0.1702166348695755,0.490673828125
829,489,805.71,940.86453739,7241,6008832,41.54925006230672,0.8901203870773315,-0.00297053010823826,0.2,5e-05,16260,14.449289321899414,0.05268457,5.004649305343628,0.17018260061740875,0.4916910807291667
831,490,808.28,945.1988318099998,7241,6021120,30.39195099870364,0.9167530536651611,0.001030487108801026,0.2,5e-05,16270,21.516841888427734,0.042754114,5.004918152093888,0.17014820873737335,0.5338704427083333
833,491,830.89,972.82269271,7242,6033408,46.07560930848122,0.8940432071685791,0.0004248963106268396,0.2,5e-05,16280,35.52509307861328,0.06433424,5.008259148399035,0.1700582504272461,0.5203694661458333
834,492,843.02,989.29321283,7242,6045696,35.227968245744705,0.8821794986724854,0.003544174563527728,0.2,5e-05,16290,7.490565776824951,0.059304982,5.006622855861981,0.1700724959373474,0.5267252604166667
836,493,832.33,973.0367872400001,7242,6057984,35.36903127729893,0.8880041837692261,-0.001946496489593604,0.2,5e-05,16300,34.93438720703125,0.039538566,4.998137926061948,0.17021064460277557,0.48983561197916664
838,494,831.14,976.4492268400002,7243,6070272,49.64195033510526,0.8833673000335693,-0.010575571938534267,0.2,5e-05,16310,16.36834144592285,0.03947118,4.991477990150452,0.17027497291564941,0.42198079427083335
839,495,815.87,963.5098284499999,7243,6082560,32.926000388463336,0.9184139966964722,-0.0014784730301471427,0.2,5e-05,16320,12.390922546386719,0.0507953,4.982608219981193,0.17053790390491486,0.5163981119791666
841,496,819.7,960.0890172300001,7243,6094848,56.47480053305626,0.872512698173523,-0.01164179945772048,0.2,5e-05,16330,9.738311767578125,0.03776845,4.972295027971268,0.17066605389118195,0.4044189453125
843,497,807.7,942.51953315,7243,6107136,42.271989446878436,0.8910232186317444,-0.009674094882211649,0.2,5e-05,16340,27.35626792907715,0.041459635,4.969482539097468,0.17059461772441864,0.425244140625
844,498,782.87,908.9293025099998,7243,6119424,45.466012297074,0.8943567276000977,-0.00739636095095193,0.2,5e-05,16350,20.870466232299805,0.037423164,4.969727110862732,0.17059272527694702,0.4385009765625
846,499,784.62,912.0756158500001,7243,6131712,48.15818025271098,0.8989521265029907,-0.009807494845396529,0.2,5e-05,16360,30.38418197631836,0.034602255,4.965756023923556,0.1706865280866623,0.40635579427083335
848,500,797.08,929.54342032,7243,6144000,42.68551494876544,0.8948724269866943,0.0006265019105436902,0.2,5e-05,16370,4.6906843185424805,0.048267175,4.952197978893916,0.1709795743227005,0.535986328125
849,501,781.98,905.0418731199998,7244,6156288,31.71234045724074,0.9164133071899414,-0.0014808978953321154,0.2,5e-05,16380,9.341596603393555,0.06982991,4.937039672334989,0.17104215919971466,0.5220133463541666
851,502,787.47,921.4072361700001,7244,6168576,44.17637691895167,0.9067791104316711,-0.006243193151021842,0.2,5e-05,16390,21.246803283691406,0.044338867,4.931760110457739,0.17114342749118805,0.45673828125
853,503,787.38,925.1637086599999,7244,6180864,34.53671135107676,0.9045298099517822,0.0035083607571626393,0.2,5e-05,16400,34.07380676269531,0.06632674,4.915761288007101,0.17144842445850372,0.5531168619791667
854,504,798.92,936.2050318000001,7245,6193152,40.49092613458633,0.8755382895469666,-0.010332553742531066,0.2,5e-05,16410,27.61221694946289,0.037494913,4.911904893318812,0.17135655879974365,0.4000732421875
856,505,827.34,974.81164631,7245,6205440,18.859470854699612,0.9240129590034485,-0.0012444422231055797,0.2,5e-05,16420,7.462462425231934,0.04411222,4.912516788641612,0.1714441329240799,0.5051106770833333
858,506,830.71,978.57094095,7245,6217728,26.73362531264623,0.9008578062057495,0.003829472577975442,0.2,5e-05,16430,10.422755241394043,0.049937923,4.905314767360688,0.17153631150722504,0.557763671875
859,507,834.79,984.2751166099999,7245,6230016,37.78660876949628,0.9008589386940002,-0.006794052692324234,0.2,5e-05,16440,31.03321647644043,0.04693481,4.903880008061727,0.17147964239120483,0.44454752604166664
861,508,862.23,1018.41544483,7246,6242304,40.638824025789894,0.8673300743103027,0.0018908529231945674,0.2,5e-05,16450,30.370235443115234,0.047464103,4.9025063196818035,0.17164616286754608,0.5206461588541667
863,509,877.66,1034.3377622599999,7246,6254592,23.357396669189136,0.8906698226928711,-0.008501190730021336,0.2,5e-05,16460,6.193953990936279,0.038763717,4.897815325856209,0.17164234817028046,0.42937825520833334
864,510,894.22,1046.7842545800004,7246,6266880,28.476959631840387,0.8317052125930786,-0.012306330900173634,0.2,5e-05,16470,17.784875869750977,0.040457767,4.897758541504542,0.17163793742656708,0.42210286458333335
866,511,887.91,1039.51252738,7246,6279168,25.306943131486573,0.9217162728309631,-0.005397494595429938,0.2,5e-05,16480,8.622130393981934,0.045034643,4.891656778256098,0.17176474630832672,0.44916178385416666
868,512,859.6,1003.9255049499999,7247,6291456,47.29576909343402,0.8903841972351074,-0.008214335328375455,0.2,5e-05,16490,23.28590202331543,0.034858674,4.883532526095708,0.17188239097595215,0.428515625
869,513,862.96,1004.9470917100001,7247,6303744,53.81163082321485,0.8954406380653381,-0.008575763963744976,0.2,5e-05,16500,17.02733039855957,0.034607247,4.88372189104557,0.17178130149841309,0.43026529947916664
871,514,840.07,971.6435323400001,7247,6316032,35.56505227088928,0.9022599458694458,0.004413533393380931,0.2,5e-05,16510,5.756783962249756,0.061115455,4.877471311887105,0.17195355892181396,0.5646158854166666
873,515,819.62,948.0509003799999,7247,6328320,44.03337491552035,0.9139699339866638,-0.008507833860736962,0.2,5e-05,16520,14.535200119018555,0.03429055,4.872798982262611,0.1718408316373825,0.4168212890625
874,516,808.22,941.32896681,7248,6340608,51.429525248209636,0.8887297511100769,0.0005408930383661452,0.2,5e-05,16530,26.089401245117188,0.05932885,4.868266734480858,0.17204499244689941,0.53779296875
876,517,792.22,919.6114392200001,7248,6352896,41.099302703142165,0.8831496834754944,-0.0055567961191021215,0.2,5e-05,16540,16.667692184448242,0.04861332,4.859603128830591,0.17207704484462738,0.44927571614583334
878,518,791.58,919.6959438699997,7248,6365184,30.64864491124948,0.9283761978149414,-0.006920507605051777,0.2,5e-05,16550,21.264177322387695,0.03958394,4.860826853911082,0.1720229536294937,0.44755859375
879,519,774.27,901.5771855800001,7248,6377472,50.83892814119657,0.9035993814468384,-0.007059188972925767,0.2,5e-05,16560,17.608745574951172,0.03994571,4.85833965241909,0.17207910120487213,0.4537272135416667
881,520,794.41,924.8682257600001,7249,6389760,40.56493135492007,0.9225009679794312,-0.006390327463183591,0.2,5e-05,16570,20.118263244628906,0.039893,4.853608746329943,0.17217367887496948,0.44344889322916664
883,521,800.9,932.05211872,7249,6402048,29.27453087170919,0.8523596525192261,3.7487644779806335e-06,0.2,5e-05,16580,11.279994010925293,0.06366363,4.848162569602331,0.1722506433725357,0.5329427083333333
884,522,818.69,954.4360762500004,7249,6414336,47.570705165465675,0.8837520480155945,-0.005610883232050886,0.2,5e-05,16590,18.924131393432617,0.039525744,4.837794156869252,0.17239485681056976,0.45211588541666664
886,523,817.94,952.9562082499999,7249,6426624,17.544987419247626,0.815352201461792,0.007986316937603988,0.2,5e-05,16600,5.040633678436279,0.0726813,4.831880150238673,0.17243905365467072,0.5876057942708334
888,524,801.9,931.80771161,7250,6438912,42.82576777736346,0.8925901055335999,-0.013353817886672914,0.2,5e-05,16610,21.68398094177246,0.025760079,4.8295876284440356,0.1724347323179245,0.3502197265625
889,525,783.02,908.6795544499998,7250,6451200,47.90708586176236,0.9049463272094727,-0.00925028217510165,0.2,5e-05,16620,31.254533767700195,0.038392466,4.829336222012838,0.1724245548248291,0.409375
891,526,773.16,893.1032119600002,7250,6463488,60.42204250693321,0.8869397044181824,-0.00841111872481027,0.2,5e-05,16630,30.85736083984375,0.031229913,4.827747823794683,0.17244952917099,0.3834635416666667
893,527,766.28,882.6767043600001,7250,6475776,39.11618180076281,0.9121581315994263,-0.008691510830249171,0.2,5e-05,16640,16.066925048828125,0.04446085,4.825296300649643,0.17248506844043732,0.454052734375
894,528,775.11,894.63402413,7250,6488064,37.64858392079671,0.8717089891433716,0.0005254676935389095,0.2,5e-05,16650,22.376998901367188,0.05586737,4.822962435086568,0.1724851280450821,0.5327799479166667
896,529,773.41,889.60035069,7251,6500352,19.590532395243645,0.903750479221344,0.0005379113984721092,0.2,5e-05,16660,6.5529961585998535,0.0832162,4.82154136300087,0.17250895500183105,0.5614990234375
898,530,800.34,926.7897866000002,7251,6512640,42.361710553367935,0.8722100853919983,-0.0019211473651618387,0.2,5e-05,16670,4.7965850830078125,0.048319984,4.817444733778635,0.17255628108978271,0.48748372395833334
899,531,822.61,949.4580950100001,7251,6524928,43.01782028476397,0.8559183478355408,-0.004900043017308538,0.2,5e-05,16680,45.774620056152344,0.042226087,4.814690119028091,0.17256712913513184,0.4619059244791667
901,532,859.77,997.8747173400001,7251,6537216,37.58691788117091,0.8748574256896973,-0.006339245755589218,0.2,5e-05,16690,24.97639274597168,0.04588479,4.811858690778414,0.1726248860359192,0.4379638671875
903,533,878.99,1019.1004059700001,7252,6549504,25.05328486462434,0.8896926045417786,-0.0007926810169010424,0.2,5e-05,16700,14.1325044631958,0.04707749,4.807557121912638,0.17270903289318085,0.5179361979166667
904,534,839.36,972.9903685500001,7252,6561792,31.485476165016493,0.8838248252868652,-0.0019874089014289592,0.2,5e-05,16710,6.899324417114258,0.05809578,4.803360662857691,0.1728391796350479,0.48187662760416666
906,535,833.9,963.4875882800001,7252,6574080,53.66663428544998,0.8925630450248718,-0.011386447197097974,0.2,5e-05,16720,20.211313247680664,0.03006008,4.792182493209839,0.17300021648406982,0.386865234375
908,536,829.18,955.3946919399999,7252,6586368,39.41713344653447,0.8701997995376587,-0.008403846037132704,0.2,5e-05,16730,14.29893970489502,0.044544924,4.79110934138298,0.172881081700325,0.4517578125
909,537,835.15,961.12233463,7252,6598656,32.52997720042865,0.8760097026824951,-0.0026856447220779955,0.2,5e-05,16740,20.439598083496094,0.05334584,4.787050532301267,0.17309658229351044,0.468408203125
911,538,819.68,946.0445922600001,7253,6610944,35.38843898872535,0.8554452657699585,0.0004277776296172912,0.2,5e-05,16750,39.48396682739258,0.05222389,4.774774272243182,0.17331112921237946,0.5130126953125
913,539,817.33,941.0624650200001,7253,6623232,18.936230161786078,0.9290263652801514,0.008180667760704334,0.2,5e-05,16760,9.120268821716309,0.059289485,4.754239502549171,0.17362181842327118,0.5760579427083333
914,540,827.16,958.9215228399999,7253,6635520,32.27457099457582,0.8924996852874756,-0.007551482862618286,0.2,5e-05,16770,7.500382423400879,0.040647056,4.737410918871562,0.17375235259532928,0.4280029296875
916,541,855.93,994.1864091499999,7253,6647808,31.649916841586432,0.8246383666992188,-0.006776962982742892,0.2,5e-05,16780,9.846451759338379,0.047344763,4.735740038752556,0.17365312576293945,0.44378255208333334
918,542,842.88,982.29263728,7254,6660096,27.633478560050328,0.8885939717292786,0.0004456193739315495,0.2,5e-05,16790,10.084798812866211,0.04854089,4.733216382066408,0.17373372614383698,0.5292724609375
919,543,855.66,1003.4018493699998,7254,6672384,35.44221034944057,0.8831334710121155,-0.003803254942855953,0.2,5e-05,16800,31.52769660949707,0.04064479,4.732561331987381,0.17367619276046753,0.4670817057291667
921,544,854.01,1002.51495207,7254,6684672,20.467970551053682,0.8494317531585693,0.006615547416974247,0.2,5e-05,16810,6.486338138580322,0.07410076,4.726405158638954,0.17380230128765106,0.5843587239583333
923,545,845.34,987.8589727900002,7254,6696960,27.05150799651941,0.8772441148757935,-0.004539100043863679,0.2,5e-05,16820,18.650405883789062,0.047704175,4.718296279509862,0.17386561632156372,0.4283365885416667
924,546,827.99,968.6602854299999,7255,6709248,31.89987830022971,0.9206199049949646,-0.01342767841463986,0.2,5e-05,16830,12.792240142822266,0.028190041,4.719010334213575,0.17368924617767334,0.30990397135416664
926,547,828.94,970.32601137,7255,6721536,23.006453092892965,0.9285216331481934,-0.005099544711750544,0.2,5e-05,16840,8.93475341796875,0.044192065,4.727368904153506,0.17368631064891815,0.44363606770833336
928,548,827.63,971.32364102,7252,6733824,36.41293893953164,0.8885024189949036,0.003064529640444865,0.2,5e-05,16850,6.477596759796143,0.0721697,4.729994076490402,0.17373710870742798,0.559326171875
930,549,830.65,976.7425178899998,7252,6746112,34.98804568350315,0.8350965976715088,-0.0030903930106433108,0.2,5e-05,16860,6.415351390838623,0.057544082,4.731240501006444,0.1737135648727417,0.4623209635416667
931,550,813.53,949.6447320200001,7253,6758400,34.23856609066328,0.8806317448616028,0.006698885686152304,0.2,5e-05,16870,15.597195625305176,0.0700573,4.72448155383269,0.17391633987426758,0.5642740885416667
933,551,798.32,931.63377118,7253,6770688,47.29822092254957,0.8858456015586853,-0.012267087788980764,0.2,5e-05,16880,49.342132568359375,0.021384448,4.715823378165563,0.1739223450422287,0.309716796875
935,552,804.24,938.32852627,7253,6782976,46.04466227094333,0.8752376437187195,-0.007873942131603447,0.2,5e-05,16890,25.984989166259766,0.051660344,4.712222163875897,0.17407892644405365,0.40248209635416665
936,553,826.18,963.5839840599999,7252,6795264,24.079814408222834,0.9137375354766846,-0.007680194737622515,0.2,5e-05,16900,17.43783187866211,0.056405682,4.706055847803752,0.17412114143371582,0.4497314453125
938,554,810.91,937.7176691199998,7252,6807552,37.31028512318929,0.8645258545875549,-0.01138046111688406,0.2,5e-05,16910,14.105107307434082,0.031946234,4.705100078384081,0.17403869330883026,0.39698893229166665
940,555,788.94,907.3838414100001,7253,6819840,63.608436316251755,0.8626804351806641,-0.010700832792402555,0.2,5e-05,16920,31.645584106445312,0.050945845,4.706504646937052,0.1741103082895279,0.3969319661458333
941,556,796.91,913.9699266500002,7253,6832128,39.95816761056582,0.8785181045532227,-0.0082323166061542,0.2,5e-05,16930,30.196224212646484,0.037694324,4.704843597610791,0.17406649887561798,0.43584798177083334
943,557,801.01,918.3802293699998,7253,6844416,56.085952013731,0.8583618402481079,-0.011093562074044409,0.2,5e-05,16940,16.2828369140625,0.040088102,4.706657326221466,0.17401252686977386,0.3810302734375
945,558,802.56,924.15916166,7253,6856704,50.868508929014205,0.8834251165390015,-0.0011532250651119587,0.2,5e-05,16950,17.80767822265625,0.055846702,4.6999955713748935,0.17425791919231415,0.4893880208333333
947,559,792.87,910.9787421799999,7253,6868992,32.165070275465645,0.8824886679649353,0.005093896635177468,0.2,5e-05,16960,13.02145767211914,0.08387197,4.682833038767179,0.17442472279071808,0.5495686848958333
948,560,777.05,893.39097142,7253,6881280,55.86166477203369,0.8774456977844238,-0.01097212118183961,0.2,5e-05,16970,20.385786056518555,0.032723065,4.674623730778694,0.17454539239406586,0.37801920572916664
950,561,788.37,911.8171983699998,7253,6893568,52.728754524389906,0.8825943470001221,0.001779529262178888,0.2,5e-05,16980,10.367422103881836,0.051692266,4.670718388756116,0.17462392151355743,0.5422932942708333
952,562,799.04,918.8139592000001,7253,6905856,36.07349106868108,0.8786375522613525,-0.006702522467336772,0.2,5e-05,16990,28.280885696411133,0.04462606,4.668478988607725,0.17455117404460907,0.4703125
953,563,794.21,913.1100598299998,7253,6918144,35.160334642728166,0.8706158399581909,0.001940562233357923,0.2,5e-05,17000,8.831583023071289,0.06711107,4.666611002882322,0.17469370365142822,0.5340901692708333
955,564,796.97,914.8426982,7254,6930432,36.92394029994806,0.8814084529876709,-0.007962639748196427,0.2,5e-05,17010,12.556930541992188,0.035385873,4.663307371735573,0.17469866573810577,0.4147216796875
957,565,799.51,909.9977821,7254,6942720,66.63572007616361,0.8484469652175903,-0.006976539972432268,0.2,5e-05,17020,33.962806701660156,0.042439535,4.662058156728745,0.17476563155651093,0.43373209635416665
958,566,786.3,894.3972758699998,7254,6955008,37.82253621816635,0.8907865881919861,0.0008582737093092874,0.2,5e-05,17030,16.473289489746094,0.049769986,4.65371984342734,0.17489369213581085,0.5399251302083333
960,567,793.38,900.9336704600001,7254,6967296,51.78380703131358,0.8818247318267822,-0.005433169752844454,0.2,5e-05,17040,49.259613037109375,0.043583523,4.649154131611188,0.17486388981342316,0.467529296875
962,568,804.52,917.4972017100001,7254,6979584,41.333066028356555,0.8480733633041382,-0.0017269671986772058,0.2,5e-05,17050,5.646846294403076,0.060077965,4.649675434827804,0.174815371632576,0.5014485677083333
963,569,785.43,893.5283039200002,7255,6991872,30.498530995845794,0.8458061218261719,0.0007346983436339845,0.2,5e-05,17060,37.61667251586914,0.053720463,4.645515707135201,0.17487697303295135,0.530859375
965,570,805.37,918.2381705799999,7255,7004160,30.369014424085616,0.8872860670089722,-0.008053625233393783,0.2,5e-05,17070,21.134157180786133,0.038670093,4.642804065346718,0.17486856877803802,0.43148600260416664
967,571,805.03,920.5379778499998,7255,7016448,48.54888000885646,0.8423150181770325,-0.008063023232777293,0.2,5e-05,17080,57.23906326293945,0.034125604,4.644371099273363,0.17479802668094635,0.4399658203125
968,572,817.47,937.1751514399999,7255,7028736,50.66494178771973,0.8691583275794983,-0.007091768865454166,0.2,5e-05,17090,9.214241981506348,0.040749904,4.646272282799085,0.1747245043516159,0.44427897135416666
970,573,813.26,932.1274232799999,7255,7041024,29.49211727877458,0.8856839537620544,0.013061593819050662,0.2,5e-05,17100,16.245248794555664,0.08302732,4.636319201191267,0.17492496967315674,0.6161865234375
972,574,801.03,916.46796744,7256,7053312,64.02887029250464,0.8785877227783203,-0.008034897682470425,0.2,5e-05,17110,24.863414764404297,0.03678154,4.632302718361219,0.17488054931163788,0.43837890625
973,575,769.03,883.3020721499998,7256,7065600,48.19449437260628,0.8885807394981384,-0.009144104114966467,0.2,5e-05,17120,13.573393821716309,0.03325348,4.633234345912934,0.17482568323612213,0.42242838541666666
975,576,765.42,876.6088186700002,7256,7077888,60.4895439128081,0.8732843399047852,-0.009863037109122766,0.2,5e-05,17130,28.450021743774414,0.042025194,4.62898492316405,0.1749841421842575,0.4220784505208333
977,577,775.86,894.4477719699998,7256,7090176,39.28879273533821,0.8984948992729187,-0.013317751472156185,0.2,5e-05,17140,13.363646507263184,0.037132602,4.625045369068782,0.1749969720840454,0.36863606770833335
978,578,779.29,893.4317184999999,7256,7102464,25.610753650466602,0.8873841166496277,0.0034161024193357053,0.2,5e-05,17150,4.122817516326904,0.08296713,4.622939768433571,0.17506445944309235,0.5496500651041667
980,579,762.16,871.9091575000001,7257,7114752,39.76534984310468,0.8936857581138611,-0.00826104035853253,0.2,5e-05,17160,14.517730712890625,0.033919122,4.615435729424159,0.1751849204301834,0.4373697916666667
982,580,795.68,917.0043010700001,7257,7127040,63.93567403157552,0.8885575532913208,-0.009902978938771411,0.2,5e-05,17170,21.382890701293945,0.03462499,4.6057912866274515,0.17532376945018768,0.3989176432291667
983,581,794.65,912.0193643599999,7257,7139328,22.608953767021497,0.7528415322303772,0.003562929710218062,0.2,5e-05,17180,5.054723739624023,0.07060043,4.596602747837703,0.17544598877429962,0.5922770182291667
985,582,806.12,927.69168171,7257,7151616,40.2045227398475,0.8852903842926025,-0.010531992374065642,0.2,5e-05,17190,25.433290481567383,0.036177676,4.595539512236913,0.1753581166267395,0.3912109375
987,583,782.8,899.3608081100001,7258,7163904,54.24630919496219,0.8584599494934082,-0.009141528611750497,0.2,5e-05,17200,53.543975830078125,0.03565894,4.591358932852745,0.17548175156116486,0.43448079427083336
988,584,790.17,911.3634764699999,7258,7176192,41.47945432762305,0.9160264134407043,-0.009961161293904296,0.2,5e-05,17210,19.148094177246094,0.042438507,4.5870307117700575,0.17549371719360352,0.40753580729166666
990,585,772.53,890.6911727400001,7258,7188480,34.81773643692335,0.875847339630127,-0.004257817941834219,0.2,5e-05,17220,11.450762748718262,0.03837477,4.5860195855299635,0.17550504207611084,0.4729410807291667
992,586,767.12,880.94389706,7258,7200768,58.43152456084887,0.8639484643936157,-0.0048496045722761965,0.2,5e-05,17230,14.221353530883789,0.04438166,4.578721856077512,0.17567694187164307,0.45388997395833336
993,587,782.21,900.8413791500002,7258,7213056,43.25728131135305,0.9178033471107483,-0.011832381238491507,0.2,5e-05,17240,15.443154335021973,0.03615739,4.572207485636075,0.1756572127342224,0.3863525390625
995,588,782.5,902.88053925,7258,7225344,41.999418658018115,0.8738905787467957,0.00021034436989187573,0.2,5e-05,17250,11.65433406829834,0.050909806,4.576401670773824,0.17544205486774445,0.536083984375
997,589,788.3,909.13441207,7259,7237632,35.90817489624023,0.8987668752670288,-0.007290228852555932,0.2,5e-05,17260,7.714993000030518,0.04815632,4.586536513765653,0.175259068608284,0.45440266927083334
998,590,817.34,948.0225772200001,7259,7249920,46.96084827979406,0.8983074426651001,-0.009796840090227002,0.2,5e-05,17270,19.164264678955078,0.030979143,4.587727729479472,0.1753098964691162,0.4518229166666667
1000,591,832.24,970.2519435599997,7259,7262208,19.801384998361268,0.8648061752319336,0.009557468016767719,0.2,5e-05,17280,11.328057289123535,0.07633115,4.581144115328788,0.17546172440052032,0.6073974609375
1002,592,834.86,976.6640180999998,7259,7274496,24.38759657839934,0.8777446746826172,0.000732537009268223,0.2,5e-05,17290,20.504165649414062,0.057919774,4.5775022824605305,0.17544221878051758,0.5204833984375
1003,593,858.89,1001.9775700200001,7259,7286784,31.819822277625402,0.9043193459510803,-0.00946694571369638,0.2,5e-05,17300,15.84414005279541,0.034990687,4.5716089109579725,0.17555920779705048,0.40806477864583335
1005,594,842.14,980.64922041,7260,7299072,19.477458495895068,0.8661348223686218,-0.003887877554249523,0.2,5e-05,17310,8.193870544433594,0.05240367,4.556399292747179,0.17586033046245575,0.5024820963541666
1007,595,876.43,1019.0358822899999,7260,7311360,32.243466299772265,0.8932773470878601,-0.014234713471281187,0.2,5e-05,17320,13.554657936096191,0.026074896,4.546368885040283,0.1759394407272339,0.31142578125
1008,596,880.65,1025.50246147,7260,7323648,26.4069311996301,0.8676738142967224,-0.005084659362425251,0.2,5e-05,17330,15.6769380569458,0.039991762,4.541103648145993,0.1760673075914383,0.46934407552083335
1010,597,884.84,1026.12796637,7260,7335936,39.354961003859835,0.8636820912361145,-0.008396210970143632,0.2,5e-05,17340,21.423778533935547,0.033820532,4.534271937608719,0.1761966496706009,0.40862630208333334
1012,598,872.35,1004.2977080500002,7260,7348224,17.85640048980713,0.9209799766540527,-0.0053755864728979455,0.2,5e-05,17350,12.871743202209473,0.04746422,4.529781094193458,0.1762012094259262,0.48077799479166666
1013,599,866.28,993.95081274,7260,7360512,29.465196192264557,0.8921546339988708,-0.0069146836428747825,0.2,5e-05,17360,9.32677173614502,0.044511426,4.538758319616318,0.17603738605976105,0.43349609375
1015,600,870.18,1002.5547814799997,7260,7372800,25.236871594190596,0.895042896270752,-0.010794245807240562,0.2,5e-05,17370,5.05787992477417,0.032705024,4.539638111988704,0.17615890502929688,0.3962646484375
1017,601,886.78,1022.42561333,7261,7385088,31.891293957829475,0.89771968126297,-0.0031464761045450966,0.2,5e-05,17380,22.95802879333496,0.046432555,4.540956619381904,0.1760484129190445,0.4889404296875
1018,602,843.71,970.5445545299999,7261,7397376,29.914427264531454,0.8871009945869446,0.002950728741416242,0.2,5e-05,17390,7.487002849578857,0.059328347,4.53801204363505,0.17612099647521973,0.5539388020833333
1020,603,846.62,975.9986879900002,7261,7409664,45.407409167289735,0.9127340912818909,-0.013659261918413297,0.2,5e-05,17400,17.8078670501709,0.02921219,4.533679821093878,0.1761881709098816,0.3497233072916667
1022,604,828.8,952.5093977399999,7261,7421952,37.94232406417529,0.9002392292022705,-0.012092543145505867,0.2,5e-05,17410,25.006715774536133,0.031584878,4.52929503818353,0.1762544959783554,0.3499755859375
1023,605,844.34,975.0608500599999,7261,7434240,23.46043433646361,0.9089096188545227,0.0012018109409837052,0.2,5e-05,17420,6.838899612426758,0.056963224,4.528949903448423,0.17617909610271454,0.5375
1025,606,829.72,948.8443177500001,7261,7446528,29.668249895175297,0.8241748213768005,-0.000523649447131902,0.2,5e-05,17430,10.734439849853516,0.060657013,4.5312841405471165,0.17613303661346436,0.533642578125
1027,607,819.23,934.5869301500003,7262,7458816,36.61962767243385,0.8946001529693604,-0.007952716695823862,0.2,5e-05,17440,36.5884895324707,0.0315162,4.528819727897644,0.17621566355228424,0.41341959635416664
1028,608,810.93,927.0379269499999,7262,7471104,37.78565035859744,0.8842375874519348,-0.011155045226041693,0.2,5e-05,17450,11.058170318603516,0.03670929,4.523866976300876,0.17631441354751587,0.3774332682291667
1030,609,836.18,956.92200682,7262,7483392,55.92841882109642,0.8750474452972412,-0.0006432863413162219,0.2,5e-05,17460,25.958459854125977,0.04864685,4.51150441567103,0.17652983963489532,0.5095703125
1032,610,834.37,956.10148002,7262,7495680,21.922358431418736,0.830406129360199,0.0002724098308438746,0.2,5e-05,17470,13.40140151977539,0.05481002,4.507535171508789,0.17659200727939606,0.5222819010416667
1033,611,835.3,963.5437975,7262,7507968,41.906598420937854,0.8728837966918945,-0.0017366031504934653,0.2,5e-05,17480,30.496360778808594,0.04375169,4.509498029947281,0.17651017010211945,0.4896240234375
1035,612,820.12,943.2503849499999,7262,7520256,32.686167657375336,0.8566012978553772,-0.004183361320368325,0.2,5e-05,17490,30.973548889160156,0.040225297,4.513341179490089,0.17649801075458527,0.47626953125
1037,613,817.51,941.8528304300002,7262,7532544,33.73573218782743,0.9151264429092407,-0.011015292883773025,0.2,5e-05,17500,13.724851608276367,0.04417349,4.514225156108538,0.17647983133792877,0.3864013671875
1038,614,830.57,953.2232109200002,7262,7544832,37.073048230012255,0.894487738609314,-0.010735069036551673,0.2,5e-05,17510,22.473283767700195,0.036064472,4.513176389535269,0.17647074162960052,0.38748372395833336
1040,615,837.67,959.3396001499999,7263,7557120,29.22347019116084,0.8202592730522156,-0.004222153635055292,0.2,5e-05,17520,15.12645435333252,0.04296395,4.517118917902311,0.17646367847919464,0.46597493489583336
1042,616,816.5,931.8005167900001,7263,7569408,45.46946380337079,0.8795996308326721,-0.01041897716834986,0.2,5e-05,17530,17.121519088745117,0.044166565,4.515685950716336,0.17637984454631805,0.40068359375
1043,617,816.17,928.13813874,7263,7581696,35.56200325191021,0.8574408292770386,-0.004419171498739161,0.2,5e-05,17540,10.554352760314941,0.04219797,4.522596596678098,0.1762455850839615,0.461865234375
1045,618,807.54,915.5713231799999,7263,7593984,51.02847686608632,0.8884862661361694,-0.011877133179708229,0.2,5e-05,17550,10.459272384643555,0.03582136,4.522458261251449,0.17630887031555176,0.40732421875
1047,619,802.09,907.41050746,7263,7606272,27.089049663146337,0.9065456986427307,-0.00178900987424034,0.2,5e-05,17560,6.194441795349121,0.057704914,4.514213173588117,0.17640149593353271,0.525537109375
1048,620,757.75,856.0457122,7263,7618560,44.47035623788834,0.9080089926719666,-0.01213841666758526,0.2,5e-05,17570,12.622905731201172,0.035184164,4.507685482501984,0.1764267235994339,0.39422200520833334
1050,621,764.01,867.51178252,7264,7630848,68.88577278455098,0.8991072177886963,-0.010701614462595899,0.2,5e-05,17580,20.185932159423828,0.030082295,4.5084420015414555,0.17639745771884918,0.3751220703125
1052,622,769.49,877.7329651900001,7264,7643136,38.723815913995104,0.8934689164161682,0.0033753305055142847,0.2,5e-05,17590,16.96693992614746,0.06350092,4.513976888855298,0.17611639201641083,0.5368977864583333
1053,623,768.47,881.0382557300001,7264,7655424,63.745239027341206,0.8300560116767883,-0.00833501374994133,0.2,5e-05,17600,68.47264862060547,0.040028136,4.519673450787862,0.17622347176074982,0.3943115234375
1055,624,781.71,892.2713130400001,7264,7667712,48.05059790611267,0.8652021884918213,-0.009628296190445933,0.2,5e-05,17610,60.43499755859375,0.037981253,4.5156428476174675,0.17622555792331696,0.4172119140625
1057,625,795.63,908.67128264,7264,7680000,33.53144147793452,0.8588804602622986,-0.00025036727699140706,0.2,5e-05,17620,10.489686012268066,0.051089425,4.509662361939748,0.17633087933063507,0.5274251302083334
1059,626,817.66,942.1955980700001,7263,7692288,24.98237621486187,0.9062319993972778,-0.007710293624404585,0.2,5e-05,17630,9.355722427368164,0.058711518,4.505318368474643,0.17630290985107422,0.4735026041666667
1060,627,797.08,917.3931924200001,7263,7704576,39.344345856706305,0.8800659775733948,-0.007945014229335357,0.2,5e-05,17640,18.462871551513672,0.040447056,4.496747839450836,0.1764622926712036,0.4427001953125
1062,628,805.26,924.3771789299999,7263,7716864,66.4479433854421,0.8944733142852783,-0.009674814847918848,0.2,5e-05,17650,31.79315757751465,0.035906747,4.498580776651701,0.1762458086013794,0.404443359375
1064,629,803.73,926.3454015299998,7263,7729152,21.241379978259406,0.875890851020813,0.00047687629363887634,0.2,5e-05,17660,6.44457483291626,0.07788202,4.509482757250468,0.17614233493804932,0.5445638020833333
1065,630,781.01,897.33599796,7264,7741440,27.843985893328984,0.8876408934593201,-0.0035471878659639818,0.2,5e-05,17670,9.812633514404297,0.049977195,4.511860368649165,0.17612774670124054,0.4705729166666667
1067,631,782.43,900.9377981699998,7264,7753728,56.31083420117696,0.8960705995559692,-0.014720390884031076,0.2,5e-05,17680,37.490997314453125,0.024289623,4.512774763504664,0.17613942921161652,0.313134765625
1069,632,768.22,879.27635777,7264,7766016,41.10632532835007,0.8944799304008484,-0.010766388052434194,0.2,5e-05,17690,30.349929809570312,0.030949691,4.512864433725675,0.17613409459590912,0.3783772786458333
1070,633,784.82,902.82370632,7264,7778304,42.27404844760895,0.8959209322929382,-0.013543971315569555,0.2,5e-05,17700,16.494129180908203,0.03653511,4.510577190915743,0.1761646419763565,0.4260009765625
1072,634,780.4,897.5712828200002,7263,7790592,41.426894341905914,0.904509961605072,-0.0067389921290062675,0.2,5e-05,17710,17.390832901000977,0.05202579,4.510690654317538,0.1761734038591385,0.456787109375
1074,635,797.63,920.9476449299999,7263,7802880,36.191748051842055,0.8922388553619385,0.001633894522092305,0.2,5e-05,17720,16.61151695251465,0.05393179,4.515167142947515,0.17597626149654388,0.5253092447916666
1075,636,798.6,918.6701033200001,7263,7815168,21.284014335274698,0.8721848726272583,-0.007677929001026011,0.2,5e-05,17730,12.099720001220703,0.048434902,4.504536122083664,0.17642711102962494,0.4716064453125
1077,637,818.2,944.8930061899998,7263,7827456,42.778560197353364,0.889119029045105,-0.006869098770160538,0.2,5e-05,17740,13.754883766174316,0.046786726,4.4861176162958145,0.17666281759738922,0.44842122395833334
1079,638,812.75,939.6040654299999,7264,7839744,38.691630282004674,0.8883032202720642,-0.00642337836373675,0.2,5e-05,17750,14.642488479614258,0.044972718,4.476651341716448,0.17673486471176147,0.4699625651041667
1080,639,815.4,941.5546309399999,7264,7852032,34.18118194142978,0.9036583304405212,-0.004512179903395008,0.2,5e-05,17760,15.647649765014648,0.0433338,4.477751181523005,0.17655718326568604,0.47293294270833336
1082,640,832.68,966.76355191,7264,7864320,26.595536785324416,0.8997740745544434,0.00614198535088993,0.2,5e-05,17770,19.299001693725586,0.078640014,4.4730584988991415,0.1767038106918335,0.57734375
1084,641,820.76,952.72081734,7264,7876608,37.52624027927717,0.8738467693328857,-0.010606543598987628,0.2,5e-05,17780,8.415348052978516,0.037364695,4.468491878112157,0.17674802243709564,0.4032063802083333
1085,642,815.9,948.9025102899999,7264,7888896,27.114472099145253,0.9134142398834229,-0.004381859104857237,0.2,5e-05,17790,6.409812927246094,0.054747898,4.46142473022143,0.17692629992961884,0.48748372395833334
1087,643,790.59,919.49787146,7264,7901184,43.62868916591008,0.8548203706741333,-0.01283840484296282,0.2,5e-05,17800,23.90546417236328,0.030839605,4.451823965708415,0.17703084647655487,0.36521809895833335
1089,644,779.69,909.79706919,7264,7913472,26.012073516845703,0.923970103263855,-0.0077009510190691795,0.2,5e-05,17810,7.129598140716553,0.04393262,4.437222930788994,0.17730717360973358,0.4654296875
1090,645,801.09,935.3091662400001,7265,7925760,49.34350729584694,0.8960246443748474,-0.009469817896024324,0.2,5e-05,17820,38.4837532043457,0.04597156,4.429267075657845,0.17721904814243317,0.4325439453125
1092,646,784.74,913.1628014600002,7265,7938048,28.335734404126804,0.8232252597808838,-0.007952741715416777,0.2,5e-05,17830,7.587550163269043,0.057874333,4.424099747339884,0.17739041149616241,0.49380696614583336
1094,647,784.46,909.99145198,7265,7950336,43.356707239151,0.9053604602813721,-0.007998346121651897,0.2,5e-05,17840,25.560710906982422,0.037605993,4.409826455513636,0.177615687251091,0.44871419270833335
1096,648,808.22,942.0446545799999,7265,7962624,39.729068791866304,0.8770219683647156,-0.000963768718065694,0.2,5e-05,17850,12.40554141998291,0.049034294,4.400591137011846,0.17760451138019562,0.5182291666666666
1097,649,801.45,931.73184333,7265,7974912,28.62485485970974,0.8136975169181824,0.007994291112602999,0.2,5e-05,17860,7.8733601570129395,0.05716758,4.3895442893107735,0.17775940895080566,0.5720296223958333
1099,650,808.21,939.48323849,7265,7987200,44.907230918606125,0.8892062902450562,-0.007057821125393578,0.2,5e-05,17870,10.995783805847168,0.04924201,4.38737567961216,0.1776990443468094,0.4306884765625
1101,651,814.46,943.48809124,7265,7999488,45.69797077178955,0.848038911819458,-0.011705957135806482,0.2,5e-05,17880,16.83586883544922,0.03757438,4.3957018703222275,0.17760558426380157,0.376953125
1102,652,813.43,944.7527402999999,7265,8011776,23.13945087492466,0.9245039224624634,-0.00407565132821522,0.2,5e-05,17890,16.256303787231445,0.04766239,4.391999398668607,0.17770589888095856,0.4793619791666667
1104,653,830.68,964.77420882,7265,8024064,32.289570976297064,0.8221611380577087,-0.003829027382986775,0.2,5e-05,17900,14.090961456298828,0.04700474,4.37733049094677,0.1778954714536667,0.48294270833333336
1106,654,834.67,971.11126157,7266,8036352,42.925355517864226,0.8857062458992004,-0.006043193084284818,0.2,5e-05,17910,26.101825714111328,0.042267065,4.374057005842527,0.1778164505958557,0.4648193359375
1107,655,827.24,958.9778241700001,7266,8048640,17.13213774561882,0.9090297222137451,0.006496254174271599,0.2,5e-05,17920,3.8142001628875732,0.06936536,4.376302950580915,0.17779387533664703,0.5584554036458333
1109,656,841.81,980.9070730499999,7266,8060928,29.61502680182457,0.8631302118301392,-0.011987526090524624,0.2,5e-05,17930,9.581722259521484,0.028910184,4.374680485328039,0.17770974338054657,0.35791015625
1110,657,849.44,991.7600694199999,7266,8073216,24.06053672035535,0.93230140209198,0.00019540358504552084,0.2,5e-05,17940,5.322225093841553,0.063521914,4.369090632597605,0.17784635722637177,0.5341715494791667
1112,658,855.83,1000.74865852,7266,8085504,27.70016942024231,0.9047736525535583,-0.009745589082497948,0.2,5e-05,17950,14.097474098205566,0.0370259,4.3616778244574865,0.17787285149097443,0.3863606770833333
1114,659,839.32,979.6331003499998,7267,8097792,23.683946410814922,0.8725353479385376,0.0006113243793758254,0.2,5e-05,17960,9.695636749267578,0.055439573,4.353579201300939,0.1780657023191452,0.5283772786458333
1115,660,853.29,996.1525750699999,7267,8110080,40.47733542720477,0.8889099359512329,-0.01088886583056592,0.2,5e-05,17970,38.02180099487305,0.035655525,4.350342232982317,0.17805860936641693,0.320361328125
1117,661,848.94,992.68429346,7267,8122368,45.483496185143785,0.8771792054176331,-0.00766128462588919,0.2,5e-05,17980,13.694565773010254,0.0492247,4.346304875612259,0.17816241085529327,0.4442952473958333
1119,662,853.02,1000.4684338,7267,8134656,26.186638082067173,0.8502539396286011,-0.0018639438746807476,0.2,5e-05,17990,3.8102478981018066,0.06100564,4.335309613744418,0.17839743196964264,0.49461263020833335
1120,663,846.77,989.0137160799999,7267,8146944,26.86144791742166,0.8670706152915955,0.0032957412375253627,0.2,5e-05,18000,16.657211303710938,0.06857806,4.328699571887652,0.17835547029972076,0.5341552734375
1122,664,848.01,990.5775059899997,7267,8159232,38.78559960325559,0.8885775804519653,-0.008863506753308078,0.2,5e-05,18010,23.836862564086914,0.030263403,4.327207746108373,0.17842702567577362,0.37896321614583334
1124,665,830.98,965.39347276,7268,8171520,45.91044472654661,0.8512049913406372,-0.010738202799499656,0.2,5e-05,18020,31.81884002685547,0.029946558,4.327159967025121,0.17838747799396515,0.34345703125
1125,666,834.17,970.5759072100002,7268,8183808,47.600705562035245,0.9022561311721802,-0.010479748658447837,0.2,5e-05,18030,23.16032600402832,0.037629798,4.327858759959539,0.1784249097108841,0.3973307291666667
1127,667,836.05,975.2672279300001,7268,8196096,45.01388872265816,0.8637885451316833,-0.008120900529320352,0.2,5e-05,18040,9.49075984954834,0.043484002,4.325252375006675,0.17845530807971954,0.43865559895833334
1129,668,829.53,968.7821808799999,7268,8208384,18.405156667033832,0.8967702388763428,0.012352543878660072,0.2,5e-05,18050,3.3029019832611084,0.06131758,4.313304966688156,0.1786544770002365,0.6018880208333334
1131,669,833.92,969.90075863,7268,8220672,16.951858737071355,0.9280416369438171,-0.006239761460650092,0.2,5e-05,18060,12.368033409118652,0.048050027,4.305663008491198,0.1787760853767395,0.4142985026041667
1132,670,830.68,960.9110199299998,7268,8232960,38.17569380402565,0.8465753197669983,-0.008939984416550336,0.2,5e-05,18070,18.821752548217773,0.035910964,4.30499214331309,0.17864716053009033,0.39337565104166666
1134,671,846.72,983.3978990400001,7268,8245248,38.428654307127,0.8801538944244385,-0.010987361149454955,0.2,5e-05,18080,6.448141098022461,0.02519604,4.31165286898613,0.17859221994876862,0.35484212239583335
1135,672,865.55,1007.6018213600001,7269,8257536,36.475595539808275,0.8986706137657166,-0.006594435179431457,0.2,5e-05,18090,14.42479133605957,0.044297125,4.310041388869285,0.17867660522460938,0.42205403645833334
1137,673,871.95,1013.6979515200001,7268,8269824,22.48322232166926,0.8703159689903259,0.0044572296304977495,0.2,5e-05,18100,4.710251331329346,0.06752395,4.302914074063301,0.17879264056682587,0.5680013020833333
1139,674,872.81,1020.95399158,7269,8282112,24.346484753489495,0.8835499286651611,-0.006903441195512035,0.2,5e-05,18110,12.179755210876465,0.041764457,4.297945604721705,0.17886126041412354,0.4452392578125
1141,675,882.94,1031.1582870799998,7269,8294400,36.56650371551514,0.8469479084014893,-0.003831095586792799,0.2,5e-05,18120,8.164999961853027,0.04423411,4.295943880081177,0.1787828803062439,0.4699951171875
1142,676,852.74,994.5898568300003,7269,8306688,31.971655944983166,0.8692748546600342,-0.006290128884817629,0.2,5e-05,18130,21.19487762451172,0.04160146,4.291863280534744,0.17889179289340973,0.43031412760416665
1144,677,856.91,1006.9252688199999,7269,8318976,62.54728311896324,0.8893654346466064,-0.008660319865642425,0.2,5e-05,18140,24.056264877319336,0.03498587,4.288048453132311,0.1788976937532425,0.40432942708333336
1146,678,843.21,991.85688116,7269,8331264,46.74216900467873,0.883965253829956,-0.007592070729879196,0.2,5e-05,18150,51.08041000366211,0.04421409,4.291755753755569,0.1787211149930954,0.4357421875
1147,679,819.45,962.2862357899998,7269,8343552,30.16709898710251,0.8696479797363281,-0.00047412364850364007,0.2,5e-05,18160,15.503616333007812,0.053386163,4.293650960922241,0.17887598276138306,0.4999186197916667
1149,680,789.35,926.0696174700001,7270,8355840,42.686450803279875,0.9069399833679199,-0.009817658133882409,0.2,5e-05,18170,28.74837875366211,0.029328646,4.284574849406878,0.1789141148328781,0.36288248697916664
1150,681,775.77,908.7025934799999,7270,8368128,37.83945767680804,0.9051720499992371,-0.01089980230317451,0.2,5e-05,18180,20.94348907470703,0.041333225,4.2783342689275745,0.17899084091186523,0.4237874348958333
1152,682,785.21,920.44078442,7270,8380416,38.22405816713969,0.8931722044944763,-0.007769176772732559,0.2,5e-05,18190,17.68100929260254,0.03943291,4.27548139890035,0.17905835807323456,0.4451497395833333
1154,683,789.73,924.7789628900001,7270,8392704,37.65557486116886,0.8997462391853333,-0.001318962755613029,0.2,5e-05,18200,16.854949951171875,0.04775225,4.270813046892484,0.17907865345478058,0.49408365885416666
1155,684,804.21,940.38810504,7270,8404992,34.98133962452412,0.8721098899841309,-0.006012883098446764,0.2,5e-05,18210,6.403995037078857,0.050559666,4.2670352657636,0.1792164444923401,0.45892740885416666
1157,685,782.0,916.25141027,7271,8417280,24.873499767978988,0.8941566348075867,-0.0021350801699251557,0.2,5e-05,18220,7.512280464172363,0.04520564,4.263709349433581,0.17916758358478546,0.52041015625
1159,686,763.47,892.7469834599999,7271,8429568,50.432764040430385,0.9013372659683228,-0.011478377444048723,0.2,5e-05,18230,29.49405288696289,0.027950613,4.267583244045576,0.17911207675933838,0.38701171875
1160,687,780.5,914.0405122999999,7271,8441856,49.9202394982179,0.8943920731544495,-0.009296424383258757,0.2,5e-05,18240,14.096813201904297,0.04309432,4.265621756513913,0.1792554408311844,0.4296875
1162,688,771.44,896.7646913899998,7271,8454144,39.3587270518144,0.8381420373916626,-0.002888529678360404,0.2,5e-05,18250,17.880699157714844,0.062942944,4.259263530373573,0.1792171746492386,0.5174967447916666
1164,689,786.05,914.9687445499999,7271,8466432,43.28997029165427,0.898568868637085,-0.007150572513637599,0.2,5e-05,18260,21.944732666015625,0.043261573,4.26153066555659,0.17920450866222382,0.4233479817708333
1165,690,769.57,892.9851245200001,7271,8478720,22.60841360886892,0.845039427280426,0.005081906911800616,0.2,5e-05,18270,23.926925659179688,0.087520145,4.252443852027257,0.17946846783161163,0.5613525390625
1167,691,787.55,915.0363383,7271,8491008,31.696640984217325,0.897244930267334,-0.005946241332033727,0.2,5e-05,18280,11.217144012451172,0.03819086,4.245280020435652,0.17944128811359406,0.45113932291666664
1169,692,788.23,911.0066585999999,7271,8503296,67.78123273849488,0.8748264908790588,-0.012758999503663897,0.2,5e-05,18290,18.69852066040039,0.029137343,4.244308057427406,0.1794365495443344,0.3593343098958333
1170,693,822.5,949.7457524800001,7272,8515584,34.55158591270447,0.856886625289917,-0.009810277953511104,0.2,5e-05,18300,17.751319885253906,0.032753106,4.246728489796321,0.17929399013519287,0.3980224609375
1172,694,805.47,933.2585350000002,7272,8527872,35.94282973806063,0.8682951927185059,0.0002008729056494,0.2,5e-05,18310,15.45290756225586,0.053973824,4.249225611488025,0.17930079996585846,0.5271891276041667
1174,695,820.71,957.0296298699999,7272,8540160,42.45490827163061,0.8678184151649475,-0.005223350419934529,0.2,5e-05,18320,14.938644409179688,0.03907225,4.238352395097414,0.17950822412967682,0.45940755208333334
1175,696,808.64,944.6566566399998,7272,8552448,39.871837225556376,0.8654764890670776,-0.0008010012417798862,0.2,5e-05,18330,23.673812866210938,0.05616507,4.233692582448324,0.17945615947246552,0.5389892578125
1177,697,810.65,947.15572511,7272,8564736,53.67384362618129,0.8809366226196289,-0.01111507288296707,0.2,5e-05,18340,30.519006729125977,0.03580483,4.232927766442299,0.17956416308879852,0.3586018880208333
1179,698,840.04,982.98126017,7272,8577024,27.49052802622318,0.9029095768928528,-0.01027760052723655,0.2,5e-05,18350,11.231454849243164,0.032432612,4.2245948046445845,0.17969311773777008,0.3817057291666667
1180,699,830.4,973.6033481200003,7272,8589312,27.62496241927147,0.8212383985519409,0.0020924370144105825,0.2,5e-05,18360,7.255176544189453,0.062086258,4.215514115492502,0.17977724969387054,0.5735107421875
1182,700,818.21,956.29908737,7273,8601600,36.575411475698154,0.8714630007743835,-0.004090545269233795,0.2,5e-05,18370,12.156818389892578,0.05618612,4.214147356152535,0.1798887997865677,0.456591796875
1184,701,829.62,968.4839567099999,7273,8613888,47.870514559745786,0.8901723623275757,-0.010469289681350347,0.2,5e-05,18380,14.121015548706055,0.029050559,4.202781506379446,0.18009169399738312,0.36533203125
1185,702,848.98,990.7292617999999,7273,8626176,37.564057261745134,0.8863226771354675,0.0004960137608577498,0.2,5e-05,18390,21.549903869628906,0.046362836,4.191521045565605,0.18023253977298737,0.5212809244791666
1187,703,846.26,988.61132662,7273,8638464,20.228611848751704,0.8560829162597656,-0.0009108618425671012,0.2,5e-05,18400,5.825954437255859,0.05916227,4.18113087117672,0.1803644895553589,0.5208251953125
1189,704,824.25,962.83588306,7273,8650752,29.571589279174805,0.9095098376274109,-0.004570023143120731,0.2,5e-05,18410,11.602437973022461,0.040342268,4.17625000278155,0.1804548054933548,0.43629557291666665
1190,705,810.08,944.00906925,7273,8663040,31.9796100884676,0.9197976589202881,-0.00922734901929895,0.2,5e-05,18420,4.283127307891846,0.037030052,4.171805440386136,0.18050353229045868,0.4192138671875
1192,706,827.19,966.1505633900001,7273,8675328,54.862274340788524,0.8777405619621277,-0.012273317778211397,0.2,5e-05,18430,39.47524642944336,0.037455585,4.172321386138598,0.1804843693971634,0.3808186848958333
1194,707,822.82,960.3383856699999,7273,8687616,26.40207569648822,0.861865758895874,-0.002661645978514571,0.2,5e-05,18440,4.941636562347412,0.0521903,4.175036699573199,0.18039679527282715,0.5165201822916666
1196,708,805.27,935.07814869,7273,8699904,48.27901393373807,0.8779887557029724,-0.01140953149588313,0.2,5e-05,18450,13.035717964172363,0.045271903,4.176294172803561,0.1804310828447342,0.3988525390625
1197,709,787.89,912.8918206600001,7273,8712192,36.78346868952115,0.9044190645217896,-0.0061596008376606426,0.2,5e-05,18460,24.700403213500977,0.043404788,4.1754857460657755,0.18042922019958496,0.4668701171875
1199,710,793.67,918.22064763,7273,8724480,33.26452365418275,0.9232027530670166,-0.005667225081803433,0.2,5e-05,18470,9.172476768493652,0.04641935,4.17389469742775,0.1805393248796463,0.4681803385416667
1201,711,821.76,950.6355257900001,7274,8736768,39.96370555261771,0.897715151309967,-0.005109792012081016,0.2,5e-05,18480,25.930204391479492,0.047908306,4.174051104982694,0.18053437769412994,0.4776692708333333
1202,712,811.51,942.0965211500001,7274,8749056,26.82084537744522,0.8807467818260193,-0.013853677756075437,0.2,5e-05,18490,9.067792892456055,0.038318235,4.1728006054957705,0.18059630692005157,0.418115234375
1204,713,796.57,921.5660407099999,7274,8761344,33.34510055184364,0.8777194023132324,-1.085488717459763e-05,0.2,5e-05,18500,9.55652141571045,0.053284038,4.169833579659462,0.18063847720623016,0.5185465494791667
1206,714,803.6,933.12764139,7274,8773632,53.43326525886854,0.8772616386413574,-0.01416679308458697,0.2,5e-05,18510,30.079452514648438,0.033544276,4.164007285237313,0.18071885406970978,0.356494140625
1207,715,796.12,919.9060818099999,7274,8785920,25.184711276491484,0.9291215538978577,-0.0060156595553659525,0.2,5e-05,18520,14.145540237426758,0.039659265,4.166369994481404,0.18054211139678955,0.49403483072916665
1209,716,792.1,919.13589584,7274,8798208,46.1986609796683,0.8901670575141907,-0.008094014020753094,0.2,5e-05,18530,7.653702259063721,0.041026007,4.16944372355938,0.18058782815933228,0.43291015625
1211,717,817.05,951.0558781699999,7274,8810496,30.75391169687112,0.8901820182800293,-0.0022004907281370834,0.2,5e-05,18540,13.529095649719238,0.06305783,4.162739041447639,0.1807834357023239,0.5148356119791667
1212,718,804.19,939.4390195999999,7275,8822784,33.55683940251668,0.8137602806091309,0.00018005611151844885,0.2,5e-05,18550,10.024185180664062,0.061866004,4.147269612550735,0.1809760332107544,0.5294759114583333
1214,719,815.04,956.4741631500001,7275,8835072,33.17734538515409,0.9072574973106384,-0.012194889195961877,0.2,5e-05,18560,12.77585220336914,0.0355358,4.136346342166265,0.18111759424209595,0.3802408854166667
1216,720,799.53,939.64194007,7275,8847360,44.5091222713391,0.8632195591926575,-0.00910768274285753,0.2,5e-05,18570,12.405675888061523,0.036456596,4.129000881314278,0.18122147023677826,0.397314453125
1217,721,811.81,950.8405784199999,7275,8859648,38.56230012476444,0.8941781520843506,-0.009778481582422198,0.2,5e-05,18580,32.153202056884766,0.03903183,4.121395386258761,0.18130724132061005,0.4166748046875
1219,722,835.31,986.1582121199999,7275,8871936,25.081402459740637,0.9252435564994812,-0.006554770955699496,0.2,5e-05,18590,9.051082611083984,0.050418466,4.119346877932548,0.18118828535079956,0.4699462890625
1221,723,842.25,993.9455506799999,7275,8884224,31.42573648393154,0.8469161987304688,-0.0027226111546042376,0.2,5e-05,18600,19.75604248046875,0.058796704,4.117780764897664,0.18126527965068817,0.5107259114583333
1222,724,843.58,997.2837188200001,7275,8896512,30.349703993399938,0.9240686297416687,-0.0017354889088892378,0.2,5e-05,18610,8.561443328857422,0.04251186,4.1140254646539685,0.18126535415649414,0.49703776041666664
1224,725,845.78,1000.3474807299999,7275,8908800,29.363890239596365,0.8824470043182373,-0.0074004075363821665,0.2,5e-05,18620,7.810797214508057,0.04169677,4.109502140680949,0.1813010424375534,0.440478515625
1226,726,833.26,978.74349585,7275,8921088,23.882479265332222,0.9131237864494324,-0.0030817892863221155,0.2,5e-05,18630,13.16872787475586,0.052292783,4.106723681092262,0.1813189834356308,0.49354654947916665
1227,727,843.94,991.3701015799999,7275,8933376,63.93083441058795,0.8934209942817688,-0.015677082080219406,0.2,5e-05,18640,20.939268112182617,0.020449111,4.10559810101986,0.18126274645328522,0.26638997395833336
1229,728,823.18,960.2337036199999,7275,8945664,30.14653128385544,0.8604113459587097,-0.010419642928172834,0.2,5e-05,18650,17.4038143157959,0.03728326,4.100556304057439,0.18143196403980255,0.4105143229166667
1231,729,805.75,934.2595249999998,7276,8957952,52.28319392601649,0.8862495422363281,-0.013322961400263011,0.2,5e-05,18660,23.437801361083984,0.029070945,4.096282044053078,0.18138664960861206,0.35297037760416666
1232,730,779.64,896.4457921499998,7276,8970240,64.58694218198458,0.873488187789917,-0.009063060077702781,0.2,5e-05,18670,29.138051986694336,0.03162453,4.0937347908814745,0.181496262550354,0.4196533203125
1234,731,785.49,903.96972865,7276,8982528,47.21561979651451,0.9050546884536743,-0.01016123127725829,0.2,5e-05,18680,13.980499267578125,0.03468807,4.083246301611265,0.18173789978027344,0.42093098958333336
1236,732,771.99,885.9693737099999,7276,8994816,41.052912767728166,0.9053500294685364,-0.007180286809064758,0.2,5e-05,18690,6.5103583335876465,0.043933433,4.069667615493139,0.1818457841873169,0.4780680338541667
1238,733,784.23,905.02605828,7275,9007104,44.29123120307922,0.8815940022468567,0.004211486770266977,0.2,5e-05,18700,5.892212390899658,0.0632756,4.0665443231662115,0.18194861710071564,0.555126953125
1239,734,776.98,901.4382258899999,7275,9019392,33.02366766631603,0.8981143832206726,0.0020897706926916726,0.2,5e-05,18710,5.17782735824585,0.053811032,4.058401826024055,0.182048961520195,0.529248046875
1241,735,786.86,911.93779953,7275,9031680,42.74895347158114,0.8552073240280151,-0.007579040790733416,0.2,5e-05,18720,26.69825553894043,0.03378949,4.053055078784625,0.18219514191150665,0.4294840494791667
1243,736,813.8,945.4915537899999,7274,9043968,44.42970381975174,0.8745193481445312,-0.012063207033012684,0.2,5e-05,18730,37.397701263427734,0.027330497,4.047376703222593,0.18218545615673065,0.364990234375
1244,737,778.22,900.80741911,7274,9056256,47.16994896332423,0.863261342048645,-0.007508057726954576,0.2,5e-05,18740,16.018369674682617,0.036698326,4.047969841957093,0.18220996856689453,0.4610107421875
1246,738,765.79,885.6067447500001,7273,9068544,68.99042397737503,0.8992829918861389,-0.012389798186632106,0.2,5e-05,18750,53.02959060668945,0.026300773,4.044878649711609,0.18225248157978058,0.3434244791666667
1248,739,767.21,884.63932029,7272,9080832,50.83603311975797,0.8943089842796326,-0.0093439577195871,0.2,5e-05,18760,16.543556213378906,0.037818428,4.039763532082239,0.1823866218328476,0.42477213541666664
1250,740,769.84,886.7722141899999,7271,9093120,45.31281501054764,0.8887145519256592,-0.006437783685396425,0.2,5e-05,18770,23.007904052734375,0.038093626,4.032092494765918,0.1825270652770996,0.4643147786458333
1252,741,770.92,892.4157749299999,7272,9105408,36.93397391736507,0.8107529878616333,-0.002300467291206587,0.2,5e-05,18780,9.112525939941406,0.050189078,4.029995871583621,0.18254713714122772,0.5238932291666667
1253,742,778.86,901.1311758,7272,9117696,41.773132079839705,0.8973795175552368,-0.009284616585743304,0.2,5e-05,18790,11.9705228805542,0.041433174,4.032406563560168,0.18244342505931854,0.44192708333333336
1255,743,771.37,891.0687692099997,7272,9129984,43.726942372322085,0.8613322377204895,-0.005610462227681031,0.2,5e-05,18800,32.23802947998047,0.0457022,4.032850348949433,0.1824851632118225,0.48758138020833336
1257,744,805.79,940.23317004,7272,9142272,35.44351347287496,0.9034884572029114,0.0023650104281841776,0.2,5e-05,18810,9.488810539245605,0.05909741,4.028758078813553,0.18254756927490234,0.5448567708333333
1258,745,812.24,947.4132272299998,7272,9154560,25.922558033466338,0.887330174446106,0.002696136015098697,0.2,5e-05,18820,2.720465898513794,0.061532278,4.0189636240402855,0.18268771469593048,0.575048828125
1260,746,792.12,922.75465408,7272,9166848,31.717613923549653,0.8876064419746399,-0.0034677739778999237,0.2,5e-05,18830,13.379437446594238,0.04361178,4.013952400286993,0.18265511095523834,0.47450358072916665
1262,747,779.29,908.37861439,7272,9179136,31.72450895408789,0.9149635434150696,-0.015102757816688002,0.2,5e-05,18840,6.700446605682373,0.023053983,4.016141000390053,0.18264754116535187,0.29814453125
1263,748,769.33,896.8508124299999,7272,9191424,39.5308861275514,0.9018133878707886,-0.010014153194303314,0.2,5e-05,18850,4.436955451965332,0.04874207,4.013204159339269,0.18278245627880096,0.42361653645833336
1265,749,774.77,904.4210900900002,7272,9203712,61.53855323394139,0.9019157290458679,-0.0059913672909412225,0.2,5e-05,18860,45.722862243652344,0.044877753,4.0088641534248985,0.1828463226556778,0.450341796875
1267,750,775.58,905.64333404,7273,9216000,45.06697595715523,0.8948947787284851,-0.004353889599830533,0.2,5e-05,18870,17.030107498168945,0.04366378,4.002364096045494,0.18295437097549438,0.4832356770833333
1268,751,765.09,890.8450483199999,7273,9228288,28.449720590313277,0.8646454215049744,0.0008112161172903143,0.2,5e-05,18880,32.72526168823242,0.043119024,3.9906726986169816,0.18325044214725494,0.5195068359375
1270,752,804.48,935.0023626300001,7273,9240576,47.3366303106149,0.882317304611206,-0.013933630246901885,0.2,5e-05,18890,43.89192581176758,0.02635614,3.985158837834994,0.18319125473499298,0.33749186197916664
1272,753,800.43,930.0886433700001,7273,9252864,30.124748687942823,0.840595006942749,-0.000793350829432408,0.2,5e-05,18900,3.745457410812378,0.041742455,3.9807708049813906,0.183400496840477,0.5145426432291667
1273,754,799.39,935.90985235,7273,9265152,37.837351590394974,0.8757895231246948,-0.009815232923817046,0.2,5e-05,18910,26.223955154418945,0.028469829,3.975960679848989,0.18325746059417725,0.3859619140625
1275,755,821.97,967.3720189000001,7273,9277440,22.16749382118384,0.913764238357544,-0.0059111695552322395,0.2,5e-05,18920,6.411197662353516,0.05585414,3.984634714325269,0.18314878642559052,0.44602864583333335
1277,756,814.37,956.25312707,7273,9289728,46.028748039404555,0.8997435569763184,-0.007250567968488515,0.2,5e-05,18930,13.558046340942383,0.039037112,3.984672378997008,0.1832561045885086,0.4326578776041667
1278,757,799.65,937.1954303399999,7273,9302016,23.307357519865036,0.9194464087486267,-0.009532087903062347,0.2,5e-05,18940,6.8572211265563965,0.04021847,3.9876717766125997,0.1830935925245285,0.42996419270833336
1280,758,827.3,972.1022609900001,7273,9314304,37.49431877533595,0.9158000946044922,-0.004174274846930833,0.2,5e-05,18950,17.764976501464844,0.042579126,3.992256785929203,0.183140829205513,0.4559326171875
1282,759,814.93,959.5950323800002,7274,9326592,15.529092306892077,0.8796608448028564,0.002156645850724696,0.2,5e-05,18960,6.001247406005859,0.06013425,3.9892086868484813,0.1832137107849121,0.5508870442708333
1283,760,818.58,965.7326016500001,7274,9338880,22.818362253904343,0.9319307804107666,-0.008537404793120611,0.2,5e-05,18970,5.7604660987854,0.046755284,3.9801289921005565,0.18324591219425201,0.44302571614583336
1285,761,818.37,959.9679131299999,7274,9351168,36.91044740875562,0.8514639139175415,-0.007260147369621942,0.2,5e-05,18980,10.095955848693848,0.036040347,3.975944276154041,0.18326930701732635,0.426220703125
1287,762,830.64,976.2809941999999,7274,9363456,39.898829744259515,0.8736204504966736,-0.0028544758230661196,0.2,5e-05,18990,5.9787445068359375,0.046274513,3.980081804593404,0.18316113948822021,0.48435872395833335
1288,763,829.89,976.7522867200001,7274,9375744,35.00835172931353,0.8873082995414734,-0.00674888752255356,0.2,5e-05,19000,17.209117889404297,0.03542119,3.9845848535497983,0.18311087787151337,0.3954833984375
1290,764,843.99,988.90041634,7274,9388032,29.049328545232616,0.8767427802085876,0.002242279315638977,0.2,5e-05,19010,8.099754333496094,0.057004493,3.9796629577875136,0.18328452110290527,0.5399251302083333
1292,765,844.43,989.1788008899999,7274,9400320,32.126303031047186,0.9020472764968872,-0.009920531046615604,0.2,5e-05,19020,20.706676483154297,0.032491654,3.967792931695779,0.1833699345588684,0.35756022135416665
1293,766,844.81,989.0792773800001,7274,9412608,26.59923281768958,0.8877924084663391,-0.0077250792121049015,0.2,5e-05,19030,10.7902250289917,0.042132914,3.9640248184402784,0.18338970839977264,0.4551513671875
1295,767,831.86,971.4741904900001,7275,9424896,25.821746289730072,0.9167348742485046,-0.005319781730941031,0.2,5e-05,19040,22.426206588745117,0.041917413,3.966443058848381,0.1833128184080124,0.4618733723958333
1297,768,854.83,1000.84695409,7275,9437184,34.95897016227245,0.8945527076721191,-0.008932724085752852,0.2,5e-05,19050,19.69322967529297,0.031895556,3.9665564050277076,0.18327808380126953,0.43955891927083335
1298,769,831.2,966.31226679,7275,9449472,24.17459116578102,0.8753539323806763,0.006184821029698166,0.2,5e-05,19060,6.465325355529785,0.059136223,3.963628644744555,0.18332143127918243,0.5655924479166666
1300,770,841.87,978.47354787,7275,9461760,59.30519892573356,0.8733862042427063,-0.012434150279538396,0.2,5e-05,19070,35.0262451171875,0.025322199,3.9639310146371525,0.18328921496868134,0.3244222005208333
1302,771,837.99,975.39597996,7275,9474048,31.78472181558609,0.8874589204788208,-0.004855531398789026,0.2,5e-05,19080,29.8726863861084,0.03468133,3.958518658578396,0.1834801584482193,0.4500732421875
1303,772,846.72,988.0847471699999,7275,9486336,35.49530168076356,0.8889186382293701,-0.00297231261113969,0.2,5e-05,19090,3.6412858963012695,0.044591833,3.9521897663672765,0.18353740870952606,0.45089518229166664
1305,773,821.59,956.2988261500001,7275,9498624,21.801937158902486,0.815335750579834,0.003873127227901326,0.2,5e-05,19100,11.532217979431152,0.057724237,3.945828679203987,0.18357527256011963,0.5472330729166667
1307,774,807.32,941.9268793699999,7275,9510912,57.12899763782819,0.8994454145431519,-0.011759845064564919,0.2,5e-05,19110,46.59823989868164,0.02499438,3.943286360303561,0.18362905085086823,0.3282470703125
1308,775,806.69,938.4984923499999,7275,9523200,56.57285923957825,0.8987340927124023,-0.01247610890083403,0.2,5e-05,19120,20.036069869995117,0.024769872,3.93972994685173,0.1836674064397812,0.3067545572916667
1310,776,770.91,897.769193,7275,9535488,48.02698224584262,0.8849291801452637,-0.007020137727765056,0.2,5e-05,19130,24.093017578125,0.04351166,3.936293045679728,0.18366055190563202,0.4453369140625
1312,777,762.37,891.1782032099999,7275,9547776,46.68631451527278,0.8874911069869995,-0.007238122134003789,0.2,5e-05,19140,30.392850875854492,0.034091298,3.935373498002688,0.18366171419620514,0.4179931640625
1314,778,748.75,873.00238244,7275,9560064,42.957390532890955,0.8759605884552002,-0.007926752851926722,0.2,5e-05,19150,10.12479019165039,0.033350125,3.9418970624605816,0.1834573596715927,0.42752278645833336
1315,779,762.78,889.9682919100003,7275,9572352,35.25395172437032,0.8844136595726013,0.0017409121455178441,0.2,5e-05,19160,8.40616226196289,0.06637309,3.9393776694933575,0.18363957107067108,0.55107421875
1317,780,799.18,936.4954214999999,7275,9584640,21.887976803382237,0.9092162847518921,-0.003557141002966091,0.2,5e-05,19170,8.80860710144043,0.043767948,3.92922262797753,0.18377970159053802,0.49461263020833335
1319,781,830.66,980.26136556,7275,9596928,14.44397759983937,0.832136869430542,0.009816279579050994,0.2,5e-05,19180,3.8217945098876953,0.072109796,3.9138247266411783,0.18405242264270782,0.6041097005208333
1320,782,840.64,996.16366094,7275,9609216,17.651105735699335,0.9145355224609375,-0.007682286671964297,0.2,5e-05,19190,2.9859564304351807,0.048303057,3.9043489560484885,0.18417344987392426,0.4810384114583333
1322,783,863.09,1027.2520298,7276,9621504,32.47041930258274,0.9055401086807251,-0.0100785466900561,0.2,5e-05,19200,17.13478660583496,0.02556815,3.8980125720302263,0.18426363170146942,0.3882568359375
1324,784,870.41,1031.38820221,7276,9633792,34.91708125770092,0.8915078043937683,-0.01129689935623901,0.2,5e-05,19210,10.452848434448242,0.0298151,3.896356844405333,0.18423829972743988,0.3253987630208333
1325,785,870.29,1029.37425802,7276,9646080,27.541150947411854,0.9044996500015259,-0.012804942405879653,0.2,5e-05,19220,6.194310188293457,0.040251628,3.899613207578659,0.18408823013305664,0.33478190104166666
1327,786,867.46,1022.5524642299999,7276,9658368,35.88230028947194,0.8836543560028076,-0.010150913049680335,0.2,5e-05,19230,25.69328498840332,0.03075336,3.90374542226394,0.18413883447647095,0.38238118489583334
1329,787,838.13,986.4473873799999,7276,9670656,41.793589569131534,0.8793928027153015,-0.00449078211337716,0.2,5e-05,19240,16.561195373535156,0.035101786,3.9066797504822413,0.1839761883020401,0.43779296875
1330,788,798.59,928.7968722700002,7276,9682944,36.86707187493642,0.9202197790145874,-0.01091634780120027,0.2,5e-05,19250,11.041275978088379,0.037865717,3.911382768551509,0.18403077125549316,0.38193359375
1332,789,795.69,924.9416816600001,7276,9695232,58.67247234384219,0.89063560962677,-0.003307690261499374,0.2,5e-05,19260,37.327598571777344,0.03292128,3.9104020088911056,0.18402938544750214,0.4802490234375
1334,790,787.05,911.8020811900001,7277,9707520,72.31343995730082,0.8639422655105591,-0.012787634492269717,0.2,5e-05,19270,51.32894515991211,0.034882728,3.9069428503513337,0.18408949673175812,0.3642985026041667
1335,791,786.69,911.87992553,7277,9719808,30.058363672097524,0.9089685082435608,0.0019467311683304918,0.2,5e-05,19280,25.107452392578125,0.08150399,3.8956472675005593,0.18437688052654266,0.5543863932291667
1337,792,780.32,913.2987220800001,7277,9732096,26.74445633093516,0.8983070254325867,0.0009533587743741615,0.2,5e-05,19290,14.158602714538574,0.0645288,3.881829837958018,0.18473123013973236,0.5311686197916666
1339,793,787.58,923.9405493700001,7276,9744384,36.26756958266099,0.869516134262085,0.002602177114264729,0.2,5e-05,19300,9.997084617614746,0.043366905,3.869342369834582,0.1847645491361618,0.5209879557291667
1340,794,821.04,965.08168131,7275,9756672,23.527009601394337,0.879828929901123,-0.004760870103200432,0.2,5e-05,19310,6.1642327308654785,0.04647013,3.863459970553716,0.18486760556697845,0.44967447916666664
1342,795,835.83,983.9878183,7275,9768960,18.604181083043418,0.898186981678009,-0.0017589610807287196,0.2,5e-05,19320,20.547313690185547,0.055648323,3.8528239985307056,0.18500475585460663,0.5204671223958334
1344,796,844.71,995.2288885500001,7275,9781248,20.980057610074677,0.9124832153320312,-0.007670071632795346,0.2,5e-05,19330,5.859073162078857,0.051324397,3.8449463546276093,0.1851528286933899,0.4561360677083333
1346,797,842.29,990.9500148899999,7275,9793536,51.082449316978455,0.876258134841919,-0.007939080349266684,0.2,5e-05,19340,27.483657836914062,0.031554334,3.844452524681886,0.18515227735042572,0.41575520833333335
1347,798,826.63,969.8757634300002,7275,9805824,36.30587190588315,0.8843349814414978,-0.01291556833020877,0.2,5e-05,19350,8.84908676147461,0.030387744,3.8437387709816297,0.18516670167446136,0.3618570963541667
1349,799,819.76,959.0588000900002,7275,9818112,39.68530818025271,0.884559690952301,-0.012800638961683338,0.2,5e-05,19360,9.444904327392578,0.032278176,3.843656828502814,0.18519513309001923,0.3724853515625
1351,800,818.1,956.7936641200001,7275,9830400,46.47550507485867,0.8843861222267151,-0.010847657816096519,0.2,5e-05,19370,28.832738876342773,0.037178922,3.839736803372701,0.1852738857269287,0.400048828125
1352,801,816.71,953.74394896,7276,9842688,41.09306322733561,0.8914798498153687,-0.006680240208515898,0.2,5e-05,19380,18.969684600830078,0.05023918,3.8325135404864947,0.18535703420639038,0.4678548177083333
1354,802,803.56,938.6905457999998,7276,9854976,45.60345582763354,0.9063190817832947,-0.005974190302367788,0.2,5e-05,19390,24.947690963745117,0.035621013,3.824197178085645,0.1855163723230362,0.44900716145833336
1356,803,786.33,919.0993512399999,7276,9867264,40.70929667651653,0.9065337181091309,-0.005939904378222612,0.2,5e-05,19400,10.780628204345703,0.036241002,3.8200838496287663,0.18545706570148468,0.4813720703125
1357,804,762.9,892.6301157799999,7276,9879552,38.24562935034434,0.9061588644981384,-0.011014683474301516,0.2,5e-05,19410,16.897966384887695,0.033978414,3.8226308008035024,0.1854204386472702,0.3845621744791667
1359,805,753.59,877.5591967499998,7276,9891840,79.5573914428552,0.9020231366157532,-0.01389432237338042,0.2,5e-05,19420,41.60206604003906,0.028042031,3.824869327743848,0.18539945781230927,0.3755696614583333
1361,806,751.22,876.89263408,7276,9904128,36.874795230229694,0.8991699814796448,-0.0025329398510317938,0.2,5e-05,19430,39.93307876586914,0.04569597,3.831758966545264,0.18522320687770844,0.4733479817708333
1362,807,753.49,879.16850457,7276,9916416,33.09179117083549,0.9108297228813171,-0.0026492474135011435,0.2,5e-05,19440,5.699644565582275,0.048213076,3.84090294589599,0.18509306013584137,0.5043375651041667
1364,808,740.49,867.23921795,7276,9928704,42.65978026489417,0.9042143225669861,-0.007176253267971333,0.2,5e-05,19450,13.621950149536133,0.04379485,3.8426069915294647,0.18519991636276245,0.4577229817708333
1366,809,751.57,881.34229695,7276,9940992,51.63659052054087,0.8610310554504395,-0.009825758011235546,0.2,5e-05,19460,19.473712921142578,0.038129006,3.8315230270226794,0.1854684203863144,0.42298990885416665
1367,810,769.55,905.6439727699998,7277,9953280,39.66960063974063,0.878196120262146,-0.002835137483877285,0.2,5e-05,19470,6.192978382110596,0.05252691,3.8237107972304027,0.1856173872947693,0.5040852864583333
1369,811,799.6,942.9319089699998,7277,9965568,38.795997534195585,0.8864005208015442,-0.007055610251942805,0.2,5e-05,19480,7.530203342437744,0.04246238,3.820565422375997,0.18567921221256256,0.4506917317708333
1371,812,814.42,963.0317885099998,7276,9977856,62.64147889614105,0.872452437877655,-0.007059941271533413,0.2,5e-05,19490,25.857080459594727,0.04621455,3.8172972336411477,0.1857859343290329,0.4538818359375
1372,813,809.59,957.4914858900001,7276,9990144,18.96338536242644,0.9033164381980896,0.007758103174273856,0.2,5e-05,19500,11.918850898742676,0.06565573,3.805257450044155,0.18607597053050995,0.5809733072916666
1374,814,832.12,985.44287468,7276,10002432,28.015062657992043,0.9189348220825195,-0.012788796105693716,0.2,5e-05,19510,6.737934589385986,0.029698377,3.8047963201999666,0.18594397604465485,0.3794352213541667
