rollout/ep_len_mean,time/time_elapsed,time/iterations,time/total_timesteps,rollout/ep_rew_mean,time/fps,train/entropy_loss,train/std,train/n_updates,train/policy_gradient_loss,train/loss,train/clip_fraction,train/value_loss,train/approx_kl,train/clip_range,train/learning_rate,train/explained_variance
1000.0,1,1,12288,373.40614258333335,11268,,,,,,,,,,,
988.3333333333334,2,2,24576,312.962906625,8208,6.828517260154088,0.14818640053272247,19520,-0.02863701754589177,99.92559814453125,0.23988444010416668,244.21118081410725,0.01983658,0.2,5e-05,0.28642046451568604
979.3611111111111,4,3,36864,316.0681541111111,7779,6.82837872604529,0.14818041026592255,19530,-0.03041223738497744,96.25001525878906,0.22650553385416666,247.75439561208088,0.019640496,0.2,5e-05,0.31874990463256836
974.2916666666666,6,4,49152,285.37187639583334,7603,6.826509621739388,0.14822573959827423,19540,-0.030865027349015386,129.32606506347656,0.20333658854166667,315.90267343521117,0.01958204,0.2,5e-05,0.6548612117767334
970.25,8,5,61440,279.43812676666664,7506,6.821476242939631,0.14829690754413605,19550,-0.031837610007884605,189.51220703125,0.23158365885416668,359.766783841451,0.021995606,0.2,5e-05,0.6457747220993042
967.9444444444445,9,6,73728,284.2324288333333,7438,6.814893079797427,0.1483781486749649,19560,-0.03396266019359852,95.19710540771484,0.27159016927083335,264.2784511248271,0.02676916,0.2,5e-05,0.7299525737762451
970.5119047619048,11,7,86016,260.94747850000005,7310,6.810695962111155,0.14838562905788422,19570,-0.032545651647766745,149.2400360107422,0.2597412109375,319.54297320048016,0.024037233,0.2,5e-05,0.6326839923858643
967.5051546391752,13,8,98304,242.38814123711342,7282,6.809016126394272,0.14841322600841522,19580,-0.03244953973432227,126.98590850830078,0.2713704427083333,232.99531666437784,0.025375977,0.2,5e-05,0.7186892032623291
964.91,15,9,110592,309.79912716,7263,6.80751207669576,0.1483835130929947,19590,-0.027932780497940256,125.48326110839844,0.3232177734375,271.8147587776184,0.034285378,0.2,5e-05,0.7529167532920837
963.65,16,10,122880,279.9466802300001,7238,6.806213451425235,0.1484655737876892,19600,-0.03251709524192847,66.58519744873047,0.37271321614583336,121.20724131266276,0.038105875,0.2,5e-05,0.8801549077033997
957.37,18,11,135168,304.35875488,7220,6.802735098203024,0.14850066602230072,19610,-0.031396754498321876,87.91159057617188,0.36993815104166666,208.9080781618754,0.038277756,0.2,5e-05,0.7473224401473999
960.83,20,12,147456,267.25490213,7210,6.790221788485845,0.14874479174613953,19620,-0.02167256608954631,56.18598175048828,0.44871419270833335,152.85751816431682,0.060592275,0.2,5e-05,0.817418098449707
957.6,22,13,159744,257.90712284,7206,6.781397543350855,0.1487281769514084,19630,-0.032658688925827545,156.0222930908203,0.32362467447916665,349.9607847213745,0.032420296,0.2,5e-05,0.738496720790863
962.83,23,14,172032,227.45731223999996,7199,6.778947164614995,0.1487923115491867,19640,-0.03375467922742246,115.37317657470703,0.37587890625,266.3690007527669,0.04024065,0.2,5e-05,0.7731504440307617
964.52,25,15,184320,296.82673592,7169,6.777176980177561,0.14885324239730835,19650,-0.03154862453666283,104.54792022705078,0.3619466145833333,234.41831464767455,0.03642566,0.2,5e-05,0.7723119258880615
971.27,27,16,196608,285.88568492999997,7167,6.7700255850950875,0.1488657146692276,19660,-0.02393243873763519,40.10387420654297,0.4862548828125,123.23671032587687,0.062295098,0.2,5e-05,0.7839438915252686
974.84,29,17,208896,224.41853776,7158,6.7584546575943625,0.14896191656589508,19670,-0.03342412387767884,174.21432495117188,0.40146484375,387.80847587585447,0.04298264,0.2,5e-05,0.7894753813743591
974.84,30,18,221184,241.79629125,7153,6.752695535620053,0.14907370507717133,19680,-0.029383017696090974,108.84564971923828,0.4126220703125,271.649777507782,0.039890032,0.2,5e-05,0.855218768119812
982.4,32,19,233472,253.04710640000002,7150,6.75530232489109,0.14891956746578217,19690,-0.03156751374505499,85.10604858398438,0.42306315104166664,208.45668489138285,0.047162164,0.2,5e-05,0.8486053943634033
989.81,34,20,245760,310.65146688,7148,6.760807247956594,0.1488724797964096,19700,-0.026943024433179138,85.55463409423828,0.4176839192708333,178.31032121976216,0.051016126,0.2,5e-05,0.8588701486587524
992.45,36,21,258048,251.21386448000004,7149,6.760550742348035,0.14890827238559723,19710,-0.03184685613280938,96.0806884765625,0.4713134765625,225.62524557113647,0.053849664,0.2,5e-05,0.8657410740852356
1000.0,37,22,270336,206.68638661,7145,6.751479790608088,0.14915528893470764,19720,-0.02962396062697129,168.27247619628906,0.4282470703125,361.80880800882977,0.044774186,0.2,5e-05,0.7936440706253052
1000.0,39,23,282624,216.48311252999997,7147,6.750233147541682,0.14902685582637787,19730,-0.032386467228449574,151.7644500732422,0.41201171875,311.3038121859233,0.04226386,0.2,5e-05,0.8158937692642212
1000.0,41,24,294912,189.3828748,7145,6.750425098339717,0.14913113415241241,19740,-0.029836413605759542,59.4615592956543,0.45413411458333336,153.96300757726033,0.054728195,0.2,5e-05,0.8816049098968506
1000.0,42,25,307200,263.60106554999993,7145,6.74912944038709,0.14915762841701508,19750,-0.02916779349228212,115.69605255126953,0.4091715494791667,287.96494178771974,0.042462885,0.2,5e-05,0.8084768056869507
1000.0,44,26,319488,253.74392508999998,7148,6.736568594972293,0.14937624335289001,19760,-0.026229740488148915,106.93914794921875,0.47052408854166666,203.32057989438374,0.057010967,0.2,5e-05,0.8566988706588745
1000.0,46,27,331776,197.21392136000003,7151,6.7213469962279,0.14954541623592377,19770,-0.022983696613421974,101.73070526123047,0.496044921875,205.72921504974366,0.061267924,0.2,5e-05,0.874372124671936
1000.0,48,28,344064,165.58450768000003,7153,6.712939936916033,0.149571493268013,19780,-0.03363651909554998,119.42731475830078,0.455078125,247.9680679957072,0.054397214,0.2,5e-05,0.8737327456474304
1000.0,49,29,356352,199.06904478,7156,6.706717612346013,0.1496831476688385,19790,-0.02882402004809895,113.87381744384766,0.3930257161458333,272.9416255315145,0.041583285,0.2,5e-05,0.9045670032501221
1000.0,51,30,368640,274.92458254999997,7156,6.699775043129921,0.14974094927310944,19800,-0.02794978222906745,120.44642639160156,0.37411295572916664,244.42274440129597,0.04686703,0.2,5e-05,0.8711414337158203
1000.0,53,31,380928,227.69229833,7157,6.696254039804141,0.14976225793361664,19810,-0.02943315665179398,88.31471252441406,0.3884033203125,206.57581917444864,0.04104705,0.2,5e-05,0.8505784273147583
998.63,54,32,393216,272.83441143999994,7159,6.694410171111425,0.14976094663143158,19820,-0.02979683139322636,151.44700622558594,0.405029296875,284.7683223088582,0.042690635,0.2,5e-05,0.8722307682037354
998.63,56,33,405504,268.37850318000005,7161,6.694848426183065,0.14969049394130707,19830,-0.02723817632747038,64.16777801513672,0.43101399739583335,158.63142978350322,0.050582383,0.2,5e-05,0.9243163466453552
992.83,58,34,417792,249.01213669,7154,6.693095651268959,0.14976289868354797,19840,-0.027479089412372558,78.1659164428711,0.49716796875,208.46717302004495,0.05845176,0.2,5e-05,0.9244853258132935
979.82,60,35,430080,253.72478543,7155,6.693377488851548,0.14973227679729462,19850,-0.03291805499272111,85.96976470947266,0.43008626302083336,235.01412636439005,0.046726882,0.2,5e-05,0.7791205644607544
979.82,61,36,442368,249.97787338999998,7157,6.691495288411776,0.14982277154922485,19860,-0.03135999192697151,135.0251922607422,0.4103597005208333,325.80156965255736,0.043189917,0.2,5e-05,0.8919990658760071
970.69,63,37,454656,262.23173306,7160,6.68404124279817,0.14991945028305054,19870,-0.02847966364667324,76.50679779052734,0.41648763020833335,164.14429518381755,0.04307379,0.2,5e-05,0.910617470741272
970.69,65,38,466944,267.55112853,7162,6.6807312627633415,0.14998842775821686,19880,-0.020604089566040783,141.1795654296875,0.5025553385416667,278.5922986984253,0.06700176,0.2,5e-05,0.92400062084198
972.06,66,39,479232,289.26293131999995,7165,6.680434432625771,0.15001389384269714,19890,-0.029303718540177215,66.02993774414062,0.48745930989583336,181.8134833017985,0.05897349,0.2,5e-05,0.9062628149986267
972.06,68,40,491520,261.79229636,7167,6.681113258997599,0.1499672532081604,19900,-0.03372861641206934,91.19539642333984,0.3949951171875,210.7781140009562,0.03870915,0.2,5e-05,0.9016025066375732
972.06,70,41,503808,194.75749085000004,7170,6.672565670808156,0.15021319687366486,19910,-0.026054214945664473,96.91143798828125,0.4466634114583333,240.23840754826864,0.046801593,0.2,5e-05,0.9085129499435425
977.86,71,42,516096,210.39711146000002,7170,6.6627461810906725,0.15025795996189117,19920,-0.03076980770759595,116.05551147460938,0.3951497395833333,262.90377515157064,0.039196495,0.2,5e-05,0.8858055472373962
983.29,73,43,528384,258.11946773999995,7168,6.663814586400986,0.15024572610855103,19930,-0.027221039938255368,118.09329223632812,0.44393717447916664,299.928577486674,0.054234143,0.2,5e-05,0.9228395819664001
978.3,75,44,540672,304.92216265999997,7173,6.661347180604935,0.1502235382795334,19940,-0.024095222675047503,23.35806655883789,0.5209228515625,49.929244256019594,0.07037088,0.2,5e-05,0.9534652829170227
978.93,77,45,552960,338.63325159,7168,6.66222167511781,0.15021051466464996,19950,-0.029877648879482875,35.756752014160156,0.4722086588541667,104.81324888070425,0.056394354,0.2,5e-05,0.9169977903366089
978.93,78,46,565248,336.4646130999999,7171,6.673537258307139,0.1501104235649109,19960,-0.02921410538935258,111.06544494628906,0.3826171875,213.2776255607605,0.040225457,0.2,5e-05,0.8663133978843689
974.37,80,47,577536,333.81244016999995,7174,6.674156733353933,0.15016674995422363,19970,-0.02944922534710107,111.3335952758789,0.43792317708333334,207.3971080462138,0.047434565,0.2,5e-05,0.8929793238639832
974.37,82,48,589824,336.91462140999994,7176,6.6725432256857555,0.15007416903972626,19980,-0.026379298986770057,69.10686492919922,0.46876627604166665,143.10922005971273,0.058216378,0.2,5e-05,0.9485050439834595
969.36,83,49,602112,370.83323970999993,7177,6.679942671457926,0.1499059945344925,19990,-0.029372401305105694,69.25843048095703,0.3953125,153.2741886138916,0.04437734,0.2,5e-05,0.9157947301864624
969.36,85,50,614400,411.34165554,7179,6.68486209710439,0.14996324479579926,20000,-0.03194933796185069,98.0881576538086,0.4351318359375,203.2559468269348,0.04625985,0.2,5e-05,0.8889414668083191
976.94,87,51,626688,388.52624804999994,7182,6.676594423254331,0.150080606341362,20010,-0.02581705529980051,58.755836486816406,0.5089029947916667,146.20227805773416,0.061311413,0.2,5e-05,0.9377192258834839
981.93,88,52,638976,445.2477952500001,7185,6.669764519731204,0.15007297694683075,20020,-0.028072053254193936,53.67770004272461,0.451953125,99.54011579354604,0.052435536,0.2,5e-05,0.9548931121826172
990.43,90,53,651264,372.54281656,7186,6.67355815867583,0.14993168413639069,20030,-0.018999743796788,40.39301300048828,0.5198811848958333,97.20611244837443,0.07566035,0.2,5e-05,0.9448721408843994
988.23,92,54,663552,391.6027934300001,7187,6.683496774236361,0.14982038736343384,20040,-0.03218810383308058,119.99964141845703,0.385498046875,290.0344403266907,0.036974084,0.2,5e-05,0.8924713134765625
992.79,94,55,675840,356.6339770300001,7189,6.692221024632454,0.14964495599269867,20050,-0.033140108083413604,95.17606353759766,0.42962239583333334,196.54761511484782,0.047996808,0.2,5e-05,0.9071928858757019
992.79,95,56,688128,344.8687262300001,7192,6.698383766412735,0.14966480433940887,20060,-0.03470693784765899,104.24880981445312,0.36929524739583336,211.79541873931885,0.03981522,0.2,5e-05,0.912787675857544
997.8,97,57,700416,258.22195138,7193,6.695503338177999,0.1496724784374237,20070,-0.03241878879004313,132.8121337890625,0.38436686197916664,293.52324895858766,0.041653622,0.2,5e-05,0.9148884415626526
997.8,99,58,712704,235.1656005,7194,6.697925662994384,0.1496141105890274,20080,-0.03860413435613737,151.4527130126953,0.3714680989583333,351.29553712209065,0.03680654,0.2,5e-05,0.8525978922843933
997.8,100,59,724992,253.27683835000005,7194,6.700506126880645,0.1495855450630188,20090,-0.024843704192123065,66.03126525878906,0.4317138671875,156.59526365598043,0.04882882,0.2,5e-05,0.9256938099861145
997.8,102,60,737280,170.76018888,7194,6.700616233547529,0.14964288473129272,20100,-0.02942628729166851,84.22795104980469,0.4035563151041667,204.639310614268,0.044710148,0.2,5e-05,0.9008587598800659
997.8,104,61,749568,193.29726829999998,7193,6.700188934803009,0.1496116667985916,20110,-0.025842924750759267,87.24812316894531,0.432373046875,176.2035850207011,0.04758353,0.2,5e-05,0.9022936224937439
1000.0,105,62,761856,192.08328020000002,7196,6.703023145596187,0.14958740770816803,20120,-0.02638697029372755,73.7771987915039,0.4823404947916667,153.54586032231649,0.059631094,0.2,5e-05,0.917424201965332
1000.0,107,63,774144,236.04333014,7197,6.703601315617561,0.14957685768604279,20130,-0.029053673478968752,68.00518798828125,0.4454427083333333,145.37742184003193,0.053682353,0.2,5e-05,0.937567949295044
1000.0,109,64,786432,197.39575243,7199,6.703010801474253,0.1496603637933731,20140,-0.02564873128915982,40.21089172363281,0.5126383463541667,101.96991838614146,0.064246,0.2,5e-05,0.9328305721282959
1000.0,110,65,798720,323.50988230999997,7200,6.706686438123385,0.149555966258049,20150,-0.020011120360383453,63.880245208740234,0.5054280598958333,159.06248013178507,0.066220224,0.2,5e-05,0.9465133547782898
999.68,112,66,811008,296.1801022,7200,6.708657956123352,0.14962580800056458,20160,-0.030455240981245878,133.2573699951172,0.38828125,248.92504507700602,0.040162448,0.2,5e-05,0.9091319441795349
999.68,114,67,823296,197.68906273000002,7201,6.704255588849386,0.14966875314712524,20170,-0.03269980881595984,126.02666473388672,0.39739583333333334,291.1696325937907,0.04125822,0.2,5e-05,0.9096835851669312
999.68,116,68,835584,217.90072809,7202,6.702096493045489,0.14964734017848969,20180,-0.03154768824000106,183.96156311035156,0.4028727213541667,351.88819630940753,0.040985953,0.2,5e-05,0.9199030995368958
997.93,117,69,847872,225.57037365999997,7201,6.705805543065071,0.14956513047218323,20190,-0.027509939850036365,62.44875717163086,0.4189208984375,105.88026316960652,0.048855633,0.2,5e-05,0.9647207856178284
988.87,119,70,860160,222.77630322999997,7200,6.705437850952149,0.14964710175991058,20200,-0.03022006508836057,99.60098266601562,0.47523600260416665,202.90977878570556,0.054179687,0.2,5e-05,0.9447757005691528
988.87,121,71,872448,181.01729112,7201,6.705108800530434,0.14963962137699127,20210,-0.0316635411834189,105.97884368896484,0.4456705729166667,216.7063497543335,0.04787035,0.2,5e-05,0.9345141649246216
988.87,122,72,884736,164.60936715,7202,6.707181291778882,0.14957569539546967,20220,-0.033629946360209335,115.46463012695312,0.35891927083333336,227.24683974583942,0.03457033,0.2,5e-05,0.9235838651657104
988.87,124,73,897024,218.80187776999995,7204,6.707161332170169,0.14953386783599854,20230,-0.03548308239551261,57.305931091308594,0.43036295572916666,157.1954709370931,0.052406177,0.2,5e-05,0.942357063293457
989.19,126,74,909312,241.08464268000003,7205,6.706547369559606,0.1495382934808731,20240,-0.023858756260112083,50.41743087768555,0.49156087239583335,94.93111831347147,0.056885246,0.2,5e-05,0.9626190066337585
989.19,127,75,921600,303.65039607,7206,6.701532056927681,0.14963269233703613,20250,-0.023713177761722666,68.87338256835938,0.49344075520833336,167.42378419240316,0.06403328,0.2,5e-05,0.9233626127243042
989.19,129,76,933888,314.94666880000005,7208,6.699525840083758,0.14959068596363068,20260,-0.03368417339515872,96.7532730102539,0.39920247395833336,213.0330543200175,0.038917195,0.2,5e-05,0.9344572424888611
990.94,131,77,946176,299.61651159,7209,6.699716204404831,0.14962150156497955,20270,-0.031052574291243216,69.44800567626953,0.4827880859375,123.69011791547139,0.057714004,0.2,5e-05,0.9568522572517395
1000.0,132,78,958464,300.18796378999997,7211,6.701292384664217,0.14962108433246613,20280,-0.03189365333334233,100.47037506103516,0.39296875,216.41798394521078,0.041302368,0.2,5e-05,0.9363476634025574
1000.0,134,79,970752,358.75569121,7210,6.705268681049347,0.14952050149440765,20290,-0.03305991256396131,53.1744384765625,0.4616292317708333,130.2410418510437,0.05360551,0.2,5e-05,0.9619616270065308
1000.0,136,80,983040,369.16805487,7207,6.7160229275623955,0.14943622052669525,20300,-0.03505912769566445,87.62906646728516,0.3583984375,201.02595191001893,0.032738224,0.2,5e-05,0.9529018998146057
1000.0,138,81,995328,277.71829326,7208,6.720094928145409,0.1494315266609192,20310,-0.02753750559738061,116.4661865234375,0.384375,232.2327826499939,0.038686175,0.2,5e-05,0.9225172996520996
1000.0,139,82,1007616,266.5811588600001,7209,6.722755544384321,0.1494244486093521,20320,-0.02871056177536957,128.7679901123047,0.41607259114583334,226.95092452367146,0.042974014,0.2,5e-05,0.9015665650367737
1000.0,141,83,1019904,242.35599126999998,7210,6.723093844453493,0.14945754408836365,20330,-0.031975799340580126,121.87446594238281,0.443701171875,208.66033385594685,0.046230715,0.2,5e-05,0.9220182299613953
1000.0,143,84,1032192,269.68645927,7212,6.723394212126732,0.14946982264518738,20340,-0.037806699432985626,139.91455078125,0.40751953125,282.0453628540039,0.042745594,0.2,5e-05,0.9220775365829468
1000.0,144,85,1044480,270.11225263,7213,6.719899437824885,0.14952339231967926,20350,-0.02582892550174923,49.24052047729492,0.47344563802083334,118.19185821215312,0.056081295,0.2,5e-05,0.960598349571228
996.45,146,86,1056768,260.53824134999996,7209,6.712345112363497,0.14970256388187408,20360,-0.023759501595244124,62.574012756347656,0.506591796875,126.00681234995524,0.061900478,0.2,5e-05,0.9499979615211487
995.33,148,87,1069056,194.63439959000004,7206,6.7024784525235495,0.14975963532924652,20370,-0.028683232108111648,98.13362884521484,0.3932698567708333,221.00824858347576,0.040856395,0.2,5e-05,0.92669278383255
995.33,150,88,1081344,210.26819264999997,7204,6.697066489855448,0.1497851461172104,20380,-0.0329825493710814,126.91836547851562,0.46534830729166665,216.4062846183777,0.053205937,0.2,5e-05,0.9438576102256775
995.33,151,89,1093632,254.75946733,7202,6.6947456181049345,0.14983992278575897,20390,-0.033451879036147145,101.7867431640625,0.38983561197916666,185.8259488105774,0.039419934,0.2,5e-05,0.9416773319244385
995.33,153,90,1105920,242.58956932000004,7199,6.6966908554236095,0.14977610111236572,20400,-0.032074026831348114,83.51245880126953,0.4116292317708333,162.95549273490906,0.049362827,0.2,5e-05,0.9339172840118408
995.33,155,91,1118208,286.79928429000006,7199,6.702890850106875,0.1496475785970688,20410,-0.031011449425326038,69.35002136230469,0.429541015625,173.12240737279257,0.047484454,0.2,5e-05,0.9435032606124878
995.33,157,92,1130496,295.6156448,7199,6.70512169500192,0.14969468116760254,20420,-0.023192299649963388,39.4517936706543,0.496826171875,119.85443374315898,0.066757046,0.2,5e-05,0.9654994010925293
995.33,158,93,1142784,263.42766281,7200,6.70670096774896,0.1497226506471634,20430,-0.025698770549691594,104.88368225097656,0.46484375,188.807133769989,0.04507737,0.2,5e-05,0.9474584460258484
993.26,160,94,1155072,231.08550348999998,7200,6.7085686455170315,0.14968270063400269,20440,-0.03248807043710258,93.64976501464844,0.35869954427083334,172.46198137601218,0.036283832,0.2,5e-05,0.9495111107826233
997.93,162,95,1167360,227.31386554,7200,6.7069089859724045,0.14975975453853607,20450,-0.033031124696329545,111.93804168701172,0.36607259114583335,293.6220821062724,0.040684234,0.2,5e-05,0.9279948472976685
997.93,163,96,1179648,286.91887220000007,7200,6.699644181132316,0.14983971416950226,20460,-0.032429038471794534,80.19731140136719,0.4251302083333333,168.58323911031087,0.048806902,0.2,5e-05,0.945477306842804
997.93,165,97,1191936,288.08512534,7201,6.700196899970373,0.1498289704322815,20470,-0.02473302970562751,34.93838119506836,0.4433512369791667,121.95970493952433,0.04829577,0.2,5e-05,0.9389762878417969
997.93,167,98,1204224,324.45915416,7201,6.698722851276398,0.1498720794916153,20480,-0.02736976034163187,72.91983032226562,0.39761555989583336,162.0195106347402,0.04230821,0.2,5e-05,0.9428218603134155
997.93,168,99,1216512,309.87921253999997,7202,6.700557464361191,0.14985691010951996,20490,-0.025066140431833143,52.73896026611328,0.4615966796875,116.71287641525268,0.05470702,0.2,5e-05,0.9105799198150635
997.93,170,100,1228800,253.77389487,7204,6.699097428719202,0.14994166791439056,20500,-0.028711554028753503,103.41667175292969,0.4409098307291667,244.36984265645344,0.051960822,0.2,5e-05,0.9327535033226013
997.93,172,101,1241088,254.52776857,7205,6.70180991590023,0.1498100310564041,20510,-0.025608884811905833,86.7930679321289,0.5015625,197.10201826095582,0.06876147,0.2,5e-05,0.9544978737831116
1000.0,173,102,1253376,303.81583505,7205,6.708190827568372,0.14971189200878143,20520,-0.025664443066731716,69.0048828125,0.5191975911458333,152.13706998825074,0.06366703,0.2,5e-05,0.9475520849227905
1000.0,175,103,1265664,370.79606846,7205,6.709986227750778,0.1497274488210678,20530,-0.0317485232934511,64.41729736328125,0.42263997395833336,145.64063571294147,0.040937398,0.2,5e-05,0.9427121877670288
1000.0,177,104,1277952,379.91714685,7206,6.713941229383151,0.1496688276529312,20540,-0.022078403921720263,54.846927642822266,0.523046875,114.66907900174459,0.07695926,0.2,5e-05,0.9663687944412231
1000.0,179,105,1290240,382.05802604,7205,6.721414817372958,0.1495109349489212,20550,-0.02563582528285527,66.27096557617188,0.5275797526041667,141.58086638450624,0.06829963,0.2,5e-05,0.9611735939979553
999.01,180,106,1302528,398.19809832999994,7206,6.725374760230382,0.14948688447475433,20560,-0.027504430993576533,73.17849731445312,0.4554524739583333,142.03980374336243,0.05439496,0.2,5e-05,0.9578749537467957
999.01,182,107,1314816,440.2482065100001,7206,6.726361930370331,0.1495109647512436,20570,-0.03438328591970882,54.78313064575195,0.39500325520833335,104.15508499145508,0.044751603,0.2,5e-05,0.9638833999633789
999.01,184,108,1327104,460.38206655,7207,6.722981056571006,0.14948327839374542,20580,-0.02412067568608715,12.603659629821777,0.4575602213541667,36.0731188972791,0.060141217,0.2,5e-05,0.9580053687095642
999.01,185,109,1339392,432.86614558,7208,6.720627982417742,0.1495363861322403,20590,-0.035287625530812265,144.91604614257812,0.3129150390625,270.5570596377055,0.028123282,0.2,5e-05,0.9245417714118958
999.01,187,110,1351680,459.78215667999996,7209,6.721765479445457,0.14945919811725616,20600,-0.03377064228310094,104.64911651611328,0.3627197265625,208.7053198814392,0.03906459,0.2,5e-05,0.9444411396980286
999.01,189,111,1363968,430.12699702000003,7209,6.72250601152579,0.1495174616575241,20610,-0.0333509691816289,91.90139770507812,0.40410970052083334,141.54483133951823,0.044983614,0.2,5e-05,0.9633752107620239
999.01,190,112,1376256,444.08969682000003,7209,6.717022980252902,0.14955829083919525,20620,-0.026583246565617932,81.23665618896484,0.5322998046875,137.09445562362671,0.074992456,0.2,5e-05,0.9439517259597778
999.01,192,113,1388544,479.40274022000006,7209,6.71546915769577,0.1496133953332901,20630,-0.020825074949728635,15.661765098571777,0.5232421875,49.780265525976816,0.069048174,0.2,5e-05,0.9445460438728333
1000.0,194,114,1400832,521.5480671100001,7210,6.714130103588104,0.14958135783672333,20640,-0.03045685817778576,24.153099060058594,0.43179524739583336,76.56283589204152,0.051611733,0.2,5e-05,0.9690660834312439
1000.0,195,115,1413120,465.2548727000001,7210,6.721527660886447,0.14937642216682434,20650,-0.03337188346583086,57.72267150878906,0.4660725911458333,134.2049351533254,0.058469135,0.2,5e-05,0.9582559466362
992.95,197,116,1425408,405.31364462000005,7211,6.72905282775561,0.14936335384845734,20660,-0.036656450155229926,103.84478759765625,0.3836263020833333,210.2878693262736,0.04132426,0.2,5e-05,0.9301546216011047
988.76,199,117,1437696,488.80315021,7209,6.731569844484329,0.14935679733753204,20670,-0.036293378299645455,90.23728942871094,0.40692545572916666,218.65023568471273,0.044250578,0.2,5e-05,0.9429854154586792
988.76,201,118,1449984,454.03774429000003,7210,6.730944408973058,0.14941821992397308,20680,-0.03489087364966205,101.51618194580078,0.37913411458333335,185.02328769365946,0.040410236,0.2,5e-05,0.9368475675582886
988.76,202,119,1462272,441.8601739699999,7210,6.731396301587423,0.14934325218200684,20690,-0.033080132249354695,54.05678176879883,0.45443522135416664,161.58391162554423,0.05248039,0.2,5e-05,0.9512631893157959
988.76,204,120,1474560,453.9077834099999,7210,6.731784695386887,0.14937090873718262,20700,-0.019380278607908016,55.53487014770508,0.5400797526041666,132.2976999282837,0.077121146,0.2,5e-05,0.9707865715026855
988.5,206,121,1486848,418.56821057,7210,6.732062727212906,0.1494024395942688,20710,-0.02409290908156739,37.78562545776367,0.42989908854166664,83.92034622033437,0.04559573,0.2,5e-05,0.9516887664794922
988.5,207,122,1499136,355.97105032,7210,6.730804871519407,0.1494322270154953,20720,-0.030320208081199475,47.96626663208008,0.409033203125,110.11698808670045,0.043383956,0.2,5e-05,0.9466254115104675
987.32,209,123,1511424,361.23616805,7211,6.723817146817843,0.14955419301986694,20730,-0.03545297405992945,69.12025451660156,0.3939290364583333,156.44146196047464,0.039849598,0.2,5e-05,0.9469231367111206
994.37,211,124,1523712,409.67237447,7211,6.719947850704193,0.14952823519706726,20740,-0.03180166795573314,97.11036682128906,0.43316243489583334,257.7261945724487,0.046480652,0.2,5e-05,0.9469606280326843
998.56,212,125,1536000,404.16046265999995,7211,6.725026950240135,0.1494642049074173,20750,-0.030000763860880398,48.70381546020508,0.5044921875,107.02367532253265,0.06106249,0.2,5e-05,0.9674552083015442
998.56,214,126,1548288,481.30654638999994,7212,6.734942577282587,0.14936885237693787,20760,-0.029041523948156584,32.56143569946289,0.452880859375,69.09628632068635,0.052426368,0.2,5e-05,0.9729998707771301
993.23,216,127,1560576,479.0287093300001,7212,6.739931744337082,0.1493130326271057,20770,-0.02395002220097619,35.67478561401367,0.487841796875,74.4633445262909,0.06137183,0.2,5e-05,0.9792937636375427
993.23,218,128,1572864,392.4519784300001,7213,6.7421341896057125,0.14933069050312042,20780,-0.025235886150767328,92.66007232666016,0.47283528645833334,198.54073718388875,0.05956443,0.2,5e-05,0.952858567237854
993.49,219,129,1585152,386.14727933999995,7213,6.740998596946398,0.14941714704036713,20790,-0.03368678797220734,139.2917938232422,0.34427083333333336,265.6892795562744,0.034876253,0.2,5e-05,0.928834080696106
993.49,221,130,1597440,397.41849177999995,7213,6.729335329929987,0.1496099978685379,20800,-0.030869191708916333,42.32844924926758,0.43272298177083335,128.0894109249115,0.05187152,0.2,5e-05,0.9371567964553833
993.11,223,131,1609728,342.36770238,7213,6.721051141619682,0.14959950745105743,20810,-0.026960823666498376,93.6622314453125,0.46591796875,202.67993424733478,0.0519722,0.2,5e-05,0.9496386647224426
993.11,224,132,1622016,382.76142704000006,7213,6.717752109964689,0.14973562955856323,20820,-0.024785396406271806,108.6254653930664,0.46498209635416665,204.16552143096925,0.05197699,0.2,5e-05,0.9519943594932556
993.11,226,133,1634304,322.63545195,7213,6.714399147033691,0.1497180014848709,20830,-0.029920287322602233,105.27880859375,0.3817545572916667,265.21184927622477,0.03853044,0.2,5e-05,0.9357135891914368
993.11,228,134,1646592,279.04493449,7214,6.713742471734682,0.1497562974691391,20840,-0.02270321976733006,39.68336486816406,0.5337890625,78.23124837875366,0.071344994,0.2,5e-05,0.9530689120292664
998.44,229,135,1658880,265.95744153000004,7214,6.718067105611166,0.14966219663619995,20850,-0.03651082294333416,57.99317169189453,0.39871419270833336,142.69436909357708,0.043027773,0.2,5e-05,0.958358108997345
996.19,231,136,1671168,270.28497627,7214,6.721353843808174,0.14964789152145386,20860,-0.0327332720781366,53.148067474365234,0.34854329427083336,130.3852598508199,0.036904935,0.2,5e-05,0.9598071575164795
985.89,233,137,1683456,296.26794404,7214,6.717127825816473,0.14973339438438416,20870,-0.027671934469253756,61.644920349121094,0.4639811197916667,163.69649159113567,0.055414226,0.2,5e-05,0.9495419263839722
985.89,235,138,1695744,318.89997732999996,7214,6.717136160532633,0.14963304996490479,20880,-0.030705799623198495,46.961185455322266,0.4156087239583333,120.63468500773112,0.04489441,0.2,5e-05,0.9464622735977173
987.45,236,139,1708032,329.559121,7214,6.716211094458898,0.14965730905532837,20890,-0.03344330817247586,43.99734115600586,0.4416259765625,102.26887838045756,0.05259496,0.2,5e-05,0.9462844729423523
987.45,238,140,1720320,340.81228035,7213,6.714435575405757,0.14964286983013153,20900,-0.027841588523976193,60.607601165771484,0.4162841796875,169.9137176354726,0.047350068,0.2,5e-05,0.9479707479476929
987.45,240,141,1732608,399.9711311399999,7213,6.71301993727684,0.14975117146968842,20910,-0.033610177740532286,73.07820892333984,0.43603515625,170.31070755322773,0.050769776,0.2,5e-05,0.9579158425331116
987.45,241,142,1744896,366.05421643999995,7213,6.712637788057327,0.14964412152767181,20920,-0.029438607862296826,48.47490310668945,0.461474609375,120.7467485109965,0.049271543,0.2,5e-05,0.9653410315513611
977.33,243,143,1757184,302.11232096,7211,6.713763162493706,0.14967866241931915,20930,-0.027668570591292033,112.24339294433594,0.4314453125,225.0309063275655,0.05070789,0.2,5e-05,0.9384860396385193
979.58,245,144,1769472,263.00400372999997,7211,6.70641718407472,0.14977653324604034,20940,-0.02924681228857177,145.99317932128906,0.4222819010416667,293.6922281901042,0.04884537,0.2,5e-05,0.9025405645370483
988.33,247,145,1781760,229.30566058,7210,6.7026340196530025,0.14985693991184235,20950,-0.028964436377282254,149.5806884765625,0.4337158203125,283.98552757898966,0.049493123,0.2,5e-05,0.931760311126709
984.22,248,146,1794048,221.74284244999998,7211,6.702421662211418,0.14984115958213806,20960,-0.029930660095609105,84.25453186035156,0.4383138020833333,175.78163328170777,0.049247656,0.2,5e-05,0.9564228653907776
984.22,250,147,1806336,246.08184655999997,7211,6.70100491642952,0.14989332854747772,20970,-0.027973389354883693,80.27298736572266,0.36847330729166666,171.0832040468852,0.037744652,0.2,5e-05,0.9484943747520447
984.22,252,148,1818624,225.38075147999996,7211,6.698904677232107,0.14982189238071442,20980,-0.031193878911047555,84.30420684814453,0.38889973958333335,195.5552763303121,0.042885903,0.2,5e-05,0.951154351234436
984.02,253,149,1830912,205.61365117000003,7210,6.700159228841463,0.14984381198883057,20990,-0.03431630907580256,96.67585754394531,0.4421630859375,181.226700146993,0.04627439,0.2,5e-05,0.9531148672103882
965.78,255,150,1843200,198.76577558999998,7210,6.704784321784973,0.14968332648277283,21000,-0.0285893621641056,60.0541877746582,0.4924723307291667,122.0251851717631,0.0585639,0.2,5e-05,0.9383121132850647
973.15,257,151,1855488,232.94338339000006,7209,6.7071703960498175,0.14979760348796844,21010,-0.033131856019463155,43.36050033569336,0.3617350260416667,153.91033929189047,0.03745879,0.2,5e-05,0.9395657777786255
973.15,259,152,1867776,240.56025250000002,7209,6.703604876995087,0.14981137216091156,21020,-0.02780777286825469,161.7815704345703,0.47784830729166666,343.32123788197833,0.05821693,0.2,5e-05,0.9150325059890747
967.95,260,153,1880064,206.31311924000002,7207,6.7060700486103695,0.14972658455371857,21030,-0.033595959494414275,129.10662841796875,0.38351236979166664,289.8627384503682,0.03893427,0.2,5e-05,0.8971309661865234
972.06,262,154,1892352,184.61430082000004,7207,6.708574570218722,0.14976759254932404,21040,-0.03073651226829194,80.52056121826172,0.4421305338541667,166.90008136431376,0.05444798,0.2,5e-05,0.951567530632019
970.4,264,155,1904640,236.15577782999998,7207,6.70681489209334,0.14977498352527618,21050,-0.03538381832962235,58.823585510253906,0.421923828125,150.27687301635743,0.04779799,0.2,5e-05,0.9344895482063293
970.4,265,156,1916928,237.67283387,7207,6.708373244603475,0.14968444406986237,21060,-0.02625696926309805,64.71788024902344,0.5293050130208333,122.36529630025228,0.07680246,0.2,5e-05,0.9645784497261047
970.6,267,157,1929216,232.57570350000003,7206,6.710794325669607,0.14963893592357635,21070,-0.029304651059404326,93.73311614990234,0.42412923177083334,181.21059611638387,0.04445826,0.2,5e-05,0.9448198080062866
985.27,269,158,1941504,237.65664678999997,7206,6.71055708527565,0.1495586633682251,21080,-0.02613256016241697,36.22443389892578,0.5074462890625,127.23183329900105,0.07243352,0.2,5e-05,0.9661908745765686
987.86,271,159,1953792,201.47435698,7206,6.710704911748568,0.14965446293354034,21090,-0.03245990172435995,73.8721694946289,0.45026041666666666,175.9894793987274,0.052024048,0.2,5e-05,0.9545955657958984
987.86,272,160,1966080,283.87193023,7206,6.7116849482059475,0.14970597624778748,21100,-0.02840880543323389,96.33426666259766,0.39488118489583335,237.9283675511678,0.041722436,0.2,5e-05,0.9483917951583862
986.9,274,161,1978368,326.50891743,7206,6.715108847618103,0.14968103170394897,21110,-0.028439208805017793,52.298194885253906,0.4731852213541667,107.63698921998342,0.060719747,0.2,5e-05,0.9673910737037659
986.9,276,162,1990656,299.16089932,7205,6.720237684249878,0.149627223610878,21120,-0.03594253590660325,69.1049575805664,0.3701985677083333,156.6323475519816,0.036804643,0.2,5e-05,0.9298922419548035
988.56,277,163,2002944,240.10748195000005,7204,6.725916765133539,0.14959196746349335,21130,-0.030066741983076403,88.2486801147461,0.38359375,193.11121241251627,0.03773934,0.2,5e-05,0.9134847521781921
988.56,279,164,2015232,272.17642954999997,7202,6.723777037858963,0.14965732395648956,21140,-0.03285594168701209,76.34993743896484,0.43955078125,181.9547359307607,0.04677075,0.2,5e-05,0.9406558275222778
988.56,281,165,2027520,297.50099766000005,7200,6.721737994750341,0.14971469342708588,21150,-0.026022366547355583,58.20598220825195,0.474951171875,114.33901019096375,0.053825855,0.2,5e-05,0.959977388381958
988.56,283,166,2039808,301.9083535799999,7200,6.733046609163284,0.1494327038526535,21160,-0.030710534093668685,68.48995971679688,0.46214192708333335,128.74835370381672,0.05190459,0.2,5e-05,0.9597662687301636
987.23,285,167,2052096,308.65411549,7199,6.73870547513167,0.1495431512594223,21170,-0.02948598989266126,79.43054962158203,0.4539306640625,169.60108826955158,0.055576205,0.2,5e-05,0.9579856395721436
984.91,286,168,2064384,281.85821903,7199,6.737462532520294,0.14944136142730713,21180,-0.03126652516705993,69.67906951904297,0.4597900390625,192.01697295506796,0.054706454,0.2,5e-05,0.9566905498504639
992.62,288,169,2076672,276.90029868,7200,6.740631905198097,0.14946018159389496,21190,-0.035703665843660325,111.2677993774414,0.33806966145833334,263.07407099405924,0.03253526,0.2,5e-05,0.9382765889167786
992.62,290,170,2088960,333.9393496,7200,6.732993539174398,0.1495876908302307,21200,-0.02401240272835518,63.89773941040039,0.5326334635416666,105.67661782105763,0.07186062,0.2,5e-05,0.9660421013832092
992.62,291,171,2101248,328.36829011000003,7200,6.73042965332667,0.14958108961582184,21210,-0.03414705800241791,56.94537353515625,0.36831868489583336,143.87119320233663,0.03783828,0.2,5e-05,0.9330230355262756
992.62,293,172,2113536,325.2071264999999,7199,6.729704221089681,0.14958415925502777,21220,-0.032057071302551775,77.31773376464844,0.4231770833333333,181.8604860305786,0.05009103,0.2,5e-05,0.937798798084259
992.62,295,173,2125824,268.46875033,7198,6.730581020315488,0.14954103529453278,21230,-0.027150026715632217,117.94668579101562,0.43097330729166666,233.7558959643046,0.04547216,0.2,5e-05,0.9462531805038452
988.72,297,174,2138112,267.2493548499999,7198,6.723388709624609,0.14975003898143768,21240,-0.029269923917308916,73.87635040283203,0.4576416015625,149.31087199846903,0.054117203,0.2,5e-05,0.9569124579429626
986.93,298,175,2150400,284.2314399,7196,6.712857762972514,0.14977781474590302,21250,-0.025810167463108276,90.07601165771484,0.5183919270833334,158.04910470644634,0.0693752,0.2,5e-05,0.9511772394180298
980.43,300,176,2162688,298.16469087999997,7196,6.712581476569175,0.14982877671718597,21260,-0.03280220770878562,77.4150619506836,0.4105305989583333,161.64967398643495,0.04574843,0.2,5e-05,0.9472107887268066
973.46,302,177,2174976,354.26044372,7196,6.705762299895286,0.1498698741197586,21270,-0.03265099058820245,35.24229431152344,0.4883626302083333,89.04723708629608,0.06420649,0.2,5e-05,0.9525460004806519
973.46,303,178,2187264,221.6314283,7195,6.70315802792708,0.14991845190525055,21280,-0.03346272139654805,114.4667739868164,0.3486572265625,261.12990957895914,0.03184604,0.2,5e-05,0.9034758806228638
973.46,305,179,2199552,264.16214258,7195,6.70290020207564,0.1498899608850479,21290,-0.03296656792711777,68.43731689453125,0.37787272135416666,199.82493677139283,0.038962584,0.2,5e-05,0.9219316840171814
960.5,307,180,2211840,287.97587898999996,7195,6.7075012495120365,0.14985968172550201,21300,-0.024437697415123694,44.77421951293945,0.45619303385416665,148.3937379360199,0.060207188,0.2,5e-05,0.96048903465271
964.4,309,181,2224128,326.66543751999995,7195,6.707543845971426,0.14980079233646393,21310,-0.023237017317539237,37.87405776977539,0.5491943359375,92.9440131187439,0.06872516,0.2,5e-05,0.9705795049667358
964.4,310,182,2236416,373.66739899999993,7196,6.702285932501157,0.14992211759090424,21320,-0.026573961354248846,64.69654083251953,0.3888346354166667,165.16530745824178,0.037067857,0.2,5e-05,0.9622634053230286
980.07,312,183,2248704,383.82890803000004,7196,6.69530173142751,0.15001265704631805,21330,-0.026563792229474834,48.979820251464844,0.4927897135416667,113.10852320988973,0.06546006,0.2,5e-05,0.9647561311721802
987.04,314,184,2260992,406.71427829,7196,6.689482102791469,0.15013304352760315,21340,-0.028135510715461956,36.104618072509766,0.47906901041666666,101.36138967672984,0.062024385,0.2,5e-05,0.9683544635772705
987.04,315,185,2273280,382.86002306,7196,6.687035171190898,0.15015296638011932,21350,-0.03629328431561589,63.82573318481445,0.3802978515625,148.3098746140798,0.038967088,0.2,5e-05,0.9588911533355713
987.04,317,186,2285568,442.7209874,7196,6.6839253584543865,0.15023599565029144,21360,-0.037614854661903036,61.42401123046875,0.382421875,160.54172536532084,0.03867704,0.2,5e-05,0.9437836408615112
976.05,319,187,2297856,425.32405996,7195,6.675337688128153,0.1503543257713318,21370,-0.028636128235181482,124.03713989257812,0.42715657552083336,242.37535626093546,0.046687473,0.2,5e-05,0.9539682269096375
981.29,321,188,2310144,387.1807421699999,7195,6.673242103060087,0.15033774077892303,21380,-0.03012406835623551,43.97719955444336,0.3888427734375,98.00397137800853,0.04114834,0.2,5e-05,0.9460561275482178
981.29,322,189,2322432,330.51648424000007,7193,6.670284973581632,0.15042366087436676,21390,-0.031172832666682856,135.82693481445312,0.4581705729166667,272.60605271657306,0.056821615,0.2,5e-05,0.9382440447807312
981.29,324,190,2334720,290.04569447000006,7193,6.672706246376038,0.15024210512638092,21400,-0.031089224371438226,101.87275695800781,0.4027506510416667,218.21169856389363,0.04103973,0.2,5e-05,0.9507236480712891
981.29,326,191,2347008,240.26754341000003,7192,6.683621551593145,0.15005457401275635,21410,-0.024363307377401118,102.86672973632812,0.48824869791666664,194.8644824663798,0.056836184,0.2,5e-05,0.9507445096969604
975.76,328,192,2359296,207.60898799999995,7192,6.68789266149203,0.15002866089344025,21420,-0.03226353425488924,103.95982360839844,0.32779134114583336,234.3860808690389,0.032068208,0.2,5e-05,0.9308034181594849
975.76,329,193,2371584,248.48315428,7190,6.685706509153048,0.15002362430095673,21430,-0.03326824840720898,41.82735061645508,0.47439778645833336,103.93108649253845,0.05647685,0.2,5e-05,0.950371503829956
975.76,331,194,2383872,257.95118543,7190,6.676639671127002,0.15026049315929413,21440,-0.02748327119819199,45.07112121582031,0.50810546875,101.93953303496043,0.06926886,0.2,5e-05,0.9681693911552429
983.11,333,195,2396160,229.4093153,7190,6.668404599030812,0.15033839643001556,21450,-0.031131599754250297,75.2330322265625,0.4532063802083333,173.27115014394124,0.055641722,0.2,5e-05,0.9571300745010376
976.43,334,196,2408448,220.53556728999996,7190,6.666665485501289,0.15035943686962128,21460,-0.033833497874244736,48.56719970703125,0.454248046875,138.04658341407776,0.05299139,0.2,5e-05,0.9456803798675537
976.43,336,197,2420736,207.17044456999997,7190,6.662843684355418,0.15049749612808228,21470,-0.034556641883197396,57.86933517456055,0.4321695963541667,153.5661522547404,0.05225123,0.2,5e-05,0.9341459274291992
971.17,338,198,2433024,152.14110128000002,7190,6.659863958756129,0.15050774812698364,21480,-0.03371591301402077,103.36691284179688,0.3750081380208333,238.0791448911031,0.04043136,0.2,5e-05,0.9243512749671936
971.17,340,199,2445312,166.72398281000002,7190,6.6550206730763115,0.15056176483631134,21490,-0.02888270382148524,115.39234161376953,0.420703125,245.34309441248575,0.04948513,0.2,5e-05,0.9305337071418762
976.7,341,200,2457600,148.37804795000002,7190,6.653652593493462,0.1504831612110138,21500,-0.03775132465137479,71.25130462646484,0.37908528645833334,206.93884131113688,0.040283337,0.2,5e-05,0.9410799741744995
971.78,343,201,2469888,119.60808217000002,7190,6.654890675346056,0.15051332116127014,21510,-0.033963747646582006,71.49412536621094,0.4125569661458333,167.22222746213276,0.042467635,0.2,5e-05,0.9403454661369324
970.99,345,202,2482176,79.77258103,7190,6.652258587876956,0.15053200721740723,21520,-0.030559412479245415,110.25691986083984,0.46075846354166666,215.66571858723958,0.057876155,0.2,5e-05,0.9519951343536377
974.63,347,203,2494464,105.09794287999999,7188,6.649138995011648,0.1505480855703354,21530,-0.030719323149727036,122.17552185058594,0.48329264322916665,252.58624114990235,0.06547663,0.2,5e-05,0.9521225690841675
980.86,348,204,2506752,102.33935307,7187,6.657970551649729,0.15038783848285675,21540,-0.034570047325784496,103.16651916503906,0.4087727864583333,218.20772210756937,0.041256476,0.2,5e-05,0.955441951751709
981.96,350,205,2519040,162.19852719,7187,6.664711825052897,0.1503850668668747,21550,-0.03237217241257895,53.26620101928711,0.3116861979166667,148.42699678738913,0.028796745,0.2,5e-05,0.949592113494873
987.22,352,206,2531328,205.06988383999996,7187,6.663304020961125,0.15039286017417908,21560,-0.03197994194245742,75.87979125976562,0.41814778645833334,175.24150522549948,0.044800803,0.2,5e-05,0.9368997812271118
987.22,353,207,2543616,259.34730973999996,7188,6.654924101630846,0.15051983296871185,21570,-0.03226976698157766,114.31099700927734,0.4633056640625,226.16698500315348,0.049454335,0.2,5e-05,0.9546763896942139
977.92,355,208,2555904,237.90654310999997,7188,6.6623900155226385,0.15018807351589203,21580,-0.021407033792153623,49.800174713134766,0.5585856119791667,103.73205788930257,0.077024154,0.2,5e-05,0.9650115370750427
979.5,357,209,2568192,229.99066989,7187,6.670772481958071,0.15021853148937225,21590,-0.03627044707779229,120.70601654052734,0.3847412109375,233.4810941060384,0.03601687,0.2,5e-05,0.9374366998672485
979.31,359,210,2580480,258.48104828000004,7186,6.663893929123878,0.15033270418643951,21600,-0.030084396366146394,72.90477752685547,0.4524739583333333,160.6438196182251,0.062330514,0.2,5e-05,0.9537909626960754
978.16,360,211,2592768,271.87277908,7186,6.659211715062459,0.1503295749425888,21610,-0.03913600452748748,63.070098876953125,0.4311604817708333,172.19725507100424,0.05032138,0.2,5e-05,0.9379450678825378
978.16,362,212,2605056,297.08509483,7186,6.663939435283343,0.15026988089084625,21620,-0.03623860041358663,105.63880157470703,0.30646158854166666,233.3253989537557,0.027568037,0.2,5e-05,0.931010365486145
980.46,364,213,2617344,316.32001664,7186,6.664752752582232,0.15031011402606964,21630,-0.015996246776194312,31.50042724609375,0.5505940755208333,67.96639449596405,0.06672611,0.2,5e-05,0.9618415236473083
972.81,365,214,2629632,341.38505619000006,7186,6.670268050829569,0.15022988617420197,21640,-0.02459247535734903,42.614009857177734,0.4447509765625,129.72749474843343,0.06298166,0.2,5e-05,0.9609737992286682
969.53,367,215,2641920,306.50294406999996,7186,6.674515611926714,0.1502288430929184,21650,-0.03580434102089688,82.88168334960938,0.3920166015625,161.5412972768148,0.042784717,0.2,5e-05,0.9629231691360474
978.83,369,216,2654208,301.79712753999996,7185,6.6760540107886,0.15021489560604095,21660,-0.03429977466682128,135.75537109375,0.36807454427083336,261.80586471557615,0.037045103,0.2,5e-05,0.9200941920280457
982.17,371,217,2666496,249.92559949999998,7186,6.672994411985079,0.15029972791671753,21670,-0.03520564065741685,99.99482727050781,0.42227376302083336,205.9444600423177,0.044338018,0.2,5e-05,0.9281812310218811
983.15,372,218,2678784,298.1287547,7185,6.6653924763202665,0.15029041469097137,21680,-0.03169762850108479,61.21693801879883,0.4867757161458333,141.09063644409179,0.06267281,0.2,5e-05,0.952255368232727
984.3,374,219,2691072,244.47747700000002,7185,6.669557078679403,0.15023379027843475,21690,-0.03033875334270609,116.79736328125,0.4322998046875,250.88214473724366,0.04472829,0.2,5e-05,0.9311400055885315
980.1,376,220,2703360,276.83431994,7185,6.6716823528210325,0.1502159833908081,21700,-0.025864807381973758,65.60233306884766,0.5170084635416666,134.2625645160675,0.07509144,0.2,5e-05,0.9506816864013672
980.95,377,221,2715648,250.01526889000002,7184,6.663935288786888,0.15022166073322296,21710,-0.02624556816930029,24.010648727416992,0.47181803385416665,64.80201036930085,0.050953764,0.2,5e-05,0.9327735900878906
980.94,379,222,2727936,264.73175419,7184,6.658773683508238,0.15032464265823364,21720,-0.02926740873469195,62.680320739746094,0.43490397135416664,158.3376935640971,0.05566712,0.2,5e-05,0.954820454120636
988.26,381,223,2740224,208.18528769999998,7184,6.651720860600472,0.15039080381393433,21730,-0.032777016462447746,82.09513854980469,0.4551595052083333,179.42452669143677,0.050228987,0.2,5e-05,0.9585126638412476
988.26,383,224,2752512,254.9992343,7184,6.650160427888235,0.1503671407699585,21740,-0.03371454711499003,92.1122817993164,0.42747395833333335,216.42604379653932,0.048644338,0.2,5e-05,0.9396116733551025
988.26,384,225,2764800,271.98876918,7184,6.651382528742155,0.15035070478916168,21750,-0.031996277423847155,118.05052185058594,0.40555013020833336,208.55301237106323,0.043756742,0.2,5e-05,0.9454332590103149
988.26,386,226,2777088,281.30291074,7184,6.654676218827565,0.15030498802661896,21760,-0.033113259296321,94.13206481933594,0.4220784505208333,220.08733313878378,0.047583237,0.2,5e-05,0.9520882964134216
965.84,388,227,2789376,234.51909483,7184,6.65528147717317,0.1504032164812088,21770,-0.031906553861335854,105.76121520996094,0.46578776041666664,235.95396073659262,0.05431344,0.2,5e-05,0.9519498944282532
970.04,389,228,2801664,210.53275266999998,7185,6.651125213503837,0.15047983825206757,21780,-0.031498759711394084,103.3718490600586,0.44736328125,218.58823636372884,0.05131881,0.2,5e-05,0.9603978991508484
962.69,391,229,2813952,201.16386132999997,7184,6.653028873602549,0.15042178332805634,21790,-0.027447657761755787,56.759666442871094,0.4685302734375,110.93305328687032,0.058969095,0.2,5e-05,0.9497568607330322
962.69,393,230,2826240,183.25463578000003,7184,6.660025689005852,0.15039800107479095,21800,-0.033742006675068596,124.36162567138672,0.3946126302083333,215.77894169489542,0.039092317,0.2,5e-05,0.9419441819190979
961.17,395,231,2838528,236.78892980999998,7184,6.6633928974469505,0.15033362805843353,21810,-0.030403128392451132,70.84744262695312,0.4136149088541667,142.4551971435547,0.04274507,0.2,5e-05,0.9530954957008362
961.17,396,232,2850816,272.45115237000005,7185,6.661350921789805,0.15045537054538727,21820,-0.02473648755500714,58.25931930541992,0.5091715494791667,136.21665471394857,0.064262666,0.2,5e-05,0.9590062499046326
961.17,398,233,2863104,250.93460245999998,7184,6.660208331545194,0.15041930973529816,21830,-0.035931500571314244,141.95816040039062,0.3448079427083333,250.8254455248515,0.032894123,0.2,5e-05,0.9381933808326721
967.43,400,234,2875392,261.36451518,7184,6.656656608978907,0.1504201740026474,21840,-0.028629637263171994,37.818363189697266,0.5222900390625,99.36753175258636,0.06417006,0.2,5e-05,0.9597896933555603
977.48,401,235,2887680,295.43950002,7184,6.659860320885977,0.15032567083835602,21850,-0.03139087498760394,84.73116302490234,0.45010579427083336,176.88901998202007,0.05006969,0.2,5e-05,0.9600716829299927
968.94,403,236,2899968,276.74461924,7184,6.66296061873436,0.15033499896526337,21860,-0.03483449569660782,128.1119842529297,0.41338704427083334,302.36544574101765,0.043515343,0.2,5e-05,0.9477429986000061
980.66,405,237,2912256,286.92517003,7183,6.66044965883096,0.15039294958114624,21870,-0.03146647366811521,57.7981071472168,0.43134765625,138.18014686902364,0.056409705,0.2,5e-05,0.9565988779067993
971.86,407,238,2924544,300.40289083,7183,6.66163704196612,0.15030603110790253,21880,-0.030735490153892896,67.12738037109375,0.4439615885416667,138.23227597872418,0.049333107,0.2,5e-05,0.9546344876289368
968.87,408,239,2936832,285.71343168,7182,6.668679211537043,0.15027858316898346,21890,-0.03412020824519762,63.56904602050781,0.45249837239583335,167.33094193140667,0.050748587,0.2,5e-05,0.9209507703781128
968.87,410,240,2949120,311.2217395799999,7182,6.670639900366465,0.15028709173202515,21900,-0.02698904938539878,48.51577377319336,0.47654622395833335,101.0813383102417,0.05740602,0.2,5e-05,0.954379141330719
968.87,412,241,2961408,273.00210803000004,7182,6.671286649505297,0.15030215680599213,21910,-0.033437660692531304,109.51387023925781,0.3850179036458333,262.2477139790853,0.038082145,0.2,5e-05,0.9414922595024109
968.73,413,242,2973696,299.32492101,7182,6.672172341744105,0.15026067197322845,21920,-0.032596880769900353,80.61095428466797,0.42583821614583334,183.0298717657725,0.047513355,0.2,5e-05,0.9476999640464783
965.76,415,243,2985984,257.06848367000003,7182,6.6748180796702705,0.1501842886209488,21930,-0.032440048394103846,75.8244400024414,0.40484212239583334,177.34691247940063,0.042794317,0.2,5e-05,0.9436259865760803
974.3,417,244,2998272,317.30694516999995,7182,6.6716479440530145,0.1502326875925064,21940,-0.02947776345342087,74.99249267578125,0.482861328125,168.15596540768942,0.05743729,0.2,5e-05,0.9540764093399048
974.3,419,245,3010560,331.46764445,7181,6.6570275594790775,0.15032923221588135,21950,-0.017902908010485892,22.65138053894043,0.5949869791666667,53.5674707253774,0.09301609,0.2,5e-05,0.9737821221351624
979.23,420,246,3022848,327.44910856999996,7181,6.652947859962781,0.15032197535037994,21960,-0.03251719052010837,96.76333618164062,0.4691080729166667,192.96790486971537,0.055927664,0.2,5e-05,0.9583795070648193
982.22,422,247,3035136,323.01828874,7181,6.651703153053919,0.15037697553634644,21970,-0.035453912269925544,57.41136169433594,0.34854329427083336,143.95926392873127,0.035756964,0.2,5e-05,0.9491307139396667
982.22,424,248,3047424,358.16030367999997,7181,6.649869671463966,0.1503930538892746,21980,-0.03411504536731324,62.994178771972656,0.41891276041666664,130.29520543416342,0.05293141,0.2,5e-05,0.9469161033630371
982.22,426,249,3059712,336.56287370999996,7181,6.650504805644354,0.15039114654064178,21990,-0.03102446904813405,74.46449279785156,0.43902180989583334,194.15080083211262,0.049229573,0.2,5e-05,0.9290428161621094
982.36,427,250,3072000,349.22417164000007,7181,6.648634617527326,0.15037356317043304,22000,-0.032671098114224154,73.43144226074219,0.37810872395833334,178.32898422876994,0.03881271,0.2,5e-05,0.9286208748817444
991.44,429,251,3084288,380.5665336099999,7181,6.650204801559449,0.1503225564956665,22010,-0.03291105382425788,56.339324951171875,0.35006510416666664,112.61020971934,0.03769454,0.2,5e-05,0.9490934610366821
991.44,431,252,3096576,312.77630352,7181,6.64727518260479,0.15039785206317902,22020,-0.031417745186869676,85.5009765625,0.4770426432291667,164.12829275131224,0.062330734,0.2,5e-05,0.9421944618225098
991.44,432,253,3108864,315.03248687,7182,6.6494367281595865,0.15024878084659576,22030,-0.03086163935950026,65.30968475341797,0.49417317708333336,168.80892078081766,0.061216187,0.2,5e-05,0.9584482908248901
997.66,434,254,3121152,310.74574691000004,7182,6.652995068828265,0.15024065971374512,22040,-0.03302631137097099,54.43431091308594,0.48232421875,125.6266605536143,0.05760329,0.2,5e-05,0.9585841298103333
1000.0,436,255,3133440,362.20561648,7182,6.653864056865374,0.15031646192073822,22050,-0.03516433488694019,75.73833465576172,0.3563720703125,153.75298913319907,0.037819047,0.2,5e-05,0.9432606101036072
1000.0,437,256,3145728,316.76295172000005,7182,6.649486941099167,0.15040956437587738,22060,-0.029176225269717786,75.45536041259766,0.4901204427083333,145.65502978960674,0.059906576,0.2,5e-05,0.9480150938034058
1000.0,439,257,3158016,399.20396573000005,7182,6.628867712616921,0.15082482993602753,22070,-0.018350426286148528,36.99247741699219,0.57939453125,94.56876808802286,0.09633843,0.2,5e-05,0.9589636325836182
1000.0,441,258,3170304,408.64935338000004,7182,6.614869164427121,0.1508232206106186,22080,-0.03208197365602246,80.84439086914062,0.4085611979166667,173.54400998751322,0.04261038,0.2,5e-05,0.9618432521820068
991.57,443,259,3182592,379.7834828699999,7182,6.614714452624321,0.15074922144412994,22090,-0.0331902737680745,29.93718910217285,0.42958170572916665,64.24239486455917,0.05207907,0.2,5e-05,0.9698314070701599
991.57,444,260,3194880,442.86983417999994,7183,6.618315145373344,0.15067310631275177,22100,-0.029373713235448424,79.91443634033203,0.41908365885416665,161.16585644086203,0.0524144,0.2,5e-05,0.9525798559188843
991.57,446,261,3207168,408.25066099000003,7183,6.618997832139333,0.15069128572940826,22110,-0.035807050380390136,61.44068145751953,0.39227701822916666,119.62901155153911,0.042429894,0.2,5e-05,0.963076114654541
980.39,448,262,3219456,411.3317552799999,7183,6.623725940783818,0.15054410696029663,22120,-0.02871690002308848,82.2451400756836,0.46710611979166666,209.40249751408894,0.05476458,0.2,5e-05,0.9580718278884888
980.39,449,263,3231744,348.74237254,7183,6.630142272512118,0.150441974401474,22130,-0.03373382769010883,82.19586181640625,0.4157958984375,190.3966839472453,0.043924242,0.2,5e-05,0.963024377822876
978.64,451,264,3244032,352.45838739,7184,6.6240472813447315,0.15063369274139404,22140,-0.027846812893403693,99.1471939086914,0.46714680989583335,221.19044891993204,0.05178484,0.2,5e-05,0.9503659605979919
972.69,453,265,3256320,395.32718676999997,7184,6.611586198210716,0.1507759839296341,22150,-0.03317917992123209,43.004947662353516,0.439404296875,89.50925794442495,0.05053876,0.2,5e-05,0.9708981513977051
968.12,454,266,3268608,300.04960144000006,7184,6.605592356125514,0.15083818137645721,22160,-0.03446911930417021,100.19760131835938,0.40484212239583334,205.62098512649536,0.044733558,0.2,5e-05,0.9518475532531738
968.17,456,267,3280896,258.53730947,7184,6.60400498509407,0.15085150301456451,22170,-0.03337690640813283,88.4561767578125,0.4337158203125,197.9594050725301,0.044775963,0.2,5e-05,0.9412692785263062
963.22,458,268,3293184,235.44237689000002,7184,6.60330740014712,0.15085935592651367,22180,-0.032278307011195766,82.74200439453125,0.43911946614583336,170.26252409617106,0.051818985,0.2,5e-05,0.9317725896835327
969.02,460,269,3305472,242.0183201,7184,6.6039052426815035,0.15085218846797943,22190,-0.03477039629021116,52.649375915527344,0.38330078125,156.77031774520873,0.04206523,0.2,5e-05,0.948563814163208
974.4,461,270,3317760,268.36992401,7184,6.601329930623373,0.15095281600952148,22200,-0.030281400997773746,76.21224212646484,0.4992757161458333,144.26457562446595,0.06373862,0.2,5e-05,0.9452529549598694
976.15,463,271,3330048,248.77357377,7185,6.6013706962267555,0.15087063610553741,22210,-0.031544325201927376,109.88260650634766,0.3884358723958333,195.81172711054484,0.039820317,0.2,5e-05,0.9383689761161804
976.15,465,272,3342336,255.76739915000002,7185,6.601312969128291,0.1510065793991089,22220,-0.03424728114284032,91.349853515625,0.3724853515625,220.01715370814006,0.038114257,0.2,5e-05,0.9428667426109314
978.79,466,273,3354624,219.86647556999998,7185,6.599365319808324,0.15098294615745544,22230,-0.03190681435225997,109.28919982910156,0.4277587890625,227.5241408030192,0.043926712,0.2,5e-05,0.9565865397453308
981.73,468,274,3366912,227.00726570999998,7186,6.602704046169917,0.1509774923324585,22240,-0.03047383703524247,55.23948669433594,0.493701171875,131.12304091453552,0.059747215,0.2,5e-05,0.9585437178611755
990.11,470,275,3379200,243.94173498000004,7185,6.610850228865941,0.15089549124240875,22250,-0.03236838024361835,78.11034393310547,0.44061686197916666,175.31240825653077,0.04614049,0.2,5e-05,0.9516679644584656
987.66,471,276,3391488,246.03316136,7185,6.609327176213265,0.15104030072689056,22260,-0.030831823643529786,118.15607452392578,0.41978352864583335,227.47171646753947,0.042820964,0.2,5e-05,0.9467743039131165
987.66,473,277,3403776,225.62840291,7185,6.606577073534329,0.15091414749622345,22270,-0.03299007596700297,74.74158477783203,0.4423828125,170.38828547795615,0.048632648,0.2,5e-05,0.9474131464958191
987.66,475,278,3416064,232.70090722,7185,6.611057925224304,0.15088951587677002,22280,-0.037202823453117165,106.71707916259766,0.3896077473958333,229.78391421635945,0.0408229,0.2,5e-05,0.9278666377067566
987.66,477,279,3428352,246.23577921,7185,6.612761523326238,0.15080782771110535,22290,-0.02708201691566501,83.21192932128906,0.5333577473958333,157.27765878041586,0.06229374,0.2,5e-05,0.9573535323143005
985.16,478,280,3440640,222.72208348000004,7183,6.6185367673635485,0.15072780847549438,22300,-0.02995978165223884,94.48939514160156,0.4542724609375,174.13683088620505,0.048517536,0.2,5e-05,0.9410626888275146
985.16,480,281,3452928,187.35071825,7183,6.616658631960551,0.15078194439411163,22310,-0.030213155438832472,103.71829986572266,0.42356770833333335,242.12130219141642,0.047134276,0.2,5e-05,0.9390519857406616
965.03,482,282,3465216,179.94922396000004,7184,6.61609424451987,0.15065787732601166,22320,-0.031190409062158628,50.608028411865234,0.4270426432291667,135.38053428332012,0.048514336,0.2,5e-05,0.9574087262153625
952.17,484,283,3477504,236.26608414999998,7184,6.619153934717178,0.1506446748971939,22330,-0.03195080583682284,66.24897003173828,0.4125569661458333,170.3211476802826,0.04779902,0.2,5e-05,0.9532290697097778
954.2,485,284,3489792,197.51055172,7183,6.617462518811226,0.1506490260362625,22340,-0.028085034188309994,82.45909118652344,0.4899820963541667,169.4527234395345,0.06214163,0.2,5e-05,0.9476759433746338
949.68,487,285,3502080,227.73928177000002,7184,6.617773799101512,0.15059566497802734,22350,-0.031073677232294965,82.32723999023438,0.415966796875,184.34289490381877,0.044105876,0.2,5e-05,0.9363493323326111
949.68,489,286,3514368,185.21881882999998,7184,6.625334966182709,0.1504213809967041,22360,-0.03601960935532891,103.38944244384766,0.3557861328125,237.54316142400106,0.034374088,0.2,5e-05,0.9460590481758118
949.68,490,287,3526656,263.39739016999994,7184,6.632425305247307,0.15035735070705414,22370,-0.03094166337250499,99.13729095458984,0.48582356770833335,176.9614661216736,0.06260037,0.2,5e-05,0.9581855535507202
939.69,492,288,3538944,279.47201549999994,7184,6.625144585967064,0.15054038166999817,22380,-0.02579030864435481,61.547584533691406,0.510205078125,131.1915273507436,0.0638283,0.2,5e-05,0.9603793621063232
939.69,494,289,3551232,282.6853568199999,7184,6.624582483371099,0.1505352109670639,22390,-0.031472728856412384,67.10034942626953,0.4517008463541667,149.94030475616455,0.05777754,0.2,5e-05,0.9466455578804016
961.99,495,290,3563520,254.21988757,7184,6.625017051895459,0.15064550936222076,22400,-0.030651331930130254,128.65159606933594,0.4225992838541667,252.2446270306905,0.04842939,0.2,5e-05,0.9364619851112366
972.06,497,291,3575808,248.69565599999999,7184,6.617865135272344,0.15069152414798737,22410,-0.03730770249191361,74.16651153564453,0.4311930338541667,196.5333632151286,0.049836855,0.2,5e-05,0.9474216103553772
980.92,499,292,3588096,242.93468401,7185,6.613669111331304,0.15066374838352203,22420,-0.032726737436799644,109.86605834960938,0.36578776041666666,243.63948844273884,0.04032959,0.2,5e-05,0.9360131621360779
966.98,501,293,3600384,262.89020180999995,7185,6.606767335534096,0.15079675614833832,22430,-0.03202431352547137,82.48148345947266,0.41066080729166665,200.4070464928945,0.045872707,0.2,5e-05,0.9620937705039978
966.98,502,294,3612672,321.17981226,7185,6.598299888769786,0.1509002447128296,22440,-0.03125863002981835,66.99291229248047,0.40452473958333335,151.49368789990743,0.039953917,0.2,5e-05,0.9376088976860046
958.08,504,295,3624960,288.61410973999995,7185,6.600215540329615,0.15078066289424896,22450,-0.027482948312535883,37.73917770385742,0.47232259114583336,121.48864935239156,0.05558728,0.2,5e-05,0.9608124494552612
970.57,506,296,3637248,299.30946042,7185,6.601996248960495,0.15080241858959198,22460,-0.030783181560885473,56.78797149658203,0.4112141927083333,144.76702737808228,0.04435261,0.2,5e-05,0.9471497535705566
970.57,507,297,3649536,307.1321851,7185,6.585819162925085,0.15113382041454315,22470,-0.029880620320424593,63.27598190307617,0.51669921875,154.3548619111379,0.0644557,0.2,5e-05,0.9460387229919434
973.34,509,298,3661824,332.7375907,7185,6.577760262290637,0.15112194418907166,22480,-0.0324278391621192,117.11461639404297,0.4541015625,212.4635624885559,0.055720896,0.2,5e-05,0.9474833011627197
976.13,511,299,3674112,293.15629164999996,7185,6.582349509000778,0.15107126533985138,22490,-0.029108303193546212,57.69097137451172,0.40377604166666664,153.1997752984365,0.04128867,0.2,5e-05,0.9282805323600769
977.16,513,300,3686400,280.59174323,7185,6.5824447254339855,0.15108704566955566,22500,-0.03860464710839248,121.41854858398438,0.3190104166666667,281.6665838241577,0.029158512,0.2,5e-05,0.9309816360473633
984.97,514,301,3698688,261.3571350099999,7185,6.5862863252560295,0.15099799633026123,22510,-0.02577648072037846,90.7976303100586,0.5292805989583333,201.58529192606608,0.075302854,0.2,5e-05,0.9480917453765869
981.88,516,302,3710976,265.5808653,7185,6.584194079041481,0.15111637115478516,22520,-0.025064435046806464,72.29985046386719,0.5242838541666667,173.8866532166799,0.06918615,0.2,5e-05,0.9530995488166809
976.19,518,303,3723264,275.25660186,7185,6.582381933927536,0.15107963979244232,22530,-0.029039786482462658,38.30039978027344,0.42010091145833334,82.85196215311686,0.044651914,0.2,5e-05,0.9593219757080078
967.17,519,304,3735552,251.73838186,7185,6.582577063639959,0.1511385440826416,22540,-0.0343366459972458,128.58807373046875,0.3681233723958333,239.68116518656413,0.036730103,0.2,5e-05,0.9336770176887512
967.17,521,305,3747840,263.28072732,7185,6.583974829316139,0.15106062591075897,22550,-0.035140085829577096,83.82882690429688,0.38841145833333335,205.16519231796264,0.041438483,0.2,5e-05,0.9461027383804321
967.17,523,306,3760128,256.91697589999995,7186,6.574260050058365,0.15126362442970276,22560,-0.0292055759850579,53.9196891784668,0.5073323567708333,139.18059283892313,0.057988793,0.2,5e-05,0.9582221508026123
967.17,524,307,3772416,310.80704879,7186,6.5659555196762085,0.15144073963165283,22570,-0.03830852729345982,59.428199768066406,0.39305013020833335,159.57390966415406,0.041515943,0.2,5e-05,0.9392189383506775
961.59,526,308,3784704,316.67661301000004,7186,6.565233210722606,0.15133745968341827,22580,-0.02744729910530926,112.39595794677734,0.479248046875,182.22867449124655,0.06544908,0.2,5e-05,0.9573540091514587
961.57,528,309,3796992,338.18946036,7186,6.560541532437006,0.15153522789478302,22590,-0.03155814557831036,51.114601135253906,0.49163411458333334,132.5850017706553,0.057582572,0.2,5e-05,0.9465450048446655
973.91,530,310,3809280,321.49149007000005,7185,6.559751360615095,0.15146702527999878,22600,-0.031079825471776228,57.074893951416016,0.3423665364583333,147.88263724644978,0.031711854,0.2,5e-05,0.9355032444000244
978.87,531,311,3821568,349.87789035000003,7186,6.5630875647068025,0.15143108367919922,22610,-0.0337554018299367,106.2557144165039,0.3525634765625,189.5417547384898,0.03741237,0.2,5e-05,0.9424500465393066
987.89,533,312,3833856,368.86041402999996,7186,6.565052380164464,0.1513666957616806,22620,-0.03155692033469677,25.029279708862305,0.4268391927083333,69.50228651364644,0.052460838,0.2,5e-05,0.9670290946960449
987.89,535,313,3846144,374.5502161999999,7186,6.566765600442887,0.1514388471841812,22630,-0.029530302644222198,43.690582275390625,0.4429850260416667,123.22599088350931,0.05486365,0.2,5e-05,0.9497065544128418
984.44,536,314,3858432,364.6573313500001,7186,6.560581780473391,0.15154339373111725,22640,-0.028428849344102978,97.90167999267578,0.43776041666666665,189.079226175944,0.047432348,0.2,5e-05,0.9531151056289673
984.44,538,315,3870720,341.50931767000003,7185,6.561952735980352,0.15146376192569733,22650,-0.03601612995456283,74.45913696289062,0.34506022135416664,177.12920479774476,0.036768433,0.2,5e-05,0.9431391954421997
990.02,540,316,3883008,374.41560505,7186,6.5626317948102955,0.15143178403377533,22660,-0.029415185627294706,72.9049301147461,0.5421630859375,191.49395645459492,0.076761395,0.2,5e-05,0.9557463526725769
996.17,542,317,3895296,382.14689993,7186,6.569637062152227,0.15133003890514374,22670,-0.03582438041727679,87.7039566040039,0.4097900390625,193.17218386332195,0.04408759,0.2,5e-05,0.945368766784668
996.17,543,318,3907584,356.9493566999999,7186,6.575351283947627,0.1512768715620041,22680,-0.034504802445007955,82.54449462890625,0.47281087239583336,163.65017175674438,0.058804955,0.2,5e-05,0.9549161791801453
996.55,545,319,3919872,380.7560196299999,7186,6.575477839509646,0.15131695568561554,22690,-0.026594300688399623,25.480716705322266,0.5171875,76.36074801286061,0.06933249,0.2,5e-05,0.965362012386322
980.0,547,320,3932160,361.42002973999996,7186,6.570545007785161,0.15140105783939362,22700,-0.032827852471382354,67.33936309814453,0.486474609375,125.78021132151285,0.05590531,0.2,5e-05,0.9503337144851685
974.81,548,321,3944448,379.10297672,7186,6.567341397205989,0.1514054536819458,22710,-0.028522996142176755,45.63441848754883,0.5051595052083333,101.45582730770111,0.06562183,0.2,5e-05,0.9165548086166382
970.92,550,322,3956736,373.07267395,7187,6.570700896779696,0.15139873325824738,22720,-0.035272280206845606,63.03697204589844,0.3288818359375,171.92081092198688,0.032617506,0.2,5e-05,0.9211770296096802
970.92,552,323,3969024,401.53329880000007,7187,6.576885954538981,0.15117816627025604,22730,-0.034925835783360525,53.99147415161133,0.4693522135416667,145.7053816318512,0.062003214,0.2,5e-05,0.9490604996681213
970.92,553,324,3981312,368.57848860000007,7187,6.5825715670983,0.1512252390384674,22740,-0.034127678086709544,109.31193542480469,0.3589111328125,235.4796213467916,0.03498508,0.2,5e-05,0.9064781069755554
970.92,555,325,3993600,376.91898739000004,7187,6.578195908665657,0.15127606689929962,22750,-0.03940229109527233,84.50799560546875,0.42400716145833334,183.5467077255249,0.045746993,0.2,5e-05,0.9276526570320129
970.92,557,326,4005888,311.14305649,7186,6.575668226679166,0.15125076472759247,22760,-0.03315386387160591,62.4931526184082,0.4923828125,128.91203398704528,0.05572943,0.2,5e-05,0.9310448169708252
954.15,559,327,4018176,311.39114988,7187,6.579084180792173,0.15116630494594574,22770,-0.03611263553708947,96.55308532714844,0.4521402994791667,185.82655495007833,0.049161583,0.2,5e-05,0.9480714201927185
963.22,560,328,4030464,239.18764145000006,7187,6.5772582660118735,0.15125352144241333,22780,-0.036762598787026944,97.11743927001953,0.393994140625,211.5098693529765,0.04039746,0.2,5e-05,0.9443193078041077
960.52,562,329,4042752,212.69517385,7187,6.570323125521342,0.15129075944423676,22790,-0.03471241993926621,132.85682678222656,0.38916015625,262.5570072491964,0.037927356,0.2,5e-05,0.9187060594558716
962.79,564,330,4055040,215.11556728,7187,6.5643219411373135,0.1514042615890503,22800,-0.036244797569816,56.66733169555664,0.4502360026041667,168.1230668703715,0.053661574,0.2,5e-05,0.9337552785873413
958.97,565,331,4067328,217.49279244000002,7187,6.566012391448021,0.15127314627170563,22810,-0.027203787860344164,54.69813537597656,0.499658203125,123.74139669736226,0.066791214,0.2,5e-05,0.9591615796089172
958.97,567,332,4079616,263.6521687,7187,6.5761555900176365,0.15117579698562622,22820,-0.030490234995280238,86.49519348144531,0.4119791666666667,192.7728240807851,0.050171375,0.2,5e-05,0.9238165616989136
958.97,569,333,4091904,209.90449705,7186,6.571840218702952,0.15141840279102325,22830,-0.02925138549908297,95.6512680053711,0.4974609375,179.53381187121073,0.06123678,0.2,5e-05,0.9271467328071594
958.02,571,334,4104192,218.61049796,7187,6.563744942347209,0.15149636566638947,22840,-0.033293025827151726,41.266788482666016,0.4831136067708333,118.49654898643493,0.059529293,0.2,5e-05,0.9218650460243225
971.07,572,335,4116480,259.54267239,7187,6.5637217650810875,0.1514785885810852,22850,-0.034852362782112324,34.6127815246582,0.39020182291666666,103.17064166069031,0.050822634,0.2,5e-05,0.9368882179260254
972.71,574,336,4128768,357.11020148000006,7187,6.562764872113863,0.1515856236219406,22860,-0.027731963627350826,80.00192260742188,0.4625732421875,157.19331285158793,0.05809188,0.2,5e-05,0.952921986579895
967.78,576,337,4141056,407.08508026,7187,6.5645064324140545,0.15151412785053253,22870,-0.03750583520935227,26.015886306762695,0.4429931640625,48.643161125977834,0.051265914,0.2,5e-05,0.9605194926261902
965.74,577,338,4153344,345.65583747000005,7188,6.576658903559049,0.15135999023914337,22880,-0.027343897739774546,40.35467529296875,0.48983561197916664,93.5301829735438,0.059887934,0.2,5e-05,0.9466084241867065
956.74,579,339,4165632,337.24991026000004,7187,6.583774520953496,0.15127797424793243,22890,-0.036988468772809334,124.06060028076172,0.400927734375,258.8721344947815,0.041651137,0.2,5e-05,0.9188944101333618
956.74,581,340,4177920,346.6233052,7188,6.586946511268616,0.15128500759601593,22900,-0.03150996437567907,97.33289337158203,0.49065755208333334,161.592281293869,0.06399757,0.2,5e-05,0.952053427696228
950.33,582,341,4190208,387.13675938999995,7188,6.585961074630419,0.15128637850284576,22910,-0.03464519848736624,49.0261116027832,0.433984375,106.65915669600169,0.047851082,0.2,5e-05,0.964586615562439
955.0,584,342,4202496,374.00556263,7188,6.5876452177762985,0.1512332409620285,22920,-0.029104756578453815,56.19156265258789,0.43326009114583336,140.56623808542886,0.053332556,0.2,5e-05,0.9595591425895691
955.0,586,343,4214784,362.71492829000005,7188,6.585362418492635,0.15126590430736542,22930,-0.03702391835152715,35.8991813659668,0.41259765625,86.53732359409332,0.041710198,0.2,5e-05,0.9490811228752136
960.84,588,344,4227072,307.10837656,7187,6.581341150403023,0.15126968920230865,22940,-0.03615055112459231,96.73197937011719,0.42281901041666664,167.95583686828613,0.04660787,0.2,5e-05,0.9409953951835632
968.66,589,345,4239360,311.64956919,7187,6.586841407418251,0.15110661089420319,22950,-0.02906043320496489,28.449291229248047,0.5140055338541667,76.57812644640605,0.061920602,0.2,5e-05,0.9550458788871765
968.66,591,346,4251648,364.95762768000003,7186,6.584087136387825,0.1512354463338852,22960,-0.02629379282540564,30.211162567138672,0.5367268880208333,70.91667477289836,0.08103482,0.2,5e-05,0.9502707123756409
973.56,593,347,4263936,396.42259455000004,7187,6.5823203394810355,0.15109363198280334,22970,-0.03534177618178849,63.235816955566406,0.42783203125,131.9839422225952,0.045199096,0.2,5e-05,0.9326342940330505
969.39,594,348,4276224,352.42055482,7187,6.594052760799726,0.15097178518772125,22980,-0.03624208584660664,58.356300354003906,0.43583984375,140.4095944404602,0.05080822,0.2,5e-05,0.9498715400695801
975.8,596,349,4288512,358.65865561000004,7187,6.603714509805044,0.15085653960704803,22990,-0.03627606083949407,63.170326232910156,0.401171875,147.18699485460917,0.045525435,0.2,5e-05,0.9291540384292603
975.8,598,350,4300800,319.12189819,7186,6.611063708861669,0.15074314177036285,23000,-0.03621004111337243,64.70870208740234,0.42593587239583336,139.86298356056213,0.04442479,0.2,5e-05,0.933753252029419
968.15,600,351,4313088,335.97143990000006,7187,6.6158982445796335,0.1507277935743332,23010,-0.03711867716143994,63.65980529785156,0.42693684895833334,193.10866974194843,0.0458996,0.2,5e-05,0.9248417019844055
968.15,601,352,4325376,308.13468141,7187,6.621736470858256,0.1506224274635315,23020,-0.030069305878714658,65.03169250488281,0.4447835286458333,132.48887942632038,0.050820023,0.2,5e-05,0.9409022927284241
977.53,603,353,4337664,257.3501383700001,7187,6.621720564365387,0.15069739520549774,23030,-0.032912154184790175,65.73194885253906,0.44890950520833334,171.24611535072327,0.05607465,0.2,5e-05,0.9364984035491943
977.53,605,354,4349952,323.75603427000004,7187,6.618575863043467,0.1506100445985794,23040,-0.039431915064536346,69.89714050292969,0.4284749348958333,190.9928202311198,0.047062397,0.2,5e-05,0.9342150688171387
977.53,606,355,4362240,241.81335872,7187,6.6196894466876985,0.1505628228187561,23050,-0.03400863995581555,41.32747268676758,0.4310546875,99.02040468851725,0.045604665,0.2,5e-05,0.9512315988540649
988.93,608,356,4374528,281.76688085,7187,6.615521970391273,0.15067049860954285,23060,-0.03539203919887465,73.91141510009766,0.430322265625,209.90270903905233,0.04399978,0.2,5e-05,0.8993285894393921
978.76,610,357,4386816,256.54732458999996,7187,6.615297544002533,0.15057207643985748,23070,-0.039180154110848284,69.92273712158203,0.3983968098958333,158.28141333262127,0.038503792,0.2,5e-05,0.9459117650985718
978.76,612,358,4399104,310.81998497000006,7187,6.613391155004502,0.150671124458313,23080,-0.034122319726157,64.6669921875,0.4303385416666667,145.25545337994893,0.04739496,0.2,5e-05,0.944175660610199
986.41,613,359,4411392,266.95857462,7187,6.61428930858771,0.15060025453567505,23090,-0.03239681163977366,73.34558868408203,0.45596516927083336,153.98181277910868,0.049699288,0.2,5e-05,0.9436337947845459
986.41,615,360,4423680,305.15355832999995,7187,6.619030702114105,0.15052050352096558,23100,-0.030539965872109557,59.308799743652344,0.44671223958333334,135.9114067554474,0.05441034,0.2,5e-05,0.9496100544929504
984.36,617,361,4435968,276.27257149999997,7187,6.6122057447830835,0.15064753592014313,23110,-0.031128788213633622,107.37995910644531,0.49615885416666666,233.20382124582926,0.059770692,0.2,5e-05,0.9514123797416687
984.36,618,362,4448256,238.10816799,7187,6.603637849291165,0.15065312385559082,23120,-0.035767274951407066,64.00788116455078,0.46162109375,196.46432177225748,0.053163107,0.2,5e-05,0.9497388005256653
981.43,620,363,4460544,237.47949905000002,7187,6.6086223701636,0.1505357176065445,23130,-0.039347819440687694,64.41959381103516,0.40049641927083335,202.2141926765442,0.04531562,0.2,5e-05,0.9418601393699646
978.72,622,364,4472832,238.14294701000003,7187,6.610015087326368,0.15060031414031982,23140,-0.03769713490522311,101.07207489013672,0.4197265625,214.6408557256063,0.044460773,0.2,5e-05,0.9523617029190063
989.58,623,365,4485120,247.67943197000005,7187,6.603732495506605,0.1506837159395218,23150,-0.03675154713661565,102.35482788085938,0.41864420572916666,214.84169425964356,0.04720326,0.2,5e-05,0.9542860984802246
989.58,625,366,4497408,250.13460148000001,7188,6.596995329856872,0.15068741142749786,23160,-0.02139461433980614,60.865684509277344,0.5865071614583334,114.59207657178243,0.090514936,0.2,5e-05,0.9655473828315735
978.87,627,367,4509696,270.69575899000006,7188,6.596555248896281,0.15076202154159546,23170,-0.035039400883639854,103.66012573242188,0.45677083333333335,211.22338641484578,0.05184968,0.2,5e-05,0.9573975205421448
978.87,629,368,4521984,255.9499458,7188,6.60006743768851,0.15070077776908875,23180,-0.03311107566696592,33.49936294555664,0.43846028645833335,101.2255175669988,0.051176567,0.2,5e-05,0.9651402831077576
983.65,630,369,4534272,265.22405656,7188,6.5998728235562645,0.15079428255558014,23190,-0.042777641867966544,133.26309204101562,0.4013427734375,294.2546975135803,0.041802924,0.2,5e-05,0.9145353436470032
975.84,632,370,4546560,339.71571186999995,7188,6.589623780051867,0.15088391304016113,23200,-0.032223608250690934,45.45446014404297,0.42897135416666665,81.43784040609995,0.040981457,0.2,5e-05,0.949820339679718
978.77,634,371,4558848,398.42031989000003,7188,6.585014232993126,0.15085060894489288,23210,-0.03098866840203603,29.6028995513916,0.5041341145833333,64.96261024077734,0.062741496,0.2,5e-05,0.9642336368560791
981.48,635,372,4571136,415.2725871099999,7188,6.590442113081614,0.15080077946186066,23220,-0.03293456949177198,28.668806076049805,0.48141276041666664,102.97804256280263,0.05671757,0.2,5e-05,0.9514772891998291
981.48,637,373,4583424,350.69728426,7188,6.597026215990384,0.15078304708003998,23230,-0.031322117789144004,59.6387939453125,0.46475423177083336,112.33325535456339,0.05979888,0.2,5e-05,0.9421296119689941
981.48,639,374,4595712,305.73637094000003,7188,6.605044077833494,0.1506296992301941,23240,-0.03617267379013356,113.07343292236328,0.408935546875,254.5839893023173,0.043212567,0.2,5e-05,0.9138286709785461
984.17,640,375,4608000,267.16755996000006,7189,6.612397777040799,0.15066304802894592,23250,-0.0358492118306458,110.68023681640625,0.42440592447916664,230.3373643239339,0.046497274,0.2,5e-05,0.9456878900527954
984.17,642,376,4620288,320.60445688000004,7189,6.615929027398427,0.15053261816501617,23260,-0.03795937959415217,61.85742950439453,0.45166015625,130.07286302248636,0.053465504,0.2,5e-05,0.9611773490905762
984.17,644,377,4632576,295.90328050999995,7189,6.621123218536377,0.15043555200099945,23270,-0.03317959260069377,42.949790954589844,0.459619140625,107.28035662174224,0.05660713,0.2,5e-05,0.9470675587654114
982.64,646,378,4644864,260.68633832,7189,6.630951767166455,0.15032273530960083,23280,-0.03537719544935195,62.373863220214844,0.40927734375,186.46592682202657,0.042870987,0.2,5e-05,0.9316354393959045
982.64,647,379,4657152,216.94929519000002,7189,6.638068345189095,0.15028230845928192,23290,-0.035824897494361116,74.812255859375,0.42766927083333334,176.05521372159322,0.05000562,0.2,5e-05,0.9407898187637329
982.64,649,380,4669440,169.73993269,7189,6.6358339895804725,0.15030455589294434,23300,-0.029340373864397407,74.02021026611328,0.5150716145833333,167.4620711326599,0.067925416,0.2,5e-05,0.9439089298248291
982.64,651,381,4681728,191.59904383000006,7188,6.640089549620947,0.150212362408638,23310,-0.039192107358151894,64.29634857177734,0.42132975260416666,147.32783349355063,0.043314368,0.2,5e-05,0.9274337887763977
973.68,652,382,4694016,264.78720526,7188,6.647101323803266,0.15010841190814972,23320,-0.035842782556816624,65.10877227783203,0.3973876953125,123.88379591306051,0.04559515,0.2,5e-05,0.923101544380188
981.7,654,383,4706304,272.5420446,7189,6.647765526175499,0.15008927881717682,23330,-0.040394751556838554,66.74185943603516,0.44003092447916664,137.3324947198232,0.051843453,0.2,5e-05,0.9535378813743591
981.7,656,384,4718592,264.99508009,7189,6.649312102794648,0.15003888309001923,23340,-0.026681477637127197,62.33787536621094,0.5009114583333333,149.6292860666911,0.071924,0.2,5e-05,0.956168532371521
981.7,658,385,4730880,321.85670435,7189,6.64951213200887,0.14996542036533356,23350,-0.03730124831975748,54.700897216796875,0.43832194010416664,125.68491254647573,0.04792093,0.2,5e-05,0.951892077922821
983.33,659,386,4743168,306.96174600999996,7189,6.656833141048749,0.1498405486345291,23360,-0.03839474664176426,83.05580139160156,0.45048828125,164.8408139069875,0.049190983,0.2,5e-05,0.9590395092964172
976.74,661,387,4755456,311.54229756,7189,6.659878568847974,0.14981327950954437,23370,-0.03899557528978524,67.27910614013672,0.41734212239583335,180.72280330657958,0.043753054,0.2,5e-05,0.9477024674415588
976.74,663,388,4767744,327.34513516000004,7189,6.660787744323413,0.14974337816238403,23380,-0.037907265983327915,48.6227912902832,0.42889811197916666,127.05218445460001,0.048409123,0.2,5e-05,0.9603080153465271
967.35,664,389,4780032,332.0792913199999,7189,6.655069904526075,0.1498926430940628,23390,-0.034660011291271074,99.6407470703125,0.4099609375,226.86487255096435,0.042770933,0.2,5e-05,0.9579688906669617
967.04,666,390,4792320,272.80183114,7189,6.656211014588674,0.14978094398975372,23400,-0.03693080173203877,115.7064437866211,0.4309163411458333,213.311572488149,0.038325075,0.2,5e-05,0.9374319911003113
967.04,668,391,4804608,222.75722957000002,7189,6.66118136147658,0.14978951215744019,23410,-0.03338931857627661,109.20325469970703,0.40558268229166666,185.73406052589417,0.04232177,0.2,5e-05,0.9176127314567566
944.97,670,392,4816896,175.85186011,7189,6.661489463845888,0.1497352570295334,23420,-0.03644620699196821,73.87530517578125,0.3973795572916667,192.20372066497802,0.041939635,0.2,5e-05,0.9208723306655884
944.97,671,393,4829184,174.11621049000001,7189,6.668767205874125,0.14962182939052582,23430,-0.03614116017512667,94.3757553100586,0.4510498046875,207.1624542395274,0.05275588,0.2,5e-05,0.9427341222763062
952.68,673,394,4841472,232.7107661,7189,6.678556654850642,0.14939211308956146,23440,-0.03675818319437288,55.352535247802734,0.49932454427083334,140.5839018503825,0.058552027,0.2,5e-05,0.9615102410316467
959.27,675,395,4853760,182.89774681999998,7189,6.685646635293961,0.14934854209423065,23450,-0.03306828336208127,60.888851165771484,0.5139811197916667,125.94470520019532,0.06199828,0.2,5e-05,0.9601956605911255
968.66,676,396,4866048,190.52293601999997,7189,6.684804020325343,0.14939366281032562,23460,-0.03560853161616251,82.0273208618164,0.40986328125,221.32276713053386,0.047349345,0.2,5e-05,0.9272242784500122
968.66,678,397,4878336,139.05544614,7189,6.682081574201584,0.14947696030139923,23470,-0.037855134226265366,109.05548858642578,0.4178955078125,212.21833289464314,0.047014017,0.2,5e-05,0.9451928734779358
975.89,680,398,4890624,208.85574883,7189,6.680130923787753,0.14952018857002258,23480,-0.03417825359598889,85.78028869628906,0.45681966145833336,173.12515439987183,0.052656863,0.2,5e-05,0.9512730240821838
975.89,681,399,4902912,228.90904881999998,7189,6.678804378708204,0.14943154156208038,23490,-0.035446055232265884,73.96776580810547,0.4524169921875,177.09319535891214,0.062477615,0.2,5e-05,0.954937756061554
990.22,683,400,4915200,332.50289610000004,7189,6.689100515842438,0.14930111169815063,23500,-0.03402219078367731,46.33201217651367,0.49661458333333336,114.16615117390951,0.05474655,0.2,5e-05,0.9595950841903687
988.1,685,401,4927488,305.17116503,7189,6.698989969491959,0.1491980254650116,23510,-0.032742063135568364,72.28593444824219,0.5108723958333333,127.47745979626974,0.06441597,0.2,5e-05,0.9644662141799927
988.1,687,402,4939776,261.49336822000004,7189,6.710847169160843,0.14911550283432007,23520,-0.0382039952610891,64.69625854492188,0.46250813802083335,169.2874594370524,0.054647148,0.2,5e-05,0.9429631233215332
988.1,688,403,4952064,279.35146975,7189,6.714612432320913,0.14911966025829315,23530,-0.03530501384811942,97.30399322509766,0.42430013020833335,213.64373540878296,0.047141623,0.2,5e-05,0.9426314234733582
988.1,690,404,4964352,257.19383719999996,7189,6.710099260012309,0.1491394191980362,23540,-0.03795930884613578,90.3973617553711,0.43692220052083336,211.00564292271932,0.048206985,0.2,5e-05,0.9525982737541199
988.1,692,405,4976640,354.77718820000007,7189,6.710527397195498,0.1490900069475174,23550,-0.03136786249330423,46.82305145263672,0.44004720052083335,124.85506682395935,0.04366525,0.2,5e-05,0.9457372426986694
990.14,693,406,4988928,378.74632976,7189,6.7044474085172014,0.14924442768096924,23560,-0.028480410541427168,46.30387878417969,0.5281168619791666,103.82408874034881,0.06710377,0.2,5e-05,0.9457263350486755
986.2,695,407,5001216,439.04968172,7189,6.695072000225385,0.14935684204101562,23570,-0.02963885728677269,31.349266052246094,0.5413899739583333,95.2162627617518,0.07630084,0.2,5e-05,0.9687564969062805
993.94,697,408,5013504,344.04546631000005,7189,6.698319748044014,0.14931438863277435,23580,-0.03716092367734139,92.46549224853516,0.38751627604166666,218.6246551513672,0.042600155,0.2,5e-05,0.9457154273986816
996.06,699,409,5025792,334.07098106000007,7188,6.703379434347153,0.1492127627134323,23590,-0.03740212233387865,66.30757904052734,0.44597981770833334,158.18359220822651,0.058143675,0.2,5e-05,0.9535327553749084
996.06,700,410,5038080,407.8507529300001,7188,6.710472352306048,0.14914380013942719,23600,-0.029091500920670418,36.911399841308594,0.4521565755208333,96.09202616214752,0.045246337,0.2,5e-05,0.9608784914016724
996.06,702,411,5050368,423.8938717599999,7188,6.712834885716438,0.14913895726203918,23610,-0.03386942492215894,95.364501953125,0.41041666666666665,179.41645897229512,0.04489665,0.2,5e-05,0.9450753331184387
987.08,704,412,5062656,432.23699474999995,7188,6.705788789192836,0.14931881427764893,23620,-0.035554698538423204,70.16917419433594,0.5087727864583333,168.01772373517355,0.064456016,0.2,5e-05,0.9523648023605347
987.08,706,413,5074944,399.30671348,7188,6.703777676820755,0.1492283046245575,23630,-0.037372496693084636,92.74795532226562,0.4200520833333333,172.39255108833314,0.043345343,0.2,5e-05,0.9370256066322327
972.4,707,414,5087232,341.63705588000005,7188,6.703591534495354,0.14931435883045197,23640,-0.03450407292693854,103.61601257324219,0.4022705078125,187.77137446403503,0.044100404,0.2,5e-05,0.9505693912506104
976.34,709,415,5099520,269.40081583,7188,6.698578482866287,0.14932508766651154,23650,-0.03769545299971166,93.30094146728516,0.4554361979166667,224.45002482732136,0.055841923,0.2,5e-05,0.9419576525688171
976.34,711,416,5111808,271.99987550000003,7188,6.701277232170105,0.1492769420146942,23660,-0.038517797873161425,102.0353775024414,0.38564453125,228.42998673121136,0.039259445,0.2,5e-05,0.9325881600379944
976.34,712,417,5124096,222.24865387999998,7187,6.703443630536397,0.14922255277633667,23670,-0.036698880122276026,82.94396209716797,0.4418538411458333,206.32047589619955,0.05394269,0.2,5e-05,0.9566524028778076
976.34,714,418,5136384,149.02411969,7187,6.705973587433497,0.14920593798160553,23680,-0.035132972000186176,150.3106231689453,0.3834228515625,309.96336530049643,0.041107807,0.2,5e-05,0.9309060573577881
976.34,716,419,5148672,145.76366607000003,7187,6.69839447637399,0.1493634283542633,23690,-0.03398407491428467,85.91516876220703,0.48993326822916666,201.8202346801758,0.061190676,0.2,5e-05,0.9488375186920166
985.32,718,420,5160960,167.01724518999998,7187,6.699504519502322,0.14929406344890594,23700,-0.03204819773818599,64.76336669921875,0.4987874348958333,136.57533294359843,0.060242172,0.2,5e-05,0.9626996517181396
983.74,719,421,5173248,138.57082695,7187,6.705140695969264,0.14920192956924438,23710,-0.03712669914821163,51.219444274902344,0.457275390625,168.53263626098632,0.05588017,0.2,5e-05,0.9536725282669067
998.42,721,422,5185536,177.8826714,7187,6.707938966155052,0.1492103487253189,23720,-0.0379742265533423,56.39727783203125,0.481640625,138.78791338602701,0.057841122,0.2,5e-05,0.9598594307899475
998.42,723,423,5197824,209.1262765,7187,6.714283154408137,0.14904838800430298,23730,-0.039835550879555134,72.49919891357422,0.4618326822916667,157.19141540527343,0.055019904,0.2,5e-05,0.9606035351753235
991.79,724,424,5210112,231.80180786999998,7187,6.725630860527357,0.14893828332424164,23740,-0.037176664393094444,50.760398864746094,0.4680908203125,136.02980864842732,0.051393997,0.2,5e-05,0.9578187465667725
984.35,726,425,5222400,281.59174932,7187,6.730152726173401,0.14883214235305786,23750,-0.03749953436490614,91.4809799194336,0.4288818359375,181.73813735644023,0.046245586,0.2,5e-05,0.9528055787086487
978.35,728,426,5234688,290.89683842999995,7187,6.733626644810041,0.14876145124435425,23760,-0.031914670054296344,69.32666778564453,0.4248046875,159.44331911404927,0.050226282,0.2,5e-05,0.9533224701881409
975.89,729,427,5246976,293.11271654000006,7187,6.743940762678782,0.14863474667072296,23770,-0.036804951332548325,81.64976501464844,0.3682047526041667,190.37270463307698,0.038468167,0.2,5e-05,0.9329015612602234
975.89,731,428,5259264,307.48388722,7187,6.745364244778951,0.14865611493587494,23780,-0.035463042792980556,47.78246307373047,0.4746500651041667,127.44152574539184,0.052290034,0.2,5e-05,0.9680421948432922
977.47,733,429,5271552,352.97753184999993,7187,6.747731892267863,0.1485573798418045,23790,-0.03029425904775659,33.70881271362305,0.5917643229166667,86.7303897857666,0.08430737,0.2,5e-05,0.974543571472168
977.47,735,430,5283840,327.34090153,7187,6.748987298210462,0.14854688942432404,23800,-0.036127509165089576,102.9018783569336,0.41695963541666664,200.45977533658345,0.044084,0.2,5e-05,0.961503803730011
977.47,736,431,5296128,286.68988146000004,7188,6.746738931536674,0.14860643446445465,23810,-0.037769588080603475,66.981201171875,0.41366373697916664,197.45480397542318,0.046146944,0.2,5e-05,0.9537273645401001
974.99,738,432,5308416,333.14738066999996,7188,6.743154053886731,0.14865665137767792,23820,-0.03555452723521739,98.73273468017578,0.4408040364583333,216.79501202901204,0.04817723,0.2,5e-05,0.967767596244812
982.43,740,433,5320704,264.30174171,7187,6.735108516613642,0.14877846837043762,23830,-0.03420007951014365,73.15068054199219,0.4399007161458333,183.1288697083791,0.047661018,0.2,5e-05,0.9658503532409668
988.39,741,434,5332992,295.56927685000005,7187,6.73428803284963,0.14875660836696625,23840,-0.0411765034882895,107.65145874023438,0.3920084635416667,223.9377293586731,0.039281968,0.2,5e-05,0.949059784412384
982.12,743,435,5345280,316.3094324400001,7188,6.733132022619247,0.14879252016544342,23850,-0.03629989301552996,71.688720703125,0.4239420572916667,166.64678489367168,0.04579116,0.2,5e-05,0.9461626410484314
982.12,745,436,5357568,314.78664326000006,7188,6.729162565867106,0.14876329898834229,23860,-0.02928849473343386,44.547271728515625,0.488916015625,79.58141741752624,0.06278761,0.2,5e-05,0.9661669731140137
982.12,747,437,5369856,245.70339686,7188,6.733430076638857,0.14870482683181763,23870,-0.033283781718152265,76.7861328125,0.4689534505208333,181.88415865898133,0.05600713,0.2,5e-05,0.9693347215652466
976.87,748,438,5382144,216.57806688,7187,6.731318003932635,0.14882498979568481,23880,-0.039181311154000774,97.27641296386719,0.40293782552083335,240.23480037053426,0.039727073,0.2,5e-05,0.9403319358825684
976.87,750,439,5394432,264.38508289,7187,6.728954777121544,0.148765429854393,23890,-0.03669078538756973,123.20738220214844,0.4081217447916667,262.3704702059428,0.041865308,0.2,5e-05,0.9334084987640381
985.98,752,440,5406720,225.15134407000002,7187,6.72882632513841,0.1487690955400467,23900,-0.030477938687060183,43.61131286621094,0.4769287109375,104.04725865523021,0.06881312,0.2,5e-05,0.9633495211601257
985.98,753,441,5419008,284.07503733,7188,6.733200562000275,0.14863698184490204,23910,-0.036191512589963774,103.17816925048828,0.49886881510416664,199.95387388865154,0.0537407,0.2,5e-05,0.947548508644104
986.02,755,442,5431296,254.83591689000002,7188,6.734036305546761,0.1487131267786026,23920,-0.03915302152648413,69.44699096679688,0.4031901041666667,193.0596133550008,0.04047169,0.2,5e-05,0.9512073993682861
994.75,757,443,5443584,196.06038593000005,7188,6.732972686489423,0.14878720045089722,23930,-0.036903531657299024,124.95591735839844,0.4473876953125,273.8819987297058,0.05397914,0.2,5e-05,0.9248868227005005
994.75,759,444,5455872,167.71753984999998,7188,6.729584202170372,0.14880883693695068,23940,-0.038622600200081555,94.40554809570312,0.4339111328125,216.2392832438151,0.043968096,0.2,5e-05,0.9454888701438904
994.69,760,445,5468160,213.78219504,7188,6.733532216151556,0.14869044721126556,23950,-0.027643399202497677,54.861351013183594,0.5716715494791667,119.06568620999654,0.08384038,0.2,5e-05,0.9436137676239014
999.94,762,446,5480448,219.71022817000005,7188,6.734976560870806,0.14882071316242218,23960,-0.033851853653322904,96.90354919433594,0.45779622395833336,198.2590490659078,0.05491404,0.2,5e-05,0.9520053267478943
999.94,764,447,5492736,216.56629508000003,7188,6.725951871275901,0.1488947868347168,23970,-0.0374507617331498,107.7633285522461,0.3869873046875,212.69301624298095,0.04161581,0.2,5e-05,0.9501455426216125
999.43,765,448,5505024,209.0178275,7188,6.72318076590697,0.14889021217823029,23980,-0.04006000981098623,84.83954620361328,0.41163736979166665,181.01745505332946,0.04235423,0.2,5e-05,0.9505439400672913
999.43,767,449,5517312,171.52279245999998,7189,6.727728428443273,0.14878533780574799,23990,-0.03841329199397781,67.3994140625,0.3844970703125,149.19530696868895,0.038672518,0.2,5e-05,0.939172625541687
999.43,769,450,5529600,242.8641822,7189,6.734075378378233,0.1486935168504715,24000,-0.03566755388455931,57.38956832885742,0.396484375,137.55142051378886,0.045680925,0.2,5e-05,0.9576035737991333
999.43,770,451,5541888,279.85337874,7189,6.738580855727196,0.148647740483284,24010,-0.02987105601253764,59.11637878417969,0.48219401041666665,137.53872243563333,0.060751807,0.2,5e-05,0.9426129460334778
997.13,772,452,5554176,271.85190583,7189,6.735306309660276,0.1488204151391983,24020,-0.03397676550666802,69.06619262695312,0.5007080078125,149.9630744298299,0.06372855,0.2,5e-05,0.9608039259910583
997.13,774,453,5566464,245.11800376,7189,6.7313447207212445,0.14883603155612946,24030,-0.04087308051142221,87.81832885742188,0.4345458984375,187.62198861440024,0.04335949,0.2,5e-05,0.9376110434532166
997.19,776,454,5578752,214.76044528,7189,6.729302302002907,0.14894168078899384,24040,-0.04033115206499739,91.9380874633789,0.36435546875,218.01389729181926,0.03998601,0.2,5e-05,0.9454710483551025
997.19,777,455,5591040,271.51720704,7188,6.719637898604075,0.14904393255710602,24050,-0.032459420372227515,63.94104766845703,0.4637044270833333,144.49453605016072,0.05805422,0.2,5e-05,0.9503538012504578
997.7,779,456,5603328,326.96771438999997,7188,6.716792223850886,0.1489855796098709,24060,-0.026238061600209524,36.82426452636719,0.5102783203125,102.47177583376566,0.06639347,0.2,5e-05,0.9542162418365479
997.7,781,457,5615616,301.02684475,7188,6.723958391944567,0.14887265861034393,24070,-0.030083296630861393,46.7719612121582,0.5065755208333333,112.78347145716349,0.07009463,0.2,5e-05,0.9652944803237915
997.7,782,458,5627904,234.32383872000005,7188,6.7366455336411795,0.1485915333032608,24080,-0.03019361702608876,64.84473419189453,0.5088134765625,145.21956292788187,0.06440119,0.2,5e-05,0.9459162354469299
997.7,784,459,5640192,227.9158425,7188,6.74489151040713,0.1486220508813858,24090,-0.035033694439334795,69.83256530761719,0.47552083333333334,174.99711491266888,0.05477513,0.2,5e-05,0.9407026767730713
997.7,786,460,5652480,217.55699389,7188,6.741009064515432,0.1486559361219406,24100,-0.03723624638854138,55.40556716918945,0.3970458984375,141.10840667088826,0.04097769,0.2,5e-05,0.9440078735351562
994.26,788,461,5664768,239.04315383999997,7188,6.739444083968798,0.14864015579223633,24110,-0.03854789183290753,78.27172088623047,0.3947509765625,155.31206792195638,0.044197332,0.2,5e-05,0.945773184299469
980.87,789,462,5677056,253.85087447,7188,6.741226625442505,0.14859984815120697,24120,-0.03865674434055109,61.513816833496094,0.45616048177083335,128.74882311820983,0.047887783,0.2,5e-05,0.9556692838668823
980.87,791,463,5689344,204.65417002,7188,6.7517371535301205,0.14843694865703583,24130,-0.0364566812417858,70.76946258544922,0.4115234375,226.65135555267335,0.044398945,0.2,5e-05,0.9514808654785156
980.87,793,464,5701632,204.9588361,7188,6.75295045375824,0.14854039251804352,24140,-0.029759832107811236,58.84799575805664,0.5229410807291667,112.83219032287597,0.065092206,0.2,5e-05,0.9654422998428345
980.87,794,465,5713920,200.00088530999997,7188,6.755337671438853,0.1484248787164688,24150,-0.03802711500805647,81.73792266845703,0.4296061197916667,204.23959414164224,0.049666736,0.2,5e-05,0.9556825160980225
980.87,796,466,5726208,206.8710147,7188,6.7584035962820055,0.1484447568655014,24160,-0.034247992903692646,82.41825103759766,0.43426920572916666,194.56744922002156,0.046505947,0.2,5e-05,0.9550290703773499
980.87,798,467,5738496,277.28657851,7187,6.757524441679319,0.14843003451824188,24170,-0.035607025016603684,61.83232879638672,0.4020182291666667,190.0556190331777,0.043543782,0.2,5e-05,0.9528138637542725
980.87,800,468,5750784,218.23497631,7187,6.76268208026886,0.14832766354084015,24180,-0.03375912114667396,90.30879211425781,0.4683919270833333,206.79916639328002,0.05459298,0.2,5e-05,0.964375376701355
984.23,801,469,5763072,202.22279667999996,7188,6.7686153521140415,0.1483146995306015,24190,-0.034777008399638966,90.69342041015625,0.44794921875,181.82434441248577,0.050241303,0.2,5e-05,0.9414074420928955
991.47,803,470,5775360,217.87616423,7188,6.767712361613909,0.148325577378273,24200,-0.034625185788415065,105.34871673583984,0.5141845703125,215.47976404825846,0.06598879,0.2,5e-05,0.9569568634033203
997.62,805,471,5787648,270.67976801000003,7188,6.771798109014829,0.14820420742034912,24210,-0.036076332130566394,42.1769905090332,0.48782552083333336,92.11841688156127,0.052208353,0.2,5e-05,0.9707735776901245
997.62,806,472,5799936,264.93794826,7188,6.783263602852822,0.14802147448062897,24220,-0.043152068721246904,90.05020141601562,0.43626302083333335,197.71242221196493,0.04551586,0.2,5e-05,0.9534668922424316
997.62,808,473,5812224,309.22183886000005,7187,6.793415607015292,0.14789600670337677,24230,-0.033368118644769615,26.822038650512695,0.5357096354166667,43.042639489968614,0.07333317,0.2,5e-05,0.9735687971115112
997.62,810,474,5824512,329.2431411,7187,6.798306930065155,0.14792655408382416,24240,-0.03226546377118211,86.06827545166016,0.43108723958333334,207.83293968836466,0.0461932,0.2,5e-05,0.9565109610557556
993.23,812,475,5836800,340.23350725999995,7187,6.798649917046229,0.1478678286075592,24250,-0.028232234921112345,66.97417449951172,0.5285319010416667,134.18960552215577,0.08871212,0.2,5e-05,0.9704974293708801
993.23,813,476,5849088,364.41708623000005,7187,6.802377936244011,0.14778457581996918,24260,-0.03664415170593808,69.29425048828125,0.43023274739583334,173.47355704307557,0.04208097,0.2,5e-05,0.9585961699485779
989.03,815,477,5861376,370.44622308000004,7187,6.808212864398956,0.14766982197761536,24270,-0.03391114672607121,78.12316131591797,0.4563232421875,176.96157050132751,0.054665674,0.2,5e-05,0.9425152540206909
989.03,817,478,5873664,375.33152995000006,7187,6.806566501657168,0.1477852612733841,24280,-0.03511913205196227,57.35707092285156,0.492822265625,158.82024052937825,0.06188337,0.2,5e-05,0.9624460935592651
989.03,818,479,5885952,384.6668448799999,7187,6.806543482343356,0.1477833390235901,24290,-0.03713620116468519,63.69403076171875,0.3684163411458333,133.00688053766888,0.03571177,0.2,5e-05,0.954545795917511
984.0,820,480,5898240,262.31209981000006,7187,6.799947069088618,0.14792785048484802,24300,-0.04200901734827009,103.2386245727539,0.40853678385416664,221.19497973124186,0.043073166,0.2,5e-05,0.9345014691352844
983.63,822,481,5910528,328.4299728,7187,6.78846082786719,0.1480712741613388,24310,-0.03781540257332381,110.37818145751953,0.44912923177083336,273.0640633583069,0.050091807,0.2,5e-05,0.943403959274292
983.63,824,482,5922816,302.12019056,7187,6.7683612624804175,0.14827962219715118,24320,-0.017803474390530028,36.09830856323242,0.6211263020833333,80.85720585982004,0.09811299,0.2,5e-05,0.9687210321426392
988.02,825,483,5935104,311.2460331,7187,6.766273536284765,0.14818306267261505,24330,-0.039750468928832564,65.75035095214844,0.4207682291666667,164.3341007232666,0.045604717,0.2,5e-05,0.9656582474708557
988.02,827,484,5947392,300.89694437,7187,6.765252820650736,0.1482573300600052,24340,-0.03750445383096424,51.53075408935547,0.41464029947916664,120.42094826698303,0.04757133,0.2,5e-05,0.9520807266235352
994.6,829,485,5959680,366.2434743200001,7187,6.767957391341527,0.1481456160545349,24350,-0.03682015163261288,37.27560043334961,0.4354329427083333,105.61980468432108,0.04334092,0.2,5e-05,0.9433954954147339
994.6,830,486,5971968,361.57387345999996,7187,6.767942563692729,0.14820577204227448,24360,-0.032877925060650647,52.936981201171875,0.4538330078125,124.7914224465688,0.061749417,0.2,5e-05,0.9563419818878174
994.6,832,487,5984256,389.78311004999995,7187,6.769159867366155,0.1480889916419983,24370,-0.031395542273821776,49.76852798461914,0.47198893229166666,103.29029181798299,0.056225866,0.2,5e-05,0.9532479643821716
999.63,834,488,5996544,438.25090415000005,7187,6.771041812499364,0.14804518222808838,24380,-0.032084323373661995,39.30921173095703,0.5215576171875,99.43798026243846,0.07082515,0.2,5e-05,0.9614512920379639
1000.0,835,489,6008832,449.22950320999996,7187,6.771265905102094,0.14806842803955078,24390,-0.03982287984060046,109.40167999267578,0.38138020833333336,202.62911583582562,0.038102556,0.2,5e-05,0.9391577839851379
1000.0,837,490,6021120,458.5565196999999,7187,6.764720697204272,0.14812327921390533,24400,-0.03123938898788765,24.387964248657227,0.4582600911458333,55.9690477291743,0.05339636,0.2,5e-05,0.9282341599464417
1000.0,839,491,6033408,421.69960526999995,7186,6.770035539070765,0.14788958430290222,24410,-0.03318717328171867,34.935935974121094,0.5089192708333333,85.22023162047068,0.06892654,0.2,5e-05,0.9486045241355896
1000.0,841,492,6045696,474.16011841000005,7186,6.778925996025404,0.1479729562997818,24420,-0.03256866227505573,64.78447723388672,0.401318359375,134.74306621551514,0.044953275,0.2,5e-05,0.9408745169639587
1000.0,842,493,6057984,433.6354427499999,7186,6.770985686779023,0.1481250375509262,24430,-0.03025589601699418,33.42103576660156,0.5389567057291667,67.45176176230113,0.07219369,0.2,5e-05,0.9597949385643005
1000.0,844,494,6070272,444.4660258299999,7187,6.77113517622153,0.14809487760066986,24440,-0.03745843225430387,53.7368278503418,0.38702799479166666,112.39640435377757,0.039238527,0.2,5e-05,0.9468563199043274
1000.0,846,495,6082560,419.60838355,7187,6.770973883072535,0.1479756385087967,24450,-0.027041100253700278,10.80532455444336,0.5877685546875,26.63970418572426,0.09658289,0.2,5e-05,0.9684942960739136
1000.0,848,496,6094848,409.2663310800001,7187,6.779737162590027,0.14783306419849396,24460,-0.040448670267748336,32.81659698486328,0.386474609375,106.97728575865428,0.041567333,0.2,5e-05,0.9498169422149658
1000.0,849,497,6107136,456.16408133,7187,6.782270930210749,0.14800535142421722,24470,-0.0352903687133221,34.7994384765625,0.3928629557291667,70.71014473438262,0.041450474,0.2,5e-05,0.9430339932441711
992.42,851,498,6119424,414.96737492,7187,6.780271409948667,0.14788441359996796,24480,-0.03374992226211664,16.22649383544922,0.5438883463541667,50.31718663771947,0.077747904,0.2,5e-05,0.9510526657104492
992.42,853,499,6131712,429.90265136,7187,6.7805470277865725,0.14793579280376434,24490,-0.03368800527435572,40.38279724121094,0.4410400390625,106.77442860603333,0.05102784,0.2,5e-05,0.9609088897705078
992.42,854,500,6144000,435.64556854999995,7187,6.770506225029627,0.14813178777694702,24500,-0.03493829591801235,48.78467559814453,0.44930826822916664,123.53031648000082,0.04950751,0.2,5e-05,0.952703058719635
992.42,856,501,6156288,427.71752649999996,7187,6.774330242474874,0.14800137281417847,24510,-0.04158703608554788,49.39695739746094,0.44007975260416665,112.29650487899781,0.0512764,0.2,5e-05,0.9659042358398438
992.42,858,502,6168576,410.43657221000007,7187,6.778551097710928,0.14810092747211456,24520,-0.03622145099313154,34.607330322265625,0.4860921223958333,89.08768336772918,0.06043713,0.2,5e-05,0.9522445201873779
992.42,859,503,6180864,375.25263474999997,7187,6.781678323944409,0.14803050458431244,24530,-0.04011096546795064,65.1401138305664,0.3776774088541667,163.72151017189026,0.03598855,0.2,5e-05,0.9490988254547119
987.87,861,504,6193152,373.4337306,7187,6.790380445122719,0.14789171516895294,24540,-0.03662065614480525,56.599098205566406,0.43158365885416666,118.38140320777893,0.05112517,0.2,5e-05,0.9596448540687561
987.87,863,505,6205440,357.51215166999987,7187,6.795133873820305,0.14788569509983063,24550,-0.03596288256812841,37.0000114440918,0.4216389973958333,123.98121649424235,0.04921331,0.2,5e-05,0.938599705696106
995.28,865,506,6217728,351.79738625000005,7187,6.7936083436012265,0.14785610139369965,24560,-0.030568214334925868,40.70454406738281,0.4640625,116.8835722287496,0.061854273,0.2,5e-05,0.9510767459869385
991.75,866,507,6230016,378.7222773799999,7187,6.7901766270399095,0.14796565473079681,24570,-0.03379208467716429,42.08908462524414,0.4697509765625,98.01584689617157,0.057471443,0.2,5e-05,0.9653555750846863
982.84,868,508,6242304,344.0991497500001,7187,6.795982455213864,0.1477854698896408,24580,-0.037460611685916474,91.55712890625,0.4418212890625,212.63339042663574,0.047854144,0.2,5e-05,0.9531740546226501
982.84,870,509,6254592,344.10508365000004,7187,6.800485943754514,0.14777931571006775,24590,-0.037182379782704326,83.13662719726562,0.42608235677083334,213.73349056243896,0.045846414,0.2,5e-05,0.9621180295944214
982.84,871,510,6266880,351.63290798999986,7187,6.79268058637778,0.14785033464431763,24600,-0.030396195617504417,35.42030715942383,0.5038004557291667,78.12377039591472,0.062464476,0.2,5e-05,0.9628865122795105
982.84,873,511,6279168,333.40654316,7186,6.800599782665571,0.14764562249183655,24610,-0.044841885742304535,116.02388763427734,0.40237630208333336,230.79835516611735,0.04111799,0.2,5e-05,0.9431026577949524
987.39,875,512,6291456,334.84805041999994,7186,6.8111345112323765,0.14758603274822235,24620,-0.03588223320887967,75.1699447631836,0.47361653645833335,148.59933676719666,0.061260164,0.2,5e-05,0.9729501605033875
974.52,877,513,6303744,346.23735550000004,7186,6.809387091795603,0.14765137434005737,24630,-0.03825208507866288,89.88915252685547,0.4043782552083333,189.46227423350015,0.04163063,0.2,5e-05,0.9529423713684082
977.94,878,514,6316032,347.86397953,7187,6.810118728876114,0.14750833809375763,24640,-0.034202728806606804,84.04476928710938,0.4670654296875,178.7916536172231,0.056301128,0.2,5e-05,0.9573720097541809
977.67,880,515,6328320,292.85381938,7187,6.813410578171412,0.14749686419963837,24650,-0.034392147162967984,72.35186004638672,0.5357747395833333,152.50027774175007,0.06964312,0.2,5e-05,0.970341145992279
983.8,882,516,6340608,338.38033693000006,7186,6.808992807070414,0.14760296046733856,24660,-0.03859496479611456,92.9566879272461,0.4664713541666667,184.78210252126058,0.052599475,0.2,5e-05,0.9575199484825134
983.8,883,517,6352896,314.65360064,7186,6.799422160784403,0.14766962826251984,24670,-0.042070397593003385,103.52327728271484,0.3722412109375,204.13838960329693,0.036024835,0.2,5e-05,0.9424608945846558
974.77,885,518,6365184,314.64069860999996,7186,6.796321272850037,0.14761601388454437,24680,-0.032217104928956054,50.78940200805664,0.53544921875,152.5948475042979,0.06653229,0.2,5e-05,0.960135817527771
968.59,887,519,6377472,273.71432626,7186,6.796568441390991,0.14769132435321808,24690,-0.045901505475436956,120.04108428955078,0.43385416666666665,241.4179607073466,0.044154707,0.2,5e-05,0.9492316842079163
959.51,889,520,6389760,300.28231297,7187,6.7994815677404405,0.14763672649860382,24700,-0.039021895590121855,107.2482681274414,0.3876708984375,257.1619092305501,0.036818188,0.2,5e-05,0.9240866303443909
961.52,890,521,6402048,287.19881625,7187,6.7973099460204445,0.1476716697216034,24710,-0.03517737826429463,53.07265853881836,0.5202880859375,121.8981859366099,0.06453133,0.2,5e-05,0.9645364284515381
961.63,892,522,6414336,234.49607467,7187,6.791632401943207,0.14774994552135468,24720,-0.02966479354945477,70.31055450439453,0.5210611979166667,154.3882086435954,0.06272145,0.2,5e-05,0.9618633985519409
961.61,894,523,6426624,237.84153181000002,7187,6.792693980534872,0.14771336317062378,24730,-0.03907531649941423,145.62130737304688,0.372119140625,306.8196489016215,0.03843497,0.2,5e-05,0.9420632123947144
953.58,895,524,6438912,237.82108680000002,7188,6.791519159078598,0.14767074584960938,24740,-0.043046528646179166,76.1362075805664,0.4421793619791667,179.32810775438944,0.051433433,0.2,5e-05,0.9629256129264832
953.58,897,525,6451200,194.76269432,7188,6.788704205552737,0.1477431058883667,24750,-0.03697339172067586,64.60147094726562,0.43060709635416666,161.32261940638224,0.049384594,0.2,5e-05,0.9531583786010742
964.79,899,526,6463488,224.87654256,7187,6.7908037086327875,0.1476190686225891,24760,-0.03954730944581873,94.78106689453125,0.4274088541666667,236.8289356549581,0.048981864,0.2,5e-05,0.9340143799781799
968.79,900,527,6475776,253.64852338999998,7187,6.789868828654289,0.14771421253681183,24770,-0.023046876982940983,42.04948043823242,0.5619222005208333,101.51311149597169,0.08254402,0.2,5e-05,0.96344393491745
985.66,902,528,6488064,232.82383281000006,7188,6.790689489245414,0.14767837524414062,24780,-0.03798693049660263,69.49907684326172,0.4451090494791667,143.902259016037,0.04919167,0.2,5e-05,0.9431134462356567
988.9,904,529,6500352,326.33043943,7188,6.790868669748306,0.14770947396755219,24790,-0.03415684486293079,83.49150085449219,0.40792643229166664,160.8655748685201,0.04066914,0.2,5e-05,0.9253682494163513
985.28,905,530,6512640,319.82466453999996,7188,6.786114910244942,0.1475941389799118,24800,-0.027922491434340675,23.37690544128418,0.568212890625,57.18736836512883,0.07994283,0.2,5e-05,0.9680641293525696
985.57,907,531,6524928,244.23226049000002,7188,6.790973885854085,0.1474984735250473,24810,-0.040057140464584036,82.37540435791016,0.4175211588541667,205.65751063028972,0.04486486,0.2,5e-05,0.9229220747947693
987.76,909,532,6537216,267.68405291000005,7188,6.789450301726659,0.14749383926391602,24820,-0.040626730644726196,107.9853744506836,0.4001057942708333,234.41884196599324,0.042904466,0.2,5e-05,0.9435896873474121
996.38,911,533,6549504,268.70766810000003,7189,6.789568730195364,0.14746199548244476,24830,-0.039972587741795,51.60300827026367,0.4155029296875,167.59019020398458,0.049852014,0.2,5e-05,0.941827654838562
990.5,912,534,6561792,299.5036105,7189,6.789686330159506,0.14744985103607178,24840,-0.031932133599184453,43.95178985595703,0.498095703125,126.19344930648803,0.06823338,0.2,5e-05,0.9524260759353638
990.49,914,535,6574080,231.75108002000007,7189,6.795464789867401,0.14734207093715668,24850,-0.03529012674844125,64.43123626708984,0.46181640625,156.93506832122802,0.055501487,0.2,5e-05,0.9430468082427979
982.75,916,536,6586368,226.68445577000003,7189,6.804419686396916,0.1472744345664978,24860,-0.037197517446475106,99.12049102783203,0.4652180989583333,222.18636255264283,0.05609408,0.2,5e-05,0.9402042031288147
969.82,917,537,6598656,168.10629819999997,7189,6.806865440805753,0.1472451537847519,24870,-0.03751171491361068,65.76075744628906,0.47259928385416666,155.25052534739177,0.061895,0.2,5e-05,0.9522757530212402
970.73,919,538,6610944,221.98550014999998,7189,6.808607533574104,0.14726033806800842,24880,-0.039871073097068194,32.19607162475586,0.4159342447916667,107.31920127868652,0.043478053,0.2,5e-05,0.9494786262512207
968.56,921,539,6623232,271.45839449,7189,6.81629155476888,0.14704211056232452,24890,-0.03910778701635233,37.956398010253906,0.472900390625,92.38777132034302,0.0570178,0.2,5e-05,0.9403456449508667
968.56,922,540,6635520,230.33274081,7189,6.828322959939639,0.14700734615325928,24900,-0.04291507798673896,100.32341766357422,0.40806477864583335,196.44988733927408,0.04441558,0.2,5e-05,0.9306374788284302
974.44,924,541,6647808,213.51344481999996,7189,6.831817106405894,0.1470337063074112,24910,-0.04188691081944853,114.49755859375,0.402734375,262.3998441696167,0.043588948,0.2,5e-05,0.9318297505378723
974.44,926,542,6660096,203.08673452999994,7190,6.841470758120219,0.14676816761493683,24920,-0.0356572842700795,87.04100799560547,0.43068033854166665,191.36381688117982,0.0522012,0.2,5e-05,0.9466909170150757
974.45,927,543,6672384,230.64702185999994,7190,6.8562013159195585,0.14664436876773834,24930,-0.036901321013768515,103.80319213867188,0.4171061197916667,205.30965048472086,0.04447343,0.2,5e-05,0.9363262057304382
971.4,929,544,6684672,220.49301330999992,7190,6.86584575176239,0.14655448496341705,24940,-0.0369995186192682,107.22753143310547,0.4466471354166667,234.35805314381918,0.0545857,0.2,5e-05,0.9421122670173645
980.12,931,545,6696960,221.67693236999995,7190,6.866410803794861,0.14652682840824127,24950,-0.0291998311537706,43.49881362915039,0.5303629557291667,102.97196050484975,0.075909264,0.2,5e-05,0.9605253338813782
985.55,933,546,6709248,207.12644504999997,7190,6.867048259576162,0.14656920731067657,24960,-0.03685672226420138,63.07155227661133,0.456640625,163.85893824895223,0.048748955,0.2,5e-05,0.946222722530365
977.25,934,547,6721536,214.09454062000003,7191,6.86563264131546,0.14658553898334503,24970,-0.0348012766771717,83.00110626220703,0.48162434895833334,203.1486327489217,0.06098779,0.2,5e-05,0.9576476812362671
971.02,936,548,6733824,267.41519686,7191,6.866319148739179,0.1466047763824463,24980,-0.034144355503182545,58.6082763671875,0.47279459635416665,143.17668491999308,0.061279107,0.2,5e-05,0.9580705165863037
965.05,938,549,6746112,259.78877043,7191,6.861484437187513,0.14675022661685944,24990,-0.034623472245099644,76.04122161865234,0.47935384114583335,155.11468960444134,0.057489347,0.2,5e-05,0.952987790107727
954.66,939,550,6758400,244.94970762,7191,6.859204937020937,0.1467762142419815,25000,-0.03699468104459811,92.48684692382812,0.47059733072916665,190.60444755554198,0.057276685,0.2,5e-05,0.9344515800476074
960.24,941,551,6770688,317.97034203000004,7191,6.861838110287985,0.1467636674642563,25010,-0.03604910076392116,107.43606567382812,0.3673095703125,196.81038889884948,0.03646138,0.2,5e-05,0.9396561980247498
965.2,943,552,6782976,304.12875512,7191,6.863685015837351,0.14674247801303864,25020,-0.02491670394471536,32.355472564697266,0.57470703125,84.5406572262446,0.094426274,0.2,5e-05,0.9666978716850281
959.78,944,553,6795264,241.42344875000003,7192,6.866802577177683,0.14675462245941162,25030,-0.039934728107861396,78.85015869140625,0.43837076822916665,205.9243013381958,0.04593892,0.2,5e-05,0.9311264157295227
947.33,946,554,6807552,233.55130560999996,7192,6.866949583093326,0.14677391946315765,25040,-0.040530776594823695,80.24657440185547,0.3750081380208333,237.39473918279012,0.03811946,0.2,5e-05,0.9274952411651611
950.84,948,555,6819840,217.84495854999997,7192,6.866221464673678,0.14670491218566895,25050,-0.0328913955410826,44.936458587646484,0.493603515625,129.77007128397625,0.06591478,0.2,5e-05,0.9312365055084229
940.36,949,556,6832128,188.41820604999998,7192,6.872876817981402,0.1466350555419922,25060,-0.03928507637950437,65.96248626708984,0.4687093098958333,157.4999285062154,0.05554886,0.2,5e-05,0.9481849670410156
927.64,951,557,6844416,169.96441428999998,7192,6.872472010056177,0.1466986984014511,25070,-0.03614428981381934,93.49531555175781,0.4819580078125,192.21404730478923,0.059523758,0.2,5e-05,0.9524654746055603
930.52,953,558,6856704,166.05317693,7192,6.864001374443372,0.14685297012329102,25080,-0.03673766766247961,68.21421813964844,0.47276204427083335,180.84904902776083,0.057952497,0.2,5e-05,0.9391100406646729
921.35,955,559,6868992,130.76326006000002,7192,6.855293127894401,0.14694106578826904,25090,-0.03472908501668523,74.93527221679688,0.464306640625,181.88414220809938,0.05737972,0.2,5e-05,0.954870879650116
926.77,956,560,6881280,152.92378268000002,7192,6.847315047184626,0.1470135897397995,25100,-0.03867979937446459,62.60947036743164,0.4690673828125,183.54517645835875,0.058186818,0.2,5e-05,0.9498656392097473
938.8,958,561,6893568,180.19269595999998,7192,6.845164926846822,0.14698217809200287,25110,-0.0342631515484148,57.098472595214844,0.5173746744791666,142.29698826471966,0.06832606,0.2,5e-05,0.9400640726089478
928.92,960,562,6905856,262.93206378,7192,6.847552078962326,0.14690665900707245,25120,-0.039772265740126996,53.080936431884766,0.3990071614583333,140.35375596682232,0.044281896,0.2,5e-05,0.9428739547729492
937.72,961,563,6918144,233.76277063999999,7192,6.85032642185688,0.14684337377548218,25130,-0.039275782863842326,32.64350128173828,0.48236490885416666,88.07864377498626,0.0583768,0.2,5e-05,0.9574214220046997
958.54,963,564,6930432,212.50199581999996,7192,6.850432643294335,0.14696544408798218,25140,-0.04281189233006444,74.01753997802734,0.40725911458333336,184.17164015769958,0.04326564,0.2,5e-05,0.9354775547981262
960.1,965,565,6942720,229.46604516000002,7192,6.847888178626696,0.14697594940662384,25150,-0.03823613913506658,92.16969299316406,0.44069010416666665,225.35321728388467,0.054272342,0.2,5e-05,0.9360251426696777
960.36,966,566,6955008,223.81939251000003,7192,6.84723412891229,0.14699117839336395,25160,-0.03879020673533281,61.2093505859375,0.4923502604166667,135.65690840085347,0.05893274,0.2,5e-05,0.9277703166007996
957.29,968,567,6967296,285.82023507,7193,6.854364972313245,0.14687490463256836,25170,-0.038702972877460225,72.14573669433594,0.4156901041666667,178.76248316764833,0.046500757,0.2,5e-05,0.9219450354576111
942.27,970,568,6979584,253.36340109,7193,6.860001979271571,0.14678652584552765,25180,-0.028865615485119633,29.567171096801758,0.5434407552083333,73.53889935016632,0.072235376,0.2,5e-05,0.9592300653457642
939.39,971,569,6991872,221.24474263999997,7193,6.858580080668132,0.14691482484340668,25190,-0.03861501432790344,83.78265380859375,0.45050455729166666,205.66175034840902,0.05012992,0.2,5e-05,0.9405802488327026
936.7,973,570,7004160,231.27585639000006,7193,6.857132427891096,0.14681175351142883,25200,-0.033023410149811146,76.26124572753906,0.43603515625,139.50289001464844,0.04815774,0.2,5e-05,0.9480648636817932
937.24,975,571,7016448,205.30255957,7193,6.858369512359301,0.1468777060508728,25210,-0.03847387483692728,85.7909927368164,0.48223470052083334,202.76567398707073,0.06084062,0.2,5e-05,0.9407613277435303
931.64,977,572,7028736,198.7048531,7194,6.858123723665873,0.1468856930732727,25220,-0.03303546237584669,52.539676666259766,0.46282552083333334,140.4071216424306,0.055179294,0.2,5e-05,0.9346325993537903
940.79,978,573,7041024,224.20871182999997,7193,6.859604094425837,0.14689765870571136,25230,-0.03980773672810756,62.92866897583008,0.374365234375,164.03102741241455,0.039119463,0.2,5e-05,0.9484326243400574
952.32,980,574,7053312,294.47276242,7193,6.866575435797373,0.14673282206058502,25240,-0.03989688598861297,72.70352935791016,0.3828938802083333,145.31478122075399,0.041245606,0.2,5e-05,0.9507596492767334
960.01,982,575,7065600,242.00183084,7194,6.869100957115491,0.14671590924263,25250,-0.041257710356633955,67.55055236816406,0.44217122395833336,148.7773900349935,0.046668272,0.2,5e-05,0.9559652209281921
966.43,983,576,7077888,320.49039427,7194,6.863118670384089,0.14682477712631226,25260,-0.036960684602187634,44.82024383544922,0.5018310546875,112.8927849928538,0.059499096,0.2,5e-05,0.95632404088974
974.89,985,577,7090176,283.89594733,7194,6.864959208170573,0.14675907790660858,25270,-0.03600134404502266,87.16146850585938,0.4494547526041667,161.209517065684,0.04858018,0.2,5e-05,0.9586336016654968
982.34,987,578,7102464,249.79033710000004,7194,6.868916351596514,0.14679193496704102,25280,-0.04100299664423801,118.13211822509766,0.359326171875,261.01816902160647,0.03457946,0.2,5e-05,0.9424083828926086
984.23,988,579,7114752,250.14449408999997,7194,6.867294238011042,0.14676602184772491,25290,-0.03329798149255415,92.14379119873047,0.5064127604166667,192.1003791173299,0.06785037,0.2,5e-05,0.9630730152130127
979.49,990,580,7127040,319.87765218,7194,6.86231580277284,0.14684130251407623,25300,-0.03546066730486928,71.18531036376953,0.45431315104166664,153.67850159009296,0.049846068,0.2,5e-05,0.9636248350143433
977.2,992,581,7139328,295.54257139000003,7195,6.857682891686758,0.1468619406223297,25310,-0.029735955545523513,44.68619155883789,0.5456136067708334,105.03813136418661,0.072347865,0.2,5e-05,0.9731904864311218
977.2,993,582,7151616,305.0474177200001,7195,6.864261176188787,0.1466720551252365,25320,-0.0424747838502905,59.12108612060547,0.43418782552083335,162.86123929023742,0.053006303,0.2,5e-05,0.9645246863365173
979.39,995,583,7163904,249.91523832,7195,6.880965170264244,0.14642512798309326,25330,-0.03460434742980093,49.302764892578125,0.4755126953125,149.02499183019003,0.05675258,0.2,5e-05,0.9557275772094727
974.96,997,584,7176192,273.57920164,7195,6.894121233622233,0.14632149040699005,25340,-0.0395160199337018,73.318359375,0.414208984375,160.33162597020467,0.045950998,0.2,5e-05,0.9572888612747192
974.96,998,585,7188480,343.2040557,7195,6.898490617672603,0.14631621539592743,25350,-0.04123168578759457,63.31285858154297,0.42494303385416665,119.92301406065623,0.04442214,0.2,5e-05,0.9627282619476318
976.41,1000,586,7200768,372.38376939,7195,6.898280766606331,0.14633361995220184,25360,-0.03414071683752506,52.57297897338867,0.46962076822916665,136.12238744099935,0.053830814,0.2,5e-05,0.9601613283157349
976.41,1002,587,7213056,448.2107447199999,7195,6.901013153791427,0.14629866182804108,25370,-0.030105856482987293,29.926189422607422,0.4884847005208333,68.77163500785828,0.064862244,0.2,5e-05,0.9559072852134705
986.75,1004,588,7225344,425.73556938,7196,6.901011619965235,0.14634379744529724,25380,-0.03249278852163116,67.47603607177734,0.475146484375,158.41822854677835,0.05713587,0.2,5e-05,0.969646155834198
989.04,1005,589,7237632,453.90903853000003,7196,6.900076816479365,0.1463172286748886,25390,-0.030096317191782872,38.396488189697266,0.5092936197916667,68.55362528165182,0.0668629,0.2,5e-05,0.965594470500946
984.2,1007,590,7249920,474.1245893500001,7196,6.901694444815318,0.14631421864032745,25400,-0.03206731221822944,15.593931198120117,0.5244384765625,50.77659725348155,0.07624153,0.2,5e-05,0.9539043307304382
985.0,1009,591,7262208,518.9638381,7196,6.899702768524488,0.14639876782894135,25410,-0.039486906794869964,58.76882553100586,0.44419759114583335,120.24667418797812,0.04886968,0.2,5e-05,0.9548429250717163
979.57,1010,592,7274496,462.9193228099999,7196,6.894589507579804,0.1464386284351349,25420,-0.03850394704010493,109.374267578125,0.4828857421875,237.35147228240967,0.06015223,0.2,5e-05,0.9538368582725525
979.57,1012,593,7286784,451.75972005000006,7196,6.898404889305433,0.1462881714105606,25430,-0.0355296265265982,55.139610290527344,0.3933024088541667,173.61373887062072,0.042725656,0.2,5e-05,0.9498228430747986
979.57,1014,594,7299072,450.5218786499999,7196,6.888739794492722,0.1465422511100769,25440,-0.02434375860708921,46.96665954589844,0.5729166666666666,119.52232650121053,0.08173529,0.2,5e-05,0.966415524482727
972.85,1015,595,7311360,408.31391055999995,7197,6.883028600613276,0.1465011090040207,25450,-0.036418960098914495,48.38850784301758,0.4306233723958333,115.98276623090108,0.04691611,0.2,5e-05,0.9521278142929077
972.85,1017,596,7323648,359.17060449999997,7197,6.88957375784715,0.1463627964258194,25460,-0.04045193067771227,80.17078399658203,0.3942789713541667,174.1635846455892,0.044234812,0.2,5e-05,0.9541796445846558
972.54,1019,597,7335936,359.91013578999997,7197,6.891851551334063,0.14649590849876404,25470,-0.03872516552413193,66.87760162353516,0.4283447265625,153.74042472839355,0.04711026,0.2,5e-05,0.9591565132141113
977.38,1020,598,7348224,320.3828324,7197,6.882658098141352,0.14646631479263306,25480,-0.03382071369463423,27.38861846923828,0.5519287109375,81.933309674263,0.07162727,0.2,5e-05,0.9689862132072449
975.44,1022,599,7360512,382.99901762,7197,6.8914642890294395,0.1463814079761505,25490,-0.03508819851267617,57.95308303833008,0.479296875,141.67651995023093,0.05980565,0.2,5e-05,0.9639086127281189
985.3,1024,600,7372800,395.37234961,7197,6.893528337279956,0.14637063443660736,25500,-0.03452559412592867,20.71698570251465,0.49539388020833336,59.81041952768962,0.062507235,0.2,5e-05,0.965852677822113
985.3,1026,601,7385088,357.02853755999996,7197,6.898675812284152,0.14623813331127167,25510,-0.036702255357522515,88.41740417480469,0.4248046875,196.45810198783875,0.04714902,0.2,5e-05,0.9684401750564575
983.14,1027,602,7397376,366.70176851,7197,6.902267341812451,0.14627595245838165,25520,-0.03317267485448004,59.551448822021484,0.4311279296875,135.28169326782228,0.052493226,0.2,5e-05,0.9465029835700989
973.45,1029,603,7409664,399.8661938399999,7197,6.8974279473225275,0.1463857740163803,25530,-0.029146021983372825,35.440120697021484,0.5225504557291667,90.55937490463256,0.07729864,0.2,5e-05,0.9648445844650269
971.57,1031,604,7421952,347.02773670000005,7197,6.89813606441021,0.14635561406612396,25540,-0.040102552083165696,54.64810562133789,0.4318033854166667,149.70848898887635,0.054300353,0.2,5e-05,0.9388723969459534
971.2,1032,605,7434240,289.03608722,7197,6.8913854916890465,0.1465030461549759,25550,-0.03840308311143114,102.19055938720703,0.5232584635416667,206.89822664260865,0.06719629,0.2,5e-05,0.9571700096130371
967.31,1034,606,7446528,341.46625842000003,7197,6.880562676986059,0.1466212123632431,25560,-0.03739827800309285,62.43558883666992,0.39149576822916665,165.76304225921632,0.03939322,0.2,5e-05,0.9579572677612305
969.0,1036,607,7458816,295.8009581900001,7198,6.873414721091589,0.14668841660022736,25570,-0.036510044573515185,59.99332809448242,0.47600911458333334,100.65066529115042,0.063521154,0.2,5e-05,0.9616354703903198
965.55,1037,608,7471104,288.36574679000006,7197,6.87177369693915,0.14676529169082642,25580,-0.03433913272068215,120.43807983398438,0.4260660807291667,230.98233903249104,0.046748858,0.2,5e-05,0.9468027353286743
965.55,1039,609,7483392,307.74121758999996,7196,6.865702716509501,0.1467842161655426,25590,-0.03488726398985212,39.63380813598633,0.4845703125,107.17960602442423,0.058563363,0.2,5e-05,0.962356686592102
967.71,1041,610,7495680,323.13784097,7196,6.862641906738281,0.1467795968055725,25600,-0.03938541015862332,40.2820930480957,0.47288411458333335,108.72036689122518,0.060090154,0.2,5e-05,0.9263648986816406
980.46,1043,611,7507968,287.03067333,7196,6.849457997083664,0.14700305461883545,25610,-0.02754645865643397,48.444000244140625,0.5668863932291667,98.46002852121988,0.0894927,0.2,5e-05,0.9690139889717102
975.0,1044,612,7520256,352.34727437000004,7196,6.846107340852419,0.146977037191391,25620,-0.03970524901330161,101.91381072998047,0.41807454427083335,207.59132216771442,0.043324206,0.2,5e-05,0.935868501663208
965.98,1046,613,7532544,308.02048765,7196,6.848321086168289,0.14691521227359772,25630,-0.03709469085539847,64.01618194580078,0.41376953125,169.53096175193787,0.047603678,0.2,5e-05,0.9498899579048157
971.96,1048,614,7544832,348.24407364,7196,6.843586401144663,0.14700770378112793,25640,-0.03877565430302639,80.12224578857422,0.4511800130208333,157.8643390973409,0.056381565,0.2,5e-05,0.9657190442085266
971.96,1050,615,7557120,437.83160355000007,7196,6.841125945250194,0.14702121913433075,25650,-0.028141141534918764,36.01590347290039,0.5211995442708334,76.39796491463979,0.073359795,0.2,5e-05,0.9566609859466553
966.76,1051,616,7569408,447.77326732999995,7196,6.854855809609095,0.14670439064502716,25660,-0.03536789772042539,40.66167449951172,0.5040934244791667,101.24325204690298,0.062051266,0.2,5e-05,0.9691442251205444
966.76,1053,617,7581696,449.51574039,7196,6.860511409242948,0.1467212438583374,25670,-0.03728685721968456,62.26759338378906,0.47108561197916665,114.81288482348124,0.052254666,0.2,5e-05,0.9628693461418152
959.26,1055,618,7593984,370.3136111399999,7196,6.867050423224767,0.14658086001873016,25680,-0.034411412213618556,78.35408020019531,0.4365641276041667,142.26386774381,0.055149183,0.2,5e-05,0.9658359885215759
959.7,1056,619,7606272,360.4122753299999,7196,6.869583072264989,0.14659586548805237,25690,-0.03693643402075395,90.7063980102539,0.39838053385416666,203.36978969573974,0.04106307,0.2,5e-05,0.9395379424095154
964.36,1058,620,7618560,387.13801715999995,7196,6.8667595515648525,0.14660757780075073,25700,-0.029800840447326966,22.971101760864258,0.538232421875,65.31499230066935,0.08128095,0.2,5e-05,0.9597710967063904
976.76,1060,621,7630848,450.2142723699999,7196,6.866756746172905,0.14660929143428802,25710,-0.030581039512374748,48.55430221557617,0.5184000651041667,104.60307304064433,0.0730001,0.2,5e-05,0.9631714820861816
976.76,1062,622,7643136,444.96184966999994,7196,6.871433781584104,0.14651109278202057,25720,-0.03670266320696101,34.400943756103516,0.4599690755208333,102.8860061566035,0.053525105,0.2,5e-05,0.9630943536758423
966.09,1063,623,7655424,351.54103112000007,7196,6.878765174746514,0.14643484354019165,25730,-0.037039149114085984,63.18242263793945,0.38388671875,151.62197000185648,0.045220394,0.2,5e-05,0.9631975889205933
963.01,1065,624,7667712,303.52674265999997,7196,6.881995367010434,0.14644740521907806,25740,-0.03926102882251144,83.9056396484375,0.3948893229166667,195.8950732866923,0.041714936,0.2,5e-05,0.9471923112869263
958.64,1067,625,7680000,336.96899752999997,7196,6.88514697154363,0.14639703929424286,25750,-0.039300045582543436,53.240318298339844,0.4928466796875,110.14708251953125,0.058868956,0.2,5e-05,0.9634907245635986
967.42,1068,626,7692288,389.0752590800001,7196,6.887948563694954,0.14635786414146423,25760,-0.03478020806311785,29.501216888427734,0.5309977213541667,57.38242689768473,0.072136246,0.2,5e-05,0.9678775668144226
969.88,1070,627,7704576,367.47908388,7196,6.891962291797002,0.14628250896930695,25770,-0.0404342059220653,102.10318756103516,0.40581868489583334,195.36970252990722,0.039114863,0.2,5e-05,0.95688796043396
969.88,1072,628,7716864,400.67382940000005,7196,6.89244979818662,0.14633698761463165,25780,-0.03555514974480805,67.81317138671875,0.47552897135416666,149.16480735143026,0.053656887,0.2,5e-05,0.9650296568870544
967.15,1074,629,7729152,345.88392248,7196,6.897841247916221,0.14614850282669067,25790,-0.034628713350199784,17.286304473876953,0.5623128255208333,45.61795190572739,0.079669364,0.2,5e-05,0.9758429527282715
960.92,1075,630,7741440,369.24278158,7196,6.896845868229866,0.14616718888282776,25800,-0.03399152664933354,80.26607513427734,0.48003743489583334,153.67276074091595,0.06257797,0.2,5e-05,0.9740393161773682
962.8,1077,631,7753728,443.20355411,7196,6.900973485906919,0.14606694877147675,25810,-0.039286740446308005,77.78286743164062,0.3652262369791667,150.40568024317423,0.03788184,0.2,5e-05,0.9454668164253235
974.53,1079,632,7766016,437.2061196000001,7196,6.904261770844459,0.14600999653339386,25820,-0.03830173707004481,48.94545364379883,0.49558919270833335,95.1308128118515,0.06565795,0.2,5e-05,0.948823094367981
978.9,1080,633,7778304,377.38329544,7196,6.900559019049009,0.1461673229932785,25830,-0.0358322974241067,75.48761749267578,0.4745686848958333,160.62837991714477,0.060396317,0.2,5e-05,0.9293649196624756
978.9,1082,634,7790592,381.01647415,7196,6.898971215883891,0.14610953629016876,25840,-0.03596125900027498,65.24382019042969,0.4823404947916667,150.41541770299276,0.057565715,0.2,5e-05,0.9483110904693604
978.9,1084,635,7802880,422.88510226,7196,6.901582365234693,0.14610959589481354,25850,-0.03330282480528694,51.2723503112793,0.5284505208333333,112.6535815080007,0.0678255,0.2,5e-05,0.9746070504188538
977.99,1086,636,7815168,375.48778116,7196,6.908289562662443,0.14603976905345917,25860,-0.03930289821873885,57.7424201965332,0.42888997395833334,122.7329688390096,0.04250701,0.2,5e-05,0.9692647457122803
981.91,1087,637,7827456,412.12360363,7196,6.9206283509731295,0.14584116637706757,25870,-0.04309954617444115,93.37235260009766,0.42556966145833336,175.72336519559224,0.04845972,0.2,5e-05,0.9669808745384216
980.17,1089,638,7839744,330.76235281000004,7196,6.920882421731949,0.1459081619977951,25880,-0.03138627789836998,53.420166015625,0.5259114583333333,106.42125207583109,0.06510702,0.2,5e-05,0.9609600305557251
980.81,1091,639,7852032,346.9951759000001,7196,6.9185938795407615,0.14590679109096527,25890,-0.03932279560928388,64.51264953613281,0.40249837239583336,153.21565062204996,0.041267663,0.2,5e-05,0.9437164664268494
980.81,1092,640,7864320,401.63700016999996,7196,6.918594618638356,0.14580179750919342,25900,-0.03702974065818125,45.85343933105469,0.4917236328125,88.32351497809093,0.064358875,0.2,5e-05,0.95964515209198
980.81,1094,641,7876608,439.29281449000007,7196,6.925581363836924,0.14576159417629242,25910,-0.03463735868378232,23.586347579956055,0.50458984375,63.156234335899356,0.06466811,0.2,5e-05,0.961560070514679
975.43,1096,642,7888896,492.5978905400001,7196,6.925019871195158,0.14579884707927704,25920,-0.033431181322278763,16.846216201782227,0.5111328125,42.28794824282328,0.066042505,0.2,5e-05,0.9721047878265381
975.43,1097,643,7901184,459.4750358399999,7196,6.925944086909294,0.14588995277881622,25930,-0.03502585606183857,30.085620880126953,0.5126546223958334,100.75531100432077,0.063892044,0.2,5e-05,0.9781434535980225
978.5,1099,644,7913472,497.40753702,7196,6.917186270157496,0.14594155550003052,25940,-0.03341572312104593,32.39999771118164,0.5160319010416666,76.18086738586426,0.06972412,0.2,5e-05,0.9703271389007568
978.02,1101,645,7925760,468.53481736000003,7196,6.919324006636938,0.1458882838487625,25950,-0.04099367189677044,78.40018463134766,0.42278645833333334,190.34271993637086,0.046137284,0.2,5e-05,0.96144700050354
977.39,1103,646,7938048,567.7171186300001,7196,6.926586235562961,0.14587272703647614,25960,-0.03856116128930201,45.32436752319336,0.4359212239583333,106.96131482919057,0.047480017,0.2,5e-05,0.9766653776168823
985.54,1104,647,7950336,536.58991149,7196,6.935128186146418,0.1457061767578125,25970,-0.03795196058053989,32.54241943359375,0.4786295572916667,94.9041939496994,0.060146686,0.2,5e-05,0.9748001098632812
985.54,1106,648,7962624,544.4885736800001,7196,6.946566719810168,0.14563705027103424,25980,-0.03874212166313858,59.279911041259766,0.3817626953125,127.16858921051025,0.043810323,0.2,5e-05,0.9653244018554688
983.19,1108,649,7974912,537.6812189400001,7196,6.9455622355143225,0.14572568237781525,25990,-0.03411491105895645,63.07695770263672,0.45478515625,148.00812225341798,0.05436745,0.2,5e-05,0.951501190662384
982.31,1109,650,7987200,461.68449115000004,7196,6.9378868798414866,0.1458306759595871,26000,-0.029904708880349063,26.337051391601562,0.5544108072916667,92.48107688426971,0.08277771,0.2,5e-05,0.9692357182502747
979.77,1111,651,7999488,442.1029469,7196,6.934377503395081,0.145920529961586,26010,-0.038627394492505115,97.36063385009766,0.3961995442708333,192.85541095733643,0.04243924,0.2,5e-05,0.9526351690292358
980.25,1113,652,8011776,439.27936890999996,7196,6.930765487750372,0.1459924578666687,26020,-0.04309436692662227,111.76696014404297,0.415185546875,185.97546056111653,0.045806598,0.2,5e-05,0.9508470892906189
