time/iterations,time/fps,time/time_elapsed,rollout/ep_len_mean,rollout/ep_rew_mean,time/total_timesteps,train/learning_rate,train/clip_range,train/n_updates,train/loss,train/std,train/value_loss,train/explained_variance,train/policy_gradient_loss,train/entropy_loss,train/clip_fraction,train/approx_kl
1,11342,1,269.3666666666667,268.59830793333333,12288,,,,,,,,,,,
2,8576,2,322.39344262295083,331.81737618032787,24576,5e-05,0.2,17900,14.830769538879395,0.1591150164604187,45.78836739261945,0.893765926361084,-0.02943255675393933,5.844858660300573,0.21859537760416667,0.016733022
3,8004,4,357.6354166666667,372.46922887499994,36864,5e-05,0.2,17910,22.63172721862793,0.15917125344276428,80.9028535525004,0.9193477630615234,-0.03242403138186394,5.843187100688616,0.1796142578125,0.016159842
4,7784,6,402.24,425.9131403999999,49152,5e-05,0.2,17920,36.153564453125,0.15916657447814941,101.800403936704,0.9118214249610901,-0.03241686272861746,5.842017388343811,0.18253580729166666,0.01649919
5,7666,8,407.83,436.08040862999997,61440,5e-05,0.2,17930,66.94339752197266,0.15922339260578156,79.70499056577682,0.9316422343254089,-0.03147434506342203,5.839997386932373,0.2000244140625,0.017720051
6,7591,9,438.27,469.65754,73728,5e-05,0.2,17940,34.611995697021484,0.15913598239421844,92.69578269322713,0.9026996493339539,-0.03306422440024714,5.841391683618228,0.2691569010416667,0.023399107
7,7539,11,448.73,485.46841119000004,86016,5e-05,0.2,17950,30.459814071655273,0.15906447172164917,84.39572302897771,0.9182426929473877,-0.034285676392028105,5.847923656304677,0.28365885416666664,0.024358163
8,7499,13,431.68,462.7354720599999,98304,5e-05,0.2,17960,44.80651092529297,0.15906958281993866,93.5224142630895,0.9187137484550476,-0.03677787228710561,5.849971079826355,0.29522298177083334,0.027190767
9,7464,14,383.13,403.13380235999995,110592,5e-05,0.2,17970,35.91830825805664,0.1590455025434494,90.64978224436442,0.9302132725715637,-0.03757993400261815,5.849449716011683,0.32423502604166665,0.028033586
10,7443,16,406.26,431.4451607800001,122880,5e-05,0.2,17980,27.83387565612793,0.1589515656232834,95.35352582931519,0.9023904204368591,-0.0384890503618711,5.853621237476667,0.3490966796875,0.036380075
11,7421,18,414.58,438.86233882,135168,5e-05,0.2,17990,24.877138137817383,0.15889470279216766,58.13239796559016,0.9291039109230042,-0.03496698745293543,5.857598782579104,0.4563395182291667,0.049072355
12,7405,19,454.62,488.30603978000005,147456,5e-05,0.2,18000,41.03619384765625,0.15880857408046722,86.02283058166503,0.916829526424408,-0.035015577332039055,5.862894194324811,0.4269205729166667,0.041772176
13,7393,21,475.2,512.12126677,159744,5e-05,0.2,18010,38.600563049316406,0.15877938270568848,100.88568757375081,0.9140730500221252,-0.03482004585287844,5.8648412009080255,0.42775065104166665,0.042026814
14,7385,23,463.34,498.77122919999994,172032,5e-05,0.2,18020,23.349998474121094,0.15876494348049164,64.62147861321768,0.9208406805992126,-0.03176519452536013,5.866133543848991,0.4864420572916667,0.058279276
15,7376,24,472.95,515.02737909,184320,5e-05,0.2,18030,43.43448257446289,0.15884768962860107,58.847498854001365,0.9278874397277832,-0.02399265853552303,5.864723868171374,0.5109456380208334,0.05455361
16,7365,26,474.57,518.18459478,196608,5e-05,0.2,18040,24.273042678833008,0.15884950757026672,82.29810814062755,0.9101436138153076,-0.030854754206181192,5.86103008389473,0.46142578125,0.047127586
17,7357,28,470.53,520.40083739,208896,5e-05,0.2,18050,22.075580596923828,0.15880773961544037,63.56258163054784,0.9271650314331055,-0.023641630751565876,5.863631633917491,0.5279947916666666,0.054106463
18,7324,30,456.49,496.02701422999996,221184,5e-05,0.2,18060,37.06281280517578,0.1588757187128067,83.03114847342174,0.917890191078186,-0.029912635688864004,5.862606732050578,0.5076904296875,0.054952364
19,7258,32,463.14,503.39548538999986,233472,5e-05,0.2,18070,28.779048919677734,0.15880508720874786,87.46095224221547,0.9190525412559509,-0.034081807150990545,5.864177280664444,0.43798828125,0.043123897
20,7240,33,459.13,498.11037336000004,245760,5e-05,0.2,18080,29.73828125,0.1589236855506897,70.4091267267863,0.9195646047592163,-0.03024214488589981,5.861123285690943,0.49632161458333335,0.053527843
21,7235,35,457.9,490.36329041000005,258048,5e-05,0.2,18090,48.995967864990234,0.1588735431432724,71.41610039869944,0.911030650138855,-0.027186742391010436,5.859377016623815,0.5035725911458333,0.05737986
22,7237,37,485.13,522.79338458,270336,5e-05,0.2,18100,22.912521362304688,0.1587958037853241,70.31794437567393,0.9042675495147705,-0.02961286170175299,5.864831372102102,0.47857259114583334,0.050398443
23,7238,39,446.75,474.31552222000005,282624,5e-05,0.2,18110,32.389625549316406,0.15876658260822296,62.12465198437373,0.9242008924484253,-0.027453837103288,5.869006468852361,0.5281656901041667,0.061433617
24,7231,40,447.95,479.9473818000001,294912,5e-05,0.2,18120,48.67143630981445,0.1586720496416092,86.04696470101675,0.9211389422416687,-0.031937138953071556,5.873307305574417,0.48057454427083335,0.049007673
25,7216,42,457.57,494.15858489999994,307200,5e-05,0.2,18130,46.629539489746094,0.15853862464427948,73.2902068456014,0.8985685110092163,-0.0222205071671245,5.87853122651577,0.5322835286458333,0.06980004
26,7207,44,468.5,512.43789283,319488,5e-05,0.2,18140,13.297619819641113,0.1585749238729477,48.37885196208954,0.9215043187141418,-0.02514077188776961,5.883179929852486,0.5415690104166667,0.060119033
27,7196,46,506.29,559.9005006900001,331776,5e-05,0.2,18150,42.01667785644531,0.1586758941411972,82.61583886146545,0.9075472354888916,-0.02844395855014833,5.880123702685038,0.46465657552083334,0.042523656
28,7193,47,532.27,589.07623733,344064,5e-05,0.2,18160,26.401453018188477,0.15872476994991302,53.795278364419936,0.9159356951713562,-0.019282984431871833,5.873221172889074,0.5673909505208333,0.070213
29,7186,49,525.62,575.3587992500001,356352,5e-05,0.2,18170,49.10218811035156,0.1586744785308838,62.387176024913785,0.9127771258354187,-0.024945276855820944,5.875553920865059,0.5202067057291667,0.05029724
30,7178,51,507.58,550.4870313600001,368640,5e-05,0.2,18180,26.29888343811035,0.15868669748306274,72.33499624331792,0.9061787128448486,-0.02604272665824586,5.875941320260366,0.5160725911458334,0.06489716
31,7164,53,460.71,493.21384766000006,380928,5e-05,0.2,18190,19.60371208190918,0.15878820419311523,62.8817453622818,0.9210441708564758,-0.028054877371566058,5.8712425639232,0.5064208984375,0.057747748
32,7153,54,467.03,502.65121497,393216,5e-05,0.2,18200,25.96533203125,0.15880118310451508,57.71960122187932,0.9425733685493469,-0.03417457724281121,5.8666460355122885,0.45843098958333334,0.04937768
33,7142,56,475.18,514.2430969100001,405504,5e-05,0.2,18210,33.284912109375,0.15884672105312347,59.62683316667874,0.9105834364891052,-0.02794329763322215,5.860906865199407,0.5215494791666667,0.061106276
34,7136,58,488.41,530.33348844,417792,5e-05,0.2,18220,43.18281936645508,0.15885405242443085,81.70018273194631,0.9032325148582458,-0.025685442166286522,5.85966964662075,0.516650390625,0.05425878
35,7128,60,531.88,585.95910865,430080,5e-05,0.2,18230,27.830549240112305,0.15869936347007751,75.42604051033656,0.9014598727226257,-0.03248482832859736,5.865882256627083,0.46463216145833336,0.047385562
36,7132,62,556.92,617.66930007,442368,5e-05,0.2,18240,21.58445167541504,0.15867452323436737,37.54506543278694,0.9338632822036743,-0.027700188400922345,5.870871818065643,0.5390950520833333,0.061305225
37,7138,63,578.92,643.63080795,454656,5e-05,0.2,18250,26.855905532836914,0.15860767662525177,40.74737926125526,0.9375922679901123,-0.030197490116309685,5.876597298185031,0.5258544921875,0.060195282
38,7144,65,540.73,590.52381067,466944,5e-05,0.2,18260,56.109310150146484,0.15848858654499054,80.55047161579132,0.8837588429450989,-0.03080387766919254,5.88458526233832,0.4974283854166667,0.053737912
39,7149,67,531.47,576.79738224,479232,5e-05,0.2,18270,49.966949462890625,0.15841704607009888,79.5019584496816,0.9213942885398865,-0.029607853097453094,5.888001688321432,0.5082112630208333,0.05279484
40,7155,68,538.33,583.6534710100001,491520,5e-05,0.2,18280,48.093406677246094,0.15818636119365692,92.15979367097219,0.8808755278587341,-0.03010099419625476,5.899475225806237,0.4932454427083333,0.056693044
41,7160,70,511.58,548.6328967899999,503808,5e-05,0.2,18290,19.854196548461914,0.15829962491989136,80.0865570584933,0.9049513936042786,-0.021429222088772803,5.899179600675901,0.5417317708333333,0.05846591
42,7166,72,513.07,559.24193101,516096,5e-05,0.2,18300,28.215713500976562,0.15815512835979462,44.1525303085645,0.9394764304161072,-0.031631584863741104,5.9004945655663805,0.5085611979166667,0.051806245
43,7168,73,508.53,559.90669262,528384,5e-05,0.2,18310,27.96065330505371,0.1581457108259201,85.7596260468165,0.912705659866333,-0.025839647964069932,5.9083044419686,0.522509765625,0.053503692
44,7172,75,527.21,575.30589849,540672,5e-05,0.2,18320,10.778066635131836,0.15808959305286407,37.236604579289754,0.9411386251449585,-0.0222123660161742,5.91045992175738,0.5742024739583333,0.07528412
45,7178,77,503.46,553.8641277600001,552960,5e-05,0.2,18330,30.90599822998047,0.15798909962177277,57.47570699453354,0.9038752913475037,-0.03346052778263887,5.915497599045436,0.4698486328125,0.048682153
46,7183,78,496.47,541.2739001599999,565248,5e-05,0.2,18340,20.99003028869629,0.15794236958026886,57.36471785505613,0.932872474193573,-0.02887013999473614,5.919913625717163,0.5138346354166666,0.056975555
47,7187,80,495.63,533.38079629,577536,5e-05,0.2,18350,38.012332916259766,0.1578989177942276,81.69516320228577,0.9104724526405334,-0.03669423598767026,5.921214713652929,0.4932861328125,0.057724822
48,7190,82,494.79,535.51037017,589824,5e-05,0.2,18360,25.839834213256836,0.15791243314743042,51.0223415017128,0.91599440574646,-0.025266179645162385,5.92346958120664,0.5593343098958333,0.06405247
49,7194,83,488.44,528.1560533899999,602112,5e-05,0.2,18370,33.83098602294922,0.15782493352890015,60.968505171934765,0.9207597374916077,-0.029076671562506817,5.928963486353556,0.48467610677083334,0.05791594
50,7197,85,533.89,580.4497818699999,614400,5e-05,0.2,18380,15.264256477355957,0.15776199102401733,52.50136028528213,0.9264221787452698,-0.028372695476476414,5.936183269818624,0.51162109375,0.062750496
51,7201,87,526.36,569.58955119,626688,5e-05,0.2,18390,61.787925720214844,0.1578684002161026,69.71942880948384,0.9106958508491516,-0.031008242715809806,5.933977890014648,0.4900146484375,0.050455768
52,7205,88,510.99,551.26074974,638976,5e-05,0.2,18400,35.739463806152344,0.1578056961297989,64.95874024232229,0.9187381863594055,-0.032740030803446035,5.934233575065931,0.4724609375,0.049466033
53,7208,90,499.76,534.5437006999999,651264,5e-05,0.2,18410,27.30950355529785,0.1578742265701294,72.4265974799792,0.9044762253761292,-0.029078599582620275,5.93304147819678,0.5138427734375,0.056940097
54,7211,92,478.73,513.90553747,663552,5e-05,0.2,18420,54.39242172241211,0.15789097547531128,91.89558653036754,0.9053760766983032,-0.03186261386532958,5.9305873592694605,0.48098958333333336,0.049204573
55,7211,93,523.02,569.30330035,675840,5e-05,0.2,18430,20.598594665527344,0.1578301638364792,67.79003720680872,0.9062401056289673,-0.024772298421400288,5.934191145499548,0.5345296223958333,0.06431818
56,7214,95,559.9,615.89369266,688128,5e-05,0.2,18440,6.8597187995910645,0.15789200365543365,41.370439785718915,0.8924729228019714,-0.012165519381718089,5.9339537183443705,0.6122965494791667,0.07750529
57,7216,97,569.96,622.96593271,700416,5e-05,0.2,18450,22.948076248168945,0.15792132914066315,52.930479848384856,0.9094171524047852,-0.02762419280867713,5.931019968787829,0.5069173177083334,0.057827722
58,7219,98,610.17,675.30225378,712704,5e-05,0.2,18460,29.280363082885742,0.15788261592388153,53.85104393561681,0.9221832156181335,-0.028746028316284842,5.933114608128865,0.47849934895833335,0.047558535
59,7222,100,622.35,685.2282312300001,724992,5e-05,0.2,18470,40.445377349853516,0.15792058408260345,46.92496454119682,0.9019087553024292,-0.021145984826337855,5.929686833421389,0.5750732421875,0.07856238
60,7224,102,593.93,646.7108783899998,737280,5e-05,0.2,18480,20.195831298828125,0.15784598886966705,58.868939558664955,0.9196904301643372,-0.03156988432359261,5.931656547387441,0.43583984375,0.0412305
61,7227,103,599.85,657.1685381699999,749568,5e-05,0.2,18490,40.217716217041016,0.15775106847286224,57.755868923664096,0.9123003482818604,-0.026057906587569353,5.937881096204122,0.5070719401041667,0.05390578
62,7229,105,584.09,638.1042291399999,761856,5e-05,0.2,18500,11.226761817932129,0.15772657096385956,41.56984267433484,0.9171973466873169,-0.025323343997054812,5.943954995274543,0.5340494791666667,0.06342036
63,7232,107,591.36,643.2171312,774144,5e-05,0.2,18510,35.84674072265625,0.1576174944639206,64.89437574942907,0.9122914671897888,-0.03181081757841942,5.946551722288132,0.4708333333333333,0.051751215
64,7234,108,592.78,650.9240761000001,786432,5e-05,0.2,18520,29.524131774902344,0.15763136744499207,49.50702395041784,0.9054186940193176,-0.028595002006234913,5.950836926698685,0.5059814453125,0.054240867
65,7236,110,596.29,653.4694058,798720,5e-05,0.2,18530,11.824651718139648,0.15769942104816437,56.88774451812108,0.9000449776649475,-0.01518801082856953,5.94821790655454,0.6117106119791667,0.08352675
66,7238,112,589.32,643.69871403,811008,5e-05,0.2,18540,33.17228698730469,0.15770567953586578,57.1452582915624,0.9247475266456604,-0.02801297847133052,5.94489429195722,0.4862874348958333,0.048130333
67,7240,113,624.65,684.5366467000001,823296,5e-05,0.2,18550,15.386922836303711,0.15784187614917755,49.50024604002635,0.8789247274398804,-0.026414486679520146,5.935866068800291,0.5124267578125,0.05993207
68,7242,115,612.75,676.2951000499999,835584,5e-05,0.2,18560,35.530784606933594,0.15780790150165558,58.727745389938356,0.9061037302017212,-0.026453156225034035,5.933066951235135,0.4885335286458333,0.052002057
69,7244,117,628.92,694.4085955800001,847872,5e-05,0.2,18570,22.32030487060547,0.15771424770355225,54.33953559796016,0.9080153703689575,-0.02777010484423954,5.936388617753982,0.508447265625,0.05613442
70,7246,118,645.73,721.9329785099998,860160,5e-05,0.2,18580,31.569934844970703,0.15771342813968658,64.28583486477534,0.9025687575340271,-0.02887617538071936,5.944090935587883,0.5042154947916667,0.059123244
71,7247,120,678.79,759.5606591000001,872448,5e-05,0.2,18590,19.665279388427734,0.1576882153749466,30.925465613603592,0.9204213619232178,-0.01656110841431655,5.942197356621424,0.6063232421875,0.09911468
72,7249,122,668.88,750.6820177499999,884736,5e-05,0.2,18600,31.484920501708984,0.15780921280384064,46.8716127594312,0.896012544631958,-0.02559794732175457,5.940190484126409,0.5158854166666667,0.051643748
73,7251,123,670.22,749.95634821,897024,5e-05,0.2,18610,21.313762664794922,0.1577550321817398,43.72186726133029,0.9162793755531311,-0.025970505093088528,5.935372251272201,0.5121500651041667,0.05708902
74,7251,125,659.52,737.59120864,909312,5e-05,0.2,18620,7.915511608123779,0.15781500935554504,39.28392520546913,0.918820858001709,-0.027108794412439845,5.9358608543872835,0.4801025390625,0.049150992
75,7253,127,667.02,744.37392716,921600,5e-05,0.2,18630,28.34430694580078,0.15782029926776886,53.71235261360804,0.9159218668937683,-0.03582400432351278,5.932331677277883,0.42364095052083334,0.046734896
76,7254,128,574.63,626.78449244,933888,5e-05,0.2,18640,31.550506591796875,0.15791858732700348,69.92956552902858,0.8807724714279175,-0.030376577502465807,5.928077890475591,0.4919921875,0.0556608
77,7256,130,560.1,605.45320662,946176,5e-05,0.2,18650,44.449214935302734,0.15790215134620667,95.41732337474824,0.8959922194480896,-0.03066236921780122,5.92281576593717,0.4739176432291667,0.048161924
78,7257,132,552.33,591.9360048599999,958464,5e-05,0.2,18660,28.294591903686523,0.15780501067638397,70.83825069665909,0.9010383486747742,-0.02950149133588032,5.9292701025803884,0.49545084635416664,0.051064268
79,7259,133,565.41,608.1274836800001,970752,5e-05,0.2,18670,27.164997100830078,0.15780754387378693,60.52513049046198,0.8899117112159729,-0.023227350174662813,5.932868088285129,0.527978515625,0.059966486
80,7260,135,574.64,619.7756225100001,983040,5e-05,0.2,18680,18.71759605407715,0.15781134366989136,59.02063350280126,0.909739077091217,-0.025636428873015878,5.931484532356262,0.5114827473958333,0.05480599
81,7261,137,622.34,686.4830657299999,995328,5e-05,0.2,18690,6.057840824127197,0.15776757895946503,31.573223743836085,0.9252556562423706,-0.0197125398136753,5.935236150026322,0.569482421875,0.07436108
82,7263,138,606.75,667.9658363599998,1007616,5e-05,0.2,18700,36.90476608276367,0.15770353376865387,37.99086440702279,0.9177815914154053,-0.019320313262869603,5.936491514245669,0.581005859375,0.08067981
83,7264,140,621.59,691.1367639900001,1019904,5e-05,0.2,18710,31.768056869506836,0.15758605301380157,49.104875628153486,0.9319472908973694,-0.03245603018537319,5.950312234958013,0.46355794270833334,0.048426162
84,7265,142,649.38,727.2312444900001,1032192,5e-05,0.2,18720,38.53947830200195,0.1577633172273636,43.529141477743785,0.9208171367645264,-0.01512872736590604,5.946151611208916,0.5993082682291667,0.085463636
85,7267,143,638.35,717.5117222599999,1044480,5e-05,0.2,18730,21.76314353942871,0.15768788754940033,45.51701449553172,0.9163281321525574,-0.026872068024628486,5.940617227554322,0.483642578125,0.04359496
86,7268,145,669.04,749.5392743299999,1056768,5e-05,0.2,18740,14.793530464172363,0.1578017622232437,31.443754706780116,0.9326975345611572,-0.015020785953189867,5.939986048142115,0.59677734375,0.0891577
87,7270,147,676.47,755.31195148,1069056,5e-05,0.2,18750,12.539066314697266,0.15767793357372284,36.87642719546954,0.8995333313941956,-0.02907977504170655,5.94379121363163,0.4707112630208333,0.046143163
88,7271,148,698.82,783.97157756,1081344,5e-05,0.2,18760,13.485806465148926,0.15773609280586243,54.11421298384666,0.9129401445388794,-0.02846986523945816,5.946475450197855,0.47699381510416666,0.04694839
89,7272,150,709.47,796.23452711,1093632,5e-05,0.2,18770,30.56622314453125,0.1577388197183609,50.11177367568016,0.9020829796791077,-0.028073198017470227,5.949090379476547,0.4896728515625,0.05274549
90,7273,152,691.12,768.97960995,1105920,5e-05,0.2,18780,9.258660316467285,0.15762802958488464,46.85123580296834,0.9134716987609863,-0.027134830468761115,5.953540985782941,0.5109293619791667,0.05229331
91,7274,153,689.99,759.41489203,1118208,5e-05,0.2,18790,13.729540824890137,0.1575794219970703,52.41340276797612,0.9189721345901489,-0.0277144939735687,5.961551478505134,0.4700927734375,0.048260827
92,7273,155,655.35,718.05178226,1130496,5e-05,0.2,18800,6.4610209465026855,0.15752533078193665,36.607866607109706,0.9206584095954895,-0.02358225450007012,5.963950097560883,0.5361246744791667,0.07208065
93,7274,157,653.49,717.24647535,1142784,5e-05,0.2,18810,43.55263900756836,0.1575033813714981,67.31881410280863,0.9025095105171204,-0.027745610453227224,5.96576120754083,0.5022135416666667,0.050991844
94,7275,158,612.61,663.0876776399999,1155072,5e-05,0.2,18820,12.11105728149414,0.15743406116962433,56.35043742259344,0.9006203413009644,-0.028872466704342514,5.969249590237935,0.4908040364583333,0.05041982
95,7274,160,612.13,661.69804689,1167360,5e-05,0.2,18830,20.722841262817383,0.1572694480419159,51.234376297394434,0.9200226068496704,-0.025513319179299287,5.97792446911335,0.5249267578125,0.060259122
96,7276,162,621.9,682.4812567900002,1179648,5e-05,0.2,18840,23.890825271606445,0.15705253183841705,37.42003025213877,0.9251407384872437,-0.02236311367256955,5.991091282169024,0.5489420572916667,0.062072996
97,7277,163,647.81,714.5739779200002,1191936,5e-05,0.2,18850,9.03281307220459,0.1570146530866623,22.456543338298797,0.9432209730148315,-0.018815046575036833,6.002151277661324,0.6014241536458333,0.08097618
98,7278,165,660.56,725.8289132400001,1204224,5e-05,0.2,18860,14.792076110839844,0.15685509145259857,53.902327889204024,0.8901189565658569,-0.020986737167307486,6.009532822171847,0.5344482421875,0.061568033
99,7279,167,654.28,724.6543929499999,1216512,5e-05,0.2,18870,18.22075653076172,0.15688180923461914,34.114719281593956,0.9324422478675842,-0.019877338833369625,6.013820866743724,0.5606689453125,0.07804218
100,7280,168,682.15,760.4421385900001,1228800,5e-05,0.2,18880,34.8552131652832,0.15685580670833588,74.5002693772316,0.9072940945625305,-0.0285650598583743,6.016349456707636,0.4431559244791667,0.03978798
101,7281,170,651.41,717.8253928099999,1241088,5e-05,0.2,18890,19.536128997802734,0.1567450612783432,61.305800104141234,0.9134839177131653,-0.026649404686759227,6.0201795925696695,0.48753255208333335,0.051072333
102,7282,172,646.42,712.3481131200002,1253376,5e-05,0.2,18900,26.183012008666992,0.15661565959453583,56.08220584392548,0.9151958227157593,-0.029478013764795228,6.028359653552373,0.5203206380208333,0.066695146
103,7283,173,642.6,705.14935766,1265664,5e-05,0.2,18910,7.37931489944458,0.15667550265789032,46.17963528037071,0.8840161561965942,-0.01444660881437206,6.030192252993584,0.5975667317708333,0.09003892
104,7284,175,663.8,728.80396004,1277952,5e-05,0.2,18920,16.634227752685547,0.15657293796539307,47.54742837746938,0.9021892547607422,-0.025775951689380842,6.0330447316169735,0.5017333984375,0.054337572
105,7285,177,701.31,773.8072467500002,1290240,5e-05,0.2,18930,15.862189292907715,0.1565880924463272,39.21767918070157,0.9151852130889893,-0.01198582890307686,6.03581889073054,0.5864339192708333,0.07644305
106,7285,178,742.51,824.7871834299999,1302528,5e-05,0.2,18940,8.394794464111328,0.1565733551979065,31.995125111937522,0.9156625270843506,-0.019334326441943026,6.034691266218821,0.5782796223958333,0.07900995
107,7285,180,748.57,831.69143362,1314816,5e-05,0.2,18950,18.486431121826172,0.15656420588493347,32.87531321048736,0.912011444568634,-0.018904071432189085,6.038408190011978,0.564404296875,0.0697404
108,7285,182,680.17,744.99494789,1327104,5e-05,0.2,18960,30.62416648864746,0.1565108448266983,61.944248040517174,0.8846732974052429,-0.03120858228940051,6.044730150699616,0.4180094401041667,0.041802417
109,7285,183,671.47,735.72326031,1339392,5e-05,0.2,18970,18.38237762451172,0.1563662737607956,57.757860867182416,0.9354676008224487,-0.030374760359215238,6.053064081072807,0.4327473958333333,0.041874606
110,7285,185,691.45,761.07693122,1351680,5e-05,0.2,18980,13.580955505371094,0.1563374549150467,43.20123874545097,0.9216208457946777,-0.029159219039138408,6.060401003559431,0.502978515625,0.057704996
111,7286,187,643.53,695.87395599,1363968,5e-05,0.2,18990,5.623344421386719,0.15623198449611664,25.2320270438989,0.914280116558075,-0.027008107906052223,6.068034610152244,0.5420084635416667,0.068032235
112,7287,188,613.9,666.06273392,1376256,5e-05,0.2,19000,38.20197296142578,0.15632134675979614,84.01944195826849,0.8787410855293274,-0.027750527392102715,6.065071726838748,0.4722493489583333,0.05000986
113,7287,190,613.5,669.9406910500002,1388544,5e-05,0.2,19010,15.379213333129883,0.15621347725391388,79.21728557745615,0.8984416723251343,-0.024031524016269637,6.065227804581324,0.5058756510416667,0.049657468
114,7288,192,628.81,691.69195355,1400832,5e-05,0.2,19020,32.67177200317383,0.15630535781383514,68.02640155951183,0.9197694063186646,-0.022606660722279532,6.064851462841034,0.5193603515625,0.061150867
115,7287,193,607.74,668.83066121,1413120,5e-05,0.2,19030,13.914931297302246,0.15635859966278076,30.964579941829047,0.922018826007843,-0.023705606139265,6.061695367097855,0.553076171875,0.07424176
116,7288,195,633.96,700.84133558,1425408,5e-05,0.2,19040,13.348074913024902,0.15632957220077515,45.487026981512706,0.9024478197097778,-0.024709478603714766,6.0620384623607,0.5285563151041667,0.062176507
117,7288,197,658.29,725.89050694,1437696,5e-05,0.2,19050,29.59135627746582,0.1560937762260437,29.88297652800878,0.9353447556495667,-0.027200328217198453,6.071840659777323,0.5536376953125,0.07161742
118,7289,198,646.05,709.4483366400001,1449984,5e-05,0.2,19060,17.49760627746582,0.1561361402273178,55.25907298723857,0.9140542149543762,-0.02825710854085628,6.0734003980954485,0.4757893880208333,0.050109405
119,7289,200,657.85,719.4943178199999,1462272,5e-05,0.2,19070,36.3038330078125,0.15611347556114197,69.57226291894912,0.9046075940132141,-0.024620164637841904,6.0751230676968895,0.48681640625,0.053315226
120,7290,202,658.64,716.6166755899999,1474560,5e-05,0.2,19080,21.17645263671875,0.1561470627784729,41.79297071297963,0.8856143355369568,-0.013872779021039606,6.0759706864754355,0.6000895182291667,0.09000176
121,7291,203,648.61,707.32536053,1486848,5e-05,0.2,19090,40.78868865966797,0.15610574185848236,59.1989943365256,0.8941242098808289,-0.025713196905174603,6.079268411795298,0.4952311197916667,0.0607044
122,7292,205,659.95,728.2367961000001,1499136,5e-05,0.2,19100,20.861770629882812,0.15603499114513397,41.92641941507657,0.9130653142929077,-0.02009119990495189,6.086569534738858,0.5227701822916667,0.05343617
123,7292,207,682.76,758.36553279,1511424,5e-05,0.2,19110,13.63817024230957,0.15590053796768188,56.23191076715787,0.910773515701294,-0.02339015542335498,6.095582753419876,0.5273111979166667,0.05544603
124,7293,208,692.23,767.3368691399999,1523712,5e-05,0.2,19120,14.807930946350098,0.1557479053735733,47.05356659690539,0.8806438446044922,-0.015286742289026734,6.108483422795931,0.5912760416666667,0.07725313
125,7293,210,656.2,721.3297942,1536000,5e-05,0.2,19130,7.940995216369629,0.15580730140209198,38.15550136764844,0.9143546223640442,-0.02496456311879835,6.110113183657329,0.4905598958333333,0.05074212
126,7294,212,669.33,735.2254192099999,1548288,5e-05,0.2,19140,31.582454681396484,0.15566612780094147,58.595770273605986,0.9076071977615356,-0.02696479366616889,6.11422486503919,0.5067220052083333,0.054972917
127,7295,213,650.99,700.8263762600001,1560576,5e-05,0.2,19150,10.101818084716797,0.1556006819009781,42.06314582626025,0.9265393614768982,-0.022714120220431747,6.121430383125941,0.5191569010416667,0.0654707
128,7296,215,663.89,714.5258426600001,1572864,5e-05,0.2,19160,47.85299301147461,0.15558119118213654,61.63883664011955,0.906120777130127,-0.02022723045568758,6.120713443557421,0.5572998046875,0.059934687
129,7296,217,650.2,698.98546709,1585152,5e-05,0.2,19170,40.14141082763672,0.15555275976657867,67.75594557126364,0.8968124985694885,-0.02757243740876826,6.124407203992208,0.4825358072916667,0.05281979
130,7297,218,639.26,689.8951551299999,1597440,5e-05,0.2,19180,20.895448684692383,0.15566794574260712,54.171143076817195,0.9090880155563354,-0.018376784409338143,6.117519420385361,0.53564453125,0.05391012
131,7296,220,674.54,730.6765678799999,1609728,5e-05,0.2,19190,14.085451126098633,0.1556938886642456,63.34266961812973,0.916109561920166,-0.025505079311551528,6.109790400664012,0.5139241536458333,0.05399263
132,7296,222,669.25,728.2801591,1622016,5e-05,0.2,19200,12.976274490356445,0.15574593842029572,46.64035449028015,0.8561253547668457,-0.024643483206940195,6.11053047378858,0.5405924479166667,0.06741031
133,7297,223,665.44,719.3529040100001,1634304,5e-05,0.2,19210,27.088468551635742,0.15555651485919952,64.59154870510102,0.8934437036514282,-0.021563517451674365,6.117041110992432,0.5390787760416667,0.0651333
134,7298,225,663.03,718.7382110599999,1646592,5e-05,0.2,19220,28.961524963378906,0.15556539595127106,57.643754212061566,0.8916553258895874,-0.020181061747522714,6.12128584086895,0.5409749348958334,0.056399304
135,7298,227,694.66,750.8111062800001,1658880,5e-05,0.2,19230,30.004480361938477,0.1555609554052353,51.00782593687375,0.9074347019195557,-0.024244417385974278,6.121576863527298,0.5199300130208333,0.05692793
136,7299,228,685.99,741.3362167700001,1671168,5e-05,0.2,19240,39.36251449584961,0.15544062852859497,48.84545051058134,0.8740025758743286,-0.023888126602590393,6.127943681677182,0.5278645833333333,0.061944176
137,7299,230,627.91,676.60516856,1683456,5e-05,0.2,19250,12.642023086547852,0.15543751418590546,59.92678502202034,0.9016821384429932,-0.023174777290356965,6.13023600478967,0.5260091145833333,0.05568087
138,7300,232,653.83,714.42755822,1695744,5e-05,0.2,19260,30.95562744140625,0.15532900393009186,64.1890863776207,0.9079471826553345,-0.03352470723524069,6.134340009093284,0.44215494791666665,0.04467998
139,7300,233,626.61,679.8832249399999,1708032,5e-05,0.2,19270,14.647445678710938,0.1553192436695099,31.61554842789968,0.925297737121582,-0.02187051493965555,6.136198007067045,0.5571940104166667,0.06642584
140,7301,235,605.05,660.8420932700001,1720320,5e-05,0.2,19280,31.940074920654297,0.15537624061107635,48.776568712790805,0.911026120185852,-0.023367926435700306,6.13203385969003,0.5271240234375,0.056443807
141,7302,237,616.37,674.14398653,1732608,5e-05,0.2,19290,17.685882568359375,0.15539318323135376,59.5267054994901,0.8808872103691101,-0.021304638204552855,6.128927111625671,0.5544270833333333,0.06078272
142,7302,238,639.69,706.6415311699998,1744896,5e-05,0.2,19300,30.525426864624023,0.15543435513973236,50.045245534181596,0.9117186665534973,-0.02613553941482678,6.127869913975398,0.5153238932291667,0.058019165
143,7302,240,647.89,710.2421006500001,1757184,5e-05,0.2,19310,27.374916076660156,0.15524452924728394,49.39886171420415,0.9135065078735352,-0.028201518217974807,6.134917752941449,0.5063232421875,0.05441053
144,7302,242,664.94,731.02503876,1769472,5e-05,0.2,19320,21.037939071655273,0.15527941286563873,52.888522110382716,0.8990895748138428,-0.018169565107867432,6.139652660489082,0.5611165364583334,0.07053394
145,7303,243,688.07,753.4251129299998,1781760,5e-05,0.2,19330,30.618188858032227,0.15539783239364624,34.751157272855444,0.9251068830490112,-0.0155481872347688,6.131472607453664,0.5787760416666666,0.07753532
146,7304,245,698.56,764.6217325100001,1794048,5e-05,0.2,19340,16.550485610961914,0.15543301403522491,40.45956946810087,0.9097051620483398,-0.021595985118377334,6.12592616379261,0.564990234375,0.071957044
147,7304,247,698.99,768.6841466999999,1806336,5e-05,0.2,19350,13.736851692199707,0.15540717542171478,34.5665023068587,0.921190083026886,-0.022323973549646325,6.126637545228005,0.54609375,0.06164968
148,7305,248,700.4,768.7335887399998,1818624,5e-05,0.2,19360,51.34092712402344,0.1554557830095291,51.547454210122424,0.8992591500282288,-0.025416988077631687,6.126940033833185,0.4781575520833333,0.042415347
149,7305,250,714.26,786.84620577,1830912,5e-05,0.2,19370,25.863386154174805,0.15534448623657227,50.4100813349088,0.9114977121353149,-0.03249567415817486,6.131627253691355,0.45126953125,0.05067907
150,7305,252,675.75,740.6631048700001,1843200,5e-05,0.2,19380,19.18138885498047,0.1552683711051941,47.339695344368614,0.8903772234916687,-0.025792913293116726,6.137757299343745,0.4966634114583333,0.058320656
151,7305,253,645.63,704.7966094200002,1855488,5e-05,0.2,19390,17.686643600463867,0.1551402509212494,44.624542995293936,0.9405648112297058,-0.021142980118747802,6.140672659873962,0.5678466796875,0.072075434
152,7306,255,655.93,712.70182342,1867776,5e-05,0.2,19400,33.60618591308594,0.15520744025707245,46.18386952082316,0.9345939755439758,-0.02832744051120244,6.143355144063632,0.49326171875,0.056956887
153,7306,257,646.55,702.8123437100002,1880064,5e-05,0.2,19410,30.549705505371094,0.15504367649555206,64.63938245177269,0.8979194760322571,-0.025151565473061056,6.146723166108131,0.5088704427083334,0.05558591
154,7307,258,617.76,667.88356073,1892352,5e-05,0.2,19420,25.52524757385254,0.15492063760757446,42.297351902723314,0.9098005294799805,-0.023118138332210946,6.158498252431552,0.5394775390625,0.06686463
155,7307,260,637.59,700.7653770000001,1904640,5e-05,0.2,19430,26.460777282714844,0.1550038754940033,66.11019888321559,0.902990996837616,-0.03205699534688999,6.154871910810471,0.46580403645833335,0.045436982
156,7307,262,636.18,703.46051253,1916928,5e-05,0.2,19440,20.35329246520996,0.155081644654274,38.89514532784621,0.904441237449646,0.0034146945069854456,6.147780927022298,0.6694010416666667,0.10340026
157,7308,263,642.83,712.5950018,1929216,5e-05,0.2,19450,25.56023406982422,0.15492014586925507,51.6198719282945,0.9048187732696533,-0.02558350559459844,6.156337906916936,0.48446451822916664,0.052641775
158,7308,265,643.55,713.1247128799998,1941504,5e-05,0.2,19460,14.404372215270996,0.1549258977174759,60.838238485654195,0.8898998498916626,-0.01683735298186851,6.16136466662089,0.5594889322916666,0.0665094
159,7308,267,655.82,732.6673474500001,1953792,5e-05,0.2,19470,36.01041030883789,0.15491469204425812,54.5127154926459,0.9031298160552979,-0.027466130080089593,6.161149915059408,0.4820068359375,0.05328254
160,7309,268,639.1,710.6878519,1966080,5e-05,0.2,19480,15.082761764526367,0.15484905242919922,50.286843027671175,0.8490159511566162,-0.023862660575832705,6.163459858298301,0.51787109375,0.057601314
161,7309,270,645.12,711.33857685,1978368,5e-05,0.2,19490,37.876014709472656,0.1548326164484024,62.16087543964386,0.9168515801429749,-0.03410688502966271,6.165688325961431,0.447265625,0.043840546
162,7309,272,622.01,686.1083546799999,1990656,5e-05,0.2,19500,44.31727600097656,0.15484905242919922,63.33358560800552,0.8947475552558899,-0.02621247184239716,6.164908786614736,0.5210856119791667,0.063350305
163,7308,274,625.59,691.8101663499999,2002944,5e-05,0.2,19510,37.90670394897461,0.1547517329454422,70.75292293230693,0.9120140075683594,-0.019133228778082413,6.168997057278951,0.5220377604166667,0.05457167
164,7307,275,613.87,669.1577353399999,2015232,5e-05,0.2,19520,37.12133026123047,0.1548168808221817,68.88618613878886,0.8903211355209351,-0.02840695483998085,6.167536611358325,0.5176432291666667,0.0558853
165,7307,277,650.35,710.86460584,2027520,5e-05,0.2,19530,8.490132331848145,0.1548508107662201,36.8037717739741,0.9095368981361389,-0.021878468210343272,6.164500477910042,0.5660237630208333,0.07686394
166,7307,279,669.09,740.52502383,2039808,5e-05,0.2,19540,29.552749633789062,0.15511934459209442,37.11593218743801,0.9122048616409302,-0.0002925429318565875,6.150276892383894,0.668310546875,0.103489935
167,7307,280,660.46,732.83072473,2052096,5e-05,0.2,19550,44.031490325927734,0.15516594052314758,37.377453698714575,0.9196354746818542,-0.027325476670618323,6.142121357719104,0.4458251953125,0.04645117
168,7306,282,657.87,729.5222610900001,2064384,5e-05,0.2,19560,33.41006088256836,0.15507449209690094,51.67481635014216,0.9079139232635498,-0.028085900964409424,6.146586820483208,0.4813232421875,0.053489972
169,7306,284,608.28,672.68771259,2076672,5e-05,0.2,19570,17.22027587890625,0.1551019698381424,68.84201440016429,0.9146353006362915,-0.029890718734047066,6.149894451101621,0.4523193359375,0.04925342
170,7307,285,586.76,649.10645333,2088960,5e-05,0.2,19580,40.7085075378418,0.1549958884716034,84.8442689816157,0.9006887078285217,-0.02683054805675056,6.153819876909256,0.46953125,0.046156455
171,7307,287,586.46,638.44852705,2101248,5e-05,0.2,19590,13.228662490844727,0.15489380061626434,51.061175034443536,0.9073547124862671,-0.02992761933322375,6.160556594530742,0.48822428385416666,0.054113526
172,7307,289,613.08,666.73094773,2113536,5e-05,0.2,19600,16.078262329101562,0.15495574474334717,39.4894316971302,0.9085628986358643,-0.023051507405762096,6.157704426844915,0.5700602213541667,0.06558088
173,7308,290,615.76,672.4112996599999,2125824,5e-05,0.2,19610,11.493879318237305,0.15492834150791168,54.36043121019999,0.8849795460700989,-0.022374669294610308,6.156373169024786,0.5397623697916667,0.058478966
174,7308,292,649.78,713.8415435899999,2138112,5e-05,0.2,19620,15.652621269226074,0.15494082868099213,39.5644066264232,0.9175132513046265,-0.025444311698083765,6.15640752017498,0.5264892578125,0.05403303
175,7308,294,659.94,726.51552631,2150400,5e-05,0.2,19630,12.492494583129883,0.15493185818195343,40.55647361278534,0.911142885684967,-0.02331706676147102,6.156762715180715,0.557080078125,0.0709941
176,7308,295,646.41,713.0635090200002,2162688,5e-05,0.2,19640,29.37752342224121,0.15493391454219818,69.01586194833119,0.902593195438385,-0.029758472775574772,6.157971013585726,0.473388671875,0.04477759
177,7308,297,632.56,692.8041581000001,2174976,5e-05,0.2,19650,32.29705047607422,0.15497060120105743,61.50543417135874,0.910149335861206,-0.030170904609258288,6.15670529405276,0.4699625651041667,0.052867964
178,7307,299,603.64,663.41446829,2187264,5e-05,0.2,19660,24.05204200744629,0.1549864262342453,51.64374399979909,0.9149709939956665,-0.027173006084437172,6.156322042147319,0.49224446614583334,0.04891448
179,7308,300,576.21,627.73829972,2199552,5e-05,0.2,19670,23.860143661499023,0.15482018887996674,63.38805438081423,0.9148300886154175,-0.019536008708140193,6.158373963832855,0.5459879557291667,0.06793111
180,7308,302,600.35,655.2778990600001,2211840,5e-05,0.2,19680,28.8234920501709,0.1548885554075241,49.06092958251635,0.9182243943214417,-0.02246430781669915,6.164015568296114,0.5254964192708333,0.0655519
181,7307,304,588.65,642.75360477,2224128,5e-05,0.2,19690,17.805891036987305,0.15489931404590607,58.26970258156459,0.9128121137619019,-0.02377693986733599,6.1624410678943,0.55517578125,0.060674068
182,7306,306,603.51,660.39291226,2236416,5e-05,0.2,19700,18.9854679107666,0.15490815043449402,78.78749327262243,0.8865069150924683,-0.02855398532798669,6.161704991261164,0.5282796223958334,0.06252187
183,7307,307,628.64,686.5301870999999,2248704,5e-05,0.2,19710,20.04812240600586,0.15499462187290192,44.11113308668136,0.8920167088508606,-0.025736823809468963,6.1564173102378845,0.5298583984375,0.06424468
184,7307,309,655.62,721.05889771,2260992,5e-05,0.2,19720,11.373600959777832,0.1549282819032669,29.214537822206815,0.9131466150283813,-0.022515411446996345,6.1554064631462095,0.5682047526041667,0.06947883
185,7307,311,669.36,737.66420632,2273280,5e-05,0.2,19730,23.623308181762695,0.15482647716999054,44.50952176054319,0.9246959686279297,-0.031019038110389374,6.161299888292948,0.4705078125,0.05085023
186,7307,312,710.18,784.5385542999998,2285568,5e-05,0.2,19740,4.798593997955322,0.15484802424907684,36.026339729626976,0.8988500237464905,-0.016143863328519123,6.162013314167658,0.59326171875,0.07748058
187,7307,314,713.39,791.6751260600001,2297856,5e-05,0.2,19750,9.840076446533203,0.15471668541431427,29.55860331058502,0.8900174498558044,-0.02041342325101141,6.166901430487632,0.5701578776041667,0.09086189
188,7307,316,669.01,734.3508844500002,2310144,5e-05,0.2,19760,29.039981842041016,0.15470995008945465,60.477644304434456,0.8999226689338684,-0.025603898895011905,6.169728763898214,0.464013671875,0.043833584
189,7307,317,666.72,732.08601956,2322432,5e-05,0.2,19770,27.994550704956055,0.15464664995670319,48.968231507142384,0.921696662902832,-0.028861531206833508,6.169822015364965,0.4768473307291667,0.058981832
190,7307,319,692.29,765.65970094,2334720,5e-05,0.2,19780,11.008578300476074,0.15457777678966522,41.547330077489214,0.9133740663528442,-0.025271746469661592,6.173625820875168,0.5219156901041667,0.05671232
191,7307,321,637.36,693.58558304,2347008,5e-05,0.2,19790,17.45049285888672,0.15452520549297333,43.698614517847695,0.8993421196937561,-0.02106702407472767,6.1795433809359865,0.5521158854166667,0.07182146
192,7308,322,657.7,723.8992372900002,2359296,5e-05,0.2,19800,16.684810638427734,0.15450447797775269,50.42614912390709,0.9076055884361267,-0.033007235356490125,6.182887414097786,0.460595703125,0.046320513
193,7308,324,687.21,757.2531385700001,2371584,5e-05,0.2,19810,10.177209854125977,0.1545373797416687,51.79956403374672,0.882254958152771,-0.01595733599679079,6.181046409408252,0.5615804036458333,0.076939486
194,7308,326,709.71,780.3109315600002,2383872,5e-05,0.2,19820,16.003515243530273,0.15449245274066925,61.86301240126292,0.8892055153846741,-0.029416209010135693,6.182694986462593,0.4684814453125,0.047441076
195,7308,327,707.06,773.9099771699999,2396160,5e-05,0.2,19830,12.818490028381348,0.15452009439468384,37.44008870522181,0.9054504036903381,-0.02292404788216421,6.182827777663866,0.5546061197916666,0.068665214
196,7309,329,725.94,793.40388809,2408448,5e-05,0.2,19840,16.983762741088867,0.15446554124355316,33.05100355744362,0.9111288189888,-0.02705202601015723,6.186392737428347,0.5420735677083334,0.06674414
197,7309,331,719.3,793.4638139599998,2420736,5e-05,0.2,19850,14.899018287658691,0.15442176163196564,51.54055817524592,0.8771032691001892,-0.016517051755605885,6.189111445347468,0.5762044270833333,0.068535715
198,7309,332,713.16,782.2751630099999,2433024,5e-05,0.2,19860,39.604461669921875,0.15430010855197906,58.74118614196777,0.8954171538352966,-0.02842410080290089,6.194335864981015,0.45990397135416666,0.046072472
199,7309,334,732.47,810.76499477,2445312,5e-05,0.2,19870,17.692115783691406,0.15437544882297516,55.20462703903516,0.8822519183158875,-0.023608504224102943,6.1942012935876845,0.5401448567708333,0.072690226
200,7309,336,721.36,804.2958052600001,2457600,5e-05,0.2,19880,6.777798175811768,0.15446941554546356,22.26695617735386,0.9062955379486084,-0.012080463521609392,6.189591824014982,0.6429606119791667,0.10282767
201,7309,337,700.2,782.0421584599999,2469888,5e-05,0.2,19890,19.06940269470215,0.15439505875110626,51.98972789843877,0.8959386348724365,-0.023404667981473417,6.191582760214805,0.5111653645833333,0.055594712
202,7309,339,698.32,779.4610082299998,2482176,5e-05,0.2,19900,33.09493637084961,0.15436460077762604,53.893096190691,0.9077255129814148,-0.03176404315260394,6.19096727569898,0.43145345052083334,0.04373789
203,7309,341,673.52,750.0586158999998,2494464,5e-05,0.2,19910,14.182575225830078,0.154475137591362,43.93731930454572,0.8973555564880371,-0.015328696773697933,6.187208032608032,0.561474609375,0.086910635
204,7310,342,646.58,714.1283092299999,2506752,5e-05,0.2,19920,25.797378540039062,0.15448717772960663,45.165956815083824,0.9196956157684326,-0.02547538501676172,6.180717651049296,0.5387776692708334,0.064291656
205,7309,344,665.33,740.485527,2519040,5e-05,0.2,19930,29.90036964416504,0.1542791724205017,48.54461120168368,0.9156371355056763,-0.028535560160526073,6.187091828385989,0.475244140625,0.054764017
206,7309,346,679.73,757.2934470399999,2531328,5e-05,0.2,19940,11.201191902160645,0.15408851206302643,36.27407022416592,0.9143144488334656,-0.01840574948194747,6.200558150808017,0.5790120442708333,0.08495358
207,7309,348,659.4,729.77706532,2543616,5e-05,0.2,19950,22.66411781311035,0.15402187407016754,57.652315433820085,0.8855088949203491,-0.024912256182869897,6.209175748626391,0.488134765625,0.05372723
208,7309,349,656.42,719.9069306600001,2555904,5e-05,0.2,19960,30.499032974243164,0.15406928956508636,52.34053940176964,0.9214807152748108,-0.030374229955486953,6.21150508026282,0.4309814453125,0.041708972
209,7309,351,697.97,773.40155576,2568192,5e-05,0.2,19970,33.321903228759766,0.1540558934211731,61.48874851465225,0.8852095007896423,-0.020185278097051194,6.212145050366719,0.5376139322916667,0.059396684
210,7309,353,659.22,722.48836487,2580480,5e-05,0.2,19980,8.329544067382812,0.15404629707336426,25.445429576436677,0.9204043745994568,-0.023427110765866625,6.2132912586132685,0.5635986328125,0.07763845
211,7309,354,653.31,714.3182327899999,2592768,5e-05,0.2,19990,25.0314884185791,0.15389907360076904,63.8625190337499,0.9102563858032227,-0.03000899496449468,6.219103380044301,0.44998372395833336,0.04215072
212,7310,356,651.61,721.6736965700002,2605056,5e-05,0.2,20000,19.818092346191406,0.15394620597362518,45.66346258421739,0.8970053791999817,-0.014204262548688954,6.223869029680888,0.5906656901041667,0.08145801
213,7310,358,648.85,721.9663100099999,2617344,5e-05,0.2,20010,5.559945583343506,0.1539180874824524,28.671036847432454,0.9290065169334412,-0.019936265752282148,6.221482912699382,0.5578857421875,0.06359663
214,7310,359,663.44,738.8964097699999,2629632,5e-05,0.2,20020,21.573698043823242,0.15375995635986328,69.90367695887883,0.8840841054916382,-0.02076171114167664,6.22764274974664,0.49058430989583335,0.04931234
215,7310,361,651.22,725.2436877900001,2641920,5e-05,0.2,20030,18.340137481689453,0.15367473661899567,46.18137286106745,0.9106643199920654,-0.026793511742046878,6.2305557777484255,0.489306640625,0.055705924
216,7310,363,636.21,706.8642773200002,2654208,5e-05,0.2,20040,26.56756591796875,0.15364503860473633,54.798103765646616,0.9067922830581665,-0.024573836081738895,6.233107774456342,0.4994710286458333,0.05946529
217,7310,364,621.65,681.51744053,2666496,5e-05,0.2,20050,14.906418800354004,0.1536901444196701,65.01535292069117,0.900537371635437,-0.026332604496080117,6.232228807608286,0.5170572916666667,0.055920586
218,7310,366,646.72,707.2550789300002,2678784,5e-05,0.2,20060,40.4810791015625,0.15363793075084686,57.31311199466388,0.8902892470359802,-0.025416496500353485,6.229903159538905,0.529248046875,0.060039658
219,7310,368,626.08,677.4681310299999,2691072,5e-05,0.2,20070,32.8051643371582,0.15372341871261597,37.71429161032041,0.885572075843811,-0.02146163725798639,6.231147193908692,0.5485270182291667,0.078626215
220,7310,369,654.25,713.3772972399998,2703360,5e-05,0.2,20080,32.82352066040039,0.1536308079957962,65.16601435740789,0.8863475322723389,-0.026806237858060435,6.235288706421852,0.5155924479166667,0.05633614
221,7311,371,676.49,736.7411368500001,2715648,5e-05,0.2,20090,44.2783203125,0.15372268855571747,50.63070498307546,0.9038492441177368,-0.00792199389640397,6.235936729113261,0.6219319661458333,0.10308665
222,7311,373,673.13,737.1381380499998,2727936,5e-05,0.2,20100,14.29013442993164,0.1536664366722107,49.54815878868103,0.8942968249320984,-0.02652893898048205,6.235427488883336,0.5206136067708333,0.06284649
223,7311,374,655.74,721.7291950099998,2740224,5e-05,0.2,20110,30.75493812561035,0.15363238751888275,60.037787199020386,0.8952427506446838,-0.022604006708327993,6.236933586001396,0.5197102864583333,0.05445598
224,7310,376,665.53,738.6236090299999,2752512,5e-05,0.2,20120,22.475778579711914,0.15373525023460388,43.2888473590215,0.9104869961738586,-0.024645564481033944,6.232137422760328,0.50576171875,0.053965192
225,7310,378,684.98,757.32282673,2764800,5e-05,0.2,20130,6.880481243133545,0.15387891232967377,27.63849445581436,0.9138830900192261,-0.014082881190794675,6.218621352314949,0.6202229817708333,0.09081677
226,7310,379,680.11,750.9107959500001,2777088,5e-05,0.2,20140,49.802284240722656,0.15380533039569855,51.756788496176405,0.8958272337913513,-0.019080829108133912,6.218208594123523,0.5347086588541666,0.06502141
227,7310,381,668.39,736.51016649,2789376,5e-05,0.2,20150,21.39215850830078,0.15366019308567047,41.10494127968947,0.9007231593132019,-0.014588876005533772,6.223179998000463,0.5818684895833334,0.077594906
228,7309,383,674.32,739.9869697000001,2801664,5e-05,0.2,20160,69.76596069335938,0.15351107716560364,71.01875977516174,0.8953654766082764,-0.029284672866924665,6.230965573589007,0.4738850911458333,0.048722584
229,7307,385,678.51,743.4033005300001,2813952,5e-05,0.2,20170,7.851553916931152,0.1533348560333252,43.691700267791745,0.9196169972419739,-0.026235182887952156,6.244097793102265,0.5242431640625,0.054329235
230,7303,386,656.09,714.56538598,2826240,5e-05,0.2,20180,10.101496696472168,0.15327373147010803,71.53033572832743,0.8813497424125671,-0.02399278136823947,6.253177389502525,0.5211507161458333,0.059767928
231,7301,388,635.2,689.87227119,2838528,5e-05,0.2,20190,8.482792854309082,0.15334919095039368,39.54660503466924,0.9219575524330139,-0.02276402214859748,6.252673115332922,0.536181640625,0.05548491
232,7294,390,607.76,655.5606227,2850816,5e-05,0.2,20200,13.603833198547363,0.15339143574237823,69.32633838653564,0.9066141247749329,-0.025947716687611925,6.246440047025681,0.49725748697916666,0.05006158
233,7290,392,629.86,680.90702401,2863104,5e-05,0.2,20210,27.856752395629883,0.15340910851955414,83.77969856262207,0.8870776295661926,-0.019294546271945972,6.246710193157196,0.5217366536458333,0.056445017
234,7288,394,642.34,697.0993401700001,2875392,5e-05,0.2,20220,29.10157012939453,0.15348832309246063,34.98917692701022,0.9036906361579895,-0.025281479065597523,6.247519955039024,0.5377766927083333,0.06494892
235,7287,396,633.37,682.8859848500001,2887680,5e-05,0.2,20230,23.3225040435791,0.15353219211101532,46.46300693750381,0.9094557166099548,-0.0240607530567407,6.244391016165415,0.5240559895833333,0.05855309
236,7285,398,633.28,680.88586161,2899968,5e-05,0.2,20240,28.16329002380371,0.15349379181861877,73.54120024840037,0.8985427618026733,-0.027214145738253138,6.244777378439903,0.4937744140625,0.045307536
237,7284,399,665.25,721.2057982399998,2912256,5e-05,0.2,20250,48.820491790771484,0.15346921980381012,53.40212033987045,0.8975114226341248,-0.021159111579375653,6.2482757786909735,0.5396321614583334,0.055706773
238,7281,401,677.44,741.7126239999999,2924544,5e-05,0.2,20260,25.25172996520996,0.15331590175628662,63.0415066242218,0.8746325969696045,-0.023010909304139203,6.253893387317658,0.5348388671875,0.05461812
239,7278,403,689.23,757.0421829200001,2936832,5e-05,0.2,20270,31.157939910888672,0.1534584015607834,40.82883559664091,0.9106534123420715,-0.019523972465928335,6.25284582277139,0.5581705729166667,0.07109543
240,7278,405,674.99,742.89954448,2949120,5e-05,0.2,20280,26.596899032592773,0.15352541208267212,59.786184481779735,0.8733968138694763,-0.024316047726703496,6.2471421509981155,0.5217936197916667,0.06138597
241,7277,406,703.12,776.5979997400001,2961408,5e-05,0.2,20290,15.72752571105957,0.15357905626296997,54.33485025962194,0.8951054215431213,-0.01925241131975781,6.241132539510727,0.5435872395833333,0.07262182
242,7277,408,702.83,773.3021010899997,2973696,5e-05,0.2,20300,15.184345245361328,0.15372133255004883,36.88035209476948,0.9142400026321411,-0.009936216853869457,6.232454259196917,0.6212646484375,0.081719026
243,7276,410,701.25,763.9197293100001,2985984,5e-05,0.2,20310,17.20049476623535,0.15369321405887604,28.650793508688608,0.9308677911758423,-0.015528655290836468,6.230040960510572,0.6091145833333333,0.0831771
244,7276,412,691.31,751.2149736200001,2998272,5e-05,0.2,20320,8.894046783447266,0.15369464457035065,43.110642294089,0.9065094590187073,-0.028059743398140807,6.229745730757713,0.4683430989583333,0.05143286
245,7276,413,702.13,763.37837648,3010560,5e-05,0.2,20330,17.49628257751465,0.15376363694667816,39.972420156002045,0.9031632542610168,-0.023984057154787783,6.227023795247078,0.5014811197916667,0.059493065
246,7274,415,691.95,752.13404813,3022848,5e-05,0.2,20340,19.51959991455078,0.15381914377212524,36.325149688124654,0.8816022872924805,-0.020783463861638058,6.222911245624224,0.5414876302083333,0.058857918
247,7274,417,694.83,755.1218142800001,3035136,5e-05,0.2,20350,15.992711067199707,0.15386785566806793,51.66096581220627,0.9191750288009644,-0.030890872906214402,6.216859180728594,0.448291015625,0.041585837
248,7273,418,685.32,745.37113265,3047424,5e-05,0.2,20360,30.1429443359375,0.1538373976945877,53.28077469468117,0.8912367224693298,-0.028875253491666322,6.219423415263494,0.5016927083333333,0.05637442
249,7271,420,692.44,754.0904432900002,3059712,5e-05,0.2,20370,16.345537185668945,0.15379810333251953,36.744998049736026,0.9164080619812012,-0.024669080799988783,6.219822403788567,0.524560546875,0.07387037
250,7269,422,688.15,751.4188557100001,3072000,5e-05,0.2,20380,27.457895278930664,0.1538764238357544,51.88305163184802,0.9053671956062317,-0.020270304643781857,6.217865432302157,0.5691569010416667,0.06758031
251,7269,424,653.87,711.41574442,3084288,5e-05,0.2,20390,53.937259674072266,0.15386377274990082,41.59664205511411,0.9120582342147827,-0.014647374269164478,6.214173915982246,0.60029296875,0.072306305
252,7268,426,692.75,756.37043999,3096576,5e-05,0.2,20400,31.04456901550293,0.1538199633359909,63.20683480898539,0.9196410179138184,-0.017332066662978225,6.219126337766648,0.531689453125,0.05900738
253,7266,427,680.32,743.78148474,3108864,5e-05,0.2,20410,23.39033317565918,0.15377460420131683,35.84824003974597,0.906735360622406,-0.021480797323359488,6.221338851253192,0.556396484375,0.08147892
254,7266,429,681.02,745.3540055099999,3121152,5e-05,0.2,20420,11.982627868652344,0.15381820499897003,48.24725414514542,0.9189627170562744,-0.01897594733454753,6.22229649623235,0.5538167317708333,0.056495693
255,7262,431,665.45,730.31719294,3133440,5e-05,0.2,20430,14.427163124084473,0.15382419526576996,44.74860458175341,0.9086092114448547,-0.020723034730569148,6.219293574492137,0.5510823567708333,0.06399889
256,7260,433,668.98,730.9630679,3145728,5e-05,0.2,20440,13.800436019897461,0.15379877388477325,39.1735797782739,0.937500536441803,-0.02502694503297486,6.213690507411957,0.5369384765625,0.062338457
257,7260,434,662.48,723.0317020900001,3158016,5e-05,0.2,20450,10.111682891845703,0.1539449542760849,26.982475400964418,0.9506911039352417,-0.010763425423647277,6.205974222222964,0.6037516276041667,0.07936928
258,7260,436,670.43,727.6447291600001,3170304,5e-05,0.2,20460,23.2841854095459,0.15393266081809998,45.8829015771548,0.8807457089424133,-0.027827266792883165,6.199871643384298,0.455419921875,0.046729553
259,7260,438,658.19,712.1608948799999,3182592,5e-05,0.2,20470,15.90281867980957,0.15392492711544037,48.67260113755862,0.8933521509170532,-0.018525259091499418,6.197372554739316,0.5095133463541667,0.052970707
260,7260,440,658.16,704.8989278200002,3194880,5e-05,0.2,20480,17.175552368164062,0.1538834124803543,50.68244846860568,0.9189271926879883,-0.025990941036919443,6.203758068879446,0.5011881510416667,0.056202125
261,7260,441,673.38,728.04421263,3207168,5e-05,0.2,20490,26.863428115844727,0.1539396196603775,65.1434343179067,0.9052124619483948,-0.032873666493105705,6.20199170211951,0.4211507161458333,0.043624047
262,7260,443,696.46,756.46100732,3219456,5e-05,0.2,20500,8.35763931274414,0.1539698988199234,42.05850010911624,0.9011846780776978,-0.0161745354620507,6.199511168400447,0.590771484375,0.08442906
263,7260,445,693.68,754.1133733500002,3231744,5e-05,0.2,20510,17.835058212280273,0.15399514138698578,38.47678601245085,0.8971577286720276,-0.013409298569119226,6.193003123998642,0.6208658854166667,0.0911817
264,7260,446,708.11,771.12817965,3244032,5e-05,0.2,20520,14.83736515045166,0.15399302542209625,56.79762977162997,0.9056635499000549,-0.025483797147171573,6.192783161004384,0.47540690104166666,0.044615615
265,7260,448,701.69,770.32716046,3256320,5e-05,0.2,20530,14.052538871765137,0.15389107167720795,33.1987223893404,0.9026944637298584,-0.014635915367398411,6.193314448992411,0.5861897786458333,0.061511535
266,7260,450,728.12,807.4698889900003,3268608,5e-05,0.2,20540,27.578346252441406,0.15378886461257935,34.72668198247751,0.9222899079322815,-0.02952403447876956,6.198736461997032,0.5058430989583333,0.057454806
267,7260,451,698.17,771.4930319199999,3280896,5e-05,0.2,20550,10.087547302246094,0.15391886234283447,38.54093682070573,0.9092220067977905,-0.013655603315176753,6.198614163200061,0.5815511067708333,0.07271972
268,7260,453,690.58,762.05310708,3293184,5e-05,0.2,20560,9.7350492477417,0.15401709079742432,43.26194859147072,0.9142985343933105,-0.018607374717248604,6.190412060419718,0.5449055989583333,0.06483291
269,7260,455,671.68,735.80613839,3305472,5e-05,0.2,20570,24.330045700073242,0.15433840453624725,43.64018758138021,0.8873471617698669,-0.008009514177683742,6.175023801128069,0.623828125,0.09417076
270,7260,456,669.91,736.7052786699999,3317760,5e-05,0.2,20580,15.419034004211426,0.1541992872953415,23.29494001567364,0.9456301331520081,-0.02536727219024518,6.171850972374281,0.5186930338541667,0.062605746
271,7259,458,665.84,724.83308799,3330048,5e-05,0.2,20590,20.955490112304688,0.15419039130210876,48.1378247876962,0.8985185027122498,-0.026552695473947098,6.1791369666655855,0.5048583984375,0.058237415
272,7259,460,660.49,722.3473757600001,3342336,5e-05,0.2,20600,8.109944343566895,0.15418989956378937,38.5748886525631,0.934170663356781,-0.026711071653213972,6.180284432570139,0.47646484375,0.049050514
273,7258,462,635.34,688.9402220800001,3354624,5e-05,0.2,20610,19.779874801635742,0.15401221811771393,40.80097180008888,0.9172529578208923,-0.030614250237704255,6.186570827166239,0.5020263671875,0.06530473
274,7259,463,638.28,699.2089665299999,3366912,5e-05,0.2,20620,24.470335006713867,0.15409022569656372,59.73682977557182,0.9120169281959534,-0.027047370547370518,6.188296415408453,0.507568359375,0.056163874
275,7259,465,623.46,682.1663693899999,3379200,5e-05,0.2,20630,27.33561897277832,0.15403036773204803,54.02640358408292,0.9141882061958313,-0.019198354376809827,6.18633717795213,0.55498046875,0.06272718
276,7259,467,629.06,694.1499085700001,3391488,5e-05,0.2,20640,13.810100555419922,0.1540740728378296,55.96379383603732,0.9157370328903198,-0.017766495590816098,6.18760222196579,0.5569905598958333,0.06234101
277,7259,468,640.22,705.4035208599998,3403776,5e-05,0.2,20650,15.403570175170898,0.15411119163036346,34.27727969884872,0.9252958297729492,-0.018034305940091144,6.187518606583278,0.5568440755208334,0.06319288
278,7259,470,631.93,695.5135333899999,3416064,5e-05,0.2,20660,16.078929901123047,0.15421445667743683,42.584304010868074,0.9006466269493103,-0.018871396764734528,6.179514173666636,0.57900390625,0.072885625
279,7259,472,646.51,713.7475973,3428352,5e-05,0.2,20670,27.0869083404541,0.1542150378227234,61.83019140958786,0.9036529064178467,-0.029633622801823852,6.180714109539986,0.45843098958333334,0.04544896
280,7258,474,676.31,744.3572795900001,3440640,5e-05,0.2,20680,10.287266731262207,0.15423031151294708,41.166343061129254,0.9276382923126221,-0.0228695804864401,6.179352569580078,0.5494466145833333,0.06893649
281,7256,475,692.31,760.2931199600002,3452928,5e-05,0.2,20690,38.541221618652344,0.15423239767551422,58.1606987953186,0.8914409875869751,-0.021704119227069895,6.179452067613601,0.5192464192708334,0.05068709
282,7254,477,684.14,742.27521966,3465216,5e-05,0.2,20700,19.814144134521484,0.15431128442287445,57.396476264794664,0.8966585397720337,-0.02754298222619885,6.1732233464717865,0.4841389973958333,0.05030973
283,7249,479,678.63,737.3295010400001,3477504,5e-05,0.2,20710,12.266871452331543,0.15435802936553955,39.764747788508735,0.9076484441757202,-0.020993051249630905,6.168574940164884,0.5317545572916667,0.07204297
284,7245,481,703.6,764.0886559099999,3489792,5e-05,0.2,20720,22.848073959350586,0.15443669259548187,33.785860149065655,0.9232708215713501,-0.011779897903519061,6.162431622544925,0.6020263671875,0.10468874
285,7243,483,728.72,790.92219377,3502080,5e-05,0.2,20730,9.319218635559082,0.1544419676065445,44.958000177145,0.905738890171051,-0.02177439165097894,6.1634489814440405,0.5129557291666667,0.04913276
286,7241,485,721.06,778.65170515,3514368,5e-05,0.2,20740,9.416707038879395,0.15448379516601562,28.853981571396194,0.8977492451667786,-0.009916803568194155,6.158545788129171,0.6225992838541666,0.09006804
287,7238,487,677.75,732.5090893500002,3526656,5e-05,0.2,20750,33.040218353271484,0.15448787808418274,58.02920458714167,0.9061349034309387,-0.02986065414540159,6.156579899787903,0.44679361979166665,0.04176723
288,7234,489,699.73,763.0092862200003,3538944,5e-05,0.2,20760,26.116008758544922,0.15454642474651337,53.08859660228094,0.9185663461685181,-0.02487804825165464,6.1523048410813015,0.4990152994791667,0.057965834
289,7232,491,683.52,743.82066528,3551232,5e-05,0.2,20770,10.44719123840332,0.15455494821071625,24.654400231440864,0.9257117509841919,-0.017001738594747923,6.148456223805746,0.5763427734375,0.088106014
290,7231,492,668.74,726.8994953299999,3563520,5e-05,0.2,20780,10.381882667541504,0.15453355014324188,51.10901324351629,0.9155043363571167,-0.026676772871481565,6.151653643449148,0.46981608072916664,0.0509699
291,7226,494,659.34,723.45289845,3575808,5e-05,0.2,20790,19.8331241607666,0.15452440083026886,37.78833786646525,0.9281298518180847,-0.027423182062921114,6.155521906415621,0.5058430989583333,0.062132645
292,7223,496,700.98,776.05021231,3588096,5e-05,0.2,20800,9.884395599365234,0.15444163978099823,28.120376176635425,0.9339388012886047,-0.018973291052437464,6.158704837163289,0.5804361979166667,0.08326218
293,7222,498,725.35,802.1955091300001,3600384,5e-05,0.2,20810,13.641276359558105,0.15444976091384888,42.85425845881303,0.9055778980255127,-0.018456337401948984,6.158961749076843,0.55322265625,0.057843965
294,7222,500,726.35,799.1590384,3612672,5e-05,0.2,20820,18.69332504272461,0.15453678369522095,55.11628986199697,0.9028809070587158,-0.026767934302430754,6.153397946556409,0.478857421875,0.048985094
295,7222,501,716.19,786.1797871,3624960,5e-05,0.2,20830,9.421317100524902,0.15438665449619293,47.48205537001292,0.8927912712097168,-0.02722330800121805,6.157397282123566,0.48927408854166665,0.05509211
296,7220,503,732.8,811.3245308099999,3637248,5e-05,0.2,20840,15.763646125793457,0.15426433086395264,43.303700574239095,0.9217621684074402,-0.03145459157822188,6.163372178872426,0.49344075520833336,0.050060004
297,7218,505,711.63,778.2891967900001,3649536,5e-05,0.2,20850,21.203414916992188,0.1542852371931076,36.298031290372215,0.9164201617240906,-0.014541012556098092,6.169908554355303,0.6175211588541667,0.08858063
298,7214,507,701.79,763.2008604399999,3661824,5e-05,0.2,20860,8.50777816772461,0.15422596037387848,45.66249778072039,0.9308985471725464,-0.02744991447616485,6.171969423691432,0.4729410807291667,0.047426794
299,7213,509,701.65,766.2273367600001,3674112,5e-05,0.2,20870,33.096412658691406,0.15415863692760468,61.18631740609805,0.9077935814857483,-0.023557118299261978,6.175940919915835,0.5038655598958334,0.055950183
300,7213,511,709.04,779.97556235,3686400,5e-05,0.2,20880,10.522415161132812,0.15410760045051575,27.717540959517162,0.928778350353241,-0.028603428247151896,6.178997680544853,0.5399495442708333,0.07459901
301,7214,512,689.25,760.02449385,3698688,5e-05,0.2,20890,12.387775421142578,0.15408402681350708,28.223260853687922,0.9390411376953125,-0.030119218106847256,6.181855208675066,0.47451171875,0.054854184
302,7214,514,687.89,756.5810605400001,3710976,5e-05,0.2,20900,4.817457675933838,0.15406037867069244,25.01095560093721,0.9519840478897095,-0.02652988470120666,6.185861098766327,0.555859375,0.07180444
303,7214,516,690.36,761.8394897000002,3723264,5e-05,0.2,20910,13.812414169311523,0.15410226583480835,40.7655663172404,0.9121997952461243,-0.025338115482009017,6.187724089622497,0.5189860026041667,0.07035011
304,7214,517,700.39,765.63601912,3735552,5e-05,0.2,20920,28.525888442993164,0.1541156768798828,56.4409081975619,0.9107357263565063,-0.03222981700479674,6.185206001003583,0.4677327473958333,0.050048154
305,7213,519,712.04,772.9211977599999,3747840,5e-05,0.2,20930,43.039100646972656,0.15424728393554688,53.74987617135048,0.8637467622756958,-0.01710680029306483,6.177958596746127,0.5808919270833334,0.07825329
306,7212,521,727.26,784.14599621,3760128,5e-05,0.2,20940,10.22716236114502,0.15437054634094238,32.46426287094752,0.9263604879379272,-0.009362997625915644,6.160833740234375,0.644091796875,0.096122324
307,7212,523,737.48,788.4876461700001,3772416,5e-05,0.2,20950,4.908764839172363,0.15424783527851105,25.889103868603705,0.9268119931221008,-0.024645405581395607,6.1627034942309065,0.5518961588541667,0.071127184
308,7211,524,745.98,801.1043737599998,3784704,5e-05,0.2,20960,28.17472267150879,0.15418852865695953,48.16031911174456,0.8898758888244629,-0.028497881313281445,6.168889005978902,0.4601236979166667,0.04433307
309,7211,526,736.94,792.24201453,3796992,5e-05,0.2,20970,7.0716705322265625,0.15424488484859467,27.193964271744093,0.9099990129470825,-0.016221658328625686,6.1651913791894914,0.6093180338541667,0.08998159
310,7211,528,729.19,794.7118518100001,3809280,5e-05,0.2,20980,46.93324279785156,0.15418411791324615,51.48375023206075,0.9080924987792969,-0.03009824355346306,6.169791692495346,0.41547037760416666,0.03878741
311,7211,529,693.58,755.0178426400001,3821568,5e-05,0.2,20990,42.11888122558594,0.15417978167533875,69.79267752567927,0.8800592422485352,-0.02504244024748914,6.170488065481186,0.49188639322916666,0.054937463
312,7211,531,688.42,762.8070433299998,3833856,5e-05,0.2,21000,23.078777313232422,0.15421055257320404,45.4925030708313,0.9107133746147156,-0.02307000737831307,6.168637704849243,0.5082763671875,0.064399414
313,7211,533,659.62,734.4846879900001,3846144,5e-05,0.2,21010,30.692562103271484,0.15427963435649872,60.874867129325864,0.8876798152923584,-0.020353989477735014,6.1642245829105375,0.5325520833333334,0.05497079
314,7211,535,636.91,704.27924004,3858432,5e-05,0.2,21020,22.100994110107422,0.15423603355884552,52.70214665929476,0.9017547369003296,-0.029513957399952537,6.164722350239754,0.4576334635416667,0.048318636
315,7211,536,664.42,738.11699382,3870720,5e-05,0.2,21030,44.7982063293457,0.15421421825885773,60.239738418658575,0.8951237201690674,-0.02816310397562726,6.16580367287,0.494580078125,0.057288904
316,7211,538,686.47,762.2006260399999,3883008,5e-05,0.2,21040,17.483736038208008,0.15430797636508942,32.89286981225014,0.8909701704978943,-0.004418602792429738,6.160386550426483,0.6585042317708333,0.10695747
317,7210,540,686.04,757.0159222599999,3895296,5e-05,0.2,21050,17.767961502075195,0.15423601865768433,38.126066746314365,0.9055922031402588,-0.023932710938970557,6.160817845662435,0.5190266927083333,0.060464874
318,7210,541,658.98,719.9029324899999,3907584,5e-05,0.2,21060,20.47657585144043,0.15421374142169952,72.88898197213808,0.8954062461853027,-0.028161602867961242,6.165395155549049,0.46414388020833336,0.046518844
319,7210,543,664.64,726.53110222,3919872,5e-05,0.2,21070,25.658782958984375,0.1540892869234085,62.651134904225664,0.8874062299728394,-0.018268783100453826,6.170870683590571,0.5474934895833333,0.06272963
320,7209,545,678.09,750.4991946300001,3932160,5e-05,0.2,21080,22.613269805908203,0.1540210247039795,59.55770407716433,0.8944476246833801,-0.023266612042183017,6.174958911538124,0.5050130208333333,0.05169934
321,7209,547,652.39,717.14894318,3944448,5e-05,0.2,21090,14.407561302185059,0.1539384126663208,44.27193981607755,0.9172661900520325,-0.026092678470498263,6.181543416778246,0.513427734375,0.06679875
322,7208,548,656.24,715.8433837700001,3956736,5e-05,0.2,21100,30.281892776489258,0.15392641723155975,48.07209122180939,0.9171561598777771,-0.024881121704917557,6.182656594117483,0.5199625651041667,0.06631979
323,7208,550,687.73,764.1903260499998,3969024,5e-05,0.2,21110,19.77802848815918,0.15393587946891785,34.21910853187243,0.9316564798355103,-0.021171659386891407,6.182104844848315,0.5525960286458333,0.063047275
324,7208,552,709.3,791.2238807100001,3981312,5e-05,0.2,21120,5.800676345825195,0.1539764404296875,24.09960270524025,0.9282475709915161,-0.007442703556929094,6.175717021028201,0.6064534505208333,0.089696504
325,7207,554,674.76,748.7047246000001,3993600,5e-05,0.2,21130,8.291738510131836,0.1539989560842514,25.67612656156222,0.9350207448005676,-0.02089641216977422,6.1725941320260365,0.5599202473958333,0.07354117
326,7207,555,686.46,759.8736347700001,4005888,5e-05,0.2,21140,17.974565505981445,0.15404511988162994,85.51057247718175,0.8945978879928589,-0.02635106083447075,6.170066297054291,0.47356770833333334,0.044695776
327,7208,557,703.4,781.25486361,4018176,5e-05,0.2,21150,28.9882869720459,0.15401481091976166,50.86306305329005,0.9017199277877808,-0.029925064343842678,6.170409681399663,0.4223876953125,0.040978003
328,7208,559,690.08,770.83569938,4030464,5e-05,0.2,21160,16.597116470336914,0.15410639345645905,57.2464483042558,0.8811498284339905,-0.016152771346484466,6.167655718326569,0.5577718098958333,0.06645336
329,7209,560,681.79,752.9069977,4042752,5e-05,0.2,21170,26.17742156982422,0.1541157066822052,47.74420553247134,0.9060320854187012,-0.021090024331836807,6.16533139248689,0.5238199869791667,0.051834475
330,7209,562,685.84,759.31713697,4055040,5e-05,0.2,21180,37.36042785644531,0.1541280597448349,46.8432345410188,0.9065054059028625,-0.021902606980681107,6.166009451945623,0.5350911458333333,0.066562764
331,7209,564,657.43,726.57440737,4067328,5e-05,0.2,21190,18.411380767822266,0.1540052741765976,54.1845882554849,0.9031282663345337,-0.023934291554420877,6.172181195020675,0.5258056640625,0.057917953
332,7206,566,654.15,723.67582734,4079616,5e-05,0.2,21200,40.23678207397461,0.15393565595149994,63.64514457980792,0.9068161845207214,-0.02246479144669138,6.178272703289986,0.5362955729166666,0.06237347
333,7205,567,654.44,719.1063740499999,4091904,5e-05,0.2,21210,15.205767631530762,0.15407980978488922,55.374994424978894,0.8843953609466553,-0.01817302664082187,6.170739873250326,0.5771158854166667,0.08340943
334,7205,569,666.09,734.40712054,4104192,5e-05,0.2,21220,15.19210147857666,0.1540059596300125,45.3636835505565,0.900804877281189,-0.01666067051992286,6.170764841636022,0.561572265625,0.0654754
335,7204,571,646.84,711.8323802599999,4116480,5e-05,0.2,21230,11.914523124694824,0.15392965078353882,35.59857116937637,0.9103650450706482,-0.014851244346937164,6.170910441875458,0.6004557291666667,0.081579536
336,7204,573,670.1,740.9414999100002,4128768,5e-05,0.2,21240,34.56558609008789,0.15386445820331573,71.89160099029542,0.8952370285987854,-0.028306332979506504,6.180711763103803,0.44810384114583335,0.04042945
337,7204,574,696.99,780.7869716299999,4141056,5e-05,0.2,21250,23.249723434448242,0.15384811162948608,32.71575941642126,0.913960337638855,-0.022243073647647785,6.184406452377638,0.5433024088541667,0.069892205
338,7204,576,678.01,754.87128195,4153344,5e-05,0.2,21260,12.463176727294922,0.15382470190525055,50.53894251386325,0.9078705906867981,-0.024593606196382702,6.185252868135771,0.5084309895833333,0.05536446
339,7204,578,661.04,735.5387486300001,4165632,5e-05,0.2,21270,24.604354858398438,0.1536443531513214,65.25259106953939,0.8934244513511658,-0.02749859705509152,6.196832979718844,0.4569173177083333,0.041851547
340,7204,579,678.15,752.42273192,4177920,5e-05,0.2,21280,25.837188720703125,0.15368814766407013,54.886207888523735,0.8886926770210266,-0.02142436482317862,6.201861896117529,0.5487874348958334,0.06654201
341,7202,581,669.45,735.9583661900002,4190208,5e-05,0.2,21290,9.077763557434082,0.15365338325500488,50.64429374734561,0.8944151401519775,-0.023492088309527995,6.201486819982529,0.5433756510416666,0.068089575
342,7200,583,670.66,745.30077602,4202496,5e-05,0.2,21300,43.739192962646484,0.1536441296339035,51.06446618835131,0.9053587913513184,-0.023508606941322795,6.200515603025754,0.5243245442708333,0.061666433
343,7198,585,702.72,781.4067663799999,4214784,5e-05,0.2,21310,17.033536911010742,0.15378938615322113,31.652101212739943,0.9082639813423157,-0.0073560345956745245,6.195358029007911,0.6286946614583333,0.09810523
344,7197,587,689.69,767.8960703599998,4227072,5e-05,0.2,21320,18.385705947875977,0.153711199760437,37.0009385039409,0.9106542468070984,-0.015833079464694796,6.192461761832237,0.5891520182291666,0.073357515
345,7196,589,703.41,781.82898761,4239360,5e-05,0.2,21330,24.356019973754883,0.15351933240890503,40.29106086889903,0.9182153940200806,-0.026581794048737114,6.19805459578832,0.454736328125,0.04980905
346,7196,590,705.82,786.82821766,4251648,5e-05,0.2,21340,8.718459129333496,0.1535538285970688,31.324088882406553,0.9309442043304443,-0.02148456443780257,6.202315420905749,0.5484537760416667,0.06351613
347,7197,592,711.1,794.28707181,4263936,5e-05,0.2,21350,28.47989845275879,0.15364570915699005,41.05455137292544,0.8960428237915039,-0.02477676922280807,6.1988872528076175,0.5069498697916667,0.063142076
348,7197,594,688.15,757.7949924599999,4276224,5e-05,0.2,21360,27.222454071044922,0.15369273722171783,50.0812020500501,0.8987991809844971,-0.02328170555216881,6.194435898462931,0.5279459635416667,0.055194292
349,7197,595,691.33,763.4314588100002,4288512,5e-05,0.2,21370,37.615516662597656,0.1536632627248764,55.297063102324806,0.890895426273346,-0.020810654512024483,6.197073468565941,0.5347737630208333,0.061848443
350,7196,597,665.52,724.2178205600001,4300800,5e-05,0.2,21380,16.893611907958984,0.15365494787693024,40.25756279528141,0.897288978099823,-0.016183217707051275,6.194523787498474,0.5927083333333333,0.07210672
351,7196,599,654.68,704.1188046199999,4313088,5e-05,0.2,21390,53.85447311401367,0.1534816473722458,62.76332989732425,0.8895360231399536,-0.024819495449385918,6.199516440431277,0.51259765625,0.052826047
352,7196,601,664.77,722.0144961999998,4325376,5e-05,0.2,21400,22.437515258789062,0.15352068841457367,62.52153706550598,0.9114167094230652,-0.027483281520350525,6.204268155495326,0.4733968098958333,0.053460974
353,7197,602,672.47,731.4427809199999,4337664,5e-05,0.2,21410,10.148183822631836,0.1536364108324051,39.16455389459928,0.8980602622032166,-0.012161832442507148,6.193442319830258,0.6223714192708333,0.094887674
354,7197,604,680.16,740.0231094099998,4349952,5e-05,0.2,21420,15.838521957397461,0.15359055995941162,51.13942686716715,0.9145343899726868,-0.024836095135348537,6.192553803324699,0.4917724609375,0.046678726
355,7197,606,685.22,750.2206636300001,4362240,5e-05,0.2,21430,19.64061737060547,0.1536814570426941,49.717982625961305,0.8756579756736755,-0.01671281378852048,6.191865890224775,0.5681803385416667,0.078189895
356,7197,607,682.43,749.5199859,4374528,5e-05,0.2,21440,33.87031173706055,0.15367811918258667,63.74306393861771,0.8728010058403015,-0.027834624280997863,6.186065846681595,0.460302734375,0.045824368
357,7197,609,670.32,733.4554686299999,4386816,5e-05,0.2,21450,53.3250846862793,0.15358729660511017,80.5167625784874,0.8924793004989624,-0.028205181805727383,6.190235286951065,0.44589029947916664,0.038204577
358,7197,611,661.61,722.80611191,4399104,5e-05,0.2,21460,11.341970443725586,0.15367679297924042,43.14734326203664,0.9081756472587585,-0.020677954855394396,6.188666693369547,0.547509765625,0.06622439
359,7197,612,645.5,705.4460575400001,4411392,5e-05,0.2,21470,31.481891632080078,0.1536627560853958,52.380827303727465,0.8961990475654602,-0.028545483953591126,6.187074239055316,0.4950358072916667,0.05155961
360,7198,614,610.04,665.0669680400001,4423680,5e-05,0.2,21480,42.08409881591797,0.1535264104604721,47.255503257115684,0.8667069673538208,-0.01877743840353408,6.190715435147285,0.5820638020833333,0.08102552
361,7198,616,631.37,695.18975388,4435968,5e-05,0.2,21490,19.51540756225586,0.1534896343946457,71.18616942167282,0.9098679423332214,-0.028338565049731795,6.197583848237992,0.4702962239583333,0.040643353
362,7198,617,640.96,707.5050590000001,4448256,5e-05,0.2,21500,14.130891799926758,0.15352009236812592,38.34321187138558,0.9300894737243652,-0.013428680001622222,6.197569880882899,0.6082682291666667,0.08509972
363,7199,619,618.94,678.93729441,4460544,5e-05,0.2,21510,28.292991638183594,0.15355436503887177,47.99996165831884,0.8951111435890198,-0.029061485668838333,6.1942981233199434,0.436669921875,0.044098776
364,7199,621,625.12,685.0206349299999,4472832,5e-05,0.2,21520,22.65801239013672,0.15357674658298492,73.22200034459432,0.8992778658866882,-0.030196879328771804,6.189305474360784,0.46229654947916665,0.051925976
365,7199,622,653.48,714.7545264299998,4485120,5e-05,0.2,21530,11.956542015075684,0.15353332459926605,31.26213161945343,0.9194461107254028,-0.026073225255822764,6.191784512996674,0.568505859375,0.07254588
366,7200,624,658.91,724.1747940099999,4497408,5e-05,0.2,21540,16.06102752685547,0.15339118242263794,47.94000560839971,0.8970329761505127,-0.02801746321056271,6.200064780314763,0.5059244791666667,0.055101227
367,7200,626,641.53,700.91511746,4509696,5e-05,0.2,21550,16.804725646972656,0.15339481830596924,38.62558487057686,0.8936595916748047,-0.01374703118344769,6.2030679196119305,0.631103515625,0.10228769
368,7201,627,671.81,733.27987717,4521984,5e-05,0.2,21560,29.027904510498047,0.1534198671579361,59.42349885304769,0.9107082486152649,-0.025334669854540456,6.202931397159895,0.5149983723958333,0.057382476
369,7201,629,709.72,777.7134749399999,4534272,5e-05,0.2,21570,14.818815231323242,0.15328942239284515,38.88778054813544,0.8992323875427246,-0.022874888733106977,6.20905912121137,0.5238932291666667,0.056319784
370,7201,631,706.84,780.7736143400001,4546560,5e-05,0.2,21580,24.617040634155273,0.1533600091934204,37.28342720667521,0.9043193459510803,-0.004115098069208519,6.21121622522672,0.6278401692708333,0.08626344
371,7202,632,690.06,759.84188967,4558848,5e-05,0.2,21590,23.143007278442383,0.15320543944835663,43.54409336745739,0.8837360143661499,-0.021782877126436992,6.2132076521714525,0.4872314453125,0.048661698
372,7202,634,677.48,742.95988582,4571136,5e-05,0.2,21600,8.408082008361816,0.15318141877651215,55.245715703566866,0.919502854347229,-0.027313725241401698,6.216560446222624,0.46646321614583336,0.048596516
373,7202,636,674.07,737.7960971399999,4583424,5e-05,0.2,21610,19.81529426574707,0.15306571125984192,54.404001994927725,0.9069074988365173,-0.0328153258524253,6.220300175746282,0.4444580078125,0.04818957
374,7203,637,651.58,718.0143973100002,4595712,5e-05,0.2,21620,52.25989532470703,0.15318743884563446,44.294862459103264,0.9194228649139404,-0.018191317022622874,6.216511498888334,0.5705078125,0.07407435
375,7203,639,634.17,697.6698491299999,4608000,5e-05,0.2,21630,11.033153533935547,0.15304283797740936,56.90644498268763,0.9050530195236206,-0.021880112663105442,6.217028115193049,0.5318277994791667,0.062960826
376,7204,641,663.22,728.47011843,4620288,5e-05,0.2,21640,27.979209899902344,0.15291984379291534,63.768002231915794,0.8803023099899292,-0.02633360239075652,6.226259473959605,0.4744873046875,0.054796916
377,7204,642,683.58,754.29233953,4632576,5e-05,0.2,21650,36.87858200073242,0.1528243124485016,42.66503990689913,0.9051086902618408,-0.02754872805477741,6.232011364897092,0.5129557291666667,0.053738188
378,7205,644,698.95,768.1034266699999,4644864,5e-05,0.2,21660,19.84407615661621,0.1528068333864212,62.95164957046509,0.8903714418411255,-0.01916764376704426,6.236317912737529,0.5312906901041666,0.054558232
379,7205,646,684.29,751.12531294,4657152,5e-05,0.2,21670,10.433109283447266,0.1526884287595749,44.48189090092977,0.9157119989395142,-0.02647417348343879,6.241257903973262,0.5277587890625,0.062581174
380,7205,648,652.26,710.91095144,4669440,5e-05,0.2,21680,27.648942947387695,0.15260370075702667,62.17891410589218,0.9125491976737976,-0.02657281448628055,6.249519433577856,0.5193196614583333,0.06058022
381,7205,649,660.71,717.78375458,4681728,5e-05,0.2,21690,26.135583877563477,0.15264366567134857,56.83132794896762,0.903621256351471,-0.011593813637349133,6.253714231650035,0.600390625,0.06938747
382,7206,651,665.58,724.5469640000001,4694016,5e-05,0.2,21700,26.34657859802246,0.15259374678134918,25.918725355466208,0.9231826066970825,-0.0178748704919902,6.247616259256999,0.6148600260416667,0.10414115
383,7206,653,657.22,718.44174624,4706304,5e-05,0.2,21710,13.699868202209473,0.152627095580101,41.16993581751982,0.887304425239563,-0.02098622296374136,6.249842559297879,0.518017578125,0.05787153
384,7207,654,667.3,730.2461882499999,4718592,5e-05,0.2,21720,22.16472053527832,0.15259619057178497,60.324827112754186,0.8988738059997559,-0.026933652217849158,6.250955499211947,0.5053141276041667,0.052603737
385,7207,656,703.78,777.6407812699998,4730880,5e-05,0.2,21730,19.0321102142334,0.15270201861858368,51.404707038402556,0.9009355306625366,-0.022115597137599252,6.247266404827436,0.52333984375,0.064871214
386,7207,658,698.7,773.6851735099999,4743168,5e-05,0.2,21740,23.622806549072266,0.15264007449150085,45.31615476806959,0.8763712048530579,-0.015689707727869973,6.245209529995918,0.591796875,0.07359194
387,7207,659,677.74,754.8434862700001,4755456,5e-05,0.2,21750,22.63939666748047,0.15261416137218475,44.04987005790075,0.8989618420600891,-0.024626144867700834,6.246562320987383,0.5010579427083334,0.05659299
388,7208,661,648.67,709.8397372,4767744,5e-05,0.2,21760,36.915687561035156,0.15255378186702728,64.55704005161921,0.8857408761978149,-0.031285518378717826,6.252457524339358,0.44444173177083335,0.04835936
389,7208,663,670.28,739.2589954099999,4780032,5e-05,0.2,21770,18.38855743408203,0.15259791910648346,57.344486645857494,0.9002284407615662,-0.01896463314575764,6.25263486802578,0.5528157552083334,0.062187295
390,7208,664,700.39,780.0323419100001,4792320,5e-05,0.2,21780,31.41625213623047,0.15263497829437256,54.95716169476509,0.8980147242546082,-0.00812655174571167,6.246277871727943,0.62685546875,0.08721393
391,7209,666,680.43,755.10582438,4804608,5e-05,0.2,21790,9.661526679992676,0.1526518017053604,36.8303798298041,0.8799059391021729,-0.011374930428670875,6.247085234522819,0.6054361979166667,0.08247652
392,7209,668,683.2,759.78300783,4816896,5e-05,0.2,21800,29.023618698120117,0.15268874168395996,46.185732696453734,0.8961946368217468,-0.024724751379108057,6.243166692058245,0.4822184244791667,0.052250788
393,7208,669,698.74,781.2804272300001,4829184,5e-05,0.2,21810,34.66044616699219,0.15273651480674744,53.29918505946795,0.9067381024360657,-0.025290092751189756,6.243364716569583,0.4812744140625,0.048741683
394,7208,671,699.37,778.64676267,4841472,5e-05,0.2,21820,26.868398666381836,0.15270669758319855,52.79613956411679,0.8952249884605408,-0.022936030930335014,6.244521421194077,0.47972005208333335,0.050296474
395,7209,673,672.76,741.4448701700001,4853760,5e-05,0.2,21830,14.362276077270508,0.15272696316242218,54.60858587026596,0.8976019620895386,-0.03109935364142681,6.240287398298581,0.43896484375,0.04458216
396,7209,674,646.71,704.2777442800001,4866048,5e-05,0.2,21840,17.904617309570312,0.15258817374706268,52.46925364732742,0.9022366404533386,-0.021736787840685185,6.243167461951574,0.5356201171875,0.061731685
397,7209,676,628.49,679.6795819499999,4878336,5e-05,0.2,21850,38.38017272949219,0.15255068242549896,54.86317865649859,0.8909937739372253,-0.022087337129050866,6.248822732766469,0.5236246744791667,0.06906239
398,7210,678,633.62,686.3392242499999,4890624,5e-05,0.2,21860,10.962313652038574,0.1523916870355606,49.91279873053233,0.9186468124389648,-0.02831761370859264,6.255521257718404,0.5098063151041666,0.05766076
399,7210,679,599.8,646.25324715,4902912,5e-05,0.2,21870,36.554317474365234,0.15246015787124634,68.30003916422525,0.8991314172744751,-0.02465803180336176,6.258545822898546,0.49977213541666665,0.06016804
400,7211,681,620.34,673.0714990299999,4915200,5e-05,0.2,21880,28.065109252929688,0.15241815149784088,68.46476642290752,0.9105602502822876,-0.025682017595196765,6.254823408524195,0.5104329427083333,0.052192453
401,7211,683,632.08,686.2766968199999,4927488,5e-05,0.2,21890,26.047306060791016,0.1525716632604599,32.52030987242858,0.8964699506759644,-0.007974390304783203,6.2473661730686825,0.6459554036458334,0.09561456
402,7212,684,654.47,716.6937876699999,4939776,5e-05,0.2,21900,19.365671157836914,0.15248392522335052,36.72447454631329,0.9193693399429321,-0.0240356872973886,6.242219019929568,0.5252766927083333,0.071590304
403,7212,686,654.99,711.7681967099999,4952064,5e-05,0.2,21910,12.23721694946289,0.15231791138648987,24.738569316267967,0.9234352707862854,-0.010486021204754555,6.2527326871951425,0.62841796875,0.103360705
404,7212,688,681.94,743.4354879699999,4964352,5e-05,0.2,21920,30.195680618286133,0.15226970613002777,47.7203942934672,0.9122560024261475,-0.025366895793316264,6.2603342026472095,0.47006022135416664,0.043569673
405,7212,690,681.95,746.1827363800002,4976640,5e-05,0.2,21930,22.1345157623291,0.152177631855011,52.153136241436,0.8996106386184692,-0.018565246695652605,6.265070652961731,0.5388427734375,0.0691438
406,7212,691,650.35,715.4738408599999,4988928,5e-05,0.2,21940,22.228858947753906,0.152147576212883,55.21841494043668,0.8820149898529053,-0.020996219214672842,6.2705752203861875,0.5049479166666667,0.05352375
407,7213,693,619.42,677.9223006199999,5001216,5e-05,0.2,21950,25.36696434020996,0.1520548313856125,88.02320019404094,0.8766283988952637,-0.02661400894091154,6.272072200973828,0.440478515625,0.049835745
408,7213,695,627.91,691.28208805,5013504,5e-05,0.2,21960,25.295848846435547,0.152094304561615,69.02591604789099,0.893136739730835,-0.024198668134825616,6.272594284017881,0.50556640625,0.059018493
409,7213,696,619.91,683.0845376299999,5025792,5e-05,0.2,21970,20.16646957397461,0.15207146108150482,42.98163274327914,0.9222993850708008,-0.022988450306972177,6.272462673981985,0.5279866536458333,0.061222453
410,7214,698,632.98,700.8247909099998,5038080,5e-05,0.2,21980,22.222972869873047,0.1521853804588318,30.747822123765946,0.9083870053291321,-0.009843911238810203,6.2680523504813515,0.63271484375,0.09433619
411,7214,700,676.65,756.31274663,5050368,5e-05,0.2,21990,14.476859092712402,0.15220828354358673,40.41126951873302,0.8951507210731506,-0.012078587267994104,6.264188671112061,0.5998128255208334,0.087042354
412,7214,701,691.72,769.7167528899997,5062656,5e-05,0.2,22000,35.986454010009766,0.15223054587841034,47.539161752661066,0.8946374654769897,-0.012454808035787817,6.260912202795347,0.5778157552083333,0.07418169
413,7215,703,710.09,799.39621509,5074944,5e-05,0.2,22010,10.821097373962402,0.15219169855117798,45.66583000421524,0.9101151823997498,-0.025174640500821018,6.25932330985864,0.4918701171875,0.046549022
414,7215,705,714.32,804.43592075,5087232,5e-05,0.2,22020,10.007041931152344,0.1522069275379181,33.572195394833884,0.9143775105476379,-0.025580358892329968,6.257822045683861,0.53046875,0.066470094
415,7215,706,717.71,804.52008236,5099520,5e-05,0.2,22030,10.978946685791016,0.15224306285381317,44.40516941944758,0.8944411277770996,-0.02298339502691912,6.2581341167291,0.48932291666666666,0.04667439
416,7215,708,715.05,803.3432168700002,5111808,5e-05,0.2,22040,11.82683277130127,0.15229494869709015,37.39281788070996,0.9006878733634949,-0.022694047861538516,6.256019419431686,0.5462483723958333,0.06053834
417,7216,710,702.87,787.3636440099998,5124096,5e-05,0.2,22050,26.63490104675293,0.1523178219795227,59.01901298165321,0.8868027925491333,-0.015202630741987378,6.252410985032717,0.583544921875,0.059684247
418,7216,711,698.17,779.92361358,5136384,5e-05,0.2,22060,38.87342071533203,0.15237008035182953,45.16688764691353,0.9154415130615234,-0.025441403054477025,6.248990638057391,0.48841959635416665,0.051452637
419,7216,713,685.53,751.1708765599999,5148672,5e-05,0.2,22070,27.087858200073242,0.1523606777191162,50.228439138333,0.9007846117019653,-0.02570156650181161,6.246744986375173,0.5043294270833333,0.053183034
420,7217,715,648.65,708.9075819000001,5160960,5e-05,0.2,22080,23.487030029296875,0.15229561924934387,49.5471203704675,0.9061492681503296,-0.02672314402395083,6.249396075805028,0.491357421875,0.05195714
421,7217,716,603.92,653.8634166799999,5173248,5e-05,0.2,22090,47.46124267578125,0.15219491720199585,60.65049648682277,0.9195115566253662,-0.029642304729592676,6.256071485082308,0.4858317057291667,0.04739386
422,7218,718,583.01,626.57006841,5185536,5e-05,0.2,22100,40.85533142089844,0.15228594839572906,65.62438799142838,0.9182090759277344,-0.024331160101185863,6.253522076209387,0.5125244140625,0.05879414
423,7217,720,584.0,630.62725649,5197824,5e-05,0.2,22110,29.236682891845703,0.15208695828914642,68.54005506237348,0.9026684165000916,-0.021885262269643137,6.260712480545044,0.5298828125,0.062107343
424,7218,721,584.69,636.82589161,5210112,5e-05,0.2,22120,34.49945831298828,0.15219171345233917,54.86621971726417,0.899275541305542,-0.01028345947318788,6.26272542377313,0.6041666666666666,0.07264423
425,7218,723,625.14,689.0674500199999,5222400,5e-05,0.2,22130,8.595670700073242,0.1520465463399887,35.937009718020754,0.9214053153991699,-0.023627330235710058,6.2642573843399685,0.5717936197916667,0.07684
426,7218,725,644.65,710.97535512,5234688,5e-05,0.2,22140,43.3402099609375,0.15193422138690948,35.828215045730275,0.8909426927566528,-0.019571173781878316,6.275010727842649,0.5694254557291667,0.08223396
427,7219,726,659.06,727.9687358999998,5246976,5e-05,0.2,22150,46.147701263427734,0.15179580450057983,54.236288571357726,0.9069117307662964,-0.026866517780581488,6.281007928649585,0.4960693359375,0.053864937
428,7219,728,689.13,763.1678968000001,5259264,5e-05,0.2,22160,17.478025436401367,0.1517626792192459,55.79479281902313,0.8979580998420715,-0.02781178180788023,6.289317619800568,0.4552408854166667,0.039931577
429,7219,730,694.34,771.39143303,5271552,5e-05,0.2,22170,21.916563034057617,0.15186919271945953,62.07521937290827,0.9007250070571899,-0.022909922738714766,6.2846347153186795,0.5420979817708333,0.071030565
430,7220,731,675.26,748.1131322900001,5283840,5e-05,0.2,22180,15.059219360351562,0.15193022787570953,36.875864740212755,0.9162287712097168,-0.020561422109797906,6.276756761471431,0.579345703125,0.10237014
431,7220,733,684.56,760.1581545900002,5296128,5e-05,0.2,22190,16.971342086791992,0.1518275886774063,42.25928473671277,0.9151217937469482,-0.021384945153840818,6.27895778020223,0.5405517578125,0.06457008
432,7220,735,700.4,780.5402163100001,5308416,5e-05,0.2,22200,14.78427505493164,0.1517322063446045,37.99930262366931,0.8832399845123291,-0.021887247241587224,6.287207825978597,0.5451090494791667,0.069560975
433,7221,736,678.95,749.3420840800001,5320704,5e-05,0.2,22210,23.29720115661621,0.15174856781959534,56.256130532423654,0.8977395296096802,-0.028606273810146375,6.289074315627416,0.48528645833333334,0.054051712
434,7221,738,673.13,744.2069054699999,5332992,5e-05,0.2,22220,28.32695198059082,0.1519475132226944,55.71533716917038,0.9021432399749756,-0.01765353718607609,6.277936398983002,0.5790364583333333,0.0731621
435,7221,740,662.7,735.66868604,5345280,5e-05,0.2,22230,7.329231262207031,0.15190134942531586,41.04519116282463,0.9114647507667542,-0.022237251130475973,6.271818112333616,0.5298583984375,0.05605123
436,7221,741,674.36,751.01826442,5357568,5e-05,0.2,22240,21.08531379699707,0.15186472237110138,52.62753681341807,0.9030167460441589,-0.025422518975877512,6.279543597499529,0.5371663411458333,0.0619632
437,7222,743,666.26,742.0790552999999,5369856,5e-05,0.2,22250,47.609859466552734,0.15172110497951508,67.17612994511923,0.8848387002944946,-0.020174124521630196,6.289064530531565,0.5441487630208334,0.067707606
438,7222,745,688.3,768.5828472999998,5382144,5e-05,0.2,22260,26.9931640625,0.15169797837734222,58.99994704723358,0.8878777027130127,-0.020357096453759976,6.291212032238643,0.5022705078125,0.051296096
439,7222,746,700.56,785.38736527,5394432,5e-05,0.2,22270,11.265857696533203,0.15173383057117462,29.603198194503783,0.9209744334220886,-0.02289853274220756,6.287926816940308,0.5796061197916667,0.07491714
440,7222,748,720.41,810.4753843399999,5406720,5e-05,0.2,22280,20.672178268432617,0.1518334001302719,45.04532382289569,0.9039344787597656,-0.012187264272749113,6.280817556381225,0.5797932942708334,0.08384163
441,7222,750,744.71,837.4654058499999,5419008,5e-05,0.2,22290,27.581228256225586,0.15188710391521454,29.355100109179816,0.9155134558677673,-0.015739386156201362,6.2759932547807695,0.5646402994791667,0.06717042
442,7222,751,747.08,832.8854596899998,5431296,5e-05,0.2,22300,13.825927734375,0.15186484158039093,33.26934949159622,0.9211863279342651,-0.02821998748840997,6.275555147727331,0.4892985026041667,0.057543945
443,7223,753,767.9,848.9167215100001,5443584,5e-05,0.2,22310,16.16600227355957,0.15176911652088165,45.34066856900851,0.8975629806518555,-0.02790710322248439,6.281492475668589,0.4919352213541667,0.052064627
444,7223,755,774.73,856.3020500100001,5455872,5e-05,0.2,22320,10.64271354675293,0.1517615169286728,19.212848230202994,0.8712883591651917,-0.0088669488740076,6.282372862100601,0.6653157552083333,0.12434381
445,7223,756,754.46,831.15250795,5468160,5e-05,0.2,22330,17.241710662841797,0.1517259031534195,53.12037271261215,0.8830317854881287,-0.02882610084100937,6.288793302575747,0.4176513671875,0.03637429
446,7224,758,730.41,802.1234350699998,5480448,5e-05,0.2,22340,16.553272247314453,0.1515434980392456,37.797699735562006,0.9165238738059998,-0.01896456830048313,6.3010195602973305,0.5546712239583333,0.07619911
447,7224,760,717.79,790.40084137,5492736,5e-05,0.2,22350,21.685266494750977,0.15151038765907288,46.658660519123075,0.9079388976097107,-0.02422079972263115,6.30775955915451,0.46885579427083335,0.050915565
448,7224,761,729.01,803.7339663199999,5505024,5e-05,0.2,22360,50.159236907958984,0.1516072303056717,41.12556719283263,0.8799444437026978,-0.01609027635665067,6.301843223969142,0.5711018880208333,0.07772687
449,7224,763,701.3,778.26486881,5517312,5e-05,0.2,22370,8.62039852142334,0.15167711675167084,34.7874757061402,0.8974621891975403,-0.021151461032180425,6.296195305387179,0.5090576171875,0.05408035
450,7225,765,709.56,786.9957266100001,5529600,5e-05,0.2,22380,16.913124084472656,0.15161775052547455,62.46506122350693,0.8813873529434204,-0.02946090913028456,6.299653392036756,0.392529296875,0.034019798
451,7225,767,709.85,783.0483870300002,5541888,5e-05,0.2,22390,5.6218109130859375,0.15159468352794647,34.697023524840674,0.9108927249908447,-0.019325685100920965,6.29999540746212,0.5736897786458334,0.07042934
452,7225,768,732.4,813.3699906099998,5554176,5e-05,0.2,22400,8.825693130493164,0.15158581733703613,33.74376871188482,0.9174910187721252,-0.023121239563139776,6.298345451553662,0.5419677734375,0.061480682
453,7225,770,743.42,824.75742226,5566464,5e-05,0.2,22410,24.716506958007812,0.15142518281936646,43.45873776872953,0.8916758894920349,-0.020188872042732935,6.305948876341184,0.5476236979166667,0.07366425
454,7225,772,743.67,829.0956307300002,5578752,5e-05,0.2,22420,22.085493087768555,0.151421919465065,34.883205675085385,0.898192286491394,-0.023553981539347055,6.309344817201296,0.5415201822916667,0.067958616
455,7226,773,735.18,815.2750531999998,5591040,5e-05,0.2,22430,37.88977813720703,0.15146619081497192,49.197624113162355,0.9047431349754333,-0.025037060383086403,6.305487671494484,0.4963134765625,0.052999005
456,7226,775,723.75,803.7835907399999,5603328,5e-05,0.2,22440,37.951412200927734,0.15143398940563202,36.95522764523824,0.9232222437858582,-0.0241957274149172,6.30634193221728,0.501513671875,0.053233366
457,7226,777,716.95,802.72076819,5615616,5e-05,0.2,22450,25.565261840820312,0.1515171378850937,27.086618489027025,0.9256695508956909,-0.017160695746618635,6.305322725574175,0.5795166015625,0.082363576
458,7226,778,681.56,755.8733937399999,5627904,5e-05,0.2,22460,12.081717491149902,0.1516355276107788,40.57252697944641,0.9281119108200073,-0.012883994031775122,6.2921718716621395,0.581201171875,0.07424935
459,7226,780,679.47,751.5326980699999,5640192,5e-05,0.2,22470,54.20893478393555,0.15162207186222076,52.655763572454454,0.9207110404968262,-0.031227653938306805,6.291725593805313,0.43057454427083336,0.038559467
460,7226,782,688.45,765.10981955,5652480,5e-05,0.2,22480,10.250120162963867,0.15172475576400757,56.228292508920035,0.9082124829292297,-0.01988720674423045,6.285910879572232,0.5571370442708333,0.09451445
461,7226,783,670.78,740.40654176,5664768,5e-05,0.2,22490,23.369110107421875,0.15160001814365387,48.8340531249841,0.9179831743240356,-0.029133877771285673,6.29142615099748,0.501318359375,0.055172384
462,7226,785,666.7,736.3557836399999,5677056,5e-05,0.2,22500,27.812650680541992,0.1515435427427292,54.506610401471455,0.9185750484466553,-0.020034742000279947,6.29843270778656,0.5817626953125,0.07897723
463,7227,787,685.08,754.8490054100001,5689344,5e-05,0.2,22510,7.569610118865967,0.1514093428850174,35.392774524291355,0.9039689302444458,-0.02716188704847203,6.306094059348107,0.49715983072916664,0.053727508
464,7227,788,677.89,740.67995696,5701632,5e-05,0.2,22520,12.278183937072754,0.1513647586107254,41.9835117995739,0.900521993637085,-0.030673261728952638,6.311064773797989,0.5130940755208333,0.06270402
465,7227,790,658.6,720.08187993,5713920,5e-05,0.2,22530,7.266107082366943,0.15146185457706451,47.37035613059997,0.9193169474601746,-0.020272486167959868,6.307182608048121,0.5581787109375,0.07642741
466,7227,792,660.59,729.12725393,5726208,5e-05,0.2,22540,24.06694793701172,0.1514769196510315,30.395864031712215,0.9281405806541443,-0.023460427082803412,6.30440504749616,0.5307698567708333,0.07265215
467,7227,793,669.89,742.6229364499999,5738496,5e-05,0.2,22550,6.896970272064209,0.1513596624135971,38.843911707401276,0.9208235144615173,-0.03150680153436648,6.311166113615036,0.4726155598958333,0.049152732
468,7227,795,656.48,726.4947622899999,5750784,5e-05,0.2,22560,11.824556350708008,0.15141157805919647,36.37490436335405,0.9257504343986511,-0.018072722406941466,6.312220848600069,0.5644938151041666,0.06597606
469,7228,797,703.18,790.07610858,5763072,5e-05,0.2,22570,8.041131973266602,0.15145498514175415,42.380722067753474,0.9289054274559021,-0.015897177610410533,6.308022182186445,0.5782877604166666,0.07842395
470,7228,798,692.74,781.50338869,5775360,5e-05,0.2,22580,15.699639320373535,0.15147890150547028,27.134186706940334,0.8850318193435669,-0.00722767087718239,6.309428800145785,0.6391031901041667,0.112652145
471,7228,800,694.82,780.6291795499998,5787648,5e-05,0.2,22590,27.211328506469727,0.1513921469449997,53.25610366463661,0.9255763292312622,-0.03176031579641858,6.310561874508858,0.40843098958333335,0.038930982
472,7228,802,725.86,814.54020143,5799936,5e-05,0.2,22600,26.98859977722168,0.15125006437301636,32.01407329440117,0.9087855815887451,-0.03387475672061555,6.320262901981672,0.4858642578125,0.057586253
473,7229,803,696.12,775.5700932500002,5812224,5e-05,0.2,22610,33.70164489746094,0.15133342146873474,63.24713717301687,0.8966289758682251,-0.02909955019519354,6.3222673813501995,0.4495442708333333,0.047173124
474,7229,805,688.21,767.7638090300002,5824512,5e-05,0.2,22620,16.244802474975586,0.1512734293937683,44.3104891359806,0.9224536418914795,-0.027929261501897902,6.319874852895737,0.5069417317708333,0.05622806
475,7229,807,667.28,738.9094513800001,5836800,5e-05,0.2,22630,22.093191146850586,0.151201069355011,48.50427162051201,0.8967200517654419,-0.02000813909447364,6.324375775456429,0.5477457682291667,0.07057164
476,7229,809,701.28,779.31623632,5849088,5e-05,0.2,22640,30.345914840698242,0.15124951303005219,49.636395712693535,0.9137495160102844,-0.017277593350445385,6.326524925231934,0.5645833333333333,0.07572275
477,7230,810,705.51,787.6555643000002,5861376,5e-05,0.2,22650,21.38822364807129,0.15126080811023712,28.290937929352125,0.886961817741394,-0.0087042535621246,6.325305509567261,0.6340413411458333,0.098556854
478,7230,812,733.72,825.64307392,5873664,5e-05,0.2,22660,20.95192527770996,0.15145134925842285,24.97223507761955,0.916331946849823,-0.024724979861154375,6.31743122835954,0.5422444661458333,0.0747918
479,7230,814,742.69,839.3938135200001,5885952,5e-05,0.2,22670,13.865458488464355,0.1514226347208023,27.578654759128888,0.9341134428977966,-0.024545478502598903,6.313922064503034,0.5358317057291667,0.060001682
480,7230,815,737.72,826.23181342,5898240,5e-05,0.2,22680,27.53366470336914,0.15149755775928497,49.780087900161746,0.9196797013282776,-0.02137026614024459,6.31124589641889,0.5279052734375,0.06432181
481,7230,817,761.71,858.7323246,5910528,5e-05,0.2,22690,15.045318603515625,0.1513693481683731,51.67908687591553,0.8898518681526184,-0.027705552294598115,6.3120832999547325,0.47771809895833334,0.04845634
482,7231,819,742.52,831.9348747799999,5922816,5e-05,0.2,22700,16.750762939453125,0.15138594806194305,49.218150367339454,0.8889403343200684,-0.022721082121521855,6.319126615921657,0.5014811197916667,0.051537488
483,7231,820,722.86,809.8487901900002,5935104,5e-05,0.2,22710,31.710582733154297,0.15137581527233124,54.27850216627121,0.9088196158409119,-0.025060847987576077,6.317287490765254,0.5060302734375,0.056413587
484,7231,822,704.65,783.3615243,5947392,5e-05,0.2,22720,44.40144729614258,0.15138037502765656,43.75229690472285,0.8984023928642273,-0.017335002830562492,6.312829102079074,0.5741048177083333,0.07485252
485,7231,824,726.67,807.5166730899999,5959680,5e-05,0.2,22730,25.293373107910156,0.15151751041412354,52.901528882980344,0.8956096172332764,-0.020148435285470136,6.311482748389244,0.5334879557291666,0.06357157
486,7231,825,744.45,832.9375400299999,5971968,5e-05,0.2,22740,20.987154006958008,0.15153731405735016,42.54601233204206,0.9130996465682983,-0.02529085721471347,6.304306755463283,0.5029052734375,0.05073412
487,7231,827,735.39,816.8585747799999,5984256,5e-05,0.2,22750,12.963059425354004,0.15150146186351776,43.29832996726036,0.9002810120582581,-0.027327090017206502,6.304983985424042,0.5181233723958333,0.054426327
488,7231,829,707.58,790.92899605,5996544,5e-05,0.2,22760,8.200044631958008,0.1515442430973053,34.14728665947914,0.9058049321174622,-0.011615231083609009,6.30321651995182,0.6222900390625,0.0959781
489,7231,830,710.34,791.95844524,6008832,5e-05,0.2,22770,21.967723846435547,0.1515038013458252,42.944276281197865,0.9264318943023682,-0.028663481031738533,6.304170217116674,0.46529947916666664,0.04491067
490,7231,832,720.77,801.49335501,6021120,5e-05,0.2,22780,16.44097900390625,0.15136155486106873,34.43065653244654,0.9137465953826904,-0.025781659688800574,6.3131518711646395,0.5147054036458333,0.06705389
491,7231,834,705.54,785.3165056899998,6033408,5e-05,0.2,22790,19.36561393737793,0.15149088203907013,43.4903569817543,0.9129353165626526,-0.018838351979502475,6.312527100245158,0.5763834635416667,0.07359635
492,7230,836,705.69,785.3931187300001,6045696,5e-05,0.2,22800,23.483919143676758,0.15147031843662262,32.064186894893645,0.938218891620636,-0.0244431751712303,6.3099928567806876,0.5329508463541667,0.06819841
493,7229,837,692.33,774.75880556,6057984,5e-05,0.2,22810,11.165374755859375,0.15150536596775055,49.66795791685581,0.88709557056427,-0.021246066858778553,6.30844480395317,0.53974609375,0.0702991
494,7228,839,684.79,758.5247409799999,6070272,5e-05,0.2,22820,12.698973655700684,0.15154226124286652,33.51525138020516,0.9289917945861816,-0.030481076573293346,6.304105643431345,0.49624837239583336,0.053605855
495,7226,841,696.7,776.5377727099999,6082560,5e-05,0.2,22830,45.31022644042969,0.15154175460338593,54.636444773276644,0.924798309803009,-0.02696822286234237,6.305231421192487,0.4768147786458333,0.05392437
496,7224,843,703.45,790.11644489,6094848,5e-05,0.2,22840,24.49612808227539,0.15146221220493317,45.904098294178645,0.8855007290840149,-0.021257471077357575,6.307778952519099,0.5420735677083334,0.07111062
497,7220,845,697.98,789.5400131499998,6107136,5e-05,0.2,22850,16.116283416748047,0.1514807492494583,45.841991645097735,0.9073184728622437,-0.02162442477128934,6.308456569910049,0.5472981770833333,0.07035939
498,7218,847,683.21,765.63016345,6119424,5e-05,0.2,22860,26.72650909423828,0.15167966485023499,51.13282306392988,0.8885069489479065,-0.01250139131055524,6.298221348722776,0.5988199869791667,0.07737416
499,7217,849,681.98,761.01051809,6131712,5e-05,0.2,22870,24.96978187561035,0.151667520403862,60.851300565401715,0.8898513317108154,-0.0279264342757718,6.295271683732668,0.46099446614583334,0.04492016
500,7216,851,683.2,759.86614616,6144000,5e-05,0.2,22880,17.611461639404297,0.1516057699918747,41.14812908967336,0.9144762754440308,-0.026922472404354872,6.300775855779648,0.5132649739583334,0.063964434
501,7215,853,659.81,726.4095831899998,6156288,5e-05,0.2,22890,20.328147888183594,0.1515992134809494,58.41914562185605,0.9048293828964233,-0.021868344844551756,6.302885389328003,0.52880859375,0.06532023
502,7215,854,661.27,727.5653715899998,6168576,5e-05,0.2,22900,29.6248722076416,0.15158899128437042,63.66299946308136,0.9088340997695923,-0.02455703972664196,6.3043283691008885,0.508154296875,0.052363236
503,7214,856,637.58,690.9410516600001,6180864,5e-05,0.2,22910,46.0109748840332,0.15157587826251984,58.602614778280255,0.8937053680419922,-0.023744951690120312,6.30778133670489,0.5532552083333333,0.06847258
504,7212,858,641.01,699.6522519799998,6193152,5e-05,0.2,22920,46.400962829589844,0.1515214592218399,74.66264710028966,0.9033549427986145,-0.02673448500572704,6.312911261121432,0.4972412109375,0.05130351
505,7212,860,634.89,693.7841479000001,6205440,5e-05,0.2,22930,10.554153442382812,0.15145482122898102,47.755805508295694,0.9235416650772095,-0.029432873384212143,6.316502871116002,0.4941650390625,0.055536494
506,7211,862,646.5,709.8287230599998,6217728,5e-05,0.2,22940,11.317224502563477,0.1514844447374344,43.78788779179255,0.9146748781204224,-0.01950582277592427,6.315925105412801,0.5970133463541667,0.07454415
507,7210,863,644.55,707.1515062899998,6230016,5e-05,0.2,22950,11.313566207885742,0.15140824019908905,61.022953285773596,0.8822555541992188,-0.020061536370485557,6.321146610379219,0.5548095703125,0.061793733
508,7210,865,688.89,760.23745201,6242304,5e-05,0.2,22960,12.277506828308105,0.15148000419139862,39.203653034567836,0.8893046975135803,-0.02389548047358403,6.324189648032188,0.530322265625,0.06302262
509,7210,867,707.09,783.5254081699998,6254592,5e-05,0.2,22970,8.571346282958984,0.15153656899929047,27.58719282746315,0.9080162048339844,-0.024060041306074708,6.319948907693227,0.5777262369791667,0.07944465
510,7210,869,710.33,783.18383578,6266880,5e-05,0.2,22980,43.192935943603516,0.15159326791763306,48.03215532898903,0.914568305015564,-0.01622863736799142,6.319593934218089,0.5724283854166666,0.07528865
511,7210,870,705.57,770.8584803700002,6279168,5e-05,0.2,22990,7.132164001464844,0.15150173008441925,36.687435519695285,0.9367871284484863,-0.02671276321731663,6.3194142371416095,0.5317138671875,0.057431173
512,7210,872,709.24,771.7600621199998,6291456,5e-05,0.2,23000,49.315608978271484,0.15144728124141693,63.45056081414223,0.9091411828994751,-0.02638363812196379,6.329179162780444,0.4715087890625,0.051212464
513,7209,874,688.23,746.81859696,6303744,5e-05,0.2,23010,13.85212516784668,0.15150094032287598,34.5365214963754,0.9075796008110046,-0.01662514591201519,6.328367936611175,0.5974202473958333,0.077510186
514,7209,876,685.99,750.8527788200001,6316032,5e-05,0.2,23020,18.22241973876953,0.15149293839931488,34.754881622393924,0.9206783771514893,-0.026584825725876726,6.327434055010477,0.5128255208333333,0.056463156
515,7209,877,702.69,767.580136,6328320,5e-05,0.2,23030,9.413556098937988,0.1516057252883911,24.656253667672477,0.9164635539054871,-0.007549990527816893,6.318049244085947,0.6302164713541667,0.0922334
516,7210,879,700.14,768.9319515300002,6340608,5e-05,0.2,23040,26.11639404296875,0.15159890055656433,56.19458864331246,0.8702812194824219,-0.030860531206902426,6.316937944293022,0.4112060546875,0.043463882
517,7210,881,690.02,756.1882351500001,6352896,5e-05,0.2,23050,14.691652297973633,0.15170462429523468,44.63271867434184,0.9131650924682617,-0.023501264204484566,6.311681233843168,0.5364664713541667,0.056777705
518,7210,882,697.95,763.78490502,6365184,5e-05,0.2,23060,16.512908935546875,0.15147770941257477,43.16636566321055,0.9326727390289307,-0.027433743331736576,6.320867752035459,0.49588216145833336,0.053524148
519,7210,884,701.97,767.67931182,6377472,5e-05,0.2,23070,26.354551315307617,0.15145717561244965,48.49648525516192,0.8830536603927612,-0.01824725347299439,6.329167573650678,0.56494140625,0.070235215
520,7210,886,708.18,765.2657301900002,6389760,5e-05,0.2,23080,29.430150985717773,0.1515306830406189,35.062494507431985,0.9036550521850586,-0.012096864942092604,6.327873539924622,0.6230631510416667,0.09465137
521,7210,887,725.47,790.3869867799999,6402048,5e-05,0.2,23090,24.42491340637207,0.1514081209897995,37.89816858768463,0.9169807434082031,-0.022964525707842163,6.330231493711471,0.5336263020833333,0.05738789
522,7210,889,733.2,801.5890197299999,6414336,5e-05,0.2,23100,11.542827606201172,0.1512637585401535,44.28338832060496,0.9115826487541199,-0.01912105921219336,6.338049380977949,0.5489176432291667,0.07824785
523,7210,891,743.09,808.3794295399999,6426624,5e-05,0.2,23110,19.966890335083008,0.15125639736652374,63.4546901901563,0.894578218460083,-0.027792138186244604,6.345404632886251,0.4669189453125,0.04772565
524,7210,893,754.02,828.11613659,6438912,5e-05,0.2,23120,52.55377960205078,0.15133272111415863,76.457510860761,0.8946441411972046,-0.030743319610094962,6.341672960917155,0.4704833984375,0.045762334
525,7210,894,738.87,804.1358800200003,6451200,5e-05,0.2,23130,13.301884651184082,0.15132087469100952,34.5147636393706,0.9008046388626099,-0.02081472832845369,6.340651100873947,0.5622395833333333,0.07275189
526,7210,896,729.14,793.6963924000001,6463488,5e-05,0.2,23140,41.867095947265625,0.15144659578800201,52.55228568315506,0.8908604383468628,-0.022856418784552565,6.336537895600001,0.5257486979166667,0.06233966
527,7210,898,707.28,767.1114346600001,6475776,5e-05,0.2,23150,17.576663970947266,0.15150852501392365,63.31009624004364,0.8998152613639832,-0.019060076992415513,6.329288335641225,0.5596923828125,0.05564638
528,7210,899,714.56,774.80123861,6488064,5e-05,0.2,23160,9.090465545654297,0.15144111216068268,49.26538290381431,0.8982994556427002,-0.02262828953777595,6.3306773414214454,0.5197672526041667,0.06011902
529,7210,901,730.71,800.0376437300001,6500352,5e-05,0.2,23170,16.346284866333008,0.15146760642528534,48.41384108861288,0.8693975210189819,-0.02553300533569806,6.333534656961759,0.5329508463541667,0.06301518
530,7210,903,705.59,765.1197237800001,6512640,5e-05,0.2,23180,14.487064361572266,0.151378333568573,59.3185673058033,0.8882310390472412,-0.019942321350875623,6.333376462260882,0.5651123046875,0.07285436
531,7209,905,738.27,801.72200834,6524928,5e-05,0.2,23190,14.771337509155273,0.1512814313173294,44.661542572577794,0.894065797328949,-0.023678004490405632,6.340819062789281,0.552099609375,0.064907245
532,7209,906,750.03,824.9460656900001,6537216,5e-05,0.2,23200,19.47509002685547,0.1513655036687851,22.74358699272076,0.9187992811203003,-0.010423888764247142,6.339701169729233,0.6498779296875,0.100770175
533,7208,908,760.23,840.9571866000001,6549504,5e-05,0.2,23210,10.630513191223145,0.15128903090953827,29.537832832336427,0.901989758014679,-0.01601448488557556,6.339099669456482,0.5827229817708334,0.075194634
534,7208,910,749.65,834.1660934500001,6561792,5e-05,0.2,23220,21.931154251098633,0.1512109637260437,34.26683788597584,0.9148364067077637,-0.02363700987189077,6.3459616283575695,0.5137125651041666,0.055457722
535,7207,912,737.01,818.82540212,6574080,5e-05,0.2,23230,29.67365264892578,0.1511894017457962,61.57523162762324,0.8851723074913025,-0.02521687478777797,6.350452635685603,0.44813639322916665,0.05855319
536,7206,913,718.56,796.7473922,6586368,5e-05,0.2,23240,14.702677726745605,0.15131688117980957,76.86336244742076,0.8817123174667358,-0.022566815965304462,6.346756419539451,0.5289876302083333,0.05531772
537,7206,915,730.24,808.87842674,6598656,5e-05,0.2,23250,6.713258743286133,0.1513792723417282,38.184047535061836,0.9132571220397949,-0.022703336856405562,6.341315572460492,0.5459879557291667,0.06026258
538,7205,917,719.26,788.7604704999999,6610944,5e-05,0.2,23260,15.736506462097168,0.15139701962471008,21.30607046087583,0.8765515089035034,-0.009546891002294918,6.336596175034841,0.6486490885416667,0.12408052
539,7204,919,734.76,805.18518359,6623232,5e-05,0.2,23270,14.340155601501465,0.1513603925704956,30.64847625990709,0.9179021716117859,-0.025181909990593946,6.334747200210889,0.4784342447916667,0.05361688
540,7204,920,739.69,809.1124865499999,6635520,5e-05,0.2,23280,16.866743087768555,0.15132740139961243,51.106422102451326,0.8955833315849304,-0.021267208473485275,6.337157969673474,0.48671875,0.051738184
541,7204,922,738.11,804.91213322,6647808,5e-05,0.2,23290,29.371200561523438,0.15139396488666534,47.31871151526769,0.9010401368141174,-0.023141705721597343,6.334654874602953,0.5330647786458333,0.06142037
542,7205,924,730.8,800.77472815,6660096,5e-05,0.2,23300,21.873376846313477,0.1514357477426529,54.95409259001414,0.9181253910064697,-0.022102657674501338,6.333484085400899,0.4943359375,0.049282473
543,7205,926,728.56,800.5836270300001,6672384,5e-05,0.2,23310,12.06428050994873,0.15133090317249298,34.71244148214658,0.9338346719741821,-0.025220114367160325,6.3329578628142675,0.5316487630208333,0.06259508
544,7204,927,716.16,789.3382837800001,6684672,5e-05,0.2,23320,12.457982063293457,0.15125130116939545,31.92496440211932,0.9244310259819031,-0.021328738940064797,6.341122884551684,0.5260498046875,0.058335114
545,7204,929,695.2,762.6325877300001,6696960,5e-05,0.2,23330,18.494487762451172,0.15117581188678741,45.274067962169646,0.8995355367660522,-0.019664189696777613,6.344812648495038,0.5270670572916667,0.056794435
546,7203,931,703.02,776.10447964,6709248,5e-05,0.2,23340,15.330896377563477,0.15110300481319427,46.79566176533699,0.9263628721237183,-0.0089813517149499,6.348212554057439,0.6144205729166666,0.08842581
547,7204,933,711.65,782.7886067600001,6721536,5e-05,0.2,23350,17.779319763183594,0.15126989781856537,38.3780310968558,0.9135044813156128,-0.01036146258120425,6.3411555856466295,0.6263427734375,0.09605981
548,7204,934,738.14,813.39567962,6733824,5e-05,0.2,23360,16.698389053344727,0.15134944021701813,36.754886255661646,0.9228769540786743,-0.033412143105912645,6.3366069008906685,0.40157877604166664,0.03815873
549,7204,936,724.93,794.98530359,6746112,5e-05,0.2,23370,13.969837188720703,0.15150676667690277,28.429665372769037,0.9087952971458435,-0.008683024650478426,6.329803039630254,0.62666015625,0.109013446
550,7204,938,696.68,766.7065294800002,6758400,5e-05,0.2,23380,24.158374786376953,0.15147627890110016,47.922564097245534,0.9105090498924255,-0.022236479772254826,6.328060220678648,0.505224609375,0.05148211
551,7204,939,730.27,805.31673936,6770688,5e-05,0.2,23390,17.627403259277344,0.1514364629983902,45.870143288373946,0.912482738494873,-0.030328834695198262,6.334148830175399,0.43994140625,0.04919067
552,7205,941,725.37,799.3940032799999,6782976,5e-05,0.2,23400,9.889251708984375,0.15135250985622406,17.304567454755308,0.9067069292068481,-0.01662394948361907,6.337105257312457,0.6323811848958333,0.12251451
553,7205,943,713.0,785.8542685699999,6795264,5e-05,0.2,23410,38.56778335571289,0.15135473012924194,56.37501537998517,0.8938423991203308,-0.016970202971909504,6.34340073565642,0.5483968098958333,0.06194247
554,7205,944,697.93,771.11783733,6807552,5e-05,0.2,23420,17.372346878051758,0.15130601823329926,61.65376885732015,0.903597354888916,-0.029587867353499556,6.347540671626727,0.4183837890625,0.037167836
555,7204,946,709.42,783.12066084,6819840,5e-05,0.2,23430,22.323102951049805,0.1512567698955536,56.16088870366414,0.8764082193374634,-0.025905615800487187,6.350858075420062,0.5035481770833333,0.052737564
556,7203,948,708.56,779.2393728799997,6832128,5e-05,0.2,23440,21.375492095947266,0.1511407196521759,78.14013528426489,0.872445285320282,-0.025068860276951453,6.359216231107712,0.48391927083333336,0.047002878
557,7202,950,679.9,742.28340253,6844416,5e-05,0.2,23450,25.73480224609375,0.1511545330286026,53.61659474571546,0.8922720551490784,-0.018574221543773698,6.361840704083443,0.5349527994791666,0.05754496
558,7201,952,679.87,741.5248124399998,6856704,5e-05,0.2,23460,33.2805290222168,0.15108564496040344,39.64478962222735,0.9006635546684265,-0.023139416828538137,6.362643425663312,0.5364827473958333,0.07705767
559,7199,954,720.3,801.4314905800001,6868992,5e-05,0.2,23470,20.81165885925293,0.15114645659923553,36.16880903442701,0.9135026931762695,-0.013675202207135346,6.360376719633738,0.61630859375,0.095489554
560,7198,955,711.53,789.9859076400003,6881280,5e-05,0.2,23480,9.657633781433105,0.15107868611812592,33.109177452325824,0.8748716115951538,-0.01336527077825546,6.361067421237627,0.6024576822916666,0.11047191
561,7198,957,722.98,809.95964178,6893568,5e-05,0.2,23490,27.69858741760254,0.15114091336727142,36.221675279736516,0.9224079251289368,-0.0205963318842502,6.359793399771054,0.5159423828125,0.052297253
562,7198,959,722.79,813.5391927100001,6905856,5e-05,0.2,23500,8.493963241577148,0.1510971635580063,38.082250357667604,0.8995459675788879,-0.013735314272344113,6.35894846022129,0.5862223307291666,0.082609005
563,7198,961,732.14,829.7507033900001,6918144,5e-05,0.2,23510,21.260644912719727,0.15090994536876678,53.829485311110815,0.9084797501564026,-0.02501953364505122,6.365879755218824,0.4824951171875,0.046327036
564,7197,962,766.22,872.2021437899999,6930432,5e-05,0.2,23520,18.43548011779785,0.1509406566619873,38.97973692218463,0.9155214428901672,-0.027077990186323102,6.369947584470113,0.5158040364583333,0.06752453
565,7197,964,747.06,841.0392515200001,6942720,5e-05,0.2,23530,15.177769660949707,0.15093070268630981,12.81816293746233,0.9205774664878845,-0.010786597087280825,6.3656416714191435,0.6256510416666666,0.11420361
566,7197,966,751.14,848.7937815,6955008,5e-05,0.2,23540,18.16488265991211,0.15098971128463745,36.12134501039982,0.9078918695449829,-0.024218822297795366,6.361606999238332,0.4943766276041667,0.057991806
567,7198,967,745.32,842.95350016,6967296,5e-05,0.2,23550,32.0720329284668,0.15106505155563354,45.0035071760416,0.9050926566123962,-0.021915281335047134,6.356481876969338,0.5277669270833333,0.05402766
568,7198,969,725.48,812.8360114899998,6979584,5e-05,0.2,23560,5.684028625488281,0.1511407494544983,33.56663607855638,0.9188142418861389,-0.023418609887206305,6.352428927024206,0.47760416666666666,0.047318485
569,7198,971,717.65,802.3060023200001,6991872,5e-05,0.2,23570,41.99001693725586,0.15109604597091675,69.48172543446223,0.9004679322242737,-0.030640592904334577,6.351225418845813,0.44686686197916664,0.047275286
570,7199,972,700.39,779.4290384,7004160,5e-05,0.2,23580,18.12480926513672,0.15110526978969574,51.729266041517256,0.913928210735321,-0.02848787386707651,6.351945467789968,0.4808268229166667,0.056311533
571,7199,974,694.82,771.5679548700001,7016448,5e-05,0.2,23590,24.20838165283203,0.15109750628471375,49.075631415843965,0.8873199224472046,-0.01187370156403631,6.353728900353114,0.6023356119791666,0.08546216
572,7199,976,677.23,750.8681781499997,7028736,5e-05,0.2,23600,19.257530212402344,0.1511823534965515,41.97312241792679,0.9055863618850708,-0.017755307154341912,6.350358009338379,0.5827229817708334,0.0799355
573,7199,977,685.05,750.0910254300002,7041024,5e-05,0.2,23610,23.85231590270996,0.15123938024044037,55.6825156211853,0.9122724533081055,-0.025013656435961214,6.342961320281029,0.5036783854166667,0.06183225
574,7199,979,705.95,777.1861238800001,7053312,5e-05,0.2,23620,9.674275398254395,0.15114255249500275,27.63168333073457,0.9072188138961792,-0.021150092871296995,6.343237362305323,0.5771321614583333,0.08304114
575,7199,981,692.65,760.6881922700002,7065600,5e-05,0.2,23630,11.40116024017334,0.15099987387657166,53.15621608495712,0.9121108651161194,-0.0296044329443248,6.354989383618037,0.44867350260416666,0.041316062
576,7197,983,681.0,748.8246602,7077888,5e-05,0.2,23640,18.594194412231445,0.15097258985042572,51.66535856525103,0.898745059967041,-0.020545355446908314,6.356708896160126,0.5569986979166667,0.066789575
577,7195,985,688.27,756.77768427,7090176,5e-05,0.2,23650,5.718938827514648,0.15083922445774078,51.18958859841029,0.8952489495277405,-0.013454283117122637,6.363224690159162,0.5896647135416667,0.06755617
578,7195,987,724.84,804.6554158699998,7102464,5e-05,0.2,23660,28.168737411499023,0.15087009966373444,41.01249897181988,0.9028270244598389,-0.017369524227494063,6.366145694255829,0.5875162760416667,0.07935644
579,7195,988,721.78,802.5662320600001,7114752,5e-05,0.2,23670,15.132287979125977,0.1510220766067505,27.779217021663985,0.9029790163040161,-0.012443105942414453,6.360226309299469,0.6153971354166666,0.093437016
580,7195,990,703.52,784.6749706300001,7127040,5e-05,0.2,23680,22.634248733520508,0.151098370552063,48.048606582482655,0.9009748697280884,-0.02955775253358297,6.352080404758453,0.4457600911458333,0.04087565
581,7196,992,736.28,824.3435148999998,7139328,5e-05,0.2,23690,18.47235870361328,0.1511761099100113,43.83034519453843,0.9180014133453369,-0.017751145417423685,6.341668150822321,0.5805013020833333,0.080025144
582,7196,993,733.67,819.6766331400001,7151616,5e-05,0.2,23700,11.806598663330078,0.15121200680732727,43.34811728398005,0.8813957571983337,-0.017733021645593303,6.3368898868560795,0.5459228515625,0.06858713
583,7196,995,743.15,826.0404692499999,7163904,5e-05,0.2,23710,28.84636688232422,0.1511542648077011,31.457439773281415,0.9249617457389832,-0.02328282504264886,6.336312848329544,0.5442220052083333,0.07806326
584,7195,997,741.12,821.0659370100001,7176192,5e-05,0.2,23720,10.665771484375,0.1510215848684311,38.684371175368625,0.9163615703582764,-0.022590073054501166,6.343856261173884,0.5380615234375,0.07005636
585,7193,999,766.77,852.9144455699998,7188480,5e-05,0.2,23730,22.378131866455078,0.15101170539855957,45.15255109270414,0.9077984690666199,-0.022702734286334212,6.348595145344734,0.527490234375,0.06605405
586,7191,1001,766.41,849.56080279,7200768,5e-05,0.2,23740,8.292276382446289,0.15106871724128723,29.35284632742405,0.9000496864318848,-0.022152648593570728,6.348640994230906,0.5279866536458333,0.06843675
587,7190,1003,777.35,862.99027203,7213056,5e-05,0.2,23750,12.55467414855957,0.1510034203529358,45.56964963475863,0.9078390002250671,-0.0184905857827592,6.351019694407781,0.5574951171875,0.0681839
588,7190,1004,788.86,876.2044357599999,7225344,5e-05,0.2,23760,8.102784156799316,0.1509731411933899,32.81762573421001,0.927320122718811,-0.015335350794581851,6.355180125435194,0.5763834635416667,0.07031317
589,7189,1006,799.02,890.7268251700001,7237632,5e-05,0.2,23770,7.4680986404418945,0.15110361576080322,51.45037046869596,0.8865491151809692,-0.022554952873421522,6.350991582870483,0.48019205729166664,0.053630967
590,7189,1008,801.59,897.37431152,7249920,5e-05,0.2,23780,17.17557144165039,0.15096302330493927,46.69441208640735,0.888466477394104,-0.024046282003594873,6.351887059211731,0.5082845052083333,0.056322735
591,7189,1010,761.19,854.4840525100001,7262208,5e-05,0.2,23790,34.10716247558594,0.1508001834154129,46.98307031989098,0.8832398653030396,-0.024947652978395733,6.360905011494954,0.5426839192708334,0.07271109
592,7189,1011,775.82,874.2310255500001,7274496,5e-05,0.2,23800,13.013954162597656,0.15095297992229462,40.34981987476349,0.8906012177467346,-0.010751274575886783,6.357206051548322,0.6002278645833333,0.09278434
593,7189,1013,783.54,882.5732254099998,7286784,5e-05,0.2,23810,9.273109436035156,0.1509505659341812,38.32286201616128,0.8990286588668823,-0.02546767822835439,6.34994945526123,0.49095052083333335,0.050201427
594,7190,1015,763.74,860.1615720899998,7299072,5e-05,0.2,23820,11.317378044128418,0.1507650762796402,22.354622640212376,0.9387661218643188,-0.022453263135200057,6.3594660212596255,0.5536783854166667,0.07174882
595,7190,1016,770.18,866.7384997199999,7311360,5e-05,0.2,23830,34.33518981933594,0.1509244441986084,40.83988782862822,0.906448245048523,-0.01645292687753681,6.3557198216517765,0.5730061848958333,0.07229497
596,7190,1018,778.92,878.3174322699998,7323648,5e-05,0.2,23840,23.447378158569336,0.15085364878177643,34.56532108287016,0.896929144859314,-0.01891734605645373,6.351079243421554,0.5854085286458334,0.0741032
597,7189,1020,778.43,869.8850366800001,7335936,5e-05,0.2,23850,31.392763137817383,0.15099048614501953,25.763576781749727,0.8830634951591492,-0.007068156103681152,6.344844300548235,0.6343994140625,0.091771424
598,7189,1022,779.27,860.4034709400001,7348224,5e-05,0.2,23860,8.192436218261719,0.1510627269744873,43.462557878096895,0.9086044430732727,-0.02601647954628182,6.337631351749102,0.4659016927083333,0.049306493
599,7189,1023,757.62,837.65564172,7360512,5e-05,0.2,23870,2.7808306217193604,0.15092886984348297,32.91166554788749,0.9119709134101868,-0.019334945414448156,6.340145772695541,0.5316162109375,0.06780429
600,7189,1025,755.1,824.51437943,7372800,5e-05,0.2,23880,11.341550827026367,0.15086589753627777,42.64266932408015,0.9149616956710815,-0.023891963552644786,6.347998684644699,0.4985758463541667,0.049046542
601,7190,1027,744.78,815.00216407,7385088,5e-05,0.2,23890,27.856708526611328,0.1507961004972458,53.56526483694712,0.9115749597549438,-0.028829133951027566,6.354191796978315,0.44613444010416664,0.05398947
602,7190,1028,734.13,801.0624574699999,7397376,5e-05,0.2,23900,8.008212089538574,0.15089349448680878,30.793674751122794,0.902906060218811,-0.014934354099871901,6.351605267326037,0.6044759114583333,0.100111775
603,7190,1030,725.56,795.3943667200001,7409664,5e-05,0.2,23910,25.53645896911621,0.15091729164123535,36.376349178949994,0.8954570293426514,-0.01376126900189168,6.3464687635501225,0.5591634114583334,0.06437418
604,7190,1032,704.35,772.41135062,7421952,5e-05,0.2,23920,15.95926284790039,0.15082941949367523,61.94850383599599,0.9039108753204346,-0.030127677165243463,6.348940986394882,0.40530598958333336,0.039083987
605,7191,1033,713.51,788.7710349900002,7434240,5e-05,0.2,23930,47.24283218383789,0.15082679688930511,60.78413907885552,0.870202362537384,-0.02064953826338751,6.3505347788333895,0.5595052083333333,0.07282179
606,7191,1035,715.9,792.2828185199999,7446528,5e-05,0.2,23940,22.765445709228516,0.15093816816806793,38.81495391925176,0.9041159152984619,-0.014417168668781717,6.3451078553994495,0.5987630208333333,0.083100766
607,7191,1037,710.09,786.83307854,7458816,5e-05,0.2,23950,15.447615623474121,0.15107059478759766,50.17977871894836,0.8824843168258667,-0.01900730144213109,6.337711238861084,0.5460367838541667,0.077072896
608,7192,1038,715.78,793.8161082700001,7471104,5e-05,0.2,23960,23.363130569458008,0.15100297331809998,40.8830688526233,0.8947011828422546,-0.016421796263117964,6.332802698016167,0.55478515625,0.06367009
609,7192,1040,718.29,794.61441622,7483392,5e-05,0.2,23970,22.380868911743164,0.15096254646778107,44.50004367629687,0.9198863506317139,-0.02723252405509508,6.338008184234301,0.5106038411458333,0.06379384
610,7191,1042,711.18,782.0232990799999,7495680,5e-05,0.2,23980,14.764705657958984,0.15086781978607178,37.6010785361131,0.9281800985336304,-0.01365953977413786,6.34471386273702,0.6088134765625,0.09282029
611,7191,1044,674.51,741.76872196,7507968,5e-05,0.2,23990,24.44719123840332,0.15079587697982788,56.80249508023262,0.893318235874176,-0.029062190955058517,6.351308384537697,0.4212565104166667,0.04429719
612,7191,1045,703.37,774.9800371399999,7520256,5e-05,0.2,24000,24.162817001342773,0.15072572231292725,44.248806951443356,0.925537109375,-0.03037441103369929,6.356370952725411,0.44765625,0.0412177
613,7191,1047,684.62,752.7799887,7532544,5e-05,0.2,24010,24.336393356323242,0.15080201625823975,45.28846223453681,0.8995047807693481,-0.022489120433844316,6.356347494324049,0.53505859375,0.068229534
614,7191,1049,691.5,761.06815052,7544832,5e-05,0.2,24020,17.91950035095215,0.15071885287761688,64.96972708702087,0.8799223899841309,-0.02220123320100053,6.357705044746399,0.5215738932291667,0.060187306
615,7192,1050,709.2,782.73506408,7557120,5e-05,0.2,24030,19.634559631347656,0.15071992576122284,53.217883537213005,0.8977391719818115,-0.026048621302470563,6.362013374765714,0.5147867838541667,0.05297473
616,7192,1052,711.49,787.83164997,7569408,5e-05,0.2,24040,21.00579261779785,0.1507568508386612,32.25578149855137,0.9074605107307434,-0.009792002975882497,6.357917483647665,0.6188557942708334,0.1057094
617,7192,1054,740.01,816.70127524,7581696,5e-05,0.2,24050,13.03537654876709,0.150773823261261,38.8704409301281,0.9007400870323181,-0.017667164300898246,6.353696792324384,0.5730305989583333,0.06893548
618,7192,1055,723.36,790.13641703,7593984,5e-05,0.2,24060,17.230222702026367,0.15064717829227448,49.95336501399676,0.8448578119277954,-0.03129621587868314,6.357457623879115,0.4689453125,0.04994613
619,7192,1057,714.93,776.1456064099999,7606272,5e-05,0.2,24070,22.0181941986084,0.15049724280834198,40.725226539373395,0.9220126867294312,-0.02539939238728645,6.366851568222046,0.5360921223958334,0.06316102
620,7192,1059,720.94,785.8004516799999,7618560,5e-05,0.2,24080,34.627803802490234,0.15046264231204987,42.117864312728244,0.9126259684562683,-0.02415289577426544,6.372473467389742,0.5288818359375,0.0658296
621,7193,1060,688.98,745.2531133700002,7630848,5e-05,0.2,24090,8.72891902923584,0.15034519135951996,38.383316067854565,0.9116436243057251,-0.025287939438324733,6.37996396223704,0.5321940104166667,0.054686114
622,7193,1062,700.28,752.7404652599997,7643136,5e-05,0.2,24100,32.06715393066406,0.15043455362319946,45.66112675666809,0.9088009595870972,-0.02165298152588851,6.3824064314365385,0.519921875,0.05508345
623,7193,1064,694.22,756.1383602799999,7655424,5e-05,0.2,24110,8.125670433044434,0.1504414975643158,32.40169786115487,0.9247772097587585,-0.01974020432389807,6.378254001339276,0.5528971354166666,0.059844196
624,7193,1065,693.59,762.33770886,7667712,5e-05,0.2,24120,18.24118423461914,0.1504407674074173,55.56626754204432,0.8839622735977173,-0.02085696629267962,6.377024018764496,0.5274495442708333,0.0702899
625,7194,1067,718.2,784.3518113099999,7680000,5e-05,0.2,24130,30.82990837097168,0.15033921599388123,41.38321585257848,0.896183431148529,-0.01951999866432743,6.383206342657407,0.5458740234375,0.07286283
626,7192,1069,718.28,791.1775676100001,7692288,5e-05,0.2,24140,20.013771057128906,0.15037940442562103,58.9798121492068,0.8720343708992004,-0.02276345086332488,6.386739015579224,0.5062174479166667,0.04967915
627,7191,1071,742.14,820.09880001,7704576,5e-05,0.2,24150,26.47779083251953,0.15059418976306915,35.148103230198224,0.919680118560791,-0.017588133405661212,6.37120273411274,0.5910319010416667,0.0757235
628,7190,1073,719.79,799.0481017100001,7716864,5e-05,0.2,24160,30.31779670715332,0.1505921334028244,57.23409094611804,0.8975405693054199,-0.02394231650881314,6.364661689599355,0.4982177734375,0.063968934
629,7189,1075,717.21,790.2450130299999,7729152,5e-05,0.2,24170,41.35721206665039,0.1506735235452652,34.54830344716708,0.9150019884109497,-0.016693307884027793,6.361890594164531,0.5867106119791666,0.09692842
630,7188,1076,694.92,760.683008,7741440,5e-05,0.2,24180,18.49659538269043,0.15061254799365997,43.46733155051867,0.9183204770088196,-0.01631677783637618,6.357744863629341,0.5662516276041667,0.07423668
631,7188,1078,693.05,754.51367943,7753728,5e-05,0.2,24190,41.834259033203125,0.15068963170051575,66.0773342092832,0.9123070240020752,-0.031829011041554625,6.3582509418328605,0.4388427734375,0.039018843
632,7187,1080,677.94,731.1532545000002,7766016,5e-05,0.2,24200,17.904916763305664,0.1505577117204666,33.228784318765,0.9227601885795593,-0.02456666410701776,6.359934933980306,0.5697184244791667,0.073358715
633,7186,1082,655.41,702.0572534299998,7778304,5e-05,0.2,24210,11.85566520690918,0.15048418939113617,59.83419315020243,0.8955087065696716,-0.021059587276734723,6.3669764459133145,0.5229736328125,0.057132095
634,7185,1084,639.74,691.7706617700001,7790592,5e-05,0.2,24220,28.312114715576172,0.1505083292722702,72.68251848618189,0.9030390977859497,-0.023880021443862157,6.3661374618609745,0.5090169270833333,0.050105676
635,7185,1085,654.69,708.3219501300002,7802880,5e-05,0.2,24230,14.692282676696777,0.15045402944087982,45.612804160515466,0.9149612188339233,-0.02073721804675491,6.366884432236353,0.5699951171875,0.071269244
636,7185,1087,662.83,722.5199797,7815168,5e-05,0.2,24240,14.434882164001465,0.1505783349275589,25.16922024289767,0.9165103435516357,-0.014044010981160681,6.363553778330485,0.6037027994791667,0.09330505
637,7183,1089,679.52,751.1800550700001,7827456,5e-05,0.2,24250,6.544780731201172,0.15052732825279236,29.651397781570754,0.9296742081642151,-0.020138478260681342,6.35934554040432,0.5566975911458333,0.0719412
638,7183,1091,678.81,755.5328929499999,7839744,5e-05,0.2,24260,16.90973663330078,0.150395467877388,56.01868945360184,0.8783804178237915,-0.02972430225587838,6.369895109534264,0.42958984375,0.04764883
639,7183,1093,698.43,779.6380711299997,7852032,5e-05,0.2,24270,11.894139289855957,0.1505044549703598,31.192500709493956,0.9223397970199585,-0.016600384975996956,6.367733815312386,0.5880289713541667,0.08419306
640,7183,1094,712.01,791.5819160899998,7864320,5e-05,0.2,24280,33.26173782348633,0.15042559802532196,45.88197449247043,0.8955720663070679,-0.016667821080288074,6.36574239730835,0.5810465494791667,0.074683756
641,7183,1096,712.6,795.9936497599998,7876608,5e-05,0.2,24290,12.46666431427002,0.15042410790920258,38.63298140863578,0.8885197639465332,-0.023363992268180787,6.369270582993825,0.5098388671875,0.06731951
642,7183,1098,711.35,789.5688961999999,7888896,5e-05,0.2,24300,5.163922309875488,0.15050740540027618,35.06610834002495,0.9012884497642517,-0.015807401696414067,6.362049741546313,0.5943522135416667,0.0910843
643,7184,1099,725.38,802.3198345999999,7901184,5e-05,0.2,24310,11.54297924041748,0.15051251649856567,35.67337512969971,0.9178522229194641,-0.02381641571361494,6.359839690725009,0.5024658203125,0.057476263
644,7184,1101,741.93,812.93535179,7913472,5e-05,0.2,24320,4.356870174407959,0.1504753977060318,27.79346050818761,0.9170907735824585,-0.024328287534687357,6.364167699217797,0.48956705729166666,0.0629665
645,7184,1103,743.45,808.51797317,7925760,5e-05,0.2,24330,14.774810791015625,0.15048108994960785,46.75621571739514,0.9020158052444458,-0.03137081294019784,6.369050262371699,0.4518229166666667,0.04610757
646,7185,1104,746.53,819.3825042800001,7938048,5e-05,0.2,24340,51.115386962890625,0.15041328966617584,46.02157633900642,0.904873788356781,-0.026476809678327603,6.372341095407804,0.5296223958333334,0.05984302
647,7185,1106,745.41,816.2019591500002,7950336,5e-05,0.2,24350,14.237771987915039,0.15043434500694275,38.96681428352992,0.9153671860694885,-0.02412141052482184,6.374481817086537,0.5021402994791667,0.05275492
648,7185,1108,743.54,813.8406794499999,7962624,5e-05,0.2,24360,24.198894500732422,0.15048694610595703,45.63750475446383,0.8862504959106445,-0.03167126304761041,6.371567677458128,0.47804361979166665,0.05131395
649,7185,1109,714.42,781.6855565999999,7974912,5e-05,0.2,24370,24.20661163330078,0.1506085842847824,41.66529939572016,0.9034739136695862,-0.019573728583054617,6.364908969402313,0.5823079427083333,0.07851687
650,7186,1111,721.25,796.2217317899999,7987200,5e-05,0.2,24380,19.1788387298584,0.1507040560245514,52.62129533290863,0.9051922559738159,-0.0195218163280515,6.354802698890368,0.5309651692708334,0.06011891
651,7186,1113,739.55,824.5921331899999,7999488,5e-05,0.2,24390,30.59332847595215,0.15071289241313934,41.30137481292089,0.8766826391220093,-0.019287528802427307,6.349908772110939,0.5580973307291667,0.07669239
652,7186,1114,739.32,819.45009615,8011776,5e-05,0.2,24400,11.664183616638184,0.15062008798122406,22.159805473685264,0.9224315285682678,-0.01115411233404302,6.35183424949646,0.6222981770833333,0.11124895
653,7187,1116,742.43,821.2031828299998,8024064,5e-05,0.2,24410,8.481480598449707,0.15065735578536987,40.27685675323009,0.8780498504638672,-0.011631894200885047,6.353710923592249,0.590478515625,0.086126626
654,7187,1118,773.88,860.94119041,8036352,5e-05,0.2,24420,38.87100601196289,0.15075676143169403,50.78741876482964,0.8475168943405151,-0.01969903098991684,6.349372787276904,0.5367431640625,0.06266745
655,7187,1119,763.54,847.6507031499999,8048640,5e-05,0.2,24430,25.83942985534668,0.150729700922966,28.91915318171183,0.9016401171684265,-0.0008999756721702094,6.349085593223572,0.63291015625,0.09231011
656,7187,1121,748.73,824.1445843500001,8060928,5e-05,0.2,24440,31.315914154052734,0.15070681273937225,60.46978624264399,0.8847252726554871,-0.030026629268346976,6.3519069592158,0.4332356770833333,0.043068577
657,7188,1123,731.61,801.23863874,8073216,5e-05,0.2,24450,19.547407150268555,0.15067686140537262,40.81697165767352,0.9112944006919861,-0.028806625482199404,6.356583848595619,0.453759765625,0.041502308
658,7188,1124,715.44,780.0254391799999,8085504,5e-05,0.2,24460,21.690481185913086,0.15075433254241943,47.53057577510675,0.9057915806770325,-0.022789446218909385,6.3545230289300285,0.5212076822916667,0.05289722
659,7188,1126,707.35,773.40133845,8097792,5e-05,0.2,24470,18.901317596435547,0.15060751140117645,39.53179823756218,0.895155668258667,-0.024701370819821024,6.355237829685211,0.5194986979166667,0.057783008
660,7189,1128,667.96,725.3092302800001,8110080,5e-05,0.2,24480,24.919200897216797,0.15078257024288177,41.966986232995986,0.9010652303695679,-0.025358765911854184,6.354187802473704,0.5299072265625,0.061558563
661,7189,1129,703.7,762.1641798599999,8122368,5e-05,0.2,24490,21.232778549194336,0.15081177651882172,46.400997618834175,0.9032430052757263,-0.025790768562001177,6.344487338264783,0.52080078125,0.06615302
662,7189,1131,677.02,737.31694889,8134656,5e-05,0.2,24500,7.721244812011719,0.1506970375776291,44.15308991471927,0.9100456237792969,-0.022706376401280672,6.34710315366586,0.5429036458333333,0.07019579
663,7190,1133,696.77,759.9677630600002,8146944,5e-05,0.2,24510,17.842430114746094,0.15070147812366486,48.873324779669446,0.9038012027740479,0.005073457299537646,6.34749333957831,0.6531168619791666,0.11503228
664,7190,1134,671.63,732.91662278,8159232,5e-05,0.2,24520,35.75897979736328,0.15057778358459473,40.109059023857114,0.8742266297340393,-0.018391352615920672,6.353882908821106,0.5513264973958333,0.06838559
665,7190,1136,679.22,741.3026826299999,8171520,5e-05,0.2,24530,24.634403228759766,0.15059055387973785,41.82846354047457,0.9048872590065002,-0.02541885036334861,6.360659861564637,0.4609619140625,0.049665462
666,7190,1138,685.57,748.8944711899999,8183808,5e-05,0.2,24540,27.83637237548828,0.1505640596151352,56.407228130102155,0.9024925231933594,-0.02850103716579421,6.363061149915059,0.5017740885416667,0.0564779
667,7190,1139,702.37,769.6278476499999,8196096,5e-05,0.2,24550,12.580551147460938,0.1505892276763916,34.44098560810089,0.913487434387207,-0.028836168177076616,6.35994886358579,0.514892578125,0.06320411
668,7191,1141,702.54,765.58606243,8208384,5e-05,0.2,24560,11.737436294555664,0.15047870576381683,41.976867940028505,0.8867535591125488,-0.025007218181660087,6.363499555985133,0.5346354166666667,0.061075896
669,7191,1143,716.14,782.5569383599999,8220672,5e-05,0.2,24570,18.670137405395508,0.1504366099834442,41.81869957447052,0.9098216891288757,-0.021090632304549217,6.368681400020917,0.5510091145833333,0.06731353
670,7191,1144,725.02,794.66552631,8232960,5e-05,0.2,24580,6.861610412597656,0.1504739671945572,36.33230060239633,0.8893833160400391,-0.0021218011648064324,6.361384776234627,0.6670003255208333,0.10057523
671,7191,1146,725.65,798.6708163,8245248,5e-05,0.2,24590,28.93292999267578,0.15037913620471954,33.983195322751996,0.9236687421798706,-0.027057239122708174,6.36419962644577,0.48519694010416664,0.04911763
672,7192,1148,735.76,817.0994937399998,8257536,5e-05,0.2,24600,39.3321418762207,0.15036681294441223,67.37776785890262,0.8966391682624817,-0.02595133689659027,6.368333436052004,0.4498372395833333,0.04576837
673,7192,1149,752.41,829.7967966700002,8269824,5e-05,0.2,24610,8.080793380737305,0.1504928320646286,30.8135330359141,0.901635468006134,-0.01560479305771878,6.3596450865268705,0.5876546223958333,0.07719231
674,7192,1151,755.74,835.1205982100001,8282112,5e-05,0.2,24620,21.60431671142578,0.15055827796459198,49.11947751243909,0.8901700973510742,-0.016117128167146198,6.351979925235113,0.5631022135416667,0.074712545
675,7192,1153,758.25,832.24380911,8294400,5e-05,0.2,24630,10.48768424987793,0.15059779584407806,36.214979791641234,0.8951566815376282,-0.015415721991545676,6.34629413386186,0.5575927734375,0.07917848
676,7193,1154,770.63,843.16764336,8306688,5e-05,0.2,24640,21.752164840698242,0.15062206983566284,40.573918116092685,0.8912928700447083,-0.026912332061328925,6.341326880455017,0.4814453125,0.04763556
677,7193,1156,777.46,855.0838252,8318976,5e-05,0.2,24650,8.936412811279297,0.15053512156009674,43.75291287302971,0.9024710655212402,-0.019956268589400375,6.339909369746844,0.5520833333333334,0.08072403
678,7193,1158,791.12,863.1654564099999,8331264,5e-05,0.2,24660,22.765615463256836,0.15055309236049652,41.6263954659303,0.9003919959068298,-0.026067487479303965,6.342743546764056,0.46979166666666666,0.050535604
679,7193,1159,762.67,826.83852658,8343552,5e-05,0.2,24670,10.114630699157715,0.15064379572868347,29.58876046439012,0.9216150641441345,-0.022982508424320258,6.339957891901334,0.5458740234375,0.07723362
680,7193,1161,748.03,810.35491012,8355840,5e-05,0.2,24680,36.73661422729492,0.1505899280309677,53.42582289775213,0.8843977451324463,-0.02226265976690532,6.339306949575742,0.5209065755208333,0.056359816
681,7193,1163,749.76,816.27753478,8368128,5e-05,0.2,24690,8.871647834777832,0.15057222545146942,37.56931368708611,0.9236087799072266,-0.02247401830391027,6.341446206967036,0.5430094401041666,0.070604056
682,7193,1164,713.36,777.1963468000001,8380416,5e-05,0.2,24700,9.98112964630127,0.1505805104970932,27.075513572494188,0.9073476195335388,-0.015442506706070466,6.34077321489652,0.5928385416666667,0.09014169
683,7194,1166,723.96,781.2429737,8392704,5e-05,0.2,24710,7.51763391494751,0.15060725808143616,34.301725803812346,0.9190089702606201,-0.01965919933281839,6.335058715939522,0.5767659505208333,0.07221608
684,7194,1168,729.2,792.9911944099999,8404992,5e-05,0.2,24720,36.9661750793457,0.15057432651519775,39.155723774433135,0.914049506187439,-0.019090734246128706,6.336912175019582,0.576318359375,0.07446333
685,7194,1169,758.55,832.10519154,8417280,5e-05,0.2,24730,15.046011924743652,0.15049223601818085,29.476452072461445,0.9120962619781494,-0.023015146594843827,6.340781396627426,0.5354736328125,0.071581356
686,7195,1171,753.12,829.06236942,8429568,5e-05,0.2,24740,9.268617630004883,0.15055730938911438,29.538983033100763,0.9119704365730286,-0.012615605123573913,6.337479755282402,0.602490234375,0.11445707
687,7195,1173,740.56,812.82497939,8441856,5e-05,0.2,24750,14.636238098144531,0.15044136345386505,47.713681030273435,0.9182637333869934,-0.019138751464682476,6.340927222371102,0.5164713541666667,0.059129566
688,7195,1174,761.78,836.6851201400001,8454144,5e-05,0.2,24760,24.804311752319336,0.15046487748622894,62.65184842745463,0.8869961500167847,-0.022870479253469966,6.344198339184126,0.48948567708333335,0.05155578
689,7196,1176,764.82,847.2858008700001,8466432,5e-05,0.2,24770,5.8648529052734375,0.1504388153553009,28.394455442825954,0.9079478979110718,-0.022446806941297838,6.345252575476964,0.5344563802083333,0.061779182
690,7196,1178,774.9,863.8360138600001,8478720,5e-05,0.2,24780,10.548087120056152,0.15036815404891968,39.04657895863056,0.8766028881072998,-0.022772021031899688,6.347959041595459,0.52431640625,0.05787315
691,7196,1179,780.75,863.94728162,8491008,5e-05,0.2,24790,2.387779951095581,0.15060850977897644,20.182857047518095,0.8920434713363647,-0.004590601474046707,6.337464992205302,0.6436686197916667,0.13476081
692,7196,1181,783.93,861.2010522700001,8503296,5e-05,0.2,24800,10.17494010925293,0.15058940649032593,33.744719460606575,0.896386444568634,-0.025390040381656338,6.32791441877683,0.5118408203125,0.0580159
693,7197,1183,803.26,877.1126594699998,8515584,5e-05,0.2,24810,20.728681564331055,0.15063108503818512,46.21940023700396,0.9006978273391724,-0.025016003082176514,6.3302045901616415,0.46529947916666664,0.050167505
694,7197,1184,794.15,870.5105393999997,8527872,5e-05,0.2,24820,3.3102691173553467,0.15051694214344025,38.19581691821416,0.9041451215744019,-0.025684243587117333,6.334433833758037,0.5002848307291666,0.052729417
695,7197,1186,793.84,869.66593158,8540160,5e-05,0.2,24830,7.860350131988525,0.15060019493103027,30.623749765753747,0.9115320444107056,-0.017486850392985313,6.3350186785062155,0.575341796875,0.07646916
696,7197,1188,790.29,871.9455607000001,8552448,5e-05,0.2,24840,27.376453399658203,0.15055952966213226,38.77785072525342,0.8970939517021179,-0.01925836369531074,6.338690601785978,0.5425618489583334,0.07263864
697,7198,1189,773.01,855.94877814,8564736,5e-05,0.2,24850,12.629151344299316,0.1505589336156845,43.654249586661656,0.8956854343414307,-0.023475127052370225,6.335834605495135,0.4945556640625,0.04852129
698,7198,1191,765.2,845.5267802600002,8577024,5e-05,0.2,24860,8.978219985961914,0.150579571723938,53.63326219518979,0.9031916856765747,-0.02539122971550872,6.335730435450872,0.47999674479166665,0.049247522
699,7198,1193,749.74,832.14309879,8589312,5e-05,0.2,24870,10.145350456237793,0.15061348676681519,37.21460671424866,0.9115898013114929,-0.01671207634305271,6.333119092384974,0.5476969401041667,0.06131285
700,7199,1194,763.84,852.1894793900001,8601600,5e-05,0.2,24880,14.906136512756348,0.15071222186088562,51.809409362077716,0.9160531759262085,-0.014239231757043551,6.3303053945302965,0.5537272135416667,0.06271262
701,7199,1196,772.1,859.6606867300001,8613888,5e-05,0.2,24890,28.426366806030273,0.1506960391998291,42.69111124376456,0.9049057364463806,-0.017604890277046554,6.323172498742739,0.5710367838541667,0.07468243
702,7199,1198,754.81,828.93408592,8626176,5e-05,0.2,24900,14.2459135055542,0.1508413702249527,38.51331373055776,0.8969855308532715,-0.025822878506733104,6.3196713904539745,0.5161051432291667,0.062238008
703,7199,1199,754.95,827.81620688,8638464,5e-05,0.2,24910,20.46834945678711,0.15084488689899445,35.61271470983823,0.9260969758033752,-0.02542410499348383,6.313544729351998,0.5149820963541667,0.05781768
704,7199,1201,739.83,808.81609633,8650752,5e-05,0.2,24920,12.041382789611816,0.15078921616077423,45.09788082639376,0.8994145393371582,-0.02176368541937942,6.31673098107179,0.5311197916666667,0.06624631
705,7200,1203,749.47,819.3931313100001,8663040,5e-05,0.2,24930,40.34520721435547,0.15077610313892365,41.07285149693489,0.919947624206543,-0.02869942141114734,6.319774972399076,0.486865234375,0.059311848
706,7200,1204,741.48,803.3074230499999,8675328,5e-05,0.2,24940,12.126154899597168,0.15081506967544556,46.805865095059076,0.8841520547866821,-0.01641151756848558,6.320788618922234,0.5726399739583333,0.07775847
707,7200,1206,728.29,797.6377556900002,8687616,5e-05,0.2,24950,25.649417877197266,0.1508224457502365,35.723531460762025,0.9332290887832642,-0.017649929986995026,6.316673697034518,0.5621826171875,0.08486148
708,7200,1208,746.96,825.67412291,8699904,5e-05,0.2,24960,18.717878341674805,0.15080507099628448,42.39303142229716,0.907199501991272,-0.009687672199409766,6.316180154681206,0.5926432291666667,0.09261536
709,7201,1209,742.22,820.38399005,8712192,5e-05,0.2,24970,12.133813858032227,0.15073136985301971,30.167302334308623,0.9200078248977661,-0.021220209864744297,6.3153365860382715,0.5346842447916667,0.07213461
710,7201,1211,757.39,845.6139742299998,8724480,5e-05,0.2,24980,10.508612632751465,0.1507098525762558,57.39424479206403,0.9023804664611816,-0.023648634235723876,6.31822757422924,0.53017578125,0.052940205
711,7201,1213,774.67,866.8637467499998,8736768,5e-05,0.2,24990,22.957015991210938,0.150624081492424,27.05078510940075,0.9112383127212524,-0.01755323039542418,6.320429550607999,0.5856282552083333,0.07337838
712,7201,1214,769.49,860.9988933499999,8749056,5e-05,0.2,25000,20.561832427978516,0.15057222545146942,23.384492046634357,0.9093631505966187,-0.01435614276463942,6.328574798504511,0.6111653645833334,0.08824152
713,7201,1216,780.33,872.23934803,8761344,5e-05,0.2,25010,12.21688175201416,0.15066565573215485,44.158598718047145,0.9011421203613281,-0.013736222828447353,6.32874376475811,0.5693929036458333,0.07200942
714,7201,1218,807.16,902.00437657,8773632,5e-05,0.2,25020,10.896648406982422,0.15075236558914185,25.721781778335572,0.9090638160705566,-0.015223464182539222,6.3241350799798965,0.5680094401041667,0.08695338
715,7202,1219,805.57,898.79869557,8785920,5e-05,0.2,25030,5.883641242980957,0.15073911845684052,27.129085286458334,0.9147722125053406,-0.023302118726617967,6.320487687985103,0.5198649088541667,0.059300985
716,7202,1221,788.38,884.95184677,8798208,5e-05,0.2,25040,20.705106735229492,0.1508474349975586,26.788798796137176,0.9310095906257629,-0.019919141019151234,6.3147255927324295,0.5359781901041667,0.06461292
717,7202,1223,780.83,871.83109268,8810496,5e-05,0.2,25050,18.449146270751953,0.15082214772701263,49.93674289782842,0.9193219542503357,-0.025551845305987322,6.314400794108709,0.44462890625,0.04463017
718,7202,1224,780.09,874.9800354599997,8822784,5e-05,0.2,25060,25.287372589111328,0.1508960723876953,48.064458690087,0.9099259972572327,-0.024464276280680982,6.314000353217125,0.491162109375,0.046280026
719,7203,1226,769.71,860.5625631300001,8835072,5e-05,0.2,25070,6.667408466339111,0.15090467035770416,41.18092533946037,0.9067854881286621,-0.01763450748694595,6.309462209542592,0.5563639322916667,0.09780266
720,7203,1228,726.83,802.6481871800001,8847360,5e-05,0.2,25080,19.0571231842041,0.1509251445531845,41.372929666439695,0.9086899757385254,-0.025282971400398917,6.309172844886779,0.49757486979166665,0.056691695
721,7203,1229,719.31,789.0968261899999,8859648,5e-05,0.2,25090,29.023788452148438,0.15088878571987152,54.607715264956155,0.9133370518684387,-0.02527306960352386,6.307356089353561,0.4883951822916667,0.0517092
722,7203,1231,712.21,776.1713329000002,8871936,5e-05,0.2,25100,10.828946113586426,0.15082789957523346,26.283598067363105,0.9204074144363403,-0.02670284474734217,6.311534723639488,0.5325276692708333,0.0679983
723,7204,1233,716.12,785.2924115500001,8884224,5e-05,0.2,25110,32.691429138183594,0.1506890058517456,47.86489903330803,0.9238319396972656,-0.026937619829550386,6.318289277950923,0.45272623697916664,0.04813257
724,7204,1234,706.33,774.2292172800002,8896512,5e-05,0.2,25120,21.194154739379883,0.15066616237163544,50.75496358076732,0.9037849307060242,-0.021007758019065174,6.323685067892074,0.5449462890625,0.06683735
725,7204,1236,686.72,756.7566916800001,8908800,5e-05,0.2,25130,36.84299087524414,0.15075765550136566,45.08424469232559,0.9269964694976807,-0.012424677788415769,6.3208718260129295,0.5906819661458333,0.09188863
726,7205,1238,687.95,758.7736778599999,8921088,5e-05,0.2,25140,45.778072357177734,0.1506887525320053,58.14806901216507,0.8949703574180603,-0.01994276731614567,6.321634704867999,0.5477213541666667,0.061283007
727,7205,1239,673.0,740.2845068400001,8933376,5e-05,0.2,25150,14.70827865600586,0.15073128044605255,40.70234555800756,0.920462429523468,-0.024988881974907902,6.320048200090726,0.5264892578125,0.07028501
728,7205,1241,693.58,769.8652837599999,8945664,5e-05,0.2,25160,12.016100883483887,0.1507982611656189,38.288290137052535,0.9184114933013916,-0.010429271728692886,6.315399997433027,0.6092041015625,0.07921704
729,7205,1243,705.51,780.72838437,8957952,5e-05,0.2,25170,12.601802825927734,0.15092246234416962,35.31745661199093,0.9070192575454712,-0.018598695831315126,6.308160781860352,0.55322265625,0.08608075
730,7205,1244,712.78,788.0036501099999,8970240,5e-05,0.2,25180,16.820648193359375,0.15094061195850372,48.313850313425064,0.8985670208930969,-0.024121823724999557,6.305260844031969,0.47701822916666664,0.04642893
731,7206,1246,742.97,824.18219254,8982528,5e-05,0.2,25190,15.639020919799805,0.15093396604061127,42.48345234592755,0.8828065395355225,-0.023566574120680646,6.303534055749576,0.5320719401041667,0.06376162
732,7206,1248,775.28,865.24080078,8994816,5e-05,0.2,25200,6.520988941192627,0.15108369290828705,27.98669063647588,0.8991260528564453,-0.017448059409313526,6.2979137122631075,0.5871337890625,0.1119174
733,7206,1249,765.77,847.6134742100002,9007104,5e-05,0.2,25210,27.617414474487305,0.1510038673877716,35.33319020867348,0.8963412642478943,-0.02529160239112874,6.293617400527,0.5097005208333333,0.051728327
734,7206,1251,775.13,858.40389832,9019392,5e-05,0.2,25220,16.973722457885742,0.15095357596874237,40.95475900769234,0.9145094156265259,-0.01693955016792946,6.298263529936473,0.5949788411458333,0.074855946
735,7207,1253,775.67,860.36816111,9031680,5e-05,0.2,25230,18.33710289001465,0.15095138549804688,36.31027464469274,0.9155323505401611,-0.021854557196396247,6.301459160447121,0.53935546875,0.060446937
736,7207,1254,782.34,870.26492771,9043968,5e-05,0.2,25240,26.085636138916016,0.15085889399051666,48.4437196234862,0.8803821802139282,-0.028153407152664536,6.307917533318202,0.462109375,0.046977025
737,7207,1256,759.2,846.37086444,9056256,5e-05,0.2,25250,6.10417366027832,0.15094757080078125,48.81232947309812,0.9082648754119873,-0.012943541136337444,6.3064761360486346,0.588134765625,0.10248611
738,7207,1258,732.78,812.45046315,9068544,5e-05,0.2,25260,30.799800872802734,0.1509978324174881,46.004969122012454,0.9141130447387695,-0.024144521216900708,6.3056301236152645,0.5113444010416667,0.056887936
739,7207,1259,725.29,805.2237967600001,9080832,5e-05,0.2,25270,6.813182830810547,0.15105140209197998,31.18215061823527,0.9319419860839844,-0.02908735590657064,6.298599941531817,0.5005940755208333,0.058026243
740,7208,1261,722.69,801.76464117,9093120,5e-05,0.2,25280,20.61041831970215,0.15106888115406036,31.995951851209004,0.9312757253646851,-0.02570105131987172,6.295692761739095,0.5461588541666667,0.08225951
741,7208,1263,700.27,778.6024880299999,9105408,5e-05,0.2,25290,11.923291206359863,0.15098504722118378,38.64672834575176,0.9124075174331665,-0.0226686518881858,6.294538482030233,0.50947265625,0.059964
742,7208,1264,730.41,807.47989801,9117696,5e-05,0.2,25300,11.102286338806152,0.15099672973155975,33.343084529042244,0.9242243766784668,-0.01662640404247213,6.295251487692197,0.5764404296875,0.07770712
743,7208,1266,726.13,799.6435228300002,9129984,5e-05,0.2,25310,14.29835319519043,0.15100736916065216,27.720699636141457,0.9066866040229797,-0.01600604231498437,6.293779001633326,0.5920003255208334,0.08124367
744,7209,1268,743.65,821.6045986800001,9142272,5e-05,0.2,25320,7.992608070373535,0.15109142661094666,29.440469117959342,0.9024659991264343,-0.01939058652787935,6.290184263388316,0.550830078125,0.06957961
745,7209,1269,736.26,819.90895906,9154560,5e-05,0.2,25330,18.924270629882812,0.15113700926303864,46.00329126318296,0.9074567556381226,-0.012257927275883655,6.282868168751398,0.5584065755208333,0.072703205
746,7209,1271,735.33,812.5575540899999,9166848,5e-05,0.2,25340,15.695569038391113,0.1511329859495163,46.85715680917104,0.902430534362793,-0.023010035254022416,6.280942250291506,0.5034016927083333,0.058285933
747,7210,1273,738.42,808.7032870300001,9179136,5e-05,0.2,25350,35.494834899902344,0.15108536183834076,42.34069991707802,0.9058377742767334,-0.02435409395645062,6.281572678685189,0.5034342447916667,0.05746116
748,7210,1274,713.72,788.69298447,9191424,5e-05,0.2,25360,12.518765449523926,0.1511327475309372,36.800672537088396,0.891884446144104,-0.022438842704771863,6.280651795864105,0.523779296875,0.072532184
749,7210,1276,702.86,774.4002862599998,9203712,5e-05,0.2,25370,23.079469680786133,0.15119755268096924,25.12037201921145,0.9295493960380554,-0.015384321123322782,6.272313540180524,0.5950927734375,0.090549506
750,7210,1278,703.72,780.82349564,9216000,5e-05,0.2,25380,22.473697662353516,0.15122225880622864,42.63728387355805,0.9195752739906311,-0.02256623084443466,6.266170673569044,0.5178548177083333,0.05467389
751,7210,1279,711.25,786.7110643,9228288,5e-05,0.2,25390,32.25712966918945,0.15123705565929413,50.209063963095346,0.9276165962219238,-0.02538707928324584,6.265170513590177,0.47635091145833336,0.045420308
752,7211,1281,717.9,795.8344824500001,9240576,5e-05,0.2,25400,14.069316864013672,0.1511012464761734,46.30855482816696,0.9022107720375061,-0.02839220356448398,6.272181499004364,0.47159016927083336,0.0456861
753,7211,1283,738.2,822.8533985399997,9252864,5e-05,0.2,25410,20.092227935791016,0.15090857446193695,32.56792223552863,0.9014332294464111,-0.015033532103795247,6.2854995161294935,0.6365804036458333,0.10446284
754,7211,1284,749.27,838.2287198499997,9265152,5e-05,0.2,25420,2.7092387676239014,0.15098212659358978,21.048466120660304,0.9224287867546082,-0.018734627971813703,6.287632465362549,0.5705810546875,0.08651162
755,7211,1286,738.07,824.0810952200002,9277440,5e-05,0.2,25430,49.21372985839844,0.1511634737253189,51.747064057985945,0.8997600078582764,-0.01283345886913594,6.279823447267215,0.5579996744791667,0.06529739
756,7212,1288,759.52,839.2290635999999,9289728,5e-05,0.2,25440,19.20977783203125,0.15108828246593475,49.42555192112923,0.9108954071998596,-0.02811462460764839,6.277380196253459,0.42902018229166666,0.04197071
757,7212,1289,766.58,845.8139893599999,9302016,5e-05,0.2,25450,9.499940872192383,0.1509947031736374,34.67270348668099,0.8977423906326294,-0.017771758635838828,6.285135913888613,0.5427001953125,0.06645743
758,7212,1291,742.63,816.1800683,9314304,5e-05,0.2,25460,38.36298370361328,0.15113890171051025,49.71558572848638,0.9149739742279053,-0.01920368423355588,6.283974712093671,0.5171956380208333,0.060119778
759,7212,1293,745.85,822.3751865999999,9326592,5e-05,0.2,25470,18.724098205566406,0.1510954648256302,42.857630270719525,0.9031451940536499,-0.024632640417257788,6.280000901222229,0.48285319010416666,0.05388778
760,7213,1294,722.43,785.63717352,9338880,5e-05,0.2,25480,22.30982208251953,0.15108339488506317,44.79433027505875,0.9127789735794067,-0.024418243463151156,6.2835215320189794,0.5184244791666667,0.055752367
761,7213,1296,718.1,780.0314990099998,9351168,5e-05,0.2,25490,19.024370193481445,0.15102511644363403,50.81477948029836,0.9139677882194519,-0.022590093390317634,6.289757975935936,0.521484375,0.0603936
762,7213,1298,707.18,771.82282377,9363456,5e-05,0.2,25500,13.196602821350098,0.1510457545518875,46.95477552413941,0.9153096079826355,-0.01553220799396513,6.29345523516337,0.5475341796875,0.063222475
763,7213,1299,705.93,773.55988636,9375744,5e-05,0.2,25510,48.74319839477539,0.15098968148231506,63.49217230081558,0.8913512229919434,-0.028596283330989535,6.295980494221052,0.48346354166666666,0.0496888
764,7214,1301,676.51,741.5491907399999,9388032,5e-05,0.2,25520,26.316326141357422,0.1507672220468521,47.53358140985171,0.8923553824424744,-0.02703038287096812,6.3073985030253725,0.500341796875,0.056158725
765,7214,1303,666.33,729.5181259600001,9400320,5e-05,0.2,25530,21.980632781982422,0.1507047563791275,53.226300243536635,0.9038131237030029,-0.024858013313496484,6.31643223464489,0.5180826822916667,0.06824257
766,7214,1304,667.15,733.4921123299999,9412608,5e-05,0.2,25540,29.419898986816406,0.15065014362335205,55.42592425942421,0.9035056233406067,-0.023037191533755202,6.317257231473922,0.5420328776041666,0.07504826
767,7214,1306,701.87,774.4524495699999,9424896,5e-05,0.2,25550,15.981820106506348,0.15073083341121674,49.50275972882907,0.9021002650260925,-0.02133652667713856,6.315924682219824,0.5568440755208334,0.069126755
768,7214,1308,695.45,769.85379179,9437184,5e-05,0.2,25560,9.720396995544434,0.15082067251205444,24.489305731654166,0.9175885915756226,-0.00013180112485618642,6.3042328755060835,0.670166015625,0.105154775
769,7215,1309,712.07,784.54435013,9449472,5e-05,0.2,25570,48.874881744384766,0.15078699588775635,52.6026292403539,0.9076441526412964,-0.021644040454217854,6.300575598080953,0.5231282552083333,0.06396467
770,7215,1311,743.81,829.2296144699999,9461760,5e-05,0.2,25580,10.29755687713623,0.1508713960647583,38.736275593439736,0.8945674300193787,-0.022641302975049862,6.300099512934684,0.5232340494791666,0.06664538
771,7215,1312,755.19,841.2580453800001,9474048,5e-05,0.2,25590,8.25898551940918,0.15086282789707184,28.446546990672747,0.9245593547821045,-0.022409795815474354,6.297809604803721,0.5169352213541667,0.07584398
772,7215,1314,776.13,866.94264984,9486336,5e-05,0.2,25600,18.219514846801758,0.15081660449504852,27.095907505353292,0.9242995381355286,-0.02549962356085113,6.300242542227109,0.5278645833333333,0.07159433
773,7216,1316,749.4,832.5207599500001,9498624,5e-05,0.2,25610,17.961517333984375,0.150939479470253,27.331692417462666,0.9261996746063232,-0.009846644672021891,6.297182191411654,0.6089274088541666,0.101652384
774,7216,1317,743.07,816.74650379,9510912,5e-05,0.2,25620,27.656795501708984,0.15098370611667633,48.570108131567636,0.9051574468612671,-0.021774880510323176,6.292377189795176,0.5001790364583333,0.051790435
775,7216,1319,745.1,819.4654106399998,9523200,5e-05,0.2,25630,17.01666831970215,0.15107111632823944,38.721636324127516,0.9137581586837769,-0.021829581524555882,6.287410174806912,0.55166015625,0.07075841
776,7216,1321,746.12,814.8225450000002,9535488,5e-05,0.2,25640,10.119256019592285,0.1511429399251938,30.8417967915535,0.9183951020240784,-0.017579803728343297,6.281847569346428,0.5475179036458333,0.055981565
777,7216,1322,718.63,781.0411953900001,9547776,5e-05,0.2,25650,10.84959602355957,0.1510341912508011,38.95731338063876,0.9172770380973816,-0.02476329273971108,6.281886795163155,0.465869140625,0.052445486
778,7217,1324,714.23,779.0798726800001,9560064,5e-05,0.2,25660,28.603450775146484,0.15110747516155243,55.300297898054126,0.9051305055618286,-0.028887461993144826,6.28262549340725,0.47881673177083334,0.053875577
779,7217,1326,699.83,759.5704464900002,9572352,5e-05,0.2,25670,11.168638229370117,0.15120089054107666,50.59175217350324,0.8972492814064026,-0.025178326458262745,6.276981690526009,0.5090657552083333,0.05623461
780,7217,1327,700.8,766.3740416899999,9584640,5e-05,0.2,25680,30.86904525756836,0.15115682780742645,52.56242237687111,0.9277773499488831,-0.023646107411332197,6.278076764941216,0.5425048828125,0.063146316
781,7217,1329,688.1,751.0444235599998,9596928,5e-05,0.2,25690,15.289294242858887,0.15123911201953888,31.55234711567561,0.9091314077377319,-0.017927024004651078,6.273513122399648,0.5746826171875,0.08463496
782,7218,1331,683.97,747.6507511999998,9609216,5e-05,0.2,25700,31.294511795043945,0.15121935307979584,48.42396002014478,0.915472149848938,-0.027899383299518375,6.272814518213272,0.4922688802083333,0.054230113
783,7218,1332,690.18,759.1630092700001,9621504,5e-05,0.2,25710,18.090612411499023,0.15126974880695343,36.59495937625567,0.910660982131958,-0.023587167202883088,6.272437200943629,0.5289794921875,0.07488825
784,7218,1334,697.71,768.0975106899999,9633792,5e-05,0.2,25720,15.812987327575684,0.1513461023569107,46.31179636518161,0.8931108117103577,-0.019784264395517916,6.266249567270279,0.539208984375,0.06869156
785,7218,1336,687.2,755.5473524500001,9646080,5e-05,0.2,25730,22.86542510986328,0.15120384097099304,42.544619381427765,0.9201634526252747,-0.02307015420907798,6.2686236023902895,0.5420572916666667,0.06288448
786,7218,1338,669.55,729.63673828,9658368,5e-05,0.2,25740,23.7622127532959,0.1512131243944168,48.03251378337542,0.9008094072341919,-0.021742983610602097,6.27351734538873,0.5541910807291667,0.076986745
787,7218,1339,679.07,732.7346615799999,9670656,5e-05,0.2,25750,18.330223083496094,0.1511366218328476,54.880479755004245,0.8892993927001953,-0.020825607548370803,6.275432950258255,0.5447021484375,0.059938997
788,7218,1341,694.43,747.75759188,9682944,5e-05,0.2,25760,31.8102970123291,0.15109430253505707,59.890105899175005,0.9069544076919556,-0.032664095161211056,6.280562805136045,0.44210611979166664,0.047774587
789,7219,1342,684.4,729.9073501799998,9695232,5e-05,0.2,25770,9.149256706237793,0.15100091695785522,45.356082411607105,0.892006516456604,-0.012070410917901123,6.283768888314565,0.6214762369791667,0.09369385
790,7219,1344,686.94,726.0467068500001,9707520,5e-05,0.2,25780,25.056394577026367,0.15107567608356476,48.70152265032132,0.8943725228309631,-0.017160703197199232,6.282298677166303,0.5785807291666667,0.09891812
791,7219,1346,698.15,739.7764255399999,9719808,5e-05,0.2,25790,19.084735870361328,0.15106715261936188,67.77420484026273,0.8741203546524048,-0.01703010100463871,6.283259523908297,0.5407470703125,0.05866522
792,7219,1347,698.93,745.1212397,9732096,5e-05,0.2,25800,24.278093338012695,0.1510160267353058,40.82228755354881,0.9033321142196655,-0.018947378583349442,6.2836213966210686,0.5572021484375,0.06851181
793,7220,1349,693.95,752.50015059,9744384,5e-05,0.2,25810,5.425348281860352,0.15101443231105804,30.727374792099,0.9180431365966797,-0.01754323450004449,6.2850082894166315,0.5701253255208333,0.08027146
794,7220,1351,711.12,773.7118472200001,9756672,5e-05,0.2,25820,37.248653411865234,0.15094460546970367,59.78787347873052,0.9047961235046387,-0.025085729749601646,6.289948519070943,0.47530924479166664,0.046817258
795,7220,1352,712.95,783.6911561799998,9768960,5e-05,0.2,25830,17.40692138671875,0.15077245235443115,41.49344477256139,0.8809511661529541,-0.019433552602034374,6.300475119551023,0.5437581380208333,0.060325373
796,7220,1354,735.43,811.3444504600001,9781248,5e-05,0.2,25840,8.446192741394043,0.15083907544612885,39.769954629739125,0.8959529995918274,-0.02145484557937986,6.300793398420016,0.5663411458333333,0.07578979
797,7221,1356,731.15,808.2606555200001,9793536,5e-05,0.2,25850,20.587017059326172,0.15093542635440826,33.42642182807128,0.8942580223083496,-0.012276199995540082,6.297391911347707,0.5950764973958333,0.07747456
798,7221,1357,752.44,838.05263871,9805824,5e-05,0.2,25860,25.40262222290039,0.15105296671390533,38.187560921907426,0.8941013216972351,-0.018324673105962575,6.289295014739037,0.5632161458333333,0.0647606
799,7221,1359,760.14,839.7462672100003,9818112,5e-05,0.2,25870,8.121248245239258,0.15114767849445343,22.49405597349008,0.8989439010620117,-0.020571390410865812,6.281504924098651,0.5887044270833334,0.086526416
800,7221,1361,754.17,831.7983497700001,9830400,5e-05,0.2,25880,21.153974533081055,0.15105783939361572,46.818051079909004,0.8722487688064575,-0.02418944365150916,6.282327249646187,0.4979166666666667,0.053172797
801,7221,1362,723.79,797.7757480299998,9842688,5e-05,0.2,25890,26.612703323364258,0.1509757786989212,42.27942752242088,0.911579430103302,-0.023975342440341288,6.292279367645581,0.4529296875,0.046384677
802,7222,1364,729.24,802.9337468199999,9854976,5e-05,0.2,25900,25.057653427124023,0.15095862746238708,59.75355775356293,0.9009685516357422,-0.021318550691163788,6.293244642019272,0.4964599609375,0.057758257
803,7222,1366,749.53,822.1843413100001,9867264,5e-05,0.2,25910,10.802616119384766,0.15086181461811066,29.323447202642758,0.8980544805526733,-0.01158763974381145,6.30000125169754,0.6274983723958333,0.10488441
804,7222,1367,722.91,795.9193483999999,9879552,5e-05,0.2,25920,19.555944442749023,0.15073402225971222,26.32714662750562,0.9173696041107178,-0.021000454493332654,6.30738816956679,0.5330078125,0.06707367
805,7222,1369,722.2,797.4834322499999,9891840,5e-05,0.2,25930,11.68652629852295,0.15062405169010162,57.3667165795962,0.9101148843765259,-0.030017415178978504,6.319351669152578,0.4098307291666667,0.03612918
806,7223,1371,735.58,813.6076761500001,9904128,5e-05,0.2,25940,30.36750030517578,0.15054000914096832,52.81660199960073,0.9089841246604919,-0.029365697817896337,6.323870624105136,0.4998779296875,0.061040297
807,7223,1372,767.54,853.5294622099999,9916416,5e-05,0.2,25950,24.82448959350586,0.15063324570655823,42.29212620357672,0.8878520131111145,-0.0219908695173217,6.327172137300173,0.5359619140625,0.09074258
808,7223,1374,761.08,847.0023866100001,9928704,5e-05,0.2,25960,15.013118743896484,0.15049922466278076,28.994658901294073,0.8675448894500732,-0.011069551970770893,6.330527633428574,0.6011149088541666,0.077195995
809,7223,1376,717.89,793.8139992399999,9940992,5e-05,0.2,25970,32.68269729614258,0.15042774379253387,45.90415199796359,0.906001091003418,-0.025194679386913776,6.337823416789373,0.488916015625,0.048356295
810,7223,1377,732.59,804.9689810300001,9953280,5e-05,0.2,25980,24.069414138793945,0.1504642516374588,53.945042850573856,0.9059107899665833,-0.032224210580655686,6.340967339277268,0.45782063802083334,0.049396966
811,7223,1379,732.58,801.59805666,9965568,5e-05,0.2,25990,35.371978759765625,0.1504315286874771,39.25771230657895,0.9113566875457764,-0.028059179394525322,6.340764498710632,0.5091389973958333,0.06368917
812,7223,1381,709.24,772.80868156,9977856,5e-05,0.2,26000,22.349084854125977,0.15036536753177643,37.73241549531619,0.9282876253128052,-0.03076361566587972,6.3434115986029305,0.4809814453125,0.05458841
813,7223,1382,669.07,721.04233169,9990144,5e-05,0.2,26010,36.56544494628906,0.1502135843038559,51.49745858112971,0.8874411582946777,-0.025859289430081846,6.350554193059604,0.513134765625,0.055615086
814,7224,1384,695.71,751.8843575399999,10002432,5e-05,0.2,26020,17.91221046447754,0.15026219189167023,55.55386560360591,0.9062327146530151,-0.016562452306970954,6.3554657379786175,0.5905598958333333,0.0816673
