rollout/ep_rew_mean,time/iterations,time/fps,rollout/ep_len_mean,time/time_elapsed,time/total_timesteps,train/approx_kl,train/clip_range,train/learning_rate,train/n_updates,train/explained_variance,train/value_loss,train/loss,train/std,train/policy_gradient_loss,train/clip_fraction,train/entropy_loss
-84.70212349000002,1,11216,61.53,1,12288,,,,,,,,,,,
-73.39429086,2,8063,62.62,3,24576,0.015535526,0.2,0.0003,10,-0.0015130043029785156,227.71365780830382,52.74248504638672,0.9992547035217285,-0.0184180760125552,0.18483072916666668,-17.017619307835897
-73.61269148,3,7480,62.27,4,36864,0.014289287,0.2,0.0003,20,0.2439953088760376,163.50637696584064,61.83038330078125,0.9961442947387695,-0.019206494171521628,0.16942545572916667,-16.98961461385091
-69.01676123000001,4,7395,61.64,6,49152,0.0133300945,0.2,0.0003,30,0.46961086988449097,135.5355623404185,66.04910278320312,0.9937425255775452,-0.02157123391807545,0.17789713541666666,-16.96374775568644
-66.28656579,5,7316,61.68,8,61440,0.015841953,0.2,0.0003,40,0.6158385276794434,107.12056833902994,51.469146728515625,0.9877297878265381,-0.023198964422529875,0.20166829427083333,-16.896651244163515
-58.47373949999999,6,7294,60.93,10,73728,0.016149879,0.2,0.0003,50,0.655516505241394,98.26077624162038,49.66770935058594,0.9837312698364258,-0.023760744430668033,0.20851236979166668,-16.840287148952484
-52.200817260000015,7,7165,60.07,12,86016,0.018582836,0.2,0.0003,60,0.7523143291473389,63.34713813463847,28.969341278076172,0.979407012462616,-0.024663145358014543,0.22967936197916666,-16.785968589782716
-53.72951960000001,8,7122,60.24,13,98304,0.017992938,0.2,0.0003,70,0.6976873874664307,67.85872670809428,26.16377067565918,0.9731724262237549,-0.026429529015634518,0.24108072916666667,-16.710328956445057
-46.39906731,9,7103,58.39,15,110592,0.019029273,0.2,0.0003,80,0.6298277974128723,75.23833275636038,44.64558029174805,0.9683739542961121,-0.02422143904841505,0.24390462239583333,-16.654127196470895
-44.3000734,10,7131,57.1,17,122880,0.020350246,0.2,0.0003,90,0.7081925868988037,52.343249003092446,18.577613830566406,0.9640734791755676,-0.026656353094343405,0.2516276041666667,-16.596842737992606
-39.01411315000001,11,7134,57.47,18,135168,0.021782612,0.2,0.0003,100,0.682091474533081,55.21733778317769,24.697818756103516,0.9557924270629883,-0.028194807484396733,0.2762858072916667,-16.50568292538325
-38.4641987,12,7148,57.66,20,147456,0.021046633,0.2,0.0003,110,0.6355613470077515,50.12002652486165,20.746408462524414,0.948486328125,-0.026376256845348205,0.2816162109375,-16.405970712502796
-32.60925459,13,7152,57.11,22,159744,0.020702086,0.2,0.0003,120,0.6209273934364319,53.90234740575155,22.004257202148438,0.9439401626586914,-0.026099158339881492,0.278759765625,-16.336744713783265
-29.596281670000003,14,7168,55.2,23,172032,0.024036238,0.2,0.0003,130,0.6711961627006531,38.45691365003586,15.992416381835938,0.9363663792610168,-0.028965359255865526,0.31064453125,-16.244747245311736
-27.12856093,15,7177,54.62,25,184320,0.027310431,0.2,0.0003,140,0.6271142959594727,33.17861529986064,15.480019569396973,0.9305325150489807,-0.028123116297259308,0.33323567708333335,-16.164292764663696
-25.942619439999998,16,7177,56.37,27,196608,0.027287012,0.2,0.0003,150,0.6329998970031738,29.09568579594294,16.35118293762207,0.9211783409118652,-0.029099804045593678,0.3469970703125,-16.05100028117498
-20.006131299999996,17,7187,55.16,29,208896,0.028215693,0.2,0.0003,160,0.6588577032089233,23.613257352511088,12.078268051147461,0.9145957827568054,-0.029149743534314137,0.33693033854166665,-15.956623693307241
-18.50138069,18,7202,54.82,30,221184,0.028651722,0.2,0.0003,170,0.625475287437439,21.556794722874958,8.552370071411133,0.9083786606788635,-0.02984286104813994,0.3628743489583333,-15.87073575059573
-17.21153121,19,7214,54.2,32,233472,0.038942263,0.2,0.0003,180,0.5702341198921204,15.74677006403605,7.905886650085449,0.898913562297821,-0.03176760423108741,0.41390787760416664,-15.738830204804739
-14.64370771,20,7220,54.48,34,245760,0.037097033,0.2,0.0003,190,0.5930262804031372,14.198538130521774,8.326498985290527,0.8899281620979309,-0.02964948371106099,0.40253092447916666,-15.613984696070354
-11.42939483,21,7218,52.93,35,258048,0.04109475,0.2,0.0003,200,0.5995911359786987,9.541865309079489,4.859226703643799,0.8819012641906738,-0.03219199183076853,0.4292399088541667,-15.50313036243121
-12.759232200000001,22,7224,53.38,37,270336,0.030978927,0.2,0.0003,210,0.46106380224227905,16.946163470546406,3.9124844074249268,0.8738117218017578,-0.02546077474738316,0.3678466796875,-15.397142527500788
-12.671242059999999,23,7235,53.43,39,282624,0.035577055,0.2,0.0003,220,0.5082913637161255,12.21291320224603,4.109227657318115,0.8657072186470032,-0.02788969081884716,0.38706868489583335,-15.282725224892298
-8.948237699999998,24,7229,53.37,40,294912,0.04670559,0.2,0.0003,230,0.5041609406471252,8.073885363340377,3.967010498046875,0.8584742546081543,-0.03224013802828267,0.4452718098958333,-15.170029407739639
-7.9571194400000005,25,7228,53.01,42,307200,0.04188992,0.2,0.0003,240,0.5505210161209106,8.03043159643809,3.493502140045166,0.848855197429657,-0.031175475790708635,0.4308349609375,-15.032848308483759
-6.800765269999999,26,7235,52.91,44,319488,0.047949117,0.2,0.0003,250,0.423319935798645,6.103287283579508,3.067816972732544,0.8394168019294739,-0.03437342741235625,0.47089029947916666,-14.8847332239151
-5.87589966,27,7235,52.63,45,331776,0.04401089,0.2,0.0003,260,0.3724045157432556,5.89306874970595,2.645815134048462,0.8317120671272278,-0.03639371494015601,0.44440104166666666,-14.763426464796066
-4.60098572,28,7234,52.7,47,344064,0.04326011,0.2,0.0003,270,0.3471410274505615,5.888486316303412,3.4667561054229736,0.8230240345001221,-0.03670680146703186,0.4370930989583333,-14.63417362968127
-3.80556389,29,7229,53.09,49,356352,0.04240537,0.2,0.0003,280,0.29276007413864136,5.782819152871768,2.8429863452911377,0.8134982585906982,-0.03655329365574289,0.42796223958333335,-14.490679262081782
-4.9658862599999996,30,7237,52.91,50,368640,0.047513712,0.2,0.0003,290,0.34704071283340454,4.547834500173727,1.5348246097564697,0.8056969046592712,-0.04013784172614881,0.46669921875,-14.352391336361567
-1.9250747099999996,31,7247,52.8,52,380928,0.03534949,0.2,0.0003,300,0.4367970824241638,6.746374789873759,3.6145524978637695,0.7983999252319336,-0.03029206519325574,0.3779296875,-14.251887307564418
-1.2733833499999998,32,7236,53.1,54,393216,0.04551029,0.2,0.0003,310,0.3762829899787903,4.738654265801112,2.020263195037842,0.7907484173774719,-0.038396169293749456,0.44375813802083336,-14.11041677792867
-0.7002592999999999,33,7188,52.21,56,405504,0.044648707,0.2,0.0003,320,0.4507293105125427,4.528785887360573,2.0904245376586914,0.7839128971099854,-0.03701425711236273,0.43638509114583335,-13.996777359644572
3.076813670000001,34,7138,52.07,58,417792,0.04356886,0.2,0.0003,330,0.49194252490997314,4.399253519872825,2.376875162124634,0.7758801579475403,-0.04043368261870152,0.4304931640625,-13.864812103907267
1.66802786,35,7118,52.46,60,430080,0.04548442,0.2,0.0003,340,0.5055629014968872,4.062208092709382,1.7062249183654785,0.7676823735237122,-0.03676322085909002,0.438671875,-13.738069123029709
3.3718863800000003,36,7101,52.07,62,442368,0.049569126,0.2,0.0003,350,0.49929219484329224,3.9788987000783282,1.6543071269989014,0.7606873512268066,-0.039174357392281915,0.46160481770833334,-13.595188258091609
3.483408650000001,37,7110,51.98,63,454656,0.045559883,0.2,0.0003,360,0.5437387228012085,4.294482176502545,1.7791024446487427,0.752922534942627,-0.037690597695473116,0.4448323567708333,-13.471979022026062
4.79492664,38,7116,51.33,65,466944,0.057547424,0.2,0.0003,370,0.6197144985198975,3.374957416454951,1.469295859336853,0.7446017265319824,-0.03987304222003634,0.4727294921875,-13.325569385290146
5.42885021,39,7108,51.19,67,479232,0.052616846,0.2,0.0003,380,0.6582080721855164,3.111874191959699,1.3225994110107422,0.73826664686203,-0.0403915715549374,0.4671549479166667,-13.195684979359308
6.18922825,40,7092,51.13,69,491520,0.05205066,0.2,0.0003,390,0.6777124404907227,3.2921967282891273,1.527037262916565,0.7314553260803223,-0.04247248931011806,0.46197102864583334,-13.083322991927465
8.616767580000001,41,7081,51.49,71,503808,0.05393556,0.2,0.0003,400,0.7388055324554443,2.7339908093214036,1.1313344240188599,0.7229956984519958,-0.0417444748833077,0.48212076822916666,-12.932374799251557
9.0652335,42,7067,51.07,73,516096,0.056915283,0.2,0.0003,410,0.760712206363678,2.7702998307844005,1.2552218437194824,0.7151823043823242,-0.04294237588474061,0.47689615885416664,-12.786892424027124
9.455719239999999,43,7050,50.7,74,528384,0.05178757,0.2,0.0003,420,0.7833623886108398,2.758263913790385,0.9040127992630005,0.7075514793395996,-0.04028324349589336,0.4734293619791667,-12.644948468605678
10.38427201,44,7056,51.13,76,540672,0.059793238,0.2,0.0003,430,0.8155717849731445,2.509076953182618,1.1002264022827148,0.7004078030586243,-0.04351685844691625,0.4970621744791667,-12.495794037977854
11.64844098,45,7016,51.31,78,552960,0.046238706,0.2,0.0003,440,0.7868641018867493,2.8867526851594447,1.5020421743392944,0.6947898864746094,-0.035233267450045486,0.4364095052083333,-12.385532130797705
11.798957049999999,46,7012,51.21,80,565248,0.053518325,0.2,0.0003,450,0.8294548392295837,2.7103539176285265,1.111494779586792,0.6886656880378723,-0.041362509642688866,0.4620849609375,-12.255222111940384
13.28580264,47,7006,51.14,82,577536,0.04767706,0.2,0.0003,460,0.8382539749145508,2.865136035035054,0.9765802025794983,0.6818512082099915,-0.03865839378462018,0.4433512369791667,-12.132047808170318
13.74109988,48,6999,51.67,84,589824,0.06451276,0.2,0.0003,470,0.8493243455886841,2.3581422184904417,1.1126970052719116,0.6748841404914856,-0.04046977717371192,0.5093180338541666,-11.975177158912024
15.113718219999999,49,7003,51.51,85,602112,0.06422935,0.2,0.0003,480,0.8942151069641113,2.152620132267475,0.8735833764076233,0.6683204174041748,-0.04089317451871466,0.506591796875,-11.851596504449844
15.459985000000001,50,6992,51.08,87,614400,0.061553013,0.2,0.0003,490,0.8863471150398254,2.4551452261706195,1.010798454284668,0.6600853800773621,-0.03928051963448524,0.4893391927083333,-11.696945321559905
16.065797900000003,51,6987,51.32,89,626688,0.06671947,0.2,0.0003,500,0.9201018214225769,1.9199126370251178,0.887245774269104,0.6541979908943176,-0.0397850734210806,0.5221354166666666,-11.554718206326166
16.958885370000004,52,6997,51.55,91,638976,0.07090578,0.2,0.0003,510,0.9245328307151794,1.833275449524323,0.6415069699287415,0.6471046805381775,-0.038176396559962696,0.5248697916666667,-11.405879439910253
19.175030430000003,53,7006,51.3,92,651264,0.066993855,0.2,0.0003,520,0.9313690662384033,1.8873926152785618,0.7435019612312317,0.6422104835510254,-0.03885675466444809,0.5062744140625,-11.282037071386974
18.64110739,54,7014,51.59,94,663552,0.06937652,0.2,0.0003,530,0.9445559978485107,1.5773591548204422,0.7247403860092163,0.6331735253334045,-0.039272820587696815,0.5293538411458333,-11.110235679149628
19.88388535,55,7021,52.02,96,675840,0.05841005,0.2,0.0003,540,0.9212508797645569,1.93569368571043,1.01373291015625,0.626297116279602,-0.03411509859094319,0.4886474609375,-10.968718787034353
20.774557959999996,56,7026,51.84,97,688128,0.060979128,0.2,0.0003,550,0.9311999082565308,2.2690761821965375,1.8000060319900513,0.6209062337875366,-0.03299558731087018,0.5027669270833334,-10.83230157295863
22.143919359999998,57,7033,52.11,99,700416,0.062693834,0.2,0.0003,560,0.9498156309127808,1.8377440822621187,0.953610360622406,0.6149556040763855,-0.0364346153481165,0.50654296875,-10.700390962759654
22.49242667,58,7038,52.11,101,712704,0.07794628,0.2,0.0003,570,0.9616085290908813,1.4585344079881906,0.5698246955871582,0.6096636652946472,-0.0379036150824201,0.5424560546875,-10.563614936669667
23.631458019999997,59,7041,52.03,102,724992,0.07687702,0.2,0.0003,580,0.9636023044586182,1.392151224737366,0.5794240236282349,0.6007624268531799,-0.03882328389348307,0.5353434244791667,-10.40297727783521
23.959936260000003,60,7046,52.71,104,737280,0.07603622,0.2,0.0003,590,0.9697527885437012,1.3319927697380385,0.5427437424659729,0.5948008894920349,-0.03888663323790145,0.5467936197916666,-10.251266892751058
24.675080509999994,61,7048,53.1,106,749568,0.07160256,0.2,0.0003,600,0.9642674326896667,1.470891131212314,0.51119065284729,0.5877590179443359,-0.03602462654622893,0.5272379557291667,-10.099957944949468
27.024776009999997,62,7054,54.55,107,761856,0.06767583,0.2,0.0003,610,0.9652056694030762,1.6566982376078765,0.7461380362510681,0.5810719132423401,-0.03712898334100222,0.5162109375,-9.947904924551645
28.154472310000003,63,7058,54.15,109,774144,0.07823456,0.2,0.0003,620,0.9646862149238586,1.6303965128958224,0.6841849088668823,0.5747964978218079,-0.03475543718377594,0.5207194010416667,-9.797558015584945
29.993635330000007,64,7061,54.92,111,786432,0.07341831,0.2,0.0003,630,0.97111976146698,1.439870797842741,0.6464149951934814,0.5695886015892029,-0.034445458264478174,0.5187337239583333,-9.673591504494349
30.51613101,65,7064,55.03,113,798720,0.08099133,0.2,0.0003,640,0.9755765795707703,1.3889933375020822,0.5699901580810547,0.5650184750556946,-0.03348652137695656,0.5435709635416667,-9.54698204000791
30.838945440000003,66,7067,55.88,114,811008,0.07264167,0.2,0.0003,650,0.9764106273651123,1.4285389306644598,0.5858808159828186,0.5600530505180359,-0.028747256884525996,0.544970703125,-9.432377648353576
31.05184291,67,7071,55.51,116,823296,0.081287734,0.2,0.0003,660,0.97502201795578,1.4861420708398023,0.7538567781448364,0.5552749037742615,-0.03207088117681754,0.543017578125,-9.317489395538965
34.54059668,68,7074,56.94,118,835584,0.07960639,0.2,0.0003,670,0.9804812669754028,1.290850837652882,0.6461774706840515,0.5510685443878174,-0.027718022264889442,0.5520263671875,-9.211614221334457
34.59760419,69,7071,58.28,119,847872,0.0802739,0.2,0.0003,680,0.9804978370666504,1.2994674342374006,0.4931093454360962,0.5457481741905212,-0.02898467820875036,0.5525797526041667,-9.079038095474242
35.43542478,70,7073,59.17,121,860160,0.073436536,0.2,0.0003,690,0.9798845648765564,1.60957583685716,0.6901836395263672,0.5393990874290466,-0.031528807367431,0.5381591796875,-8.928503175576529
37.0232962,71,7064,58.9,123,872448,0.07442906,0.2,0.0003,700,0.9762631058692932,1.7287204042077065,0.6448132991790771,0.5345800518989563,-0.03256962114925652,0.5288981119791667,-8.803813813130061
39.56657081,72,7062,60.11,125,884736,0.07934152,0.2,0.0003,710,0.9830146431922913,1.5626745748023192,0.6093909740447998,0.529857873916626,-0.029490797549563772,0.5449137369791667,-8.683062547445298
41.51278952999999,73,7058,62.8,127,897024,0.0790161,0.2,0.0003,720,0.9832699298858643,1.5621597051620484,0.5425734519958496,0.5242946147918701,-0.028319850757543463,0.5609375,-8.553352902332941
41.2615294,74,7056,63.05,128,909312,0.08017103,0.2,0.0003,730,0.9827609658241272,1.7265735996266207,0.6875506639480591,0.5212353467941284,-0.027077954841176203,0.5609130859375,-8.464429859320322
43.87320433000001,75,7056,63.75,130,921600,0.07095862,0.2,0.0003,740,0.9763107895851135,2.5353152833878996,1.246917486190796,0.5170472860336304,-0.024481636920245364,0.5266357421875,-8.368856306870779
46.689715959999994,76,7061,66.7,132,933888,0.085856535,0.2,0.0003,750,0.9752926230430603,2.39521180515488,1.0647375583648682,0.5118750333786011,-0.02219405614208275,0.5572998046875,-8.25339814623197
48.46467920999999,77,7065,68.73,133,946176,0.0712278,0.2,0.0003,760,0.9742937684059143,3.1396058479944866,1.430195927619934,0.5078701376914978,-0.024531064038455952,0.5197998046875,-8.142762207984925
50.8242778,78,7068,72.3,135,958464,0.070535235,0.2,0.0003,770,0.9694365859031677,3.8863274370630583,1.869563341140747,0.5044451951980591,-0.022240049167885446,0.5281412760416667,-8.055940753221511
53.08654935999999,79,7070,74.17,137,970752,0.07298452,0.2,0.0003,780,0.9659868478775024,4.527665916085243,1.3136675357818604,0.5019579529762268,-0.021534885011108902,0.5263997395833333,-7.975898266832034
50.106759219999994,80,7075,70.74,138,983040,0.09383025,0.2,0.0003,790,0.9742143750190735,3.864576863249143,2.2311010360717773,0.49840736389160156,-0.018109292142131986,0.5690592447916667,-7.876474355657895
52.65729754000001,81,7080,73.03,140,995328,0.092638575,0.2,0.0003,800,0.9753090739250183,4.084564059227705,2.4339447021484375,0.49483251571655273,-0.01862436667191408,0.55869140625,-7.783329532543818
56.68272648999999,82,7085,79.88,142,1007616,0.078159906,0.2,0.0003,810,0.9634748101234436,5.477684444189071,1.4660203456878662,0.49224433302879333,-0.010718280448054429,0.5681640625,-7.708623771866162
59.60737948,83,7089,82.14,143,1019904,0.09210586,0.2,0.0003,820,0.967315673828125,4.963719110190868,2.1203155517578125,0.48943233489990234,-0.015898116005701013,0.5626302083333333,-7.6270246783892315
54.967942740000005,84,7093,75.4,145,1032192,0.08085374,0.2,0.0003,830,0.9768021106719971,4.839632660647234,1.4952399730682373,0.48677682876586914,-0.011916421952628297,0.5640543619791667,-7.559448525309563
59.73039406,85,7098,79.65,147,1044480,0.08338543,0.2,0.0003,840,0.9752485156059265,4.6497574309508005,2.720076084136963,0.48311328887939453,-0.013092231725264962,0.58623046875,-7.4979223072528836
55.36451874999999,86,7103,76.1,148,1056768,0.08617058,0.2,0.0003,850,0.9775757789611816,4.878480633099874,1.9306844472885132,0.4794566333293915,-0.013483569934032857,0.5761881510416667,-7.399314683675766
63.59439929999999,87,7107,82.77,150,1069056,0.11365628,0.2,0.0003,860,0.9792211651802063,4.1115186860164,2.255220651626587,0.4765840470790863,-0.00948548251229416,0.5946451822916666,-7.326267705361048
59.424958020000005,88,7112,80.74,152,1081344,0.08929648,0.2,0.0003,870,0.9780889749526978,4.924134113887946,2.1599788665771484,0.47280678153038025,-0.012747722221926475,0.57421875,-7.229684692621231
64.74100351999999,89,7116,84.34,153,1093632,0.09469953,0.2,0.0003,880,0.9766997694969177,4.323006375630697,1.9286316633224487,0.4697500169277191,-0.013312314553574348,0.5959798177083333,-7.149590496222178
63.28524087999999,90,7121,84.71,155,1105920,0.11126589,0.2,0.0003,890,0.9819689393043518,3.8328279768427214,1.5481812953948975,0.467794269323349,-0.005512859993420231,0.6217122395833333,-7.083402498563131
63.73736057999999,91,7123,84.03,156,1118208,0.08437339,0.2,0.0003,900,0.9788566827774048,4.45751021852096,1.7263659238815308,0.46624302864074707,-0.012055893115272436,0.58955078125,-7.0298743387063345
67.82048802999999,92,7126,86.1,158,1130496,0.11307361,0.2,0.0003,910,0.9805884957313538,3.913470459977786,1.3678417205810547,0.46360287070274353,-0.008828995623722828,0.6037109375,-6.966986900568008
68.10791314,93,7128,84.83,160,1142784,0.10898027,0.2,0.0003,920,0.9816681742668152,3.5727807894349097,1.2716963291168213,0.46036139130592346,-0.007545291991724904,0.61005859375,-6.88941892584165
64.99942270999999,94,7130,81.74,161,1155072,0.107148506,0.2,0.0003,930,0.9842320680618286,3.5840358595053354,1.3212980031967163,0.4579189121723175,-0.005646506042588347,0.6051676432291667,-6.816239066918691
63.783810790000004,95,7132,80.29,163,1167360,0.097257115,0.2,0.0003,940,0.9843637347221375,3.312167335798343,0.8506320714950562,0.45463719964027405,-0.0019490564343868754,0.6177408854166667,-6.758668062090874
65.36778858,96,7130,81.7,165,1179648,0.10916767,0.2,0.0003,950,0.9872843623161316,2.6945621728897096,1.0116703510284424,0.45119932293891907,-0.00690454044767345,0.633544921875,-6.658713840444883
65.98296919,97,7132,83.16,167,1191936,0.0919305,0.2,0.0003,960,0.9811758399009705,4.159470495581627,1.3670721054077148,0.448803186416626,-0.009647475346961679,0.5875162760416667,-6.596872522433599
70.13997601,98,7136,87.41,168,1204224,0.1413001,0.2,0.0003,970,0.9885566234588623,2.338962783664465,1.2134836912155151,0.445162296295166,-0.0001483273459598422,0.6497639973958333,-6.5142656127611795
63.90458737,99,7137,84.49,170,1216512,0.07833261,0.2,0.0003,980,0.9825872778892517,4.307498137652874,1.6179708242416382,0.44211137294769287,-0.006778997796936892,0.561328125,-6.437249246239662
67.92867856,100,7142,83.31,172,1228800,0.11623832,0.2,0.0003,990,0.9868866205215454,2.4465266562998296,0.886624813079834,0.43945786356925964,0.0033643782313447445,0.6319173177083334,-6.3607522050539655
72.39241156,101,7146,87.63,173,1241088,0.105307125,0.2,0.0003,1000,0.9858455657958984,3.311932521065076,2.2248926162719727,0.43724238872528076,-0.005386519601355152,0.593310546875,-6.288291934132576
65.22782977,102,7150,82.05,175,1253376,0.105401345,0.2,0.0003,1010,0.9874625205993652,3.3991552891830605,2.1875040531158447,0.43453744053840637,-0.004536962061441348,0.6013346354166667,-6.215447597702345
73.40253188,103,7154,88.81,176,1265664,0.10969058,0.2,0.0003,1020,0.9879288077354431,2.8774390399456022,1.6234809160232544,0.4318966567516327,-0.006531581671636862,0.5997233072916667,-6.151315970222155
69.90601521,104,7158,86.46,178,1277952,0.10363916,0.2,0.0003,1030,0.9881989359855652,2.8715655386447905,1.2077317237854004,0.4290575087070465,-0.0055646663769342315,0.6015299479166667,-6.090046881635984
69.11121161999999,105,7162,84.23,180,1290240,0.13786694,0.2,0.0003,1040,0.9895816445350647,2.52579157029589,0.92481929063797,0.42632827162742615,0.000502470537321642,0.636376953125,-6.003606486320495
71.81278789,106,7166,87.37,181,1302528,0.1336376,0.2,0.0003,1050,0.9901143908500671,1.9889938566833734,0.9718996286392212,0.4244817793369293,0.0003928120767038005,0.6543782552083334,-5.945321295658747
74.74887835,107,7168,90.94,183,1314816,0.09117433,0.2,0.0003,1060,0.9882006645202637,2.9133613452315332,1.3343585729599,0.42173126339912415,-0.009040620755695273,0.5928792317708333,-5.877634786566099
74.71392372000001,108,7170,87.96,185,1327104,0.08580041,0.2,0.0003,1070,0.9859111905097961,3.7352444524566333,1.8468927145004272,0.4193272590637207,-0.013025291151522348,0.5628987630208333,-5.812481782833735
72.53296683,109,7173,86.74,186,1339392,0.11028275,0.2,0.0003,1080,0.9853758811950684,3.6281532660126685,1.553481101989746,0.41747596859931946,-0.007315646436472889,0.5891764322916667,-5.7701014310121534
71.63884000000002,110,7177,83.62,188,1351680,0.11430498,0.2,0.0003,1090,0.9872407913208008,3.045454830179612,1.3186451196670532,0.4151972532272339,-0.00016948991251410916,0.6292073567708333,-5.70862797498703
82.22015217,111,7180,93.01,189,1363968,0.13216753,0.2,0.0003,1100,0.9917777180671692,1.8565212093293666,0.9252998232841492,0.4129652976989746,0.003121386634787389,0.669287109375,-5.659210301438967
78.01474335,112,7177,91.35,191,1376256,0.10685316,0.2,0.0003,1110,0.9897087812423706,2.7548326017955937,2.045724868774414,0.4105956554412842,-0.005392151444296663,0.593359375,-5.593131549159685
73.78540474,113,7176,87.12,193,1388544,0.11358752,0.2,0.0003,1120,0.9894384741783142,2.418280076732238,0.7943746447563171,0.40767940878868103,-0.0017737494801015905,0.6172037760416667,-5.521038234233856
81.02792401000002,114,7175,92.87,195,1400832,0.12715806,0.2,0.0003,1130,0.9929155111312866,1.6594979425271352,0.6608574390411377,0.4047485888004303,0.010082781000528484,0.6783935546875,-5.435995357235273
82.06683121999998,115,7176,94.21,196,1413120,0.12242052,0.2,0.0003,1140,0.9913548827171326,1.810157018651565,0.5917246341705322,0.4029137194156647,-0.006077457703941036,0.6295735677083333,-5.384239924947421
77.29888929,116,7176,91.63,198,1425408,0.07997946,0.2,0.0003,1150,0.9907893538475037,2.9365774877369404,1.707350492477417,0.4021874666213989,-0.008622019686057077,0.5673502604166667,-5.362295364340146
79.66133435,117,7178,96.67,200,1437696,0.10112528,0.2,0.0003,1160,0.9912550449371338,2.4368804135670263,1.2102787494659424,0.39914822578430176,-0.004428630525944754,0.6103678385416667,-5.288799756765366
85.10545068000002,118,7179,98.09,201,1449984,0.1268934,0.2,0.0003,1170,0.9880717992782593,3.0081306161979833,1.2346851825714111,0.3984662592411041,-0.002483980857262698,0.6057047526041667,-5.249423102537791
83.75576192999999,119,7180,97.09,203,1462272,0.09455961,0.2,0.0003,1180,0.9885610938072205,3.569072019805511,2.1262242794036865,0.39740046858787537,-0.0062055240632616915,0.5916829427083333,-5.23339670697848
81.09186394,120,7178,97.26,205,1474560,0.09923787,0.2,0.0003,1190,0.9911830425262451,2.805182857066393,1.1966993808746338,0.39559677243232727,-0.0006333099474431947,0.6081136067708334,-5.178806076447169
93.38878583,121,7178,106.04,207,1486848,0.112836756,0.2,0.0003,1200,0.9902514219284058,2.460638872161508,0.6192203164100647,0.39507484436035156,0.0015352171855435397,0.6383626302083333,-5.159737145900726
83.33820791,122,7175,99.47,208,1499136,0.10071432,0.2,0.0003,1210,0.9899272322654724,3.2647183902561663,1.7507590055465698,0.39264345169067383,-0.004610952809647036,0.6095784505208334,-5.1016857902208965
84.97204196000001,123,7172,96.89,210,1511424,0.106670536,0.2,0.0003,1220,0.9890261888504028,3.0752795403202375,1.272752285003662,0.3912508189678192,-0.0018090738400739308,0.640625,-5.050044897198677
85.94375622000001,124,7167,97.22,212,1523712,0.16315985,0.2,0.0003,1230,0.9914824962615967,2.207948804522554,0.780857503414154,0.39025238156318665,0.0030101303699969625,0.6736002604166667,-5.027981129288674
88.96404351999999,125,7167,98.68,214,1536000,0.10853201,0.2,0.0003,1240,0.9927852749824524,2.346040207395951,0.7949984669685364,0.38839614391326904,-0.0001542447440442629,0.6395914713541667,-4.982807752490044
85.05225600999998,126,7167,99.52,216,1548288,0.14451058,0.2,0.0003,1250,0.9933185577392578,1.7691992450505496,0.5452052354812622,0.38827452063560486,-0.0027917751571900832,0.6492594401041667,-4.9605406741301215
87.01708623999997,127,7169,102.82,217,1560576,0.12911971,0.2,0.0003,1260,0.990393877029419,2.2402131038407487,1.0209989547729492,0.3859804570674896,-0.0030370280854792025,0.6376383463541667,-4.905631968379021
88.21148308999999,128,7169,105.99,219,1572864,0.1174207,0.2,0.0003,1270,0.9928066730499268,2.0218941753109294,0.6629456281661987,0.38403430581092834,-0.0034337312540931937,0.6237548828125,-4.849792987108231
94.89623018000002,129,7171,112.01,221,1585152,0.124954455,0.2,0.0003,1280,0.9914994239807129,2.2623143752415973,0.6783199906349182,0.3830752670764923,-0.0037308614409994334,0.6238199869791666,-4.82105927268664
91.01356242000001,130,7173,111.7,222,1597440,0.082669966,0.2,0.0003,1290,0.9900772571563721,3.4904610296090444,1.372713565826416,0.3822037875652313,-0.009261322058349227,0.5646402994791667,-4.792798359195391
87.94131331,131,7175,107.18,224,1609728,0.10259325,0.2,0.0003,1300,0.9885528087615967,3.260431021700303,1.1613229513168335,0.3811088800430298,-0.007091734270215966,0.5810139973958334,-4.758552160859108
96.83780823999997,132,7174,114.86,226,1622016,0.124834366,0.2,0.0003,1310,0.9890566468238831,2.838685998072227,1.4367954730987549,0.3795909881591797,-0.006328885727270972,0.6202555338541667,-4.7135547796885175
96.70255734999999,133,7176,111.11,227,1634304,0.1097636,0.2,0.0003,1320,0.9915733337402344,2.4920305356383325,0.796256959438324,0.37841662764549255,0.0013895757088903337,0.6350830078125,-4.677244650324186
99.3296924,134,7179,117.6,229,1646592,0.13656257,0.2,0.0003,1330,0.9930821061134338,2.031533350671331,0.9906007647514343,0.3780393600463867,0.003507151757366955,0.6536214192708333,-4.646096992492676
98.16969667,135,7181,113.65,231,1658880,0.10780802,0.2,0.0003,1340,0.9919058084487915,2.056936328733961,0.8580334782600403,0.37630605697631836,-0.005140775500088542,0.6180745442708333,-4.605840313434601
95.93960902,136,7183,117.33,232,1671168,0.1405452,0.2,0.0003,1350,0.9927386045455933,2.0727846467246613,0.67558753490448,0.3742256164550781,0.004478239425710248,0.65263671875,-4.537373500068982
103.28234511000001,137,7186,123.57,234,1683456,0.10188785,0.2,0.0003,1360,0.9913085103034973,3.017876271655162,0.9188202023506165,0.3746969699859619,-0.006399481230376599,0.5969645182291666,-4.523297214508057
97.27255735,138,7187,110.27,235,1695744,0.112214245,0.2,0.0003,1370,0.9880577921867371,3.6219525476296743,1.1704224348068237,0.3736354410648346,-0.004596511171257589,0.5755615234375,-4.495495864748955
99.36667226999998,139,7187,107.98,237,1708032,0.13052809,0.2,0.0003,1380,0.9877226948738098,2.6508280016481875,0.762016236782074,0.3714253008365631,-0.002544071875551405,0.6329671223958333,-4.434168613950411
102.75665763000002,140,7188,116.65,239,1720320,0.12866138,0.2,0.0003,1390,0.9902083277702332,2.7475844552119573,0.94648677110672,0.3686405420303345,-0.006098518610815518,0.6284261067708333,-4.367327302694321
115.05826483000001,141,7190,130.67,240,1732608,0.14355804,0.2,0.0003,1400,0.9941279888153076,2.06403058419625,0.8250221610069275,0.3666296899318695,0.002859480171173345,0.65947265625,-4.301258106033007
110.33942318000001,142,7193,125.29,242,1744896,0.12882082,0.2,0.0003,1410,0.9865015745162964,3.013959876944621,1.0517544746398926,0.36549270153045654,-0.0032820682691332573,0.6068440755208333,-4.249787352482477
123.26680346,143,7196,149.77,244,1757184,0.1472667,0.2,0.0003,1420,0.9927369356155396,1.6368833767871063,0.5637805461883545,0.36389556527137756,0.005367089079906388,0.661669921875,-4.2153095205624895
125.51346682999998,144,7198,155.65,245,1769472,0.102570914,0.2,0.0003,1430,0.9882119297981262,3.5790960068504014,1.2808881998062134,0.36273324489593506,-0.009122655376268085,0.5743815104166666,-4.178295302391052
133.22178737000002,145,7200,158.89,247,1781760,0.15729105,0.2,0.0003,1440,0.9920316934585571,2.190588126828273,0.5209888219833374,0.36197343468666077,0.004405900955801675,0.6419352213541667,-4.125969411929448
153.95621682000004,146,7202,184.48,249,1794048,0.10169637,0.2,0.0003,1450,0.9895697236061096,2.7440519824624063,1.3423130512237549,0.3605056703090668,-0.007313566859132455,0.5763916015625,-4.089648202061653
181.30142406000002,147,7204,213.03,250,1806336,0.08043686,0.2,0.0003,1460,0.9869828820228577,4.392688257743915,1.0771195888519287,0.3593679368495941,-0.007159373008956512,0.5532145182291667,-4.05247453947862
191.22016377999998,148,7207,230.54,252,1818624,0.078505255,0.2,0.0003,1470,0.983968198299408,5.687425116201242,2.374117612838745,0.3587658405303955,-0.009964396159436244,0.5371012369791667,-4.022023390730222
205.57252562999997,149,7209,251.09,253,1830912,0.0739679,0.2,0.0003,1480,0.9856892228126526,5.602808448672294,1.5716931819915771,0.35733380913734436,-0.006506155582610518,0.5315185546875,-3.974199141561985
217.53796562,150,7212,264.92,255,1843200,0.09448867,0.2,0.0003,1490,0.9880524277687073,4.7904452547431,1.8690171241760254,0.3570549786090851,-0.005843132450051295,0.5904215494791667,-3.970610898236434
222.55849186,151,7216,258.98,257,1855488,0.14532866,0.2,0.0003,1500,0.9892990589141846,3.632388542840878,1.0452470779418945,0.3572808802127838,0.00498274021956604,0.6207682291666666,-3.9652503743767737
235.85164903000003,152,7218,268.18,258,1867776,0.18449843,0.2,0.0003,1510,0.9942070245742798,2.053566748648882,0.8398813605308533,0.35610613226890564,0.017997413679161887,0.6539713541666666,-3.9657861943046253
258.73842814000005,153,7220,304.21,260,1880064,0.11544927,0.2,0.0003,1520,0.9917960166931152,2.744461039453745,0.6724926233291626,0.35463619232177734,0.000633538071027336,0.5846516927083333,-3.917378081381321
302.43587884,154,7223,367.62,261,1892352,0.14307342,0.2,0.0003,1530,0.9950801134109497,1.5588134668767453,0.6023544669151306,0.3528810441493988,0.006064762854172538,0.63232421875,-3.87104807694753
353.86492853999994,155,7226,436.99,263,1904640,0.120249085,0.2,0.0003,1540,0.9953290820121765,1.2118915988753238,0.34223583340644836,0.3512207269668579,0.017726067619029586,0.6647786458333333,-3.8104445283611614
387.26302708,156,7229,490.65,265,1916928,0.12221295,0.2,0.0003,1550,0.9957936406135559,1.1389899351944526,0.3535562753677368,0.34929347038269043,0.013901767474696196,0.6301676432291666,-3.7570817162593206
424.5702966299999,157,7232,538.06,266,1929216,0.10675619,0.2,0.0003,1560,0.9952383041381836,1.7713923354943593,0.7190118432044983,0.3470652103424072,0.0054878049690159966,0.5941324869791667,-3.697385147710641
475.74899396,158,7234,615.84,268,1941504,0.097881906,0.2,0.0003,1570,0.9914527535438538,1.280877727518479,0.4634469747543335,0.3460179567337036,-0.0026830590946095374,0.6070393880208333,-3.6546731397509573
494.48441805000004,159,7236,647.35,269,1953792,0.086964786,0.2,0.0003,1580,0.9932956695556641,2.1797241809467476,2.2876157760620117,0.3443618714809418,-0.008234164203167893,0.5688883463541666,-3.6024015466372172
534.54959842,160,7239,705.95,271,1966080,0.1330658,0.2,0.0003,1590,0.9973248839378357,0.5000438024910788,0.17591659724712372,0.3435002565383911,0.019669593850752183,0.68251953125,-3.5602140858769418
532.92759254,161,7242,729.41,273,1978368,0.11022445,0.2,0.0003,1600,0.9944658875465393,1.081743537262082,0.17197337746620178,0.34240856766700745,0.00983315927539176,0.6501790364583333,-3.53751512914896
540.39928411,162,7245,760.71,274,1990656,0.1851403,0.2,0.0003,1610,0.9969683289527893,0.5886967410643895,0.1589251309633255,0.3400801718235016,0.0088126814152929,0.6758463541666667,-3.4686532323559125
561.2141374,163,7245,797.12,276,2002944,0.11597473,0.2,0.0003,1620,0.9957324266433716,0.7708746025338769,0.11799700558185577,0.3392188549041748,0.0043026494036894295,0.6527018229166667,-3.439981813232104
535.92455653,164,7245,762.96,278,2015232,0.12367648,0.2,0.0003,1630,0.9973402619361877,0.8168381680424015,0.18463386595249176,0.33825501799583435,0.0137043550547484,0.6350341796875,-3.3945161362489062
493.3033113899999,165,7248,711.43,279,2027520,0.122142226,0.2,0.0003,1640,0.9954540729522705,0.843045504949987,0.3961458206176758,0.3368279039859772,0.006910255077430824,0.6322998046875,-3.358263904849688
464.15411133999993,166,7250,637.13,281,2039808,0.13321349,0.2,0.0003,1650,0.9988549947738647,0.3075252253562212,0.09499731659889221,0.33681702613830566,0.021670440869638697,0.6485595703125,-3.339276084303856
485.99736421,167,7252,643.53,282,2052096,0.08866423,0.2,0.0003,1660,0.9969795942306519,1.101070360156397,0.4367588758468628,0.335278183221817,0.0011116086378024192,0.577001953125,-3.310425414144993
495.72889426000006,168,7254,654.38,284,2064384,0.095080175,0.2,0.0003,1670,0.9989438056945801,0.22967177680693568,0.08287449181079865,0.3345191478729248,0.016132680161778504,0.6076578776041667,-3.263482620815436
492.77628893,169,7257,654.05,286,2076672,0.09479765,0.2,0.0003,1680,0.9991233944892883,0.2161672644627591,0.09304457157850266,0.3344550132751465,0.013433303140724698,0.6105875651041667,-3.2535037621855736
506.03467951000005,170,7256,646.38,287,2088960,0.08957359,0.2,0.0003,1690,0.9988719820976257,0.23811466891008118,0.0653260126709938,0.33400726318359375,0.006389003699587193,0.5819498697916666,-3.223743049800396
479.1851463699999,171,7258,607.16,289,2101248,0.062510915,0.2,0.0003,1700,0.9931700229644775,1.538284063587586,0.5251003503799438,0.3325327932834625,-0.004670551381908202,0.5143473307291667,-3.193905672430992
445.61065693000006,172,7260,558.25,291,2113536,0.111975074,0.2,0.0003,1710,0.9972655177116394,1.3288437329232692,0.6061294674873352,0.3312394320964813,0.005844672853709198,0.581640625,-3.1502767716844877
420.6057650599999,173,7263,510.4,292,2125824,0.06878709,0.2,0.0003,1720,0.99750816822052,1.5686590933551392,0.5003002285957336,0.3300682306289673,0.0033605566027593643,0.540380859375,-3.106167059143384
431.82493252000006,174,7261,528.65,294,2138112,0.1726863,0.2,0.0003,1730,0.9976975321769714,1.1893170508245627,0.5856014490127563,0.3286113142967224,0.017670110625234277,0.6209554036458333,-3.046521489818891
488.93065745000007,175,7264,600.45,296,2150400,0.11595237,0.2,0.0003,1740,0.9991272687911987,0.29907737380514543,0.1143273115158081,0.32681557536125183,0.020021921869677804,0.6332926432291667,-2.9850113332271575
514.7610727299999,176,7264,644.52,297,2162688,0.12055564,0.2,0.0003,1750,0.998162567615509,0.3877651240987082,0.210600808262825,0.3269868791103363,0.015980145547655412,0.6470865885416667,-2.9830146372318267
579.66080407,177,7267,722.94,299,2174976,0.122580044,0.2,0.0003,1760,0.9989812970161438,0.16657385734530786,0.04569839686155319,0.32552430033683777,0.016559748770184037,0.6181640625,-2.9376268441478413
637.4528224400001,178,7269,781.76,300,2187264,0.091094166,0.2,0.0003,1770,0.999686062335968,0.13232888993807138,0.05016205087304115,0.32482585310935974,0.012275214970092445,0.5987060546875,-2.8964092607299485
657.3393710199999,179,7272,836.62,302,2199552,0.078960836,0.2,0.0003,1780,0.9989993572235107,0.2548028191085905,0.10244929790496826,0.32338961958885193,0.010129113927056703,0.5754964192708333,-2.8490346451600392
655.37889354,180,7274,844.42,304,2211840,0.08245772,0.2,0.0003,1790,0.9991613626480103,0.19519910480206212,0.04371333122253418,0.32289817929267883,0.011849517028895206,0.5934407552083333,-2.8193810308972993
662.4128283000001,181,7272,849.77,305,2224128,0.0917074,0.2,0.0003,1800,0.9981141686439514,0.28162936901984115,0.09324511140584946,0.32232293486595154,0.01746268460265128,0.6295491536458333,-2.8066782211263974
652.54682259,182,7268,845.79,307,2236416,0.083707124,0.2,0.0003,1810,0.9993155598640442,0.19961746614426373,0.09637308120727539,0.32134342193603516,0.010761037883882333,0.5901692708333334,-2.780416571597258
531.0397443400001,183,7270,696.68,309,2248704,0.073894575,0.2,0.0003,1820,0.9977967143058777,0.5015656963301202,0.2290101945400238,0.32052740454673767,0.012183699961557675,0.5876627604166667,-2.7417736013730365
516.65348464,184,7271,643.69,310,2260992,0.08160997,0.2,0.0003,1830,0.9949760437011719,1.66758807922403,0.6371557712554932,0.3207024335861206,0.007023708278817746,0.5351725260416667,-2.7243027796347934
522.1326988899999,185,7274,648.23,312,2273280,0.12658112,0.2,0.0003,1840,0.998442530632019,0.4366063297415773,0.137237548828125,0.32063716650009155,0.023575675709192487,0.6618896484375,-2.7300422141949334
553.67789242,186,7277,687.09,314,2285568,0.10185778,0.2,0.0003,1850,0.9989723563194275,0.27736242255195975,0.10501169413328171,0.3193972110748291,0.012451508080509181,0.6136637369791667,-2.6966624572873115
556.67465912,187,7280,681.51,315,2297856,0.11073923,0.2,0.0003,1860,0.9995896816253662,0.15534593099728228,0.07535044848918915,0.31837761402130127,0.017746255927583356,0.5960856119791667,-2.638508111735185
553.3812490400001,188,7283,653.47,317,2310144,0.100364335,0.2,0.0003,1870,0.9992674589157104,0.2612516386900097,0.13904447853565216,0.3179919421672821,0.010751040628626167,0.587548828125,-2.6104138960440952
599.55882594,189,7285,719.13,318,2322432,0.07834477,0.2,0.0003,1880,0.9947576522827148,1.4840439035246769,0.46590709686279297,0.3175981938838959,0.002961485101938403,0.5309000651041667,-2.595684437453747
613.99910109,190,7288,739.08,320,2334720,0.09572282,0.2,0.0003,1890,0.9994930028915405,0.2358132277149707,0.09871900081634521,0.31703028082847595,0.013336110148278143,0.5803792317708333,-2.5796956703066827
637.87923265,191,7291,772.15,321,2347008,0.101130165,0.2,0.0003,1900,0.999633252620697,0.12985980898762742,0.038808830082416534,0.3158704340457916,0.01613013508807247,0.6223795572916667,-2.5408718819419542
615.27870425,192,7294,731.81,323,2359296,0.09781658,0.2,0.0003,1910,0.998592734336853,0.3600524779719611,0.07790352404117584,0.31507739424705505,0.015180078443275609,0.6292643229166667,-2.520006979505221
567.2367490500001,193,7297,684.76,324,2371584,0.13031363,0.2,0.0003,1920,0.9945314526557922,0.42657260773703454,0.11467622220516205,0.31446126103401184,0.006542427327561503,0.61796875,-2.510450640817483
598.08888603,194,7294,722.81,326,2383872,0.06896541,0.2,0.0003,1930,0.9949671626091003,1.398823371467491,0.42366015911102295,0.3132845461368561,0.0011460871290182694,0.5333333333333333,-2.4645384664336842
592.6601975699999,195,7295,699.26,328,2396160,0.14992595,0.2,0.0003,1940,0.9972500801086426,1.2025866687297821,0.3328659236431122,0.31227877736091614,0.008622350372024811,0.5944254557291667,-2.4171985427538556
577.01416765,196,7298,676.47,330,2408448,0.069905736,0.2,0.0003,1950,0.9865370988845825,2.3200765417267877,0.7626268267631531,0.3104153573513031,-0.008579627755777135,0.5336995442708333,-2.354148879647255
561.78448252,197,7301,686.63,331,2420736,0.17083193,0.2,0.0003,1960,0.997622013092041,0.8465635647376378,0.5944706797599792,0.3099726140499115,0.025493074571325755,0.6894449869791667,-2.3189292108019193
589.9347247100001,198,7304,707.96,333,2433024,0.14897911,0.2,0.0003,1970,0.998857319355011,0.24145002166430155,0.10679981112480164,0.3094090223312378,0.032137962902197614,0.7042887369791667,-2.3033709714810056
604.5595243,199,7307,756.54,334,2445312,0.12877394,0.2,0.0003,1980,0.9997386932373047,0.13176247749167183,0.05303564295172691,0.3082674741744995,0.025042847890775495,0.6615966796875,-2.2553220878044766
645.9877208499998,200,7309,832.78,336,2457600,0.10680854,0.2,0.0003,1990,0.9994601011276245,0.11344713914828995,0.03558063879609108,0.3068045675754547,0.014327984215439453,0.6287272135416667,-2.190374870101611
666.38368072,201,7304,868.61,338,2469888,0.107885994,0.2,0.0003,2000,0.9994620680809021,0.13328363339727123,0.08860230445861816,0.3063512444496155,0.01299191674333997,0.6151936848958334,-2.1393868694702785
695.7305780999999,202,7299,909.93,340,2482176,0.075589694,0.2,0.0003,2010,0.9996843338012695,0.10609395977420112,0.05077587068080902,0.3059387803077698,0.0038689602217345962,0.5607177734375,-2.129283279677232
693.7564915800001,203,7300,935.72,341,2494464,0.09572043,0.2,0.0003,2020,0.9997981786727905,0.08811273085108648,0.06538952887058258,0.305068701505661,0.013498614537820686,0.5948811848958333,-2.0888102263212205
709.5583109800002,204,7300,962.19,343,2506752,0.08029329,0.2,0.0003,2030,0.999857485294342,0.05474912857559199,0.002483924850821495,0.30361440777778625,0.012455724022584037,0.56953125,-2.0374696587522823
694.4031663199999,205,7302,967.2,344,2519040,0.09748975,0.2,0.0003,2040,0.9990442991256714,0.11520767649635673,0.017591997981071472,0.3019688129425049,0.005703674603622252,0.5996012369791667,-1.9661746241152287
690.20542823,206,7305,981.02,346,2531328,0.08642906,0.2,0.0003,2050,0.9997873902320862,0.05707806114417811,0.02547798492014408,0.3004370927810669,0.015714157583230796,0.5883382161458334,-1.8851868157585463
718.6782685700001,207,7303,989.0,348,2543616,0.0888443,0.2,0.0003,2060,0.9998235106468201,0.0708757299076145,0.020168226212263107,0.29925116896629333,0.010033535794354976,0.5499837239583333,-1.82098104134202
731.9016736599999,208,7304,989.0,349,2555904,0.08805377,0.2,0.0003,2070,0.999871015548706,0.07486573467031121,0.059850335121154785,0.29813265800476074,0.01188426967758763,0.5881673177083333,-1.766719117263953
728.0097923100001,209,7307,978.18,351,2568192,0.11001883,0.2,0.0003,2080,0.9998648166656494,0.0806847075621287,0.03692302107810974,0.29745981097221375,0.013138212186458987,0.5837565104166667,-1.7185628898441792
723.8649665300001,210,7308,978.18,353,2580480,0.11641709,0.2,0.0003,2090,0.9994833469390869,0.10792060020224502,0.12869422137737274,0.2965277135372162,0.00987710069360522,0.6215494791666667,-1.6690320978562037
715.5625020400003,211,7307,969.7,354,2592768,0.10577684,0.2,0.0003,2100,0.9996062517166138,0.06964749974043419,0.00973757728934288,0.2950418293476105,0.021251575532126785,0.65068359375,-1.613153024762869
703.3672239099998,212,7303,964.22,356,2605056,0.13513903,0.2,0.0003,2110,0.9993466138839722,0.05046279835514724,0.05932888016104698,0.2959291636943817,0.024008010134760602,0.6630533854166667,-1.60872596402963
710.0849934400001,213,7306,955.79,358,2617344,0.13211083,0.2,0.0003,2120,0.9957050085067749,0.29189366252782445,0.10227886587381363,0.29605457186698914,0.009865882779316356,0.619384765625,-1.6144611398379007
673.1918229800001,214,7309,935.26,359,2629632,0.11037663,0.2,0.0003,2130,0.9996744990348816,0.06974968677774693,0.02370709925889969,0.29524585604667664,0.016194797742840213,0.6173095703125,-1.5841549622515838
655.38975937,215,7311,926.89,361,2641920,0.1852618,0.2,0.0003,2140,0.9968152046203613,0.129760044758829,0.0315721333026886,0.294389933347702,0.027334959432967782,0.7175699869791666,-1.5576791333655515
649.77911517,216,7313,926.89,362,2654208,0.063815035,0.2,0.0003,2150,0.9973230957984924,0.1722368971677497,0.010748324915766716,0.293395459651947,0.003760282266739523,0.5820638020833333,-1.5309682761629422
642.60079712,217,7313,937.71,364,2666496,0.11274758,0.2,0.0003,2160,0.9996843934059143,0.06625333219611397,0.07132498919963837,0.2937872111797333,0.025336599782167468,0.6219889322916666,-1.4926204862693946
637.3672640799999,218,7315,939.58,366,2678784,0.120259434,0.2,0.0003,2170,0.9992234706878662,0.13163806023076177,0.06673851609230042,0.29254385828971863,0.017265903258521575,0.6489339192708333,-1.4674668374160926
647.95362241,219,7317,922.48,367,2691072,0.07599491,0.2,0.0003,2180,0.9974522590637207,0.2340465030555303,0.03812406212091446,0.2913581132888794,0.0058872807479929175,0.6193684895833333,-1.4233949236571788
627.46312023,220,7317,881.77,369,2703360,0.1918811,0.2,0.0003,2190,0.9989812970161438,0.21591679845005274,0.06361611932516098,0.29118284583091736,0.02214049451771037,0.6868570963541667,-1.3912707368532817
613.87658375,221,7317,847.89,371,2715648,0.15112455,0.2,0.0003,2200,0.9969262480735779,0.8152509023124973,0.17898216843605042,0.29134294390678406,0.022487062897319752,0.6548258463541666,-1.3848215167721112
629.74863726,222,7319,852.31,372,2727936,0.118427,0.2,0.0003,2210,0.9981477856636047,1.0790096453080575,0.9658586978912354,0.2912132441997528,0.018015358287569446,0.6270426432291667,-1.3956775126357874
614.72161513,223,7322,852.31,374,2740224,0.123780705,0.2,0.0003,2220,0.9995507597923279,0.2342210324946791,0.08058913797140121,0.2905776798725128,0.023600774509638236,0.6379720052083333,-1.3735033325850963
607.6107875299999,224,7325,837.81,375,2752512,0.09908947,0.2,0.0003,2230,0.9994920492172241,0.09663592881212632,0.07580830156803131,0.29059889912605286,0.023980580949864817,0.6181640625,-1.3530518606305122
624.15112399,225,7327,843.09,377,2764800,0.11109934,0.2,0.0003,2240,0.9993667602539062,0.19237212856921057,0.04903216287493706,0.2902895510196686,0.018660272919320656,0.6276285807291667,-1.3527635412911574
619.65377778,226,7329,839.28,378,2777088,0.097564876,0.2,0.0003,2250,0.999705970287323,0.06796436409155528,0.022579722106456757,0.2895357310771942,0.021259601534014412,0.5932291666666667,-1.3116783710817497
611.06181116,227,7332,854.81,380,2789376,0.16383518,0.2,0.0003,2260,0.9993743896484375,0.13823177026739966,0.07548025250434875,0.2885478436946869,0.019792411169813326,0.6254557291666667,-1.2769015644987425
621.0648033199999,228,7334,860.77,381,2801664,0.27745506,0.2,0.0003,2270,0.9969269633293152,0.5254702730725209,0.13296614587306976,0.289127916097641,0.013158794048649725,0.643212890625,-1.2666091846923033
606.6514581,229,7337,847.39,383,2813952,0.12458906,0.2,0.0003,2280,0.998134970664978,0.27387940358991425,0.1448805183172226,0.28875982761383057,0.020635696727549658,0.6644775390625,-1.2720079973340035
544.5276837,230,7338,758.74,385,2826240,0.14639796,0.2,0.0003,2290,0.997869074344635,0.3829117283069839,0.12079676985740662,0.2891193926334381,0.015942696501588215,0.6669840494791667,-1.2842452449103197
517.60467267,231,7340,744.1,386,2838528,0.17933232,0.2,0.0003,2300,0.9966913461685181,0.6400741320724289,0.32536205649375916,0.2891390323638916,0.03117490224734259,0.6690999348958333,-1.2740371781090896
546.44048724,232,7341,754.54,388,2850816,0.123757005,0.2,0.0003,2310,0.9984228610992432,0.47075161055351294,0.1171317845582962,0.29003867506980896,0.016265404079846727,0.6297607421875,-1.3094292568663757
577.4987764699999,233,7342,772.53,389,2863104,0.14003919,0.2,0.0003,2320,0.9981977939605713,1.2072507068514824,0.34828701615333557,0.2896278202533722,0.015278131729670956,0.6370930989583333,-1.2995341882109641
607.712195,234,7342,806.62,391,2875392,0.13538958,0.2,0.0003,2330,0.9994876384735107,0.09727722698201736,0.03732831031084061,0.28940925002098083,0.03284707979813296,0.6756754557291667,-1.2931532979011535
626.2724771000001,235,7344,813.21,393,2887680,0.08630919,0.2,0.0003,2340,0.9917110204696655,2.3464853819459677,0.3562504053115845,0.2890920341014862,-0.002374442187040889,0.5831705729166666,-1.271563105781873
648.9815310899999,236,7346,831.68,394,2899968,0.12972511,0.2,0.0003,2350,0.9959844946861267,1.6536754235004385,1.281996488571167,0.2885882556438446,0.015733075218061762,0.6571207682291667,-1.2454952716827392
689.44956309,237,7347,880.2,396,2912256,0.15696104,0.2,0.0003,2360,0.9964343309402466,1.2774086597375571,1.2709559202194214,0.28733885288238525,0.011158651824613723,0.6925699869791667,-1.2064470902085305
725.2023159899999,238,7350,916.66,397,2924544,0.16057709,0.2,0.0003,2370,0.9957036375999451,1.26470346134156,1.7424408197402954,0.28759825229644775,0.03330040203776055,0.75302734375,-1.219397242863973
726.7697413399999,239,7352,921.83,399,2936832,0.14160839,0.2,0.0003,2380,0.9991669654846191,0.12668083760266502,0.024585332721471786,0.28772249817848206,0.02912579778834091,0.6674153645833333,-1.2410266088942687
713.5262012699998,240,7352,934.44,401,2949120,0.13451083,0.2,0.0003,2390,0.9990171194076538,0.07330310188699514,0.022816602140665054,0.28771331906318665,0.02832210970664164,0.6837972005208334,-1.2270541295409203
703.94536754,241,7354,930.8,402,2961408,0.13403554,0.2,0.0003,2400,0.9981354475021362,0.1295360489282757,0.018060004338622093,0.28717756271362305,0.025797346135126038,0.686181640625,-1.217346170047919
684.6882564000001,242,7357,942.55,404,2973696,0.20988409,0.2,0.0003,2410,0.9972899556159973,0.21834790266584606,0.03072339855134487,0.28879138827323914,0.026358036639673326,0.7221028645833333,-1.2279865443706512
670.9782650800001,243,7359,947.11,405,2985984,0.13979302,0.2,0.0003,2420,0.9992988109588623,0.1911075202204908,0.03035196103155613,0.2895759046077728,0.018072185403677093,0.6746988932291667,-1.2729681139190991
633.41739372,244,7362,929.29,407,2998272,0.119511075,0.2,0.0003,2430,0.9995355606079102,0.06034104860931014,0.029766354709863663,0.28968358039855957,0.018291369612173487,0.6117268880208333,-1.2904727809131145
615.26802617,245,7364,918.43,408,3010560,0.15645832,0.2,0.0003,2440,0.9970707297325134,0.40916424952447417,0.04923956096172333,0.2896817922592163,0.01872018630092498,0.6582763671875,-1.2676581720511118
619.25582014,246,7366,919.32,410,3022848,0.16061369,0.2,0.0003,2450,0.996359646320343,0.915944985114038,0.1611427515745163,0.2899416387081146,0.013628267389140091,0.6434163411458333,-1.28783589626352
646.9013151300002,247,7368,919.32,411,3035136,0.1433204,0.2,0.0003,2460,0.9986322522163391,0.6276694808155299,0.10079089552164078,0.28838929533958435,0.022534355768342115,0.6599934895833334,-1.2349519511063893
649.1800553200001,248,7370,922.49,413,3047424,0.118340634,0.2,0.0003,2470,0.999398410320282,0.1472640639403835,0.04061190038919449,0.2879990339279175,0.02815976963174762,0.6448974609375,-1.198060907671849
648.63322123,249,7372,896.81,415,3059712,0.17072578,0.2,0.0003,2480,0.9965377449989319,0.3214273899793625,0.19819097220897675,0.2877559959888458,0.019988629272362838,0.6758138020833333,-1.1921574125687282
660.5432651199999,250,7374,906.9,416,3072000,0.20724988,0.2,0.0003,2490,0.9855688810348511,3.591799977654591,0.18367545306682587,0.28673431277275085,0.013879111707016516,0.6565266927083333,-1.1648404583334924
685.76586425,251,7376,911.51,418,3084288,0.12539978,0.2,0.0003,2500,0.9993236064910889,0.13683519000187516,0.05444541573524475,0.2848481237888336,0.02104965835363449,0.6201822916666667,-1.1026619921127956
703.2007315699999,252,7378,932.99,419,3096576,0.10731176,0.2,0.0003,2510,0.9996820688247681,0.06041165790132557,0.02861372008919716,0.28537213802337646,0.021256460731092375,0.6124837239583333,-1.0797421668966611
686.15626746,253,7379,908.05,421,3108864,0.13781276,0.2,0.0003,2520,0.9969627261161804,0.4351449038522939,0.13374510407447815,0.28498759865760803,0.02023490851279348,0.6554931640625,-1.0888779816528162
666.5577188899999,254,7381,897.42,422,3121152,0.16690178,0.2,0.0003,2530,0.9969038367271423,0.9405086106310289,0.14787808060646057,0.2848835289478302,0.02302994079752049,0.6770100911458333,-1.0758817392090956
681.18993965,255,7383,905.48,424,3133440,0.11593723,0.2,0.0003,2540,0.9986942410469055,0.28036500758801897,0.1294485628604889,0.28316816687583923,0.020791295660941008,0.6189860026041667,-1.0343396596610546
698.1013631500001,256,7385,925.3,425,3145728,0.089747764,0.2,0.0003,2550,0.9995291233062744,0.06732714547154804,0.031079750508069992,0.28370746970176697,0.024404116822309637,0.6045247395833333,-1.0096837853391964
711.33196529,257,7387,923.81,427,3158016,0.094433405,0.2,0.0003,2560,0.9957858920097351,0.4176524638120706,0.05120934173464775,0.2823556363582611,0.013069087895564735,0.6116129557291666,-0.9807307365039984
684.2557992399999,258,7388,903.65,429,3170304,0.10757345,0.2,0.0003,2570,0.9976480603218079,0.7215628637932241,0.10222961008548737,0.2826807200908661,0.0200872268845463,0.6369222005208334,-0.9542951174080372
685.6003662400002,259,7389,885.25,430,3182592,0.11713097,0.2,0.0003,2580,0.9769431352615356,6.842462489319344,1.2395250797271729,0.28255870938301086,0.0057349527991997695,0.6302164713541667,-0.9649740214149157
660.64499828,260,7391,887.51,432,3194880,0.1953861,0.2,0.0003,2590,0.966745138168335,7.172540510321657,0.25989049673080444,0.28301671147346497,0.01573518377020567,0.6594645182291666,-0.9731052804738283
669.9503732400001,261,7392,882.22,433,3207168,0.13839538,0.2,0.0003,2600,0.9788960814476013,10.192473214430114,7.1409687995910645,0.28287747502326965,0.015503782262385357,0.6375813802083333,-0.9895974485824506
616.49332074,262,7391,822.62,435,3219456,0.19543184,0.2,0.0003,2610,0.9936655759811401,1.6071109822019936,0.5732874870300293,0.2834416627883911,0.04228178688887662,0.72568359375,-1.0043074832608303
570.3409730899999,263,7388,762.36,437,3231744,0.17455803,0.2,0.0003,2620,0.9962664842605591,1.9429236923654873,0.733184278011322,0.2839599847793579,0.025815704171933854,0.6944254557291667,-0.9987001467496157
536.24257255,264,7388,722.45,439,3244032,0.14949962,0.2,0.0003,2630,0.992424726486206,3.114274508257707,1.5337775945663452,0.2835913896560669,0.02119933288777247,0.6773030598958333,-1.0094988125065962
564.78739881,265,7389,733.09,440,3256320,0.14477484,0.2,0.0003,2640,0.9862900376319885,7.164750667909781,1.718511939048767,0.28354862332344055,0.009138226770301117,0.6285319010416667,-1.0101251060763994
582.32725736,266,7387,743.68,442,3268608,0.1678725,0.2,0.0003,2650,0.9978457093238831,0.2339807625859976,0.05768846720457077,0.28509026765823364,0.04649347677138091,0.7161051432291666,-1.065799118578434
598.98566511,267,7385,771.21,444,3280896,0.18124354,0.2,0.0003,2660,0.9927955865859985,1.1745470377927025,0.11724729835987091,0.2845248878002167,0.022367840848164632,0.6681315104166666,-1.0777356569965681
595.34824896,268,7386,779.03,445,3293184,0.14494544,0.2,0.0003,2670,0.9923543334007263,0.9947600102362534,0.27872970700263977,0.28412550687789917,0.006897987260163063,0.6367268880208333,-1.0744294899205367
624.1572792200001,269,7387,812.8,447,3305472,0.115497135,0.2,0.0003,2680,0.9979457855224609,0.42064806474372746,0.0970870703458786,0.2832789421081543,0.0226732702634763,0.6809000651041667,-1.045515313744545
650.86555044,270,7386,864.42,449,3317760,0.1762994,0.2,0.0003,2690,0.9951936602592468,0.6114192087513705,0.12944486737251282,0.28241562843322754,0.020111825827916617,0.7030517578125,-1.0226046248028675
665.6533400499998,271,7387,873.44,450,3330048,0.14052919,0.2,0.0003,2700,0.9988874793052673,0.1212586167268455,0.06233275309205055,0.28104570508003235,0.019622086237359327,0.6507405598958333,-0.9786901685098807
666.4878839600001,272,7389,898.03,452,3342336,0.104272,0.2,0.0003,2710,0.9922303557395935,1.8598611259832978,0.5397835373878479,0.2804011106491089,0.011650574514351319,0.5979899088541667,-0.9318872937311728
657.8870450000001,273,7390,886.15,453,3354624,0.1298105,0.2,0.0003,2720,0.9976014494895935,0.5677918469998986,0.17085722088813782,0.28041720390319824,0.025571910310100067,0.6562174479166667,-0.9317212700843811
643.31599398,274,7392,888.06,455,3366912,0.15682572,0.2,0.0003,2730,0.9987868666648865,0.20718990600047013,0.09504121541976929,0.28103509545326233,0.028389662683669787,0.6894856770833333,-0.9450888507068157
617.3717378,275,7393,872.29,457,3379200,0.09689436,0.2,0.0003,2740,0.99472975730896,0.7137755150596301,0.1923055201768875,0.28252264857292175,0.02377485451482547,0.6766031901041667,-0.9891649886965752
613.2700522700001,276,7395,871.72,458,3391488,0.15716185,0.2,0.0003,2750,0.9962961673736572,1.8050198066358765,1.2983745336532593,0.28204795718193054,0.011190471020624197,0.640625,-0.9963519571969907
642.8102677400001,277,7396,883.07,460,3403776,0.12527889,0.2,0.0003,2760,0.9934033155441284,1.825958412947754,0.19579142332077026,0.28049197793006897,0.012322879539957891,0.6299397786458333,-0.9530326732744773
631.7051753899999,278,7398,891.34,461,3416064,0.13550957,0.2,0.0003,2770,0.9991328120231628,0.17288578308653085,0.060531456023454666,0.2792424261569977,0.03126995348138735,0.67421875,-0.9100464223573606
622.27117411,279,7400,896.47,463,3428352,0.16364947,0.2,0.0003,2780,0.9987336993217468,0.15248137450156113,0.09753308445215225,0.2775551974773407,0.023492300275635595,0.6585042317708333,-0.8344105438639721
639.8724671299999,280,7402,901.23,464,3440640,0.06963855,0.2,0.0003,2790,0.9930093288421631,0.9592427703241507,0.18715640902519226,0.27759218215942383,0.012609428889603199,0.595458984375,-0.8063534068564574
639.93782389,281,7404,918.22,466,3452928,0.0963581,0.2,0.0003,2800,0.9964779615402222,0.2890844971872866,0.125046968460083,0.2774488627910614,0.016444672821914235,0.6101969401041667,-0.8023670128236214
645.1080996699999,282,7406,930.29,467,3465216,0.085853755,0.2,0.0003,2810,0.9995759129524231,0.048815856051320834,0.039398908615112305,0.27659544348716736,0.026041011962418755,0.587890625,-0.7668225176632404
676.3356110999999,283,7407,950.31,469,3477504,0.0854975,0.2,0.0003,2820,0.9991449117660522,0.11768483855606367,0.04583859071135521,0.2764199674129486,0.01777795015659649,0.589794921875,-0.7430987175554037
684.4374183499999,284,7409,949.34,470,3489792,0.08930089,0.2,0.0003,2830,0.9985132813453674,0.1375858408321316,0.044999994337558746,0.27674511075019836,0.009667979352040371,0.5706787109375,-0.7535580369333427
716.0616343500002,285,7411,949.34,472,3502080,0.117930986,0.2,0.0003,2840,0.9984011054039001,0.5373698238593837,0.3319697976112366,0.27631327509880066,0.010537165593511115,0.5922281901041667,-0.7435111631949742
737.4325820500002,286,7412,955.5,474,3514368,0.07559879,0.2,0.0003,2850,0.999515950679779,0.2204832520413523,0.09457170218229294,0.27569952607154846,0.01586031558205529,0.5626708984375,-0.7041855818281572
781.07183227,287,7414,984.06,475,3526656,0.079798765,0.2,0.0003,2860,0.999777615070343,0.052873966295737776,0.028946246951818466,0.27588626742362976,0.01712712114628327,0.5566080729166667,-0.7012335486710072
772.86553466,288,7416,987.84,477,3538944,0.13529699,0.2,0.0003,2870,0.9986872673034668,0.3637993514382591,0.11827947944402695,0.27700135111808777,0.011833949373006665,0.5862630208333334,-0.7220342213908831
764.00942612,289,7418,970.92,478,3551232,0.11261163,0.2,0.0003,2880,0.9988317489624023,0.10289877391187474,0.03672017902135849,0.27662327885627747,0.031143189958917596,0.6447835286458333,-0.730656327183048
744.60233924,290,7420,959.65,480,3563520,0.1932857,0.2,0.0003,2890,0.9972575902938843,0.17344373823919643,0.12857262790203094,0.27635622024536133,0.028683574179497857,0.675341796875,-0.7078099229683479
716.64069099,291,7422,953.5,481,3575808,0.10701865,0.2,0.0003,2900,0.9969324469566345,0.37026837702530124,0.09621433168649673,0.27559372782707214,0.00498965414299164,0.6136881510416666,-0.6584562399735053
723.24227517,292,7424,964.6,483,3588096,0.109758936,0.2,0.0003,2910,0.9976291060447693,0.2835283564015602,0.03299831226468086,0.273895263671875,0.005751241561908197,0.6196207682291667,-0.6019123502075672
689.9522148300001,293,7426,962.81,484,3600384,0.11104998,0.2,0.0003,2920,0.9997868537902832,0.06345563482027501,0.04272150993347168,0.2738390266895294,0.0226834003435215,0.6218587239583333,-0.5511608344813188
691.3184471999999,294,7427,962.81,486,3612672,0.10454982,0.2,0.0003,2930,0.9987541437149048,0.3220279932487756,0.07133195549249649,0.2743227481842041,0.02256583275011508,0.6242513020833333,-0.5509441698590914
661.85811823,295,7429,960.96,487,3624960,0.11044242,0.2,0.0003,2940,0.999752402305603,0.04366472418187186,0.029570696875452995,0.2730940282344818,0.02234592874350104,0.6051839192708334,-0.5191636883343259
695.6854999799999,296,7431,963.03,489,3637248,0.0965434,0.2,0.0003,2950,0.9976090788841248,0.42016097201655306,0.16503359377384186,0.27306973934173584,0.006664273048227187,0.5787760416666666,-0.49425395069022976
694.2051502300002,297,7433,968.47,490,3649536,0.12030459,0.2,0.0003,2960,0.9984759092330933,0.19545109583220135,0.03549676388502121,0.2731938064098358,0.012286426094942727,0.6332194010416666,-0.4844785149519642
713.32606367,298,7435,976.7,492,3661824,0.13794333,0.2,0.0003,2970,0.9979379773139954,0.3074359917702774,0.09262823313474655,0.2742389440536499,0.019661232139818217,0.6449381510416666,-0.5233825197443366
732.55081327,299,7436,982.85,494,3674112,0.14055286,0.2,0.0003,2980,0.9988229870796204,0.31096680187620224,0.15584738552570343,0.27392342686653137,0.024923523283117296,0.67177734375,-0.5296346643318732
720.1616920700002,300,7438,964.94,495,3686400,0.102738954,0.2,0.0003,2990,0.9991934895515442,0.2979248759181549,0.0821508839726448,0.273863285779953,0.014872264813554163,0.6404134114583333,-0.5291024425377449
718.9860301700002,301,7440,952.35,497,3698688,0.16421334,0.2,0.0003,3000,0.9977983236312866,0.5516853772724668,0.0893605649471283,0.2728012800216675,0.00513055436022114,0.6252115885416667,-0.5259777121866743
689.9932800600001,302,7442,926.0,498,3710976,0.1857034,0.2,0.0003,3010,0.9972019195556641,0.22215508038643747,0.09430234134197235,0.2729800045490265,0.019548034600059813,0.6892822265625,-0.49083622644344965
649.97320474,303,7444,901.08,500,3723264,0.19124241,0.2,0.0003,3020,0.9978407025337219,0.30503515688081584,0.1486493945121765,0.2729721963405609,0.03451913352134094,0.7275309244791667,-0.4851146681234241
634.7266769799999,304,7445,866.81,501,3735552,0.24830745,0.2,0.0003,3030,0.9969491362571716,0.21573946262554575,0.04166755452752113,0.272781103849411,0.023687270751300577,0.7324137369791667,-0.5050953927760323
628.98293267,305,7446,842.9,503,3747840,0.17684276,0.2,0.0003,3040,0.9937491416931152,1.1556771226848166,0.46821504831314087,0.2726342976093292,0.0133858057767308,0.6186848958333333,-0.479116538229088
592.59540303,306,7448,803.22,504,3760128,0.10393106,0.2,0.0003,3050,0.9985734224319458,0.5516660297599931,0.2047533243894577,0.2725874185562134,0.017884686507992836,0.6124430338541667,-0.4795872961481412
577.30286365,307,7450,796.67,506,3772416,0.1301471,0.2,0.0003,3060,0.9967487454414368,1.1494874939943354,0.33352649211883545,0.272353857755661,0.020239128231575403,0.6374837239583333,-0.4764955108364423
586.4056463100001,308,7452,807.86,507,3784704,0.11205559,0.2,0.0003,3070,0.9907952547073364,1.8208999968444308,0.6526975631713867,0.27130594849586487,0.00495514582968705,0.595703125,-0.45884144231677054
614.02526751,309,7453,833.39,509,3796992,0.10152492,0.2,0.0003,3080,0.9944592118263245,0.36979414067852,0.12704554200172424,0.271268367767334,0.02541998210848154,0.6392740885416667,-0.4300044990455111
612.8411977200001,310,7455,830.43,510,3809280,0.1345249,0.2,0.0003,3090,0.9985609650611877,0.29231246155686674,0.11611603200435638,0.27148792147636414,0.01610598746386434,0.5819661458333333,-0.43605597751835984
621.9502458600001,311,7456,856.88,512,3821568,0.11595795,0.2,0.0003,3100,0.9935281872749329,0.5566624455464383,0.15137538313865662,0.2719977796077728,0.016162032949311348,0.6775634765625,-0.4531629822527369
617.7513663499999,312,7458,868.95,514,3833856,0.18380986,0.2,0.0003,3110,0.990547776222229,2.124011096917093,0.22675302624702454,0.27087271213531494,0.01990891209958742,0.6831868489583334,-0.44241845918198425
634.61263452,313,7460,889.49,515,3846144,0.16348332,0.2,0.0003,3120,0.9948632717132568,2.1919810152612627,0.7490809559822083,0.2708272337913513,0.022186674188560573,0.695361328125,-0.42388113439083097
646.8284028400001,314,7462,914.58,517,3858432,0.26763833,0.2,0.0003,3130,0.9968922734260559,0.8121094816364348,0.11422953754663467,0.27126893401145935,0.02652684977753476,0.6918863932291667,-0.4324896411349376
660.1878569800001,315,7463,926.11,518,3870720,0.15609692,0.2,0.0003,3140,0.9961851239204407,0.5964715153289338,0.04812793806195259,0.2710837423801422,0.016520405119808856,0.6693277994791667,-0.4232446794087688
657.41588613,316,7465,904.16,520,3883008,0.1393209,0.2,0.0003,3150,0.999323308467865,0.21231676425474386,0.08595661073923111,0.2696973383426666,0.021210328171340127,0.6629231770833334,-0.3635017907867829
674.08192388,317,7467,902.72,521,3895296,0.17279859,0.2,0.0003,3160,0.9962032437324524,0.6010994699162742,0.28115585446357727,0.27006644010543823,0.009684577812731732,0.6600016276041667,-0.3746019542217255
700.1623112899999,318,7468,922.48,523,3907584,0.14122584,0.2,0.0003,3170,0.9980860948562622,0.7296511069871485,0.10053788870573044,0.2699710428714752,0.009264071821962715,0.6161458333333333,-0.36712219392259915
731.0838622,319,7470,931.92,524,3919872,0.119548656,0.2,0.0003,3180,0.9983707070350647,0.31129164663143455,0.11359602957963943,0.26828619837760925,0.013813676830128923,0.6557454427083333,-0.3292478398109476
721.73316174,320,7472,931.92,526,3932160,0.14360605,0.2,0.0003,3190,0.9988866448402405,0.38342929862750075,0.10090846568346024,0.2693651616573334,0.01646388262452092,0.6457275390625,-0.321987101684014
731.88323209,321,7473,941.46,527,3944448,0.09976543,0.2,0.0003,3200,0.9997598528862,0.06528077858577792,0.004191761836409569,0.2680492401123047,0.029748766497747662,0.649267578125,-0.2938810567681988
742.4080934699999,322,7475,931.98,529,3956736,0.10378835,0.2,0.0003,3210,0.9998806715011597,0.0524211664373676,0.016461972147226334,0.26793667674064636,0.027943052837508732,0.5922200520833333,-0.27711269992093246
739.1836457400001,323,7476,931.43,530,3969024,0.16430764,0.2,0.0003,3220,0.9978284239768982,0.1724703757247577,0.03441130369901657,0.2679384648799896,0.008083349285880104,0.6323974609375,-0.2707079919055104
761.6471366400001,324,7478,943.77,532,3981312,0.114877395,0.2,0.0003,3230,0.9991639256477356,0.2266143126646057,0.13590438663959503,0.26766327023506165,0.013371396595418143,0.6275146484375,-0.26458517325421177
751.3642627599999,325,7480,955.42,533,3993600,0.08638943,0.2,0.0003,3240,0.9988697171211243,0.5823138778718809,0.22689034044742584,0.26692092418670654,0.010114912567466187,0.5765462239583333,-0.22571548729514082
766.7955532799999,326,7481,951.48,535,4005888,0.10892495,0.2,0.0003,3250,0.9993546009063721,0.3214574309065938,0.3038786053657532,0.26467445492744446,0.020723046876325195,0.6076171875,-0.15292274358992775
725.2262472499999,327,7483,941.84,536,4018176,0.15941143,0.2,0.0003,3260,0.9994603991508484,0.0844281666194244,0.17050057649612427,0.26395872235298157,0.02418295827374095,0.6728597005208333,-0.08054358024771015
657.22660597,328,7484,846.38,538,4030464,0.16578032,0.2,0.0003,3270,0.9970210194587708,0.5598280990961939,0.2708505392074585,0.26370301842689514,0.027048264986660797,0.686083984375,-0.05645641125738621
592.79319316,329,7486,784.49,540,4042752,0.08970968,0.2,0.0003,3280,0.9969806671142578,1.147264076769352,0.46231386065483093,0.26308581233024597,0.015347904345738546,0.56337890625,-0.03068798507253329
577.3737685699999,330,7487,777.02,541,4055040,0.11919868,0.2,0.0003,3290,0.9945645332336426,1.2624434466163317,0.7836570739746094,0.26183223724365234,0.012639317712940586,0.5851236979166666,0.0004815784593423208
552.95779458,331,7489,777.45,543,4067328,0.10932193,0.2,0.0003,3300,0.998014509677887,0.23247633986951163,0.05613331496715546,0.26117417216300964,0.026801167412971456,0.6301025390625,0.026280537620186804
530.75348377,332,7491,785.2,544,4079616,0.0832293,0.2,0.0003,3310,0.9994732737541199,0.06432060741741831,0.04838371276855469,0.25958704948425293,0.02609593475863221,0.5977294921875,0.08226765949899952
553.4084657299999,333,7492,791.72,546,4091904,0.061200578,0.2,0.0003,3320,0.9998354315757751,0.039478383228803676,0.03275153040885925,0.25971463322639465,0.020857698930194603,0.5211588541666666,0.1041367348904411
603.1740315500001,334,7494,834.23,547,4104192,0.115613185,0.2,0.0003,3330,0.999370276927948,0.11268159543784956,0.11475609242916107,0.25988003611564636,0.022682021836226342,0.5954264322916667,0.11840839957197508
660.66209145,335,7496,894.83,549,4116480,0.07221653,0.2,0.0003,3340,0.9988206028938293,0.1751864794564123,0.04426843672990799,0.25935572385787964,0.011806719235513205,0.5739664713541667,0.1354827677210172
682.2339605699998,336,7497,927.17,550,4128768,0.11370706,0.2,0.0003,3350,0.9987533688545227,0.21840203124253701,0.12308190762996674,0.25935980677604675,0.009327741176093696,0.5728515625,0.16186769555012384
743.8767497000001,337,7499,972.56,552,4141056,0.19254132,0.2,0.0003,3360,0.9997106194496155,0.07138642506906763,0.03185856714844704,0.2573451101779938,0.023645812711523224,0.6464029947916666,0.21533621891091267
760.33046412,338,7500,984.54,553,4153344,0.07089294,0.2,0.0003,3370,0.9995352625846863,0.1053056155020992,0.023412026464939117,0.2572602331638336,0.020032213492474207,0.5119222005208334,0.2695517402142286
763.4392230499999,339,7502,976.78,555,4165632,0.09176254,0.2,0.0003,3380,0.9998663663864136,0.056352869141846895,0.0034421365708112717,0.25571104884147644,0.024745323341145802,0.5544189453125,0.33758195309589306
780.07499997,340,7503,956.0,556,4177920,0.09677597,0.2,0.0003,3390,0.9995782375335693,0.06199717578710988,0.01366326492279768,0.2549653947353363,0.015276705263143715,0.5959391276041667,0.37858745399862526
774.75992062,341,7505,947.5,558,4190208,0.12258268,0.2,0.0003,3400,0.9990795850753784,0.20474935291955867,0.08158297836780548,0.2552822232246399,0.021005073704388148,0.6395263671875,0.39284400194883345
741.2553953699999,342,7506,911.29,559,4202496,0.13569964,0.2,0.0003,3410,0.9988558888435364,0.14276299936076006,0.045777663588523865,0.2551870346069336,0.01730687927629333,0.6670735677083334,0.3946648541217049
714.0276272,343,7508,894.24,561,4214784,0.16006978,0.2,0.0003,3420,0.998444139957428,0.3291847764669607,0.18862603604793549,0.25671640038490295,0.03249174022251585,0.654345703125,0.35659324172884227
679.15088551,344,7509,875.35,562,4227072,0.13607053,0.2,0.0003,3430,0.996254026889801,1.2802928970505794,0.2628578245639801,0.2562747895717621,0.013933815479200954,0.6299560546875,0.32388036729147035
647.18457202,345,7511,875.35,564,4239360,0.14484425,0.2,0.0003,3440,0.9982576370239258,0.35308158906797565,0.1270504891872406,0.2553766369819641,0.023914708933443763,0.65849609375,0.36568639278411863
644.19017174,346,7512,850.78,565,4251648,0.1284421,0.2,0.0003,3450,0.9997013211250305,0.05146124352080127,0.049468062818050385,0.2551557719707489,0.029044058731718298,0.6184733072916667,0.38893871729572616
632.3755053600001,347,7513,866.95,567,4263936,0.08798892,0.2,0.0003,3460,0.9982923269271851,0.6098266343275706,0.2517814338207245,0.25531676411628723,0.015651295624653963,0.5953938802083333,0.3978318452214201
642.9667948299999,348,7514,875.45,569,4276224,0.13705567,0.2,0.0003,3470,0.9995823502540588,0.11164163049931328,0.021371372044086456,0.25460827350616455,0.0219162042553459,0.6268147786458333,0.4341418070718646
664.5307891900001,349,7516,901.7,570,4288512,0.10521996,0.2,0.0003,3480,0.999731183052063,0.059755042602773756,0.059950023889541626,0.2553190290927887,0.026545177033403887,0.6086507161458333,0.44682706507543724
677.89690079,350,7517,929.51,572,4300800,0.07687911,0.2,0.0003,3490,0.999920129776001,0.024574864946771413,0.006237475201487541,0.2550570070743561,0.016687246023502668,0.5559977213541667,0.4573513345172008
674.9760931,351,7519,900.67,573,4313088,0.07532243,0.2,0.0003,3500,0.999763548374176,0.05116427562121923,0.025912251323461533,0.25390341877937317,0.019129607473344853,0.5210856119791667,0.5026101420323054
661.16656075,352,7520,873.21,575,4325376,0.1122444,0.2,0.0003,3510,0.9970223307609558,0.5865294540921847,0.25647515058517456,0.25341275334358215,0.016566389605577568,0.5642008463541667,0.5329647205770016
665.2850731699999,353,7522,873.44,576,4337664,0.12674384,0.2,0.0003,3520,0.9983683228492737,0.4036573543523749,0.136257141828537,0.2534931004047394,0.02519234383556371,0.6580973307291667,0.5445044852793217
654.3807990600001,354,7523,876.86,578,4349952,0.14652342,0.2,0.0003,3530,0.9982306957244873,0.5694686968810856,0.3386867046356201,0.2534920573234558,0.021029150883744782,0.6391276041666667,0.5495225795855124
656.9081802800001,355,7523,881.47,579,4362240,0.0875811,0.2,0.0003,3540,0.9995917081832886,0.16412552349890272,0.04745568335056305,0.2525927424430847,0.021399504025369727,0.5904703776041667,0.5792913809418678
644.9394870500001,356,7524,878.99,581,4374528,0.09026607,0.2,0.0003,3550,0.9994774460792542,0.0733986905174485,0.023432862013578415,0.25192275643348694,0.02447754340028041,0.5983642578125,0.6297385615607103
649.2050125799999,357,7525,864.33,582,4386816,0.1715609,0.2,0.0003,3560,0.9994534254074097,0.08673441339439401,0.04831170290708542,0.2509676218032837,0.04163930242163284,0.7031494140625,0.6880419911195834
671.2580669,358,7527,888.63,584,4399104,0.112252,0.2,0.0003,3570,0.9983702898025513,0.9379278529745837,0.6211080551147461,0.25114256143569946,0.015056472947859827,0.5925537109375,0.7084466982632875
709.1120361500001,359,7528,930.78,585,4411392,0.10399958,0.2,0.0003,3580,0.9998603463172913,0.039280301737987126,0.044514864683151245,0.24995601177215576,0.0192373069236055,0.5690673828125,0.7657182938108842
731.0223694299999,360,7529,949.71,587,4423680,0.081208594,0.2,0.0003,3590,0.9999625086784363,0.02835127473808825,0.04175136983394623,0.24954982101917267,0.022114373159517222,0.5503662109375,0.8102442923933267
752.82857549,361,7531,966.7,589,4435968,0.065973796,0.2,0.0003,3600,0.9998876452445984,0.06163492051418871,0.002306021749973297,0.24933350086212158,0.015716228301850304,0.5442301432291666,0.8256664199133714
726.79880955,362,7532,947.11,590,4448256,0.11142097,0.2,0.0003,3610,0.9993404746055603,0.12568846886667112,0.04625968262553215,0.24852079153060913,0.011464960640781403,0.626318359375,0.8621923218170802
704.08132322,363,7534,942.81,592,4460544,0.21555008,0.2,0.0003,3620,0.9986721277236938,0.16416302915507305,0.08966011554002762,0.2488066405057907,0.028113225384731776,0.7191975911458334,0.8533626147856315
731.51412466,364,7535,945.32,593,4472832,0.10316125,0.2,0.0003,3630,0.9990140795707703,0.13352505723790575,0.013052072376012802,0.24789373576641083,0.01088540792746547,0.6182698567708333,0.8720505063732465
725.0703577,365,7536,952.61,595,4485120,0.12284418,0.2,0.0003,3640,0.9988743662834167,0.23055099394793313,0.05440252274274826,0.24807097017765045,0.014197144161153119,0.5850341796875,0.9075570839146773
706.03733524,366,7537,952.61,596,4497408,0.19222917,0.2,0.0003,3650,0.9978954792022705,0.34142669300393513,0.07410755753517151,0.24842996895313263,0.01391881986298055,0.6575520833333334,0.910827831675609
623.0086821400001,367,7539,846.09,598,4509696,0.1153085,0.2,0.0003,3660,0.9998527765274048,0.07411652576799194,0.04798511043190956,0.2480441778898239,0.031171049824236737,0.6429280598958333,0.9371677172680696
620.5137273199999,368,7540,820.86,599,4521984,0.0685346,0.2,0.0003,3670,0.9838897585868835,8.16713950249056,1.1968587636947632,0.24760909378528595,0.0017699751357819575,0.46356608072916666,0.9507667345305284
646.85926501,369,7541,837.1,601,4534272,0.12430864,0.2,0.0003,3680,0.9988123774528503,0.7088748788461089,0.41392645239830017,0.24674534797668457,0.02158433668373618,0.6211995442708333,0.9819635080794493
659.4133107600001,370,7542,842.96,602,4546560,0.1224556,0.2,0.0003,3690,0.9995490908622742,0.2745485864036406,0.24403178691864014,0.2462872862815857,0.029310969466071885,0.637109375,1.0151425058643022
652.63138001,371,7544,852.69,604,4558848,0.10313799,0.2,0.0003,3700,0.9989671111106873,0.202737559331581,0.08511360734701157,0.24673478305339813,0.027500557005502437,0.62607421875,1.0165156364440917
680.9687896099998,372,7545,855.8,605,4571136,0.07399008,0.2,0.0003,3710,0.9995406866073608,0.18950658376949528,0.10594846308231354,0.24671362340450287,0.02132022042836373,0.581884765625,1.00414949854215
696.03947863,373,7546,858.0,607,4583424,0.08837067,0.2,0.0003,3720,0.9995766282081604,0.13605540905458233,0.0816342830657959,0.2463967353105545,0.02334000317787286,0.5700276692708334,1.0141971019407114
699.2422669,374,7547,895.24,608,4595712,0.063383125,0.2,0.0003,3730,0.9998043179512024,0.021916323384114852,0.03854525089263916,0.2463538646697998,0.021220359953197963,0.5196695963541667,1.0355764451126257
772.2510802700001,375,7549,962.32,610,4608000,0.070081405,0.2,0.0003,3740,0.9998947978019714,0.03857046450527075,-0.004149638582020998,0.24555234611034393,0.022842862842177663,0.5424641927083333,1.0681174591183662
785.48153194,376,7550,997.92,611,4620288,0.07812291,0.2,0.0003,3750,0.9994699954986572,0.18243456369188304,0.07611729949712753,0.24524986743927002,0.01572585008155632,0.5484537760416667,1.1033190086483955
767.6896865799998,377,7551,999.4,613,4632576,0.115714096,0.2,0.0003,3760,0.9998639822006226,0.062994909005162,0.044167257845401764,0.24435628950595856,0.020889356100815347,0.5858317057291667,1.1429229935010274
748.1737892799999,378,7552,975.12,614,4644864,0.097709954,0.2,0.0003,3770,0.999825119972229,0.042272901952189086,-0.014204753562808037,0.2439604252576828,0.02187238421223204,0.5891927083333334,1.1805295032759509
683.3986237900001,379,7554,897.72,616,4657152,0.17099386,0.2,0.0003,3780,0.9904683232307434,0.5484490096258621,0.07974553108215332,0.2444111555814743,0.017058220261242242,0.6183512369791667,1.1648999522129695
653.73468442,380,7555,890.26,618,4669440,0.07383687,0.2,0.0003,3790,0.9893301725387573,3.410184866314133,0.8585907220840454,0.24451415240764618,0.0096332255100909,0.4908447265625,1.1391133492191632
624.6851858800001,381,7556,847.6,619,4681728,0.101187326,0.2,0.0003,3800,0.9996793866157532,0.05616805877070874,0.0563996285200119,0.244137242436409,0.033315513561926004,0.6420817057291667,1.1506545806924502
590.58184964,382,7557,807.86,621,4694016,0.2534598,0.2,0.0003,3810,0.9949461221694946,0.44906984620417156,0.12437331676483154,0.24400727450847626,0.02380781189810174,0.702978515625,1.13655158902208
552.91532185,383,7558,758.5,622,4706304,0.11629505,0.2,0.0003,3820,0.9855644106864929,4.438816562667489,1.4002567529678345,0.2432890087366104,0.00603414356931656,0.5190999348958333,1.1611589553455512
570.85788033,384,7560,762.25,624,4718592,0.1906665,0.2,0.0003,3830,0.9979038834571838,1.0308312877081334,0.21588853001594543,0.2434648722410202,0.028489831987341556,0.6758382161458333,1.1664436164001624
583.3083014100001,385,7561,767.48,625,4730880,0.11766642,0.2,0.0003,3840,0.9978743195533752,0.8849279432557523,0.20662307739257812,0.24293316900730133,0.01885178460846267,0.6050618489583334,1.1873380561669669
603.59490927,386,7562,762.1,627,4743168,0.14270897,0.2,0.0003,3850,0.9953827261924744,3.309419209261735,2.287919521331787,0.24245841801166534,0.007122264513357853,0.5755859375,1.219996127486229
607.64660563,387,7563,765.39,628,4755456,0.1887415,0.2,0.0003,3860,0.9942952394485474,3.1836611959462364,3.08213472366333,0.24214385449886322,0.02582667401584331,0.6753336588541666,1.2404878141979376
626.30425585,388,7564,780.04,630,4767744,0.23494244,0.2,0.0003,3870,0.9988572597503662,0.44351213353996477,0.15427273511886597,0.24225188791751862,0.03853582139975818,0.7165608723958333,1.2338573537766933
663.5859267100001,389,7565,808.86,631,4780032,0.18612115,0.2,0.0003,3880,0.993800163269043,4.146922168508172,0.3383406400680542,0.2420961856842041,0.02997437800853125,0.6764322916666666,1.2188499363760152
664.1293694899999,390,7567,818.66,633,4792320,0.23393013,0.2,0.0003,3890,0.9981600642204285,0.2228722053890427,0.04191013425588608,0.24212642014026642,0.0366819518499445,0.7193359375,1.200202343861262
631.56394285,391,7568,779.62,634,4804608,0.23502167,0.2,0.0003,3900,0.9957438707351685,1.1359217502176762,2.044023036956787,0.24266774952411652,0.021593726542778312,0.6918619791666667,1.2035945169627666
604.35658579,392,7569,768.63,636,4816896,0.110731184,0.2,0.0003,3910,0.9961087107658386,2.1045612692832947,1.1238709688186646,0.2421267032623291,0.010746854793008727,0.5849609375,1.2118525790671508
623.26225638,393,7570,785.84,637,4829184,0.2362744,0.2,0.0003,3920,0.9653582572937012,9.15712573652466,0.7765322327613831,0.24157847464084625,-0.0055323168223064085,0.5071126302083333,1.2273975950976213
567.4023275899999,394,7571,756.4,639,4841472,0.27106485,0.2,0.0003,3930,0.9956628680229187,0.8794515655376017,0.5372930765151978,0.24126432836055756,0.036617402968598375,0.7217936197916667,1.2453971636792025
550.5705585400001,395,7572,752.83,640,4853760,0.19037353,0.2,0.0003,3940,0.9890000224113464,3.3279514441266658,0.13167008757591248,0.2415391057729721,0.029693166499055224,0.6972819010416667,1.258816267301639
564.7310528000002,396,7573,759.89,642,4866048,0.22492243,0.2,0.0003,3950,0.9917139410972595,2.282478280023982,0.29869344830513,0.24113792181015015,0.035577504487203745,0.6738362630208333,1.2422675964732965
599.76549128,397,7574,781.46,644,4878336,0.121321596,0.2,0.0003,3960,0.9917244911193848,4.308531926944852,1.8634488582611084,0.24066950380802155,0.017970413777705592,0.58466796875,1.2507926988104978
626.34217609,398,7575,822.21,645,4890624,0.11365259,0.2,0.0003,3970,0.9958063364028931,2.047215134091675,1.7442554235458374,0.24105380475521088,0.026466647128108887,0.5786783854166667,1.2357677089671293
625.74312611,399,7576,849.62,647,4902912,0.15387972,0.2,0.0003,3980,0.9949030876159668,0.8604610743311544,0.20317888259887695,0.24122822284698486,0.0329908467513936,0.7027913411458333,1.2184487454593182
642.64811574,400,7577,862.88,648,4915200,0.12243613,0.2,0.0003,3990,0.9984467029571533,0.3227705314134558,0.12614546716213226,0.24028532207012177,0.03739198605180718,0.6647867838541667,1.223616642008225
667.0227477099999,401,7578,892.62,650,4927488,0.13148643,0.2,0.0003,4000,0.9990711212158203,0.17731186151504516,0.06853563338518143,0.23929958045482635,0.032305805936145286,0.6574137369791667,1.2720262236893176
666.9968096,402,7579,897.4,651,4939776,0.14133702,0.2,0.0003,4010,0.998133659362793,0.27464569501268365,0.14467747509479523,0.24000191688537598,0.020916296388410652,0.6072916666666667,1.2840516224503518
667.1602547900001,403,7580,914.91,653,4952064,0.14829953,0.2,0.0003,4020,0.9993059039115906,0.08184981138134996,0.04029849171638489,0.24030816555023193,0.0202135936061192,0.6361246744791667,1.2710549406707288
666.3454816199999,404,7581,939.47,654,4964352,0.082226284,0.2,0.0003,4030,0.9992148280143738,0.05452482461696491,0.04005660116672516,0.24072496592998505,0.02281840989162447,0.5416097005208333,1.2615404941141606
651.2081002499999,405,7582,944.54,656,4976640,0.0933036,0.2,0.0003,4040,0.9992475509643555,0.052583018911536786,0.01082342118024826,0.24085761606693268,0.01971792800613912,0.5840983072916667,1.278378497560819
647.94186541,406,7583,922.45,657,4988928,0.07648328,0.2,0.0003,4050,0.998340904712677,0.073112214593372,0.07390926778316498,0.24062232673168182,0.015119485584485422,0.5377278645833333,1.2918953451017539
631.7463053900001,407,7585,897.45,659,5001216,0.0675474,0.2,0.0003,4060,0.9970800876617432,0.5914187993543844,0.2702022194862366,0.24076926708221436,0.01600092417138512,0.526416015625,1.2978587016463279
662.5190806999999,408,7586,903.65,660,5013504,0.082669795,0.2,0.0003,4070,0.9980922341346741,1.0528614009420076,1.0657130479812622,0.2406972199678421,0.011748989903329251,0.5193115234375,1.2948883359630903
671.08121636,409,7587,903.54,662,5025792,0.12293967,0.2,0.0003,4080,0.9989116787910461,0.35857861931435764,0.1498050093650818,0.23843903839588165,0.018625232882914133,0.5981526692708333,1.3760480299592017
654.84691444,410,7588,885.2,663,5038080,0.100443356,0.2,0.0003,4090,0.9996039867401123,0.06806325760747617,0.0325009748339653,0.23844464123249054,0.02625600364553975,0.6188395182291667,1.4175626285374165
642.4277974400001,411,7589,872.53,665,5050368,0.1914599,0.2,0.0003,4100,0.9961071014404297,0.21566983692658445,0.05300704017281532,0.23840264976024628,0.02314369172915273,0.6973388671875,1.3929582501451174
643.8960219500001,412,7590,869.2,666,5062656,0.12568589,0.2,0.0003,4110,0.9912699460983276,2.8654210448265074,0.42058423161506653,0.23837144672870636,0.004309804195994123,0.5544596354166667,1.390791412939628
643.2873189300001,413,7591,897.26,668,5074944,0.1323228,0.2,0.0003,4120,0.9996515512466431,0.05030057319478753,0.0301752220839262,0.23739373683929443,0.0303081032296177,0.6101725260416667,1.4256306402385235
666.00474365,414,7592,935.19,670,5087232,0.07696337,0.2,0.0003,4130,0.9997908473014832,0.04061400811381948,-0.0021086204797029495,0.2366279512643814,0.021387495909584685,0.5559000651041667,1.4860540019969146
670.2783696800001,415,7593,935.92,671,5099520,0.10193517,0.2,0.0003,4140,0.999345064163208,0.14431932204558204,0.028757251799106598,0.23524653911590576,0.015686633378694144,0.5761800130208333,1.5275326994558176
659.41998046,416,7594,930.95,673,5111808,0.12468865,0.2,0.0003,4150,0.9961783289909363,0.9101962814029927,0.012869808822870255,0.23385918140411377,0.007088091943781668,0.54208984375,1.595231150339047
652.4340363199999,417,7594,930.95,674,5124096,0.13614513,0.2,0.0003,4160,0.9994866847991943,0.10369089226781701,0.03772023320198059,0.23263175785541534,0.021781349231605417,0.5852620442708333,1.6824023840328057
666.7108274099999,418,7595,951.94,676,5136384,0.11304348,0.2,0.0003,4170,0.9998375773429871,0.038992088592688864,0.03559575602412224,0.23243097960948944,0.02375166125469453,0.5649820963541666,1.7146894296010335
687.09744648,419,7596,965.5,677,5148672,0.13324927,0.2,0.0003,4180,0.9994081258773804,0.11850360238458961,0.04531256482005119,0.2317008525133133,0.016576007921927764,0.6256022135416667,1.7567576083044212
674.8057678800001,420,7597,933.68,679,5160960,0.09896176,0.2,0.0003,4190,0.9944810271263123,0.9689811194625993,0.48639819025993347,0.23117488622665405,0.007528914704744238,0.5971110026041667,1.786501635114352
663.3031084,421,7598,926.05,680,5173248,0.228916,0.2,0.0003,4200,0.9907222986221313,0.7520909932131569,0.13362133502960205,0.23144803941249847,0.011357981894495122,0.64599609375,1.8074692390859126
645.3902442,422,7599,926.05,682,5185536,0.11360404,0.2,0.0003,4210,0.9994455575942993,0.05067980137343208,0.024296753108501434,0.2307867407798767,0.024657222827954683,0.6161539713541667,1.8471171110868454
645.89739847,423,7600,944.37,683,5197824,0.109589316,0.2,0.0003,4220,0.9994170069694519,0.07666629720091199,0.030665850266814232,0.22997407615184784,0.022894568211631848,0.60205078125,1.8970065822203954
633.49619928,424,7601,950.39,685,5210112,0.08615341,0.2,0.0003,4230,0.999754011631012,0.024145203597921258,0.032650016248226166,0.2295868843793869,0.030201494740322233,0.5779296875,1.9395109482109547
658.2532063699999,425,7602,950.39,686,5222400,0.06992822,0.2,0.0003,4240,0.9999157190322876,0.02968793973365488,0.021050725132226944,0.22898125648498535,0.022921906381573837,0.5186360677083334,1.983636667827765
692.1616723299999,426,7603,951.41,688,5234688,0.07627264,0.2,0.0003,4250,0.999954342842102,0.047034660294108716,0.042110856622457504,0.2280341237783432,0.01831049682101972,0.5077473958333333,2.042009748518467
699.4687599700001,427,7604,964.96,690,5246976,0.097196996,0.2,0.0003,4260,0.9998632669448853,0.04937006098916754,0.051017552614212036,0.22782711684703827,0.018478808650009646,0.5326090494791667,2.0752300411462783
730.1671308099999,428,7605,992.37,691,5259264,0.07651042,0.2,0.0003,4270,0.999937117099762,0.031667008670046924,-0.008305239491164684,0.22745929658412933,0.020771953823471752,0.5123291015625,2.1050866449872654
769.9291349699998,429,7606,1000.0,693,5271552,0.07313581,0.2,0.0003,4280,0.9999164938926697,0.03272053627685333,0.019751442596316338,0.22727416455745697,0.018147545708537414,0.5130452473958333,2.127113894621531
780.26859543,430,7607,1000.0,694,5283840,0.07031371,0.2,0.0003,4290,0.9999420642852783,0.016966123438517874,0.029877472668886185,0.2264910489320755,0.021639890296501107,0.5309977213541667,2.153947606186072
785.68137128,431,7608,1000.0,696,5296128,0.07595196,0.2,0.0003,4300,0.9999377727508545,0.031178133343928494,0.031010277569293976,0.2266443371772766,0.020030585868516936,0.5196533203125,2.1865112046400705
786.19927189,432,7609,997.01,697,5308416,0.061959993,0.2,0.0003,4310,0.9999023675918579,0.025471810842282137,-0.00040891929529607296,0.2262609452009201,0.01874744371307315,0.5305338541666667,2.190351990858714
771.27686832,433,7610,997.01,699,5320704,0.09264356,0.2,0.0003,4320,0.9990985989570618,0.11582850171253085,0.0605427548289299,0.2248396873474121,0.0018954399133993623,0.5532145182291667,2.2338845719893774
740.16449359,434,7611,990.55,700,5332992,0.09973731,0.2,0.0003,4330,0.9997485876083374,0.04332777077894813,-0.007731726858764887,0.22430206835269928,0.019211903081062093,0.5509195963541667,2.310731552541256
728.0950726000001,435,7612,984.18,702,5345280,0.14576769,0.2,0.0003,4340,0.9989874362945557,0.108314551783648,0.06767362356185913,0.22479133307933807,0.008969296804085996,0.6242106119791667,2.317778880894184
727.6258626100002,436,7613,984.18,703,5357568,0.16543055,0.2,0.0003,4350,0.999656617641449,0.06590279242567097,0.015306682325899601,0.22351543605327606,0.008593739744780275,0.6225423177083333,2.3599941487113636
716.2626958,437,7614,983.45,705,5369856,0.101409584,0.2,0.0003,4360,0.9997629523277283,0.04281888930030012,0.0182642862200737,0.22356931865215302,0.026135113225124466,0.5623453776041667,2.434834951162338
702.8017458699999,438,7615,946.64,706,5382144,0.30641732,0.2,0.0003,4370,0.9996370673179626,0.09302339023173166,0.034771982580423355,0.2233489751815796,0.02157850635800666,0.6468831380208333,2.4388650104403498
674.8812175999999,439,7616,924.0,708,5394432,0.2132345,0.2,0.0003,4380,0.9885390996932983,2.511845654807985,0.28101515769958496,0.22410772740840912,0.019679428184463176,0.661279296875,2.404854938387871
677.2680821600001,440,7617,924.0,709,5406720,0.1600606,0.2,0.0003,4390,0.9809444546699524,3.066018183218936,0.15990601480007172,0.22407901287078857,0.008188233170949388,0.5593505859375,2.3917182450493177
669.4507835100001,441,7618,912.75,711,5419008,0.14693509,0.2,0.0003,4400,0.999230146408081,0.07463128513578947,0.02094305492937565,0.22473086416721344,0.025402569569511493,0.6765950520833334,2.361192871630192
698.2618182800002,442,7619,921.14,712,5431296,0.12759687,0.2,0.0003,4410,0.9981696009635925,0.3923352624832963,0.24504414200782776,0.22419755160808563,0.02317888634473396,0.5924967447916667,2.3879099383950235
686.7468604400002,443,7619,919.19,714,5443584,0.13074397,0.2,0.0003,4420,0.9951423406600952,2.0289116168705124,0.12300735712051392,0.22424674034118652,0.015931837429040266,0.6083821614583333,2.3813176060716312
710.57778735,444,7620,919.92,715,5455872,0.10039065,0.2,0.0003,4430,0.9995215535163879,0.060468124146185194,0.050989195704460144,0.22455525398254395,0.027146669281743623,0.5789876302083333,2.3792350764075914
719.21521578,445,7621,946.54,717,5468160,0.094810106,0.2,0.0003,4440,0.9996209144592285,0.11029373886995017,0.11689720302820206,0.2236008644104004,0.02547136808958991,0.5892985026041667,2.415104641020298
753.6344562500001,446,7623,957.36,718,5480448,0.093554914,0.2,0.0003,4450,0.9997668862342834,0.04990988940116949,0.06980869174003601,0.2229432314634323,0.020052419362279274,0.5429931640625,2.4440929775436717
789.3847826599999,447,7623,982.36,720,5492736,0.07670983,0.2,0.0003,4460,0.9996874332427979,0.05235990635119379,0.009039096534252167,0.22280383110046387,0.012442969914991409,0.5033284505208333,2.4616768697897595
796.4760856900002,448,7624,981.32,721,5505024,0.092146605,0.2,0.0003,4470,0.9996671676635742,0.06993809977429918,0.028256002813577652,0.22222907841205597,0.01882955492134594,0.5298990885416667,2.4920845155914626
801.6404503599999,449,7625,976.68,723,5517312,0.16196193,0.2,0.0003,4480,0.9993017315864563,0.08463803940297415,-0.011044345796108246,0.22096772491931915,0.02114733353519114,0.5759033203125,2.5370179717739423
761.18353809,450,7626,943.41,725,5529600,0.15573066,0.2,0.0003,4490,0.9971850514411926,1.2205900456523522,0.05536346137523651,0.22083592414855957,0.022174239135347308,0.5690755208333333,2.5907492513457933
717.83667071,451,7627,918.81,726,5541888,0.1851251,0.2,0.0003,4500,0.9805518388748169,3.6008032427014163,1.5121488571166992,0.22049759328365326,0.006756452626723331,0.5756266276041667,2.605277415116628
709.9425543600003,452,7628,904.23,728,5554176,0.20527041,0.2,0.0003,4510,0.9885240197181702,1.3521942139059926,0.060953643172979355,0.22078931331634521,0.019492631298392855,0.6553548177083334,2.600091451903184
672.2597614700001,453,7629,884.02,729,5566464,0.14103784,0.2,0.0003,4520,0.9709925651550293,1.8036659530829637,0.09805971384048462,0.2215728759765625,0.025101491612925506,0.5914713541666666,2.553941283126672
644.08718186,454,7630,849.38,731,5578752,0.07368078,0.2,0.0003,4530,0.9801470041275024,0.7299912611798693,0.20957109332084656,0.22180552780628204,0.022729470336344093,0.5130126953125,2.5219867289066316
650.13269293,455,7631,849.13,732,5591040,0.053252142,0.2,0.0003,4540,0.9838458895683289,2.9353489411994813,0.653648316860199,0.221444770693779,0.00885342498125586,0.4709065755208333,2.5149861832459766
628.9691238500001,456,7631,833.29,734,5603328,0.07976949,0.2,0.0003,4550,0.9938803911209106,0.3161067403232058,0.1101834625005722,0.22141551971435547,0.02363802809122717,0.5321044921875,2.5088620339830716
645.5501467299999,457,7632,826.67,735,5615616,0.12493986,0.2,0.0003,4560,0.9944881200790405,1.6663521001736323,1.0200371742248535,0.2205440253019333,0.011307843857988093,0.5169189453125,2.5353242844343185
683.1499610000001,458,7633,832.96,737,5627904,0.13683145,0.2,0.0003,4570,0.9973838925361633,0.2511930363407979,0.034867845475673676,0.22084331512451172,0.025732576856777694,0.5560465494791667,2.5340036114056903
678.7296722100001,459,7634,821.94,738,5640192,0.10892856,0.2,0.0003,4580,0.9964554905891418,1.457186775530378,0.274507999420166,0.22089694440364838,0.018782529971698145,0.5414388020833333,2.5388454561432203
661.0680403299999,460,7635,828.96,740,5652480,0.28845137,0.2,0.0003,4590,0.9897777438163757,1.7436842846994598,0.3768143653869629,0.22066378593444824,0.029549559808704846,0.6293538411458334,2.5492783983548484
664.86905776,461,7636,847.53,741,5664768,0.25226054,0.2,0.0003,4600,0.9934024810791016,1.4462928370883068,0.3831307888031006,0.22020165622234344,0.018237242450898822,0.6543619791666667,2.582284277677536
643.70461226,462,7637,853.63,743,5677056,0.16872491,0.2,0.0003,4610,0.9958327412605286,0.5159761202211182,0.12819907069206238,0.2195136398077011,0.01720955161387489,0.6239990234375,2.631916039685408
663.21438943,463,7638,878.82,744,5689344,0.20025676,0.2,0.0003,4620,0.9991216063499451,0.12094255060267946,0.10137438774108887,0.22019343078136444,0.03172271977625011,0.648046875,2.6116912429531416
684.1167261899999,464,7639,917.82,746,5701632,0.08141994,0.2,0.0003,4630,0.9996046423912048,0.04147703602599601,0.03523033857345581,0.21957524120807648,0.02506711644527968,0.5544108072916667,2.641717408100764
672.79872,465,7640,920.37,747,5713920,0.053958666,0.2,0.0003,4640,0.9995622038841248,0.0488085204618983,0.3827987611293793,0.21946845948696136,0.01956965664770299,0.5013509114583333,2.6646840825676916
653.9934466,466,7641,927.32,749,5726208,0.1702873,0.2,0.0003,4650,0.9960554838180542,0.3798585525287005,0.16471344232559204,0.21904592216014862,0.01395720690500942,0.5628255208333334,2.673332273463408
682.18582541,467,7641,957.98,750,5738496,0.25984767,0.2,0.0003,4660,0.9916043281555176,0.7128450344782322,0.25670841336250305,0.21952958405017853,0.017558476244448683,0.687060546875,2.6685323476791383
691.5809443200001,468,7642,962.14,752,5750784,0.2446453,0.2,0.0003,4670,0.9976364970207214,0.9209134513822694,0.2793336808681488,0.21995960175991058,0.010163149833776213,0.5665690104166666,2.6589261308312415
697.9490037799999,469,7643,964.26,753,5763072,0.3664521,0.2,0.0003,4680,0.9967659115791321,0.2878596754434208,0.0957878977060318,0.2197524458169937,0.028606344385965106,0.6433268229166667,2.6320647319157917
697.1490687099999,470,7644,962.94,755,5775360,0.07840798,0.2,0.0003,4690,0.9996886849403381,0.031804138654842974,0.026183679699897766,0.21904568374156952,0.0316607962110235,0.5398274739583333,2.6521185715993245
706.5075394200001,471,7645,962.94,756,5787648,0.12896027,0.2,0.0003,4700,0.9964722394943237,0.6969540532988806,0.19077903032302856,0.21924440562725067,0.005651496635255171,0.5675048828125,2.6588191742698353
718.09996825,472,7646,962.94,758,5799936,0.07885535,0.2,0.0003,4710,0.9996201992034912,0.09650916272463898,0.06088200956583023,0.21958673000335693,0.022798250544292388,0.5227864583333334,2.64998458524545
722.6532828099998,473,7647,967.67,760,5812224,0.048601046,0.2,0.0003,4720,0.9998278617858887,0.04047607770577694,0.04837924614548683,0.21989621222019196,0.025558768712411015,0.4831624348958333,2.6447386597593625
777.1247569299999,474,7648,989.02,761,5824512,0.14355542,0.2,0.0003,4730,0.9997310042381287,0.06320552773152789,0.05193817615509033,0.22021645307540894,0.019302044821476252,0.5088216145833333,2.639852738380432
795.7244266499999,475,7649,989.56,763,5836800,0.0670402,0.2,0.0003,4740,0.9991206526756287,0.12226065666570017,0.023573383688926697,0.22052477300167084,0.018883327791506112,0.5454427083333333,2.6271914561589558
824.9146738100001,476,7649,996.95,764,5849088,0.0707309,0.2,0.0003,4750,0.9998373985290527,0.056597091408912094,0.032254669815301895,0.21970510482788086,0.023686318616576805,0.5279215494791667,2.648337232073148
837.84626805,477,7650,996.95,766,5861376,0.06875318,0.2,0.0003,4760,0.9998869299888611,0.030451712530339136,0.030184496194124222,0.21882367134094238,0.01712803356543494,0.4956136067708333,2.7056113943457603
857.83978948,478,7651,998.86,767,5873664,0.060039937,0.2,0.0003,4770,0.9998926520347595,0.051400192658184095,-0.004752354696393013,0.21944081783294678,0.014516353353004281,0.4921875,2.7048406556248663
854.4725971099999,479,7652,1000.0,769,5885952,0.077683784,0.2,0.0003,4780,0.9993176460266113,0.15769034451805056,0.020920244976878166,0.21964609622955322,0.020790601996607923,0.50830078125,2.6919675394892693
849.4654802699998,480,7653,1000.0,770,5898240,0.051765203,0.2,0.0003,4790,0.9998584985733032,0.023747997039269345,0.023161351680755615,0.2195086032152176,0.020472052382441083,0.48626302083333334,2.683622719347477
836.4875437099998,481,7654,1000.0,772,5910528,0.05805492,0.2,0.0003,4800,0.9998987317085266,0.03357200332975481,-0.018689414486289024,0.21937187016010284,0.017864878582380093,0.4811767578125,2.7036134387056032
831.63516164,482,7655,995.69,773,5922816,0.07624834,0.2,0.0003,4810,0.9998204708099365,0.038896731816930694,0.06662750989198685,0.21887297928333282,0.015794394554783747,0.5004313151041667,2.7334952861070634
838.5860768,483,7655,993.15,775,5935104,0.12368661,0.2,0.0003,4820,0.9976656436920166,0.1333523809715795,0.04174618422985077,0.21838872134685516,0.008798558201427416,0.5228759765625,2.7466738551855086
816.41329057,484,7656,993.15,776,5947392,0.12069198,0.2,0.0003,4830,0.9983475804328918,0.21371357166984428,0.01431836187839508,0.21879757940769196,0.016280691702316594,0.6098307291666667,2.7443514640132585
821.5981591599999,485,7657,993.15,778,5959680,0.070734166,0.2,0.0003,4840,0.9999566674232483,0.02564763190651623,0.02269827574491501,0.21937201917171478,0.02269991816598728,0.5298746744791667,2.7366053397456804
816.2127218399999,486,7658,989.65,779,5971968,0.073768,0.2,0.0003,4850,0.9999100565910339,0.025897020023937026,0.019196387380361557,0.21907246112823486,0.02378391277549478,0.5301595052083333,2.7521568298339845
798.6801459899999,487,7659,970.91,781,5984256,0.1605228,0.2,0.0003,4860,0.9978436827659607,0.20837290109290432,0.015686145052313805,0.2195148915052414,0.015254457779519726,0.5496744791666667,2.73718481361866
807.4221401100002,488,7660,970.91,782,5996544,0.18441875,0.2,0.0003,4870,0.9827146530151367,7.58871054854244,0.9180589914321899,0.2197972536087036,0.013150300827207199,0.5407470703125,2.7229973902304967
799.93663865,489,7660,964.43,784,6008832,0.09670935,0.2,0.0003,4880,0.9991640448570251,0.16713499268128848,0.06312897056341171,0.21973784267902374,0.024594395021752764,0.5774983723958333,2.736919106543064
772.7226359500002,490,7661,963.13,785,6021120,0.2558798,0.2,0.0003,4890,0.9983329176902771,0.5338110324461013,0.3936423659324646,0.219705268740654,0.01999951267328773,0.6656575520833333,2.7349079420169193
733.7077290399997,491,7662,944.15,787,6033408,0.18726915,0.2,0.0003,4900,0.9977888464927673,0.1008502123489355,0.06620724499225616,0.2196124792098999,0.03265768127603223,0.6715006510416667,2.7106850907206534
698.8885753000001,492,7663,914.51,788,6045696,0.23513871,0.2,0.0003,4910,0.9910803437232971,3.9974520484606426,0.38838350772857666,0.21948885917663574,0.020948674738853392,0.6667073567708334,2.712805906931559
704.8369610700001,493,7663,912.68,790,6057984,0.2563835,0.2,0.0003,4920,0.9972001910209656,0.5328406329577168,0.18208737671375275,0.21903324127197266,0.03162117974328187,0.6611572265625,2.7032829130689304
725.4232480599999,494,7664,922.03,791,6070272,0.13269478,0.2,0.0003,4930,0.9831004738807678,11.53391704261303,1.2878659963607788,0.2192985564470291,0.015906582530684926,0.5974283854166667,2.674445773164431
719.6042490399999,495,7665,916.13,793,6082560,0.108101524,0.2,0.0003,4940,0.9987947344779968,0.21883504851721228,0.09265788644552231,0.21911506354808807,0.03136184287723154,0.62177734375,2.675092077255249
706.40392118,496,7666,916.16,795,6094848,0.3031955,0.2,0.0003,4950,0.9917119741439819,2.8558495922014115,0.28566595911979675,0.21906477212905884,0.010834961238045556,0.666552734375,2.6545094788074493
731.6330213099999,497,7667,920.86,796,6107136,0.17243253,0.2,0.0003,4960,0.9925556778907776,1.5201319359242915,0.3822476863861084,0.2196652740240097,0.018014918689247376,0.61240234375,2.626678130030632
754.6366084199998,498,7668,936.71,798,6119424,0.0641569,0.2,0.0003,4970,0.9998304843902588,0.06778425103984773,0.034213438630104065,0.2192135453224182,0.02281884623807855,0.5489013671875,2.635086538394292
762.15838556,499,7669,952.81,799,6131712,0.07057387,0.2,0.0003,4980,0.99989914894104,0.03588935992059608,0.00828804075717926,0.2192198634147644,0.024810817315786455,0.5317138671875,2.6406471903125444
778.8482682399999,500,7669,977.63,801,6144000,0.0747795,0.2,0.0003,4990,0.9998024106025696,0.04171081158177306,0.04369979724287987,0.21879903972148895,0.01906111933349166,0.5090901692708333,2.645448966821035
770.1612233699998,501,7670,973.69,802,6156288,0.07848444,0.2,0.0003,5000,0.9998825788497925,0.03856321214698255,0.014005539938807487,0.21883465349674225,0.014054830941313412,0.477001953125,2.651476267973582
723.6911992399998,502,7671,950.52,804,6168576,0.13589536,0.2,0.0003,5010,0.9913157820701599,1.3350367565755732,0.06626629084348679,0.21855515241622925,0.008524952845861359,0.5032552083333334,2.6702995667854945
673.1391396600001,503,7672,895.5,805,6180864,0.11720195,0.2,0.0003,5020,0.9856618046760559,3.2454943765575686,1.0608344078063965,0.21827568113803864,0.007666431163185431,0.5965983072916666,2.6919833406805993
642.69216657,504,7672,862.8,807,6193152,0.039576005,0.2,0.0003,5030,0.9719595909118652,23.29374343752861,6.631143093109131,0.21803180873394012,-0.00979275903373491,0.3583902994791667,2.7088737418254216
599.5288349599999,505,7673,837.32,808,6205440,0.18938285,0.2,0.0003,5040,0.9779852032661438,6.965485904738307,2.19663405418396,0.21842460334300995,0.020979392314135717,0.6099446614583334,2.713835901518663
571.25030643,506,7674,789.87,810,6217728,0.3392273,0.2,0.0003,5050,0.9935368895530701,2.119817548431456,0.6313811540603638,0.21815498173236847,0.029232106143899726,0.6792724609375,2.6968507121006646
542.4657825099999,507,7675,780.89,811,6230016,0.14037982,0.2,0.0003,5060,0.9849784970283508,7.258775017907222,1.6294598579406738,0.21862637996673584,0.01903981301584281,0.5921712239583333,2.685908785959085
574.34389362,508,7675,795.01,813,6242304,0.16288275,0.2,0.0003,5070,0.9950763583183289,1.0733418152512362,0.1616990715265274,0.21905510127544403,0.03512410838350964,0.6565999348958333,2.6596378390987714
543.8275353399999,509,7676,778.11,814,6254592,0.24632132,0.2,0.0003,5080,0.9899266362190247,4.764074211381375,0.21808260679244995,0.2183273285627365,0.03022702040131359,0.6332194010416666,2.665805844962597
571.3469926500001,510,7677,819.67,816,6266880,0.24635684,0.2,0.0003,5090,0.9905456304550171,1.6655067527045806,0.272306352853775,0.21851696074008942,0.03518024164659437,0.7051920572916667,2.674098697801431
563.01531637,511,7677,820.66,817,6279168,0.14391793,0.2,0.0003,5100,0.9962835311889648,0.41725749767695863,0.11746133863925934,0.2183668166399002,0.025389526681101414,0.6476725260416667,2.6461547672748567
585.7428455200001,512,7678,835.33,819,6291456,0.19971615,0.2,0.0003,5110,0.9943928718566895,2.5059434498349824,3.8783586025238037,0.2182549387216568,0.032023999586332744,0.6746175130208333,2.6452708368500075
614.87595684,513,7679,870.8,820,6303744,0.11864231,0.2,0.0003,5120,0.9993405938148499,0.20363075658679008,0.0944063663482666,0.21811477839946747,0.022263584750180598,0.56767578125,2.654789136350155
632.07877294,514,7680,857.52,822,6316032,0.096815705,0.2,0.0003,5130,0.9980482459068298,0.512298011376212,0.1359703242778778,0.21696186065673828,0.010459638257452752,0.5268636067708333,2.70678189098835
600.79571847,515,7680,805.75,823,6328320,0.07122702,0.2,0.0003,5140,0.9948632717132568,3.4823357071727514,1.9801455736160278,0.21603737771511078,0.0023545247798513933,0.4505126953125,2.7634013051788013
603.84159197,516,7681,816.73,825,6340608,0.052848976,0.2,0.0003,5150,0.9893247485160828,6.872438030938308,2.1345982551574707,0.21597938239574432,-0.0035387354965981405,0.44672037760416666,2.7952048063278196
632.218014,517,7682,825.42,826,6352896,0.12270743,0.2,0.0003,5160,0.997225821018219,1.7595425351212421,1.4575018882751465,0.21665585041046143,0.01174410755484132,0.5864095052083333,2.7966634333133698
677.1105502099999,518,7682,850.55,828,6365184,0.1376926,0.2,0.0003,5170,0.9997630715370178,0.09548072689212858,0.05337302386760712,0.21668727695941925,0.03514649616942431,0.6091064453125,2.793307696779569
667.42110027,519,7683,851.04,830,6377472,0.082674064,0.2,0.0003,5180,0.9998344779014587,0.04105724189624501,0.028555797412991524,0.21699821949005127,0.02164326351582228,0.5517740885416667,2.7854571377237636
671.87835324,520,7684,853.6,831,6389760,0.06879374,0.2,0.0003,5190,0.9994332194328308,0.10481452852642785,0.08729299902915955,0.21597395837306976,0.02172501755897732,0.508154296875,2.8012512803077696
646.3924426000001,521,7684,857.97,833,6402048,0.11767683,0.2,0.0003,5200,0.9908536076545715,0.6892506351073583,0.1861708015203476,0.21589456498622894,0.013780703023076057,0.5668050130208333,2.8218904917438823
652.99730003,522,7685,886.99,834,6414336,0.15798464,0.2,0.0003,5210,0.9965883493423462,0.3796366008464247,0.13415074348449707,0.21633051335811615,0.019342192374460866,0.6392333984375,2.810572250187397
707.2100424500001,523,7686,944.92,836,6426624,0.1325226,0.2,0.0003,5220,0.9930157661437988,2.733231546729803,2.0510218143463135,0.21662871539592743,0.011367109828764417,0.5264485677083334,2.8005507200956345
721.9552428600001,524,7686,946.63,837,6438912,0.083329074,0.2,0.0003,5230,0.9997699856758118,0.06830080795722702,0.027307724580168724,0.21707838773727417,0.032538190716392516,0.5842203776041667,2.7709766641259193
687.2875384399999,525,7687,946.63,839,6451200,0.10895785,0.2,0.0003,5240,0.9962500333786011,1.2921440025791526,0.7267444133758545,0.216902956366539,0.008870226385382315,0.5939697265625,2.774285763502121
691.7026212500001,526,7688,945.33,840,6463488,0.08679428,0.2,0.0003,5250,0.999785840511322,0.04859689677832648,0.04629279673099518,0.21726228296756744,0.0342770939222343,0.5878173828125,2.767901330689589
676.21050329,527,7688,940.89,842,6475776,0.1189543,0.2,0.0003,5260,0.9990350008010864,0.18991776518135642,0.15585018694400787,0.2181052714586258,0.01871788670832757,0.60322265625,2.7301399976015093
682.08146213,528,7689,944.63,843,6488064,0.18077181,0.2,0.0003,5270,0.9988584518432617,0.2904966907342896,0.059604860842227936,0.2181781381368637,0.015193935071874876,0.612744140625,2.701395427187284
696.3171416100001,529,7690,956.4,845,6500352,0.07497681,0.2,0.0003,5280,0.9999499320983887,0.021628324466291815,0.01745506189763546,0.2177545577287674,0.023268992661420875,0.5516927083333333,2.712286712725957
704.97075974,530,7690,974.65,846,6512640,0.089597695,0.2,0.0003,5290,0.9967963099479675,0.40528000668855385,0.04455166310071945,0.21738724410533905,0.0016860952935530804,0.4947428385416667,2.735778101782004
711.1956119499998,531,7691,974.83,848,6524928,0.07915868,0.2,0.0003,5300,0.9995115399360657,0.07580866914164895,0.016361374408006668,0.21697598695755005,0.021257034912802435,0.5180745442708333,2.7682410617669424
685.09021982,532,7692,970.42,849,6537216,0.1128752,0.2,0.0003,5310,0.996487557888031,0.5339055916721311,0.08395564556121826,0.21651913225650787,0.01207725246689127,0.5246744791666667,2.7822341923912366
683.73268776,533,7692,965.67,851,6549504,0.18111344,0.2,0.0003,5320,0.9915557503700256,0.5107545488746836,0.1389143317937851,0.21621732413768768,0.0029359183167495455,0.5909098307291667,2.79118486593167
695.3970964100001,534,7693,957.55,852,6561792,0.11549407,0.2,0.0003,5330,0.9923373460769653,0.9240360068855807,0.03018129989504814,0.2156277745962143,0.006149723479514553,0.5737060546875,2.815623839199543
720.9550394899999,535,7694,960.87,854,6574080,0.2693322,0.2,0.0003,5340,0.978877604007721,8.455714811353634,0.11463022232055664,0.21594160795211792,0.0268892620166298,0.5831949869791667,2.8138625636696815
705.69814524,536,7694,941.99,855,6586368,0.13707347,0.2,0.0003,5350,0.9986525177955627,0.16227613259882975,0.06217724829912186,0.2156011313199997,0.025546250979823527,0.6554768880208334,2.8084214821457865
695.4521028000001,537,7695,941.83,857,6598656,0.16557227,0.2,0.0003,5360,0.977651834487915,3.999423467135057,0.10137206315994263,0.21515703201293945,-0.0008885279021342285,0.5258707682291667,2.832605631649494
691.7595182100001,538,7696,947.23,858,6610944,0.18742698,0.2,0.0003,5370,0.9971122145652771,0.3956519259372726,0.15097284317016602,0.21570558845996857,0.023305220336381657,0.5945068359375,2.833548778295517
663.1308495599999,539,7696,941.55,860,6623232,0.09116425,0.2,0.0003,5380,0.999137818813324,0.07036889551285033,0.051201049238443375,0.21465082466602325,0.02470259648738041,0.5760172526041667,2.854481604198615
660.30838237,540,7697,928.38,862,6635520,0.37562203,0.2,0.0003,5390,0.99383544921875,0.6057188926575084,0.22656510770320892,0.2145816534757614,0.013528054548078216,0.6486735026041667,2.88051515519619
656.6577825400001,541,7698,936.51,863,6647808,0.14658014,0.2,0.0003,5400,0.9500879645347595,17.441749462330094,0.21571138501167297,0.2145271748304367,0.0018756867226329631,0.525830078125,2.899343391756217
663.86351025,542,7698,936.51,865,6660096,0.14965205,0.2,0.0003,5410,0.9889880418777466,0.8715809917077422,0.08332319557666779,0.21518899500370026,0.01069451006745415,0.5900227864583333,2.899825162192186
653.80623718,543,7699,931.99,866,6672384,0.07519437,0.2,0.0003,5420,0.9993094801902771,0.07938332795165479,0.02573222666978836,0.21612125635147095,0.027161873939621727,0.5835611979166667,2.8599265828728675
690.1787254,544,7700,960.26,868,6684672,0.127347,0.2,0.0003,5430,0.9962081909179688,0.26902983274000386,0.04203777760267258,0.21459512412548065,0.013685204133798834,0.6024169921875,2.892706127464771
694.57124829,545,7701,959.52,869,6696960,0.08085578,0.2,0.0003,5440,0.9994813203811646,0.05490542481032511,0.0424504391849041,0.2144252061843872,0.022373925948825975,0.5356608072916667,2.9211421355605127
708.7398014700001,546,7701,941.2,871,6709248,0.0926263,0.2,0.0003,5450,0.9971731901168823,0.3006586890822897,0.1475481390953064,0.21386504173278809,0.008924179583361062,0.4931640625,2.9366058826446535
747.54298615,547,7702,939.79,872,6721536,0.33868778,0.2,0.0003,5460,0.9686232209205627,14.508117890078575,3.227851629257202,0.21345223486423492,0.04079546266560404,0.4382080078125,2.959206111729145
774.5551279200001,548,7703,957.3,874,6733824,0.17901826,0.2,0.0003,5470,0.9943203330039978,1.4199385680413494,0.7488088607788086,0.2130519151687622,0.013099792986516453,0.5948974609375,2.969696388145288
792.52472303,549,7703,958.41,875,6746112,0.1257037,0.2,0.0003,5480,0.9969282150268555,1.3099274083971977,0.6065878868103027,0.2133898288011551,0.015955637676718957,0.5575276692708333,2.95628671447436
749.8353841099998,550,7703,926.91,877,6758400,0.13440281,0.2,0.0003,5490,0.9973908066749573,0.29255690892847874,0.09123079478740692,0.21369291841983795,0.02640708644515447,0.6149739583333333,2.939559406042099
726.7322516900001,551,7704,909.86,878,6770688,0.14922278,0.2,0.0003,5500,0.9814192056655884,3.758832284063101,1.071422815322876,0.21340715885162354,0.008637277444965246,0.5764241536458333,2.9406518056988715
720.1039793099999,552,7704,891.58,880,6782976,0.2674096,0.2,0.0003,5510,0.9805834889411926,3.105851000050704,0.8286301493644714,0.2135349065065384,0.011699995284773952,0.5896728515625,2.9452847227454186
724.54173713,553,7705,899.78,881,6795264,0.15232785,0.2,0.0003,5520,0.9750600457191467,2.3585964390387137,1.1012457609176636,0.21349702775478363,0.013843174646414507,0.47991536458333334,2.9630256215731303
704.26530986,554,7706,909.73,883,6807552,0.40476194,0.2,0.0003,5530,0.986287534236908,0.5916162558210393,0.18463754653930664,0.21420545876026154,0.02015333482704591,0.5165608723958334,2.9268428752819697
701.70944349,555,7706,916.72,884,6819840,0.08692982,0.2,0.0003,5540,0.9888452887535095,0.2490477167069912,0.09835223853588104,0.21468353271484375,0.02117997929065799,0.5651611328125,2.847828176120917
694.1861878599999,556,7707,921.14,886,6832128,0.06736297,0.2,0.0003,5550,0.9921735525131226,0.17330256696635235,0.03791767358779907,0.21471814811229706,0.023729084279815047,0.518212890625,2.8411921282609303
709.4018679400001,557,7707,941.36,887,6844416,0.043837387,0.2,0.0003,5560,0.9900434613227844,0.2368992518944045,0.07711158692836761,0.21424275636672974,0.016685658808273728,0.4628092447916667,2.8372119665145874
732.87291555,558,7708,947.84,889,6856704,0.06906536,0.2,0.0003,5570,0.9978723526000977,0.1171516134791697,0.045289453119039536,0.21415363252162933,0.01634273071079709,0.5050862630208334,2.8353308593233426
734.1292639999999,559,7708,946.97,891,6868992,0.10618179,0.2,0.0003,5580,0.9942177534103394,0.9050989448248098,0.21525560319423676,0.2139660269021988,0.007300770254126595,0.4732747395833333,2.8398923406998318
734.8024190200001,560,7709,950.19,892,6881280,0.16709471,0.2,0.0003,5590,0.9934030771255493,1.5225492206091682,0.38671791553497314,0.21351969242095947,0.005139966472537102,0.5036051432291667,2.8628761167327563
749.56637585,561,7710,940.06,894,6893568,0.085029066,0.2,0.0003,5600,0.996616542339325,0.23162859354633838,0.12297864258289337,0.21255557239055634,0.015431387003627606,0.49558919270833335,2.9124300758043926
740.5365108199999,562,7710,933.49,895,6905856,0.070816986,0.2,0.0003,5610,0.9895023703575134,4.834750760160387,6.621270656585693,0.2117074877023697,0.006522511694735537,0.4737141927083333,2.962150743107001
710.3013510799999,563,7711,900.14,897,6918144,0.15908746,0.2,0.0003,5620,0.9983342885971069,0.23009286478627472,0.06456811726093292,0.2120039314031601,0.02179880084343798,0.5795084635416666,2.976166000465552
703.63164651,564,7712,863.89,898,6930432,0.3390367,0.2,0.0003,5630,0.9946228861808777,1.1566665445143978,0.23183585703372955,0.2120593786239624,0.04198742535275717,0.6786783854166667,2.971306739250819
689.8623467799999,565,7712,846.91,900,6942720,0.13285026,0.2,0.0003,5640,0.9831794500350952,5.723659761063755,0.4295181334018707,0.21159954369068146,0.012452262035852375,0.5027587890625,2.9909147188067435
689.22274377,566,7713,843.95,901,6955008,0.1300022,0.2,0.0003,5650,0.989659309387207,2.5567503980050486,0.26092565059661865,0.2115393877029419,0.017559828318189828,0.525048828125,2.9884176393349966
689.11522994,567,7713,847.17,903,6967296,0.12979417,0.2,0.0003,5660,0.9852849841117859,2.0323620601246755,0.08657512068748474,0.21226125955581665,0.019405341451783898,0.5501708984375,2.985516072809696
673.5478852,568,7714,849.57,904,6979584,0.136344,0.2,0.0003,5670,0.9965959191322327,0.262918000202626,0.1012934073805809,0.21220475435256958,0.024360149032630337,0.547412109375,2.959272728860378
677.76399139,569,7714,856.14,906,6991872,0.1531881,0.2,0.0003,5680,0.9920586943626404,2.5180278331196555,0.13551661372184753,0.2117052525281906,0.023234039866171466,0.5698649088541666,2.9619040270646413
693.3609198899999,570,7715,860.24,907,7004160,0.16494556,0.2,0.0003,5690,0.9946330189704895,0.7277373903741439,0.19224132597446442,0.21265099942684174,0.010190682302345521,0.5113444010416667,2.9538482973972955
680.23124008,571,7716,866.98,909,7016448,0.1754088,0.2,0.0003,5700,0.9897286295890808,3.570000572502613,0.2896026074886322,0.21268536150455475,0.02208211396209663,0.6029703776041667,2.9362008392810823
685.9490968099999,572,7716,892.92,910,7028736,0.12248782,0.2,0.0003,5710,0.9969779849052429,0.22975735508371145,0.062473393976688385,0.21284694969654083,0.01933288588237095,0.60478515625,2.932071751356125
715.36727796,573,7717,919.11,912,7041024,0.17918205,0.2,0.0003,5720,0.9983497262001038,0.8769451435655355,0.13573646545410156,0.21370981633663177,0.02104388873752517,0.6249348958333333,2.9013124560316403
745.2168358400002,574,7717,928.58,913,7053312,0.09359181,0.2,0.0003,5730,0.9995933771133423,0.08268365485904118,0.05576013773679733,0.2137620449066162,0.02086782352513789,0.537939453125,2.897263755897681
753.14512702,575,7718,931.37,915,7065600,0.075307064,0.2,0.0003,5740,0.9986947178840637,0.10551679747489591,0.04676372557878494,0.2131669670343399,0.016936805679870305,0.5176350911458333,2.915494815011819
750.8532467899998,576,7719,929.03,916,7077888,0.053527903,0.2,0.0003,5750,0.9983347654342651,0.12237760317511856,0.013139678165316582,0.2126590758562088,0.012834495153219905,0.49615885416666666,2.9402728269497556
750.53190148,577,7719,932.49,918,7090176,0.09740838,0.2,0.0003,5760,0.9973599314689636,0.19340138608434548,0.03738798946142197,0.21192574501037598,0.012530814901886818,0.4812418619791667,2.9727973823746043
770.1015934300001,578,7720,932.44,919,7102464,0.09075579,0.2,0.0003,5770,0.9974270462989807,0.2996888594236225,0.09960149228572845,0.21197013556957245,0.0137160882120952,0.52060546875,3.002227921287219
769.26873574,579,7720,929.15,921,7114752,0.11852191,0.2,0.0003,5780,0.9977756142616272,0.47035771667336423,0.25076690316200256,0.21120063960552216,0.008568118671731403,0.5108642578125,3.0217425634463626
764.6735520899998,580,7721,933.3,923,7127040,0.07842036,0.2,0.0003,5790,0.9980641007423401,0.24290909330981472,0.09753107279539108,0.21088270843029022,0.01406597324263809,0.49969889322916666,3.064627666771412
752.3127454,581,7722,930.1,924,7139328,0.1763839,0.2,0.0003,5800,0.9889129400253296,3.69731708591183,0.20811410248279572,0.2105228155851364,0.015077317779165848,0.5562093098958333,3.106524326900641
747.89067768,582,7722,927.51,926,7151616,0.18749948,0.2,0.0003,5810,0.9984827041625977,0.4160090055006246,0.14200067520141602,0.2103833109140396,0.023417473798811747,0.587109375,3.1265868162115416
760.05795954,583,7723,925.45,927,7163904,0.09729484,0.2,0.0003,5820,0.9983232617378235,0.21391618946411958,0.056093260645866394,0.21058635413646698,0.015028788749865877,0.5346761067708333,3.1212309181690214
761.8624047000001,584,7723,926.4,929,7176192,0.08984864,0.2,0.0003,5830,0.9936413764953613,2.665850180728982,0.14221832156181335,0.2111753672361374,0.01361562254508802,0.5125,3.097673217455546
795.5969490400001,585,7724,943.9,930,7188480,0.108744346,0.2,0.0003,5840,0.9933099150657654,1.3952619506046176,0.16437558829784393,0.2113640457391739,0.014727320686021509,0.496142578125,3.0929798682530723
790.6677611700001,586,7725,951.03,932,7200768,0.06317385,0.2,0.0003,5850,0.9957149028778076,0.39912693480340145,0.09739908576011658,0.2104364037513733,0.012322959632244116,0.491845703125,3.125173060099284
799.0068625799998,587,7725,943.74,933,7213056,0.105192296,0.2,0.0003,5860,0.9965378046035767,0.7444122526561842,0.07220125198364258,0.20948584377765656,0.01659484963408128,0.5256510416666667,3.167616169651349
809.2800414200001,588,7726,957.57,935,7225344,0.13477007,0.2,0.0003,5870,0.9966326355934143,0.23819976455997677,0.02885625883936882,0.2094866782426834,0.01922398768995966,0.5818359375,3.176613054672877
819.0808490399999,589,7726,958.77,936,7237632,0.076861404,0.2,0.0003,5880,0.9986622333526611,0.11165103584838411,0.05720864236354828,0.20911739766597748,0.0136955586654949,0.5170166015625,3.187617478768031
802.3745623999998,590,7727,939.4,938,7249920,0.108513445,0.2,0.0003,5890,0.9989666938781738,0.14578610066479694,0.02893172949552536,0.20888729393482208,0.010316495638592944,0.5656575520833333,3.20216620216767
798.30850114,591,7727,952.03,939,7262208,0.1938941,0.2,0.0003,5900,0.9976192712783813,0.591797431713591,0.19153064489364624,0.2092221975326538,0.021459147451484265,0.609326171875,3.2066221088171005
824.5334018299998,592,7728,944.9,941,7274496,0.084946714,0.2,0.0003,5910,0.9988806247711182,0.3359610467373083,0.1392204463481903,0.2096727341413498,0.012829675472069842,0.56083984375,3.1891784474253653
813.75863041,593,7727,939.05,942,7286784,0.09497125,0.2,0.0003,5920,0.9935466647148132,2.60498336184149,0.1145913377404213,0.20953355729579926,0.008914493218859813,0.5240315755208333,3.1807474548618
796.0968583299999,594,7727,940.42,944,7299072,0.13461533,0.2,0.0003,5930,0.9971872568130493,0.5980707560976346,0.15858423709869385,0.2098463922739029,0.00491129736037692,0.5507893880208333,3.1844806616504986
795.00009846,595,7728,940.55,946,7311360,0.13944383,0.2,0.0003,5940,0.9949620962142944,1.0920929034550986,0.13138797879219055,0.21029426157474518,0.01606673219066579,0.5891682942708333,3.170577324926853
768.3914413199999,596,7728,918.65,947,7323648,0.12333629,0.2,0.0003,5950,0.9905527830123901,3.8710899346197647,0.11325684934854507,0.2094171643257141,0.017084950341571432,0.6121907552083333,3.1733616535862286
764.33593554,597,7728,916.86,949,7335936,0.14826365,0.2,0.0003,5960,0.9896652698516846,2.599469924531877,0.3787038028240204,0.20936448872089386,0.007987745024486988,0.5912923177083333,3.1999195143580437
805.0803221799999,598,7729,933.33,950,7348224,0.0944443,0.2,0.0003,5970,0.998593807220459,0.28698081445569795,0.09538240730762482,0.209389328956604,0.021664525867769648,0.5626790364583333,3.216640468935172
807.5799488700001,599,7729,935.49,952,7360512,0.092840694,0.2,0.0003,5980,0.9989581108093262,0.2742989742507537,0.25942209362983704,0.2103458195924759,0.016143984810817833,0.5348063151041667,3.1825290898482006
790.6219476399998,600,7730,940.78,953,7372800,0.11143368,0.2,0.0003,5990,0.9965933561325073,1.2673160190073152,0.1270533800125122,0.2103080302476883,0.012051870335320321,0.5442057291666667,3.1514222880204517
783.1333600700002,601,7730,931.08,955,7385088,0.13025762,0.2,0.0003,6000,0.9960032105445862,2.075425637761752,1.7786856889724731,0.21049706637859344,0.011348019479191862,0.58173828125,3.143892561395963
810.05437914,602,7731,939.55,956,7397376,0.11427615,0.2,0.0003,6010,0.9985523819923401,0.6938504989258945,0.1947740614414215,0.21095794439315796,0.02007019417748476,0.5869873046875,3.1241230835517246
814.6109557000001,603,7731,943.86,958,7409664,0.1147106,0.2,0.0003,6020,0.9986410140991211,0.492888262666141,0.20897947251796722,0.21078121662139893,0.019717300554232983,0.5892822265625,3.1100254848599436
840.8617412699999,604,7732,961.43,959,7421952,0.072662614,0.2,0.0003,6030,0.9990208148956299,0.22733833168943723,0.09784640371799469,0.2109854817390442,0.007760756563220639,0.5160888671875,3.0960456972320873
841.86149652,605,7732,970.09,961,7434240,0.06372477,0.2,0.0003,6040,0.9997193217277527,0.08859236231849839,0.04922463744878769,0.2107955813407898,0.01758850813760849,0.49593912760416664,3.100282492736975
812.6601784300001,606,7733,970.71,962,7446528,0.06817921,0.2,0.0003,6050,0.9997503161430359,0.06379394083439062,0.009024307131767273,0.2110445648431778,0.017419881831059077,0.4802490234375,3.0951658805211384
794.7410664499998,607,7733,968.08,964,7458816,0.060365096,0.2,0.0003,6060,0.9990236759185791,0.08939231898790846,0.013304775580763817,0.21148498356342316,0.01165464959582702,0.50615234375,3.076362416644891
813.38182248,608,7734,974.34,965,7471104,0.10149583,0.2,0.0003,6070,0.9971689581871033,1.2933736862769971,0.14090107381343842,0.2111082226037979,0.007643486087908968,0.53056640625,3.068876472115517
805.7148184399999,609,7734,978.63,967,7483392,0.11205719,0.2,0.0003,6080,0.9991450309753418,0.27847541981997587,0.1279146522283554,0.21165156364440918,0.01734427989770969,0.5755859375,3.075643341243267
775.5198376499998,610,7735,972.35,969,7495680,0.102279544,0.2,0.0003,6090,0.9991821646690369,0.6647430523298681,0.3443540930747986,0.21071165800094604,0.009370655074599199,0.5033365885416666,3.1128697792689004
753.86040251,611,7735,946.71,970,7507968,0.14084895,0.2,0.0003,6100,0.9974045157432556,0.8774292022610705,0.4316588044166565,0.2106882482767105,0.013596497367931686,0.6131022135416667,3.132907106479009
739.2197253600002,612,7736,934.58,972,7520256,0.10016605,0.2,0.0003,6110,0.9984403848648071,0.49425177682812016,0.13651353120803833,0.21054445207118988,0.013999640841696722,0.5608479817708333,3.152211615939935
745.6108223099999,613,7736,934.58,973,7532544,0.09988091,0.2,0.0003,6120,0.9980227947235107,0.7682232869168123,0.2974795699119568,0.2098710983991623,0.010458548221019251,0.5479817708333333,3.1850816269715625
737.5951462599999,614,7737,934.58,975,7544832,0.0794035,0.2,0.0003,6130,0.9996117353439331,0.10362934031678984,0.10337165743112564,0.20908939838409424,0.020527011932669363,0.5381266276041666,3.2217356647054354
691.36767492,615,7737,899.46,976,7557120,0.07248192,0.2,0.0003,6140,0.9994527697563171,0.12729732325145354,0.037730924785137177,0.20860564708709717,0.018638180517882574,0.5432047526041667,3.2466878458857535
666.14802547,616,7738,858.94,978,7569408,0.061414767,0.2,0.0003,6150,0.9946803450584412,1.1305388923734427,0.3354502320289612,0.2086263746023178,0.005846788635244593,0.45880533854166666,3.256913473705451
688.72964352,617,7738,869.31,979,7581696,0.10771158,0.2,0.0003,6160,0.9965307712554932,0.9378993059818943,0.15732122957706451,0.20820100605487823,0.005964734718630401,0.5554606119791666,3.2759586056073506
726.1018204300001,618,7739,896.43,981,7593984,0.07706782,0.2,0.0003,6170,0.9994882345199585,0.08218035116636505,0.04927584156394005,0.20863674581050873,0.02434114594652783,0.5452799479166667,3.279690011839072
741.4967185799999,619,7739,908.56,982,7606272,0.06348869,0.2,0.0003,6180,0.9995463490486145,0.11248898825142532,0.04244738444685936,0.20876629650592804,0.023296841058375626,0.5146077473958334,3.2760729307929677
756.91672234,620,7740,908.56,984,7618560,0.05807339,0.2,0.0003,6190,0.9991928935050964,0.12446472123653317,0.04768620431423187,0.2090204507112503,0.014529603249199378,0.47605794270833335,3.271353069941203
768.4655948099999,621,7741,907.16,985,7630848,0.07541531,0.2,0.0003,6200,0.9991768598556519,0.12131755593388031,0.027768194675445557,0.20870864391326904,0.012978364985610825,0.50673828125,3.270202358563741
785.8195100700001,622,7741,922.6,987,7643136,0.108938076,0.2,0.0003,6210,0.9982258677482605,0.16505470994549493,0.050799861550331116,0.20806021988391876,0.011597038365289336,0.5122395833333333,3.3002009108662604
818.9458996099999,623,7742,948.02,988,7655424,0.079214044,0.2,0.0003,6220,0.9996654987335205,0.11217254522101333,0.0418572761118412,0.20800597965717316,0.014398123035304404,0.5251220703125,3.3181242143114407
825.4808627,624,7742,959.17,990,7667712,0.15359072,0.2,0.0003,6230,0.9965927600860596,0.3962465754399697,0.3102802038192749,0.20863449573516846,0.01131229086992486,0.6098876953125,3.2898247773448626
789.12224967,625,7743,927.09,991,7680000,0.119367756,0.2,0.0003,6240,0.997196614742279,0.7729353588695328,0.20577602088451385,0.2087332010269165,0.01078079317715795,0.5622151692708334,3.2814610143502554
756.3850099999999,626,7743,878.79,993,7692288,0.10174198,0.2,0.0003,6250,0.9971113801002502,0.8644158925550679,0.31407690048217773,0.20849649608135223,0.013867733453419835,0.5522542317708333,3.289862956603368
729.6472559700001,627,7744,860.34,994,7704576,0.106126554,0.2,0.0003,6260,0.9969816207885742,0.9804586550220847,0.37664851546287537,0.20923452079296112,0.01678951179746946,0.573486328125,3.2715546334783236
713.8649435599999,628,7744,854.23,996,7716864,0.06753116,0.2,0.0003,6270,0.9976321458816528,1.0314727523053686,0.442807137966156,0.20877356827259064,0.010166677938832436,0.5340983072916666,3.2801721423864363
721.9855997699998,629,7745,850.61,997,7729152,0.31714487,0.2,0.0003,6280,0.9984785318374634,0.23040856442724664,0.05054793506860733,0.20830374956130981,0.029750686285842674,0.6052978515625,3.3073308979471525
745.6176129700001,630,7745,877.51,999,7741440,0.12886553,0.2,0.0003,6290,0.9981584548950195,0.2952402994114285,0.07185076177120209,0.20858287811279297,0.022382199302955996,0.62421875,3.2823216170072556
737.85045009,631,7745,880.31,1001,7753728,0.102224074,0.2,0.0003,6300,0.9994750022888184,0.31136872017135225,0.19199852645397186,0.20812177658081055,0.019055816250814435,0.5558349609375,3.3024247338374457
734.43185083,632,7745,887.67,1002,7766016,0.08567965,0.2,0.0003,6310,0.9955251216888428,0.707214840563635,0.21161945164203644,0.2077324241399765,0.010397409664680406,0.5586018880208333,3.328237117330233
734.26428355,633,7746,923.83,1004,7778304,0.11498848,0.2,0.0003,6320,0.9967730641365051,0.24133319670024017,0.10953154414892197,0.20776033401489258,0.02186935621042115,0.6139892578125,3.33904025554657
754.0754827099997,634,7746,954.38,1005,7790592,0.07250463,0.2,0.0003,6330,0.9992291927337646,0.10053814365528524,0.02401742897927761,0.20806336402893066,0.013411995628363609,0.5133707682291667,3.3573548143108685
779.0366326899999,635,7747,969.93,1007,7802880,0.17442639,0.2,0.0003,6340,0.9976703524589539,0.4067406941826145,0.08603440225124359,0.2080027014017105,0.00811608442988169,0.5366617838541666,3.365864198903243
782.8192565800001,636,7747,961.36,1008,7815168,0.07866458,0.2,0.0003,6350,0.9981234073638916,0.8406768489318589,0.13856860995292664,0.20807011425495148,0.011482145787886111,0.48648274739583336,3.3854157626628876
768.61012677,637,7748,953.71,1010,7827456,0.36578807,0.2,0.0003,6360,0.9961406588554382,0.34697423529190324,0.09989386051893234,0.20734329521656036,0.033495258244996266,0.655615234375,3.3845085288087526
769.78270068,638,7748,949.63,1011,7839744,0.2019793,0.2,0.0003,6370,0.9969198107719421,0.6683888306220372,0.16227200627326965,0.20761223137378693,0.01358037278453897,0.6363850911458333,3.4179018408060076
794.76307752,639,7749,958.17,1013,7852032,0.0878155,0.2,0.0003,6380,0.9994315505027771,0.11139531960555663,0.04492829740047455,0.20701764523983002,0.020153124458738604,0.5480143229166666,3.4463162923852604
801.2082844199999,640,7749,955.18,1014,7864320,0.06669227,0.2,0.0003,6390,0.999799370765686,0.06183758748229593,0.04189290851354599,0.20631450414657593,0.020123016231082147,0.5486735026041667,3.487688531478246
806.9892452600001,641,7750,952.8,1016,7876608,0.10084281,0.2,0.0003,6400,0.9991268515586853,0.08522535748779773,0.01512395590543747,0.20625847578048706,0.019854081113104865,0.5810302734375,3.499955741564433
812.1790185599999,642,7750,953.69,1017,7888896,0.101952314,0.2,0.0003,6410,0.9994032382965088,0.17020322433672846,0.06247244030237198,0.20667634904384613,0.012983488806639798,0.56171875,3.4829224442442257
787.36530906,643,7750,937.67,1019,7901184,0.098232605,0.2,0.0003,6420,0.9994800090789795,0.1616034874226898,0.04188422113656998,0.20670254528522491,0.012053660514842099,0.5553629557291667,3.4769105022152265
802.2345154999998,644,7751,957.38,1020,7913472,0.12251097,0.2,0.0003,6430,0.9975813031196594,0.5862934061636528,0.21454641222953796,0.2068069726228714,0.009068697333714227,0.5991536458333333,3.488948633770148
828.3280863800002,645,7751,955.07,1022,7925760,0.10025952,0.2,0.0003,6440,0.999214231967926,0.3308768518657113,0.10866750776767731,0.20709459483623505,0.014417892988421954,0.5676839192708333,3.490681687494119
813.46757588,646,7752,947.82,1023,7938048,0.0879097,0.2,0.0003,6450,0.999358057975769,0.11630675640966122,0.02623702585697174,0.20753097534179688,0.014236845554842148,0.5237467447916667,3.481061858435472
820.9271075400002,647,7752,947.82,1025,7950336,0.08667383,0.2,0.0003,6460,0.9985094666481018,0.14315093936553847,0.046426594257354736,0.20707450807094574,0.015026497868772519,0.5412841796875,3.5001080746452016
830.8192378699999,648,7753,928.33,1027,7962624,0.07060478,0.2,0.0003,6470,0.9996762871742249,0.1486844459703813,0.06130146607756615,0.20680733025074005,0.015177974061710604,0.5270100911458333,3.5142166366179786
845.8179920900002,649,7753,930.71,1028,7974912,0.2172761,0.2,0.0003,6480,0.9982535243034363,0.36630778494291005,0.0952252745628357,0.20728187263011932,0.009979677960897486,0.5884033203125,3.507469993333022
858.18119291,650,7754,939.95,1030,7987200,0.09678179,0.2,0.0003,6490,0.9992733597755432,0.1820611365372315,0.05324229225516319,0.20651835203170776,0.023325881987208655,0.6154296875,3.5126241316397984
843.3936082899999,651,7754,924.0,1031,7999488,0.084964365,0.2,0.0003,6500,0.9981813430786133,0.7020462447311729,0.09034805744886398,0.2066594362258911,0.01105481663592703,0.5638671875,3.528275553882122
837.6666825599999,652,7754,930.15,1033,8011776,0.13705039,0.2,0.0003,6510,0.9976402521133423,0.28188141028707225,0.0607304610311985,0.20549629628658295,0.016282915916235652,0.6204345703125,3.5561729098359742
830.2181722,653,7755,928.53,1034,8024064,0.07562828,0.2,0.0003,6520,0.9997689723968506,0.08011338460880021,0.04470892250537872,0.2048751562833786,0.014531778440868948,0.523486328125,3.597251543899377
789.92145038,654,7755,919.05,1036,8036352,0.10965878,0.2,0.0003,6530,0.9970715045928955,0.2365446459967643,0.10412727296352386,0.20463909208774567,0.007482780364322632,0.5528076171875,3.6143105109532674
811.93057946,655,7756,928.72,1037,8048640,0.10714447,0.2,0.0003,6540,0.9963966608047485,1.3070238798546294,0.6004489660263062,0.2048502415418625,0.010072364706623678,0.5803955078125,3.6305190081397694
815.4303405100001,656,7756,933.51,1039,8060928,0.33727053,0.2,0.0003,6550,0.9996370077133179,0.13947470285153638,0.0786864385008812,0.20461036264896393,0.019327123598001587,0.5267496744791667,3.643179202079773
796.71621342,657,7757,927.63,1040,8073216,0.10317453,0.2,0.0003,6560,0.9975061416625977,1.5345947314674655,0.4700137972831726,0.20459668338298798,0.012396760399375732,0.5608723958333334,3.66189107298851
826.9299708300001,658,7757,936.21,1042,8085504,0.10527412,0.2,0.0003,6570,0.998363733291626,1.20638924393182,0.17253199219703674,0.20407064259052277,0.017836569436379554,0.5776448567708333,3.674095572034518
814.2286212499998,659,7757,921.72,1043,8097792,0.11744064,0.2,0.0003,6580,0.9991199374198914,0.2890475122102847,0.21060551702976227,0.20436616241931915,0.015205350106649954,0.6096110026041667,3.6691717783610027
777.5515705800001,660,7758,892.07,1045,8110080,0.10950539,0.2,0.0003,6590,0.9970109462738037,0.8088037829225262,0.27131935954093933,0.20393036305904388,0.009865482118038926,0.5856038411458333,3.670033244788647
762.4396107399999,661,7758,884.06,1046,8122368,0.082639135,0.2,0.0003,6600,0.9844949245452881,4.163526971638203,1.10332453250885,0.20348362624645233,-0.000658110033449096,0.5135660807291667,3.6871700917681056
721.8507953500001,662,7759,873.74,1048,8134656,0.13807778,0.2,0.0003,6610,0.995874285697937,0.39823404924633604,0.14962342381477356,0.20306682586669922,0.026968209350404018,0.6505696614583333,3.707719910641511
724.14535006,663,7759,879.74,1049,8146944,0.15077937,0.2,0.0003,6620,0.9975595474243164,0.5287316961524388,0.18612530827522278,0.20313531160354614,0.018338258566412455,0.620166015625,3.6994955042997995
718.48706161,664,7759,893.7,1051,8159232,0.10674348,0.2,0.0003,6630,0.9991520047187805,0.2207290847009669,0.11703723669052124,0.20240677893161774,0.013284284148539882,0.5755045572916667,3.729080566763878
703.23281872,665,7760,900.78,1052,8171520,0.07877854,0.2,0.0003,6640,0.9995654225349426,0.053657706407830116,0.01241232454776764,0.20314188301563263,0.02271909001962437,0.55693359375,3.729696121811867
689.7761669099999,666,7760,904.76,1054,8183808,0.052934576,0.2,0.0003,6650,0.9995281100273132,0.062302902806550264,0.04216068238019943,0.20333538949489594,0.016352057190670167,0.49166666666666664,3.717083513736725
704.1586420600001,667,7761,937.69,1056,8196096,0.08579696,0.2,0.0003,6660,0.9992308616638184,0.28044874874564507,0.07072769105434418,0.20360136032104492,0.01362424474452079,0.5535074869791666,3.709301447371642
756.2773931400001,668,7761,971.95,1057,8208384,0.09975756,0.2,0.0003,6670,0.9998354911804199,0.04675804388631756,0.04959516227245331,0.20380347967147827,0.018612475441477726,0.5325439453125,3.710137558480104
770.24847385,669,7762,975.53,1059,8220672,0.072207905,0.2,0.0003,6680,0.9997424483299255,0.11158980694599449,0.05697671324014664,0.20352567732334137,0.012295574560994282,0.5037679036458333,3.7115705102682113
799.4518196900003,670,7762,992.73,1060,8232960,0.092982225,0.2,0.0003,6690,0.9995239973068237,0.07528790947981179,-0.009676155634224415,0.2025720626115799,0.012690900164064564,0.5362874348958333,3.7296790768702826
788.8885059400001,671,7762,991.06,1062,8245248,0.062465027,0.2,0.0003,6700,0.999090850353241,0.21210194173424193,0.03014465793967247,0.20198161900043488,0.004726422487389452,0.510400390625,3.7665391017993293
759.0890109200002,672,7763,941.11,1063,8257536,0.09788533,0.2,0.0003,6710,0.999398410320282,0.09141571924556047,0.08463422954082489,0.20168088376522064,0.01812128712675379,0.56416015625,3.80007113168637
698.1405850399999,673,7763,848.15,1065,8269824,0.08995789,0.2,0.0003,6720,0.9937394261360168,2.0685948078831036,1.0842595100402832,0.20213182270526886,0.007640364843731125,0.5093912760416667,3.8005808115005495
666.2093782800001,674,7763,798.04,1066,8282112,0.05709963,0.2,0.0003,6730,0.9937657117843628,4.287057905147473,1.5177414417266846,0.20166683197021484,-0.004876131131216728,0.41163736979166665,3.8062712997198105
608.41926038,675,7764,727.33,1068,8294400,0.05599315,0.2,0.0003,6740,0.992473304271698,8.368286414444446,5.536141395568848,0.20170682668685913,-0.008672083933682491,0.40701497395833336,3.82112796207269
583.62294494,676,7764,723.12,1069,8306688,0.08098828,0.2,0.0003,6750,0.9951621294021606,3.794808468222618,2.0035946369171143,0.2015419602394104,0.0006051600454763199,0.5185546875,3.8344228888551393
596.61936456,677,7765,717.24,1071,8318976,0.12263269,0.2,0.0003,6760,0.9979189038276672,0.8618993192600707,0.2998431324958801,0.2016610950231552,0.024023135671935356,0.6398193359375,3.8386868342757223
630.75030729,678,7765,742.69,1072,8331264,0.12277291,0.2,0.0003,6770,0.9983616471290588,0.4658199162532886,0.13645125925540924,0.20228295028209686,0.02961872627978058,0.6108154296875,3.82066596498092
668.43364086,679,7765,791.59,1074,8343552,0.09303713,0.2,0.0003,6780,0.9984255433082581,0.4912576915075382,0.23951342701911926,0.20277424156665802,0.02032472816936206,0.569677734375,3.809830351173878
704.2151413199999,680,7766,831.87,1075,8355840,0.1002885,0.2,0.0003,6790,0.9959538578987122,1.282054352729271,0.20979663729667664,0.20248258113861084,0.01852335813115739,0.5945556640625,3.798957279821237
709.51781967,681,7766,870.13,1077,8368128,0.098938785,0.2,0.0003,6800,0.998530924320221,0.24465776189851265,0.19079077243804932,0.2025088667869568,0.0178684171953743,0.5662516276041667,3.797905184328556
702.5356770800001,682,7766,891.01,1078,8380416,0.07224568,0.2,0.0003,6810,0.9982279539108276,0.09386037675042948,0.05349969118833542,0.20249146223068237,0.024820368448854425,0.5821044921875,3.813460260629654
680.9417881699999,683,7767,879.57,1080,8392704,0.114527084,0.2,0.0003,6820,0.9869831204414368,2.078198773910602,1.0428752899169922,0.2013172060251236,0.013274769248770706,0.5503255208333333,3.847625304758549
662.77854356,684,7767,866.61,1082,8404992,0.19792478,0.2,0.0003,6830,0.9898948073387146,3.692887225250403,6.243405818939209,0.20094533264636993,0.00897029457652631,0.5881754557291666,3.8853648573160173
679.5390764,685,7768,885.71,1083,8417280,0.12322541,0.2,0.0003,6840,0.9981327652931213,0.3860514154502501,0.10670178383588791,0.20223911106586456,0.0297699611983262,0.6639078776041667,3.846769444147746
700.5484835899999,686,7768,884.49,1085,8429568,0.075716645,0.2,0.0003,6850,0.9996378421783447,0.12828489653766156,0.056907009333372116,0.2020225077867508,0.02236233462075082,0.558544921875,3.82018843938907
694.8283759600001,687,7768,875.92,1086,8441856,0.079766504,0.2,0.0003,6860,0.9994121193885803,0.0766992073894168,0.017647404223680496,0.2017250806093216,0.009561474341414094,0.5300130208333333,3.8177206630508107
720.9070441399999,688,7769,872.56,1088,8454144,0.13864319,0.2,0.0003,6870,0.9988939166069031,0.3003642159203688,0.10560683906078339,0.20124642550945282,0.012358713819169982,0.5584879557291667,3.8343951205412545
753.5994149399999,689,7769,891.58,1089,8466432,0.0766185,0.2,0.0003,6880,0.9990224838256836,0.3020105046220124,0.06440257281064987,0.20081079006195068,0.008612301622148759,0.522900390625,3.8597751860817273
800.51277475,690,7770,932.72,1091,8478720,0.08773139,0.2,0.0003,6890,0.999190628528595,0.21840929564399023,0.1710371971130371,0.2003984898328781,0.015612699650228023,0.5426676432291667,3.878921239078045
843.0399216100002,691,7770,960.64,1092,8491008,0.057951,0.2,0.0003,6900,0.9998638033866882,0.046768216815932344,0.0529266893863678,0.20008450746536255,0.015762327628423615,0.49825846354166664,3.8980714360872906
869.4235626599999,692,7770,972.56,1094,8503296,0.060025875,0.2,0.0003,6910,0.9998669624328613,0.04723587528569624,0.009390789084136486,0.1995960921049118,0.011306495494985332,0.4802164713541667,3.9261922895908357
850.1870417099999,693,7771,972.56,1095,8515584,0.07099099,0.2,0.0003,6920,0.9997165203094482,0.04185824811769028,0.020138755440711975,0.1992049366235733,0.016154221279915268,0.5080891927083333,3.9683232521017393
831.90948166,694,7771,978.75,1097,8527872,0.054789122,0.2,0.0003,6930,0.9997896552085876,0.052474419594121476,0.022418418899178505,0.1992465853691101,0.013613643982292463,0.5057698567708333,3.9779296393195787
827.7338780599998,695,7771,979.03,1098,8540160,0.06842341,0.2,0.0003,6940,0.9990864992141724,0.13206273422110826,0.0312679149210453,0.19900305569171906,0.010646834288005872,0.5401448567708333,3.995119374493758
802.91406643,696,7772,981.05,1100,8552448,0.123401456,0.2,0.0003,6950,0.99491947889328,0.22709966209561874,0.033651575446128845,0.19927334785461426,0.0038607811467954887,0.6038981119791667,3.9938517957925797
797.0276020400001,697,7772,981.05,1101,8564736,0.095704444,0.2,0.0003,6960,0.9990966320037842,0.19577344791032375,0.046448465436697006,0.19947494566440582,0.014078500341323281,0.571923828125,3.9969196021556854
804.97215796,698,7773,979.76,1103,8577024,0.07632419,0.2,0.0003,6970,0.9997987151145935,0.06002752745601659,0.004049884155392647,0.1992882341146469,0.016200822358223378,0.5309000651041667,4.0138531684875485
786.62009949,699,7773,978.44,1104,8589312,0.07299412,0.2,0.0003,6980,0.9991018772125244,0.21403033301855126,0.0691884458065033,0.19899845123291016,0.012501727851486066,0.5834228515625,4.010682888329029
781.0491347,700,7773,974.99,1106,8601600,0.0920477,0.2,0.0003,6990,0.9994410276412964,0.270223031565547,0.13476501405239105,0.19912032783031464,0.016001026052981614,0.5830403645833333,4.017127081751823
780.6811053600001,701,7774,972.96,1108,8613888,0.08711722,0.2,0.0003,7000,0.9993950724601746,0.07414731939012806,0.014056629501283169,0.1990189403295517,0.021073794306721537,0.5376302083333333,4.0341955383618675
798.0011871700001,702,7774,971.95,1109,8626176,0.08716163,0.2,0.0003,7010,0.9985716342926025,0.22804635418578983,0.03846418112516403,0.19858907163143158,0.006776539217389655,0.5623291015625,4.033144746224085
825.9990618200001,703,7774,984.28,1111,8638464,0.089417614,0.2,0.0003,7020,0.9994218945503235,0.12640189109370112,0.06796760857105255,0.19850993156433105,0.017501039650718062,0.5450439453125,4.063033500313759
850.565665,704,7775,986.5,1112,8650752,0.07381695,0.2,0.0003,7030,0.9993557333946228,0.11714325343103459,0.046477124094963074,0.19815869629383087,0.008507870697940234,0.5239501953125,4.08326723476251
848.89621103,705,7775,986.5,1114,8663040,0.06987014,0.2,0.0003,7040,0.9997607469558716,0.060991741817755005,0.045783840119838715,0.19796641170978546,0.015756899804788796,0.5281982421875,4.098344777027766
842.8225885699999,706,7775,987.79,1115,8675328,0.0632985,0.2,0.0003,7050,0.9997069835662842,0.0836715713298569,0.05995740741491318,0.19728268682956696,0.01310183818762501,0.507470703125,4.119214096665383
842.12014865,707,7776,989.11,1117,8687616,0.058345735,0.2,0.0003,7060,0.9998486638069153,0.03844954808785891,0.008831602521240711,0.19665060937404633,0.017092543326725718,0.51513671875,4.156415329376856
854.8345646799999,708,7776,992.56,1118,8699904,0.047128964,0.2,0.0003,7070,0.9999085068702698,0.030910623191933457,0.028035728260874748,0.19627892971038818,0.013218337769891756,0.46609700520833336,4.19299987355868
866.7832853299999,709,7776,994.59,1120,8712192,0.058601003,0.2,0.0003,7080,0.9999251961708069,0.02816466839479593,0.03387327864766121,0.19537174701690674,0.016151602260166934,0.4985758463541667,4.245142835378647
875.51950262,710,7777,994.59,1121,8724480,0.060447693,0.2,0.0003,7090,0.9998821020126343,0.035642856186799084,-0.004218717105686665,0.19541029632091522,0.010406091569651228,0.4926513671875,4.270169093211492
850.73698134,711,7777,1000.0,1123,8736768,0.0662097,0.2,0.0003,7100,0.9999095797538757,0.027216245032226045,0.029151905328035355,0.19536012411117554,0.012665986600525987,0.513525390625,4.281749395529429
819.72973856,712,7777,995.68,1124,8749056,0.06635433,0.2,0.0003,7110,0.9997559189796448,0.032993292047952615,-0.00422611553221941,0.19532163441181183,0.013267696704618477,0.5178548177083333,4.303181280692418
825.81685625,713,7777,995.68,1126,8761344,0.09018984,0.2,0.0003,7120,0.996685266494751,0.21493305466913928,0.10065226256847382,0.1956748366355896,0.008784356309721868,0.555126953125,4.305253834525744
810.5962878099999,714,7778,995.53,1127,8773632,0.08936801,0.2,0.0003,7130,0.9998100399971008,0.03468966047900419,0.025003159418702126,0.19554270803928375,0.016052597178107437,0.5413818359375,4.320242248972257
806.0851586099999,715,7778,991.82,1129,8785920,0.24367349,0.2,0.0003,7140,0.9985153675079346,0.1596923313724498,0.13404686748981476,0.19553591310977936,0.009699940874270396,0.5605224609375,4.314297992984454
769.1085602999998,716,7778,957.75,1131,8798208,0.11569921,0.2,0.0003,7150,0.9972002506256104,0.295294200667801,0.03396323323249817,0.1962866634130478,0.009144729587084536,0.5912760416666667,4.305843490362167
772.10248327,717,7779,954.43,1132,8810496,0.12366674,0.2,0.0003,7160,0.9857778549194336,0.4898988291621208,0.31534144282341003,0.19595342874526978,0.018324756159563547,0.5767333984375,4.302334796388944
743.7987080099999,718,7779,947.36,1134,8822784,0.113307,0.2,0.0003,7170,0.9973115921020508,0.12003217770640427,0.056191347539424896,0.19594132900238037,0.022051220092786632,0.616162109375,4.301542634765307
744.2605008099999,719,7779,940.2,1135,8835072,0.10404384,0.2,0.0003,7180,0.9981040954589844,0.12197298464210084,0.04368702322244644,0.19614814221858978,0.017168337565090043,0.61591796875,4.3026211768388745
754.8782484700001,720,7780,944.52,1137,8847360,0.10347631,0.2,0.0003,7190,0.9986298084259033,0.13611890657339246,0.06680972874164581,0.1966904252767563,0.012695497472789915,0.5731119791666667,4.2938138027985895
750.8178268600001,721,7780,943.04,1138,8859648,0.08117518,0.2,0.0003,7200,0.999277651309967,0.09240941208942482,0.012133833020925522,0.1965848207473755,0.014904388929911269,0.5692057291666667,4.273163130879402
752.99053327,722,7780,946.35,1140,8871936,0.073030815,0.2,0.0003,7210,0.9970906376838684,0.20971553715256352,0.10454235225915909,0.19589199125766754,0.009728462443551205,0.5392903645833333,4.296072400609652
758.4913319899999,723,7781,955.67,1141,8884224,0.07519736,0.2,0.0003,7220,0.9996952414512634,0.032132797952120505,0.05839816853404045,0.19600354135036469,0.020889313850784675,0.5492513020833333,4.329557454586029
772.40335542,724,7781,980.95,1143,8896512,0.082212664,0.2,0.0003,7230,0.9996694922447205,0.08411627586465328,0.01831294223666191,0.19598662853240967,0.015469231232903743,0.5693115234375,4.332737901806832
774.4114415500001,725,7781,979.57,1144,8908800,0.105291426,0.2,0.0003,7240,0.9990185499191284,0.13361952282333125,0.028170112520456314,0.1966942548751831,0.014786689248285256,0.608984375,4.2960385104020435
800.45968563,726,7781,993.8,1146,8921088,0.073947184,0.2,0.0003,7250,0.9997749328613281,0.043969577958341687,0.03962012380361557,0.19636447727680206,0.01532076785612541,0.5201904296875,4.326488660772641
809.9551609500002,727,7782,993.8,1147,8933376,0.06875467,0.2,0.0003,7260,0.9998207092285156,0.03991922035735721,0.04113320633769035,0.19621382653713226,0.013167313900097118,0.5152913411458333,4.342645260691643
823.5943836199999,728,7782,991.08,1149,8945664,0.08463043,0.2,0.0003,7270,0.999621570110321,0.10314749074944606,0.08518536388874054,0.195822611451149,0.00829459632053234,0.5412679036458333,4.356320568919182
817.3378536300002,729,7782,980.65,1151,8957952,0.09511918,0.2,0.0003,7280,0.9995415806770325,0.10294096524982403,0.04835961014032364,0.1958979219198227,0.010949789821946372,0.5581787109375,4.36434648235639
823.0398803799998,730,7782,974.83,1152,8970240,0.13146694,0.2,0.0003,7290,0.9981924891471863,0.1588861934064577,0.01093984767794609,0.19558186829090118,0.015987775064907814,0.6187174479166667,4.359350813428561
826.5572537600002,731,7783,969.43,1154,8982528,0.10179099,0.2,0.0003,7300,0.9991610646247864,0.17698296608092884,0.1717403084039688,0.19630658626556396,0.017279133422804686,0.5838053385416667,4.347350356976191
826.8806833500001,732,7783,972.62,1155,8994816,0.101300925,0.2,0.0003,7310,0.9989681839942932,0.23947121375240385,0.13134805858135223,0.19607384502887726,0.01712982631919052,0.59306640625,4.349537499745687
828.18409158,733,7783,974.0,1157,9007104,0.07988992,0.2,0.0003,7320,0.9997402429580688,0.05285802140521507,0.028978057205677032,0.1961212009191513,0.017975780528164856,0.5454671223958333,4.362014145652453
833.51041866,734,7784,974.0,1158,9019392,0.083619274,0.2,0.0003,7330,0.9995356202125549,0.1313454978633672,0.12459654361009598,0.19597065448760986,0.018144969991893353,0.5548909505208334,4.3695207118988035
834.53946398,735,7784,974.0,1160,9031680,0.09434068,0.2,0.0003,7340,0.9996209144592285,0.109585490077734,-0.0007433947175741196,0.1961025446653366,0.011587742543876326,0.527392578125,4.372476035356522
823.8690361700001,736,7784,972.09,1161,9043968,0.07558351,0.2,0.0003,7350,0.9997724294662476,0.05594019964337349,0.02756214514374733,0.19579409062862396,0.018691393234378968,0.5522623697916667,4.395302618543307
806.8588099000001,737,7784,968.67,1163,9056256,0.083653726,0.2,0.0003,7360,0.9986579418182373,0.09826355103868992,0.039339542388916016,0.19576363265514374,0.016929010794168184,0.5689778645833333,4.4002222885688145
787.91606218,738,7785,945.43,1164,9068544,0.19576342,0.2,0.0003,7370,0.9869426488876343,1.7631740397463243,0.14351175725460052,0.19559507071971893,0.008482479190570302,0.6359944661458333,4.4045598834753035
774.2719419600002,739,7785,929.79,1166,9080832,0.14424117,0.2,0.0003,7380,0.993417501449585,0.9046993337882062,0.28457173705101013,0.1952531337738037,0.013502066650350268,0.6333333333333333,4.415186514457067
777.71727495,740,7785,929.79,1167,9093120,0.106421135,0.2,0.0003,7390,0.9901574850082397,2.7762521913585565,0.9333575963973999,0.19505207240581512,0.009846397441773054,0.6133056640625,4.429534242550532
761.7866448400001,741,7785,897.14,1169,9105408,0.16604367,0.2,0.0003,7400,0.9978402256965637,0.3992838330566883,0.209309384226799,0.1956394463777542,0.02849468689916345,0.6699544270833333,4.405408948659897
703.43979658,742,7786,857.81,1171,9117696,0.078434825,0.2,0.0003,7410,0.988787055015564,2.39625231338044,0.7784848809242249,0.19616281986236572,0.004468678305662858,0.5305419921875,4.36498315234979
680.9087166999999,743,7786,823.25,1172,9129984,0.15823059,0.2,0.0003,7420,0.9916061162948608,1.800582093372941,0.7418882846832275,0.19677305221557617,0.016773812985532762,0.5666910807291666,4.316709820429484
683.51123746,744,7786,824.6,1174,9142272,0.11713936,0.2,0.0003,7430,0.9931936264038086,1.7304964276651542,0.47402146458625793,0.1967574954032898,0.009818444077973254,0.5953938802083333,4.29246913989385
692.3696753300001,745,7786,829.77,1175,9154560,0.13016842,0.2,0.0003,7440,0.9975653886795044,1.192340965786328,0.5826061964035034,0.1965162307024002,0.019082475734952215,0.622802734375,4.305725665887197
699.9868690100001,746,7787,847.06,1177,9166848,0.26277068,0.2,0.0003,7450,0.9886142611503601,1.6022589749346177,0.5420526266098022,0.19638143479824066,0.018895946679792056,0.6820068359375,4.298624878128369
699.2799672200001,747,7787,847.06,1178,9179136,0.18926413,0.2,0.0003,7460,0.997429609298706,0.41965596098452806,0.19806644320487976,0.1952110081911087,0.03941931449129091,0.6932047526041667,4.346105614304543
743.96526347,748,7787,871.24,1180,9191424,0.0910722,0.2,0.0003,7470,0.9991747140884399,0.13254241564621527,0.06510625034570694,0.19518454372882843,0.02866501104241858,0.6016357421875,4.347208920121193
773.11162618,749,7787,902.75,1181,9203712,0.08381367,0.2,0.0003,7480,0.9983206391334534,0.158923671914575,0.12253360450267792,0.19512195885181427,0.01720690537961976,0.536767578125,4.345495615402857
770.4135370500001,750,7788,908.43,1183,9216000,0.13652869,0.2,0.0003,7490,0.9982873201370239,0.17197188278660178,0.04522763192653656,0.19480760395526886,0.022908891503175256,0.6414306640625,4.361079683899879
782.42700167,751,7788,910.5,1184,9228288,0.13753636,0.2,0.0003,7500,0.9968141317367554,0.9614343562473854,0.23812615871429443,0.19482260942459106,0.01249480189338404,0.60791015625,4.3663798103729885
757.3857478700002,752,7788,899.78,1186,9240576,0.13872813,0.2,0.0003,7510,0.9945153594017029,0.9837697862957915,0.20130035281181335,0.19422364234924316,0.007576288751442917,0.6208251953125,4.3695139219363535
776.2542002300002,753,7788,895.55,1188,9252864,0.10344713,0.2,0.0003,7520,0.9918029308319092,2.731469503728052,0.2400747537612915,0.19432513415813446,0.004360740907092501,0.5740885416666667,4.402012983957927
747.8523356400001,754,7788,871.93,1189,9265152,0.175382,0.2,0.0003,7530,0.9932755827903748,0.6601279720664024,0.2408847063779831,0.19464795291423798,0.01659356826809623,0.6526285807291666,4.362214237451553
740.2958332000001,755,7788,863.87,1191,9277440,0.15723233,0.2,0.0003,7540,0.9965440630912781,1.5644095984598,1.2197718620300293,0.1946893185377121,0.018948811355706616,0.6617757161458333,4.347875100374222
721.8505281600003,756,7789,861.15,1192,9289728,0.15627618,0.2,0.0003,7550,0.9890149235725403,4.6897374243165055,1.6026246547698975,0.19410836696624756,0.02108988390294447,0.6731689453125,4.338689421614011
750.4144528699998,757,7789,870.61,1194,9302016,0.15080135,0.2,0.0003,7560,0.9955054521560669,0.7537924507011969,0.18437910079956055,0.1937553882598877,0.020708543918832825,0.6413981119791666,4.3271706134080885
713.9334848700001,758,7789,857.36,1195,9314304,0.17319189,0.2,0.0003,7570,0.979909360408783,8.87061441913247,0.4030519723892212,0.1941663771867752,0.016696445406705607,0.6387939453125,4.316364368796348
736.1980379199999,759,7789,880.26,1197,9326592,0.12885945,0.2,0.0003,7580,0.9813264012336731,4.928810474773248,1.5968425273895264,0.19498540461063385,0.015411715993347267,0.6226969401041667,4.287793695926666
684.2880990400001,760,7789,838.37,1198,9338880,0.16294275,0.2,0.0003,7590,0.995897114276886,1.014533648143212,0.7936379313468933,0.19522638618946075,0.024729072837847827,0.6713785807291667,4.263231433431307
708.89072732,761,7789,845.75,1200,9351168,0.14229272,0.2,0.0003,7600,0.9927741289138794,3.53819500717024,3.7798991203308105,0.19569356739521027,0.01206185420063169,0.6153076171875,4.225216700633367
690.99725749,762,7790,832.25,1201,9363456,0.17939527,0.2,0.0003,7610,0.9960379004478455,0.77005293002973,0.13657747209072113,0.19573761522769928,0.028135280461234893,0.6576741536458334,4.190765814979871
701.7633111099999,763,7790,834.97,1203,9375744,0.13922493,0.2,0.0003,7620,0.9950258731842041,1.1281109847749273,0.2342129647731781,0.19620907306671143,0.01818004699695545,0.6545572916666667,4.165904608368874
712.0311880400001,764,7790,836.86,1205,9388032,0.13778801,0.2,0.0003,7630,0.9933556318283081,1.1204965331281225,1.294169545173645,0.19596999883651733,0.017464113909227308,0.6308919270833333,4.140168913205465
745.09447245,765,7790,866.43,1206,9400320,0.13106,0.2,0.0003,7640,0.9962081909179688,0.7253956310761471,0.17794305086135864,0.196340873837471,0.02345610384994264,0.6504964192708333,4.132859213153521
751.9027348100001,766,7790,875.17,1208,9412608,0.09412495,0.2,0.0003,7650,0.9965859651565552,1.3348387990146875,0.6062162518501282,0.19592344760894775,0.01807504339327958,0.5986653645833333,4.114525869488716
784.23670638,767,7790,895.7,1209,9424896,0.14853506,0.2,0.0003,7660,0.9981433749198914,0.1741489426077654,0.08745656907558441,0.1961371749639511,0.016229420941575274,0.6299397786458333,4.108198602994283
810.318232,768,7791,924.3,1211,9437184,0.09429872,0.2,0.0003,7670,0.9940455555915833,1.2544064432693025,0.07515835762023926,0.1961207389831543,0.005476913659852774,0.5506591796875,4.106038670738538
840.2165323500001,769,7791,942.56,1212,9449472,0.11085409,0.2,0.0003,7680,0.9995099902153015,0.11189645066236456,0.04939159005880356,0.19547976553440094,0.020411960379957843,0.5878743489583333,4.120529009898504
835.6527726799999,770,7791,956.68,1214,9461760,0.077226914,0.2,0.0003,7690,0.9996750950813293,0.09687736622678737,0.04942737892270088,0.19537098705768585,0.013830159441325426,0.5394938151041667,4.14312416712443
829.39393332,771,7791,958.96,1215,9474048,0.1177121,0.2,0.0003,7700,0.9968283176422119,0.7731971047973881,0.22499510645866394,0.1950635462999344,0.015867568515144134,0.6113037109375,4.1294529914855955
849.5367184699999,772,7791,966.25,1217,9486336,0.12389972,0.2,0.0003,7710,0.9922548532485962,1.6894973538505533,1.9785202741622925,0.19485841691493988,0.00783069511623277,0.6106689453125,4.142121879259745
866.30626075,773,7792,962.47,1219,9498624,0.08151538,0.2,0.0003,7720,0.9995482563972473,0.08742705089195321,0.028417259454727173,0.19466161727905273,0.02125915297171256,0.54755859375,4.164746607343356
888.2270345000001,774,7792,970.45,1220,9510912,0.08112893,0.2,0.0003,7730,0.9977914690971375,0.21301101660355926,0.03669853135943413,0.19416852295398712,0.004173800451098941,0.5270263671875,4.184508421023687
869.6310681999998,775,7792,955.39,1222,9523200,0.093532324,0.2,0.0003,7740,0.9994051456451416,0.2023585657433917,0.057079069316387177,0.1936177760362625,0.016554743428423536,0.5586995442708333,4.222805019219717
813.9576337699999,776,7792,923.67,1223,9535488,0.13354816,0.2,0.0003,7750,0.993965744972229,0.4427829058840871,0.09954466670751572,0.19360561668872833,0.006209134196736462,0.61015625,4.2271820366382595
787.7368869799997,777,7792,922.07,1225,9547776,0.10674411,0.2,0.0003,7760,0.9809691309928894,2.1906985780845085,1.4260112047195435,0.1935262233018875,-0.000272906102569929,0.5378987630208333,4.221218732992808
793.14422471,778,7792,927.02,1226,9560064,0.096966,0.2,0.0003,7770,0.9969080090522766,0.35005402212652065,0.19444997608661652,0.1941993087530136,0.021516474121502444,0.6281412760416667,4.1904066930214565
805.7396355200002,779,7792,932.67,1228,9572352,0.114922784,0.2,0.0003,7780,0.9983012676239014,0.3430904275116821,0.13374869525432587,0.19398075342178345,0.013567393140692729,0.6184326171875,4.193743772308031
797.5571748399999,780,7792,940.25,1229,9584640,0.089095116,0.2,0.0003,7790,0.9997024536132812,0.06663953578099609,0.04737395793199539,0.1940983682870865,0.01871112385658004,0.5441243489583333,4.2104637861251835
777.3802497699998,781,7793,940.25,1231,9596928,0.07844462,0.2,0.0003,7800,0.9997023344039917,0.06112132503185421,0.026484884321689606,0.19382894039154053,0.013679242532816716,0.5364664713541667,4.234859201312065
780.9846203899999,782,7793,953.02,1232,9609216,0.083184846,0.2,0.0003,7810,0.9996061325073242,0.061027002645035584,0.02934165485203266,0.19328691065311432,0.013262758334652366,0.528662109375,4.2557892541090645
789.6782058599998,783,7793,947.75,1234,9621504,0.07087935,0.2,0.0003,7820,0.9996955990791321,0.05296827409959708,0.02245478890836239,0.19286686182022095,0.013539086187665816,0.527880859375,4.301370806495348
815.0617807700002,784,7793,969.03,1236,9633792,0.15000315,0.2,0.0003,7830,0.9976810812950134,0.5674727139684062,0.360872745513916,0.1927863359451294,0.009461342062180241,0.6023600260416667,4.310464515288671
805.7661937600001,785,7794,961.69,1237,9646080,0.11738989,0.2,0.0003,7840,0.9951388239860535,1.1042624653937916,0.37373965978622437,0.19256161153316498,0.005596924273413606,0.5998209635416667,4.310937129457792
818.0718838599998,786,7794,960.05,1239,9658368,0.117247276,0.2,0.0003,7850,0.997153103351593,0.48530237429464856,0.19885192811489105,0.19322003424167633,0.012335169676468164,0.6321858723958333,4.29467099805673
811.6301815999999,787,7794,955.21,1240,9670656,0.12255064,0.2,0.0003,7860,0.9985778331756592,0.2937648967684557,0.08014848083257675,0.19233709573745728,0.016005428699524298,0.6063069661458333,4.321657486756643
820.73081523,788,7794,955.21,1242,9682944,0.099179424,0.2,0.0003,7870,0.9992017149925232,0.199170724193876,0.10380949079990387,0.19199047982692719,0.02155342144299842,0.5979166666666667,4.35306393802166
799.9008908700001,789,7794,946.54,1243,9695232,0.075933315,0.2,0.0003,7880,0.9995536208152771,0.0695417698007077,0.04148619621992111,0.19175393879413605,0.022709547551736858,0.5565592447916666,4.355525556206703
800.9257562,790,7795,950.42,1245,9707520,0.08661073,0.2,0.0003,7890,0.9980634450912476,0.24622815636297066,0.12335346639156342,0.1928808093070984,0.011985708122180465,0.5833821614583333,4.315007176001867
782.4274938699997,791,7794,943.07,1246,9719808,0.094490625,0.2,0.0003,7900,0.9950085282325745,1.7571640513526896,0.1320529282093048,0.19260120391845703,0.009511465967322389,0.5516764322916666,4.307121337453524
778.3107392700002,792,7795,950.21,1248,9732096,0.118532956,0.2,0.0003,7910,0.9967350363731384,0.38420262043364345,0.08036679029464722,0.19252018630504608,0.016789905614374826,0.6424072265625,4.308216478427251
808.40208713,793,7795,950.85,1250,9744384,0.11760479,0.2,0.0003,7920,0.998794674873352,0.16414030018107345,0.03840764984488487,0.1925697773694992,0.01397542248450918,0.5915608723958333,4.300434544682503
817.3175472500001,794,7795,957.38,1251,9756672,0.07209359,0.2,0.0003,7930,0.9996907711029053,0.07416398182976991,0.01363242045044899,0.19270074367523193,0.016460791863695097,0.5392985026041667,4.31755083501339
799.4044727800001,795,7795,950.69,1253,9768960,0.09159196,0.2,0.0003,7940,0.9985779523849487,0.11728643830089519,0.04891360551118851,0.19292105734348297,0.013792728718059758,0.5711669921875,4.294143069783846
792.9413125799999,796,7795,950.69,1254,9781248,0.07851095,0.2,0.0003,7950,0.9980913400650024,0.11021442187484354,0.049728818237781525,0.19306792318820953,0.015251543592603412,0.5591715494791667,4.291192070643107
813.2723779400002,797,7796,945.53,1256,9793536,0.08252085,0.2,0.0003,7960,0.9990237355232239,0.13546109640349943,0.036945443600416183,0.1928664594888687,0.009693001184496097,0.5287760416666667,4.302136850357056
800.8417413299999,798,7796,939.41,1257,9805824,0.1017523,0.2,0.0003,7970,0.9990969896316528,0.12134661741244296,0.02297098934650421,0.19297148287296295,0.01106856270392503,0.5754313151041667,4.307227826118469
821.87294408,799,7796,956.41,1259,9818112,0.113314696,0.2,0.0003,7980,0.9991518259048462,0.27322772533322376,0.06068193167448044,0.19246695935726166,0.011414733450510538,0.5784098307291666,4.317697747548421
840.5519737599998,800,7796,962.27,1260,9830400,0.0949003,0.2,0.0003,7990,0.99969881772995,0.08284266881334285,0.021092109382152557,0.1923493593931198,0.017080398820204814,0.5607177734375,4.338892638683319
818.9147367099998,801,7796,954.03,1262,9842688,0.08816942,0.2,0.0003,8000,0.9996611475944519,0.05424536278005689,-0.008260086178779602,0.1917458176612854,0.021737496008184583,0.5657470703125,4.362613350152969
841.2913794499998,802,7797,958.78,1263,9854976,0.08715308,0.2,0.0003,8010,0.9987924098968506,0.09516983000794425,0.031209105625748634,0.19241715967655182,0.00627852352578581,0.5388264973958333,4.346928952137629
817.7380964,803,7797,949.03,1265,9867264,0.09416741,0.2,0.0003,8020,0.9993347525596619,0.10064970014306406,0.044546641409397125,0.19161568582057953,0.01990204598599424,0.56201171875,4.397894983490308
828.8737875999999,804,7797,954.7,1266,9879552,0.14750619,0.2,0.0003,8030,0.9975880980491638,0.36101680536133546,0.14787103235721588,0.19160719215869904,0.014267076875936861,0.6361083984375,4.398858319719633
838.6753536399998,805,7797,959.48,1268,9891840,0.09837812,0.2,0.0003,8040,0.9987916946411133,0.138183747845081,0.07824501395225525,0.19260908663272858,0.016239323841000443,0.5854573567708333,4.372659229238828
832.0231632800001,806,7797,954.28,1270,9904128,0.10794598,0.2,0.0003,8050,0.9967392683029175,0.22219026652164758,0.05975402891635895,0.1928296834230423,0.006269560309495621,0.5924641927083333,4.338498072822889
834.0275451300002,807,7798,954.28,1271,9916416,0.11629081,0.2,0.0003,8060,0.9987070560455322,0.14847403801977635,0.07764163613319397,0.19267047941684723,0.012672613066873359,0.5914306640625,4.337069804469745
844.6534516400002,808,7798,952.83,1273,9928704,0.069785126,0.2,0.0003,8070,0.9993010759353638,0.09030723812369008,0.035995204001665115,0.19275565445423126,0.012609732875716873,0.5191324869791667,4.365150361259778
854.8618323699999,809,7798,961.07,1274,9940992,0.119367,0.2,0.0003,8080,0.9988495111465454,0.24452133616432548,0.10740507394075394,0.19269102811813354,0.007999030107748694,0.5830485026041666,4.366967797279358
842.09195063,810,7798,957.67,1276,9953280,0.10916238,0.2,0.0003,8090,0.9996695518493652,0.07455014513495067,0.02283625118434429,0.19260603189468384,0.0189152566192206,0.5791422526041666,4.373111289739609
865.53391688,811,7798,964.23,1277,9965568,0.094265796,0.2,0.0003,8100,0.9988928437232971,0.24706220715306698,0.1131010502576828,0.19250322878360748,0.011110973834001924,0.5717122395833333,4.3844776580731075
860.5824332600001,812,7799,960.85,1279,9977856,0.13248564,0.2,0.0003,8110,0.9989007711410522,0.17179172614899774,0.009105810895562172,0.19223828613758087,0.004547664575996654,0.5757649739583334,4.407750499248505
855.3007403999999,813,7799,966.61,1280,9990144,0.1043197,0.2,0.0003,8120,0.9983047842979431,0.15279483057092874,0.07919962704181671,0.1918429732322693,0.009732292159848535,0.5830647786458333,4.409621143341065
855.7398686199998,814,7799,960.99,1282,10002432,0.104625024,0.2,0.0003,8130,0.9975634813308716,0.4880215791985393,0.11577004194259644,0.1920211911201477,0.006713745453210625,0.6026285807291667,4.407957705855369
