time/total_timesteps,rollout/ep_len_mean,time/fps,time/iterations,time/time_elapsed,rollout/ep_rew_mean,train/loss,train/explained_variance,train/value_loss,train/policy_gradient_loss,train/approx_kl,train/entropy_loss,train/clip_range,train/clip_fraction,train/learning_rate,train/n_updates,train/std
12288,1000.0,11819,1,1,477.9016645,,,,,,,,,,,
24576,966.625,8786,2,2,439.9208083333333,61.32123565673828,0.9733968377113342,162.93474763234457,-0.03654252425767481,0.060479924,6.930524632334709,0.2,0.5028727213541667,5e-05,26030,0.14590205252170563
36864,977.75,8183,3,4,433.4867464722222,60.182865142822266,0.9515233039855957,142.5424459775289,-0.034407204633074194,0.051903818,6.939560914039612,0.2,0.47027180989583334,5e-05,26040,0.14577557146549225
49152,962.2291666666666,7868,4,6,395.74400614583334,70.3798599243164,0.9680991768836975,171.84946813583375,-0.038971914105544174,0.04999687,6.945652960737546,0.2,0.434033203125,5e-05,26050,0.14574295282363892
61440,954.6333333333333,7716,5,7,410.32885775,81.42906951904297,0.9621953964233398,174.77907818158468,-0.03923618756137633,0.054960907,6.947647283474605,0.2,0.474462890625,5e-05,26060,0.14574690163135529
73728,951.9583333333334,7636,6,9,459.0337056666666,42.22808074951172,0.9600709080696106,108.37711555957794,-0.034251501200681864,0.06378775,6.948090029756228,0.2,0.49415690104166665,5e-05,26070,0.1457531899213791
86016,951.1647058823529,7570,7,11,456.76649291764704,26.184932708740234,0.9515447020530701,81.90158939361572,-0.023047144311810066,0.09271967,6.946817589799563,0.2,0.5848470052083333,5e-05,26080,0.14572109282016754
98304,957.2061855670103,7492,8,13,434.2990713402061,24.4977970123291,0.9546705484390259,64.54943574666977,-0.033238699432695286,0.06992729,6.943878080447515,0.2,0.5424072265625,5e-05,26090,0.1458032876253128
110592,956.14,7428,9,14,469.85276961000005,98.40650939941406,0.9637356400489807,194.1144451459249,-0.0353673291518741,0.049542576,6.946496004859607,0.2,0.4659912109375,5e-05,26100,0.14568094909191132
122880,964.07,7389,10,16,456.4332733300001,36.297115325927734,0.9702773094177246,57.392359511057535,-0.03050660191414257,0.085574545,6.950772869586944,0.2,0.5515869140625,5e-05,26110,0.14565040171146393
135168,957.03,7337,11,18,498.34640261,34.20289611816406,0.9633945226669312,95.32163472970326,-0.03463276197483841,0.052315623,6.959428936243057,0.2,0.4591878255208333,5e-05,26120,0.14550068974494934
147456,966.8,7332,12,20,499.36839427,77.80572509765625,0.9546201229095459,171.67289333343507,-0.04438164612511173,0.04281142,6.9645828157663345,0.2,0.41790364583333334,5e-05,26130,0.14541809260845184
159744,975.89,7329,13,21,456.41321087000006,51.5431022644043,0.9695934057235718,107.63303453127543,-0.03552747051580809,0.053118814,6.961838327844938,0.2,0.44229329427083336,5e-05,26140,0.14551474153995514
172032,976.44,7324,14,23,455.6316546999999,51.684974670410156,0.9628209471702576,152.48192343711852,-0.04111718902325568,0.050250065,6.957023072242737,0.2,0.45321451822916664,5e-05,26150,0.14553214609622955
184320,979.9,7318,15,25,480.94156016999995,14.645654678344727,0.9578506946563721,31.9691650390625,-0.028028959698955684,0.085688025,6.945526877045632,0.2,0.5760579427083333,5e-05,26160,0.14570511877536774
196608,980.23,7315,16,26,491.06297200999995,39.73846435546875,0.9536587595939636,92.87087492148082,-0.03326446646727466,0.052662183,6.944455928603808,0.2,0.4599202473958333,5e-05,26170,0.14564825594425201
208896,973.6,7315,17,28,436.35643336,65.16112518310547,0.9497078061103821,163.37352196375528,-0.039662635951147725,0.03364945,6.946286016702652,0.2,0.3654541015625,5e-05,26180,0.14566802978515625
221184,973.68,7309,18,30,459.72869987999997,40.950172424316406,0.960158109664917,92.54891914526621,-0.03628080661631732,0.06125304,6.945675020416577,0.2,0.496826171875,5e-05,26190,0.14558883011341095
233472,975.01,7308,19,31,516.3958603300001,17.30642318725586,0.962120771408081,42.25339230298996,-0.029811846645801172,0.070466906,6.951186150312424,0.2,0.5420491536458333,5e-05,26200,0.14549677073955536
245760,971.09,7307,20,33,498.50799097,46.63035202026367,0.9579567909240723,84.52021840413411,-0.03641674888688916,0.06522842,6.957758243878683,0.2,0.5197184244791667,5e-05,26210,0.1454387754201889
258048,971.09,7306,21,35,521.9998176,44.85968780517578,0.9643149375915527,101.1277755022049,-0.038298446072925194,0.05248514,6.9650949736436205,0.2,0.45343424479166666,5e-05,26220,0.145377054810524
270336,977.91,7304,22,37,496.98914621000006,83.26991271972656,0.934349000453949,171.4047960758209,-0.043015316579840146,0.038404036,6.972608094414075,0.2,0.39132486979166664,5e-05,26230,0.14532478153705597
282624,981.37,7301,23,38,470.50552054,48.07248306274414,0.9653052687644958,113.6355369091034,-0.033602817483673185,0.057093978,6.974375248948733,0.2,0.46175944010416664,5e-05,26240,0.1453571766614914
294912,969.57,7302,24,40,496.64383977,26.324506759643555,0.9555725455284119,69.68121237754822,-0.038443057782327136,0.048621286,6.977479297916094,0.2,0.44960123697916665,5e-05,26250,0.14533181488513947
307200,978.22,7303,25,42,529.01355505,29.264116287231445,0.9398096799850464,66.34996359348297,-0.03311668459403639,0.08086342,6.978631087144216,0.2,0.5504801432291667,5e-05,26260,0.14531637728214264
319488,978.22,7305,26,43,456.98296167,42.76154708862305,0.9630879163742065,106.91705199082692,-0.03547746700035835,0.053769086,6.986732329924902,0.2,0.4719319661458333,5e-05,26270,0.1451803296804428
331776,975.88,7305,27,45,390.34393238999996,115.55818939208984,0.9464872479438782,221.718385664622,-0.043390393554000185,0.043213636,6.992298919955889,0.2,0.38023274739583335,5e-05,26280,0.14515139162540436
344064,983.51,7299,28,47,410.45258215,78.8214340209961,0.9378518462181091,142.12313001950582,-0.042794982780954643,0.049465034,6.994440751274427,0.2,0.44574381510416666,5e-05,26290,0.14505571126937866
356352,976.89,7299,29,48,422.57688361,24.957229614257812,0.9580991268157959,73.72564156850179,-0.032290155716812784,0.06819525,6.997884920239448,0.2,0.5159016927083333,5e-05,26300,0.14501255750656128
368640,973.45,7295,30,50,470.5202388,36.477088928222656,0.9329359531402588,90.23327562014262,-0.032830134303852294,0.06012262,7.004887453715006,0.2,0.497119140625,5e-05,26310,0.14488784968852997
380928,973.45,7293,31,52,489.28800082999993,27.426156997680664,0.9524207711219788,54.4078629732132,-0.03427529398613842,0.07160399,7.012312390406927,0.2,0.5091552734375,5e-05,26320,0.14487645030021667
393216,985.25,7291,32,53,515.49638216,22.169681549072266,0.951570987701416,62.56629811922709,-0.03062694782371788,0.0725733,7.0093574543793995,0.2,0.5293538411458333,5e-05,26330,0.14490960538387299
405504,974.02,7290,33,55,503.67242763999985,43.57976150512695,0.9554402828216553,93.1737905661265,-0.03376993672670021,0.06633829,7.009905392924945,0.2,0.505029296875,5e-05,26340,0.14481113851070404
417792,957.78,7289,34,57,573.10883147,26.591175079345703,0.9656731486320496,69.1840092976888,-0.038098502178521204,0.07131184,7.019299070040385,0.2,0.5098388671875,5e-05,26350,0.14467845857143402
430080,958.55,7288,35,59,566.74439722,29.44933319091797,0.9570496082305908,80.93892698287964,-0.03785444774257485,0.058515906,7.028313370545705,0.2,0.4901123046875,5e-05,26360,0.14448243379592896
442368,956.56,7289,36,60,519.96447061,62.21887969970703,0.9436047077178955,156.96500156720478,-0.03747986747960871,0.051785056,7.0385097404321035,0.2,0.4460530598958333,5e-05,26370,0.14439557492733002
454656,955.84,7289,37,62,480.79963866000014,100.8950424194336,0.9557897448539734,203.2021388530731,-0.0405117528095919,0.044908553,7.046565663814545,0.2,0.4267496744791667,5e-05,26380,0.14428696036338806
466944,959.28,7290,38,64,460.88329157000015,55.23908233642578,0.9622852206230164,151.57755236625673,-0.038613936793020304,0.045595348,7.047535467147827,0.2,0.42263997395833336,5e-05,26390,0.14434374868869781
479232,945.47,7288,39,65,428.13448874,21.784866333007812,0.9561991095542908,47.830490469932556,-0.030580130076123167,0.06929528,7.045858769615491,0.2,0.5321533203125,5e-05,26400,0.14428293704986572
491520,943.47,7286,40,67,393.46769979,70.36162567138672,0.9623231291770935,146.8603529294332,-0.04310164410077656,0.05222449,7.050539326667786,0.2,0.44697265625,5e-05,26410,0.14422768354415894
503808,959.48,7284,41,69,410.19397806,36.79650115966797,0.9612682461738586,78.91385297775268,-0.037764016066891296,0.06343759,7.052774684627851,0.2,0.5049235026041666,5e-05,26420,0.14417476952075958
516096,959.21,7281,42,70,334.98184693,64.15858459472656,0.9663695096969604,174.66790755589804,-0.037129697266209405,0.04910918,7.0517643620570505,0.2,0.4433837890625,5e-05,26430,0.14423014223575592
528384,946.63,7279,43,72,402.09136567999985,52.930084228515625,0.9439494609832764,130.73926075299582,-0.03321676937872932,0.05891791,7.057854214310646,0.2,0.4835123697916667,5e-05,26440,0.14403267204761505
540672,939.32,7279,44,74,460.24583392999995,36.084197998046875,0.968382716178894,56.87406946023305,-0.026806708694978927,0.090446614,7.054069562753042,0.2,0.5652587890625,5e-05,26450,0.14418314397335052
552960,936.85,7279,45,75,477.74986291999994,68.59146881103516,0.9489021897315979,193.51257546742758,-0.0417153444684421,0.04068248,7.051191777984301,0.2,0.40752766927083334,5e-05,26460,0.14420025050640106
565248,920.63,7271,46,77,454.5461947900001,29.030887603759766,0.9294090867042542,66.5595937569936,-0.028667050614603794,0.078175835,7.051336612304052,0.2,0.5307373046875,5e-05,26470,0.14424122869968414
577536,938.45,7271,47,79,483.51458565,43.422550201416016,0.9490869641304016,93.99349753856659,-0.03624190631235251,0.049095303,7.04707903166612,0.2,0.4476399739583333,5e-05,26480,0.1443016529083252
589824,940.97,7273,48,81,479.79614625,13.0775728225708,0.937221348285675,38.748495769500735,-0.0332230529631488,0.060687717,7.050385032097498,0.2,0.48292643229166665,5e-05,26490,0.14415939152240753
602112,947.74,7272,49,82,503.9681394999999,44.866844177246094,0.934647262096405,133.32080655097963,-0.0406694763834821,0.03974515,7.057253806789716,0.2,0.3784098307291667,5e-05,26500,0.14415645599365234
614400,931.38,7272,50,84,553.26663866,67.49420166015625,0.9698347449302673,139.0319923400879,-0.03886016545584425,0.052730706,7.0603916595379514,0.2,0.43470865885416665,5e-05,26510,0.1441100835800171
626688,954.76,7271,51,86,508.9423648300001,33.559268951416016,0.9593721628189087,97.55009711583456,-0.031844937023318684,0.064159766,7.071917235851288,0.2,0.5114664713541667,5e-05,26520,0.14392191171646118
638976,963.8,7268,52,87,541.06249819,29.592607498168945,0.9519546031951904,99.63051699002584,-0.03400756636207613,0.0562934,7.078524026274681,0.2,0.459765625,5e-05,26530,0.1439020335674286
651264,963.88,7268,53,89,517.70482509,81.32722473144531,0.9529556035995483,170.37030003865559,-0.04262588924611919,0.04950441,7.081075510382652,0.2,0.4206624348958333,5e-05,26540,0.14385834336280823
663552,971.41,7269,54,91,539.4075596099999,29.831331253051758,0.9620166420936584,63.711361642678575,-0.028471100655345558,0.071041696,7.078754992286364,0.2,0.5543701171875,5e-05,26550,0.143862783908844
675840,965.07,7268,55,92,531.82706529,67.2909927368164,0.9550338983535767,135.78356366157533,-0.03481326106702909,0.060579855,7.07809556722641,0.2,0.4723876953125,5e-05,26560,0.14392752945423126
688128,952.51,7267,56,94,479.56096775000015,52.55638885498047,0.9603580236434937,108.32516450881958,-0.037596035255895305,0.06290393,7.081487512588501,0.2,0.4904541015625,5e-05,26570,0.14388106763362885
700416,956.34,7267,57,96,497.7944995200001,68.11260223388672,0.9536547064781189,139.25869948069254,-0.04265429685935184,0.038051795,7.086898110310236,0.2,0.3896077473958333,5e-05,26580,0.1437339335680008
712704,962.01,7266,58,98,448.36507062,55.58918762207031,0.9594565033912659,141.55300165812176,-0.03712868256358585,0.054696977,7.091302225987117,0.2,0.45659993489583334,5e-05,26590,0.14375703036785126
724992,954.21,7264,59,99,451.2625320300001,51.019248962402344,0.9652131199836731,116.40694870154063,-0.03802755114981361,0.052261215,7.092618676026662,0.2,0.4690755208333333,5e-05,26600,0.14373184740543365
737280,954.21,7265,60,101,529.57726615,12.439803123474121,0.9472712278366089,40.46837355295817,-0.019668179277990323,0.07695231,7.086943287650744,0.2,0.6061686197916667,5e-05,26610,0.1438249796628952
749568,965.9,7262,61,103,540.15369153,19.217954635620117,0.9685380458831787,49.12640107075374,-0.036634121960378255,0.065214604,7.094921375314395,0.2,0.5127522786458333,5e-05,26620,0.14359821379184723
761856,943.65,7261,62,104,514.91722487,42.82810592651367,0.9454187154769897,106.6687126159668,-0.03118433335039299,0.06312309,7.107158101598421,0.2,0.517431640625,5e-05,26630,0.14351913332939148
774144,931.51,7260,63,106,527.77835878,33.62401580810547,0.9417033195495605,86.54849691390991,-0.0385798612202052,0.05283231,7.11377236644427,0.2,0.4621663411458333,5e-05,26640,0.14345091581344604
786432,930.16,7257,64,108,511.58423387999994,24.185691833496094,0.939058780670166,60.56422247091929,-0.037297664895595516,0.05771461,7.119712144136429,0.2,0.46975911458333336,5e-05,26650,0.14331121742725372
798720,930.16,7257,65,110,513.06835607,81.6116714477539,0.940090537071228,157.00136000315348,-0.03674851903585174,0.052816927,7.119170195857683,0.2,0.4499918619791667,5e-05,26660,0.14340949058532715
811008,927.22,7252,66,111,532.3442560799999,61.06096267700195,0.9353839159011841,140.21002496083577,-0.034279259690083566,0.048840296,7.116752896706263,0.2,0.42222493489583335,5e-05,26670,0.14340940117835999
823296,934.17,7252,67,113,500.10555332999996,40.65925598144531,0.9711504578590393,88.8242284377416,-0.03429769082528462,0.066852845,7.117501504222552,0.2,0.49798177083333334,5e-05,26680,0.14336323738098145
835584,927.47,7252,68,115,486.26633253,26.334522247314453,0.9572460651397705,77.28634014924367,-0.03597400512565704,0.05138962,7.122460993131002,0.2,0.4706298828125,5e-05,26690,0.1433049887418747
847872,917.87,7252,69,116,486.57922887000007,66.56564331054688,0.9408958554267883,114.67893555959066,-0.03612275636599709,0.054642435,7.128557962179184,0.2,0.46673990885416666,5e-05,26700,0.14316900074481964
860160,938.21,7252,70,118,492.3392862300001,29.06792640686035,0.961279571056366,77.36420608361563,-0.03400568227031423,0.08418447,7.139465991655985,0.2,0.5459554036458333,5e-05,26710,0.14303837716579437
872448,956.58,7252,71,120,501.98149326,21.513463973999023,0.9389793276786804,61.47984176476796,-0.03811962742571874,0.06266608,7.143148241440455,0.2,0.48590494791666666,5e-05,26720,0.14308957755565643
884736,962.2,7251,72,122,529.17356552,24.345458984375,0.9509910345077515,52.00064259767532,-0.03583846287850368,0.07180225,7.13642281293869,0.2,0.49618326822916664,5e-05,26730,0.14317572116851807
897024,968.23,7249,73,123,557.58445544,26.216888427734375,0.9283932447433472,76.16502290566763,-0.03312160864588805,0.04912986,7.138146618008614,0.2,0.44107259114583336,5e-05,26740,0.14301447570323944
909312,951.46,7248,74,125,487.32788006999994,65.1160659790039,0.9458562731742859,115.89457082748413,-0.03925479018168213,0.051179912,7.150729114810626,0.2,0.4486328125,5e-05,26750,0.1428421288728714
921600,935.85,7247,75,127,486.0590049499999,47.88650894165039,0.9536281824111938,121.70990735689799,-0.044502792495768516,0.04963514,7.157108916838964,0.2,0.45099283854166666,5e-05,26760,0.14281651377677917
933888,937.94,7247,76,128,481.92735675000006,12.287212371826172,0.9673590660095215,48.312478093306225,-0.03485312420525588,0.09602929,7.16253887116909,0.2,0.5605387369791667,5e-05,26770,0.14272989332675934
946176,931.92,7247,77,130,461.9093603899999,35.76303482055664,0.9580313563346863,97.53037886619568,-0.04009775065739329,0.06107658,7.1594995329777396,0.2,0.5114827473958333,5e-05,26780,0.1428535133600235
958464,930.74,7243,78,132,480.58356541999996,24.49330711364746,0.9529367685317993,56.86477259000142,-0.03469093681584733,0.067163415,7.152110273639361,0.2,0.5197184244791667,5e-05,26790,0.14284111559391022
970752,931.15,7244,79,134,505.94254238,21.216411590576172,0.9551218152046204,39.45757148265839,-0.02933117561818411,0.10291482,7.1635905812184015,0.2,0.59619140625,5e-05,26800,0.14272284507751465
983040,921.98,7244,80,135,461.19987683,37.67540740966797,0.9589314460754395,69.71135420799256,-0.037861182151633935,0.062252793,7.175992392500242,0.2,0.4915690104166667,5e-05,26810,0.1426577866077423
995328,917.18,7242,81,137,519.72718987,73.76904296875,0.9397006034851074,146.56337270736694,-0.03856995462459357,0.032797065,7.1795695950587595,0.2,0.352099609375,5e-05,26820,0.14270102977752686
1007616,937.94,7238,82,139,520.85863041,38.81488037109375,0.9413192868232727,91.81905440489452,-0.036299150048095426,0.05846857,7.181715641419093,0.2,0.4629313151041667,5e-05,26830,0.1426377147436142
1019904,944.27,7237,83,140,532.05476321,39.718875885009766,0.948468804359436,82.42768223285675,-0.04207300657096009,0.050264824,7.182519500454267,0.2,0.42763671875,5e-05,26840,0.14263223111629486
1032192,949.18,7236,84,142,528.34235516,41.831260681152344,0.9505904316902161,84.35308107535045,-0.037112835647227865,0.049634,7.181038449207942,0.2,0.4507242838541667,5e-05,26850,0.1426658183336258
1044480,945.38,7236,85,144,520.7348075599999,47.82723617553711,0.9383620619773865,124.9198515733083,-0.03794044355163351,0.053557944,7.179627659916878,0.2,0.4512939453125,5e-05,26860,0.14265713095664978
1056768,950.54,7236,86,146,533.4221585,34.070289611816406,0.9509031176567078,82.90141316254933,-0.03607188481740498,0.059146598,7.1837738374869025,0.2,0.4795735677083333,5e-05,26870,0.14259929955005646
1069056,941.15,7235,87,147,490.17725311999993,17.8140811920166,0.9593089818954468,39.17162245512009,-0.03836849562164086,0.07094654,7.184447458386421,0.2,0.5264322916666667,5e-05,26880,0.14262165129184723
1081344,938.9,7235,88,149,481.885921,76.86344909667969,0.9117069244384766,160.6481311003367,-0.0393670140998438,0.042896867,7.1841465185085935,0.2,0.410791015625,5e-05,26890,0.14265930652618408
1093632,952.66,7234,89,151,500.14102005,33.15943145751953,0.9275026917457581,88.00943628152211,-0.038161354101612234,0.07089397,7.180108964443207,0.2,0.4843343098958333,5e-05,26900,0.14266887307167053
1105920,952.66,7233,90,152,526.6468359,49.7723503112793,0.9494709968566895,80.7210028409958,-0.03641066436927455,0.054888844,7.181673812866211,0.2,0.47262369791666664,5e-05,26910,0.14269931614398956
1118208,943.52,7233,91,154,543.1411746,9.269644737243652,0.9410099387168884,32.767474778493245,0.0013367823063163086,0.12302896,7.17182956635952,0.2,0.6273274739583333,5e-05,26920,0.14287419617176056
1130496,951.46,7233,92,156,536.9725986100001,23.81060218811035,0.9419373273849487,72.92787242730459,-0.03575438700402932,0.06514554,7.166664574543635,0.2,0.5092854817708333,5e-05,26930,0.14275121688842773
1142784,956.12,7233,93,157,525.11020587,52.073883056640625,0.9292524456977844,130.57061999638876,-0.0428374012359806,0.04062834,7.1691511114438375,0.2,0.3915201822916667,5e-05,26940,0.14284919202327728
1155072,951.62,7231,94,159,473.6239634500001,24.66213035583496,0.9243032932281494,66.62996389071147,-0.03970711179426871,0.054594923,7.16785603761673,0.2,0.447900390625,5e-05,26950,0.14282776415348053
1167360,952.07,7230,95,161,502.52166907,22.202590942382812,0.9010588526725769,62.009249552090964,-0.03987607515397637,0.05062662,7.168994722763697,0.2,0.4528076171875,5e-05,26960,0.1428600549697876
1179648,960.25,7229,96,163,498.76277880999993,26.775930404663086,0.9191153049468994,59.351215195655826,-0.0369234631381308,0.05506881,7.177800999085108,0.2,0.45274251302083335,5e-05,26970,0.1426260620355606
1191936,960.25,7228,97,164,504.7059723499999,37.77159881591797,0.945461094379425,95.54008045991262,-0.03471016255886449,0.0601694,7.191761389374733,0.2,0.4798990885416667,5e-05,26980,0.14250846207141876
1204224,962.68,7228,98,166,454.52814381999997,22.862504959106445,0.9340070486068726,62.643356601397194,-0.03475830173119902,0.066157855,7.192408988873164,0.2,0.511474609375,5e-05,26990,0.14249205589294434
1216512,966.82,7228,99,168,395.70916339,43.41624069213867,0.9350889325141907,108.32474668025971,-0.04187922653994368,0.053955257,7.199702945351601,0.2,0.4510579427083333,5e-05,27000,0.14234060049057007
1228800,967.37,7227,100,170,444.15966631000003,56.38650131225586,0.9378634691238403,124.86931942303976,-0.039084554939472584,0.054921295,7.204520486791929,0.2,0.4705322265625,5e-05,27010,0.14233185350894928
1241088,975.6,7227,101,171,485.48646835000005,17.327377319335938,0.9670063257217407,29.562362376848856,-0.02826172227942152,0.12837522,7.201495833198229,0.2,0.6368489583333333,5e-05,27020,0.1424199789762497
1253376,973.61,7227,102,173,511.5365821000001,11.140690803527832,0.9584440588951111,27.13627148270607,-0.028310612776355507,0.07816926,7.188444153467814,0.2,0.5509358723958333,5e-05,27030,0.14262525737285614
1265664,973.15,7227,103,175,489.58066823,65.42620086669922,0.9487920999526978,107.73825951417287,-0.04015963154815836,0.05630836,7.181027962764104,0.2,0.431982421875,5e-05,27040,0.1426253318786621
1277952,974.53,7228,104,176,540.78063831,18.261783599853516,0.9557809829711914,58.82212777932485,-0.039344488239536686,0.046453018,7.184763007362684,0.2,0.3984293619791667,5e-05,27050,0.142556831240654
1290240,974.53,7228,105,178,548.8233851900001,21.576642990112305,0.9682453870773315,71.06201062997182,-0.039569979012594556,0.053507674,7.186146118243536,0.2,0.44569498697916665,5e-05,27060,0.14258135855197906
1302528,976.74,7227,106,180,575.84097002,31.194705963134766,0.9562316536903381,75.56146787802378,-0.03733451662580289,0.038519055,7.188138282299041,0.2,0.3706868489583333,5e-05,27070,0.14258645474910736
1314816,969.3,7227,107,181,604.4176176999999,42.267696380615234,0.9596872925758362,109.91417306264242,-0.037589074660597056,0.057450768,7.1958209852377575,0.2,0.44888509114583336,5e-05,27080,0.14249366521835327
1327104,964.4,7226,108,183,575.51729843,25.741674423217773,0.9527574181556702,61.45971150398255,-0.0386475467676064,0.04895383,7.20408549507459,0.2,0.4370035807291667,5e-05,27090,0.14238868653774261
1339392,964.01,7226,109,185,512.1692044800001,95.04019165039062,0.9563561677932739,152.30992951393128,-0.0418281504746119,0.036837444,7.2105803281068805,0.2,0.3606689453125,5e-05,27100,0.1423424482345581
1351680,967.88,7226,110,187,511.26893901000005,29.024118423461914,0.9503485560417175,87.029954123497,-0.03755372892677163,0.06692153,7.206687765320142,0.2,0.510546875,5e-05,27110,0.14245916903018951
1363968,973.74,7226,111,188,546.11134085,37.40066909790039,0.9681737422943115,116.91488296190897,-0.03670233356436559,0.07224763,7.213442887862524,0.2,0.5531901041666667,5e-05,27120,0.1422717273235321
1376256,974.15,7226,112,190,494.39956016,28.569379806518555,0.9471800923347473,94.66604955991109,-0.03951022459271674,0.07380097,7.2150389860073725,0.2,0.5271484375,5e-05,27130,0.14245504140853882
1388544,974.15,7225,113,192,489.4210848,51.86214828491211,0.9628730416297913,109.34813423156739,-0.03991668714637247,0.054962743,7.211523946126302,0.2,0.44921875,5e-05,27140,0.14249756932258606
1400832,972.62,7225,114,193,486.3522567299999,59.3048210144043,0.9694358110427856,139.30971619288127,-0.03850690534066719,0.042912398,7.212108699480693,0.2,0.39658203125,5e-05,27150,0.1425386220216751
1413120,969.14,7226,115,195,500.71832699,29.277414321899414,0.9534749388694763,73.49074020385743,-0.030087359026947525,0.094874285,7.20162903368473,0.2,0.5760091145833334,5e-05,27160,0.1427474021911621
1425408,967.24,7225,116,197,508.65348247000003,37.65656280517578,0.9661182761192322,94.25877001285554,-0.04095453259942587,0.047252953,7.196042262514433,0.2,0.449951171875,5e-05,27170,0.14282552897930145
1437696,968.36,7226,117,198,502.3184619400001,49.27182388305664,0.9643228054046631,90.69979275862376,-0.04267451987349583,0.051708717,7.186429344614347,0.2,0.45654296875,5e-05,27180,0.14298869669437408
1449984,968.36,7225,118,200,511.23029396,27.19378662109375,0.9566938281059265,63.33202852408091,-0.028640005351917353,0.07631963,7.1713477542002995,0.2,0.5292399088541667,5e-05,27190,0.14318399131298065
1462272,972.32,7223,119,202,560.48438975,46.31470489501953,0.9557561874389648,106.03829548358917,-0.035055366560118276,0.052423585,7.174801043669382,0.2,0.46044921875,5e-05,27200,0.14305464923381805
1474560,951.9,7223,120,204,581.93274936,3.926975727081299,0.9764894843101501,11.9322965969642,-0.028319931641453876,0.12715116,7.173451887567838,0.2,0.6436930338541667,5e-05,27210,0.14298434555530548
1486848,941.25,7223,121,205,585.7003009800001,23.665674209594727,0.9607654213905334,56.04811944564184,-0.03844399991794489,0.04518655,7.172791159152984,0.2,0.4191813151041667,5e-05,27220,0.14308758080005646
1499136,935.8,7223,122,207,558.14158557,40.756893157958984,0.9509711265563965,87.8488564491272,-0.04168880778694681,0.043407634,7.173687127232552,0.2,0.389990234375,5e-05,27230,0.14298927783966064
1511424,944.8,7224,123,209,573.1932071300001,63.8841667175293,0.9495709538459778,134.00314145088197,-0.04287131834086419,0.03523734,7.1763538519541425,0.2,0.33954264322916666,5e-05,27240,0.14301951229572296
1523712,936.43,7224,124,210,584.33078003,15.557991027832031,0.9573688507080078,38.3635324716568,-0.028200870603419994,0.09243635,7.17213023006916,0.2,0.5675944010416667,5e-05,27250,0.14311301708221436
1536000,926.82,7224,125,212,532.04534399,37.38766860961914,0.9367005825042725,95.30985644658406,-0.038631219547824,0.05657889,7.1765170931816105,0.2,0.4724527994791667,5e-05,27260,0.14296387135982513
1548288,929.18,7224,126,214,478.41770898999994,62.70779800415039,0.9445270895957947,152.82373587290445,-0.04154168285507088,0.045339625,7.183663883805275,0.2,0.40859375,5e-05,27270,0.14295828342437744
1560576,930.41,7224,127,216,447.81819405000005,60.9411506652832,0.9475556015968323,127.54020002683004,-0.040145501887309365,0.038018823,7.178941880663236,0.2,0.36025390625,5e-05,27280,0.14308346807956696
1572864,928.85,7224,128,217,413.29380511000005,15.077841758728027,0.9422523379325867,54.08878686030706,-0.03218971402869405,0.06339666,7.1755281786123915,0.2,0.4818522135416667,5e-05,27290,0.14310850203037262
1585152,930.6,7224,129,219,436.63881491000006,21.747278213500977,0.9580832719802856,74.96261421044667,-0.036317862241412514,0.06264666,7.172404276331266,0.2,0.47422688802083335,5e-05,27300,0.1431865245103836
1597440,938.95,7224,130,221,492.6918241399999,50.189361572265625,0.9590353965759277,102.386177221934,-0.040526142267238656,0.04604995,7.167024277647337,0.2,0.41778157552083334,5e-05,27310,0.14326076209545135
1609728,946.42,7224,131,222,461.16235690999997,16.856204986572266,0.9458765387535095,54.794771333535515,-0.03293173426257757,0.0634281,7.158034296830495,0.2,0.5060628255208334,5e-05,27320,0.14335250854492188
1622016,949.65,7222,132,224,480.95674353999993,58.890140533447266,0.9535731673240662,101.75908192793528,-0.03569528830509323,0.052003324,7.156337934732437,0.2,0.4658203125,5e-05,27330,0.1433173567056656
1634304,959.26,7223,133,226,544.6088587,18.56277847290039,0.9624362587928772,45.71758890946706,-0.03395995896814081,0.06917248,7.1633985807498295,0.2,0.5262369791666667,5e-05,27340,0.14317691326141357
1646592,962.48,7222,134,227,558.72020485,35.34950637817383,0.960456132888794,68.86894109249116,-0.03825680477699886,0.070057146,7.176285957296689,0.2,0.5017822265625,5e-05,27350,0.1430426836013794
1658880,959.43,7222,135,229,547.0975031100002,33.829864501953125,0.9534299373626709,102.46168158054351,-0.03723206315868689,0.04735725,7.182674554983775,0.2,0.45228678385416665,5e-05,27360,0.14297954738140106
1671168,967.94,7222,136,231,585.86783069,24.34532928466797,0.9511821269989014,77.7232921441396,-0.037984588685503695,0.06700062,7.181683206558228,0.2,0.4850830078125,5e-05,27370,0.14295543730258942
1683456,958.13,7221,137,233,576.2867666399999,53.65412902832031,0.9577539563179016,111.52389291922252,-0.03596355254703667,0.06286372,7.178654266397158,0.2,0.5009521484375,5e-05,27380,0.14295606315135956
1695744,949.29,7222,138,234,551.32980546,31.82944107055664,0.9669632911682129,72.26668254534404,-0.03594271128580052,0.07424217,7.182500171661377,0.2,0.5000813802083334,5e-05,27390,0.1428736448287964
1708032,934.66,7222,139,236,558.8295739,6.962036609649658,0.9617059826850891,33.52295928796132,-0.02291820359726747,0.107952766,7.184529945254326,0.2,0.5823486328125,5e-05,27400,0.1428878903388977
1720320,921.79,7221,140,238,564.14350872,33.4764404296875,0.9692968726158142,65.70503009955088,-0.03560849627441106,0.07720324,7.183263801534971,0.2,0.5292317708333333,5e-05,27410,0.14285825192928314
1732608,890.85,7221,141,239,542.91151425,24.95741844177246,0.9590112566947937,66.44611698786417,-0.0374502550723264,0.06142198,7.182612156867981,0.2,0.49864095052083335,5e-05,27420,0.1428406983613968
1744896,900.92,7220,142,241,489.04743777999994,66.78369140625,0.9227755069732666,145.1738422234853,-0.04440020956196046,0.032804847,7.18252060910066,0.2,0.3574951171875,5e-05,27430,0.1428660750389099
1757184,899.09,7221,143,243,497.7144026599999,61.31631088256836,0.9059369564056396,155.450257730484,-0.03874481689223709,0.038264424,7.1820899973313015,0.2,0.34181315104166665,5e-05,27440,0.1428617388010025
1769472,907.37,7221,144,245,496.30885031,16.34591293334961,0.958317220211029,41.259104347229005,-0.036222970201439844,0.07459676,7.190248927474022,0.2,0.531591796875,5e-05,27450,0.14262481033802032
1781760,900.94,7221,145,246,477.5894040900001,45.02016830444336,0.9395923018455505,105.94703345298767,-0.03714467289925475,0.05209146,7.201990060011545,0.2,0.46246744791666666,5e-05,27460,0.14259503781795502
1794048,901.62,7221,146,248,442.35187943000005,68.05199432373047,0.9469371438026428,148.24914426803588,-0.03473550941174229,0.053617228,7.207894712686539,0.2,0.4520182291666667,5e-05,27470,0.14250434935092926
1806336,908.25,7221,147,250,401.43868432999994,41.72871780395508,0.932578980922699,99.53767664432526,-0.036951139371376486,0.05484572,7.213978801170985,0.2,0.43935546875,5e-05,27480,0.1425347626209259
1818624,913.88,7220,148,251,372.7857215300001,59.15962219238281,0.9458390474319458,155.66629762649535,-0.04410984882561024,0.032573856,7.215746179223061,0.2,0.34942220052083334,5e-05,27490,0.14256592094898224
1830912,930.43,7220,149,253,447.56519912000005,76.20310974121094,0.9494252800941467,150.6028144836426,-0.03957578822592041,0.048318997,7.221817232171694,0.2,0.4437662760416667,5e-05,27500,0.14239732921123505
1843200,934.81,7220,150,255,476.73604156,40.35783004760742,0.9552838206291199,103.08576358954112,-0.03700087940766631,0.07392601,7.225778914491335,0.2,0.5479085286458333,5e-05,27510,0.14248855412006378
1855488,927.67,7220,151,256,480.24263192,20.241701126098633,0.9564953446388245,53.43353938261668,-0.02877574200295688,0.0864419,7.2218229909737905,0.2,0.5670735677083333,5e-05,27520,0.1425258070230484
1867776,924.09,7220,152,258,480.9715537099999,29.868404388427734,0.9682610034942627,54.408804515997566,-0.038030835310928525,0.058827657,7.22302292684714,0.2,0.5050618489583333,5e-05,27530,0.14252476394176483
1880064,917.71,7220,153,260,493.89059324000004,38.209373474121094,0.9591407775878906,101.08043108781179,-0.03920123905215102,0.059567656,7.220849049091339,0.2,0.4886393229166667,5e-05,27540,0.14261768758296967
1892352,922.47,7220,154,262,544.77210828,63.485198974609375,0.9626644253730774,118.3903706073761,-0.032809951400364905,0.055386607,7.226899443070094,0.2,0.4609781901041667,5e-05,27550,0.14255696535110474
1904640,933.91,7220,155,263,564.0725092499999,28.613677978515625,0.9595732092857361,52.01474442879359,-0.03189632859527289,0.07556943,7.227909058332443,0.2,0.5505208333333333,5e-05,27560,0.1424889713525772
1916928,919.92,7220,156,265,568.40466091,45.277286529541016,0.9359858632087708,86.71582729816437,-0.035632867529056964,0.06547008,7.230285502473513,0.2,0.4873291015625,5e-05,27570,0.1424335390329361
1929216,921.9,7220,157,267,576.6391436499999,53.9854736328125,0.951481819152832,110.28690656820933,-0.036129800324852114,0.062326968,7.237833617130915,0.2,0.48868001302083336,5e-05,27580,0.1422806829214096
1941504,924.21,7220,158,268,551.50691121,37.27260208129883,0.9531250596046448,92.0312825123469,-0.03009585148053399,0.07107099,7.240002034107844,0.2,0.5285807291666667,5e-05,27590,0.14234371483325958
1953792,929.58,7220,159,270,557.1383241,47.86996841430664,0.9406081438064575,113.44206376075745,-0.03819220445778531,0.04078144,7.242926838000615,0.2,0.399169921875,5e-05,27600,0.1422155201435089
1966080,949.44,7220,160,272,552.1383641699999,76.341796875,0.9541265368461609,128.241028881073,-0.03140412318898598,0.06675393,7.247230460246404,0.2,0.48224283854166666,5e-05,27610,0.14222097396850586
1978368,950.95,7220,161,273,533.14697074,28.661941528320312,0.9495928883552551,82.1304630835851,-0.03807828070324225,0.06384986,7.245873048901558,0.2,0.46524251302083336,5e-05,27620,0.14217914640903473
1990656,933.93,7220,162,275,467.94094692,31.27103042602539,0.9656028151512146,98.88495531082154,-0.043619227777041185,0.055164993,7.252408173680306,0.2,0.4615559895833333,5e-05,27630,0.14207972586154938
2002944,938.73,7219,163,277,457.06146979000005,87.32913970947266,0.9249424934387207,187.36284869511923,-0.04303240746473117,0.04299465,7.251542516549429,0.2,0.4026611328125,5e-05,27640,0.14214427769184113
2015232,950.92,7218,164,279,468.01374533999996,26.719141006469727,0.9515503644943237,62.55903701782226,-0.03270872065477306,0.07296916,7.251022517681122,0.2,0.5356119791666667,5e-05,27650,0.14202725887298584
2027520,937.73,7219,165,280,446.3163070100001,72.50102996826172,0.9547823071479797,143.25001759529113,-0.03796231180507069,0.056207895,7.259582605957985,0.2,0.4621175130208333,5e-05,27660,0.14198587834835052
2039808,911.23,7219,166,282,425.69903981000004,44.7557487487793,0.9398878812789917,115.86702046394348,-0.03661012907784122,0.052917708,7.259074321389198,0.2,0.4500651041666667,5e-05,27670,0.14204351603984833
2052096,908.79,7219,167,284,444.64639336999994,46.0272216796875,0.953277587890625,100.45036004384359,-0.038185208241823906,0.06092158,7.258902105689049,0.2,0.4975830078125,5e-05,27680,0.141989603638649
2064384,906.02,7218,168,285,409.97212273,27.689987182617188,0.9449607729911804,65.70571534633636,-0.03341585434148631,0.077938676,7.251530656218529,0.2,0.5542724609375,5e-05,27690,0.14220036566257477
2076672,912.2,7218,169,287,358.4239936699999,84.03638458251953,0.9141232371330261,202.63541366259258,-0.03906579955413084,0.0398192,7.249314910173416,0.2,0.3741455078125,5e-05,27700,0.14223727583885193
2088960,910.01,7218,170,289,406.56658096000007,104.3096694946289,0.940168559551239,186.19080680211385,-0.04005687728058547,0.044629324,7.244454409678777,0.2,0.424560546875,5e-05,27710,0.14232057332992554
2101248,903.9,7219,171,291,405.67888922,27.20403289794922,0.9589614868164062,79.3819519440333,-0.03383249897839657,0.055349987,7.240041063229243,0.2,0.4798502604166667,5e-05,27720,0.14230559766292572
2113536,915.52,7218,172,292,464.32946125,33.36186218261719,0.9643520712852478,66.55887795686722,-0.032123903826868624,0.07951309,7.239211035768191,0.2,0.5391276041666667,5e-05,27730,0.14220309257507324
2125824,926.93,7218,173,294,421.86422631999994,36.13982009887695,0.9697290062904358,84.75111510753632,-0.03941748640208971,0.064022034,7.247328916192055,0.2,0.5054606119791667,5e-05,27740,0.14210884273052216
2138112,940.38,7217,174,296,466.39047660999995,39.272769927978516,0.9549733400344849,98.86195860703786,-0.0358165102249283,0.048962306,7.254733324050903,0.2,0.44895833333333335,5e-05,27750,0.1421218365430832
2150400,951.33,7217,175,297,514.4296174399999,48.32891082763672,0.9601036310195923,101.4773056904475,-0.03827242443609672,0.05348575,7.257083656390508,0.2,0.4596923828125,5e-05,27760,0.14206302165985107
2162688,948.35,7218,176,299,590.54253824,6.556365966796875,0.9704448580741882,14.514497873187064,-0.02500810808754371,0.120639324,7.245648951331774,0.2,0.6537027994791667,5e-05,27770,0.14227384328842163
2174976,951.26,7218,177,301,649.3836855699999,12.783221244812012,0.9671922326087952,31.268100808064144,-0.03255971602920908,0.056633126,7.2448703169822695,0.2,0.46792805989583336,5e-05,27780,0.1422761082649231
2187264,964.47,7218,178,302,650.57876229,20.57131576538086,0.9648572206497192,51.95484548807144,-0.04056658754125238,0.06502881,7.242465982834498,0.2,0.47255045572916665,5e-05,27790,0.1422942727804184
2199552,963.43,7219,179,304,651.88736405,20.168411254882812,0.9528321027755737,49.27264575163523,-0.03351901314551166,0.06256782,7.23960867424806,0.2,0.4875244140625,5e-05,27800,0.1422620415687561
2211840,969.58,7219,180,306,593.19982785,50.63526153564453,0.9417134523391724,105.13503807385763,-0.03590064530241458,0.03470826,7.243494794766108,0.2,0.365576171875,5e-05,27810,0.14226539433002472
2224128,967.45,7219,181,308,629.5096677800001,35.11824417114258,0.9375819563865662,97.70609938303629,-0.03970313277968671,0.049605753,7.244586008787155,0.2,0.4581217447916667,5e-05,27820,0.1421957165002823
2236416,968.94,7220,182,309,575.4969426500002,39.142730712890625,0.9595057368278503,124.73250691095988,-0.04064072449109517,0.054380458,7.24935414592425,0.2,0.4510986328125,5e-05,27830,0.14211638271808624
2248704,968.94,7220,183,311,540.8720871200001,49.0120849609375,0.9722633957862854,87.3593384106954,-0.04054660101925644,0.053783257,7.252290120720863,0.2,0.45376790364583336,5e-05,27840,0.14211072027683258
2260992,978.99,7218,184,313,485.67170019000014,40.56961441040039,0.9476841688156128,84.25503755410513,-0.03891020252000696,0.059694726,7.256994400421778,0.2,0.46852213541666665,5e-05,27850,0.14200161397457123
2273280,966.37,7219,185,314,441.68238066000004,50.97331237792969,0.9639144539833069,111.38177574475607,-0.03855902245171213,0.06254669,7.2585480143626535,0.2,0.5012613932291666,5e-05,27860,0.14192460477352142
2285568,964.18,7218,186,316,426.30499566,35.755950927734375,0.9546453356742859,74.09048505624135,-0.03498420383111807,0.06533075,7.258604158957799,0.2,0.4959309895833333,5e-05,27870,0.14192990958690643
2297856,971.33,7218,187,318,343.03267917000005,56.936927795410156,0.9553133845329285,126.246235815684,-0.03641104398702737,0.05899178,7.265020639697711,0.2,0.4595703125,5e-05,27880,0.14179734885692596
2310144,980.78,7219,188,320,376.74486493999996,84.45344543457031,0.9361369013786316,196.24317949612936,-0.04170376219068809,0.0367686,7.2719229857126875,0.2,0.38394368489583336,5e-05,27890,0.1417425125837326
2322432,974.08,7219,189,321,414.86247517000004,21.079795837402344,0.9654250144958496,50.159903113047285,-0.033151948389907676,0.063507676,7.266277732451757,0.2,0.4902425130208333,5e-05,27900,0.14188377559185028
2334720,974.08,7219,190,323,369.2410763799999,44.609928131103516,0.9708573222160339,84.67047978242239,-0.03467693440907169,0.05982307,7.2621808558702465,0.2,0.458642578125,5e-05,27910,0.14185474812984467
2347008,955.78,7219,191,325,399.61658573999995,75.53966522216797,0.9449927806854248,169.00162092844644,-0.03971782203395075,0.040237263,7.266236516833305,0.2,0.3830078125,5e-05,27920,0.1418459415435791
2359296,951.74,7219,192,326,364.34264065,33.57695388793945,0.954322099685669,104.72233849366506,-0.0347966745364829,0.06926285,7.268392927447954,0.2,0.5036295572916667,5e-05,27930,0.14182285964488983
2371584,959.45,7219,193,328,380.5158172300001,55.03184509277344,0.966788113117218,117.70378271738689,-0.0319902673237569,0.06261698,7.267463456590971,0.2,0.5339680989583333,5e-05,27940,0.14189444482326508
2383872,953.89,7218,194,330,397.90998132,45.73055648803711,0.964752197265625,120.12474020322163,-0.036253938951995225,0.06010066,7.26462029616038,0.2,0.49814453125,5e-05,27950,0.14196394383907318
2396160,948.19,7219,195,331,483.81311055,26.541170120239258,0.9658488631248474,60.30463480949402,-0.03919863661576528,0.06765321,7.258630085984866,0.2,0.51142578125,5e-05,27960,0.1420222967863083
2408448,948.19,7219,196,333,494.14794446,10.272679328918457,0.9584001898765564,29.793121554454167,-0.026584044964207958,0.09171661,7.2654552529255545,0.2,0.5925699869791666,5e-05,27970,0.1418575644493103
2420736,950.04,7219,197,335,417.8456406700001,45.91251754760742,0.9343619346618652,93.24217745463054,-0.031139415468593747,0.066770405,7.276592975854873,0.2,0.5006998697916667,5e-05,27980,0.14186374843120575
2433024,950.04,7219,198,336,475.3609952100001,57.67936706542969,0.9512948393821716,132.9885889530182,-0.0396165708953049,0.03695113,7.279415643215179,0.2,0.35711263020833334,5e-05,27990,0.14185263216495514
2445312,967.33,7219,199,338,502.91879973000005,26.025127410888672,0.9644575119018555,69.00902529557546,-0.034171316379797645,0.067273214,7.290067612131437,0.2,0.48387044270833335,5e-05,28000,0.1415870189666748
2457600,971.37,7219,200,340,531.3868528700001,36.066951751708984,0.9670913219451904,114.4690725962321,-0.04003511547974389,0.047087837,7.299485899011294,0.2,0.443603515625,5e-05,28010,0.1414749026298523
2469888,979.69,7219,201,342,549.37065513,31.76988983154297,0.9596668481826782,81.65275683403016,-0.036071790663603075,0.070725225,7.30118944644928,0.2,0.4998779296875,5e-05,28020,0.14147590100765228
2482176,988.44,7219,202,343,536.74733239,23.049633026123047,0.9603000283241272,58.82569821675619,-0.03476207235265368,0.06697115,7.306335933009783,0.2,0.49729817708333335,5e-05,28030,0.14131052792072296
2494464,994.14,7219,203,345,548.78674469,31.40707015991211,0.9598026871681213,49.18134667078654,-0.027116434752436667,0.08960845,7.310027246673902,0.2,0.576611328125,5e-05,28040,0.1412903219461441
2506752,987.28,7219,204,347,525.4369958899999,14.051826477050781,0.9464408755302429,44.02014718055725,-0.031096456390514504,0.07052984,7.315478667616844,0.2,0.5217936197916667,5e-05,28050,0.1412019282579422
2519040,992.13,7217,205,349,545.0233300599998,49.71269226074219,0.962007999420166,95.34893659750621,-0.03509398789853246,0.04714504,7.3212077488501865,0.2,0.4191813151041667,5e-05,28060,0.14119310677051544
2531328,984.82,7217,206,350,560.16428859,48.12000274658203,0.9399615526199341,114.50694452126821,-0.035289778290219447,0.04362549,7.320812467734019,0.2,0.40517578125,5e-05,28070,0.14125733077526093
2543616,985.83,7218,207,352,537.92789203,37.50089645385742,0.9588176012039185,79.75956370035807,-0.04044402986667895,0.044083387,7.325201357404391,0.2,0.41953938802083335,5e-05,28080,0.14116598665714264
2555904,985.83,7218,208,354,577.01875021,25.012760162353516,0.9534116983413696,85.7090026696523,-0.03793514930972985,0.051508192,7.332486376166344,0.2,0.4643147786458333,5e-05,28090,0.14107458293437958
2568192,967.5,7218,209,355,622.66344349,12.399434089660645,0.9691770076751709,35.563518603642784,-0.025052732653178585,0.09748352,7.33559463818868,0.2,0.5972005208333333,5e-05,28100,0.14113163948059082
2580480,962.33,7218,210,357,570.50411709,32.4363899230957,0.9711739420890808,64.86752474308014,-0.03220444804319413,0.08827897,7.337016162276268,0.2,0.5492268880208333,5e-05,28110,0.1410290151834488
2592768,959.64,7219,211,359,550.49343933,44.31357192993164,0.9613112807273865,89.94142049153646,-0.03655356870003743,0.057178754,7.345438108841578,0.2,0.4955973307291667,5e-05,28120,0.14090977609157562
2605056,958.87,7219,212,360,556.4904525000001,50.1301383972168,0.9389177560806274,113.54930138587952,-0.037259009631816296,0.04780221,7.347502691547076,0.2,0.41265462239583334,5e-05,28130,0.14084583520889282
2617344,958.87,7219,213,362,548.75734349,44.491668701171875,0.9666282534599304,98.444198568662,-0.04191531530668726,0.052339662,7.355323846141498,0.2,0.4600830078125,5e-05,28140,0.14062584936618805
2629632,964.59,7219,214,364,549.50443629,31.425973892211914,0.9718607664108276,96.85851227442423,-0.03573718193996077,0.059564177,7.361888719598452,0.2,0.4999918619791667,5e-05,28150,0.14064855873584747
2641920,957.64,7219,215,365,556.21957823,20.204303741455078,0.9653424620628357,52.691997198263806,-0.03217914335449071,0.07216238,7.357938423752785,0.2,0.5313395182291667,5e-05,28160,0.14072225987911224
2654208,943.35,7220,216,367,535.0896541799999,5.673758506774902,0.9712613224983215,18.47314034104347,-0.022515152642154136,0.12841026,7.359755142529806,0.2,0.6063557942708333,5e-05,28170,0.1405630260705948
2666496,958.22,7220,217,369,545.8886006099999,30.454925537109375,0.9641894102096558,84.73764631748199,-0.04137616121200457,0.03907569,7.362384913365046,0.2,0.41228841145833334,5e-05,28180,0.1406179815530777
2678784,954.07,7220,218,371,548.8564075,28.758506774902344,0.974379301071167,68.42630976835886,-0.03831731498066802,0.047900006,7.363622297843297,0.2,0.4202473958333333,5e-05,28190,0.1405792236328125
2691072,947.5,7219,219,372,565.20248216,28.759275436401367,0.961963415145874,76.75153578917185,-0.040364775853231546,0.04486377,7.36805193622907,0.2,0.399267578125,5e-05,28200,0.14048229157924652
2703360,946.13,7219,220,374,525.6617733799999,43.87407684326172,0.9443872570991516,104.20198623339336,-0.040903691306205775,0.049497485,7.376405697067579,0.2,0.4276936848958333,5e-05,28210,0.140371635556221
2715648,937.28,7219,221,376,509.95332777999994,68.12117004394531,0.9611088633537292,154.88055189450583,-0.04146155461397332,0.06483391,7.380246243874232,0.2,0.49815266927083335,5e-05,28220,0.14018897712230682
2727936,935.54,7220,222,377,537.90104489,22.234472274780273,0.9631782174110413,49.3034638484319,-0.02753989351525282,0.076400965,7.390839985013008,0.2,0.5453938802083333,5e-05,28230,0.14002037048339844
2740224,910.26,7219,223,379,519.91366454,6.65157413482666,0.9662302136421204,17.35480962395668,-0.022495662124129012,0.11277724,7.390047735969225,0.2,0.6410074869791667,5e-05,28240,0.1401694267988205
2752512,919.26,7219,224,381,511.70787813999993,31.93943977355957,0.9520920515060425,74.79649246533712,-0.039291779714403674,0.038652893,7.391730656226476,0.2,0.3908203125,5e-05,28250,0.14012271165847778
2764800,914.08,7219,225,382,502.57907918999996,97.35971069335938,0.9617800116539001,182.7523277282715,-0.0411303606670117,0.03531168,7.397650215029716,0.2,0.35484212239583335,5e-05,28260,0.1400066763162613
2777088,938.37,7220,226,384,562.2298725100001,9.084616661071777,0.9744873642921448,20.567479886611302,-0.028693616262171418,0.0853314,7.405037506421407,0.2,0.5572347005208333,5e-05,28270,0.13988320529460907
2789376,930.33,7220,227,386,543.4759542700001,34.184200286865234,0.9745964407920837,80.55805749893189,-0.034739173229415124,0.06366091,7.413915833830833,0.2,0.4784749348958333,5e-05,28280,0.13977476954460144
2801664,924.95,7220,228,388,613.2535629500001,65.46932220458984,0.9579247236251831,139.936510181427,-0.04147511759122911,0.04170412,7.41569826801618,0.2,0.39593098958333334,5e-05,28290,0.13979865610599518
2813952,926.14,7220,229,389,607.0646321,7.953575611114502,0.9705426692962646,23.686405372619628,-0.035892346602243684,0.07941355,7.4172371079524355,0.2,0.5548665364583333,5e-05,28300,0.13976138830184937
2826240,932.71,7219,230,391,563.45376167,32.66642761230469,0.9606166481971741,75.02252599398295,-0.037763185679796155,0.0712407,7.421794252594312,0.2,0.5154296875,5e-05,28310,0.1396912783384323
2838528,953.77,7219,231,393,590.7937720699999,39.650413513183594,0.9688128232955933,77.98869675000509,-0.03960092887282372,0.05424899,7.4327952563762665,0.2,0.48312174479166664,5e-05,28320,0.13950438797473907
2850816,945.95,7220,232,394,638.4229768700001,25.412261962890625,0.971473217010498,57.09436231851578,-0.02870162906959498,0.07871482,7.447075811028481,0.2,0.5556396484375,5e-05,28330,0.13937067985534668
2863104,950.22,7220,233,396,591.11849735,43.613121032714844,0.9570255279541016,102.54670255184173,-0.038608112803679734,0.063032515,7.4544905970493955,0.2,0.49815266927083335,5e-05,28340,0.13926537334918976
2875392,941.12,7220,234,398,573.29490907,34.51485824584961,0.9618657231330872,83.50846587022146,-0.035190240441200636,0.04973409,7.464190604289373,0.2,0.4544759114583333,5e-05,28350,0.13916392624378204
2887680,946.64,7220,235,399,605.55052078,54.023040771484375,0.9458328485488892,103.18372557957967,-0.03278750656124127,0.064766385,7.467982170979182,0.2,0.492529296875,5e-05,28360,0.13909871876239777
2899968,949.5,7220,236,401,575.2178237200001,27.76409149169922,0.9646128416061401,68.29519943396251,-0.038905799452913926,0.075367905,7.480507138371467,0.2,0.5332845052083334,5e-05,28370,0.1388951689004898
2912256,956.24,7220,237,403,601.83130134,29.859956741333008,0.9630758166313171,64.54229624271393,-0.03973490756276685,0.06906086,7.49284962217013,0.2,0.5090006510416667,5e-05,28380,0.13876426219940186
2924544,961.7,7220,238,405,596.63693857,19.908288955688477,0.9710545539855957,45.38873375654221,-0.03430493792936128,0.07025157,7.497293142477671,0.2,0.5358642578125,5e-05,28390,0.1388654261827469
2936832,961.7,7220,239,406,617.0001543999999,24.49121856689453,0.95344078540802,69.69805148442586,-0.0365064012274767,0.053203285,7.49204386472702,0.2,0.46707356770833336,5e-05,28400,0.13898463547229767
2949120,952.19,7221,240,408,637.42355484,6.855067253112793,0.9597208499908447,21.626866501569747,-0.017025799112646685,0.10195092,7.493236784140269,0.2,0.61533203125,5e-05,28410,0.13883180916309357
2961408,944.34,7220,241,410,616.7650621299999,41.3347282409668,0.9700433015823364,86.18843758900961,-0.041548410451893385,0.03897612,7.501666783293088,0.2,0.38251139322916666,5e-05,28420,0.13880686461925507
2973696,951.03,7221,242,411,641.0844876300001,26.59123420715332,0.9630013704299927,47.65221720933914,-0.03874112725122056,0.06223121,7.505572262406349,0.2,0.480908203125,5e-05,28430,0.1388123780488968
2985984,955.77,7221,243,413,658.79548199,25.60492515563965,0.9660292863845825,66.36210824648539,-0.04104038277873769,0.053879704,7.505527755618095,0.2,0.46219075520833336,5e-05,28440,0.1387762427330017
2998272,964.37,7221,244,415,642.8678654500001,33.71510314941406,0.9660434126853943,87.91075687408447,-0.03345235301506667,0.06380449,7.508050740758578,0.2,0.47076822916666666,5e-05,28450,0.13871417939662933
3010560,964.37,7221,245,416,602.95148337,35.325782775878906,0.9522769451141357,80.1165797551473,-0.03612293954453586,0.055801164,7.514391638835272,0.2,0.46533203125,5e-05,28460,0.13867580890655518
3022848,960.11,7222,246,418,625.76156363,29.105520248413086,0.9579024314880371,91.73073467413585,-0.035523532406174736,0.06275681,7.5160350183645885,0.2,0.48243815104166665,5e-05,28470,0.13871599733829498
3035136,953.11,7222,247,420,586.63717596,38.56714630126953,0.957969605922699,88.67321370442708,-0.03928871198052851,0.056383144,7.518303577105204,0.2,0.482470703125,5e-05,28480,0.13869024813175201
3047424,979.22,7222,248,421,630.15050857,20.078189849853516,0.9599528312683105,52.761472674210864,-0.039162284277457125,0.069370635,7.520859706401825,0.2,0.5151692708333333,5e-05,28490,0.13864894211292267
3059712,966.83,7222,249,423,644.7711569500001,14.439499855041504,0.9671685099601746,33.00237784385681,-0.02606428144305634,0.08399048,7.523070342342058,0.2,0.5592529296875,5e-05,28500,0.13857108354568481
3072000,955.41,7222,250,425,626.2894344199999,20.276199340820312,0.945858895778656,50.23450435002645,-0.03453254012177543,0.08044969,7.52620502213637,0.2,0.5529703776041667,5e-05,28510,0.13851071894168854
3084288,946.93,7222,251,427,587.17517023,34.28816604614258,0.959520161151886,80.85323859850565,-0.03989121440342084,0.062179502,7.529983895023664,0.2,0.4853597005208333,5e-05,28520,0.13847415149211884
3096576,937.67,7222,252,428,621.27046729,33.65044021606445,0.9630479216575623,77.57068242232005,-0.03939878163510002,0.049702927,7.536225483814875,0.2,0.4180989583333333,5e-05,28530,0.13838152587413788
3108864,946.15,7222,253,430,646.3455974100001,16.064361572265625,0.9701306223869324,34.00339697599411,-0.032952185875425734,0.06963879,7.546766277154287,0.2,0.50244140625,5e-05,28540,0.1382790356874466
3121152,935.84,7222,254,432,660.7112627399999,11.908276557922363,0.9569159746170044,32.38358182112376,-0.0308639519304658,0.07321777,7.550336346030235,0.2,0.5265950520833333,5e-05,28550,0.13818596303462982
3133440,933.52,7222,255,433,652.2252367799999,25.22339630126953,0.959071695804596,57.27445220152537,-0.033395828647189776,0.07182779,7.556477464238802,0.2,0.511279296875,5e-05,28560,0.13809628784656525
3145728,941.94,7222,256,435,631.84394441,22.8039493560791,0.9697145223617554,61.45080373287201,-0.03519666674934949,0.07255114,7.560194702943166,0.2,0.5239095052083333,5e-05,28570,0.13798761367797852
3158016,947.73,7222,257,437,622.37606381,23.187061309814453,0.9547396302223206,65.73850154876709,-0.037099914695621315,0.056394488,7.56594210267067,0.2,0.479150390625,5e-05,28580,0.13796047866344452
3170304,955.0,7222,258,438,630.2567522999999,38.19525146484375,0.9529740214347839,95.18019342025121,-0.036165060730612215,0.04105274,7.570766204595566,0.2,0.4090657552083333,5e-05,28590,0.13793618977069855
3182592,952.58,7222,259,440,626.67378195,52.94635009765625,0.9551477432250977,111.54227271080018,-0.04033399804805716,0.06426604,7.571494055787722,0.2,0.5013753255208333,5e-05,28600,0.13793279230594635
3194880,957.25,7223,260,442,619.0826114299999,57.1318359375,0.9475423693656921,106.49457246462504,-0.0365449870742547,0.056271717,7.5745144834121065,0.2,0.4860921223958333,5e-05,28610,0.13787642121315002
3207168,957.25,7223,261,443,612.20231743,19.451688766479492,0.9760670065879822,54.5536771496137,-0.03326400663063396,0.09170985,7.580308770140012,0.2,0.5536783854166667,5e-05,28620,0.13778750598430634
3219456,961.08,7223,262,445,557.14320417,39.2171516418457,0.9759191274642944,99.6162969271342,-0.03822844789441054,0.0644463,7.580515768130621,0.2,0.5124430338541667,5e-05,28630,0.13780154287815094
3231744,970.4,7224,263,447,576.71298593,62.86296844482422,0.9614536762237549,122.58636215527852,-0.040210858687836054,0.04569738,7.577439767122269,0.2,0.43455403645833335,5e-05,28640,0.13790540397167206
3244032,965.56,7224,264,449,556.8818027899999,20.805803298950195,0.9686439037322998,51.137360243002576,-0.036569447433673,0.07180799,7.574514495333036,0.2,0.5120768229166667,5e-05,28650,0.13788892328739166
3256320,958.56,7224,265,450,490.6598600499999,91.92459106445312,0.9388154745101929,185.79029728571575,-0.04284836309040353,0.039405942,7.577847690383593,0.2,0.3808512369791667,5e-05,28660,0.1378052830696106
3268608,966.19,7225,266,452,531.9023823599999,33.24274826049805,0.962682843208313,78.50121912956237,-0.03639913710018542,0.081460044,7.580259638031324,0.2,0.5434163411458334,5e-05,28670,0.13774026930332184
3280896,981.68,7225,267,454,547.85109185,23.928491592407227,0.9755207300186157,51.31980042854945,-0.034657706144692685,0.07426099,7.583310375610988,0.2,0.5230631510416667,5e-05,28680,0.13776101171970367
3293184,981.68,7225,268,455,536.19493684,26.684276580810547,0.9585301876068115,83.34333454767862,-0.03450095094449353,0.049157035,7.585672911008199,0.2,0.4141764322916667,5e-05,28690,0.13774754106998444
3305472,980.67,7225,269,457,538.45698995,36.751224517822266,0.9735413789749146,83.34289127190908,-0.03706125229267248,0.06217265,7.5855564703543985,0.2,0.5156901041666667,5e-05,28700,0.13779376447200775
3317760,986.76,7225,270,459,545.27175456,17.62196922302246,0.9532619714736938,43.93673720757167,-0.031849508850912873,0.085519694,7.578079508741697,0.2,0.5735107421875,5e-05,28710,0.13794775307178497
3330048,983.7,7225,271,460,484.31589915000006,27.44930076599121,0.9550929665565491,87.17520871162415,-0.03975265637175956,0.050683737,7.570110874374707,0.2,0.46344401041666666,5e-05,28720,0.1380196064710617
3342336,978.84,7224,272,462,493.25905128000005,72.59336853027344,0.9524685740470886,154.44920183817547,-0.03868896447238512,0.062534906,7.572010970115661,0.2,0.4918212890625,5e-05,28730,0.1379491090774536
3354624,977.33,7224,273,464,487.1724709100001,45.62260818481445,0.9650362730026245,102.24993076324463,-0.037770150897752805,0.061568204,7.577715608477592,0.2,0.4770100911458333,5e-05,28740,0.13782870769500732
3366912,968.61,7224,274,466,455.06509778,60.63373565673828,0.9317960739135742,162.61799681981404,-0.03988029575945499,0.047518775,7.5816980540752414,0.2,0.493212890625,5e-05,28750,0.13780882954597473
3379200,968.61,7224,275,467,458.79508409999994,18.412616729736328,0.9460097551345825,49.9954359292984,-0.03141887287977928,0.07650529,7.584290865063667,0.2,0.5129475911458333,5e-05,28760,0.1377946138381958
3391488,968.61,7225,276,469,461.8497905100001,39.84791564941406,0.9309306740760803,74.99662586053212,-0.030579340193071403,0.068218194,7.593867076436679,0.2,0.5124674479166667,5e-05,28770,0.137663334608078
3403776,969.62,7225,277,471,426.67148898,41.2282829284668,0.9502694010734558,99.6317142009735,-0.03511256766990603,0.045049403,7.6007387687762575,0.2,0.43219401041666666,5e-05,28780,0.1376226395368576
3416064,970.01,7225,278,472,465.9571235500001,59.17137908935547,0.9599864482879639,105.51108034451802,-0.03628307114607499,0.06540067,7.60135963956515,0.2,0.5031901041666667,5e-05,28790,0.13761812448501587
3428352,977.91,7225,279,474,553.9178335,17.396818161010742,0.9375228881835938,51.11103996833165,-0.02177946828887798,0.08027228,7.595199577013651,0.2,0.5834879557291667,5e-05,28800,0.13771049678325653
3440640,982.77,7225,280,476,612.30262264,4.921865940093994,0.9750992059707642,11.146315196156502,-0.021834325484815054,0.11906638,7.58035595814387,0.2,0.642724609375,5e-05,28810,0.1379280984401703
3452928,991.28,7225,281,477,626.67368252,26.800193786621094,0.9604251980781555,53.504968802134194,-0.04212112987103562,0.045999695,7.573727274934451,0.2,0.40455729166666665,5e-05,28820,0.1379125714302063
3465216,984.72,7225,282,479,620.4682460600001,51.51726150512695,0.9585673809051514,119.75030466715495,-0.04323559351323638,0.04160204,7.5773669173320135,0.2,0.3879313151041667,5e-05,28830,0.13786673545837402
3477504,993.44,7226,283,481,605.96220213,35.82661819458008,0.9367714524269104,103.44823560714721,-0.03989592799237774,0.041221723,7.576735703150431,0.2,0.36420084635416666,5e-05,28840,0.1379680633544922
3489792,984.54,7225,284,482,598.6681750200001,50.664520263671875,0.9718296527862549,106.19719321727753,-0.0390692591026891,0.07614764,7.575957355896632,0.2,0.5204833984375,5e-05,28850,0.13786166906356812
3502080,981.36,7225,285,484,622.8769380300001,11.09904956817627,0.9766871929168701,31.01229183077812,-0.03197361114240872,0.08604014,7.5749033153057095,0.2,0.5803629557291666,5e-05,28860,0.13800062239170074
3514368,981.36,7226,286,486,644.3810775999999,14.88527774810791,0.962034285068512,51.77516475915909,-0.03518012245913269,0.06617982,7.571477540334066,0.2,0.5056070963541667,5e-05,28870,0.13793453574180603
3526656,977.15,7226,287,488,603.73672445,14.941259384155273,0.976105809211731,51.889818199475606,-0.03413609061099123,0.0649905,7.571183989445369,0.2,0.4875895182291667,5e-05,28880,0.1379157155752182
3538944,977.15,7225,288,489,541.87084303,8.06878662109375,0.9725479483604431,30.643759258588155,-0.027286226367383884,0.09264704,7.57922716041406,0.2,0.5972900390625,5e-05,28890,0.1377955675125122
3551232,976.2,7225,289,491,525.69814957,47.00822448730469,0.935468852519989,104.33094515800477,-0.04130452797204877,0.04587276,7.586480937401453,0.2,0.4042887369791667,5e-05,28900,0.1377880573272705
3563520,976.2,7224,290,493,583.1135661999999,63.76748275756836,0.9628214240074158,146.8564688682556,-0.043288473220309244,0.04058061,7.589234161376953,0.2,0.3922037760416667,5e-05,28910,0.13769128918647766
3575808,967.31,7224,291,494,534.4789849000001,33.59663391113281,0.9744881391525269,79.96879336833953,-0.039147237129509446,0.047993172,7.5930828839540485,0.2,0.4113850911458333,5e-05,28920,0.13769671320915222
3588096,972.23,7224,292,496,501.14206458,26.663829803466797,0.9661731719970703,65.94746449788411,-0.03281511714643178,0.05941875,7.586782942215602,0.2,0.4758544921875,5e-05,28930,0.1378258317708969
3600384,975.41,7225,293,498,518.55131707,31.174102783203125,0.9698771834373474,105.21945933500926,-0.03626141354907304,0.049595773,7.587835968534152,0.2,0.46571451822916665,5e-05,28940,0.13773563504219055
3612672,972.36,7225,294,500,492.17261515999996,55.2829475402832,0.977389395236969,126.00831445058186,-0.04008316787076183,0.051125433,7.5943577547868095,0.2,0.44618326822916665,5e-05,28950,0.13768082857131958
3624960,976.57,7225,295,501,500.4827200800001,15.133918762207031,0.9713796377182007,41.962914864222206,-0.034512541638105174,0.07002676,7.593406724929809,0.2,0.5373209635416667,5e-05,28960,0.13769587874412537
3637248,976.57,7225,296,503,582.5751973800001,11.866945266723633,0.9683396220207214,24.75886047879855,-0.02630211071470209,0.08603414,7.581862911581993,0.2,0.5920654296875,5e-05,28970,0.13781261444091797
3649536,971.04,7226,297,505,600.39021542,47.99625778198242,0.9728231430053711,105.7064455429713,-0.039538138261802185,0.03981707,7.584801005323728,0.2,0.38197428385416665,5e-05,28980,0.13772305846214294
3661824,971.04,7227,298,506,603.0682973300001,30.925186157226562,0.9736315011978149,71.19382407267888,-0.03618393256571532,0.055629555,7.590976040561994,0.2,0.4618408203125,5e-05,28990,0.13765329122543335
3674112,979.93,7227,299,508,670.4536861000001,6.419777870178223,0.9690707921981812,26.019238351782164,-0.024637931877562854,0.09826089,7.581111111243566,0.2,0.5459635416666667,5e-05,29000,0.13789896667003632
3686400,979.41,7227,300,510,639.01789493,70.2376480102539,0.9623520970344543,153.9551499048869,-0.03946765129415629,0.04374559,7.576018542051315,0.2,0.4215087890625,5e-05,29010,0.13780739903450012
3698688,979.41,7227,301,511,652.0618977700001,6.873353958129883,0.9764952063560486,19.953431383768717,-0.016072173416614533,0.13843367,7.57539407213529,0.2,0.64873046875,5e-05,29020,0.1378159075975418
3710976,982.46,7227,302,513,648.3790916199999,48.035667419433594,0.9503500461578369,124.24892924626668,-0.038101604056040135,0.028184468,7.573923778533936,0.2,0.3333251953125,5e-05,29030,0.1378115564584732
3723264,976.33,7227,303,515,623.09151444,23.511564254760742,0.9374874830245972,67.11681932608286,-0.03689267655815153,0.03961729,7.574209084113439,0.2,0.40631510416666666,5e-05,29040,0.137811079621315
3735552,979.44,7228,304,516,574.2475187100001,69.17267608642578,0.9731570482254028,164.4374756495158,-0.03620390243692479,0.038043346,7.574878530701001,0.2,0.3653076171875,5e-05,29050,0.13783054053783417
3747840,983.79,7228,305,518,561.27797333,36.52061080932617,0.9721049666404724,88.06030410925547,-0.03181671636508933,0.07680153,7.575233549873034,0.2,0.52021484375,5e-05,29060,0.13777296245098114
3760128,983.79,7228,306,520,547.62127787,25.765188217163086,0.9640827775001526,81.37381364504496,-0.03477363186296619,0.07326171,7.580455333987872,0.2,0.47474772135416665,5e-05,29070,0.1377508044242859
3772416,983.79,7228,307,521,558.44379345,49.573543548583984,0.9696248769760132,98.03851240475973,-0.03804409809721013,0.05940832,7.581873846054077,0.2,0.4843668619791667,5e-05,29080,0.1376737803220749
3784704,988.29,7228,308,523,558.09547839,12.5632963180542,0.962081789970398,25.49278130928675,-0.028536984475310116,0.101247095,7.580430969595909,0.2,0.6122233072916666,5e-05,29090,0.13772891461849213
3796992,986.9,7228,309,525,518.8496374900001,100.4377670288086,0.9731748104095459,172.83965484301248,-0.04181553525850177,0.049612124,7.591845378279686,0.2,0.4449544270833333,5e-05,29100,0.13758501410484314
3809280,986.9,7229,310,526,552.45870511,55.496097564697266,0.9767296314239502,137.89972758293152,-0.0449620202096412,0.047349196,7.595208367705345,0.2,0.4197265625,5e-05,29110,0.13760168850421906
3821568,989.89,7229,311,528,518.0636490799999,30.02431297302246,0.9675905108451843,56.03175623416901,-0.034053938448778354,0.08196134,7.593925445278486,0.2,0.5346028645833333,5e-05,29120,0.13758967816829681
3833856,991.42,7230,312,530,551.4279988,61.32796859741211,0.9695236086845398,104.33768892288208,-0.03797057114522128,0.07226456,7.590484197934469,0.2,0.5020589192708333,5e-05,29130,0.13764984905719757
3846144,988.56,7230,313,531,615.90498754,27.31281089782715,0.9643616676330566,49.92607351938884,-0.03171459230458519,0.06066357,7.595235012968382,0.2,0.4885498046875,5e-05,29140,0.13744713366031647
3858432,982.53,7230,314,533,651.50835783,9.480573654174805,0.9653960466384888,30.00040909051895,-0.02614046986370037,0.05350868,7.600903270641963,0.2,0.5112467447916667,5e-05,29150,0.137510746717453
3870720,973.54,7230,315,535,618.57865412,4.305087089538574,0.9792681336402893,14.906336698929469,-0.029476703986680754,0.119217925,7.596945524215698,0.2,0.6127197265625,5e-05,29160,0.13757550716400146
3883008,967.71,7230,316,537,630.4872248199999,45.55038833618164,0.9703436493873596,112.64600911140442,-0.04321616395318415,0.04183057,7.597061662872632,0.2,0.39580891927083334,5e-05,29170,0.13746331632137299
3895296,966.91,7231,317,538,561.85008275,42.783599853515625,0.9698627591133118,94.77066824436187,-0.039796116033297343,0.052306037,7.611621587475141,0.2,0.4290283203125,5e-05,29180,0.1372729241847992
3907584,966.91,7231,318,540,504.51625055,121.6336441040039,0.9460399150848389,259.57117869059243,-0.04421842352215511,0.030971745,7.617731761932373,0.2,0.3119710286458333,5e-05,29190,0.13725373148918152
3919872,970.05,7231,319,542,551.8127707900001,14.990666389465332,0.976714015007019,44.93402913808823,-0.032874532945182486,0.08211801,7.621503801147143,0.2,0.5277994791666667,5e-05,29200,0.1371360719203949
3932160,974.1,7231,320,543,529.61203041,30.003822326660156,0.9695799350738525,66.959428191185,-0.03676881945866626,0.0635457,7.6314909785985945,0.2,0.490966796875,5e-05,29210,0.1369657665491104
3944448,968.14,7232,321,545,475.20364782,57.85642623901367,0.9739221930503845,121.61345357894898,-0.033342596988465326,0.092695914,7.6400518288215,0.2,0.5113037109375,5e-05,29220,0.13690857589244843
3956736,964.32,7232,322,547,394.42197495,55.67457962036133,0.9776345491409302,110.03668462435404,-0.038698764280222044,0.040884934,7.651102747519811,0.2,0.38564453125,5e-05,29230,0.13676607608795166
3969024,975.11,7232,323,548,432.89698407000003,61.266231536865234,0.9759506583213806,148.6180098692576,-0.037037948932750926,0.052774165,7.668658123413722,0.2,0.448681640625,5e-05,29240,0.1365872621536255
3981312,969.13,7232,324,550,428.02161978,24.47757911682129,0.9744874835014343,53.60054912964503,-0.04314989210882535,0.061646596,7.672671278317769,0.2,0.4734375,5e-05,29250,0.13663996756076813
3993600,953.05,7231,325,552,508.37116033,58.5629768371582,0.9704921841621399,132.50784962972006,-0.038198229649181785,0.0518093,7.670504462718964,0.2,0.4454264322916667,5e-05,29260,0.13660402595996857
4005888,943.76,7231,326,553,499.0627424899999,9.605457305908203,0.9741482734680176,27.477985642353694,-0.021856612244058247,0.114364356,7.6671555509169895,0.2,0.6204427083333334,5e-05,29270,0.13659989833831787
4018176,934.78,7232,327,555,556.9490651499999,23.74768829345703,0.9580891728401184,55.612539593378706,-0.03498758040562582,0.057473253,7.6669878393411635,0.2,0.482763671875,5e-05,29280,0.1365704983472824
4030464,936.81,7232,328,557,539.6172485399999,15.286115646362305,0.9661146998405457,29.49567025899887,-0.03263350748457015,0.110066704,7.661963996291161,0.2,0.6045166015625,5e-05,29290,0.13674591481685638
4042752,948.62,7232,329,558,521.6925097,78.1176986694336,0.9605997204780579,150.0999211470286,-0.0419281753662896,0.033045102,7.659865813453992,0.2,0.3439127604166667,5e-05,29300,0.13672374188899994
4055040,940.31,7233,330,560,574.0334881399999,46.75420379638672,0.9626783132553101,95.20537847677866,-0.040424661208332206,0.041901927,7.662149278322856,0.2,0.3892578125,5e-05,29310,0.13667577505111694
4067328,944.34,7233,331,562,576.7286682499999,7.438156604766846,0.9663782715797424,22.790644106268882,-0.016815392890324195,0.11766854,7.6539538909991585,0.2,0.623779296875,5e-05,29320,0.13682442903518677
4079616,952.51,7233,332,563,602.1234874,42.998069763183594,0.9783157110214233,75.43114743232726,-0.03904714372426194,0.05153003,7.654221802949905,0.2,0.42584635416666666,5e-05,29330,0.1367412656545639
4091904,964.41,7233,333,565,582.49120805,57.67930603027344,0.9537175893783569,127.54354793230692,-0.03811239187877315,0.051330913,7.657689812779426,0.2,0.4348551432291667,5e-05,29340,0.13672539591789246
4104192,973.7,7233,334,567,548.42719221,19.129419326782227,0.9630208611488342,53.00312964518865,-0.029940468820374613,0.10151396,7.660806556542714,0.2,0.5673990885416667,5e-05,29350,0.13667207956314087
4116480,982.68,7233,335,569,505.74435155,59.073551177978516,0.966712236404419,108.29667749404908,-0.04026042500627227,0.05074351,7.665585576494535,0.2,0.44654947916666665,5e-05,29360,0.13664989173412323
4128768,986.78,7234,336,570,505.63792903999996,55.32923889160156,0.9616642594337463,118.08756057421367,-0.045795339563240604,0.047822837,7.6713067352771755,0.2,0.4388916015625,5e-05,29370,0.13654868304729462
4141056,986.78,7234,337,572,524.4571959400001,52.55341720581055,0.9656747579574585,108.22837309042613,-0.03638278885143033,0.057499874,7.677375740806261,0.2,0.4940673828125,5e-05,29380,0.13648094236850739
4153344,995.09,7234,338,574,542.9197117900002,40.86648178100586,0.9745442867279053,76.64135211308798,-0.03996629848406883,0.042094767,7.679986326893171,0.2,0.39915364583333335,5e-05,29390,0.13646912574768066
4165632,995.09,7234,339,575,507.6952660199999,43.07542037963867,0.9674187898635864,80.29049920241037,-0.03252043970860541,0.06607344,7.6794440120458605,0.2,0.4887613932291667,5e-05,29400,0.13645268976688385
4177920,995.09,7234,340,577,529.70642019,24.306842803955078,0.9760519862174988,47.16516609589259,-0.032864434746443294,0.06627927,7.68407598833243,0.2,0.5291341145833334,5e-05,29410,0.1363767385482788
4190208,995.09,7234,341,579,553.29446856,34.13621520996094,0.9645535349845886,54.13990663687388,-0.03813293056882685,0.048961148,7.690157304207484,0.2,0.4438069661458333,5e-05,29420,0.13629432022571564
4202496,990.76,7234,342,580,565.7622859799999,49.45708465576172,0.9539613723754883,97.11682004928589,-0.03297185919606515,0.051380124,7.6947391629219055,0.2,0.43914388020833334,5e-05,29430,0.1362341195344925
4214784,990.76,7235,343,582,617.76117444,24.403377532958984,0.9703350067138672,43.12170391877492,-0.01881078832326845,0.090463795,7.6993297845125195,0.2,0.6015462239583333,5e-05,29440,0.1361229419708252
4227072,991.49,7234,344,584,614.1030998900001,8.794934272766113,0.9771415591239929,18.485713994503023,-0.02861088361387374,0.08077919,7.714751014113427,0.2,0.5575846354166667,5e-05,29450,0.13588540256023407
4239360,991.49,7235,345,585,656.2043359199998,36.47850036621094,0.9787843823432922,74.61786450544993,-0.03153200038213981,0.08546442,7.716223604480425,0.2,0.5631022135416667,5e-05,29460,0.13592171669006348
4251648,991.49,7235,346,587,623.22874031,25.311656951904297,0.9672715663909912,54.479424103101096,-0.03206599716407557,0.06964508,7.716119102636973,0.2,0.5060628255208334,5e-05,29470,0.13592718541622162
4263936,988.53,7235,347,589,598.53333974,47.76342010498047,0.9620898365974426,131.88705244064332,-0.03623148965416476,0.055324595,7.71899688243866,0.2,0.44278157552083336,5e-05,29480,0.13594657182693481
4276224,988.53,7235,348,591,565.92824458,39.026458740234375,0.9690448045730591,111.9784091949463,-0.041545799272716975,0.04443845,7.722302986184756,0.2,0.4062744140625,5e-05,29490,0.13592326641082764
4288512,988.53,7235,349,592,570.5441019799999,65.87646484375,0.9756394624710083,120.08467501004537,-0.03673767838336062,0.05426697,7.727152131994566,0.2,0.4732666015625,5e-05,29500,0.13583509624004364
4300800,997.04,7235,350,594,634.4892682899999,25.490755081176758,0.9741528034210205,67.27013229131698,-0.031903177742303036,0.06633826,7.726292797923088,0.2,0.4919840494791667,5e-05,29510,0.13592322170734406
4313088,988.45,7235,351,596,569.6053828500001,7.825259208679199,0.9854412078857422,17.557821830113728,-0.023440962874641022,0.1205932,7.716341723004977,0.2,0.6149658203125,5e-05,29520,0.13602133095264435
4325376,986.9,7235,352,597,537.67156444,56.32062911987305,0.960472047328949,107.2699880917867,-0.039871548462542705,0.04570366,7.714230535427729,0.2,0.42398274739583336,5e-05,29530,0.1360241323709488
4337664,986.9,7235,353,599,481.9250867,86.61270141601562,0.9657908082008362,157.14384849866232,-0.035520291035451616,0.06253082,7.718246801694234,0.2,0.4732259114583333,5e-05,29540,0.1359698623418808
4349952,985.61,7236,354,601,478.10297138999994,18.39590072631836,0.9741165637969971,48.338555709520975,-0.03281718723592349,0.07173144,7.723544188340505,0.2,0.535107421875,5e-05,29550,0.13588719069957733
4362240,984.13,7236,355,602,423.05628013,97.96929931640625,0.9593610763549805,193.15006554921467,-0.042286468478899525,0.04431009,7.7274391959110895,0.2,0.38680826822916664,5e-05,29560,0.13590456545352936
4374528,984.13,7236,356,604,455.34798248000004,50.08189392089844,0.9729942679405212,108.38602062861125,-0.03105443461536197,0.08210292,7.726329094171524,0.2,0.5352294921875,5e-05,29570,0.13587909936904907
4386816,984.13,7237,357,606,488.72068328,8.881343841552734,0.9756132960319519,30.198719265063605,-0.034383345756214115,0.05757459,7.728616509834925,0.2,0.48765462239583335,5e-05,29580,0.13580285012722015
4399104,984.13,7237,358,607,407.73526861,55.07390213012695,0.969211757183075,123.3967224597931,-0.039906218338486114,0.069874875,7.734046158194542,0.2,0.50791015625,5e-05,29590,0.13573364913463593
4411392,985.74,7237,359,609,394.75413073,54.69964599609375,0.9611406326293945,113.44040381113687,-0.04236280415207148,0.04368551,7.743727049231529,0.2,0.40724283854166665,5e-05,29600,0.13555876910686493
4423680,970.39,7238,360,611,474.00264073,16.935482025146484,0.9741054177284241,60.85428751707077,-0.02985463759250706,0.09258801,7.7588532338539755,0.2,0.5574300130208333,5e-05,29610,0.135357066988945
4435968,970.39,7237,361,612,536.2083258799998,1.579895257949829,0.9799761176109314,5.034519661962986,-0.005528046818411288,0.18510087,7.744702938199043,0.2,0.7009765625,5e-05,29620,0.1357049196958542
4448256,962.63,7237,362,614,563.24775564,90.83844757080078,0.9727839231491089,170.31497240066528,-0.03915610567006903,0.027869023,7.731773397326469,0.2,0.3344482421875,5e-05,29630,0.13574163615703583
4460544,962.41,7237,363,616,623.4871635699999,14.954912185668945,0.959321141242981,30.942883815368017,-0.03832005219883285,0.03955178,7.7311296959718065,0.2,0.396923828125,5e-05,29640,0.1357312798500061
4472832,962.41,7237,364,617,562.4606032300001,24.759206771850586,0.9786336421966553,58.69812355438868,-0.03995617774392789,0.047319163,7.741960535446803,0.2,0.43353678385416666,5e-05,29650,0.13553990423679352
4485120,962.41,7238,365,619,607.0741729,48.679630279541016,0.9480858445167542,122.05711192289988,-0.03824963064204591,0.0413035,7.749136058489482,0.2,0.38990885416666665,5e-05,29660,0.13551519811153412
4497408,962.41,7238,366,621,561.8184776200001,103.09255981445312,0.9697073698043823,175.23268682161967,-0.04299730577234489,0.029932356,7.75116218427817,0.2,0.32354329427083334,5e-05,29670,0.13546980917453766
4509696,969.39,7238,367,623,507.13619285999994,96.79386138916016,0.9723227024078369,253.32393582661948,-0.04121815846592654,0.044150814,7.752948172887167,0.2,0.42049967447916664,5e-05,29680,0.13549859821796417
4521984,986.29,7238,368,624,469.59453933,46.05583953857422,0.9817551970481873,102.44375077883403,-0.034400443204989035,0.06222113,7.749552281697591,0.2,0.46822916666666664,5e-05,29690,0.13549397885799408
4534272,986.29,7238,369,626,460.18973816000005,51.11529541015625,0.9744498133659363,86.01683575312296,-0.027630250723450444,0.06947731,7.749855824311575,0.2,0.5529459635416667,5e-05,29700,0.1354636400938034
4546560,995.34,7238,370,628,471.44181158,51.5676383972168,0.9710139632225037,107.05783534844717,-0.03879332658931768,0.07376605,7.750791051983834,0.2,0.5223225911458333,5e-05,29710,0.13550366461277008
4558848,1000.0,7239,371,629,394.21013472999994,37.89888381958008,0.9758907556533813,90.10434311230978,-0.035302295979151195,0.066859536,7.750429106752078,0.2,0.528271484375,5e-05,29720,0.1355067640542984
4571136,977.18,7239,372,631,436.97086124000003,29.460926055908203,0.9734485745429993,72.72092167536418,-0.029989073497320835,0.08092247,7.751352252562841,0.2,0.5429280598958334,5e-05,29730,0.1354508250951767
4583424,968.07,7239,373,633,406.83549812999996,19.383655548095703,0.9636350274085999,47.888426438967386,-0.0334002044556352,0.07136301,7.752715175350507,0.2,0.529541015625,5e-05,29740,0.13545285165309906
4595712,968.07,7239,374,634,442.84615152,82.68400573730469,0.9702718257904053,162.05730168024698,-0.041750429169042036,0.034400858,7.757722386717797,0.2,0.3634033203125,5e-05,29750,0.13541366159915924
4608000,966.12,7239,375,636,490.90450339,65.44586181640625,0.9623656272888184,138.91157671610515,-0.04167005372582935,0.0484639,7.762871594230334,0.2,0.41455078125,5e-05,29760,0.13535086810588837
4620288,965.47,7240,376,638,482.30001732000005,11.59133529663086,0.983693540096283,30.561412264903385,-0.03084917633823352,0.09031383,7.761420583724975,0.2,0.549169921875,5e-05,29770,0.13543185591697693
4632576,965.47,7240,377,639,525.72023807,42.920291900634766,0.9801790714263916,81.04453460375468,-0.03757046492440471,0.04691364,7.764329839746157,0.2,0.4302164713541667,5e-05,29780,0.1353217214345932
4644864,965.47,7240,378,641,520.8328825799999,25.287471771240234,0.9718133211135864,83.24091651439667,-0.04074148765697221,0.039952964,7.770553161700566,0.2,0.3877360026041667,5e-05,29790,0.13526946306228638
4657152,971.82,7240,379,643,513.06731613,45.13037872314453,0.965425968170166,124.4342361052831,-0.0331838561707021,0.062437106,7.77181660135587,0.2,0.5047607421875,5e-05,29800,0.13528941571712494
4669440,981.33,7239,380,644,484.88511098999993,64.82527160644531,0.9648586511611938,166.9070761680603,-0.04182317448576214,0.04549436,7.76868957777818,0.2,0.42294921875,5e-05,29810,0.13534314930438995
4681728,973.13,7240,381,646,453.22918580000004,46.24301528930664,0.9680085182189941,120.5710498491923,-0.031006886040510533,0.07196502,7.757452191909154,0.2,0.5518391927083334,5e-05,29820,0.13542406260967255
4694016,964.17,7240,382,648,504.30666225,87.21066284179688,0.954348623752594,187.76383794148762,-0.03989309568423778,0.045016874,7.760429451862971,0.2,0.4465576171875,5e-05,29830,0.13534694910049438
4706304,966.77,7240,383,649,432.86517269,15.503758430480957,0.9703213572502136,57.95200862884521,-0.02778375433263136,0.100694805,7.758822107315064,0.2,0.5824544270833333,5e-05,29840,0.13532298803329468
4718592,958.65,7240,384,651,380.65974487000005,92.97318267822266,0.968695342540741,179.82931180000304,-0.03993193020481461,0.043423876,7.758250496784846,0.2,0.42462565104166666,5e-05,29850,0.135331928730011
4730880,934.15,7240,385,653,347.41738473,100.38577270507812,0.9698337912559509,214.10006148020426,-0.03963736721877164,0.04182839,7.764257017771403,0.2,0.3787760416666667,5e-05,29860,0.13529425859451294
4743168,919.57,7240,386,655,376.46209052,24.48588752746582,0.9700197577476501,63.231144388516746,-0.035738450252877856,0.06727179,7.768509166439374,0.2,0.5295572916666667,5e-05,29870,0.13528843224048615
4755456,915.33,7241,387,656,459.6973755700001,6.17820930480957,0.9783291220664978,15.886798050006231,-0.020538675493056265,0.11821347,7.760959334174792,0.2,0.6308837890625,5e-05,29880,0.13554008305072784
4767744,921.77,7241,388,658,488.26247109000013,17.52804946899414,0.9792084693908691,53.86335871219635,-0.038181169975238544,0.057107896,7.76115212738514,0.2,0.44598795572916666,5e-05,29890,0.13543491065502167
4780032,919.76,7241,389,660,544.8629631,15.790044784545898,0.9718998670578003,40.260309652487436,-0.025090758922548653,0.072868265,7.761198252439499,0.2,0.5312255859375,5e-05,29900,0.13550685346126556
4792320,914.36,7241,390,661,440.07340329,54.445369720458984,0.9606941938400269,191.51835826237996,-0.045489958190592004,0.043079242,7.763848268985749,0.2,0.4058349609375,5e-05,29910,0.13542421162128448
4804608,922.48,7241,391,663,432.19771232000005,96.84710693359375,0.9594667553901672,235.07751887639364,-0.0394811221427517,0.056958575,7.771820533275604,0.2,0.46222330729166666,5e-05,29920,0.1353977769613266
4816896,929.13,7241,392,665,472.09997084999986,77.35319519042969,0.9729627966880798,138.409370247523,-0.03616672171337996,0.05666853,7.772852220137914,0.2,0.46388346354166665,5e-05,29930,0.13548175990581512
4829184,952.31,7241,393,666,487.50660192000004,32.23424530029297,0.9694185853004456,62.97711797555288,-0.034685463133306865,0.07295362,7.770434587200483,0.2,0.5061767578125,5e-05,29940,0.13557128608226776
4841472,947.22,7242,394,668,397.95593088000004,67.28549194335938,0.9671099781990051,132.4499985694885,-0.03897561710327864,0.04595527,7.768423299988111,0.2,0.40447591145833334,5e-05,29950,0.13561271131038666
4853760,955.8,7242,395,670,360.73525385,49.85160827636719,0.9642090797424316,113.20049108664195,-0.037663179288938406,0.05436943,7.776635783910751,0.2,0.46217447916666665,5e-05,29960,0.13545192778110504
4866048,956.82,7241,396,671,301.21995137,23.72686195373535,0.9637422561645508,57.60787298679352,-0.025946364767150953,0.09684932,7.781926427284876,0.2,0.5844807942708333,5e-05,29970,0.13546611368656158
4878336,960.76,7241,397,673,302.65186075,102.05003356933594,0.9528864622116089,228.5500503540039,-0.037475273898841505,0.055521265,7.77868270178636,0.2,0.48095703125,5e-05,29980,0.13548243045806885
4890624,975.12,7241,398,675,446.04022525999994,30.71627426147461,0.9706646203994751,84.82565367221832,-0.04052122592377903,0.045122728,7.776942467689514,0.2,0.3986409505208333,5e-05,29990,0.13546429574489594
4902912,975.12,7242,399,677,422.1690244100001,45.47416305541992,0.9815974831581116,106.39179723262787,-0.028159475291128427,0.09773925,7.779489736755689,0.2,0.5946370442708333,5e-05,30000,0.13545642793178558
4915200,975.12,7242,400,678,449.96404564,59.97391128540039,0.9749294519424438,140.0995249589284,-0.039510745904408395,0.061504766,7.781740014751752,0.2,0.496044921875,5e-05,30010,0.1354786902666092
4927488,976.21,7242,401,680,460.82774985000003,17.67891502380371,0.9784783124923706,27.780337464809417,-0.035062776137783656,0.075845346,7.7893374790747965,0.2,0.5391845703125,5e-05,30020,0.13536664843559265
4939776,984.32,7242,402,682,483.37375247000006,37.232421875,0.9712453484535217,69.13370664119721,-0.03147576384168739,0.080746196,7.789159306883812,0.2,0.5848307291666667,5e-05,30030,0.13544854521751404
4952064,984.32,7242,403,683,510.87449791,53.3438835144043,0.9699389934539795,114.42716614405315,-0.03687188151622346,0.06724318,7.783644393086433,0.2,0.5198160807291666,5e-05,30040,0.13544592261314392
4964352,992.73,7242,404,685,551.72094357,13.271265983581543,0.9643532037734985,39.551987308263776,-0.024679412438126748,0.092890084,7.789760851860047,0.2,0.5979817708333334,5e-05,30050,0.13530424237251282
4976640,986.85,7242,405,687,592.56714667,50.49520492553711,0.9683430194854736,89.04205594857534,-0.03702869099021579,0.043697804,7.797860446572304,0.2,0.4175537109375,5e-05,30060,0.13523836433887482
4988928,986.85,7242,406,688,559.3322440500001,19.935483932495117,0.9596903920173645,50.27892669041952,-0.034663141044438815,0.081697695,7.7912544002135595,0.2,0.5494140625,5e-05,30070,0.1354387104511261
5001216,986.85,7242,407,690,532.9046009599999,24.4638614654541,0.9719476699829102,81.74679621855418,-0.037516369823424614,0.0660607,7.782864504059156,0.2,0.5266276041666667,5e-05,30080,0.13545386493206024
5013504,986.85,7242,408,692,472.23394641,122.41529846191406,0.946702241897583,274.0579307238261,-0.04253136554276959,0.034357447,7.786190086603165,0.2,0.3452880859375,5e-05,30090,0.13540908694267273
5025792,982.49,7242,409,693,435.88490865999995,91.85623931884766,0.9620215892791748,191.4401364326477,-0.03776510079333093,0.048472587,7.785344077150027,0.2,0.4252685546875,5e-05,30100,0.1354619264602661
5038080,987.63,7242,410,695,444.9696936499999,67.18912506103516,0.9747112393379211,147.45142248471578,-0.03955364227440441,0.05450326,7.784435058633487,0.2,0.47813313802083335,5e-05,30110,0.1353868991136551
5050368,978.26,7242,411,697,460.29518592999995,22.044931411743164,0.9727885127067566,50.85203545093536,-0.03058239764844378,0.059684392,7.779694287975629,0.2,0.5187418619791667,5e-05,30120,0.13544893264770508
5062656,978.26,7242,412,699,438.99054445999997,58.77915573120117,0.9735989570617676,135.5732442220052,-0.03975144448825934,0.057884287,7.7811455676953,0.2,0.456494140625,5e-05,30130,0.13538534939289093
5074944,977.2,7242,413,700,407.32086383000006,63.198707580566406,0.9712616205215454,136.9285052617391,-0.03644149679991339,0.062113356,7.783810168504715,0.2,0.49712727864583334,5e-05,30140,0.13536997139453888
5087232,976.72,7242,414,702,345.42192403999996,46.43693923950195,0.974738359451294,98.09728655020396,-0.03541196766891517,0.07363617,7.786424132188161,0.2,0.5136962890625,5e-05,30150,0.13530345261096954
5099520,963.78,7242,415,704,451.79183864000004,91.49970245361328,0.9672111868858337,201.47529878616334,-0.034480175218777734,0.0686701,7.791737383604049,0.2,0.5030110677083334,5e-05,30160,0.13520604372024536
5111808,957.32,7241,416,705,472.69826844999994,71.78609466552734,0.9709001779556274,143.7037117958069,-0.033093265421242295,0.06287723,7.793908098340035,0.2,0.5150634765625,5e-05,30170,0.13525457680225372
5124096,957.32,7241,417,707,489.1971684999999,55.341835021972656,0.977275013923645,85.5465891679128,-0.03594138289918192,0.07401213,7.797260016202927,0.2,0.5216878255208334,5e-05,30180,0.13516512513160706
5136384,957.32,7241,418,709,426.88694764,56.48323059082031,0.9607964754104614,127.0690318663915,-0.040922408796420014,0.046056524,7.8067891001701355,0.2,0.4404541015625,5e-05,30190,0.1350378543138504
5148672,954.75,7241,419,710,448.69688651999996,51.898277282714844,0.970802366733551,109.04630986054738,-0.03819473076437134,0.053102713,7.807414013147354,0.2,0.4729736328125,5e-05,30200,0.13504232466220856
5160960,945.53,7241,420,712,463.65963116000006,50.749114990234375,0.9656318426132202,114.81267590522766,-0.03422301556856837,0.07308167,7.805663885672887,0.2,0.5633870442708333,5e-05,30210,0.13493633270263672
5173248,948.12,7241,421,714,434.12295400999994,24.010608673095703,0.9637420177459717,64.0733818213145,-0.03401159076796224,0.07099237,7.8060527096192045,0.2,0.528173828125,5e-05,30220,0.1349765807390213
5185536,948.6,7241,422,716,442.12224684000006,96.30614471435547,0.9613032937049866,191.40804268519085,-0.04080050102153716,0.05636282,7.81433526178201,0.2,0.4624430338541667,5e-05,30230,0.1348123699426651
5197824,955.81,7242,423,717,467.2574538199999,38.67790222167969,0.9751514196395874,99.31468874613444,-0.03291361539935072,0.072054066,7.825505616267522,0.2,0.4704996744791667,5e-05,30240,0.13468389213085175
5210112,962.31,7242,424,719,439.70469877000005,64.79503631591797,0.9745694994926453,113.8018916606903,-0.030488201535384483,0.07892702,7.825120870272318,0.2,0.5594645182291667,5e-05,30250,0.13474313914775848
5222400,951.81,7242,425,721,451.4843511899999,48.162479400634766,0.9667999744415283,116.87357451121012,-0.03892810079366124,0.057680707,7.8273341675599415,0.2,0.46180826822916665,5e-05,30260,0.1346278041601181
5234688,951.81,7242,426,722,406.13958962000004,62.55216979980469,0.9488495588302612,135.05198181470234,-0.036701056470822856,0.054022986,7.829975908001264,0.2,0.47622884114583336,5e-05,30270,0.13466660678386688
5246976,944.48,7242,427,724,421.28542672000003,61.15203094482422,0.9716905355453491,122.54931705792745,-0.026685735759868597,0.059019376,7.826486470301946,0.2,0.5208170572916667,5e-05,30280,0.1347082108259201
5259264,955.45,7242,428,726,421.88713902999996,55.26156997680664,0.969513475894928,125.92065528233846,-0.03822397096567632,0.052718714,7.825625010331472,0.2,0.4677327473958333,5e-05,30290,0.134682297706604
5271552,959.59,7242,429,727,456.76921193000004,23.885957717895508,0.9726262092590332,52.67078100442886,-0.03800187395051277,0.069685124,7.824618323644002,0.2,0.5194742838541667,5e-05,30300,0.13465367257595062
5283840,959.59,7242,430,729,397.34722606,102.33535766601562,0.952812135219574,226.6830722173055,-0.04006018591026077,0.054324728,7.828045791387558,0.2,0.4365641276041667,5e-05,30310,0.13451100885868073
5296128,962.4,7242,431,731,388.30525607,66.71765899658203,0.9695596098899841,132.9854924360911,-0.0332203263649717,0.07610086,7.829309065143267,0.2,0.5312255859375,5e-05,30320,0.13450250029563904
5308416,971.67,7242,432,732,456.78871079,44.81890869140625,0.9720081686973572,75.19733616511027,-0.030228835200250614,0.06743819,7.828412468234698,0.2,0.5316162109375,5e-05,30330,0.13458828628063202
5320704,972.93,7242,433,734,414.71731996,83.74874877929688,0.9631801843643188,133.75408681233725,-0.048620588799046044,0.0441691,7.830941900610924,0.2,0.43121744791666666,5e-05,30340,0.1345204859972
5332992,972.48,7242,434,736,458.98530567,53.35682678222656,0.9470239877700806,113.28460999329884,-0.04146704649707923,0.050112862,7.838591996828715,0.2,0.4370361328125,5e-05,30350,0.1345064789056778
5345280,974.86,7242,435,738,385.07517714,105.4346923828125,0.9548977613449097,172.33003233273823,-0.04032266710710246,0.054932784,7.839768834908804,0.2,0.4840901692708333,5e-05,30360,0.13448666036128998
5357568,980.36,7242,436,739,376.6496623800001,66.59046173095703,0.9595711827278137,136.04748795827228,-0.029938843573715228,0.06994712,7.831490774949391,0.2,0.5390787760416667,5e-05,30370,0.134626105427742
5369856,978.46,7242,437,741,336.24143168999996,112.09455108642578,0.9613039493560791,236.22032086054483,-0.03691754025542953,0.06201243,7.81885051826636,0.2,0.47750651041666664,5e-05,30380,0.1347438097000122
5382144,969.66,7242,438,743,340.61301087,96.46531677246094,0.9646384119987488,205.33974294662477,-0.03985041900693129,0.05594791,7.816598776976267,0.2,0.46709798177083334,5e-05,30390,0.13466082513332367
5394432,972.58,7242,439,744,369.1256907899999,22.777090072631836,0.9796832799911499,79.2441862821579,-0.038333559576616,0.056790262,7.822661305467288,0.2,0.47576497395833334,5e-05,30400,0.13460122048854828
5406720,968.8,7243,440,746,357.40588431,11.506016731262207,0.9740187525749207,29.501039389769236,-0.017157368504073626,0.11690695,7.815108167131742,0.2,0.6443033854166667,5e-05,30410,0.13485459983348846
5419008,968.93,7243,441,748,372.47667638,78.30069732666016,0.9594083428382874,147.04502422014872,-0.038549399692177154,0.050600056,7.805914249022802,0.2,0.47740071614583335,5e-05,30420,0.1349281668663025
5431296,960.15,7243,442,749,410.36719739000006,46.42283248901367,0.9725191593170166,106.21086177825927,-0.037398347052415674,0.049474914,7.807101818919182,0.2,0.4298909505208333,5e-05,30430,0.1348409801721573
5443584,969.79,7243,443,751,442.34200402000005,30.121732711791992,0.9639235734939575,71.46992117563883,-0.02490935833872451,0.087967075,7.802715297540029,0.2,0.5606689453125,5e-05,30440,0.13494479656219482
5455872,965.92,7243,444,753,477.91101538,46.34414291381836,0.9618172645568848,111.88425014813741,-0.03200924065555834,0.07722965,7.7948286900917685,0.2,0.5690592447916667,5e-05,30450,0.1349637508392334
5468160,953.84,7243,445,754,541.09303547,56.9504508972168,0.9602170586585999,120.91101098060608,-0.04475165307036756,0.052519977,7.793460606535276,0.2,0.4252848307291667,5e-05,30460,0.13497889041900635
5480448,953.35,7243,446,756,511.32210392,53.34126663208008,0.9669672846794128,94.08504281838735,-0.039744309345648314,0.068279415,7.796312473217646,0.2,0.49591471354166666,5e-05,30470,0.13487718999385834
5492736,943.76,7243,447,758,438.99284422000005,23.058666229248047,0.969446063041687,61.74900211493174,-0.03664161100217219,0.07464736,7.803449186682701,0.2,0.54599609375,5e-05,30480,0.13473108410835266
5505024,928.9,7243,448,759,412.59719458000006,54.088130950927734,0.9459800124168396,138.2421979109446,-0.03755919248991025,0.057333563,7.809629558523496,0.2,0.49325358072916664,5e-05,30490,0.13466425240039825
5517312,927.34,7243,449,761,407.38400589,38.42507553100586,0.9324997067451477,99.16209853490194,-0.039421364854691394,0.05528007,7.80939258535703,0.2,0.46327311197916665,5e-05,30500,0.13471367955207825
5529600,936.57,7243,450,763,399.0010720100001,54.67972946166992,0.9538000822067261,119.5324657758077,-0.03467740367535346,0.052466843,7.804960364103318,0.2,0.454052734375,5e-05,30510,0.13477501273155212
5541888,938.33,7243,451,765,361.59034627,44.700782775878906,0.958477795124054,115.13848147392272,-0.033404216826117286,0.07314677,7.804354965686798,0.2,0.5253011067708333,5e-05,30520,0.13472501933574677
5554176,932.11,7243,452,766,360.51208700999996,65.49516296386719,0.9619845151901245,148.50200060208638,-0.035403766546126765,0.07446966,7.800211635231972,0.2,0.49786783854166666,5e-05,30530,0.13480424880981445
5566464,945.15,7243,453,768,307.69737198,53.93620681762695,0.9471400380134583,133.6747274875641,-0.04034577523319361,0.0535538,7.801570388674736,0.2,0.4486165364583333,5e-05,30540,0.13470469415187836
5578752,938.23,7243,454,770,250.89965947000002,82.14995574951172,0.9440351724624634,187.53646459579468,-0.043974149679221836,0.048075005,7.802110576629639,0.2,0.4379801432291667,5e-05,30550,0.13468532264232635
5591040,947.82,7243,455,771,257.17511878,56.51992416381836,0.9601711630821228,123.47359329859415,-0.03927713630303818,0.05601409,7.803456295530001,0.2,0.46205240885416665,5e-05,30560,0.13471299409866333
5603328,966.46,7243,456,773,270.34937387,61.26385498046875,0.9533710479736328,127.34920697212219,-0.04169165341930541,0.06292669,7.800637836257617,0.2,0.47845052083333334,5e-05,30570,0.13479071855545044
5615616,969.93,7243,457,775,293.80005613000003,76.50874328613281,0.9664764404296875,164.76477281252542,-0.03500822840530115,0.06809649,7.792139546076457,0.2,0.5380045572916666,5e-05,30580,0.13493667542934418
5627904,960.78,7243,458,776,295.48608264,36.63996505737305,0.9700958132743835,84.0861045440038,-0.0337038564607307,0.07423488,7.787419939041138,0.2,0.5186116536458333,5e-05,30590,0.1349690556526184
5640192,960.87,7244,459,778,321.09195946,69.59799194335938,0.9512733221054077,164.05739701588948,-0.03807809512557772,0.05188052,7.78454892039299,0.2,0.43525390625,5e-05,30600,0.13498897850513458
5652480,967.39,7244,460,780,395.60813547,33.72335433959961,0.9639315605163574,89.29066314697266,-0.029290855072516327,0.060827155,7.783518651127816,0.2,0.5288492838541666,5e-05,30610,0.1349898874759674
5664768,970.43,7244,461,781,450.34348792,14.802316665649414,0.9703551530838013,51.18545525074005,-0.02179804121745595,0.1103851,7.78662904103597,0.2,0.6347574869791667,5e-05,30620,0.13490630686283112
5677056,965.08,7244,462,783,500.31502486,23.877893447875977,0.9729541540145874,63.995834136009215,-0.029180607521751275,0.07250985,7.783994781970978,0.2,0.5548990885416667,5e-05,30630,0.1351199746131897
5689344,965.08,7244,463,785,515.22094177,73.80850982666016,0.9688850045204163,141.0656580289205,-0.04323769141919911,0.039949693,7.784759483734766,0.2,0.39235026041666665,5e-05,30640,0.13498766720294952
5701632,959.97,7244,464,786,504.54666784000005,71.41769409179688,0.9712662696838379,134.38438350359598,-0.03159429655255129,0.08972749,7.791935193538666,0.2,0.5826090494791667,5e-05,30650,0.1349111795425415
5713920,957.75,7245,465,788,556.3693687,54.82646179199219,0.9698416590690613,94.79399530887603,-0.028815443916634344,0.09301754,7.7968228181203205,0.2,0.568798828125,5e-05,30660,0.13484878838062286
5726208,966.9,7245,466,790,511.25615233,55.20393371582031,0.9754619598388672,82.84359596570333,-0.03652626797847915,0.06765163,7.798783964912096,0.2,0.5496663411458333,5e-05,30670,0.13481774926185608
5738496,972.81,7244,467,792,563.8379119699999,82.07205200195312,0.9707622528076172,171.3367030461629,-0.041505288065915615,0.047262967,7.804210503896077,0.2,0.4284586588541667,5e-05,30680,0.1348121464252472
5750784,978.8,7244,468,793,510.45941833999996,11.764863014221191,0.9670551419258118,29.24950006802877,-0.02827768953963338,0.09238549,7.81325915257136,0.2,0.5714192708333333,5e-05,30690,0.13466380536556244
5763072,975.5,7244,469,795,476.68059844999993,56.59571075439453,0.9537876844406128,128.12866439819337,-0.042341791608002194,0.051021963,7.824717823664347,0.2,0.45291341145833336,5e-05,30700,0.1345720738172531
5775360,980.85,7244,470,797,452.60607053000007,77.55632781982422,0.9679802656173706,173.6980674902598,-0.044081354097094544,0.039107285,7.82600004374981,0.2,0.37371419270833334,5e-05,30710,0.13457585871219635
5787648,979.61,7245,471,798,473.19696788,44.00678634643555,0.9677268266677856,89.26844489574432,-0.03619261774001643,0.06089151,7.826134889324506,0.2,0.4624430338541667,5e-05,30720,0.13454289734363556
5799936,979.98,7245,472,800,457.71795004,51.68349838256836,0.9621763825416565,103.94604862531027,-0.03902120580508684,0.056156788,7.82675930360953,0.2,0.49269205729166665,5e-05,30730,0.13452009856700897
5812224,984.45,7245,473,802,455.35209886999996,41.76784896850586,0.9591670036315918,118.86120188236237,-0.039854884008915785,0.03432146,7.834421482682228,0.2,0.36648763020833336,5e-05,30740,0.13440681993961334
5824512,977.56,7245,474,803,448.90803289999997,49.57239532470703,0.9616991281509399,108.31229344209035,-0.026093480470202244,0.09796003,7.839384368062019,0.2,0.5830159505208333,5e-05,30750,0.13436922430992126
5836800,972.17,7244,475,805,404.82329064,121.86212158203125,0.9605258703231812,223.6630116780599,-0.03764661671690798,0.056737322,7.843492450316747,0.2,0.48418782552083334,5e-05,30760,0.13437692821025848
5849088,960.82,7245,476,807,400.55480021000005,43.97637939453125,0.9680177569389343,95.4119079987208,-0.03537927927585163,0.05550622,7.845730421940486,0.2,0.45712890625,5e-05,30770,0.13438795506954193
5861376,952.04,7245,477,809,430.61833813000004,13.362513542175293,0.945145308971405,47.0534371693929,-0.0300564230827149,0.08278253,7.846659108996391,0.2,0.49969889322916666,5e-05,30780,0.13431906700134277
5873664,948.98,7245,478,810,471.93301625,19.55087661743164,0.9491711854934692,72.62493486404419,-0.04107647415512474,0.040821977,7.851434031128884,0.2,0.39020182291666666,5e-05,30790,0.13429027795791626
5885952,937.04,7245,479,812,464.08355403,16.889558792114258,0.96177738904953,45.239437286059065,-0.0235001930045352,0.09361088,7.841896518071493,0.2,0.6074788411458333,5e-05,30800,0.1344178318977356
5898240,915.45,7245,480,814,480.3911267399999,40.640968322753906,0.952804446220398,93.0611299753189,-0.03968365104325736,0.042782903,7.840643247961998,0.2,0.39425455729166664,5e-05,30810,0.13440543413162231
5910528,916.07,7245,481,815,534.84935341,11.686281204223633,0.9587101340293884,22.101388869682946,-0.00741641843439235,0.16504048,7.841635989149411,0.2,0.686572265625,5e-05,30820,0.13442344963550568
5922816,916.27,7245,482,817,624.16130798,5.77890682220459,0.9742639064788818,11.516888295610746,-0.028071527849533595,0.10124615,7.8376822094122565,0.2,0.5939371744791667,5e-05,30830,0.1344728022813797
5935104,911.59,7245,483,819,624.14843747,78.28709411621094,0.9523383378982544,133.46992688179017,-0.04179849008117647,0.026285544,7.837762233614922,0.2,0.305224609375,5e-05,30840,0.13449515402317047
5947392,903.88,7245,484,820,560.7326416899999,99.06352996826172,0.958809494972229,151.7115579446157,-0.04292467056366149,0.034955274,7.835952658454577,0.2,0.35345052083333334,5e-05,30850,0.1345280557870865
5959680,903.58,7245,485,822,544.57692105,85.7387924194336,0.9603842496871948,162.23660127321878,-0.04228074256194911,0.04209174,7.8383753081162775,0.2,0.39925944010416664,5e-05,30860,0.13446491956710815
5971968,898.72,7245,486,824,542.1814482,21.034912109375,0.9639930129051208,51.246324328581494,-0.032705400216703616,0.0886896,7.849662004907926,0.2,0.5513509114583334,5e-05,30870,0.1342516392469406
5984256,895.47,7245,487,825,511.97375145,20.00543975830078,0.9527506828308105,62.899016269048055,-0.03704161661347219,0.05667891,7.854176374276479,0.2,0.4896484375,5e-05,30880,0.1342957615852356
5996544,905.13,7244,488,827,481.87602238000005,23.643871307373047,0.9637879133224487,78.02698018550873,-0.03679857628255074,0.081167325,7.850698118408521,0.2,0.5379150390625,5e-05,30890,0.13430531322956085
6008832,914.04,7244,489,829,448.4164949799999,33.57490158081055,0.9764395952224731,77.84716684818268,-0.03442082140148462,0.061989695,7.849592161178589,0.2,0.492919921875,5e-05,30900,0.1342868059873581
6021120,899.65,7244,490,831,438.14092022000005,62.29734802246094,0.9586033225059509,121.23055790265401,-0.04161506330419797,0.04835252,7.851237420241038,0.2,0.4009765625,5e-05,30910,0.13428886234760284
6033408,900.44,7244,491,832,487.66565239999994,20.48412322998047,0.9405149221420288,51.23829454978307,-0.022917112778911057,0.1024732,7.8452482491731645,0.2,0.5807698567708334,5e-05,30920,0.13431650400161743
6045696,907.83,7245,492,834,497.37474098,32.67436218261719,0.9735041856765747,65.5618140856425,-0.03414068756537745,0.067545794,7.847240620851517,0.2,0.5246419270833333,5e-05,30930,0.1342596560716629
6057984,908.75,7245,493,836,547.92468307,66.16587829589844,0.9704577922821045,119.96958637237549,-0.038231096070376225,0.051903665,7.857961989442507,0.2,0.4642822265625,5e-05,30940,0.13418017327785492
6070272,935.55,7245,494,837,490.11482128000006,13.468761444091797,0.9776068925857544,50.1413235783577,-0.02146405562525615,0.08295048,7.864781784017881,0.2,0.6139078776041667,5e-05,30950,0.13404417037963867
6082560,950.3,7245,495,839,491.78510718000007,71.14739990234375,0.9578918814659119,197.4033724784851,-0.04096289687101186,0.047622275,7.863483274976413,0.2,0.4203369140625,5e-05,30960,0.134144127368927
6094848,945.89,7245,496,841,513.33734205,39.836814880371094,0.966051459312439,78.41703394254048,-0.033216286915315626,0.060824186,7.8614260782798135,0.2,0.49099934895833336,5e-05,30970,0.13404147326946259
6107136,941.04,7245,497,842,555.22242678,4.549753665924072,0.9729512929916382,15.338092555602392,-0.018635794561123475,0.124938875,7.854676709572474,0.2,0.6431966145833333,5e-05,30980,0.1340986043214798
6119424,940.43,7245,498,844,523.29444634,44.754268646240234,0.9686011075973511,101.32062040170034,-0.04289564946520841,0.0471838,7.852229956785838,0.2,0.42792154947916666,5e-05,30990,0.1341318041086197
6131712,925.14,7246,499,846,541.26542135,16.84275245666504,0.9724577069282532,32.279158465067546,-0.0381418687121671,0.06349469,7.856006807088852,0.2,0.513916015625,5e-05,31000,0.1341284215450287
6144000,929.19,7246,500,847,510.18250907999993,39.31874084472656,0.9733060598373413,86.56831867694855,-0.040041042185233286,0.050010417,7.86691270172596,0.2,0.41787923177083336,5e-05,31010,0.13403703272342682
6156288,931.83,7246,501,849,462.95390689999994,38.86091232299805,0.9650958776473999,91.11275840600332,-0.043242191109554066,0.045044433,7.876482905944188,0.2,0.41695963541666664,5e-05,31020,0.13394969701766968
6168576,931.83,7246,502,851,501.19342432999997,33.38651657104492,0.9260352849960327,106.40134567419688,-0.04167268995467263,0.050516922,7.883183182279269,0.2,0.442578125,5e-05,31030,0.1339198499917984
6180864,920.47,7245,503,853,497.0516655899999,18.605730056762695,0.9743591547012329,57.07428526878357,-0.0311695844361869,0.08061107,7.892208937803904,0.2,0.54130859375,5e-05,31040,0.1337510198354721
6193152,923.15,7245,504,854,457.43897677,46.304805755615234,0.9615492820739746,100.4169152577718,-0.041175690137121516,0.040944334,7.899729387958844,0.2,0.42267252604166666,5e-05,31050,0.13378138840198517
6205440,928.67,7245,505,856,467.17754343,54.486419677734375,0.9623924493789673,106.4698593934377,-0.036821822376805355,0.070503406,7.900220181544622,0.2,0.5368326822916667,5e-05,31060,0.13371813297271729
6217728,942.21,7245,506,858,441.4699773400001,19.14834976196289,0.9623132944107056,49.98533218304316,-0.03966927451256197,0.06157853,7.906678114334742,0.2,0.5035970052083333,5e-05,31070,0.1336972862482071
6230016,969.17,7245,507,859,398.21758674999995,42.571327209472656,0.9509293437004089,104.46835843722026,-0.03889083636992533,0.06362248,7.913312703371048,0.2,0.48423665364583335,5e-05,31080,0.13363943994045258
6242304,970.11,7245,508,861,351.11890522,79.46957397460938,0.9426190257072449,178.59261215527852,-0.03693626512977062,0.051022995,7.9198681275049845,0.2,0.43092447916666665,5e-05,31090,0.13358519971370697
6254592,963.51,7245,509,863,392.18201891999996,74.38241577148438,0.9653414487838745,137.75506901741028,-0.0429113292125597,0.054338634,7.92522829969724,0.2,0.4630533854166667,5e-05,31100,0.13349179923534393
6266880,972.54,7245,510,864,332.55211681000003,34.769935607910156,0.9629728198051453,96.84749348163605,-0.035376585551906224,0.07058256,7.9291502366463344,0.2,0.5093343098958333,5e-05,31110,0.13345842063426971
6279168,976.23,7245,511,866,326.37089943,93.041015625,0.9592897295951843,182.6301707903544,-0.04001516379697326,0.05293795,7.928214332461357,0.2,0.4681803385416667,5e-05,31120,0.13350467383861542
6291456,970.38,7245,512,868,304.00124434,30.076541900634766,0.9543036818504333,73.41560145616532,-0.03285567902009158,0.075133495,7.91769557495912,0.2,0.5460367838541667,5e-05,31130,0.13360922038555145
6303744,962.9,7245,513,870,303.26069824,49.31631851196289,0.958426833152771,143.7117447535197,-0.03930820474633947,0.072850905,7.914988635977109,0.2,0.544921875,5e-05,31140,0.13366557657718658
6316032,965.1,7245,514,871,352.93742716,28.855133056640625,0.9750538468360901,83.26069770654043,-0.03336884888509909,0.07475322,7.9077053765455885,0.2,0.5530029296875,5e-05,31150,0.1337660402059555
6328320,965.1,7245,515,873,376.4932029,33.24701690673828,0.9653050899505615,87.60024621486664,-0.03745202246451906,0.08121837,7.918762322266897,0.2,0.5425862630208333,5e-05,31160,0.13349364697933197
6340608,965.1,7245,516,875,428.5637244,51.91675567626953,0.9652513861656189,108.86673708756764,-0.03952200274216011,0.05626875,7.92958127160867,0.2,0.4777913411458333,5e-05,31170,0.13349615037441254
6352896,973.31,7245,517,876,335.37267310000004,103.73809051513672,0.9563130140304565,205.25441617965697,-0.03815056089952122,0.052727133,7.927268844842911,0.2,0.4359619140625,5e-05,31180,0.13349705934524536
6365184,961.62,7245,518,878,408.29840120000006,115.10292053222656,0.9553207159042358,228.91300230026246,-0.04244864157323415,0.049124766,7.930167775352796,0.2,0.4488606770833333,5e-05,31190,0.1334022730588913
6377472,948.27,7245,519,880,400.4273835400001,19.695058822631836,0.9778411984443665,56.161322764555614,-0.02661877140441599,0.100741975,7.935386678576469,0.2,0.6152669270833333,5e-05,31200,0.13335348665714264
6389760,958.03,7246,520,881,421.11298047,24.628231048583984,0.9734444618225098,53.59177968899409,-0.03567040335619822,0.08195651,7.942733571926753,0.2,0.5519205729166666,5e-05,31210,0.1332724690437317
6402048,970.23,7246,521,883,402.83813979999996,61.21586990356445,0.953913688659668,143.53711833953858,-0.03828083021896115,0.0550207,7.949329523245494,0.2,0.45291341145833336,5e-05,31220,0.13323314487934113
6414336,969.05,7246,522,885,381.8883375500001,47.92118835449219,0.9696415066719055,102.94720807075501,-0.03695696794893592,0.054782916,7.952995976805687,0.2,0.45830891927083334,5e-05,31230,0.13319338858127594
6426624,963.3,7245,523,886,397.12516483,36.901424407958984,0.9658331871032715,99.55700500806172,-0.03723510075457549,0.07006202,7.962495435277621,0.2,0.5067464192708333,5e-05,31240,0.13303498923778534
6438912,963.3,7245,524,888,370.08089478,44.00946044921875,0.9631978273391724,109.98725771903992,-0.03731785706816784,0.049238797,7.970028165976206,0.2,0.4496826171875,5e-05,31250,0.13298694789409637
6451200,963.3,7246,525,890,474.17366611,38.25750732421875,0.9461228251457214,90.7282881339391,-0.03620451620954555,0.051528256,7.966672491033872,0.2,0.4464925130208333,5e-05,31260,0.13308541476726532
6463488,974.99,7246,526,891,442.2083076699999,8.27530574798584,0.9720534086227417,26.32247284054756,-0.024231867827863122,0.13016196,7.965253076950709,0.2,0.638037109375,5e-05,31270,0.13308848440647125
6475776,977.05,7246,527,893,417.80223807999994,77.84708404541016,0.9584682583808899,156.6084067026774,-0.041078731417655945,0.039446473,7.967825604478518,0.2,0.39677734375,5e-05,31280,0.1330574005842209
6488064,985.65,7245,528,895,420.0392518400001,53.6901741027832,0.954411506652832,117.41749432086945,-0.038855143664598774,0.049993113,7.973785286148389,0.2,0.44876302083333336,5e-05,31290,0.13296887278556824
6500352,984.27,7246,529,897,410.09664011000007,68.39669799804688,0.962705671787262,159.91076494852703,-0.03598486499977298,0.060808208,7.979144070545832,0.2,0.456640625,5e-05,31300,0.1329418420791626
6512640,987.04,7246,530,898,422.55116259999994,21.653322219848633,0.9771203994750977,44.49934836228689,-0.022717079918948002,0.11165311,7.972333541512489,0.2,0.6000569661458334,5e-05,31310,0.13302847743034363
6524928,991.79,7246,531,900,385.3154801500001,49.5157356262207,0.9552213549613953,111.46024239857992,-0.04248152094660327,0.04646495,7.974940174818039,0.2,0.42548014322916666,5e-05,31320,0.13293686509132385
6537216,985.52,7246,532,902,455.99308011,51.829402923583984,0.9575189352035522,117.35545206069946,-0.042118211578053885,0.04928157,7.980434587597847,0.2,0.42757975260416664,5e-05,31330,0.13287587463855743
6549504,983.26,7246,533,903,418.46708525,35.55925750732422,0.9618434906005859,72.26778288682301,-0.03712130393347858,0.073936164,7.9875039945046105,0.2,0.47674967447916666,5e-05,31340,0.13275420665740967
6561792,983.26,7246,534,905,411.47004178999987,77.00250244140625,0.9685913920402527,142.8364962418874,-0.036716799816349524,0.06845363,7.99491129120191,0.2,0.5120930989583333,5e-05,31350,0.13265453279018402
6574080,985.33,7246,535,907,382.74705809999995,69.2454833984375,0.9641972780227661,173.6589318593343,-0.04261922839214094,0.039398964,8.004522762695949,0.2,0.3753255208333333,5e-05,31360,0.13261067867279053
6586368,985.33,7246,536,908,334.30484276000004,137.43252563476562,0.9410023093223572,287.76058053970337,-0.04359884428267833,0.040865853,8.010852593183518,0.2,0.3827392578125,5e-05,31370,0.13255688548088074
6598656,981.15,7246,537,910,328.6802510399999,74.69161224365234,0.9644588828086853,151.97660175959268,-0.04024515174484501,0.056488335,8.01653719941775,0.2,0.48492024739583334,5e-05,31380,0.13245251774787903
6610944,960.56,7246,538,912,323.00815685000003,87.47537994384766,0.9366336464881897,181.437695535024,-0.03553330341286103,0.048047185,8.023592954874038,0.2,0.43536783854166666,5e-05,31390,0.1324736326932907
6623232,960.26,7246,539,914,272.58663511,65.07080841064453,0.9663377404212952,120.78711352348327,-0.034913527078848955,0.07616594,8.023284178972244,0.2,0.5361979166666667,5e-05,31400,0.13244087994098663
6635520,966.53,7246,540,915,274.1690117,99.5852279663086,0.9674149751663208,185.6984854857127,-0.03661379343927062,0.070340395,8.023460608720779,0.2,0.5377522786458333,5e-05,31410,0.13243836164474487
6647808,960.25,7246,541,917,272.25159786,72.90816497802734,0.9653530120849609,118.78460094134013,-0.035178429306445956,0.07100419,8.015166519085566,0.2,0.5475016276041667,5e-05,31420,0.13257043063640594
6660096,960.25,7246,542,919,316.88117496,34.05240249633789,0.9621309638023376,60.539905798435214,-0.032446404500903255,0.069149576,8.013282722234726,0.2,0.5480143229166666,5e-05,31430,0.13254861533641815
6672384,952.98,7246,543,920,310.19341712000005,70.38117218017578,0.9665576219558716,143.37597715059917,-0.04057086175016593,0.055064306,8.019318523009618,0.2,0.47381184895833334,5e-05,31440,0.13246272504329681
6684672,952.07,7246,544,922,348.48388079000006,127.11835479736328,0.9576140642166138,227.15176032384235,-0.045047262534111114,0.04914704,8.026394911607106,0.2,0.4283447265625,5e-05,31450,0.1323765218257904
6696960,944.58,7246,545,924,335.90115129,77.96382904052734,0.9611895680427551,178.59113262494404,-0.03763354592520045,0.053161755,8.02871145606041,0.2,0.45289713541666665,5e-05,31460,0.13238656520843506
6709248,959.66,7246,546,925,309.54145533999997,120.87324523925781,0.9596044421195984,238.06892058054606,-0.04271585134556517,0.04648203,8.038449408610662,0.2,0.4292236328125,5e-05,31470,0.1321496218442917
6721536,957.25,7246,547,927,329.1223826,75.49551391601562,0.9454888105392456,181.1023376464844,-0.038873613117417945,0.05523099,8.045921488602955,0.2,0.47185872395833334,5e-05,31480,0.13218902051448822
6733824,950.04,7246,548,929,307.19064281,34.37903594970703,0.9734923243522644,81.57216116587321,-0.02074692509777378,0.09152615,8.044481205940247,0.2,0.6243082682291666,5e-05,31490,0.13215507566928864
6746112,958.58,7246,549,930,225.15230799999998,97.4353256225586,0.9536415338516235,202.25355072021483,-0.04059241461897424,0.056478765,8.049078261852264,0.2,0.48025716145833336,5e-05,31500,0.13215665519237518
6758400,966.84,7246,550,932,220.69276376,91.1382064819336,0.9708300232887268,178.8517062505086,-0.0405715837298582,0.05150271,8.047944364945094,0.2,0.46075846354166666,5e-05,31510,0.13217049837112427
6770688,960.56,7246,551,934,271.11402431000005,66.57115173339844,0.9719898700714111,145.7313801129659,-0.04217538845841773,0.058344882,8.04612375497818,0.2,0.4732421875,5e-05,31520,0.13221000134944916
6782976,964.04,7246,552,936,258.87689166,42.07587432861328,0.9687260985374451,95.5140416542689,-0.036067764457159986,0.07492653,8.043853344519933,0.2,0.5377766927083333,5e-05,31530,0.13227663934230804
6795264,944.73,7246,553,937,322.7397349600001,57.889976501464844,0.9690759778022766,131.63737608591717,-0.03603575248853304,0.07370737,8.04305249651273,0.2,0.5353678385416667,5e-05,31540,0.13219283521175385
6807552,942.99,7246,554,939,382.44722811999986,18.617755889892578,0.9449821710586548,58.04402765035629,-0.028883502989871582,0.08258688,8.043221924702326,0.2,0.5822184244791667,5e-05,31550,0.13222815096378326
6819840,943.88,7246,555,941,380.2938652,54.13054656982422,0.953014075756073,98.58227330843607,-0.038761998755702125,0.05772878,8.044867398341497,0.2,0.493408203125,5e-05,31560,0.1322120726108551
6832128,943.88,7246,556,942,394.30059704000007,44.248905181884766,0.9478851556777954,93.03974765936533,-0.037408140148909294,0.062396,8.050730683406194,0.2,0.46429036458333334,5e-05,31570,0.13212668895721436
6844416,943.88,7246,557,944,412.41800284,46.44297409057617,0.9528032541275024,108.71058586438497,-0.03321723246384257,0.075010374,8.055972234408062,0.2,0.5271565755208333,5e-05,31580,0.13201439380645752
6856704,952.95,7246,558,946,448.55013078999997,32.060829162597656,0.9685573577880859,92.74049302736918,-0.027746693402878008,0.06441031,8.059486591815949,0.2,0.5736490885416666,5e-05,31590,0.13199128210544586
6868992,950.62,7246,559,947,469.03288185,42.28511047363281,0.9563915133476257,97.20517404874165,-0.03847190657591758,0.04257135,8.060482066869735,0.2,0.42852376302083334,5e-05,31600,0.13204318284988403
6881280,954.63,7246,560,949,494.89457482,20.553613662719727,0.9645971655845642,51.90093584060669,-0.036286936093044155,0.089359544,8.058125029007593,0.2,0.5722981770833333,5e-05,31610,0.13204044103622437
6893568,965.3,7246,561,951,521.14477385,21.528718948364258,0.9596468806266785,58.899319513638815,-0.03345828480184233,0.0874755,8.056836215655009,0.2,0.5694173177083334,5e-05,31620,0.13201241195201874
6905856,976.32,7246,562,952,473.6969219500001,54.85658645629883,0.9610244631767273,94.18762932618459,-0.03989986395657373,0.06769055,8.065851497650147,0.2,0.4995930989583333,5e-05,31630,0.1318487673997879
6918144,985.35,7246,563,954,355.40778802000005,44.3691520690918,0.9659861922264099,116.69254422187805,-0.04065451137721539,0.05981243,8.071841269731522,0.2,0.4340738932291667,5e-05,31640,0.1319071501493454
6930432,985.35,7247,564,956,397.9744040499999,113.95844268798828,0.9587773680686951,208.69752724965414,-0.04442455979393951,0.039408837,8.06482531229655,0.2,0.4061360677083333,5e-05,31650,0.13200466334819794
6942720,982.64,7247,565,957,398.62620320999997,27.2728328704834,0.9758623242378235,67.79028555552165,-0.035613896045348765,0.07765362,8.06213401556015,0.2,0.5548990885416667,5e-05,31660,0.13199909031391144
6955008,982.64,7247,566,959,424.24998330999995,16.46884536743164,0.972425103187561,30.014393572012583,-0.018034253257792444,0.11550232,8.054579520225525,0.2,0.6235758463541666,5e-05,31670,0.13216742873191833
6967296,975.37,7247,567,961,438.18435298,44.981056213378906,0.9738451242446899,83.39435195128122,-0.035947973070142324,0.05837038,8.059077709913254,0.2,0.47515462239583334,5e-05,31680,0.13205568492412567
6979584,967.75,7247,568,962,447.76276866,39.14281463623047,0.9725674390792847,80.81856718858083,-0.03502283253328642,0.058202267,8.062189231316248,0.2,0.4752685546875,5e-05,31690,0.1320369392633438
6991872,970.12,7248,569,964,478.8089543000001,26.558425903320312,0.980442225933075,79.49414409796397,-0.03420645813748706,0.06715825,8.064970693985622,0.2,0.5095703125,5e-05,31700,0.132025346159935
7004160,960.34,7248,570,966,493.38282224,18.458389282226562,0.9751542806625366,45.39735425313314,-0.0332431093804189,0.085585706,8.069256563981375,0.2,0.5768880208333333,5e-05,31710,0.13186165690422058
7016448,951.82,7248,571,968,621.2058803100001,21.748863220214844,0.9615570306777954,73.80780184268951,-0.03843947654531803,0.050127223,8.078945539395015,0.2,0.4475911458333333,5e-05,31720,0.13184653222560883
7028736,928.3,7248,572,969,595.9597167999999,26.831825256347656,0.9549725651741028,63.546896664301556,-0.03845778454269748,0.0569056,8.084751524527867,0.2,0.4746012369791667,5e-05,31730,0.1317528933286667
7041024,927.95,7248,573,971,543.7650086300001,56.87151336669922,0.9568093419075012,112.97038044929505,-0.0401329611253459,0.055608142,8.090319255987803,0.2,0.4831949869791667,5e-05,31740,0.13170833885669708
7053312,936.56,7248,574,973,491.1295131800001,63.741519927978516,0.9680771827697754,129.52799379030864,-0.04373324774981787,0.04799452,8.095863922437031,0.2,0.426123046875,5e-05,31750,0.13166795670986176
7065600,937.57,7248,575,974,474.1256467400001,50.044803619384766,0.9640519618988037,106.23927035331727,-0.035273644896612194,0.07284985,8.10050854285558,0.2,0.5246012369791667,5e-05,31760,0.1315760761499405
7077888,949.12,7248,576,976,457.03666777000007,58.52040481567383,0.9515482783317566,111.18577593167623,-0.036908722095540726,0.07228505,8.107162684202194,0.2,0.5182210286458333,5e-05,31770,0.1315811425447464
7090176,957.84,7248,577,978,422.0238261400001,46.53282165527344,0.9487090706825256,120.92781848907471,-0.04241240673485057,0.051701367,8.11415272752444,0.2,0.46424967447916665,5e-05,31780,0.13148364424705505
7102464,947.31,7247,578,979,406.15291145,63.64559555053711,0.9609628319740295,142.58997197151183,-0.03718055654220128,0.07211693,8.123988469441732,0.2,0.5522135416666667,5e-05,31790,0.13135409355163574
7114752,942.44,7248,579,981,343.0139978700001,65.63958740234375,0.9717647433280945,128.9300039291382,-0.03708710948218747,0.071803264,8.132481940587361,0.2,0.5250895182291667,5e-05,31800,0.13133873045444489
7127040,953.46,7248,580,983,355.43899103,50.99874496459961,0.9658938050270081,100.86371956666311,-0.037253805765067226,0.06944641,8.133623921871186,0.2,0.555810546875,5e-05,31810,0.131353959441185
7139328,953.46,7248,581,984,392.96125304000014,26.621339797973633,0.9590761065483093,98.02838668028514,-0.0420870931072083,0.0766939,8.136278011401494,0.2,0.5236165364583333,5e-05,31820,0.13136892020702362
7151616,953.46,7248,582,986,400.8081575,14.059292793273926,0.9668516516685486,40.40334276755651,-0.036471435796314226,0.07645233,8.146977559725444,0.2,0.5515299479166667,5e-05,31830,0.131175696849823
7163904,957.12,7248,583,988,410.3435820499999,39.97608184814453,0.9491891860961914,80.81692621707916,-0.04030793268660394,0.05102593,8.155172695716223,0.2,0.445849609375,5e-05,31840,0.13118819892406464
7176192,951.23,7248,584,989,416.54780403000007,56.687896728515625,0.9436115026473999,121.89299850463867,-0.039638568185425056,0.05662924,8.156494055191676,0.2,0.4602783203125,5e-05,31850,0.1311604231595993
7188480,956.45,7248,585,991,434.3193265499999,23.564559936523438,0.9620562195777893,69.03497662544251,-0.029761903061686704,0.08532691,8.15753768881162,0.2,0.5727945963541666,5e-05,31860,0.1310969591140747
7200768,949.87,7248,586,993,457.4923216899999,21.916015625,0.9406636953353882,58.10668560663859,-0.037099716316636965,0.0874331,8.159088112910588,0.2,0.56181640625,5e-05,31870,0.1311478167772293
7213056,950.31,7248,587,995,425.54764683,58.326271057128906,0.9467382431030273,118.21863193511963,-0.040355002818008266,0.055785973,8.164540590842565,0.2,0.4569010416666667,5e-05,31880,0.1310357302427292
7225344,959.56,7248,588,996,470.26841851999995,41.89558029174805,0.952052116394043,100.06102129618327,-0.04065758574288338,0.06253803,8.164689469337464,0.2,0.489697265625,5e-05,31890,0.13110971450805664
7237632,950.39,7248,589,998,414.57709493000004,65.51787567138672,0.9606567621231079,110.27162222862243,-0.039958707996993324,0.050797384,8.16414633790652,0.2,0.43638509114583335,5e-05,31900,0.13107982277870178
7249920,950.39,7248,590,1000,383.5283473499999,72.67623138427734,0.9599817395210266,136.14398601849874,-0.03726693743665237,0.06850869,8.168857993682225,0.2,0.5045979817708334,5e-05,31910,0.13099806010723114
7262208,950.39,7248,591,1001,360.21515402,69.12223052978516,0.9520358443260193,149.25952715873717,-0.03788676701951772,0.069783695,8.166709059476853,0.2,0.5118977864583333,5e-05,31920,0.13110576570034027
7274496,958.62,7248,592,1003,331.28459879,51.372474670410156,0.9694907665252686,107.69917449951171,-0.03821034490441282,0.06189521,8.159725991884867,0.2,0.5232421875,5e-05,31930,0.13110366463661194
7286784,963.23,7248,593,1005,243.65387214000003,76.70966339111328,0.9594940543174744,178.66082180341084,-0.03864083503237149,0.062373716,8.161849999427796,0.2,0.48504231770833334,5e-05,31940,0.1310339719057083
7299072,965.2,7248,594,1006,261.45639750000004,92.36035919189453,0.9534884095191956,189.3765307267507,-0.03919340014011444,0.049636547,8.173777814706167,0.2,0.4442138671875,5e-05,31950,0.13087497651576996
7311360,973.0,7248,595,1008,304.25776279999997,22.70152473449707,0.954147458076477,50.26915589173635,-0.03137151914658413,0.0821976,8.17411193648974,0.2,0.5615559895833333,5e-05,31960,0.1309894621372223
7323648,975.99,7248,596,1010,250.12350045,27.422327041625977,0.9615796208381653,76.30051502386729,-0.03475154273037333,0.06470978,8.17614300251007,0.2,0.4885335286458333,5e-05,31970,0.13093450665473938
7335936,985.16,7248,597,1012,289.30174256999993,73.21444702148438,0.9540166854858398,182.0818190574646,-0.03965303617878817,0.048807543,8.174615261952082,0.2,0.424951171875,5e-05,31980,0.13106903433799744
7348224,979.15,7248,598,1013,334.96655435,36.28003692626953,0.963535726070404,76.56153563658397,-0.03011793986079283,0.07142272,8.166462143262228,0.2,0.524462890625,5e-05,31990,0.13105767965316772
7360512,979.15,7248,599,1015,349.36720136,17.577083587646484,0.9700366854667664,64.1181671778361,-0.03210953052330297,0.09343934,8.17444928487142,0.2,0.5671305338541667,5e-05,32000,0.13086892664432526
7372800,979.15,7248,600,1017,422.82736393,19.770915985107422,0.9661133289337158,49.52926973501841,-0.033066109364153815,0.08576888,8.186417424678803,0.2,0.5535725911458333,5e-05,32010,0.13080817461013794
7385088,974.1,7248,601,1018,554.5459925499999,44.55120849609375,0.9814790487289429,94.76081775824228,-0.029865902061768188,0.07103878,8.178325966993969,0.2,0.56005859375,5e-05,32020,0.13094784319400787
7397376,982.68,7249,602,1020,572.41497334,19.78536033630371,0.9681668281555176,52.192037254571915,-0.025917588454710008,0.08667016,8.176919837792715,0.2,0.5754720052083333,5e-05,32030,0.1308351308107376
7409664,982.89,7249,603,1022,540.2742987,21.82027244567871,0.9782957434654236,52.00051259597142,-0.036579312885684584,0.058724407,8.183200989166895,0.2,0.48310546875,5e-05,32040,0.13077275454998016
7421952,982.89,7249,604,1023,582.91149158,46.75021743774414,0.9627281427383423,131.43253280321758,-0.03987367547864172,0.050111096,8.18408418893814,0.2,0.4490559895833333,5e-05,32050,0.1307491660118103
7434240,982.89,7249,605,1025,545.92089233,52.54317855834961,0.9609473943710327,129.338552570343,-0.04066469914008242,0.054046046,8.184729661544164,0.2,0.4656575520833333,5e-05,32060,0.13074089586734772
7446528,988.9,7248,606,1027,544.15890876,37.737491607666016,0.9561026692390442,88.51584481398264,-0.03523214027081849,0.081743546,8.184595733880997,0.2,0.5334065755208334,5e-05,32070,0.13077706098556519
7458816,988.9,7248,607,1028,472.65224247000003,43.745582580566406,0.9651870131492615,86.72401249408722,-0.03704452011734247,0.06838838,8.184099630514782,0.2,0.504833984375,5e-05,32080,0.13081713020801544
7471104,987.24,7249,608,1030,446.3523144600001,74.53952026367188,0.9535757303237915,165.50667905807495,-0.040536669733895296,0.05858126,8.173393144210179,0.2,0.48150227864583334,5e-05,32090,0.1309977024793625
7483392,985.14,7248,609,1032,363.06849429,21.49429702758789,0.9630194902420044,62.75994862715403,-0.034474156455447276,0.085369594,8.166373483339946,0.2,0.565625,5e-05,32100,0.13102327287197113
7495680,977.62,7249,610,1034,305.09122377999995,80.42282104492188,0.9638394117355347,175.61631404558818,-0.038383482501861486,0.052108776,8.165531293551128,0.2,0.4548258463541667,5e-05,32110,0.13104449212551117
7507968,965.86,7249,611,1035,326.77520106,38.67829895019531,0.9695949554443359,83.24013343652089,-0.03353952227286451,0.08780048,8.161855522791544,0.2,0.5713216145833333,5e-05,32120,0.1310466229915619
7520256,965.42,7249,612,1037,336.98858438999997,21.887670516967773,0.9751325845718384,55.381081982453665,-0.03993888563175763,0.06655974,8.170476951201756,0.2,0.5423258463541667,5e-05,32130,0.13085897266864777
7532544,965.42,7249,613,1039,359.82921372000004,27.15243911743164,0.938572108745575,57.76001117626826,-0.039576036230816194,0.065205894,8.188276173671087,0.2,0.4936442057291667,5e-05,32140,0.1307099610567093
7544832,963.7,7249,614,1040,328.97247286,47.395057678222656,0.9484493136405945,104.18292493820191,-0.03735969824095567,0.07080715,8.194023541609447,0.2,0.5069742838541667,5e-05,32150,0.13070207834243774
7557120,965.36,7249,615,1042,388.26311064999993,67.4057846069336,0.9627777934074402,129.2341184457143,-0.04243959482215966,0.05779324,8.19849727153778,0.2,0.4716878255208333,5e-05,32160,0.13068030774593353
7569408,963.61,7248,616,1044,345.68027531000007,45.05323791503906,0.9630440473556519,117.61670300165812,-0.03806060916297914,0.06260911,8.200507181882859,0.2,0.47659505208333336,5e-05,32170,0.13060157001018524
7581696,963.12,7248,617,1045,392.92802896,35.78608322143555,0.972625195980072,107.39869820276895,-0.03251377700410861,0.08793503,8.195689199368159,0.2,0.5948404947916667,5e-05,32180,0.13068155944347382
7593984,961.53,7248,618,1047,434.7539237099999,50.031375885009766,0.9655144214630127,100.01989640394847,-0.03913663954008371,0.071290486,8.19742000301679,0.2,0.5416910807291667,5e-05,32190,0.13058795034885406
7606272,956.57,7248,619,1049,390.97677458,59.9133186340332,0.9722725749015808,144.35800677935282,-0.04142754945205525,0.063351594,8.206639087200164,0.2,0.48690592447916664,5e-05,32200,0.13044913113117218
7618560,955.19,7248,620,1051,421.30887532000014,15.505172729492188,0.9640560150146484,36.46863851547241,-0.02931900043040514,0.096873365,8.209640594323476,0.2,0.5985595703125,5e-05,32210,0.1304328292608261
7630848,936.0,7248,621,1052,448.61814753000004,8.427178382873535,0.9289976954460144,23.343043837944666,-0.03144270316503631,0.098946296,8.213831615447997,0.2,0.5736653645833333,5e-05,32220,0.13043101131916046
7643136,931.52,7249,622,1054,468.75636482000004,34.6145133972168,0.9659411311149597,87.58581898212432,-0.04097919563937467,0.055852085,8.212291926145554,0.2,0.4557291666666667,5e-05,32230,0.13048119843006134
7655424,909.49,7249,623,1056,503.22549852000003,39.79092025756836,0.9683087468147278,93.52893550395966,-0.04295893292777085,0.047268394,8.21327801346779,0.2,0.4099039713541667,5e-05,32240,0.13041792809963226
7667712,900.23,7249,624,1057,423.34803592,84.47763061523438,0.9738883972167969,156.11491295496623,-0.04110286204959266,0.06596842,8.221834037701289,0.2,0.5016682942708334,5e-05,32250,0.1303332895040512
7680000,912.55,7249,625,1059,436.76248132999996,95.0129623413086,0.9615997076034546,213.19820766448976,-0.0429861888968541,0.048306685,8.225548742214839,0.2,0.45821940104166664,5e-05,32260,0.1303669810295105
7692288,912.39,7249,626,1061,513.5319525699999,26.09066390991211,0.9601097106933594,48.516482118765516,-0.03050020598748233,0.08645431,8.213626619180044,0.2,0.5807291666666666,5e-05,32270,0.1305014044046402
7704576,898.28,7249,627,1062,535.95271029,6.684253215789795,0.9704158902168274,18.757811923821766,-0.027274050460740305,0.11534301,8.21120010415713,0.2,0.6227783203125,5e-05,32280,0.13047261536121368
7716864,909.3,7249,628,1064,446.60821287,21.335721969604492,0.9675086140632629,43.21028853257497,-0.040898892027325925,0.06056167,8.213356377681096,0.2,0.47491048177083334,5e-05,32290,0.1304897665977478
7729152,914.82,7249,629,1066,419.30330216000004,99.45458221435547,0.9689251780509949,231.51242520014446,-0.04442970355400273,0.04390918,8.214882304271063,0.2,0.41153157552083336,5e-05,32300,0.13045494258403778
7741440,930.21,7249,630,1067,421.34315893999997,20.044620513916016,0.966007649898529,56.66649551788966,-0.03392115785294057,0.066490896,8.212690760691961,0.2,0.4855143229166667,5e-05,32310,0.13047243654727936
7753728,946.23,7249,631,1069,485.17429584999996,53.27970886230469,0.9151657819747925,124.9267838160197,-0.03243954506178852,0.06470204,8.213976341485978,0.2,0.5026936848958333,5e-05,32320,0.1304655522108078
7766016,948.14,7249,632,1071,508.29936018000006,40.62343215942383,0.9568445682525635,72.40000898043314,-0.03702300223618901,0.059099156,8.213988290230434,0.2,0.509423828125,5e-05,32330,0.13047809898853302
7778304,951.61,7249,633,1072,462.30602645,76.1272201538086,0.9592382311820984,157.75915948549905,-0.042247125172192077,0.05695757,8.21588367819786,0.2,0.45559895833333336,5e-05,32340,0.1304672211408615
7790592,938.76,7249,634,1074,429.26670773,46.511199951171875,0.9744275808334351,92.10736203988394,-0.0432336099872676,0.06496707,8.220020081599554,0.2,0.4910481770833333,5e-05,32350,0.13036684691905975
7802880,934.39,7249,635,1076,384.52506844000004,59.56801223754883,0.9743266701698303,117.5430909315745,-0.039210128177849884,0.075497136,8.224724964300792,0.2,0.5265055338541667,5e-05,32360,0.1303042620420456
7815168,923.21,7249,636,1077,450.55875954,42.11367416381836,0.9527900218963623,96.55575699806214,-0.0442893429659307,0.063415006,8.2248581747214,0.2,0.49273274739583334,5e-05,32370,0.13040097057819366
7827456,904.38,7249,637,1079,454.56005982999994,24.82387924194336,0.9513007402420044,80.82421805063883,-0.03763776815127737,0.065071546,8.224629783630371,0.2,0.5090576171875,5e-05,32380,0.13030321896076202
7839744,901.73,7250,638,1081,385.12237579999993,17.520015716552734,0.9663557410240173,61.38277989625931,-0.03924203967326321,0.08205327,8.225921573241552,0.2,0.5503336588541666,5e-05,32390,0.13036435842514038
7852032,896.18,7250,639,1083,376.4886981199999,102.04347229003906,0.9582857489585876,221.3892391840617,-0.04278370333971301,0.052868694,8.222391539812088,0.2,0.45547688802083336,5e-05,32400,0.13038425147533417
7864320,887.09,7250,640,1084,452.97569103999996,22.58918571472168,0.958726167678833,54.07155545552572,-0.037819301330212815,0.06844991,8.224412683645884,0.2,0.5005045572916667,5e-05,32410,0.130340576171875
7876608,903.09,7250,641,1086,431.09414299000014,31.209585189819336,0.9605650305747986,61.495427997907,-0.03395336100754018,0.084665544,8.235544375578563,0.2,0.5800537109375,5e-05,32420,0.1301616132259369
7888896,908.59,7249,642,1088,445.23725815,40.162471771240234,0.9645532965660095,101.77385694980622,-0.038575482854503206,0.06502413,8.241437983512878,0.2,0.49599609375,5e-05,32430,0.1301683932542801
7901184,903.96,7249,643,1089,470.79889583,30.38564682006836,0.9723777174949646,69.3251374721527,-0.031748304700401304,0.08658596,8.248362193504969,0.2,0.5799560546875,5e-05,32440,0.13001157343387604
7913472,901.66,7249,644,1091,385.06483565,74.14773559570312,0.9610093832015991,140.08262038230896,-0.04032090995072698,0.05329038,8.259576926628748,0.2,0.46245930989583334,5e-05,32450,0.12991006672382355
7925760,918.09,7249,645,1093,361.30916681,72.10395050048828,0.9702955484390259,171.4943240324656,-0.04217015877269053,0.054430455,8.267205009857813,0.2,0.451171875,5e-05,32460,0.12988491356372833
7938048,923.82,7249,646,1094,408.60086580999996,43.351463317871094,0.9506560564041138,120.84612212181091,-0.040470710865580864,0.054661345,8.26543155113856,0.2,0.48330078125,5e-05,32470,0.12991102039813995
7950336,932.98,7249,647,1096,382.11038555,40.213809967041016,0.958382248878479,97.94501701990764,-0.04066517359266678,0.064507924,8.264372567335764,0.2,0.5075764973958333,5e-05,32480,0.1298101246356964
7962624,922.16,7249,648,1098,374.8048577900001,67.45216369628906,0.9529245495796204,134.3592325846354,-0.03899641071329825,0.057118047,8.267796740929287,0.2,0.48056640625,5e-05,32490,0.12980514764785767
7974912,917.19,7249,649,1100,391.32013243,65.06753540039062,0.9777750968933105,84.29440921942393,-0.02336544424324529,0.0939742,8.267751501003902,0.2,0.6139892578125,5e-05,32500,0.1297912746667862
7987200,926.92,7249,650,1101,364.433507,29.055797576904297,0.9686034917831421,76.26525368690491,-0.04050288366221745,0.070017375,8.262172506252925,0.2,0.5318359375,5e-05,32510,0.1298496425151825
7999488,928.43,7249,651,1103,350.0854367200001,81.96281433105469,0.950599730014801,150.57008261680602,-0.0432381934010967,0.045707155,8.260444388786953,0.2,0.4485270182291667,5e-05,32520,0.12986169755458832
8011776,926.0,7249,652,1105,382.29315250000013,107.38677978515625,0.953598141670227,159.55749231974283,-0.03923561213790284,0.06448989,8.26264985005061,0.2,0.5029052734375,5e-05,32530,0.1298297792673111
