time/time_elapsed,time/iterations,rollout/ep_rew_mean,time/fps,time/total_timesteps,rollout/ep_len_mean,train/n_updates,train/approx_kl,train/loss,train/policy_gradient_loss,train/clip_range,train/entropy_loss,train/clip_fraction,train/explained_variance,train/std,train/value_loss,train/learning_rate
1,1,-18.726353630000002,12025,12288,61.53,,,,,,,,,,,
2,2,-20.48900281,8988,24576,64.84,10,0.0075796642,6.260103225708008,-0.010609471182397101,0.2,-17.013832155863444,0.06324055989583334,-0.015848278999328613,0.9977040886878967,21.78108001947403,5e-05
4,3,-21.29808758,8339,36864,63.82,20,0.0069512217,6.816704750061035,-0.009418075748059588,0.2,-16.988338351249695,0.053328450520833334,-0.07429075241088867,0.9957437515258789,17.041174242893856,5e-05
6,4,-17.41546796,8048,49152,62.14,30,0.0066537024,8.065630912780762,-0.009243712432604904,0.2,-16.96221952835719,0.05420735677083333,0.1701924204826355,0.9934632182121277,16.005877049764,5e-05
7,5,-17.312672739999996,7885,61440,61.59,40,0.0073492914,5.179755687713623,-0.010949981485221845,0.2,-16.933962297439574,0.0644775390625,0.3571167588233948,0.991258442401886,11.335061033566793,5e-05
9,6,-18.698096659999997,7771,73728,64.51,50,0.0078304615,5.9293904304504395,-0.012461886926515339,0.2,-16.903087596098583,0.0796142578125,0.40213215351104736,0.9882330298423767,10.476526609063148,5e-05
11,7,-14.98843263,7697,86016,61.53,60,0.0076241493,5.689138889312744,-0.012576117574644741,0.2,-16.871153799692788,0.07020670572916667,0.4246671795845032,0.9860836863517761,11.685282218456269,5e-05
12,8,-16.0979501,7643,98304,62.7,70,0.008474424,4.400082111358643,-0.013979015684162733,0.2,-16.84681010643641,0.085693359375,0.4707365036010742,0.984281063079834,9.451776038606962,5e-05
14,9,-15.871336860000001,7603,110592,63.04,80,0.007857469,4.657881736755371,-0.012436932063428685,0.2,-16.814659078915913,0.07604166666666666,0.47731661796569824,0.9809098243713379,9.170893642306329,5e-05
16,10,-13.06451189,7572,122880,62.45,90,0.007954308,4.727771759033203,-0.013438158235415661,0.2,-16.773571519056954,0.08002115885416666,0.4673745632171631,0.9777416586875916,9.06323101023833,5e-05
17,11,-10.258540200000002,7525,135168,60.18,100,0.0076103886,3.865391492843628,-0.01266658250776042,0.2,-16.72177195151647,0.06995442708333334,0.5067837238311768,0.9726218581199646,7.299839861194292,5e-05
19,12,-12.922797359999999,7509,147456,62.8,110,0.008356904,4.1113972663879395,-0.013734835775297445,0.2,-16.670733495553336,0.08916015625,0.41702020168304443,0.9694359302520752,9.679642828305562,5e-05
21,13,-13.678355390000002,7491,159744,63.42,120,0.008135053,3.5771100521087646,-0.013358267880297111,0.2,-16.62922376394272,0.07811686197916666,0.4405861496925354,0.9659032225608826,8.900505699714024,5e-05
22,14,-10.55455163,7479,172032,62.09,130,0.0079630045,4.838623523712158,-0.013849192717073796,0.2,-16.582902959982555,0.07943522135416667,0.43758338689804077,0.9619496464729309,9.56281102101008,5e-05
24,15,-11.47898073,7470,184320,63.27,140,0.008273506,2.830125331878662,-0.014913510540888334,0.2,-16.53741943438848,0.089453125,0.4553260803222656,0.958885669708252,6.930832430720329,5e-05
26,16,-9.45993451,7462,196608,62.56,150,0.008430809,3.6945791244506836,-0.013606552090883876,0.2,-16.500962368647258,0.08133951822916667,0.45053762197494507,0.9559128284454346,7.647304200132688,5e-05
28,17,-8.65168551,7456,208896,61.31,160,0.008430547,2.983382225036621,-0.014048474236915354,0.2,-16.46335970958074,0.0919677734375,0.41904622316360474,0.953031599521637,6.200785480936369,5e-05
29,18,-8.25157657,7452,221184,61.77,170,0.008439358,2.922116279602051,-0.014547087426763028,0.2,-16.416366712252298,0.08817545572916667,0.35101765394210815,0.948742687702179,5.729299907883008,5e-05
31,19,-6.743038319999999,7447,233472,64.32,180,0.008072522,2.923875331878662,-0.014855652266123797,0.2,-16.351626737912497,0.089599609375,0.3059251308441162,0.9431484341621399,5.621092938383421,5e-05
33,20,-4.6911019000000005,7442,245760,62.4,190,0.008995668,2.774120330810547,-0.016521900602189513,0.2,-16.28310820659002,0.0995361328125,0.30994027853012085,0.9380130767822266,5.059234890838464,5e-05
34,21,-3.6655147100000005,7440,258048,60.25,200,0.009621929,3.0430471897125244,-0.01737829272460658,0.2,-16.21020133892695,0.1053466796875,0.24004453420639038,0.9319726824760437,5.551555547118187,5e-05
36,22,-4.71526055,7436,270336,61.26,210,0.008328485,2.1154959201812744,-0.015987251989524037,0.2,-16.146448119481406,0.09412434895833334,0.15914386510849,0.9278839230537415,5.1456078742941225,5e-05
38,23,-4.7577298300000015,7435,282624,62.06,220,0.008310798,2.1541428565979004,-0.01515605291739727,0.2,-16.08294487396876,0.09163411458333333,0.16681033372879028,0.9226285815238953,4.896415906151136,5e-05
39,24,-4.17002384,7436,294912,63.34,230,0.007923798,2.308396816253662,-0.015231026756130936,0.2,-16.02435947060585,0.09210611979166666,0.17129868268966675,0.9187070727348328,4.717823550105095,5e-05
41,25,-3.7175759900000003,7431,307200,63.03,240,0.00867958,2.094589948654175,-0.015353790013856875,0.2,-15.969626845916112,0.09752604166666666,0.21922117471694946,0.9144582152366638,5.47029475470384,5e-05
42,26,-0.7312311999999999,7431,319488,61.66,250,0.008274159,3.1588797569274902,-0.01481193520691401,0.2,-15.909108738104502,0.0825927734375,0.24404007196426392,0.9097449779510498,5.563206906119983,5e-05
44,27,-0.85609332,7431,331776,63.58,260,0.008695918,2.2624330520629883,-0.01620277009981995,0.2,-15.848897053798039,0.09689127604166667,0.20672094821929932,0.9054840207099915,4.816187930107117,5e-05
46,28,0.17600473000000008,7431,344064,60.83,270,0.007969692,2.429140329360962,-0.014423662764117277,0.2,-15.790400050083797,0.08388671875,0.25454914569854736,0.9009220004081726,4.6340588142474495,5e-05
47,29,0.28606242000000004,7429,356352,63.43,280,0.009069416,2.325146198272705,-0.017137220314665077,0.2,-15.731635612249374,0.1039794921875,0.2866668701171875,0.8970484733581543,4.172402881085873,5e-05
49,30,0.4308648799999999,7419,368640,63.22,290,0.009095409,1.994576096534729,-0.015958900863188318,0.2,-15.681316284338633,0.09970703125,0.34324419498443604,0.8935059905052185,4.5350072850783665,5e-05
51,31,2.68335976,7420,380928,63.72,300,0.009502624,1.7291359901428223,-0.01727388362196507,0.2,-15.630094919602076,0.10830891927083333,0.3675435781478882,0.8897938132286072,3.988693172732989,5e-05
52,32,2.12165052,7421,393216,62.22,310,0.009533993,1.8390042781829834,-0.017630654947909837,0.2,-15.572474735975266,0.11146647135416667,0.42464786767959595,0.8851399421691895,3.9893901447455087,5e-05
54,33,2.9322859300000004,7422,405504,63.13,320,0.009350748,1.6909503936767578,-0.017097783430169027,0.2,-15.506597918272018,0.10965169270833333,0.47572094202041626,0.8802797198295593,3.859665925304095,5e-05
56,34,4.18737413,7419,417792,65.7,330,0.0094606755,1.714953899383545,-0.01779021011995307,0.2,-15.438128719727198,0.10834147135416666,0.5380750894546509,0.8753997683525085,3.8189022411902744,5e-05
58,35,4.62567153,7412,430080,65.75,340,0.00889363,1.9371399879455566,-0.01632213230065342,0.2,-15.376699715852737,0.09973958333333334,0.5581608414649963,0.8714313507080078,3.7470665499567986,5e-05
59,36,4.47419744,7399,442368,64.35,350,0.009492357,1.9197766780853271,-0.01677518356833995,0.2,-15.322111280759176,0.10831705729166667,0.5328122973442078,0.8676729202270508,4.128894775609175,5e-05
61,37,5.02172132,7397,454656,63.29,360,0.009409598,1.7187845706939697,-0.016881257656496017,0.2,-15.260498623053232,0.10878092447916667,0.565432608127594,0.8630329966545105,3.991731545329094,5e-05
63,38,6.49196199,7398,466944,64.79,370,0.008358654,1.9894822835922241,-0.01648017763218377,0.2,-15.199212710062662,0.09811197916666667,0.6262233853340149,0.8590641021728516,4.0048077618082365,5e-05
64,39,6.801287159999998,7400,479232,64.25,380,0.009449869,1.7997322082519531,-0.017344928272844604,0.2,-15.141350932916005,0.10884602864583333,0.6582018136978149,0.8550829887390137,4.215951017042001,5e-05
66,40,9.370500040000001,7401,491520,65.94,390,0.010282555,2.0584352016448975,-0.01892285905390357,0.2,-15.075639142592747,0.12523600260416667,0.7124543190002441,0.8501051068305969,3.945138088365396,5e-05
68,41,10.74658578,7403,503808,67.1,400,0.009646872,1.6793149709701538,-0.017575421127548906,0.2,-15.006719261407852,0.11630045572916667,0.725305438041687,0.8456096649169922,3.7892421742280322,5e-05
69,42,11.67342862,7401,516096,65.38,410,0.009569866,1.7429496049880981,-0.017486905236728488,0.2,-14.939545832077663,0.11029459635416666,0.747867226600647,0.8409116864204407,3.9095544924338657,5e-05
71,43,11.517649019999999,7401,528384,68.52,420,0.010300453,1.8964002132415771,-0.01802562998685365,0.2,-14.878282783428828,0.127880859375,0.778674840927124,0.8373630046844482,4.264893671870231,5e-05
73,44,13.08186975,7401,540672,69.85,430,0.00908089,2.7930054664611816,-0.01604678320485012,0.2,-14.8168536623319,0.10380859375,0.7744615077972412,0.832653820514679,4.469185929497083,5e-05
74,45,13.210141,7397,552960,69.33,440,0.009725441,2.345620632171631,-0.015949493136334543,0.2,-14.755796664953232,0.11576334635416667,0.7976138591766357,0.8290591239929199,4.686254421373208,5e-05
76,46,15.793896619999998,7387,565248,72.53,450,0.010191273,2.323500156402588,-0.017281794805603566,0.2,-14.696243458986283,0.12467447916666667,0.8212417364120483,0.824654757976532,4.349345454076926,5e-05
78,47,15.853660399999999,7383,577536,72.73,460,0.009317658,2.212395668029785,-0.016182771982857957,0.2,-14.634775976339975,0.11512044270833334,0.8406667709350586,0.8208410143852234,4.764196208119392,5e-05
80,48,17.611258569999997,7351,589824,73.89,470,0.011203281,2.272137403488159,-0.017831215893966145,0.2,-14.573413077990214,0.128955078125,0.8394099473953247,0.8164470791816711,4.8241971602042515,5e-05
82,49,17.17080987,7341,602112,75.05,480,0.009767492,3.062199354171753,-0.017301443961817615,0.2,-14.513008707761765,0.1236328125,0.8367882370948792,0.8128721714019775,6.019844163954258,5e-05
84,50,19.55811457,7275,614400,76.47,490,0.010023727,2.1235644817352295,-0.01650270833876372,0.2,-14.459822303056717,0.11822916666666666,0.8493900895118713,0.8094150424003601,5.375434339046478,5e-05
88,51,18.8308238,7066,626688,75.91,500,0.009389582,2.7722063064575195,-0.01557761152216699,0.2,-14.40463825861613,0.11036783854166667,0.8615026473999023,0.8056654334068298,5.468413343528907,5e-05
91,52,22.210556869999994,6950,638976,79.96,510,0.009564943,3.2427685260772705,-0.01579138468077872,0.2,-14.34745384256045,0.11263020833333333,0.8584662675857544,0.8022230267524719,6.180747814973196,5e-05
96,53,22.178642560000004,6765,651264,79.81,520,0.009055338,2.5885634422302246,-0.01536781932421339,0.2,-14.293698757886887,0.10297037760416666,0.8702204823493958,0.7987952828407288,6.624710355202357,5e-05
100,54,25.691855880000002,6614,663552,81.2,530,0.009687365,3.1378026008605957,-0.01577165175888998,0.2,-14.237442229191462,0.11566569010416666,0.8744336366653442,0.7949902415275574,6.768849653999011,5e-05
103,55,24.514835839999996,6510,675840,83.23,540,0.008868118,2.9565231800079346,-0.014308938594573798,0.2,-14.17539232969284,0.09903157552083333,0.8861016035079956,0.7906444668769836,6.462248136599858,5e-05
106,56,26.38860678,6459,688128,82.02,550,0.009961809,3.1393165588378906,-0.015601675489961053,0.2,-14.113319538036983,0.1149169921875,0.8827433586120605,0.7869985699653625,6.7007465094327925,5e-05
108,57,25.298572379999996,6460,700416,84.0,560,0.010109432,2.644371509552002,-0.014906048781025067,0.2,-14.056114953756332,0.11751302083333333,0.8980392813682556,0.7834342122077942,5.893271558483442,5e-05
110,58,29.80080907,6458,712704,84.02,570,0.009486579,3.123727560043335,-0.01404168906058961,0.2,-13.997898783286413,0.10563151041666667,0.8862155079841614,0.7796643376350403,7.341617099444071,5e-05
112,59,29.878951949999998,6456,724992,84.28,580,0.010331259,4.29835844039917,-0.015169041193682157,0.2,-13.941826262076695,0.1159423828125,0.8879246115684509,0.7763689160346985,7.745209516088168,5e-05
114,60,31.188465730000004,6456,737280,86.68,590,0.00972011,3.897728681564331,-0.014223095446747417,0.2,-13.883548641204834,0.10878092447916667,0.9089198112487793,0.7725300788879395,7.185256190101305,5e-05
115,61,31.189569450000008,6464,749568,86.79,600,0.009902983,3.7345173358917236,-0.016333488227489094,0.2,-13.824171515305837,0.12486979166666666,0.9104340076446533,0.7691540122032166,7.0955469141403835,5e-05
117,62,34.4635496,6465,761856,85.86,610,0.009754094,4.204498767852783,-0.014188358617199507,0.2,-13.765230524539948,0.11654459635416667,0.9062240719795227,0.7652788162231445,7.760294372836749,5e-05
119,63,36.702423980000006,6471,774144,87.82,620,0.009285233,3.174879789352417,-0.013601262908196077,0.2,-13.70938345392545,0.11055501302083333,0.9199464321136475,0.7623700499534607,7.58067374030749,5e-05
121,64,32.02075661,6479,786432,86.22,630,0.009873359,3.4955968856811523,-0.013455405881783615,0.2,-13.64965141415596,0.11297200520833334,0.9291192293167114,0.7580544352531433,6.941366040706635,5e-05
123,65,38.3976539,6489,798720,90.29,640,0.009764695,3.0589613914489746,-0.014518447259615642,0.2,-13.58929198384285,0.12027994791666667,0.9229823350906372,0.754960834980011,7.308163809776306,5e-05
126,66,37.72388365,6429,811008,88.8,650,0.009919348,3.617032527923584,-0.013611667776907173,0.2,-13.545819892485936,0.11183268229166667,0.9182401895523071,0.7526071667671204,9.19966069161892,5e-05
127,67,35.44705829,6439,823296,88.84,660,0.009531859,4.023263931274414,-0.014507656758845163,0.2,-13.50137962301572,0.11588541666666667,0.9244439005851746,0.749610185623169,8.538770044843355,5e-05
129,68,40.59277974,6438,835584,91.36,670,0.009759172,3.562615394592285,-0.014665027064620518,0.2,-13.455573876698812,0.11160481770833333,0.9155856370925903,0.7470836639404297,9.356891132394473,5e-05
131,69,38.755448449999996,6436,847872,89.7,680,0.009084181,4.235204696655273,-0.012496281862210405,0.2,-13.421149452527365,0.1075439453125,0.9226966500282288,0.7455585598945618,9.786748614907264,5e-05
133,70,41.37822901,6435,860160,92.38,690,0.009299083,4.331570625305176,-0.012995013881785174,0.2,-13.380392162005107,0.10950520833333334,0.9310842156410217,0.7423560619354248,8.7288589656353,5e-05
135,71,41.234154,6433,872448,90.62,700,0.0090914,4.45645809173584,-0.012540879557006217,0.2,-13.333372759819031,0.10608723958333334,0.9203281998634338,0.7397773265838623,11.094249776999156,5e-05
137,72,42.85812289,6436,884736,94.23,710,0.009603859,4.993072986602783,-0.012321692463592627,0.2,-13.291685823599497,0.10802408854166666,0.923465371131897,0.7374799847602844,10.95754992266496,5e-05
139,73,42.34538593,6433,897024,90.87,720,0.010352933,4.609798431396484,-0.014245974037233584,0.2,-13.250962976614634,0.11707356770833334,0.9257189035415649,0.7349956035614014,10.55464531481266,5e-05
141,74,39.81397577,6442,909312,90.12,730,0.010369323,3.989309310913086,-0.015201372772571631,0.2,-13.2041252831618,0.129931640625,0.9305776953697205,0.7319605946540833,9.463323007027308,5e-05
142,75,43.34532061000001,6447,921600,93.81,740,0.01047301,5.810028076171875,-0.013676752183043088,0.2,-13.15776127576828,0.11903483072916667,0.9189008474349976,0.729648768901825,11.054447714487711,5e-05
144,76,47.54075215000001,6445,933888,91.65,750,0.010783232,4.402920246124268,-0.01472974961604147,0.2,-13.114264297485352,0.13624674479166668,0.9377120137214661,0.72699373960495,8.492683032155037,5e-05
147,77,48.41597489,6410,946176,96.05,760,0.010941703,3.5070431232452393,-0.014648299296095502,0.2,-13.067359079917273,0.1373046875,0.9471634030342102,0.7242496609687805,7.593744788567225,5e-05
149,78,44.770661770000004,6408,958464,93.13,770,0.009567555,4.474717140197754,-0.011441539595640886,0.2,-13.02189880013466,0.110205078125,0.9404061436653137,0.7216682434082031,9.576719559232394,5e-05
151,79,47.436605709999995,6415,970752,92.14,780,0.009884064,3.6868717670440674,-0.01255122594787584,0.2,-12.976268688837687,0.10804036458333334,0.9458491802215576,0.7190003395080566,7.636684916416804,5e-05
153,80,45.07498237,6422,983040,91.69,790,0.010932962,4.1300249099731445,-0.01327088497588799,0.2,-12.925419670343398,0.12749837239583334,0.9512431621551514,0.7160131931304932,7.7346084922552105,5e-05
154,81,48.151796219999994,6430,995328,91.3,800,0.010175664,4.393228054046631,-0.013813525509128037,0.2,-12.878191951910654,0.13250325520833334,0.9463772773742676,0.7135515213012695,8.074127795298894,5e-05
156,82,50.17957171,6440,1007616,95.23,810,0.010156966,3.4845523834228516,-0.012407277341844746,0.2,-12.820958717664082,0.12138671875,0.9544584155082703,0.7093603014945984,7.2828996499379475,5e-05
158,83,49.87081273,6450,1019904,92.54,820,0.009891839,4.694453239440918,-0.011520889137076058,0.2,-12.764429418245951,0.10599772135416667,0.949918270111084,0.7069012522697449,8.80674634873867,5e-05
159,84,53.617177330000004,6460,1032192,96.03,830,0.010088156,2.7619380950927734,-0.011853699040754388,0.2,-12.715064628918965,0.1198486328125,0.9591439962387085,0.7038770318031311,7.387624856829643,5e-05
161,85,51.36430810000001,6468,1044480,91.57,840,0.009452012,4.664994239807129,-0.01192738608806394,0.2,-12.669725322723389,0.11324869791666667,0.9530183672904968,0.7017297744750977,9.049542201558749,5e-05
163,86,52.15425037000001,6476,1056768,93.67,850,0.011519465,3.4057939052581787,-0.013657258653256576,0.2,-12.615765951077144,0.13565266927083333,0.9685986638069153,0.6980088353157043,5.609199198583762,5e-05
166,87,50.089564919999994,6437,1069056,92.31,860,0.010657255,3.2224769592285156,-0.012699843337759375,0.2,-12.563790253798167,0.12408040364583334,0.9624706506729126,0.6956040263175964,6.614873217046261,5e-05
167,88,54.807991109999996,6444,1081344,93.57,870,0.009936582,2.9900197982788086,-0.011758872887003235,0.2,-12.523951635758083,0.1247314453125,0.9640945196151733,0.6935593485832214,5.814093436300754,5e-05
169,89,55.60673504,6444,1093632,96.05,880,0.010112297,2.794710159301758,-0.011347784444903178,0.2,-12.489039993286132,0.12176920572916666,0.9666449427604675,0.6918012499809265,6.663600638508797,5e-05
171,90,56.59264087,6445,1105920,94.39,890,0.009543271,3.664184093475342,-0.012149737811705563,0.2,-12.459173727035523,0.12294921875,0.9685264825820923,0.6902353167533875,6.458086298902829,5e-05
173,91,55.07136559,6452,1118208,94.95,900,0.01086996,2.986171007156372,-0.011608663246928093,0.2,-12.422191603978474,0.12932942708333334,0.9702191352844238,0.6876733899116516,6.909521390000979,5e-05
175,92,55.62885651,6458,1130496,92.61,910,0.0108560035,3.847127676010132,-0.011790199493892336,0.2,-12.381738237539928,0.127294921875,0.9665698409080505,0.6855899691581726,7.240365053216617,5e-05
176,93,57.384514390000014,6466,1142784,97.2,920,0.011985299,1.7743715047836304,-0.012990543918810242,0.2,-12.334471561511357,0.14783528645833333,0.9757208228111267,0.6826692223548889,4.86556412478288,5e-05
178,94,57.95436951999999,6470,1155072,98.13,930,0.011272825,2.184706449508667,-0.011362471505223463,0.2,-12.28800263007482,0.127490234375,0.9731602668762207,0.6804042458534241,5.386905632913113,5e-05
180,95,60.967026389999994,6478,1167360,98.9,940,0.010451405,3.5547757148742676,-0.010968637015321293,0.2,-12.254691970348357,0.11595052083333333,0.9689715504646301,0.6790632605552673,6.768771824240685,5e-05
181,96,57.83758464,6484,1179648,94.65,950,0.010380118,2.151801109313965,-0.011674900171540988,0.2,-12.211487444241842,0.120751953125,0.9747099876403809,0.675711452960968,5.513640661040942,5e-05
183,97,57.091615660000016,6492,1191936,97.43,960,0.010296964,2.8641695976257324,-0.010550734032585751,0.2,-12.153884889682134,0.12842610677083333,0.9761350750923157,0.6725344061851501,5.024067977070809,5e-05
185,98,58.49338756000001,6500,1204224,100.1,970,0.011385662,2.8344669342041016,-0.011274535722380581,0.2,-12.107073340813319,0.124658203125,0.9717543721199036,0.6704056859016418,6.002276770273844,5e-05
186,99,62.755367699999994,6507,1216512,97.58,980,0.00938487,3.3839335441589355,-0.010096305856131948,0.2,-12.061645251512527,0.108349609375,0.9736179709434509,0.6677533984184265,6.207820226748784,5e-05
188,100,64.04007428000001,6509,1228800,101.58,990,0.010737047,2.125826597213745,-0.012894711941771674,0.2,-12.009910704692205,0.133447265625,0.978695273399353,0.6646508574485779,4.771206033229828,5e-05
190,101,61.108311560000004,6517,1241088,98.36,1000,0.0106240185,3.544503927230835,-0.011889577906307144,0.2,-11.963608008623122,0.12766927083333332,0.9739707112312317,0.6624581217765808,6.5631624837716425,5e-05
192,102,61.60597399,6524,1253376,97.87,1010,0.011498739,2.2476725578308105,-0.010321049341776719,0.2,-11.917303194602331,0.1357666015625,0.9796482920646667,0.6598891615867615,4.4635453422864275,5e-05
193,103,65.27619047,6529,1265664,100.7,1020,0.010880061,2.734090805053711,-0.011015397256899935,0.2,-11.868760444720586,0.122021484375,0.9773305654525757,0.6572728753089905,5.451469705998898,5e-05
195,104,61.639032379999996,6534,1277952,99.04,1030,0.0118477745,2.071329355239868,-0.011356092955490263,0.2,-11.823346940676371,0.13800455729166666,0.9807146191596985,0.6550460457801819,4.806625125805537,5e-05
197,105,63.41641752999999,6540,1290240,98.8,1040,0.011427668,2.753509283065796,-0.010628700877714437,0.2,-11.771318982044855,0.1308837890625,0.9801420569419861,0.6517098546028137,5.033245340983073,5e-05
198,106,67.10686636999999,6547,1302528,106.25,1050,0.011644735,3.0355026721954346,-0.011427366227144376,0.2,-11.718446211020153,0.139453125,0.9799981713294983,0.6494157910346985,5.071162777642409,5e-05
200,107,69.80132843,6553,1314816,107.44,1060,0.010259055,2.2001631259918213,-0.010751442541368306,0.2,-11.670580438772838,0.12178548177083333,0.9764105081558228,0.6467122435569763,5.973316398759683,5e-05
202,108,69.58669798000001,6560,1327104,105.44,1070,0.010557252,2.7326247692108154,-0.009286118229889931,0.2,-11.633321772019068,0.12433268229166666,0.9772951602935791,0.6454343795776367,6.1520483016967775,5e-05
204,109,67.2588944,6565,1339392,107.53,1080,0.010736689,2.1860358715057373,-0.01064446734332402,0.2,-11.608015342553456,0.1208740234375,0.9772684574127197,0.6441265344619751,6.109501746793588,5e-05
205,110,69.80456190000001,6567,1351680,107.13,1090,0.011473253,3.1699039936065674,-0.010621492708742153,0.2,-11.575226680437725,0.14005533854166666,0.9771842360496521,0.6420323252677917,6.153817423681418,5e-05
207,111,71.24044677,6572,1363968,109.29,1100,0.00959403,3.58830189704895,-0.008922586762734379,0.2,-11.543539778391521,0.11561686197916667,0.974263072013855,0.6407963633537292,6.074550987283389,5e-05
209,112,72.48367286000001,6574,1376256,102.81,1110,0.010374048,2.2086007595062256,-0.009989161978592166,0.2,-11.509997524817784,0.13345540364583333,0.9790529608726501,0.6386048793792725,5.523320589462916,5e-05
211,113,65.24306808,6578,1388544,103.03,1120,0.010109785,2.1842572689056396,-0.008265573894702054,0.2,-11.47312696178754,0.12972819010416667,0.9835980534553528,0.6370380520820618,4.767344266176224,5e-05
212,114,66.6112053,6585,1400832,99.86,1130,0.010631765,2.063062906265259,-0.010910369649839899,0.2,-11.441147973140081,0.12686360677083333,0.9785733222961426,0.6353681683540344,5.443059446414312,5e-05
214,115,70.84708847,6591,1413120,103.16,1140,0.011761929,1.900805115699768,-0.010809978130176508,0.2,-11.403126684824626,0.15205891927083334,0.9818764925003052,0.6332659125328064,4.861264058450858,5e-05
216,116,75.65177476000001,6596,1425408,103.69,1150,0.011953361,1.8582907915115356,-0.011088101135586233,0.2,-11.36442712744077,0.15262044270833333,0.9852321147918701,0.6314412951469421,3.987064016858737,5e-05
217,117,72.36136987,6602,1437696,105.47,1160,0.011984256,2.3361127376556396,-0.01173450396527187,0.2,-11.32371654311816,0.14720052083333332,0.9854713082313538,0.6292422413825989,4.482645980020364,5e-05
219,118,72.94700377999999,6607,1449984,105.93,1170,0.011951416,2.466383934020996,-0.008541924143840637,0.2,-11.286907507975895,0.12232259114583334,0.9848891496658325,0.6276988387107849,4.217870181798935,5e-05
221,119,72.35034950000001,6612,1462272,106.2,1180,0.010355319,2.5550646781921387,-0.009530073935942103,0.2,-11.249084271987279,0.11713053385416666,0.9797595143318176,0.625619649887085,5.847935773432255,5e-05
222,120,79.60535824,6618,1474560,111.27,1190,0.011628106,2.419419050216675,-0.01250423381376701,0.2,-11.201640456914902,0.14999186197916667,0.9819838404655457,0.6229987144470215,4.746459190050761,5e-05
224,121,74.95060204,6623,1486848,107.94,1200,0.009504835,2.8591232299804688,-0.009976967586165604,0.2,-11.165284397204717,0.1258544921875,0.9788890480995178,0.6219557523727417,6.2395296414693195,5e-05
226,122,76.42687594,6628,1499136,108.97,1210,0.012125954,3.0904910564422607,-0.010393370610351364,0.2,-11.13491798043251,0.13994140625,0.9820844531059265,0.6202398538589478,5.606695920228958,5e-05
227,123,74.06086253999999,6634,1511424,110.61,1220,0.010783277,4.343048572540283,-0.009659326368516,0.2,-11.113510141770044,0.125341796875,0.9783482551574707,0.6198403239250183,7.024268838763237,5e-05
229,124,73.97755158,6640,1523712,109.99,1230,0.011364777,2.534182548522949,-0.010587850338197313,0.2,-11.099410333236058,0.13972981770833334,0.9801679849624634,0.6187803149223328,6.10066124945879,5e-05
231,125,79.67593632,6645,1536000,108.38,1240,0.011395541,1.981702446937561,-0.008586116855925259,0.2,-11.069006351629893,0.137158203125,0.9831922650337219,0.6168267130851746,4.84512880941232,5e-05
232,126,76.12311497,6650,1548288,107.78,1250,0.010349893,2.5023224353790283,-0.008772276835225057,0.2,-11.023972481489182,0.1277099609375,0.9811631441116333,0.6143901944160461,5.120621192455292,5e-05
234,127,80.18529049,6653,1560576,109.63,1260,0.012760527,2.585495710372925,-0.010646926042196962,0.2,-10.964058115084965,0.16202799479166666,0.9848987460136414,0.6109753251075745,4.358901099363963,5e-05
236,128,83.06744219000002,6651,1572864,110.11,1270,0.0114334645,2.2347569465637207,-0.01037118303211173,0.2,-10.913859438896178,0.14341634114583332,0.9833470582962036,0.6093795895576477,5.371240098774433,5e-05
238,129,84.32933260000001,6656,1585152,111.61,1280,0.011593945,1.767653465270996,-0.00931741405268743,0.2,-10.878215549389521,0.13682454427083332,0.9857446551322937,0.6075491905212402,4.91407806922992,5e-05
239,130,77.18225076999998,6661,1597440,110.11,1290,0.012193401,2.2751049995422363,-0.008636395817059868,0.2,-10.846184255679448,0.13832194010416668,0.9861170649528503,0.6063331961631775,4.83010729899009,5e-05
241,131,78.31155122,6666,1609728,111.52,1300,0.010998809,2.536269187927246,-0.00941144293222654,0.2,-10.813389952977499,0.1421875,0.9865816831588745,0.6045064330101013,4.173042045036952,5e-05
243,132,80.94431585000001,6671,1622016,112.35,1310,0.010476772,3.2905383110046387,-0.008404128357991187,0.2,-10.782497038443884,0.12349446614583333,0.9825440645217896,0.6032484173774719,5.239706520239512,5e-05
244,133,80.51447816000001,6676,1634304,113.4,1320,0.01344235,2.2766470909118652,-0.01139781647749866,0.2,-10.74366403222084,0.162451171875,0.9854763746261597,0.6009024381637573,4.593636572360992,5e-05
246,134,82.24786473999998,6676,1646592,115.37,1330,0.012827043,1.523491621017456,-0.00989010545842272,0.2,-10.694318993886311,0.1431640625,0.9862015843391418,0.598337709903717,4.125351777672767,5e-05
248,135,84.76511433000002,6680,1658880,116.78,1340,0.011637944,1.72052001953125,-0.008485124027356506,0.2,-10.660960867007573,0.14248046875,0.9860387444496155,0.5973778367042542,4.472335896889368,5e-05
250,136,85.15201603999999,6683,1671168,119.29,1350,0.010739468,2.3758909702301025,-0.009927869079789767,0.2,-10.629842692613602,0.13384602864583334,0.9872304201126099,0.595321536064148,4.348585570355256,5e-05
251,137,89.38921404000001,6687,1683456,125.47,1360,0.0118732825,1.6535732746124268,-0.010301275459156992,0.2,-10.578603196144105,0.14081217447916666,0.9864217638969421,0.5925775170326233,4.248293876151243,5e-05
253,138,81.28459168,6691,1695744,112.08,1370,0.010648171,2.5733044147491455,-0.010660732882388401,0.2,-10.535465089480082,0.14000651041666667,0.9822512269020081,0.591113805770874,6.081533375879129,5e-05
255,139,85.59720911999999,6696,1708032,114.09,1380,0.011630669,1.6741639375686646,-0.009778577196023737,0.2,-10.502924627065658,0.13404947916666668,0.9835366010665894,0.5893781781196594,4.862173760930697,5e-05
256,140,86.48057341000002,6700,1720320,117.32,1390,0.012484138,2.633500576019287,-0.01070770895651852,0.2,-10.461873863140742,0.16271158854166667,0.9838333129882812,0.5872752070426941,4.779116213818392,5e-05
258,141,87.48564022000001,6701,1732608,123.12,1400,0.011542176,2.073029041290283,-0.009619278773122157,0.2,-10.421167506774266,0.14847005208333333,0.9864691495895386,0.5854320526123047,4.688661496837934,5e-05
260,142,91.40930595000002,6705,1744896,126.68,1410,0.011032318,1.6611393690109253,-0.009676978766219691,0.2,-10.379292186101278,0.14168294270833334,0.9859853982925415,0.583236575126648,4.763887144625187,5e-05
261,143,92.12310787999999,6709,1757184,126.51,1420,0.01195169,2.5004889965057373,-0.008990721355561011,0.2,-10.339247369766236,0.14775390625,0.9878972172737122,0.5817041993141174,4.169377003610134,5e-05
263,144,95.44263599,6713,1769472,131.91,1430,0.012539811,2.0348458290100098,-0.010502235170376177,0.2,-10.288973470528921,0.15023600260416667,0.9869570136070251,0.5786468386650085,4.420004207889239,5e-05
265,145,92.06227253000002,6717,1781760,124.82,1440,0.010842306,2.2892279624938965,-0.008559634133416694,0.2,-10.244387757778167,0.12849934895833334,0.9838605523109436,0.5774747729301453,6.061970867216587,5e-05
266,146,93.66553007999997,6719,1794048,129.76,1450,0.01311471,2.614548444747925,-0.009539365139304815,0.2,-10.218013403813044,0.150390625,0.9850345253944397,0.5762407183647156,5.297987962265809,5e-05
268,147,90.30054796000002,6723,1806336,123.73,1460,0.011822802,2.2909183502197266,-0.009968820073117968,0.2,-10.187378825743993,0.14193522135416667,0.9806454181671143,0.5745888352394104,7.315075102448463,5e-05
270,148,102.11600011,6727,1818624,136.53,1470,0.012762837,2.101656436920166,-0.011352338687477944,0.2,-10.151300209760667,0.16569010416666666,0.9856152534484863,0.5728775262832642,4.948529746631781,5e-05
272,149,108.26149604,6730,1830912,138.4,1480,0.010438857,3.602994441986084,-0.00852668098717307,0.2,-10.12541420062383,0.112451171875,0.9770662784576416,0.5723224878311157,9.058056644598643,5e-05
273,150,109.32956976999998,6734,1843200,139.95,1490,0.011811567,3.061605453491211,-0.0090134760782045,0.2,-10.105711243549983,0.14486490885416667,0.9826237559318542,0.5711254477500916,7.268228026727836,5e-05
275,151,114.55243940999998,6738,1855488,151.11,1500,0.012945689,3.0327529907226562,-0.00964904609475828,0.2,-10.079386262098948,0.14868977864583333,0.980586588382721,0.5699169635772705,7.869995141029358,5e-05
277,152,123.50845556999998,6742,1867776,161.86,1510,0.011265065,5.141933441162109,-0.01164826620176124,0.2,-10.04554890592893,0.12735188802083333,0.9757034182548523,0.5679599642753601,10.053454118967057,5e-05
278,153,120.90448042999998,6745,1880064,160.89,1520,0.009705789,3.8419694900512695,-0.007950666171382181,0.2,-10.010235345363617,0.11774088541666666,0.9772571325302124,0.566735029220581,10.06992403268814,5e-05
280,154,126.04300655000002,6749,1892352,163.85,1530,0.013745361,2.6143054962158203,-0.008987178356134488,0.2,-9.9865871489048,0.15113932291666668,0.9765082001686096,0.5658621191978455,6.880630450944106,5e-05
282,155,137.37237241,6752,1904640,187.71,1540,0.013656414,2.0013039112091064,-0.012838017641721914,0.2,-9.97383600473404,0.189599609375,0.9882268905639648,0.5654235482215881,5.3253651062647505,5e-05
283,156,134.26649903999999,6755,1916928,183.96,1550,0.012081874,6.8957905769348145,-0.010477077585043541,0.2,-9.955122433106105,0.12298177083333334,0.9691789150238037,0.5641711354255676,17.130405195554097,5e-05
285,157,121.23532422999999,6758,1929216,175.89,1560,0.013283633,2.4966211318969727,-0.01023403545890081,0.2,-9.918090361356736,0.176171875,0.9859132170677185,0.5618298053741455,5.00202303280433,5e-05
287,158,136.57767172,6762,1941504,199.99,1570,0.01195864,2.6827661991119385,-0.00931796093742984,0.2,-9.876471589008966,0.13618977864583334,0.9810872673988342,0.5601720809936523,7.480699642499288,5e-05
289,159,140.14873336,6754,1953792,208.88,1580,0.010482174,8.540143966674805,-0.008813428586290684,0.2,-9.848544402917225,0.11173502604166667,0.9778845310211182,0.5592961311340332,10.376798190673192,5e-05
293,160,142.5048403,6705,1966080,210.69,1590,0.010013151,4.421184539794922,-0.009838077482224131,0.2,-9.82954910993576,0.12679036458333334,0.9741531610488892,0.5584384799003601,10.369721786181133,5e-05
295,161,155.98825889000003,6704,1978368,217.93,1600,0.011830263,4.990897178649902,-0.010367189339982966,0.2,-9.811988258361817,0.13592122395833334,0.9736483693122864,0.557608425617218,12.673084202408791,5e-05
296,162,163.65025927000002,6707,1990656,223.22,1610,0.0119144665,3.475783348083496,-0.01071814588988976,0.2,-9.774965133269628,0.15113118489583333,0.9846792221069336,0.5552589893341064,7.308917255202929,5e-05
298,163,179.61374288000002,6710,2002944,247.58,1620,0.013243602,2.115354299545288,-0.009589140799168188,0.2,-9.740208226442338,0.1715087890625,0.9871271252632141,0.554283857345581,6.126317495107651,5e-05
300,164,204.77204552999996,6713,2015232,282.8,1630,0.009978102,5.789625644683838,-0.009100150934924993,0.2,-9.72279899319013,0.11441243489583333,0.9805449843406677,0.5534587502479553,10.694384188453357,5e-05
301,165,238.24692204,6716,2027520,325.6,1640,0.0111942785,2.41706919670105,-0.009734046804078389,0.2,-9.695025797684988,0.14440104166666667,0.9841711521148682,0.5517489910125732,8.638686726490656,5e-05
303,166,248.23768358999993,6719,2039808,340.77,1650,0.010943159,4.551165580749512,-0.008883310119078185,0.2,-9.661945718526841,0.13311360677083334,0.9829012155532837,0.5504741072654724,9.111534111698468,5e-05
305,167,269.89375344,6720,2052096,367.95,1660,0.0103723565,4.692546844482422,-0.008678440770017915,0.2,-9.635384347041448,0.14617513020833334,0.9824894070625305,0.5493191480636597,9.69040100177129,5e-05
307,168,287.66923040999995,6723,2064384,400.26,1670,0.013085444,3.621826410293579,-0.009829073008343887,0.2,-9.60013190905253,0.16134440104166667,0.9842068552970886,0.5473079681396484,6.997061701118946,5e-05
308,169,322.94915183999996,6725,2076672,458.56,1680,0.011584766,4.699418067932129,-0.009561109558853786,0.2,-9.566361272335053,0.14383951822916666,0.9812362194061279,0.5462816953659058,8.643515269458295,5e-05
310,170,351.76544048000005,6729,2088960,509.3,1690,0.013481423,1.212694525718689,-0.008886964364986245,0.2,-9.53943742911021,0.17323404947916668,0.9892379641532898,0.5449855327606201,4.770114326477051,5e-05
312,171,383.10430929,6732,2101248,546.65,1700,0.011372712,1.4851034879684448,-0.007685337325771494,0.2,-9.507966854174931,0.15652669270833333,0.9907282590866089,0.5435251593589783,4.450503524889549,5e-05
313,172,392.10477663999995,6735,2113536,578.65,1710,0.011723516,1.7692711353302002,-0.008198609528578042,0.2,-9.477406362692514,0.14969075520833333,0.9896632432937622,0.542048454284668,6.140711858868599,5e-05
315,173,417.25906272,6736,2125824,625.94,1720,0.0140055,2.1691954135894775,-0.01053194407383368,0.2,-9.455132486422857,0.199169921875,0.9867132306098938,0.5415801405906677,4.627455023179452,5e-05
317,174,407.2157937300001,6735,2138112,608.24,1730,0.012385629,2.3663382530212402,-0.00924979084423588,0.2,-9.426857304573058,0.15186360677083333,0.9904180765151978,0.5395412445068359,6.467094721396764,5e-05
319,175,416.58008285999995,6720,2150400,621.03,1740,0.014954712,1.2674552202224731,-0.009347194664587732,0.2,-9.37606950600942,0.18802083333333333,0.9935322999954224,0.5371603965759277,2.989200424402952,5e-05
321,176,455.92649049,6721,2162688,667.99,1750,0.011471068,1.1097002029418945,-0.0074141246295766905,0.2,-9.339101390043895,0.15873209635416666,0.9940038323402405,0.5360409617424011,3.1736702198783555,5e-05
323,177,496.14563705999996,6723,2174976,713.57,1760,0.013107635,0.5010710954666138,-0.008623441473173444,0.2,-9.292582724491755,0.16861165364583333,0.996357262134552,0.533173680305481,1.57209565838178,5e-05
325,178,490.70497167999997,6726,2187264,695.65,1770,0.014998857,0.6450331211090088,-0.008673398053603402,0.2,-9.24951379497846,0.17659505208333334,0.9940171241760254,0.5321776270866394,1.9610517259687186,5e-05
326,179,489.08374574999993,6729,2199552,706.54,1780,0.0129188,0.5469114184379578,-0.008760099011124112,0.2,-9.224998156229654,0.1664306640625,0.995347797870636,0.5311887860298157,2.248596597959598,5e-05
328,180,520.90714504,6731,2211840,746.98,1790,0.011285867,0.790565550327301,-0.008095696052381147,0.2,-9.204619014263153,0.13837890625,0.9947770833969116,0.5303846597671509,2.2591748651117087,5e-05
330,181,534.0953774,6735,2224128,767.74,1800,0.012246142,0.8409689664840698,-0.006654755370982457,0.2,-9.179057904084523,0.15927734375,0.996532678604126,0.5289756655693054,1.6024260039130847,5e-05
331,182,528.97898588,6738,2236416,755.98,1810,0.01073745,0.5546054244041443,-0.007913739503904556,0.2,-9.142742337783178,0.14674479166666668,0.9973913431167603,0.5273871421813965,1.348227505510052,5e-05
333,183,538.63809611,6741,2248704,778.37,1820,0.0139155425,1.1032333374023438,-0.00731388447311474,0.2,-9.110818644364675,0.15341796875,0.9969843626022339,0.5262777209281921,1.42979574923714,5e-05
335,184,572.87818653,6744,2260992,809.19,1830,0.012002009,0.3847772181034088,-0.00813594550806253,0.2,-9.075135145584742,0.17706705729166666,0.998549222946167,0.5245413184165955,0.9323942898462216,5e-05
336,185,586.2948097100001,6747,2273280,822.31,1840,0.011967316,0.2580924928188324,-0.008825084820273332,0.2,-9.017952454090118,0.145556640625,0.9989894032478333,0.521449863910675,0.6369962964206934,5e-05
338,186,641.2005641599999,6748,2285568,861.4,1850,0.010079189,0.7557235956192017,-0.00732052802098527,0.2,-8.96786170800527,0.11402994791666667,0.9963899850845337,0.5198826193809509,1.929339029515783,5e-05
340,187,670.2822057399999,6751,2297856,895.45,1860,0.012623303,0.26827555894851685,-0.007004824730878075,0.2,-8.92160986661911,0.16226399739583333,0.998724639415741,0.517466127872467,0.6070424584671855,5e-05
342,188,677.2871488499998,6748,2310144,905.23,1870,0.01236137,0.27878573536872864,-0.007210149533542183,0.2,-8.869647455215453,0.14871419270833333,0.9980862736701965,0.5156731009483337,0.671356142560641,5e-05
344,189,713.04528315,6749,2322432,926.66,1880,0.012349021,0.38706520199775696,-0.008476214560990533,0.2,-8.818760965267817,0.1366455078125,0.9987051486968994,0.5132023692131042,0.8567927577222387,5e-05
345,190,744.9750090100001,6751,2334720,951.47,1890,0.010909304,0.24735809862613678,-0.005836010548712996,0.2,-8.751641736427944,0.148388671875,0.9992552995681763,0.5101332068443298,0.5170962914824486,5e-05
347,191,717.2055918499999,6752,2347008,906.98,1900,0.012049862,0.12867820262908936,-0.00724655861898403,0.2,-8.693133622407913,0.14607747395833334,0.9995231032371521,0.5083470940589905,0.3227877994067967,5e-05
349,192,691.56292965,6753,2359296,853.27,1910,0.00998612,0.21179571747779846,-0.006877356772990121,0.2,-8.655738395452499,0.13119303385416667,0.9992737770080566,0.5071517825126648,0.5075684155647954,5e-05
351,193,665.3647067799998,6755,2371584,844.14,1920,0.010144035,0.3104710578918457,-0.006706139753805474,0.2,-8.622419023513794,0.12875162760416667,0.9987392425537109,0.5056811571121216,0.7441246215254068,5e-05
352,194,648.45529794,6756,2383872,828.03,1930,0.010596656,0.16491809487342834,-0.007055656161295095,0.2,-8.571664929389954,0.138134765625,0.99934983253479,0.5030696988105774,0.35356096317991614,5e-05
354,195,637.09678245,6757,2396160,828.22,1940,0.012116608,0.28406795859336853,-0.007663536911422852,0.2,-8.524463228384654,0.1514404296875,0.9988110661506653,0.5018222332000732,0.5581066000585755,5e-05
356,196,615.69229807,6759,2408448,807.4,1950,0.010611958,0.10129991173744202,-0.006938244778818141,0.2,-8.495820899804434,0.14815266927083334,0.999040961265564,0.5006198287010193,0.36096624104926983,5e-05
358,197,569.6749671700001,6759,2420736,761.69,1960,0.010909866,0.18182219564914703,-0.005457182534155436,0.2,-8.470581307013829,0.1181396484375,0.9972206354141235,0.4997270107269287,1.084865181085964,5e-05
360,198,603.6200749100001,6758,2433024,800.9,1970,0.010092042,0.9050104022026062,-0.00897361621367357,0.2,-8.452414113283158,0.1316650390625,0.997080385684967,0.4991963803768158,2.1999656431376935,5e-05
361,199,620.7996485,6757,2445312,831.48,1980,0.010291525,0.23577868938446045,-0.005491796156517618,0.2,-8.42835886478424,0.14873046875,0.9979165196418762,0.4978104829788208,1.0520215382178624,5e-05
363,200,622.00863667,6752,2457600,839.59,1990,0.012702164,0.0699412077665329,-0.0078379885465741,0.2,-8.382513286670049,0.1816162109375,0.9995468258857727,0.49593624472618103,0.1802539677824825,5e-05
365,201,630.30066424,6752,2469888,844.44,2000,0.010440421,0.39992934465408325,-0.005681858157913666,0.2,-8.343280829985936,0.1340087890625,0.99898362159729,0.4946575164794922,0.6193181401429076,5e-05
367,202,638.43643832,6753,2482176,859.03,2010,0.014230152,0.06168941408395767,-0.007232733390507443,0.2,-8.300459011395771,0.1803466796875,0.9995815753936768,0.49273034930229187,0.2111854227259755,5e-05
369,203,616.8632608,6748,2494464,864.98,2020,0.010346382,0.06656081229448318,-0.0070229361410990045,0.2,-8.244873813788097,0.1357666015625,0.99952632188797,0.4901808202266693,0.19100709644456704,5e-05
371,204,640.7109023799999,6747,2506752,885.06,2030,0.013663202,0.10404038429260254,-0.00675242115733757,0.2,-8.205018760760625,0.16118977864583334,0.9980962872505188,0.48941612243652344,0.4629260776564479,5e-05
373,205,630.7574119699999,6749,2519040,898.72,2040,0.011419457,0.212469220161438,-0.006722962666632763,0.2,-8.181500911712646,0.14857584635416668,0.9985805153846741,0.48850885033607483,0.6762931743326287,5e-05
374,206,631.8324803400001,6752,2531328,896.89,2050,0.015349787,0.07828742265701294,-0.005010921297071036,0.2,-8.15776179631551,0.16372884114583333,0.9989522099494934,0.48755884170532227,0.3907051885190109,5e-05
376,207,650.5478916899999,6753,2543616,893.23,2060,0.011550325,0.22131818532943726,-0.004795355949318037,0.2,-8.12611714998881,0.137451171875,0.998914361000061,0.48616766929626465,0.4880651142758628,5e-05
378,208,641.3690004099999,6754,2555904,907.58,2070,0.010688844,0.1487877368927002,-0.006770680949557573,0.2,-8.09078443845113,0.14781901041666667,0.9990437626838684,0.4850625693798065,0.3692984041757882,5e-05
380,209,630.17849527,6756,2568192,894.25,2080,0.012150594,0.12723957002162933,-0.005905900255068749,0.2,-8.052223734060924,0.1729248046875,0.9992213845252991,0.4832872450351715,0.32511697576070825,5e-05
381,210,629.8602328100001,6757,2580480,885.09,2090,0.010873632,0.0938149243593216,-0.007171030972191753,0.2,-8.001622539758682,0.14220377604166667,0.9996005892753601,0.48130080103874207,0.23295387271791695,5e-05
383,211,614.7404898200001,6759,2592768,888.82,2100,0.012139981,0.09940230846405029,-0.0034463026264954046,0.2,-7.969838184118271,0.16834309895833333,0.9985346794128418,0.4809299409389496,0.348036248019586,5e-05
385,212,647.03531689,6760,2605056,902.05,2110,0.012284945,0.13680270314216614,-0.004654989177652169,0.2,-7.9486638079086935,0.17140299479166668,0.9981917142868042,0.47978368401527405,0.45111167458817364,5e-05
387,213,677.84338083,6762,2617344,923.98,2120,0.010919616,0.06747226417064667,-0.008956994694259871,0.2,-7.913542433579763,0.15223795572916668,0.999612033367157,0.4785231053829193,0.2042815529120465,5e-05
388,214,682.3477032099997,6765,2629632,933.17,2130,0.011219067,0.03639088571071625,-0.0064133816350173825,0.2,-7.8721390694379805,0.15406087239583333,0.9997422695159912,0.47711145877838135,0.13098425393303234,5e-05
390,215,682.0855302900001,6767,2641920,930.91,2140,0.011590104,0.039366260170936584,-0.006172521627255871,0.2,-7.835589152574539,0.16370442708333333,0.9995954036712646,0.47601547837257385,0.11572038360560934,5e-05
392,216,684.2272908300001,6770,2654208,890.52,2150,0.010789116,0.45958006381988525,-0.0037777668022802875,0.2,-7.811807696024577,0.12482096354166666,0.9983378648757935,0.4753386974334717,0.8038841224275529,5e-05
393,217,692.5995702,6769,2666496,906.43,2160,0.012288152,0.15481612086296082,-0.00693878160091117,0.2,-7.792551099260648,0.1557861328125,0.9984617233276367,0.4745255410671234,0.6623974525680144,5e-05
395,218,701.88503557,6771,2678784,907.24,2170,0.014439235,0.08103487640619278,-0.005091166586013666,0.2,-7.773018478353818,0.17696126302083334,0.9985447525978088,0.47399353981018066,0.31669028114217024,5e-05
397,219,655.42110775,6774,2691072,869.61,2180,0.012766301,0.4288405478000641,-0.005907973934275408,0.2,-7.7503652542829515,0.14689127604166666,0.9985747933387756,0.47282859683036804,0.7701436854278048,5e-05
398,220,609.50394951,6777,2703360,850.41,2190,0.011540356,0.5736415386199951,-0.006829175258462783,0.2,-7.731664947668711,0.15227864583333334,0.9947031140327454,0.4724753797054291,1.2919018192216754,5e-05
400,221,628.40348275,6780,2715648,846.66,2200,0.014972184,0.9808332920074463,-0.005790845290175639,0.2,-7.717663263281186,0.15623372395833332,0.9967904686927795,0.47157642245292664,1.291224608446161,5e-05
402,222,620.39773206,6780,2727936,854.41,2210,0.015036035,0.1354384571313858,-0.0057178478101074385,0.2,-7.686016787091891,0.18525390625,0.999245285987854,0.4700840413570404,0.38941558860242365,5e-05
403,223,623.7302550300001,6783,2740224,870.88,2220,0.01073648,0.36869508028030396,-0.005194143749880216,0.2,-7.655713460842768,0.13951822916666667,0.9990971088409424,0.4692334234714508,0.5453892015852034,5e-05
405,224,627.3155520299999,6784,2752512,862.84,2230,0.012465116,0.08581837266683578,-0.007955682342192934,0.2,-7.618721727530161,0.1731689453125,0.9994434714317322,0.46755242347717285,0.2601703203593691,5e-05
407,225,624.21730482,6787,2764800,888.37,2240,0.012142915,0.08491423726081848,-0.0055325404110287005,0.2,-7.580262591441472,0.17989908854166667,0.9987160563468933,0.46638354659080505,0.27641280045111977,5e-05
409,226,658.6787964,6788,2777088,905.74,2250,0.01397742,0.12406380474567413,-0.005463852241033843,0.2,-7.548616408308347,0.16704915364583334,0.9991751313209534,0.46523618698120117,0.3393975762029489,5e-05
410,227,695.1467030499999,6791,2789376,930.54,2260,0.012893396,0.32587364315986633,-0.006497493451752235,0.2,-7.517799487709999,0.1738525390625,0.9991984963417053,0.46422258019447327,0.49143541033069293,5e-05
412,228,701.8569413499998,6794,2801664,928.98,2270,0.014166124,0.06050090491771698,-0.005150950949367446,0.2,-7.481008891264597,0.16845703125,0.9996933341026306,0.46269282698631287,0.19376012533903123,5e-05
414,229,708.0752162599998,6796,2813952,928.93,2280,0.010604721,0.1975267082452774,-0.006262030380700404,0.2,-7.43834675749143,0.14591471354166666,0.9993055462837219,0.46116161346435547,0.5201458130807927,5e-05
415,230,725.8998748000001,6799,2826240,936.87,2290,0.010393797,0.1151505559682846,-0.005905471675214357,0.2,-7.407749007145564,0.13902994791666667,0.998603343963623,0.4603060781955719,0.615909323717157,5e-05
417,231,739.74183496,6802,2838528,942.74,2300,0.014620882,0.023191357031464577,-0.003995132721805324,0.2,-7.372178545594215,0.19452311197916666,0.9997078776359558,0.4587700366973877,0.14596023907264075,5e-05
418,232,753.97276176,6804,2850816,951.11,2310,0.01333066,0.07444087415933609,-0.006955305533483625,0.2,-7.330216532945633,0.17980143229166667,0.9997572302818298,0.4575217664241791,0.1807441972506543,5e-05
420,233,750.1030564300002,6804,2863104,942.8,2320,0.010822788,0.04458290711045265,-0.005077295130467974,0.2,-7.281862234075864,0.16117350260416666,0.9998018741607666,0.45525264739990234,0.13352629994042217,5e-05
422,234,700.2139404,6804,2875392,927.08,2330,0.011687648,0.12953294813632965,-0.008177192649357796,0.2,-7.246230506896973,0.144970703125,0.9971359968185425,0.45468783378601074,0.8388388199731708,5e-05
424,235,677.7310081600001,6800,2887680,911.12,2340,0.013288205,0.5191450119018555,-0.0067487818261724895,0.2,-7.2379339069128035,0.16153157552083333,0.9945580959320068,0.45456114411354065,0.935152949920545,5e-05
426,236,680.15712331,6801,2899968,924.39,2350,0.009483102,0.8073121309280396,-0.006687840606415799,0.2,-7.232406416535378,0.1304931640625,0.9959635734558105,0.45430827140808105,1.6585147970666487,5e-05
430,237,688.7612441199999,6762,2912256,932.28,2360,0.015843233,0.05503381788730621,-0.0035556437525277335,0.2,-7.209069443742434,0.20170084635416666,0.999728262424469,0.45333895087242126,0.14470197004266083,5e-05
432,238,682.8899805400001,6759,2924544,924.37,2370,0.014874004,0.07250833511352539,-0.006470150159051021,0.2,-7.167194109161695,0.1659912109375,0.9997546672821045,0.4516957104206085,0.13178815448967118,5e-05
434,239,639.4519495000001,6759,2936832,892.97,2380,0.014955178,0.057295966893434525,-0.007703387091169134,0.2,-7.133207580447197,0.166015625,0.9992453455924988,0.45086678862571716,0.20743329036049546,5e-05
436,240,666.52832782,6761,2949120,900.96,2390,0.012568613,0.44131574034690857,-0.0046433970109016325,0.2,-7.120741910735766,0.12714029947916666,0.9978218674659729,0.45092037320137024,0.9694563778738181,5e-05
437,241,653.25942965,6763,2961408,901.39,2400,0.013800919,0.10834833234548569,-0.007768263057611572,0.2,-7.097866949439049,0.19042154947916667,0.9997482299804688,0.44950631260871887,0.19608925998521348,5e-05
439,242,667.19352894,6764,2973696,908.36,2410,0.014266256,0.07130146026611328,-0.0040564301166644634,0.2,-7.0696884830792746,0.2017333984375,0.9992043375968933,0.44903266429901123,0.1629072944012781,5e-05
441,243,702.40179328,6766,2985984,923.7,2420,0.013476967,0.10495758801698685,-0.006443968835810665,0.2,-7.05584388077259,0.172607421875,0.9985263347625732,0.4486163556575775,0.39521029305954775,5e-05
443,244,667.0943101600001,6764,2998272,905.19,2430,0.0143032065,0.17759919166564941,-0.0048569621236917255,0.2,-7.039726040760676,0.14744466145833332,0.9990667104721069,0.4479520618915558,0.3372844748509427,5e-05
445,245,663.7806447899999,6753,3010560,895.92,2440,0.013020299,0.19062760472297668,-0.005639181092071037,0.2,-7.014479246735573,0.18203938802083333,0.999174952507019,0.44671329855918884,0.38200968839228155,5e-05
447,246,676.3267701,6754,3022848,905.18,2450,0.015086469,0.20532582700252533,-0.007220641786019163,0.2,-6.984916509191195,0.16009928385416666,0.9974330067634583,0.44573667645454407,0.7400974072515965,5e-05
449,247,686.7642421500001,6756,3035136,905.99,2460,0.013113782,0.13718947768211365,-0.005672058273921721,0.2,-6.9517999162276585,0.18333333333333332,0.999614417552948,0.4446769654750824,0.26664484057885907,5e-05
450,248,686.0690686600001,6758,3047424,917.75,2470,0.010489322,0.3364832103252411,-0.005561713983964486,0.2,-6.930469869573911,0.14517415364583333,0.997582197189331,0.4442068040370941,1.1433765477811297,5e-05
452,249,702.7459379900001,6760,3059712,919.25,2480,0.012840028,0.3474128246307373,-0.004322942876994299,0.2,-6.908075762788455,0.15934244791666666,0.9992583990097046,0.443123459815979,0.38111367548505465,5e-05
454,250,692.9052304900001,6762,3072000,906.55,2490,0.012614285,0.26367658376693726,-0.004998283858973688,0.2,-6.8862483382225035,0.15933430989583333,0.9989035129547119,0.4426194727420807,0.6756343815786143,5e-05
455,251,697.16128284,6765,3084288,904.64,2500,0.010081814,0.8052851557731628,-0.0033302187044076466,0.2,-6.872711399197579,0.13307291666666668,0.9983028769493103,0.4421846866607666,1.1683703252424797,5e-05
457,252,684.15518534,6768,3096576,920.49,2510,0.017007716,0.07660771161317825,-0.008079980440379586,0.2,-6.83573133746783,0.210888671875,0.9996693730354309,0.44033560156822205,0.204922424039493,5e-05
459,253,706.9483726200001,6770,3108864,936.91,2520,0.013063663,0.04640967398881912,-0.005311589451351514,0.2,-6.786998940507571,0.17976888020833334,0.99965500831604,0.43878722190856934,0.11682674849871547,5e-05
460,254,721.7076696,6773,3121152,952.09,2530,0.010347591,0.05073493719100952,-0.005498013482186555,0.2,-6.741525070865949,0.1644287109375,0.999657154083252,0.4372202455997467,0.1360961321896563,5e-05
462,255,744.2458448900001,6775,3133440,959.15,2540,0.012194415,0.059044331312179565,-0.006116798942093738,0.2,-6.700956164797147,0.1526123046875,0.9996597766876221,0.4360717833042145,0.13669562437571586,5e-05
464,256,735.40550458,6778,3145728,959.31,2550,0.011778087,0.04107076674699783,-0.00567727654609674,0.2,-6.657663957277934,0.15672200520833332,0.999855637550354,0.43432024121284485,0.10121752929408104,5e-05
465,257,746.2173917099999,6780,3158016,965.77,2560,0.017677786,0.21437059342861176,-0.005840991831792053,0.2,-6.631859091917674,0.18568522135416668,0.9981064200401306,0.43416544795036316,0.32625389432845014,5e-05
467,258,751.97680055,6783,3170304,979.7,2570,0.012018469,0.05040353536605835,-0.004778300154430326,0.2,-6.608384938041369,0.16162109375,0.9998024702072144,0.43279263377189636,0.11322450597460071,5e-05
469,259,769.1651378500001,6785,3182592,986.18,2580,0.011684175,0.043226294219493866,-0.0043181157525395975,0.2,-6.564645464221637,0.13754069010416667,0.999741792678833,0.43128323554992676,0.12404344783475002,5e-05
470,260,793.5081220300002,6787,3194880,985.28,2590,0.014033786,0.07143446058034897,-0.0068746741904760714,0.2,-6.524951545397441,0.17701009114583333,0.9998185634613037,0.4301436245441437,0.11655152418340246,5e-05
472,261,785.06337586,6790,3207168,985.28,2600,0.012124156,0.10355717688798904,-0.005639934614979817,0.2,-6.498645874857902,0.15123697916666667,0.9991637468338013,0.42953646183013916,0.3634781775530428,5e-05
473,262,778.87295879,6793,3219456,985.28,2610,0.011433803,0.02196330949664116,-0.005540670570432364,0.2,-6.462466903527578,0.17828776041666666,0.9998868703842163,0.42807677388191223,0.06251173018633077,5e-05
475,263,758.2098134299999,6795,3231744,969.87,2620,0.014319587,0.03851251304149628,-0.006074993703805376,0.2,-6.418325104316076,0.1765380859375,0.9998074769973755,0.4265843331813812,0.06732763060523818,5e-05
477,264,777.8146298199999,6798,3244032,977.84,2630,0.01563013,0.07548502832651138,-0.004361952344576518,0.2,-6.396911770105362,0.1782470703125,0.9979881644248962,0.42648231983184814,0.4697285937611014,5e-05
478,265,770.6334108899999,6800,3256320,977.84,2640,0.012763667,0.022191207855939865,-0.004239506857508483,0.2,-6.3705585608879725,0.173291015625,0.9998482465744019,0.42512083053588867,0.08754758134794732,5e-05
480,266,752.7043013299999,6802,3268608,969.66,2650,0.015197006,0.01704484596848488,-0.004422670777421445,0.2,-6.330966632564863,0.1781494140625,0.9998987317085266,0.4239570200443268,0.05372063918039203,5e-05
482,267,745.31907648,6797,3280896,962.0,2660,0.013846989,0.030014008283615112,-0.004654917080673234,0.2,-6.309122306108475,0.17808430989583332,0.9990835785865784,0.42369040846824646,0.11123465708612154,5e-05
484,268,711.2351941499999,6796,3293184,940.15,2670,0.01584551,0.0249783992767334,-0.00626944683220548,0.2,-6.283963267008463,0.18289388020833333,0.9997100830078125,0.42256972193717957,0.12223597003612667,5e-05
486,269,714.7727190200001,6796,3305472,938.56,2680,0.01121791,0.5162366628646851,-0.0053030443188617936,0.2,-6.264019346237182,0.14557291666666666,0.9981923699378967,0.4224311411380768,0.6247716272560259,5e-05
488,270,729.02780381,6796,3317760,937.72,2690,0.0129839955,0.047885097563266754,-0.0015052343078423291,0.2,-6.248477166891098,0.19763997395833333,0.9995294213294983,0.4215860664844513,0.1815341250039637,5e-05
489,271,718.9440899,6796,3330048,945.11,2700,0.011264126,0.050971806049346924,-0.005654402310271204,0.2,-6.225858808557192,0.15310872395833333,0.9994270205497742,0.4210840165615082,0.18314201528361687,5e-05
491,272,700.3300660199999,6797,3342336,937.95,2710,0.0155117065,0.09313564002513885,-0.0028338683647840903,0.2,-6.211625335613887,0.18309733072916667,0.9993337988853455,0.4208284318447113,0.16148316581578304,5e-05
493,273,712.4998304599999,6797,3354624,930.84,2720,0.016528817,0.1298944354057312,-0.006288633699781106,0.2,-6.190783673524857,0.170361328125,0.9994005560874939,0.41991034150123596,0.3314536032577356,5e-05
495,274,715.43607523,6799,3366912,939.02,2730,0.014412194,0.18417875468730927,-0.007738374244945589,0.2,-6.168825588623682,0.19881998697916667,0.9989975094795227,0.41960272192955017,0.3646219251056512,5e-05
496,275,704.55932135,6800,3379200,946.68,2740,0.011425772,0.01397702470421791,-0.004403580013604369,0.2,-6.137443578243255,0.16333821614583333,0.9998086094856262,0.418300062417984,0.06949053158362707,5e-05
498,276,714.46596274,6802,3391488,959.97,2750,0.013105323,0.021513739600777626,-0.0054287294212069055,0.2,-6.083736237883568,0.1646728515625,0.9998496174812317,0.41628387570381165,0.07705782554112375,5e-05
500,277,709.2667103900001,6805,3403776,955.5,2760,0.012432971,0.3511129319667816,-0.007686083514515,0.2,-6.050313689311346,0.14978841145833333,0.9881780743598938,0.4158523380756378,1.251592154800892,5e-05
501,278,713.3510321299999,6806,3416064,956.13,2770,0.010419759,0.14845123887062073,-0.004769214403252894,0.2,-6.038965338468552,0.15279947916666667,0.9981078505516052,0.4156225919723511,0.6507147000171244,5e-05
503,279,698.1438151199998,6808,3428352,941.34,2780,0.015309937,0.258329838514328,-0.005353535298005833,0.2,-6.017111692825953,0.1806640625,0.9992876052856445,0.41464996337890625,0.35705687884862225,5e-05
505,280,691.07110194,6810,3440640,940.52,2790,0.013951731,0.16585798561573029,-0.0051552605359271786,0.2,-5.993351379036904,0.220458984375,0.9988136291503906,0.4142632484436035,0.40141196390613915,5e-05
506,281,646.82122917,6812,3452928,907.17,2800,0.014736858,0.04846727102994919,-0.008046887243593422,0.2,-5.976933704813321,0.18412272135416666,0.9957892298698425,0.4137377440929413,0.5635488198293994,5e-05
508,282,629.7195912400001,6814,3465216,892.49,2810,0.012786704,0.20063872635364532,-0.008026780703706512,0.2,-5.961017207304637,0.15010579427083334,0.9942992925643921,0.41339564323425293,1.1266255121367672,5e-05
510,283,648.98345376,6815,3477504,900.97,2820,0.012860681,0.21069389581680298,-0.008182053691901578,0.2,-5.948203218976657,0.19273274739583332,0.9988175630569458,0.4130742847919464,0.34324878204303483,5e-05
511,284,668.6117167799999,6817,3489792,913.86,2830,0.013472083,0.026358164846897125,-0.006200574457276768,0.2,-5.917086450258891,0.2053466796875,0.9998607635498047,0.4116382300853729,0.11464915197187414,5e-05
513,285,628.63838731,6814,3502080,907.54,2840,0.010871105,0.021068338304758072,-0.00495260507062388,0.2,-5.872229244311651,0.17152506510416668,0.9998102188110352,0.41024792194366455,0.06736826982814818,5e-05
515,286,615.83108411,6816,3514368,902.19,2850,0.015105537,0.04286035895347595,-0.005941722812713124,0.2,-5.8392167627811435,0.17434895833333333,0.9994205832481384,0.40952953696250916,0.0959071966043363,5e-05
517,287,625.8493905299999,6818,3526656,909.31,2860,0.022546768,0.09580360352993011,-0.005098821238789242,0.2,-5.82558086613814,0.18758951822916667,0.9988758563995361,0.4093311131000519,0.39778741062618794,5e-05
518,288,645.28969219,6820,3538944,926.37,2870,0.01595504,0.023269101977348328,-0.004276610392844304,0.2,-5.807713201642036,0.1856201171875,0.9997456669807434,0.4083622694015503,0.11679546556745966,5e-05
520,289,695.2281015300001,6822,3551232,944.97,2880,0.011993472,0.03504601866006851,-0.005342955668553865,0.2,-5.788912622133891,0.15690104166666666,0.9991737604141235,0.4079037606716156,0.21083529101063808,5e-05
522,290,705.54072733,6824,3563520,944.26,2890,0.012965422,0.051000941544771194,-0.0036155728385589706,0.2,-5.756902672847112,0.16162923177083333,0.9997369647026062,0.40654656291007996,0.13783022263087333,5e-05
523,291,690.7669491599997,6826,3575808,936.4,2900,0.019539485,0.2508435547351837,-0.0038729952337841194,0.2,-5.734400978684425,0.19312337239583333,0.9989122152328491,0.40653204917907715,0.3848291472609465,5e-05
525,292,698.3218062300001,6828,3588096,936.08,2910,0.014392209,0.05799926817417145,-0.004065974567978022,0.2,-5.73214984635512,0.1878173828125,0.9987821578979492,0.406332403421402,0.21802546807254355,5e-05
527,293,725.7907111700001,6828,3600384,936.08,2920,0.015024406,0.05576106905937195,-0.005452140272730806,0.2,-5.716738423705101,0.1832275390625,0.9995638132095337,0.40567195415496826,0.1893907244162013,5e-05
528,294,730.9650074500001,6830,3612672,944.9,2930,0.011044594,0.020468158647418022,-0.0055827015651933225,0.2,-5.682285162806511,0.164208984375,0.9998965263366699,0.40414533019065857,0.053416832551981014,5e-05
530,295,707.4609733500001,6832,3624960,922.53,2940,0.013115718,0.20697936415672302,-0.006819948062184267,0.2,-5.657469630241394,0.16739908854166666,0.9985190033912659,0.40399983525276184,0.7295458996358017,5e-05
532,296,694.9821167499999,6834,3637248,917.88,2950,0.017407632,0.1827971339225769,-0.005830151160868506,0.2,-5.656985048453013,0.21214192708333332,0.9986462593078613,0.4041562080383301,0.3214399910376718,5e-05
533,297,673.1489216599999,6837,3649536,918.99,2960,0.0117068365,0.18006053566932678,-0.009072836845977388,0.2,-5.650916163126627,0.17073567708333334,0.9966048002243042,0.403740793466568,0.6572182851222654,5e-05
535,298,662.93624593,6839,3661824,915.38,2970,0.013417867,0.13588769733905792,-0.004975403927771064,0.2,-5.637718051671982,0.1912109375,0.9990350604057312,0.4033278226852417,0.46189935312916836,5e-05
537,299,665.82526632,6841,3674112,922.66,2980,0.016277947,0.06642742455005646,-0.006302325979049783,0.2,-5.617520569761594,0.2323486328125,0.9988285899162292,0.4026848077774048,0.21313794868377348,5e-05
538,300,658.24207639,6843,3686400,907.38,2990,0.0129633015,0.08927544206380844,-0.0036854988892931336,0.2,-5.598271017273267,0.19088541666666667,0.9993970990180969,0.4021783769130707,0.26036681439727544,5e-05
540,301,653.70691481,6845,3698688,901.47,3000,0.017469062,0.6467521786689758,-0.005269682716849881,0.2,-5.587440764904022,0.15859375,0.9987954497337341,0.4020296633243561,0.9296551540183524,5e-05
542,302,688.6746820999999,6846,3710976,930.36,3010,0.014425761,0.057187482714653015,-0.005942218829295598,0.2,-5.5676919211943945,0.21148274739583334,0.9994363784790039,0.4010145664215088,0.2529251620483895,5e-05
543,303,686.866914,6848,3723264,937.73,3020,0.019201739,0.17006215453147888,-0.004830828054400627,0.2,-5.545420250296592,0.1940673828125,0.9989601969718933,0.40064457058906555,0.3069893173097322,5e-05
545,304,703.2468877399999,6847,3735552,941.09,3030,0.01333873,0.0487530380487442,-0.004440001703430122,0.2,-5.530073913931846,0.22583821614583333,0.9996931552886963,0.400220662355423,0.11271966152514021,5e-05
549,305,733.7427381299999,6814,3747840,952.98,3040,0.012588133,0.0270196832716465,-0.0037242412159685045,0.2,-5.4914969136317575,0.17783203125,0.9998673796653748,0.398599237203598,0.08998076154384763,5e-05
551,306,766.25358276,6812,3760128,958.98,3050,0.013971196,0.02636301890015602,-0.006898864311612366,0.2,-5.437905630469322,0.18480631510416667,0.9998112916946411,0.3970000743865967,0.12221213290467858,5e-05
553,307,775.57911802,6813,3772416,959.89,3060,0.012926161,0.02174300327897072,-0.007201034584916973,0.2,-5.405041413505872,0.18709309895833334,0.9999107718467712,0.3965660035610199,0.07033331023994834,5e-05
555,308,754.44973277,6815,3784704,965.92,3070,0.019494342,0.06559337675571442,-0.0021382701791784107,0.2,-5.3967000921567285,0.23165690104166667,0.9991275668144226,0.3966323137283325,0.17817331496626138,5e-05
556,309,754.9309132999999,6817,3796992,966.3,3080,0.014594463,0.07652223855257034,-0.008678235801683816,0.2,-5.3905130078395205,0.17395833333333333,0.9979845881462097,0.3963148295879364,0.29952678688180945,5e-05
558,310,733.1579198800001,6819,3809280,951.82,3090,0.014305907,0.08795833587646484,-0.005382564670192854,0.2,-5.375984419385592,0.20231119791666666,0.9985746145248413,0.39583709836006165,0.3609963752174129,5e-05
560,311,747.8299532799999,6817,3821568,944.12,3100,0.023133656,0.4889490604400635,-0.004954372648595987,0.2,-5.366800068815549,0.16966959635416667,0.9972952008247375,0.3957054913043976,1.2292843146560093,5e-05
563,312,733.8205136700002,6807,3833856,930.26,3110,0.014874831,0.18706607818603516,-0.005512818263863058,0.2,-5.36349227130413,0.19925130208333333,0.9988957047462463,0.39576956629753113,0.3627733743128677,5e-05
564,313,695.2250879999999,6809,3846144,923.13,3120,0.015921796,0.08370621502399445,-0.0025260066953099645,0.2,-5.352180502812067,0.22706705729166668,0.9992058873176575,0.39510586857795715,0.33020095811225475,5e-05
566,314,719.9803383100001,6810,3858432,929.45,3130,0.022042418,0.06825023889541626,-0.0030210323389231537,0.2,-5.3320659359296165,0.23916829427083333,0.9996507167816162,0.39466550946235657,0.12895581130093584,5e-05
568,315,719.4193172100001,6810,3870720,937.71,3140,0.016627075,0.08671370148658752,-0.005002434917453987,0.2,-5.314047010739644,0.21818033854166666,0.9996144771575928,0.39418745040893555,0.17138877622007082,5e-05
570,316,722.6121380500001,6811,3883008,937.71,3150,0.013921819,0.1090904027223587,-0.006686051454744301,0.2,-5.295344777901968,0.188623046875,0.9990335702896118,0.39363893866539,0.29642506085025766,5e-05
571,317,710.96290797,6811,3895296,950.07,3160,0.014768022,0.04180604964494705,-0.004942047170576795,0.2,-5.258520311117172,0.1798095703125,0.9997035264968872,0.39224669337272644,0.07354798443460216,5e-05
573,318,706.04285806,6813,3907584,961.64,3170,0.01368847,0.0018648933619260788,-0.0042331184900831435,0.2,-5.2177237311999,0.19239908854166668,0.9998008608818054,0.39116692543029785,0.047342069870016226,5e-05
575,319,715.6613196700002,6815,3919872,969.32,3180,0.015905043,0.0016677342355251312,-0.008123721961358873,0.2,-5.194022214412689,0.20087890625,0.9995954036712646,0.39092934131622314,0.0903061293453599,5e-05
576,320,724.4617929499999,6817,3932160,976.08,3190,0.014673886,0.061582595109939575,-0.006420094270530778,0.2,-5.173795108000437,0.19215494791666668,0.9993544816970825,0.39011383056640625,0.17277963728799176,5e-05
578,321,739.79176964,6818,3944448,982.31,3200,0.014990658,0.1669895350933075,-0.005652700961460747,0.2,-5.15153848429521,0.19586588541666666,0.9993641972541809,0.38965868949890137,0.3644260821243127,5e-05
580,322,716.9702335399998,6820,3956736,974.98,3210,0.014542102,0.12988629937171936,-0.0059955273536616005,0.2,-5.135176214575767,0.17872721354166668,0.9987694025039673,0.3892751932144165,0.6878237842582167,5e-05
581,323,731.6716819000003,6821,3969024,974.91,3220,0.016779924,0.06248819828033447,-0.004592314365921387,0.2,-5.111760340134302,0.22935384114583332,0.9996538758277893,0.38841333985328674,0.140910140494816,5e-05
583,324,732.19820093,6823,3981312,974.91,3230,0.013355866,0.031174946576356888,-0.004311416126438416,0.2,-5.090992150704066,0.17124837239583332,0.9985441565513611,0.3879738748073578,0.3126037913840264,5e-05
585,325,741.70986517,6824,3993600,959.77,3240,0.014446451,0.03466852754354477,-0.004489783141373967,0.2,-5.064519306023915,0.21327311197916668,0.9998775720596313,0.38704967498779297,0.07783130230382085,5e-05
586,326,755.8634643,6825,4005888,954.74,3250,0.015881011,0.07967916131019592,-0.005288971361975806,0.2,-5.047086624304454,0.19275716145833333,0.9994508028030396,0.38700196146965027,0.3506516504411896,5e-05
588,327,739.7716840100002,6826,4018176,943.32,3260,0.015119292,0.09886898100376129,-0.006710161510757946,0.2,-5.0394281327724455,0.1851806640625,0.9990900158882141,0.38657283782958984,0.4615501254486541,5e-05
590,328,705.4199854300001,6828,4030464,936.88,3270,0.013773017,0.7815001010894775,-0.00592786197521491,0.2,-5.025113381942114,0.199267578125,0.997410237789154,0.38624727725982666,0.7245726889154563,5e-05
591,329,670.02575597,6829,4042752,920.38,3280,0.015341285,0.07660020887851715,-0.00818993628733248,0.2,-5.004822774728139,0.18792317708333334,0.9993934631347656,0.3854905366897583,0.29590963244748614,5e-05
593,330,669.5641450700001,6831,4055040,922.41,3290,0.017392498,0.1143934354186058,-0.006292352139037879,0.2,-4.987607398629189,0.20933430989583332,0.9957131147384644,0.38525739312171936,0.5639978488441557,5e-05
595,331,628.2510550899999,6832,4067328,906.68,3300,0.014294408,0.32980987429618835,-0.006828907910676208,0.2,-4.98053837120533,0.18939615885416666,0.9978078603744507,0.38507676124572754,0.36802739937168855,5e-05
597,332,651.33901005,6832,4079616,913.4,3310,0.015377399,0.08525921404361725,-0.009283875859788774,0.2,-4.972155134876569,0.18915201822916666,0.9963467717170715,0.38471150398254395,0.8066332408382247,5e-05
598,333,637.47324083,6834,4091904,900.08,3320,0.017806815,0.358237624168396,-0.008571149970521219,0.2,-4.951912692189216,0.22815755208333333,0.9986187219619751,0.3839010000228882,0.2508548858963574,5e-05
600,334,635.24905379,6835,4104192,908.66,3330,0.013059589,0.07515702396631241,-0.006252349892383791,0.2,-4.931508367260297,0.21663411458333334,0.9976392388343811,0.3835419714450836,0.4521796203373621,5e-05
602,335,640.76362827,6836,4116480,914.51,3340,0.018517466,0.03294634446501732,-0.0021890783663063,0.2,-4.915786893169085,0.23053385416666666,0.9995226860046387,0.3828994929790497,0.11731479074805976,5e-05
603,336,659.77480875,6836,4128768,933.14,3350,0.0142590115,0.01014496199786663,-0.005424782206925253,0.2,-4.888906396428744,0.20375162760416668,0.9997536540031433,0.3821045160293579,0.07157163461282229,5e-05
605,337,701.9897728200001,6838,4141056,934.73,3360,0.013935146,0.12297315895557404,-0.0052048564903088845,0.2,-4.866666175921758,0.19801432291666668,0.9996349215507507,0.3816945254802704,0.19551267405040562,5e-05
607,338,710.2537668699999,6839,4153344,931.31,3370,0.012985483,0.0560760572552681,-0.003100538839013704,0.2,-4.844416776299477,0.19227701822916668,0.9996790885925293,0.38105276226997375,0.10858491164787362,5e-05
608,339,715.81437334,6841,4165632,940.34,3380,0.014274981,0.24505655467510223,-0.004316369185592824,0.2,-4.822975357373555,0.18020833333333333,0.999052882194519,0.3806252181529999,0.46305740661919115,5e-05
610,340,693.3846874800003,6843,4177920,933.45,3390,0.015335899,0.062148354947566986,-0.0005865341930378539,0.2,-4.809155668814977,0.23292643229166668,0.9995476007461548,0.38036665320396423,0.12919812188483776,5e-05
612,341,712.1878315299999,6844,4190208,946.59,3400,0.016549207,0.25839686393737793,-0.007449762670633694,0.2,-4.806260521213214,0.19580078125,0.9979962706565857,0.3805738389492035,0.5591790416588386,5e-05
613,342,703.0979937099999,6846,4202496,943.71,3410,0.017678306,0.22704289853572845,-0.0036213543852985216,0.2,-4.8120002835989,0.20753580729166668,0.9981033802032471,0.3808620870113373,0.8718735526005427,5e-05
615,343,693.79424667,6847,4214784,931.96,3420,0.018235074,0.08490081131458282,-0.004863881344499532,0.2,-4.808724108338356,0.24560546875,0.9990817904472351,0.3805728852748871,0.1677951335363711,5e-05
617,344,678.5530104599999,6849,4227072,935.64,3430,0.014351964,0.1512620896100998,-0.006368524334781493,0.2,-4.8013074199358625,0.19873046875,0.997473955154419,0.38058027625083923,0.5083015927424034,5e-05
618,345,675.13459791,6849,4239360,934.51,3440,0.0139776105,0.05800770968198776,-0.0049497536310809664,0.2,-4.793382694323857,0.20010579427083333,0.9991082549095154,0.38023772835731506,0.35421294351108373,5e-05
621,346,692.21541999,6845,4251648,934.14,3450,0.01667106,0.30878210067749023,-0.0033124068708275446,0.2,-4.78699696858724,0.19659830729166666,0.9987072348594666,0.3800872564315796,0.6412524376685421,5e-05
630,347,671.0596049299999,6763,4263936,933.93,3460,0.016647892,0.016674857586622238,-0.0021500240017000277,0.2,-4.77779936293761,0.233740234375,0.9995728731155396,0.3797905445098877,0.12648858462926,5e-05
635,348,669.5425604499999,6730,4276224,942.38,3470,0.013205751,0.20545661449432373,-0.0014946260664146394,0.2,-4.773371600111326,0.22347819010416667,0.9990894794464111,0.3798558712005615,0.21730466481142988,5e-05
637,349,666.40422223,6723,4288512,941.98,3480,0.016181855,0.027523398399353027,-0.0046860354661475865,0.2,-4.7558709442615505,0.22337239583333332,0.9988530278205872,0.3789852559566498,0.24364197543667007,5e-05
640,350,684.3168975399999,6717,4300800,929.22,3490,0.016241878,0.3554893732070923,-0.005431556622109686,0.2,-4.733786116043727,0.21217447916666668,0.9992395639419556,0.3787374496459961,0.2790988121492167,5e-05
642,351,710.1366623499998,6710,4313088,938.41,3500,0.017691934,0.28006240725517273,-0.006439162762641597,0.2,-4.729609906673431,0.21287434895833332,0.9989330768585205,0.37865105271339417,0.35519342087209227,5e-05
644,352,716.5804757299999,6710,4325376,943.69,3510,0.015539095,0.07053831219673157,-0.0024199292049161157,0.2,-4.709543809294701,0.21092936197916667,0.9997321963310242,0.3776719570159912,0.209742408269085,5e-05
646,353,713.3538047699999,6712,4337664,950.04,3520,0.012677436,0.03890771046280861,-0.004631236385224232,0.2,-4.67227080265681,0.18505045572916667,0.999916136264801,0.37649908661842346,0.06261710090717922,5e-05
647,354,717.3463111500001,6714,4349952,941.61,3530,0.016220031,0.09809332340955734,-0.0025229160232508245,0.2,-4.648274814089139,0.21993001302083334,0.9984918236732483,0.3762992322444916,0.33180633125205833,5e-05
649,355,749.47790031,6715,4362240,941.07,3540,0.0122273555,0.06461429595947266,-0.011032561784183296,0.2,-4.645358569423357,0.14142252604166666,0.9959375858306885,0.3763406276702881,1.156201925377051,5e-05
651,356,745.7983563799999,6717,4374528,939.11,3550,0.014198544,0.09730424731969833,-0.008801267904345877,0.2,-4.638964485128721,0.200927734375,0.9965797662734985,0.37585750222206116,0.4662132112076506,5e-05
652,357,733.4502290199998,6719,4386816,929.72,3560,0.015477394,0.08453810960054398,-0.004507070249140573,0.2,-4.6272937585910165,0.239453125,0.9986278414726257,0.37580880522727966,0.39365954729728403,5e-05
654,358,722.3366474599998,6721,4399104,935.85,3570,0.01637025,0.04909560829401016,-0.004120515127336451,0.2,-4.6152002066373825,0.24129231770833334,0.9996320605278015,0.3752259910106659,0.17017649441647034,5e-05
656,359,709.35621532,6722,4411392,934.36,3580,0.014466974,0.038584016263484955,-0.0031898403418987678,0.2,-4.579097548127175,0.19861653645833333,0.999579906463623,0.3736439049243927,0.10523862535289179,5e-05
658,360,694.98331097,6722,4423680,918.56,3590,0.016147867,0.03481400012969971,-0.0026699769378562147,0.2,-4.556618209679922,0.22994791666666667,0.998903214931488,0.37372279167175293,0.13714098046378542,5e-05
659,361,689.29575643,6724,4435968,925.22,3600,0.015252563,0.18071511387825012,-0.004937754987137547,0.2,-4.551742149392764,0.20432942708333332,0.9989985227584839,0.3734937608242035,0.294980825856328,5e-05
661,362,684.7323236899999,6726,4448256,935.19,3610,0.012294933,0.012782774865627289,-0.004218294214418468,0.2,-4.532320710023244,0.18775227864583333,0.9998201131820679,0.37302932143211365,0.09424673538499823,5e-05
662,363,674.8273021599999,6728,4460544,921.82,3620,0.019728513,0.04180140420794487,-0.002195297995058354,0.2,-4.512775242328644,0.204736328125,0.9997925162315369,0.3726906478404999,0.0816229770037656,5e-05
664,364,661.2524923,6730,4472832,898.83,3630,0.015079345,0.09996703267097473,-0.00633433577750111,0.2,-4.496434296170871,0.199072265625,0.9994894862174988,0.3722800314426422,0.2170656011129419,5e-05
666,365,679.40760892,6733,4485120,895.31,3640,0.015044287,0.2387775033712387,-0.003614301713484262,0.2,-4.490903043746949,0.17266438802083334,0.997307538986206,0.3724937438964844,1.0717522326856852,5e-05
667,366,666.94654012,6735,4497408,895.01,3650,0.024269903,0.15981081128120422,-0.0029848155628618162,0.2,-4.495595217744509,0.25253092447916664,0.9991602897644043,0.37260523438453674,0.28736603879369793,5e-05
669,367,681.8876234700001,6737,4509696,900.76,3660,0.019677645,0.08821726590394974,-0.0023253552111176154,0.2,-4.49500375688076,0.2370849609375,0.9986816048622131,0.3726762533187866,0.25985370432026683,5e-05
670,368,671.84405837,6739,4521984,898.73,3670,0.0155006945,0.027056273072957993,-0.004377926351541343,0.2,-4.477354755004247,0.188232421875,0.9999023675918579,0.3715780973434448,0.05957103461648027,5e-05
672,369,682.6094946399999,6741,4534272,897.81,3680,0.011244881,0.36382392048835754,-0.007281706575546802,0.2,-4.452415521939596,0.179833984375,0.9990297555923462,0.37111684679985046,0.661472300471117,5e-05
674,370,694.4127319099998,6744,4546560,905.65,3690,0.016415523,0.028236882761120796,-0.0009160406615895529,0.2,-4.4357002675533295,0.2313232421875,0.999594509601593,0.3705028295516968,0.14863286540688325,5e-05
675,371,714.34244869,6746,4558848,931.99,3700,0.014007025,0.013157593086361885,-0.005583931600995129,0.2,-4.4124968906243645,0.2157958984375,0.9999021887779236,0.3700043857097626,0.038259824419704574,5e-05
677,372,741.9505419199999,6748,4571136,965.78,3710,0.013075235,0.007815241813659668,-0.004076419330764717,0.2,-4.385680162906647,0.1825927734375,0.9999337196350098,0.36920180916786194,0.04352252775182327,5e-05
678,373,752.4308794100001,6750,4583424,974.07,3720,0.014142985,-0.010632084682583809,-0.005933233514952008,0.2,-4.358864651123683,0.1839111328125,0.9999262690544128,0.36864277720451355,0.03776315554277972,5e-05
680,374,735.4786153200001,6752,4595712,965.22,3730,0.014188255,0.020616495981812477,-0.0026567330098866177,0.2,-4.346742181976636,0.19717610677083333,0.9995612502098083,0.36863288283348083,0.0812906269604961,5e-05
682,375,741.4945178799999,6754,4608000,965.22,3740,0.015993588,0.14278195798397064,-0.004532756094219318,0.2,-4.343309544523557,0.2054931640625,0.9987161755561829,0.36845457553863525,0.48431757438617445,5e-05
683,376,746.7437913300001,6757,4620288,967.96,3750,0.015356076,0.014293612912297249,-0.0022452749991013357,0.2,-4.331393686930339,0.1961181640625,0.999826967716217,0.36799606680870056,0.07331074728475263,5e-05
685,377,739.3096869399998,6759,4632576,973.44,3760,0.016718747,0.09139016270637512,-0.006790463144231277,0.2,-4.325691165526708,0.18776041666666668,0.9987859129905701,0.36837053298950195,0.4630675212945789,5e-05
686,378,750.7269119399998,6761,4644864,957.26,3770,0.014651262,0.0206559207290411,-0.005719295943466326,0.2,-4.316161745786667,0.204296875,0.9998948574066162,0.3677612245082855,0.05326962666974092,5e-05
688,379,747.4691062400001,6763,4657152,949.85,3780,0.014243488,0.2096097469329834,-0.0035955743728360782,0.2,-4.308571718136469,0.19303385416666666,0.9961017370223999,0.3681512176990509,0.691049144975841,5e-05
690,380,731.12050593,6765,4669440,949.85,3790,0.019950448,0.10725738108158112,-0.002877303513135606,0.2,-4.307521789272626,0.2302001953125,0.9993113279342651,0.3678475618362427,0.4097098373807967,5e-05
691,381,739.2179727099999,6766,4681728,950.12,3800,0.017234841,0.043524906039237976,-0.0036300936447029625,0.2,-4.300231688221296,0.22826334635416667,0.9992247223854065,0.36784863471984863,0.1202418699200886,5e-05
693,382,747.9857786499998,6767,4694016,958.97,3810,0.016218586,0.056249428540468216,-0.0028188014034337054,0.2,-4.290748112400373,0.21769205729166666,0.9996276497840881,0.36750757694244385,0.14499969924023995,5e-05
695,383,741.5129445299998,6769,4706304,944.41,3820,0.01896239,0.03155229240655899,-0.003053816755709704,0.2,-4.277791899442673,0.2167724609375,0.9994022250175476,0.36712607741355896,0.18892755783163012,5e-05
696,384,760.7781863699998,6770,4718592,951.98,3830,0.015916996,0.033726971596479416,-0.00575643495588641,0.2,-4.262548292676608,0.205810546875,0.9997169375419617,0.36668506264686584,0.22839357261545956,5e-05
698,385,775.02830083,6773,4730880,951.98,3840,0.018422244,0.1283644437789917,-0.004055711053903603,0.2,-4.245650136470795,0.2075439453125,0.9995675086975098,0.3660701811313629,0.2916957577224821,5e-05
700,386,769.4449965099999,6775,4743168,968.16,3850,0.017048853,0.012941943481564522,-0.0036703814941574818,0.2,-4.222303136189779,0.22875162760416667,0.9998636245727539,0.3655095100402832,0.06171421559217075,5e-05
701,387,780.9730359700001,6776,4755456,975.57,3860,0.014414611,0.01929479092359543,-0.005190661957021803,0.2,-4.192681577801705,0.20157877604166666,0.9999375343322754,0.36466649174690247,0.04478919257720312,5e-05
703,388,776.0169098900001,6777,4767744,983.67,3870,0.012577337,-0.011346778832376003,-0.004897277658164967,0.2,-4.155817557374636,0.16417643229166667,0.9998743534088135,0.36338117718696594,0.03551338352262974,5e-05
705,389,754.4663253499999,6778,4780032,983.67,3880,0.01735528,0.012376474216580391,-0.005987213136783491,0.2,-4.120622170964877,0.16959635416666666,0.9997765421867371,0.36267173290252686,0.02799309097851316,5e-05
706,390,738.2687625500001,6780,4792320,975.85,3890,0.014592866,0.014496595598757267,-0.0049100512250637015,0.2,-4.103918343782425,0.19554850260416667,0.9998608231544495,0.3625473082065582,0.029034095583483577,5e-05
708,391,750.9519698299998,6782,4804608,981.87,3900,0.014178045,0.5306358337402344,-0.005250741462805309,0.2,-4.099988227089246,0.21204427083333333,0.9990416765213013,0.3624836504459381,0.28017213923546175,5e-05
709,392,709.35525101,6784,4816896,975.97,3910,0.014424997,0.012887422926723957,-0.0032285752221165847,0.2,-4.086074899633726,0.19986165364583333,0.9999405741691589,0.36195364594459534,0.03108472980093211,5e-05
711,393,702.95910629,6786,4829184,968.85,3920,0.018475058,0.06859184801578522,-0.0039824476814828815,0.2,-4.08115257024765,0.237353515625,0.9990289211273193,0.3622342050075531,0.15881367315305397,5e-05
713,394,685.7524307200001,6788,4841472,961.09,3930,0.013704863,0.05286293104290962,-0.0032121586191351525,0.2,-4.078714405496915,0.2150390625,0.9995946884155273,0.3618525564670563,0.1753231069034276,5e-05
714,395,685.96914708,6790,4853760,961.09,3940,0.016787449,0.06324993073940277,-0.0036026871855331893,0.2,-4.063150608539582,0.21223958333333334,0.9997266530990601,0.36136773228645325,0.16274939316790552,5e-05
716,396,689.6477255600001,6792,4866048,961.09,3950,0.017399395,0.18728867173194885,-0.0022147187080311897,0.2,-4.049356457591057,0.24078776041666666,0.9985761642456055,0.3610568046569824,0.3010698568774387,5e-05
717,397,699.8991672999999,6794,4878336,961.09,3960,0.01671869,0.041611094027757645,-0.00413162414818847,0.2,-4.033360790212949,0.2189697265625,0.9994534254074097,0.3605615198612213,0.15040209621268635,5e-05
719,398,718.37246576,6796,4890624,976.85,3970,0.01369216,0.2450232356786728,-0.00032495522439906686,0.2,-4.021327167749405,0.23377278645833333,0.9987832307815552,0.3605337142944336,0.3058520744011427,5e-05
721,399,725.0906897600001,6796,4902912,976.85,3980,0.019852327,0.061897557228803635,-0.002052252795935298,0.2,-4.018719729781151,0.2566650390625,0.9992314577102661,0.36047014594078064,0.19008225138143947,5e-05
722,400,746.25403678,6798,4915200,984.52,3990,0.0155453235,0.015381057746708393,-0.00665328061246934,0.2,-3.9967178791761397,0.2105224609375,0.9999439716339111,0.3596171438694,0.024676884464376294,5e-05
724,401,745.2548585399999,6799,4927488,991.01,4000,0.015054945,0.11809561401605606,-0.0045644063643218635,0.2,-3.97234937051932,0.21246744791666666,0.9983384609222412,0.3590879440307617,0.5428795951418579,5e-05
726,402,751.27407115,6801,4939776,990.88,4010,0.016867971,0.012978234328329563,-0.002951293199051482,0.2,-3.9582193717360497,0.21874186197916667,0.9998086094856262,0.35893210768699646,0.05933197854319587,5e-05
727,403,735.6393377400001,6803,4952064,985.33,4020,0.015928451,0.2983645498752594,-0.004509993897469636,0.2,-3.951203308502833,0.2211181640625,0.9969763159751892,0.3587992489337921,1.0121082412699858,5e-05
729,404,748.1568451799998,6801,4964352,985.33,4030,0.016568387,0.012883240357041359,-0.0010485234471464841,0.2,-3.941396820048491,0.24505208333333334,0.999622642993927,0.35835790634155273,0.09799831757166734,5e-05
731,405,770.3346338699998,6801,4976640,985.33,4040,0.013876324,0.01834903657436371,-0.002558514197880868,0.2,-3.9169503341118497,0.20150553385416667,0.9999218583106995,0.3576067388057709,0.03635294949635863,5e-05
733,406,758.1721704800002,6802,4988928,981.37,4050,0.011463515,0.0022571654990315437,-0.002917659158022919,0.2,-3.8842571452260017,0.18629557291666668,0.9998711943626404,0.3568741977214813,0.03971832343765224,5e-05
734,407,742.3790269,6804,5001216,981.37,4060,0.015368083,0.012280609458684921,-0.003296009093658843,0.2,-3.8653597171107927,0.19463704427083334,0.9995800256729126,0.3566381633281708,0.1291107536565202,5e-05
737,408,725.16506783,6795,5013504,978.59,4070,0.016477631,0.010541264899075031,-0.0030514765482318276,0.2,-3.846613063911597,0.21199544270833334,0.9998728036880493,0.3559953272342682,0.03458035208944542,5e-05
739,409,717.99332141,6796,5025792,970.33,4080,0.017369486,0.039444275200366974,-0.004701404648949392,0.2,-3.8260795866449673,0.25210774739583336,0.9995333552360535,0.3556295931339264,0.08875722248728077,5e-05
741,410,735.7442714599998,6797,5038080,974.06,4090,0.024021873,0.10028782486915588,-0.0019241748076941198,0.2,-3.81859575510025,0.25765787760416664,0.9977696537971497,0.3557283878326416,0.2866039844462648,5e-05
742,411,754.0558412400001,6798,5050368,978.22,4100,0.015445844,0.017787184566259384,-0.004580177746538539,0.2,-3.805707054833571,0.21704915364583333,0.9998809695243835,0.35498297214508057,0.07028056766527395,5e-05
744,412,744.8899825599999,6800,5062656,971.37,4110,0.019244477,0.0036736149340867996,-0.00631628007395193,0.2,-3.7825672005613646,0.22339680989583333,0.9998321533203125,0.35433730483055115,0.06439636112966886,5e-05
746,413,718.4121025699999,6801,5074944,971.37,4120,0.014253177,0.6679702401161194,-0.005434549009078182,0.2,-3.770748710135619,0.20032552083333333,0.994159460067749,0.3542979061603546,0.7132397487138709,5e-05
747,414,701.9299776299999,6803,5087232,975.93,4130,0.015531282,0.005476669874042273,-0.0012097501547638481,0.2,-3.7518195246656734,0.211181640625,0.9998977184295654,0.3534538745880127,0.026918849005596712,5e-05
749,415,703.7300449200001,6804,5099520,969.13,4140,0.017809307,0.0019891103729605675,-0.004198081484840562,0.2,-3.7185014098882676,0.19794921875,0.9999359250068665,0.3527301251888275,0.02359230745350942,5e-05
751,416,703.09335109,6806,5111808,968.3,4150,0.018361628,0.007056280970573425,-0.0004809772008835959,0.2,-3.697144760688146,0.2537027994791667,0.9995760321617126,0.3525054454803467,0.05733988472881416,5e-05
752,417,703.61296011,6806,5124096,969.33,4160,0.020611363,0.010455835610628128,-0.0030754484372058264,0.2,-3.6872710729638736,0.23592122395833334,0.9995089173316956,0.35229912400245667,0.15236070515044656,5e-05
754,418,705.3446144399999,6808,5136384,969.33,4170,0.014704664,0.060174718499183655,-0.003975384455407039,0.2,-3.6794120023647943,0.2209228515625,0.9996978044509888,0.35208234190940857,0.13082582810893656,5e-05
756,419,682.8098393300002,6809,5148672,961.88,4180,0.016568257,0.015396197326481342,-0.0059145835191884545,0.2,-3.6708164980014164,0.22066243489583334,0.9993671774864197,0.35184940695762634,0.19831573823466897,5e-05
757,420,716.9289736199999,6811,5160960,974.28,4190,0.01726593,0.0013325195759534836,-0.005388743362709647,0.2,-3.6499597604076066,0.21752115885416667,0.9996116757392883,0.3509562909603119,0.07708505425835029,5e-05
759,421,728.19395745,6813,5173248,958.39,4200,0.017269006,0.015835637226700783,-0.004087272132649863,0.2,-3.612752592066924,0.20843098958333334,0.9999244809150696,0.3497530519962311,0.035844235820695756,5e-05
760,422,754.90745359,6815,5185536,958.39,4210,0.013652853,0.0734827071428299,-0.002741735196711185,0.2,-3.5931912173827487,0.2169677734375,0.9988542199134827,0.3496500253677368,0.1902762866501386,5e-05
762,423,760.75477733,6816,5197824,957.96,4220,0.016287345,0.026538491249084473,-0.005160616825257118,0.2,-3.5824477046728136,0.21503092447916666,0.9990726709365845,0.3492288291454315,0.1306651568855159,5e-05
764,424,791.0281259100001,6818,5210112,961.57,4230,0.013521865,0.019621701911091805,-0.0021117639218573457,0.2,-3.5565058921774226,0.20088704427083334,0.9998138546943665,0.34851983189582825,0.061511090281419455,5e-05
765,425,776.25109522,6820,5222400,969.43,4240,0.012185815,-0.0011793915182352066,-0.0029733513093863923,0.2,-3.5209412306547163,0.18203938802083333,0.9998883008956909,0.3474055230617523,0.023902395055241263,5e-05
767,426,763.36577476,6821,5234688,968.94,4250,0.0165973,0.011857918463647366,-0.001560726643462355,0.2,-3.49959271500508,0.2184326171875,0.9998404383659363,0.34744349122047424,0.03294295743689872,5e-05
768,427,748.25478094,6823,5246976,968.94,4260,0.017354956,0.0022722259163856506,-0.0034650117236499985,0.2,-3.498351467649142,0.2250244140625,0.9999154210090637,0.3474240303039551,0.030663558516729004,5e-05
770,428,744.9555517199999,6824,5259264,962.66,4270,0.018182606,-0.014358296059072018,-0.005811473633123872,0.2,-3.478154781957467,0.20087890625,0.9999449849128723,0.34638774394989014,0.04141193760248522,5e-05
772,429,758.03423108,6825,5271552,978.55,4280,0.013529821,0.0007864683866500854,-0.005017830244226692,0.2,-3.4480679889520007,0.19676920572916667,0.9999191164970398,0.3458158075809479,0.04037668686166095,5e-05
773,430,745.3456685600001,6827,5283840,985.78,4290,0.015831381,-0.00553235225379467,-0.0035672589343448634,0.2,-3.4251296654343606,0.22714029947916667,0.9999319911003113,0.34516558051109314,0.03310493248087975,5e-05
775,431,717.6163545100001,6828,5296128,985.31,4300,0.012614558,-6.947293877601624e-05,-0.004245100894089167,0.2,-3.3957481016715367,0.19576009114583334,0.999969482421875,0.3444017469882965,0.013158742310285259,5e-05
777,432,714.22513626,6830,5308416,972.41,4310,0.015198336,0.0025325482711195946,-0.0010564916422784638,0.2,-3.3659042596817015,0.23614908854166666,0.9998818635940552,0.3436743915081024,0.02452953645066979,5e-05
778,433,698.0265557299999,6831,5320704,955.11,4320,0.018875856,0.048370055854320526,-0.004926383957596651,0.2,-3.3501728291312856,0.22388509114583333,0.9979775547981262,0.34358009696006775,0.27548447649460284,5e-05
780,434,669.7555440399998,6830,5332992,931.89,4330,0.0209158,0.335970401763916,-0.0037955345556838437,0.2,-3.3459432164827985,0.25401204427083335,0.9973031282424927,0.3434930741786957,0.5217159638414159,5e-05
782,435,666.8412851100002,6831,5345280,924.09,4340,0.020544194,0.11078768968582153,-0.00482182802419023,0.2,-3.3487139667073884,0.23822428385416666,0.9986645579338074,0.3437148630619049,0.354321310762316,5e-05
784,436,692.63799976,6832,5357568,919.11,4350,0.021475082,0.05878017842769623,-0.004751360054554728,0.2,-3.347547165552775,0.2612223307291667,0.9995354413986206,0.34341320395469666,0.200116711241814,5e-05
785,437,656.0711483399999,6833,5369856,889.27,4360,0.02012084,0.26152974367141724,-0.001763055791767935,0.2,-3.336899154384931,0.24334309895833334,0.99953693151474,0.343136191368103,0.334970484720543,5e-05
787,438,648.7524633699999,6834,5382144,881.44,4370,0.021627238,0.1559717357158661,-0.003282933864829829,0.2,-3.330675855278969,0.24666341145833334,0.9972376823425293,0.34312641620635986,0.38929741075262425,5e-05
789,439,661.8709373899999,6836,5394432,894.34,4380,0.022120394,0.0037033148109912872,-0.006938686711752477,0.2,-3.327182999253273,0.2693684895833333,0.999430239200592,0.34303173422813416,0.10062650022058127,5e-05
790,440,647.3889789199999,6838,5406720,881.82,4390,0.014796282,-0.013157099485397339,-0.0038517902881721965,0.2,-3.304636305073897,0.21350911458333333,0.9999379515647888,0.3422130048274994,0.02250215213280171,5e-05
792,441,653.64900466,6838,5419008,901.19,4400,0.025908167,0.1319306343793869,-0.00738069604994962,0.2,-3.2801429077982904,0.26728515625,0.9980918169021606,0.34178686141967773,0.3471089136476318,5e-05
793,442,652.17766613,6840,5431296,915.14,4410,0.019584414,0.028649263083934784,-0.006376020720805778,0.2,-3.2717855378985403,0.23651529947916666,0.9993742108345032,0.3417109549045563,0.19050206134561448,5e-05
795,443,662.1482165,6840,5443584,921.46,4420,0.020978183,0.05796976387500763,-0.002262755489452199,0.2,-3.261523128549258,0.22477213541666666,0.9994699954986572,0.34141412377357483,0.19848418926509717,5e-05
797,444,649.8586554099999,6841,5455872,924.98,4430,0.014691174,0.016215039417147636,-0.005391125574048298,0.2,-3.2425642728805544,0.2156494140625,0.9999442100524902,0.34108853340148926,0.02806225128782292,5e-05
799,445,669.3697768499999,6842,5468160,934.35,4440,0.016263435,0.04347962513566017,-0.00268143763144811,0.2,-3.235483613610268,0.21228841145833333,0.9995735287666321,0.34098371863365173,0.204118131667686,5e-05
800,446,681.72236991,6843,5480448,942.65,4450,0.020551613,0.054597560316324234,-0.007218096036134132,0.2,-3.2326984614133836,0.2057861328125,0.9979566931724548,0.340909868478775,0.461016002142181,5e-05
802,447,676.0713470100002,6843,5492736,943.18,4460,0.015439975,0.0025435350835323334,-0.0034530666588883227,0.2,-3.2119961445530256,0.21640625,0.9999309778213501,0.3398667871952057,0.03618341364975398,5e-05
804,448,706.9307124100001,6843,5505024,941.54,4470,0.0156888,0.0024058911949396133,-0.0029643971400219018,0.2,-3.188339106241862,0.21964518229166666,0.9998462796211243,0.33939823508262634,0.04778681022192662,5e-05
806,449,690.17184514,6843,5517312,923.78,4480,0.01719922,0.27975448966026306,-0.004602714072583088,0.2,-3.178925143678983,0.20524088541666666,0.9976567625999451,0.33945655822753906,0.8458788147196173,5e-05
807,450,641.54612163,6843,5529600,918.64,4490,0.018327674,0.10206431150436401,-0.0013811560017832865,0.2,-3.171977170308431,0.244580078125,0.9991304278373718,0.33913472294807434,0.22531322428646186,5e-05
809,451,619.52520527,6844,5541888,907.32,4500,0.020591935,0.005472635850310326,-0.004116520927588378,0.2,-3.154131812353929,0.28594563802083334,0.999485433101654,0.33864662051200867,0.10111858509480953,5e-05
811,452,613.3972851899999,6845,5554176,905.3,4510,0.02146064,0.1416175812482834,-0.005119996551851121,0.2,-3.1425755485892295,0.20821940104166667,0.9987297654151917,0.33870387077331543,0.34949676183362804,5e-05
813,453,598.77515434,6846,5566464,888.02,4520,0.015856454,0.29110458493232727,-0.007364259167419126,0.2,-3.137690050403277,0.22808430989583334,0.9976149797439575,0.33850035071372986,0.7473466468043626,5e-05
814,454,587.9115798,6847,5578752,864.08,4530,0.019592274,0.051808446645736694,-0.0027412517025368287,0.2,-3.137729428211848,0.2785237630208333,0.9992127418518066,0.3387620747089386,0.24050152578080694,5e-05
816,455,606.00860617,6849,5591040,867.37,4540,0.017195882,0.1433240920305252,-0.004459844240530705,0.2,-3.139870169262091,0.20525716145833334,0.9989827275276184,0.3385895788669586,0.4673613501402239,5e-05
817,456,610.7453711200001,6850,5603328,883.69,4550,0.016734341,0.39478015899658203,-0.006553854472197903,0.2,-3.133519420524438,0.20458984375,0.9979748129844666,0.33838316798210144,1.4124572252854706,5e-05
819,457,638.2068910900001,6852,5615616,888.83,4560,0.02195098,0.07129080593585968,-0.003686890254903119,0.2,-3.119699969391028,0.2876220703125,0.999293327331543,0.3379478454589844,0.19797760501969605,5e-05
821,458,682.7362581999998,6853,5627904,900.15,4570,0.02079955,0.005622010678052902,-0.0022081766782018047,0.2,-3.0896363149086636,0.24686686197916666,0.9999171495437622,0.3371589183807373,0.0725027891729648,5e-05
822,459,686.8399111,6854,5640192,898.91,4580,0.019135054,0.029207410290837288,-0.00023868190473876893,0.2,-3.056158601740996,0.2255859375,0.9999135136604309,0.3363009989261627,0.054674157352807624,5e-05
824,460,709.57656151,6855,5652480,922.37,4590,0.01685712,0.017649680376052856,-0.007134569882570455,0.2,-3.0325841933488844,0.2097900390625,0.9993339776992798,0.33602216839790344,0.11821622911763068,5e-05
826,461,730.8516971799999,6856,5664768,941.75,4600,0.017027311,0.00943055935204029,-0.0037096422204437357,0.2,-3.0177474578221637,0.2297607421875,0.9998520612716675,0.33554232120513916,0.03480204421988067,5e-05
827,462,729.1776603200001,6857,5677056,949.75,4610,0.026434055,0.22290445864200592,-0.003420042163634207,0.2,-3.006545519332091,0.241455078125,0.9991252422332764,0.3353407382965088,0.2790212930024912,5e-05
829,463,741.9975701000002,6858,5689344,969.45,4620,0.01724675,0.0781136155128479,-0.0065290015564338924,0.2,-3.006394197046757,0.2197509765625,0.9990115165710449,0.33560600876808167,0.18780689961276947,5e-05
831,464,758.6205049000001,6856,5701632,977.5,4630,0.013534323,0.013651357032358646,-0.0028544674520768845,0.2,-2.9933658798535663,0.22604166666666667,0.9999383687973022,0.33495357632637024,0.0349632688681595,5e-05
833,465,762.53132899,6853,5713920,977.5,4640,0.02102157,0.027991224080324173,-0.001557591848541051,0.2,-2.9759858136375743,0.2841389973958333,0.99978107213974,0.3347741663455963,0.051680436710982276,5e-05
835,466,729.5682094399999,6854,5726208,970.54,4650,0.014029634,5.235336720943451e-05,-0.003604890314939742,0.2,-2.9559555972615876,0.18688151041666667,0.9999116659164429,0.33382952213287354,0.025723788037430494,5e-05
836,467,724.6589791,6856,5738496,963.94,4660,0.020710133,0.0062685273587703705,-0.0044730995204493714,0.2,-2.929980633656184,0.2157470703125,0.9996997117996216,0.33352574706077576,0.0946276341448538,5e-05
838,468,729.4824262000001,6856,5750784,954.08,4670,0.017818322,0.2906860113143921,-0.0028977030796037678,0.2,-2.910281190772851,0.24380696614583333,0.9996947646141052,0.3330114185810089,0.14044130920665338,5e-05
840,469,750.7869945499999,6857,5763072,954.26,4680,0.021524007,0.10370448231697083,-0.006163643149193376,0.2,-2.901801518102487,0.22201334635416667,0.9983579516410828,0.33309295773506165,0.6871629211120307,5e-05
841,470,727.83926451,6859,5775360,947.12,4690,0.020213155,0.09406563639640808,-0.0060640819540518955,0.2,-2.902367967367172,0.24298502604166666,0.9995107650756836,0.33293136954307556,0.2302566606629019,5e-05
843,471,701.05523398,6861,5787648,942.16,4700,0.021195436,0.1279488354921341,-0.003978684089088347,0.2,-2.8923756579558053,0.26372884114583334,0.9974706768989563,0.3325659930706024,0.5421650020405651,5e-05
845,472,688.7766757100002,6862,5799936,939.14,4710,0.017079437,0.018194183707237244,-0.004273462657389852,0.2,-2.8786111777027448,0.2571044921875,0.9981797933578491,0.3321336805820465,0.1643860793362061,5e-05
846,473,696.36695495,6864,5812224,939.14,4720,0.021891298,0.03212221711874008,-0.005460282069301077,0.2,-2.8691591074069343,0.2588623046875,0.9994972348213196,0.3319152295589447,0.10557132573643078,5e-05
848,474,697.3501159,6864,5824512,946.01,4730,0.015603904,0.02298673242330551,-0.003196906246012077,0.2,-2.869113942484061,0.2135986328125,0.9998794794082642,0.33197394013404846,0.031544458602244654,5e-05
850,475,681.39402541,6865,5836800,945.37,4740,0.017066104,0.01803368516266346,-0.0024337405203065524,0.2,-2.85875284721454,0.25616861979166666,0.999702513217926,0.3314366042613983,0.03988140365108848,5e-05
851,476,680.30821424,6867,5849088,944.16,4750,0.01808828,0.10609292984008789,-0.006721328120329417,0.2,-2.844554512699445,0.2426025390625,0.9986205697059631,0.33137059211730957,0.26197913110566634,5e-05
853,477,687.4299715100001,6869,5861376,942.46,4760,0.019223856,0.015320475213229656,-0.009759655747620855,0.2,-2.8380228305856385,0.22080078125,0.9997251629829407,0.3312578797340393,0.16924405541891854,5e-05
854,478,711.34652912,6870,5873664,955.62,4770,0.016581522,0.025805793702602386,-0.0053958900563884525,0.2,-2.822933675845464,0.23682454427083333,0.9998363852500916,0.33068549633026123,0.060399488910722235,5e-05
856,479,719.61979468,6872,5885952,943.82,4780,0.01562144,0.011739370413124561,-0.006346877486309192,0.2,-2.7925953696171444,0.2392578125,0.999906599521637,0.32971468567848206,0.046875506455156334,5e-05
858,480,726.2362859899999,6873,5898240,943.82,4790,0.017519265,0.05483176186680794,-0.0022502186067868022,0.2,-2.7597282563646632,0.20289713541666668,0.9998390674591064,0.3288712501525879,0.09038146984918664,5e-05
859,481,721.97213357,6875,5910528,943.82,4800,0.013759549,0.0076424190774559975,-0.004910302655480337,0.2,-2.7182027459144593,0.2203369140625,0.9999580979347229,0.32772889733314514,0.02340766611935881,5e-05
861,482,738.3682133199999,6876,5922816,950.51,4810,0.015144694,0.027199028059840202,-0.005451318213211683,0.2,-2.672867287695408,0.19435221354166668,0.9999623894691467,0.3266063928604126,0.01947382467139202,5e-05
862,483,739.51214756,6878,5935104,951.22,4820,0.015380825,-0.006296790670603514,-0.0056106570957733005,0.2,-2.634865116079648,0.21405436197916666,0.9999114871025085,0.32577410340309143,0.031394644698593765,5e-05
864,484,750.0935638099999,6880,5947392,946.37,4830,0.018817225,0.521928608417511,-0.0042427524827265495,0.2,-2.6179261530439057,0.21595865885416668,0.9982828497886658,0.32564520835876465,0.6620473669997106,5e-05
866,485,723.4119733399999,6881,5959680,942.28,4840,0.022976257,0.11830057203769684,-0.003475385187387777,0.2,-2.6157202045122783,0.27821451822916665,0.9981295466423035,0.3258427679538727,0.5535073957095543,5e-05
867,486,753.0932563199998,6883,5971968,948.77,4850,0.021076674,0.12260060012340546,-0.00836930279522979,0.2,-2.6084406887491545,0.22626139322916666,0.996673583984375,0.3251645565032959,1.2594967599026858,5e-05
869,487,764.5873492599999,6884,5984256,956.28,4860,0.020622902,0.07875273376703262,-0.002998206597112585,0.2,-2.58198473205169,0.24305013020833333,0.9994375109672546,0.32455769181251526,0.2853447872679681,5e-05
870,488,753.3852288800001,6886,5996544,956.28,4870,0.016301407,0.016836779192090034,-0.006480140528098369,0.2,-2.552036324640115,0.23223470052083334,0.998984158039093,0.3238392770290375,0.12845261363157381,5e-05
872,489,762.99629743,6887,6008832,935.73,4880,0.016894199,-0.006011601537466049,-0.0012007758132919358,0.2,-2.52881826510032,0.2698567708333333,0.9998615980148315,0.32340216636657715,0.055761476881646864,5e-05
873,490,792.8891899,6889,6021120,935.2,4890,0.02004719,0.07783558964729309,-0.0058757603672953945,0.2,-2.5129678224523864,0.25111490885416665,0.9987242221832275,0.32302021980285645,0.2296866679098457,5e-05
875,491,765.4811065299999,6890,6033408,934.51,4900,0.027944425,0.026421446353197098,-0.0032329830833380886,0.2,-2.503927490115166,0.27102864583333336,0.9985499382019043,0.3230363130569458,0.43297456426080316,5e-05
877,492,759.2914732099998,6892,6045696,929.89,4910,0.02758866,0.2439897060394287,-0.0032517015310683443,0.2,-2.5067242940266925,0.27403157552083335,0.998757541179657,0.3233029544353485,0.41633160583054024,5e-05
878,493,790.3617274899999,6893,6057984,933.98,4920,0.013611625,0.33452102541923523,-0.0027531224661894766,0.2,-2.5038062209884324,0.23168131510416667,0.9986969828605652,0.32299765944480896,0.8256623844616116,5e-05
880,494,772.8650034800002,6895,6070272,941.29,4930,0.017784858,0.026655621826648712,-0.0006889344949740916,0.2,-2.4793747956554095,0.24016927083333334,0.999799907207489,0.3222692310810089,0.06144746937400972,5e-05
881,495,761.3007361200001,6897,6082560,941.29,4940,0.01813177,0.009318986907601357,-0.0009747728181537241,0.2,-2.454043397307396,0.2334716796875,0.9999420642852783,0.32161077857017517,0.032213295026061434,5e-05
883,496,749.7233064100001,6898,6094848,939.86,4950,0.013765086,0.017445631325244904,-0.0008272798280813731,0.2,-2.428139207760493,0.20831705729166666,0.9999542236328125,0.32102301716804504,0.020128323844983243,5e-05
885,497,745.63698144,6900,6107136,938.41,4960,0.017096875,0.10945916175842285,-0.004315738341150185,0.2,-2.4137830009063084,0.2241943359375,0.9993909001350403,0.3208591043949127,0.17192169019641976,5e-05
886,498,728.7521175000002,6901,6119424,946.09,4970,0.02189515,0.052045807242393494,-0.002435163674939152,0.2,-2.409995745619138,0.29609375,0.9979854226112366,0.3207741677761078,0.4875901370464514,5e-05
888,499,753.45732056,6903,6131712,965.17,4980,0.032309167,0.02379082888364792,0.00036867217713734137,0.2,-2.40781470288833,0.30508626302083336,0.999466598033905,0.3207518756389618,0.16039939829691624,5e-05
889,500,754.1931139799999,6904,6144000,968.05,4990,0.014740019,0.00278425682336092,-0.0014006511206389404,0.2,-2.3940772538383803,0.21573079427083333,0.9999406337738037,0.32035407423973083,0.02400541782650786,5e-05
891,501,724.6567093400001,6906,6156288,968.05,5000,0.018843515,0.012208161875605583,-0.004715354404470418,0.2,-2.3756986464063328,0.22550455729166666,0.9997169375419617,0.3199880123138428,0.06945729467358129,5e-05
892,502,703.11108871,6908,6168576,961.71,5010,0.0117863305,-0.0029254676774144173,-0.0013507459487300366,0.2,-2.3522903328140576,0.18250325520833333,0.9999608993530273,0.31932005286216736,0.010138050499760236,5e-05
894,503,710.7302554700001,6909,6180864,955.18,5020,0.01904226,0.005307557061314583,-0.0027782253950135783,0.2,-2.322797886033853,0.22957356770833334,0.9998130202293396,0.3186073303222656,0.06392424335742058,5e-05
896,504,725.77367511,6911,6193152,967.22,5030,0.016501516,0.03394681587815285,-0.008598169426356132,0.2,-2.2983569646875064,0.19310709635416667,0.9991132020950317,0.31812864542007446,0.23577774316848565,5e-05
897,505,726.40993721,6912,6205440,969.21,5040,0.020273743,0.03984661400318146,-0.002472572428814601,0.2,-2.288020300865173,0.2519775390625,0.9988483190536499,0.31812584400177,0.2618349882386004,5e-05
899,506,710.5757031400001,6914,6217728,959.28,5050,0.015811825,-0.005760259926319122,-0.004554849246536226,0.2,-2.2695949112375575,0.1985107421875,0.9998693466186523,0.3171766698360443,0.048428822454297915,5e-05
900,507,720.24586043,6916,6230016,953.36,5060,0.02190814,0.6135510206222534,-0.0019837245679809714,0.2,-2.253577545285225,0.2255859375,0.9972059726715088,0.31728142499923706,0.7431019670019547,5e-05
902,508,692.7397753800001,6917,6242304,944.21,5070,0.022848785,0.017921093851327896,-0.0021461688229464926,0.2,-2.2477569709221523,0.31025390625,0.9992783069610596,0.31696784496307373,0.19895454249732816,5e-05
903,509,686.2085326699997,6919,6254592,937.87,5080,0.018777454,0.167094424366951,-0.004888620080600958,0.2,-2.240338022013505,0.23792317708333333,0.99227374792099,0.31687819957733154,1.0972278154299906,5e-05
905,510,684.4016869,6920,6266880,937.73,5090,0.023916503,0.09521114826202393,-0.0025696823135755646,0.2,-2.2290105511744818,0.33697102864583334,0.9985886812210083,0.3163415193557739,0.31146320086360596,5e-05
907,511,689.3007594100001,6922,6279168,932.17,5100,0.017332802,0.053898364305496216,-0.0066005471157647355,0.2,-2.210914977888266,0.29208984375,0.999650776386261,0.315816193819046,0.19431726999270418,5e-05
908,512,681.9732743500001,6923,6291456,934.66,5110,0.018717824,0.0595267117023468,-0.0050980654045512585,0.2,-2.210491219162941,0.28431803385416665,0.9989627003669739,0.3162137269973755,0.224782920240735,5e-05
910,513,667.8751012,6924,6303744,913.26,5120,0.015862908,0.03819539397954941,7.667170017763661e-05,0.2,-2.2151990309357643,0.2989420572916667,0.9997601509094238,0.31616586446762085,0.07353656549627582,5e-05
911,514,656.83352879,6926,6316032,907.48,5130,0.017883005,0.23988519608974457,-0.0031977342703612523,0.2,-2.2086185107628507,0.21825358072916667,0.9979016184806824,0.31593626737594604,1.0852072326466442,5e-05
913,515,637.7332796699999,6927,6328320,892.06,5140,0.023259928,0.22772347927093506,-0.0005019436047102014,0.2,-2.204334208369255,0.278564453125,0.9966528415679932,0.31582391262054443,0.5602776762718956,5e-05
915,516,631.2688818500001,6928,6340608,856.3,5150,0.018610304,0.7800418138504028,-0.007025805306329858,0.2,-2.2020029067993163,0.18421223958333333,0.991821825504303,0.3156098425388336,2.9235040276000896,5e-05
916,517,624.51523835,6929,6352896,839.81,5160,0.017004086,0.5702205896377563,-0.009527124117206161,0.2,-2.1941768005490303,0.1791259765625,0.9930488467216492,0.3154948651790619,4.213089532156785,5e-05
918,518,598.9415679699999,6930,6365184,817.84,5170,0.019714015,1.4179104566574097,-0.010346371732399955,0.2,-2.1803554480274516,0.21065266927083334,0.9933218359947205,0.31493252515792847,2.6743642507741847,5e-05
919,519,576.1098090700001,6932,6377472,812.17,5180,0.02224425,0.6743485927581787,-0.009181196502565096,0.2,-2.1682525157928465,0.25100911458333336,0.9948509931564331,0.31487932801246643,2.2215459027638036,5e-05
921,520,596.10765755,6933,6389760,840.68,5190,0.022608837,0.048200808465480804,0.0001632721740558433,0.2,-2.1680779665708543,0.3307861328125,0.9997010231018066,0.31501543521881104,0.13126989046577364,5e-05
923,521,602.25373232,6934,6402048,853.45,5200,0.016577164,0.04799626022577286,-0.0010535687334292257,0.2,-2.1550204659501713,0.27029622395833336,0.9997962713241577,0.3145531415939331,0.14346734717643508,5e-05
925,522,650.37764936,6927,6414336,873.77,5210,0.016217666,0.01590196043252945,-0.0039833944596466605,0.2,-2.125137403110663,0.24777018229166667,0.9998840689659119,0.31361305713653564,0.060367448868540424,5e-05
927,523,664.4293542300002,6927,6426624,892.83,5220,0.017211013,0.005772361531853676,-0.005086438985987722,0.2,-2.098452077805996,0.21321614583333334,0.9991021752357483,0.3129691481590271,0.17013244801200927,5e-05
929,524,643.29615909,6927,6438912,906.32,5230,0.02475608,0.008792203851044178,-0.005991884118217664,0.2,-2.0751760229468346,0.24996744791666667,0.9985458850860596,0.3124653100967407,0.09462145935976878,5e-05
931,525,666.6229830999999,6928,6451200,909.94,5240,0.01963406,0.042072441428899765,-0.007371161639215037,0.2,-2.050332658489545,0.23361002604166667,0.9993547201156616,0.3116990625858307,0.16288601976508896,5e-05
932,526,676.1856477499999,6930,6463488,913.76,5250,0.018835384,0.26621001958847046,-0.005539345058787148,0.2,-2.0350777556498847,0.24566243489583334,0.9986863732337952,0.3117441236972809,0.5390192546881736,5e-05
934,527,668.2828320199999,6931,6475776,898.64,5260,0.028662195,0.03638956695795059,-0.004299304767240149,0.2,-2.0352227101723352,0.2747395833333333,0.9985347986221313,0.31165704131126404,0.1911999036790803,5e-05
935,528,682.1151697999999,6932,6488064,902.13,5270,0.024939125,0.19617080688476562,-0.0017773236429396396,0.2,-2.0287568961580593,0.2569498697916667,0.9986693263053894,0.31162869930267334,0.4560716834695389,5e-05
937,529,689.5200418899999,6933,6500352,905.31,5280,0.021093784,0.006514737382531166,-0.0044863620908775674,0.2,-2.0256643310189246,0.249267578125,0.9998565316200256,0.3115997612476349,0.06957228565976645,5e-05
939,530,672.27191529,6934,6512640,895.04,5290,0.020041393,0.03513137251138687,-0.005912902775647429,0.2,-2.0227181454499563,0.2439208984375,0.9990825653076172,0.31134650111198425,0.21817718903378894,5e-05
940,531,676.01299985,6935,6524928,896.66,5300,0.017691575,0.04942108690738678,-0.008058176015523107,0.2,-2.0170076355338096,0.2339111328125,0.9990661144256592,0.31151509284973145,0.22784179610510666,5e-05
942,532,678.3892353099999,6937,6537216,904.31,5310,0.019095402,0.11027095466852188,-0.003918825267949917,0.2,-2.016966959834099,0.27171223958333335,0.9993907809257507,0.3115072548389435,0.23338709059171378,5e-05
943,533,678.24365769,6938,6549504,921.49,5320,0.014996502,0.005914187990128994,-0.0022915780001009503,0.2,-1.9908993686238925,0.2189208984375,0.9999127388000488,0.31071987748146057,0.03152263028896414,5e-05
945,534,686.0162726099999,6939,6561792,922.0,5330,0.0211986,0.017140090465545654,-0.008041311876634911,0.2,-1.9670948833227158,0.21376139322916668,0.9988683462142944,0.3105427920818329,0.2946304500995514,5e-05
947,535,694.27272085,6941,6574080,920.84,5340,0.017447345,0.05653486028313637,-0.0025700931422761642,0.2,-1.955260196328163,0.22618001302083332,0.9997298121452332,0.31037577986717224,0.16128966282121837,5e-05
948,536,693.52198731,6942,6586368,913.79,5350,0.022538526,0.06201711297035217,-0.004838831855643851,0.2,-1.958780039101839,0.2757486979166667,0.9987156391143799,0.31077679991722107,0.23939118116007496,5e-05
950,537,699.5596911800001,6943,6598656,923.59,5360,0.01752947,0.06829290091991425,-0.003344581363489851,0.2,-1.964017635087172,0.2718587239583333,0.9998195767402649,0.31067126989364624,0.10744512970559299,5e-05
951,538,711.4282607900002,6945,6610944,942.73,5370,0.01986667,0.1273878812789917,-0.001809722529045151,0.2,-1.9567513848344484,0.2512288411458333,0.9989752173423767,0.3106568157672882,0.3061696873434509,5e-05
953,539,716.62296977,6946,6623232,963.97,5380,0.02060622,0.041297733783721924,-0.0062627799954498185,0.2,-1.9486892769734065,0.24767252604166667,0.9996502995491028,0.3105025589466095,0.08881381580528493,5e-05
955,540,723.8430920299999,6947,6635520,963.97,5390,0.018597277,0.016971081495285034,-0.0027871973768924365,0.2,-1.9290389088292916,0.23408203125,0.9998699426651001,0.30996987223625183,0.036214827843165646,5e-05
956,541,720.90556805,6948,6647808,969.68,5400,0.019183958,0.04417423903942108,0.002490502321719153,0.2,-1.9192670231064162,0.3112711588541667,0.9989303946495056,0.3101496696472168,0.11306183290823052,5e-05
958,542,707.87380374,6950,6660096,960.5,5410,0.015336943,0.0220975149422884,-0.000373802839506728,0.2,-1.921263016263644,0.2499267578125,0.999440610408783,0.3099934756755829,0.066563835227862,5e-05
959,543,681.9769392200001,6951,6672384,961.49,5420,0.01894342,0.005776176229119301,-0.0015103620734104575,0.2,-1.90272502998511,0.23816731770833333,0.9996247887611389,0.3096578121185303,0.06261098650284111,5e-05
961,544,682.7147325299999,6953,6684672,968.28,5430,0.017365009,0.003001832403242588,-0.003541809400000299,0.2,-1.889097020526727,0.24676106770833334,0.9995724558830261,0.3097442388534546,0.0828008576335075,5e-05
962,545,664.87514289,6954,6696960,962.82,5440,0.016597465,0.035024404525756836,-0.0023226150626821135,0.2,-1.8819007334609827,0.2607503255208333,0.9997656345367432,0.3094884753227234,0.049437564692925665,5e-05
964,546,641.6626946,6956,6709248,957.28,5450,0.018607253,0.015233688056468964,-0.005589723524462897,0.2,-1.8684600373109181,0.22076009114583334,0.9996700286865234,0.30917203426361084,0.050495710148243236,5e-05
966,547,656.4234524899999,6957,6721536,949.21,5460,0.019612538,0.021284451708197594,-0.0081474813472596,0.2,-1.8548704316218694,0.21002604166666666,0.9988764524459839,0.3088860511779785,0.18439304050213348,5e-05
967,548,671.56756697,6958,6733824,949.21,5470,0.019035613,0.009532741270959377,-0.005103588919640364,0.2,-1.840043907612562,0.2369384765625,0.999646008014679,0.3086666762828827,0.07738476186447467,5e-05
969,549,694.9556592300002,6960,6746112,953.09,5480,0.016860837,0.004661981016397476,-0.0042219114021766774,0.2,-1.8139120084544023,0.2005859375,0.9998431205749512,0.308073490858078,0.03769712107993352,5e-05
970,550,696.9599657999997,6961,6758400,951.45,5490,0.015618358,0.0005591046065092087,-0.0032580950151896103,0.2,-1.7828681339820227,0.20716959635416668,0.9998969435691833,0.3075275123119354,0.021818504172066846,5e-05
972,551,709.8994091200001,6963,6770688,952.02,5500,0.012829941,0.09751274436712265,-0.005009630557712323,0.2,-1.764222939312458,0.20133463541666666,0.9989784955978394,0.30724039673805237,0.6129708713696649,5e-05
973,552,713.9632114500001,6964,6782976,945.58,5510,0.022263624,0.03578764200210571,0.0019552529857416326,0.2,-1.75859145373106,0.30245768229166664,0.9994865655899048,0.3073088526725769,0.0951935605534042,5e-05
975,553,729.5832991899999,6965,6795264,946.49,5520,0.019315382,-0.01149821002036333,-0.00543884734142921,0.2,-1.7318054743111133,0.2140380859375,0.9999527931213379,0.3062180280685425,0.025915912734732652,5e-05
977,554,765.07104943,6967,6807552,959.88,5530,0.015703067,0.0817006379365921,-0.0069953454459512916,0.2,-1.7012167274951935,0.1941162109375,0.9992457628250122,0.3058301508426666,0.4339985677894826,5e-05
978,555,781.10066947,6968,6819840,945.81,5540,0.0180834,0.03661956265568733,-0.0039957370457462575,0.2,-1.682253352801005,0.2558512369791667,0.9991240501403809,0.3052935004234314,0.5779206205469867,5e-05
980,556,746.3240813600002,6969,6832128,911.87,5550,0.024244035,0.10331715643405914,-0.006207497974780078,0.2,-1.6712064370512962,0.26982421875,0.9991230368614197,0.30534687638282776,0.3134492476548379,5e-05
981,557,728.15976596,6971,6844416,894.99,5560,0.020786706,0.25444671511650085,-0.008673196009476669,0.2,-1.6739650398492814,0.26239420572916666,0.9971875548362732,0.3055773377418518,0.6014226214184115,5e-05
983,558,702.16133818,6972,6856704,890.81,5570,0.025044886,0.06857427954673767,-0.000316735812521074,0.2,-1.6789036730925242,0.32428385416666666,0.9989935159683228,0.3057096302509308,0.22871852569902937,5e-05
984,559,701.7816465999999,6974,6868992,897.48,5580,0.023335373,0.13282287120819092,-0.009370778165854668,0.2,-1.6799913463493188,0.25135904947916665,0.9986874461174011,0.30570757389068604,0.3469123772267873,5e-05
986,560,698.88592362,6975,6881280,897.92,5590,0.03919747,0.04566475749015808,-0.0027954857861914205,0.2,-1.6821560223897298,0.3308186848958333,0.9991952180862427,0.3059212267398834,0.22738502777647226,5e-05
988,561,666.7279176500001,6976,6893568,884.59,5600,0.018173689,0.09504812955856323,-0.001122601973474957,0.2,-1.6783009452124438,0.2465576171875,0.9995201826095581,0.3056565821170807,0.10813150091950471,5e-05
989,562,636.50722818,6977,6905856,882.75,5610,0.027376294,0.07745394855737686,-0.0036524935048267556,0.2,-1.664769201974074,0.2813232421875,0.9983682632446289,0.3055550158023834,0.23118517266896862,5e-05
991,563,629.14608427,6978,6918144,891.66,5620,0.022945026,0.17056117951869965,-0.004524490819312632,0.2,-1.6620577521622182,0.23282877604166666,0.9989572763442993,0.3056233823299408,0.327501012214149,5e-05
993,564,652.4256228500001,6979,6930432,895.41,5630,0.019926738,0.0179283507168293,-0.004548126524605322,0.2,-1.6445195895930131,0.23660481770833333,0.9997747540473938,0.3049156069755554,0.08829816187887142,5e-05
994,565,675.5119203099999,6980,6942720,901.37,5640,0.026103972,0.03243446350097656,-0.0005795008696926137,0.2,-1.6218369459112485,0.2771240234375,0.9994581937789917,0.3045770823955536,0.1462362415390089,5e-05
996,566,676.21689484,6979,6955008,897.12,5650,0.021489212,0.08528606593608856,-0.0026906996810187895,0.2,-1.6172085364659627,0.2664306640625,0.9991477727890015,0.30491510033607483,0.25611495291814207,5e-05
998,567,674.1310223100002,6980,6967296,879.26,5660,0.016689107,0.00790870189666748,0.0007532924602855929,0.2,-1.6069020296136538,0.25770670572916665,0.9998334646224976,0.30413833260536194,0.06806033980877449,5e-05
999,568,668.07559444,6981,6979584,894.06,5670,0.018605204,0.18287009000778198,-0.0006447293924187155,0.2,-1.5855690064529577,0.249169921875,0.9987461566925049,0.3038506507873535,0.36935331104323266,5e-05
1001,569,666.56067725,6982,6991872,888.61,5680,0.020093257,-0.0039426712319254875,3.834268912517776e-05,0.2,-1.5679462432861329,0.30439453125,0.9996664524078369,0.3033474385738373,0.04969167473415534,5e-05
1002,570,667.79499092,6983,7004160,882.19,5690,0.020306414,0.14252305030822754,-0.0023389459693134995,0.2,-1.5525571239491305,0.25938313802083335,0.9992904663085938,0.30316805839538574,0.34288964949858686,5e-05
1004,571,678.1487797499999,6984,7016448,888.55,5700,0.017933754,0.043763116002082825,-0.002431851528672269,0.2,-1.5423427457610766,0.24993489583333334,0.9995661973953247,0.3029727041721344,0.24488442895623544,5e-05
1006,572,649.4598016199999,6986,7028736,893.9,5710,0.014526579,0.11536270380020142,-0.003513277151796501,0.2,-1.5260493017733097,0.216845703125,0.9991409778594971,0.30226925015449524,0.48598384074866774,5e-05
1007,573,654.4088188000001,6987,7041024,891.38,5720,0.026233688,0.09914020448923111,0.0001413020761295532,0.2,-1.5068906880915165,0.322216796875,0.9989134073257446,0.30189085006713867,0.21883746216384073,5e-05
1009,574,645.56088444,6988,7053312,889.24,5730,0.022970952,0.0560004785656929,-0.0019615854078438135,0.2,-1.5071632432440916,0.2418212890625,0.9990603923797607,0.30224063992500305,0.24870900305298468,5e-05
1011,575,654.77527895,6987,7065600,887.51,5740,0.023672625,0.07269325107336044,-0.0041909526196832305,0.2,-1.5096208142737548,0.2539794921875,0.9994378089904785,0.3022872507572174,0.294410226897647,5e-05
1012,576,680.9379282100001,6988,7077888,905.0,5750,0.01716963,0.032631855458021164,-0.0011362320042583936,0.2,-1.5043103935817876,0.2817789713541667,0.9998075366020203,0.3022446930408478,0.10594876471053188,5e-05
1014,577,676.15419622,6989,7090176,913.06,5760,0.015292282,-0.00439783651381731,-0.0021583617344731465,0.2,-1.484646777311961,0.24274088541666666,0.9999708533287048,0.30167868733406067,0.01658328829992873,5e-05
1016,578,684.5272655000002,6990,7102464,921.14,5770,0.019574577,0.026022564619779587,-0.005127940753300209,0.2,-1.4646734654903413,0.19491373697916667,0.9995869994163513,0.3014305531978607,0.21430521544534714,5e-05
1017,579,701.6201040799999,6991,7114752,938.1,5780,0.017755913,0.009877398610115051,-0.0007814871064814118,0.2,-1.4447923118869463,0.21783854166666666,0.9998114109039307,0.30087000131607056,0.06153341906998928,5e-05
1019,580,721.9801496,6992,7127040,932.03,5790,0.01977571,0.016942396759986877,-0.0030157509803151092,0.2,-1.425678610553344,0.22820638020833334,0.9999068379402161,0.30069392919540405,0.05647645460364099,5e-05
1020,581,740.61668372,6993,7139328,951.6,5800,0.01647327,0.029208343476057053,-0.0022723911635694092,0.2,-1.4105920900901159,0.19986165364583333,0.9999011158943176,0.3002476394176483,0.045032103107466054,5e-05
1022,582,758.0777013500001,6994,7151616,977.03,5810,0.01534497,0.004275467246770859,-0.0027166019106516616,0.2,-1.384589521586895,0.21758626302083334,0.9999527335166931,0.29974719882011414,0.021470474628343558,5e-05
1023,583,759.9995113400001,6996,7163904,978.49,5820,0.01796761,-0.00028520217165350914,-0.0023303598129132295,0.2,-1.3625670107702414,0.21260579427083334,0.9999465346336365,0.2994329035282135,0.024596611978874233,5e-05
1025,584,770.33407951,6997,7176192,980.28,5830,0.013837618,0.008713471703231335,-0.0030534950686463467,0.2,-1.339082442720731,0.21438802083333333,0.9999599456787109,0.29889798164367676,0.02109387829938593,5e-05
1027,585,770.8835156200001,6998,7188480,984.63,5840,0.01609906,0.010143611580133438,-0.0029661903097197256,0.2,-1.3168703014651935,0.21720377604166666,0.9998539686203003,0.29859426617622375,0.03221583266858943,5e-05
1028,586,761.8527405200001,6999,7200768,984.63,5850,0.019924555,0.012052284553647041,-0.0015765875645835574,0.2,-1.3087691413859526,0.2482666015625,0.9998767375946045,0.29876360297203064,0.02801039435241061,5e-05
1030,587,752.73977824,7000,7213056,986.53,5860,0.015691657,0.0018274607136845589,-0.004783156701887492,0.2,-1.2956188671290874,0.20469563802083332,0.9999526143074036,0.29835522174835205,0.03044164790965927,5e-05
1031,588,746.46088776,7001,7225344,981.5,5870,0.01856045,0.015743203461170197,-0.004035835095176784,0.2,-1.2827311433851718,0.2251708984375,0.9994550347328186,0.2983965575695038,0.12718112755101174,5e-05
1033,589,743.2787944099998,7002,7237632,976.39,5880,0.019785168,0.014623332768678665,-0.003180909143217529,0.2,-1.2747051936884721,0.22890625,0.9998011589050293,0.29842254519462585,0.05845366942230612,5e-05
1035,590,739.5399693400001,7002,7249920,976.39,5890,0.031631887,-0.0034074634313583374,-0.003518954249739181,0.2,-1.268465963502725,0.29493815104166665,0.9991915822029114,0.2984706461429596,0.08602265369845555,5e-05
1036,591,740.86678258,7004,7262208,976.39,5900,0.01718512,0.016251184046268463,-0.0028999091538328987,0.2,-1.2502665504813195,0.21617024739583332,0.9999575018882751,0.2978709638118744,0.022695640521124005,5e-05
1038,592,714.8106893499998,7005,7274496,977.44,5910,0.017220067,-0.009556684643030167,-0.0044233784875056395,0.2,-1.2251562704642613,0.205859375,0.9999436736106873,0.2978167235851288,0.011697099850668262,5e-05
1040,593,744.96455655,7006,7286784,977.44,5920,0.021726534,0.010933911427855492,-0.005719570883957204,0.2,-1.2008063557247322,0.22473958333333333,0.9996141791343689,0.296875,0.0631524926633574,5e-05
1041,594,740.3203812300002,7007,7299072,977.44,5930,0.015378957,0.015027121640741825,0.00029876517170729735,0.2,-1.170973114669323,0.19283040364583334,0.9998481869697571,0.29651913046836853,0.039449556870386,5e-05
1043,595,758.6310919299999,7008,7311360,980.35,5940,0.017523985,0.031188899651169777,-0.0025642338771528256,0.2,-1.1448443261285624,0.205078125,0.9998910427093506,0.2959010899066925,0.03263040882108423,5e-05
1044,596,746.3854657200001,7010,7323648,987.2,5950,0.02017305,0.014121044427156448,-0.0029260374959752273,0.2,-1.1156803357104461,0.21190592447916667,0.9999551773071289,0.29527780413627625,0.017030933728286377,5e-05
1046,597,745.35965289,7011,7335936,989.95,5960,0.023634756,0.04978945851325989,-0.0024066178249389242,0.2,-1.0937121378878751,0.26764322916666666,0.9996878504753113,0.2950434684753418,0.10553631641281148,5e-05
1047,598,731.4850523300001,7012,7348224,989.66,5970,0.024781821,0.107340507209301,0.0012072690573404544,0.2,-1.083498294899861,0.2801432291666667,0.9985194802284241,0.2949294447898865,0.25307041880053777,5e-05
1049,599,754.8916190599998,7013,7360512,989.66,5980,0.027919376,0.04439184069633484,3.0353376738882314e-05,0.2,-1.0761225658158462,0.27804361979166664,0.9996630549430847,0.29483309388160706,0.09180552670732141,5e-05
1050,600,756.31378323,7015,7372800,991.17,5990,0.026341734,0.1685941368341446,0.0002785036888478013,0.2,-1.0722333346803983,0.22705078125,0.9995327591896057,0.2949431836605072,0.17816948071122168,5e-05
1052,601,735.2678237299999,7016,7385088,991.17,6000,0.019252216,0.06168659031391144,-0.0032060780552759147,0.2,-1.0673992606500784,0.24605305989583334,0.9996340274810791,0.2948829233646393,0.13250823419851562,5e-05
1054,602,739.7393196600001,7017,7397376,983.48,6010,0.021373296,0.021018575876951218,-0.0030405977139404666,0.2,-1.0529012670119604,0.2337890625,0.9994496703147888,0.2946088910102844,0.11935910918982699,5e-05
1055,603,703.26243775,7019,7409664,974.26,6020,0.02177755,0.02969539351761341,0.0034736881197507804,0.2,-1.0429111873110135,0.33189290364583335,0.9987310171127319,0.29462313652038574,0.19199097834061832,5e-05
1057,604,686.59676866,7020,7421952,940.45,6030,0.024771368,0.07254399359226227,-0.0027318958627195874,0.2,-1.0399101336797079,0.31460774739583336,0.9975080490112305,0.29462888836860657,0.27651412155634414,5e-05
1058,605,687.89342094,7021,7434240,922.64,6040,0.01547693,0.26831763982772827,-0.00021318428528805574,0.2,-1.040431774655978,0.25677083333333334,0.9962225556373596,0.29488494992256165,0.8239656695785622,5e-05
1060,606,677.2985432500001,7022,7446528,917.81,6050,0.025404787,0.10043784230947495,-0.0006759653707073691,0.2,-1.0423651846746604,0.2862141927083333,0.9978220462799072,0.29494962096214294,0.4317963080946356,5e-05
1061,607,664.23230861,7023,7458816,913.33,6060,0.023218935,0.05121445655822754,-0.0004887519463712427,0.2,-1.0345635302364826,0.2860026041666667,0.999409556388855,0.2946292459964752,0.11748047239768009,5e-05
1063,608,664.60143806,7025,7471104,910.06,6070,0.025513073,0.050825729966163635,-0.002279574959296345,0.2,-1.0195057153701783,0.24769694010416668,0.9993845820426941,0.2941412031650543,0.23878173638756076,5e-05
1065,609,647.1060100999998,7026,7483392,914.77,6080,0.022496963,0.27498167753219604,-0.002698535732148836,0.2,-1.010347663362821,0.29134928385416664,0.9977397918701172,0.29421308636665344,0.3905922656878829,5e-05
1066,610,655.5428478899998,7027,7495680,918.43,6090,0.016733391,0.022125262767076492,-0.002914728721952997,0.2,-1.0003253088643154,0.23411458333333332,0.9993329644203186,0.29378071427345276,0.20268167880518984,5e-05
1068,611,669.93104066,7028,7507968,934.01,6100,0.029246807,0.04707848280668259,-0.0007853296730900184,0.2,-0.9937719142685334,0.2652506510416667,0.9992290735244751,0.2941571772098541,0.1632500419781233,5e-05
1069,612,673.2354102499999,7030,7520256,957.67,6110,0.017634572,0.0034678252413868904,-0.0011552088981261477,0.2,-0.9925001494586467,0.256103515625,0.9999134540557861,0.2937961220741272,0.03810612567855666,5e-05
1071,613,688.5438235500001,7031,7532544,981.78,6120,0.018768832,0.007026074454188347,-0.0005730486727164437,0.2,-0.9824278682470322,0.23497721354166667,0.9998860359191895,0.293804407119751,0.023672426988681158,5e-05
1072,614,710.2000725100002,7032,7544832,981.78,6130,0.0141413035,0.022719796746969223,-0.004040225635981188,0.2,-0.9814971304188173,0.20135091145833334,0.9998950958251953,0.29391664266586304,0.04102031375126292,5e-05
1074,615,710.76983459,7033,7557120,988.18,6140,0.014143087,-0.008266529999673367,-0.004546895212358019,0.2,-0.9745060097426176,0.20933430989583332,0.9997262358665466,0.2936781942844391,0.11178846975866084,5e-05
1076,616,731.01622518,7034,7569408,994.44,6150,0.016049342,-0.0014925934374332428,-0.003556286360738644,0.2,-0.9543108016252517,0.19596354166666666,0.9999188780784607,0.2930484712123871,0.021835035070156057,5e-05
1077,617,743.52163388,7035,7581696,978.44,6160,0.011621675,0.009358765557408333,-0.0008752411779520723,0.2,-0.9370198691884677,0.19807942708333334,0.9998679757118225,0.29293379187583923,0.023056977100592728,5e-05
1079,618,731.6237422199999,7036,7593984,966.71,6170,0.0350825,0.06639368087053299,0.005328397708944976,0.2,-0.9304050551106532,0.3331787109375,0.9974943995475769,0.2928844690322876,0.23005622241956492,5e-05
1080,619,727.6377892300001,7038,7606272,966.71,6180,0.026798831,0.10315772891044617,-0.0005422111886825102,0.2,-0.9273496702313423,0.249267578125,0.9972977042198181,0.29283586144447327,0.2768784139926235,5e-05
1082,620,724.63300278,7039,7618560,963.82,6190,0.01847081,-0.0007067248225212097,-0.0012599974363790049,0.2,-0.9204073277612527,0.24630533854166667,0.9999041557312012,0.2926115393638611,0.03410814817956028,5e-05
1083,621,718.9395358200002,7040,7630848,954.37,6200,0.021983191,0.12240289151668549,-0.0005045881713158451,0.2,-0.9037896309047937,0.26276041666666666,0.9993169903755188,0.2922751009464264,0.2707877050930013,5e-05
1085,622,716.32540265,7041,7643136,941.27,6210,0.022526555,0.1508289873600006,0.00013975645269965754,0.2,-0.889467978104949,0.28321940104166665,0.9988077878952026,0.29202795028686523,0.23848752215659866,5e-05
1086,623,703.15180248,7042,7655424,931.06,6220,0.036392964,0.14041994512081146,-0.0023426648001380573,0.2,-0.8861883788059155,0.30130208333333336,0.9953927993774414,0.2922937572002411,0.45545693149324507,5e-05
1088,624,694.4074097099999,7043,7667712,907.13,6230,0.02711375,0.137950599193573,-0.0006760689842243058,0.2,-0.8787610425303379,0.28271484375,0.9985561370849609,0.2922112047672272,0.4047815822840979,5e-05
1090,625,696.9565696799998,7044,7680000,913.2,6240,0.016455123,0.375259667634964,-0.006389621594765534,0.2,-0.8809364123890797,0.21560872395833333,0.9945340752601624,0.2925543785095215,1.1958023563027382,5e-05
1091,626,722.9021481000001,7046,7692288,919.71,6250,0.023914546,0.05418183282017708,-0.0005982233788624096,0.2,-0.8836808363596599,0.28427734375,0.9993991851806641,0.2924240529537201,0.2854662372265011,5e-05
1093,627,725.7086466100002,7047,7704576,913.89,6260,0.01941488,0.026469063013792038,-0.001382857875432819,0.2,-0.8620136187722286,0.2858805338541667,0.9997493028640747,0.29169437289237976,0.13235051057611902,5e-05
1094,628,715.9834648700001,7048,7716864,923.23,6270,0.01867853,0.1538109928369522,-0.0005299583596449035,0.2,-0.8377583791812261,0.30743001302083334,0.9987632036209106,0.2914763391017914,0.30815270569485925,5e-05
1096,629,712.70121879,7049,7729152,921.08,6280,0.030098049,0.046726830303668976,0.006301973396572672,0.2,-0.8252909542371829,0.35801595052083335,0.999129056930542,0.2910841703414917,0.09623118942060198,5e-05
1097,630,734.8045081500002,7050,7741440,938.74,6290,0.015690004,0.007522185333073139,-0.002240526259508139,0.2,-0.8106523051857948,0.23116048177083334,0.9999211430549622,0.29075756669044495,0.044225107113985966,5e-05
1099,631,722.0082831099999,7052,7753728,937.02,6300,0.021881437,-0.006494874134659767,-0.0005955358714951823,0.2,-0.7938240493337313,0.24169108072916667,0.9998739957809448,0.2904619574546814,0.03276780161929006,5e-05
1101,632,742.66008577,7053,7766016,962.93,6310,0.033964273,0.037307221442461014,-0.006449128690777192,0.2,-0.7826946423699458,0.27577311197916665,0.9987461566925049,0.29029691219329834,0.21162468634235362,5e-05
1102,633,718.4949024600002,7054,7778304,955.29,6320,0.021600371,-0.003442205488681793,-0.0028641966690580983,0.2,-0.7697772646943728,0.26934407552083334,0.9996468424797058,0.28985652327537537,0.07936797020568823,5e-05
1104,634,706.6284679500001,7055,7790592,954.82,6330,0.024057506,0.04991251230239868,-0.0056339884060434995,0.2,-0.7597592413425446,0.2400390625,0.9982264041900635,0.28977319598197937,0.24932659082890798,5e-05
1105,635,695.1229053400001,7056,7802880,951.56,6340,0.021027578,0.04661901295185089,-0.0037679414162994362,0.2,-0.7523353832463423,0.24200032552083334,0.9993014931678772,0.289550244808197,0.2511046794320767,5e-05
1107,636,702.1126419100001,7057,7815168,951.67,6350,0.02013727,0.23039127886295319,-0.002177691165707074,0.2,-0.7452477306127548,0.29750162760416665,0.9985721707344055,0.28966328501701355,0.4295393022087713,5e-05
1108,637,698.1704608699999,7058,7827456,946.83,6360,0.020587817,0.004089513793587685,-0.0012262728060401665,0.2,-0.7422410309314728,0.24755859375,0.9999248385429382,0.28989940881729126,0.03360635195664751,5e-05
1110,638,711.0440893299998,7059,7839744,949.37,6370,0.028080508,0.06533556431531906,0.004068748064310057,0.2,-0.7385459071646134,0.3262125651041667,0.999001681804657,0.2897307872772217,0.257203439832665,5e-05
1112,639,724.71658632,7060,7852032,956.55,6380,0.018952256,0.03335554525256157,-0.0004906709955927606,0.2,-0.7389032002538443,0.2951578776041667,0.999755322933197,0.28986528515815735,0.07209627171396278,5e-05
1113,640,704.19885912,7062,7864320,953.11,6390,0.016546927,0.014188876375555992,0.0002528222149218588,0.2,-0.7284364523986976,0.244677734375,0.9996743202209473,0.28936269879341125,0.07212854350218549,5e-05
1115,641,720.4778652100001,7063,7876608,954.25,6400,0.024571797,0.019174158573150635,-0.004086275096536459,0.2,-0.7062769684940576,0.27638346354166665,0.999116837978363,0.28924837708473206,0.12129365927151715,5e-05
1116,642,723.5745699600001,7064,7888896,958.93,6410,0.018469432,0.04624292999505997,-0.004268443240531875,0.2,-0.699225798000892,0.293896484375,0.9993872046470642,0.2892698645591736,0.15835408408117171,5e-05
1118,643,744.7168526400002,7065,7901184,956.73,6420,0.039755136,0.03204578161239624,0.0026672162993539436,0.2,-0.6935900735358397,0.359814453125,0.9993258714675903,0.28912732005119324,0.08087937647554402,5e-05
1119,644,714.37664856,7066,7913472,924.43,6430,0.015944036,0.20724830031394958,0.002120077552293272,0.2,-0.689567278077205,0.26121419270833335,0.9970569014549255,0.28928521275520325,0.7410615243948996,5e-05
1121,645,695.0463180300001,7068,7925760,915.29,6440,0.018377254,0.3974570035934448,-0.005592238752675864,0.2,-0.69582314354678,0.2323974609375,0.9962137341499329,0.289501816034317,0.8983748210283617,5e-05
1122,646,693.0180918899999,7069,7938048,915.29,6450,0.02402906,0.20563922822475433,-0.0014487869867783351,0.2,-0.6990510729451974,0.28850911458333334,0.9975645542144775,0.2896173298358917,0.5364083060684304,5e-05
1124,647,702.79493942,7070,7950336,915.29,6460,0.018366724,0.01743537187576294,-0.003744682557347308,0.2,-0.6850022360682487,0.24798990885416666,0.9999170899391174,0.289105087518692,0.03152472456761946,5e-05
1126,648,713.1531872700001,7071,7962624,920.48,6470,0.017304478,0.007796199060976505,-0.001452880360011477,0.2,-0.6669946525245904,0.20797526041666667,0.9999225735664368,0.2893405854701996,0.03298701905102159,5e-05
1127,649,720.32157212,7072,7974912,920.6,6480,0.02078625,0.071966752409935,-0.0013474438191527346,0.2,-0.6520673460016648,0.2802978515625,0.9997230768203735,0.28898388147354126,0.13766494521017497,5e-05
1129,650,704.0642075399999,7073,7987200,903.35,6490,0.017897146,0.12852433323860168,-0.0002203322008426767,0.2,-0.6394193137685458,0.26312662760416666,0.9972949624061584,0.28883031010627747,0.5808374459855259,5e-05
1130,651,712.43185844,7074,7999488,904.27,6500,0.01787833,0.27968114614486694,-0.0004647856258088723,0.2,-0.635169089709719,0.23566080729166666,0.9973598122596741,0.28888294100761414,0.940903567460676,5e-05
1132,652,742.50561547,7076,8011776,925.59,6510,0.026105689,0.5179934501647949,-0.0025799080186213056,0.2,-0.6348598758379619,0.2767252604166667,0.9989217519760132,0.2889168858528137,0.840489290220042,5e-05
1133,653,738.05616049,7077,8024064,928.5,6520,0.018872647,0.016537394374608994,-0.0013454350807781642,0.2,-0.6182049627105395,0.2464111328125,0.9996382594108582,0.28863540291786194,0.12911418760195376,5e-05
1135,654,730.13002282,7078,8036352,927.91,6530,0.025129646,0.15838932991027832,-0.005682869761464341,0.2,-0.5928788288185994,0.2839762369791667,0.9992287755012512,0.28812360763549805,0.47070314846932887,5e-05
1136,655,750.7874398999999,7079,8048640,929.69,6540,0.018504744,0.034743212163448334,-0.002042434355826117,0.2,-0.561200313270092,0.24247233072916666,0.9998534917831421,0.2873433530330658,0.07235687947832048,5e-05
1138,656,727.7321529999998,7080,8060928,931.12,6550,0.023631677,0.03347616642713547,-0.0020944338694486456,0.2,-0.5437009053925673,0.2966389973958333,0.9991615414619446,0.28743287920951843,0.44256249953371785,5e-05
1140,657,726.63674455,7081,8073216,933.88,6560,0.016488226,0.038259733468294144,-0.002861332453903742,0.2,-0.5439721730848154,0.276025390625,0.9997463822364807,0.2873251438140869,0.09738881955466544,5e-05
1141,658,725.66810285,7082,8085504,958.48,6570,0.016453875,0.021116968244314194,-0.001184775170016413,0.2,-0.5296943742781878,0.23357747395833334,0.9999576807022095,0.2872190773487091,0.015313690065522679,5e-05
1143,659,773.9260285900002,7084,8097792,978.97,6580,0.020101095,0.04091297835111618,-0.0008531269054704656,0.2,-0.5185716714709997,0.2855143229166667,0.9987420439720154,0.28706446290016174,0.6153786060749553,5e-05
1144,660,745.2403617199999,7085,8110080,980.73,6590,0.02446937,0.0029691727831959724,-0.00016451951960334555,0.2,-0.5054949203506112,0.24624837239583333,0.9999339580535889,0.2868582308292389,0.021012176049407572,5e-05
1146,661,751.9101400200001,7086,8122368,992.1,6600,0.016518936,-0.00303612370043993,-0.0008593388658482582,0.2,-0.49333734878649316,0.21971842447916667,0.9997817277908325,0.28694674372673035,0.0713474412933768,5e-05
1147,662,751.9369614499999,7087,8134656,984.43,6610,0.015529017,-0.0053786626085639,-0.004725045158314363,0.2,-0.46553414333611726,0.21431477864583334,0.999965488910675,0.28606048226356506,0.019063538473953184,5e-05
1149,663,711.9113014200001,7088,8146944,977.11,6620,0.02263189,0.026876002550125122,-0.0015427279839059338,0.2,-0.43190724588930607,0.31634928385416666,0.9996669292449951,0.2855473458766937,0.05351390286620396,5e-05
1151,664,713.1656684799999,7087,8159232,966.44,6630,0.022343412,0.013896040618419647,-0.0018417756650402832,0.2,-0.4234121983870864,0.2962565104166667,0.9994421005249023,0.2854514420032501,0.08951209740092357,5e-05
1153,665,717.6651236899999,7086,8171520,961.02,6640,0.03295512,0.01752590760588646,-0.006143298578778437,0.2,-0.414526279643178,0.27381998697916665,0.9992744326591492,0.28527551889419556,0.09928944035782479,5e-05
1154,666,706.0221075799999,7087,8183808,952.43,6650,0.02593031,0.019951261579990387,-0.003590717887952148,0.2,-0.4048168524478873,0.29150390625,0.9996254444122314,0.2851842939853668,0.18603790949952478,5e-05
1156,667,677.9195167500001,7088,8196096,936.5,6660,0.027568817,0.027368593961000443,-0.0013133033445531814,0.2,-0.40397887794921794,0.27412109375,0.9995146989822388,0.2854342758655548,0.13422243567571665,5e-05
1157,668,684.7540086500002,7089,8208384,930.41,6670,0.022865847,0.2505755126476288,-0.003651043661617829,0.2,-0.4043627458314101,0.2771809895833333,0.9983532428741455,0.28555217385292053,0.5618643013450006,5e-05
1159,669,674.7112050800002,7090,8220672,920.18,6680,0.018753944,0.23636843264102936,-0.002550336085065889,0.2,-0.40682162549346684,0.25619303385416664,0.9991854429244995,0.28562426567077637,0.5445030762193104,5e-05
1161,670,694.0385629299998,7090,8232960,921.79,6690,0.023770062,0.021550064906477928,-0.004012583108366622,0.2,-0.41106941662728785,0.2790771484375,0.9997368454933167,0.28575748205184937,0.11742397466829667,5e-05
1162,671,717.3129976399999,7091,8245248,920.47,6700,0.024337612,0.3377375900745392,-0.010600958128149311,0.2,-0.4104993193720778,0.19420572916666667,0.9960665106773376,0.285778671503067,1.3428478382527829,5e-05
1164,672,737.0096835700002,7092,8257536,925.51,6710,0.02230906,0.12480199337005615,-0.0005891554077000668,0.2,-0.3984626100709041,0.2970052083333333,0.9992266893386841,0.2853379547595978,0.2759448287077248,5e-05
1165,673,743.6725604799999,7093,8269824,929.79,6720,0.028981924,0.16255874931812286,-0.002575316757429391,0.2,-0.38881430874268214,0.2968831380208333,0.998008668422699,0.28536179661750793,1.0315970523438105,5e-05
1167,674,742.5180663900001,7094,8282112,938.92,6730,0.028323414,0.06515790522098541,0.004214760875523401,0.2,-0.38998125940561296,0.3687662760416667,0.9992438554763794,0.2852785289287567,0.15018840341363102,5e-05
1168,675,759.1340768599999,7095,8294400,950.34,6740,0.017819198,0.01629340648651123,0.00016494192047199855,0.2,-0.3791379778335492,0.25616861979166666,0.9998679757118225,0.2851134240627289,0.06978803394983212,5e-05
1170,676,766.4345550799999,7096,8306688,964.57,6750,0.02398906,-0.00283915176987648,-0.004298705958838885,0.2,-0.3709273106728991,0.30149739583333335,0.9996073246002197,0.28514406085014343,0.08201060789482047,5e-05
1171,677,754.3552731600003,7098,8318976,964.57,6760,0.03581461,0.032679758965969086,-0.00047983889113917635,0.2,-0.3635327781861027,0.2935384114583333,0.9998505711555481,0.2849600911140442,0.09012422488691905,5e-05
1173,678,744.20969285,7099,8331264,978.15,6770,0.017766334,0.011826843023300171,-0.006528210050601046,0.2,-0.35285259609421094,0.240185546875,0.999888002872467,0.2849346697330475,0.026697175333780857,5e-05
1175,679,771.7802566799999,7100,8343552,988.08,6780,0.016095461,0.018078409135341644,-0.0025342771019495557,0.2,-0.3411465464780728,0.24545084635416667,0.9988085627555847,0.2844873368740082,0.5628400850691833,5e-05
1176,680,776.1513939400002,7101,8355840,992.8,6790,0.019009205,0.00973361637443304,-0.0019016930547271235,0.2,-0.32373032222191495,0.2736897786458333,0.999946653842926,0.2842395603656769,0.02366762994400536,5e-05
1178,681,765.8295124299999,7102,8368128,996.67,6800,0.017450167,-0.004539521411061287,-0.0035949532995194506,0.2,-0.3035958637172977,0.24632161458333332,0.9999405145645142,0.2839323580265045,0.040158817393239586,5e-05
1179,682,767.76533835,7103,8380416,996.67,6810,0.02100326,0.016767751425504684,-0.006443965145444963,0.2,-0.2810192784294486,0.22936197916666667,0.9998114705085754,0.2835323214530945,0.10105556946946308,5e-05
1181,683,773.41950661,7104,8392704,1000.0,6820,0.018404163,-0.002170838415622711,-0.002473925745895637,0.2,-0.2528645970548193,0.22842610677083333,0.9999232888221741,0.28303447365760803,0.015975041345033483,5e-05
1182,684,769.2584215700001,7105,8404992,1000.0,6830,0.019255698,-0.0018572569824755192,-0.004420166033378336,0.2,-0.2277264129370451,0.24080403645833334,0.9999293088912964,0.28279468417167664,0.019661990545379617,5e-05
1184,685,782.8706527800002,7106,8417280,1000.0,6840,0.017067177,-0.001567389816045761,-0.00260630276267572,0.2,-0.20524984768902263,0.21874186197916667,0.9998602867126465,0.28244784474372864,0.046468982364361484,5e-05
1185,686,781.38403284,7107,8429568,1000.0,6850,0.020671284,0.0065034180879592896,-0.0037195864026822773,0.2,-0.1896517782782515,0.23246256510416666,0.999913215637207,0.2821319103240967,0.03028589099800835,5e-05
1187,687,773.7957269600001,7108,8441856,994.66,6860,0.018154051,0.006939016282558441,-0.0033684611776455616,0.2,-0.1705970974639058,0.2436767578125,0.9998606443405151,0.2815336585044861,0.07075566731315727,5e-05
1189,688,761.2120484700001,7110,8454144,991.71,6870,0.021238184,-0.007689571939408779,-0.0021559404737975757,0.2,-0.14815732712546983,0.3147786458333333,0.9993316531181335,0.28108856081962585,0.09869056215587382,5e-05
1190,689,766.2060415300001,7111,8466432,991.71,6880,0.029376695,0.02491713874042034,-0.0010384626781160477,0.2,-0.13462643884122372,0.29195963541666664,0.9997165203094482,0.28088632225990295,0.07005834841402248,5e-05
1192,690,779.1871893900002,7112,8478720,991.71,6890,0.01956947,0.13971096277236938,0.00029618008023438354,0.2,-0.13127936081339917,0.2683024088541667,0.9997290372848511,0.28092876076698303,0.1474921826059775,5e-05
1193,691,768.1926597299998,7113,8491008,991.71,6900,0.01982929,0.024996943771839142,-0.002182314940970779,0.2,-0.11433645201226075,0.22439778645833333,0.9999818205833435,0.2802954614162445,0.013536204118281603,5e-05
1195,692,766.4923958100002,7114,8503296,991.09,6910,0.020870784,0.03608746454119682,0.0014132939279079438,0.2,-0.09776461437965432,0.29075520833333335,0.9998374581336975,0.28037166595458984,0.05093240409429806,5e-05
1196,693,774.12111091,7115,8515584,988.79,6920,0.02293182,0.008332989178597927,0.0005882108938142968,0.2,-0.09333942662924528,0.303466796875,0.9998753666877747,0.2802482843399048,0.03210063169632728,5e-05
1198,694,797.1735739400002,7116,8527872,988.79,6930,0.02143648,0.00010730139911174774,-0.00037633950463108096,0.2,-0.0827325134848555,0.2818684895833333,0.9998335242271423,0.280129075050354,0.08270216130961974,5e-05
1199,695,760.4770511700001,7117,8540160,992.57,6940,0.01976507,0.011491343379020691,-0.0007733512099851699,0.2,-0.07414722057680288,0.2338623046875,0.9999527931213379,0.2802133858203888,0.017264168551385715,5e-05
1201,696,735.46670672,7118,8552448,992.57,6950,0.018977256,-0.003254747251048684,-0.003295080305057733,0.2,-0.05849035605788231,0.21378580729166666,0.9997791051864624,0.2797408998012543,0.007825411715505956,5e-05
1202,697,733.0933598299999,7120,8564736,995.52,6960,0.016501717,0.003930496983230114,-0.006740295104585433,0.2,-0.0256610956043005,0.22544759114583332,0.9999618530273438,0.27920717000961304,0.009873599150159862,5e-05
1204,698,724.4692169999997,7121,8577024,991.38,6970,0.016908541,-0.00017574476078152657,3.441026104458918e-05,0.2,0.000974410151441892,0.2364990234375,0.9999735355377197,0.27886441349983215,0.01367833775584586,5e-05
1205,699,714.9470460200001,7122,8589312,988.87,6980,0.022421042,0.020899692550301552,-0.0030179294330688815,0.2,0.008689369385441145,0.28761393229166665,0.9991586208343506,0.2787923812866211,0.055672969426571704,5e-05
1207,700,715.0356065199999,7123,8601600,980.61,6990,0.020286443,0.02573169767856598,-0.0018892413325374946,0.2,0.015950126200914384,0.2731201171875,0.999207615852356,0.27867403626441956,0.06259790795156732,5e-05
1209,701,687.06682263,7124,8613888,960.48,7000,0.024389798,0.09295619279146194,-0.0016960392968030646,0.2,0.023824684570233026,0.29153645833333336,0.9972173571586609,0.2787390351295471,0.279343766416423,5e-05
1210,702,666.93175669,7125,8626176,953.87,7010,0.018841414,0.23649734258651733,-0.007094139767286833,0.2,0.016884383683403333,0.215673828125,0.9964696764945984,0.2791905701160431,0.9090781892028947,5e-05
1212,703,678.27145158,7126,8638464,939.38,7020,0.016426777,0.16862216591835022,0.00022211461085438108,0.2,0.004936345790823301,0.24735514322916666,0.9986925721168518,0.2792721092700958,0.47235674457624555,5e-05
1213,704,698.70979013,7127,8650752,935.56,7030,0.026363125,0.23516178131103516,5.491622093056018e-05,0.2,0.0074229420473178225,0.29303385416666666,0.9985653758049011,0.2790217697620392,0.46445994746560854,5e-05
1215,705,679.4764688600002,7128,8663040,933.89,7040,0.027672583,0.04148206487298012,-0.0018737352923684132,0.2,0.010020452241102854,0.3317057291666667,0.999107301235199,0.2792540192604065,0.13670505166519434,5e-05
1216,706,693.4880099200001,7129,8675328,933.27,7050,0.019150933,0.03371497988700867,-0.00015032692026579754,0.2,0.01576210620502631,0.27162272135416665,0.999748170375824,0.27889081835746765,0.12399794425970564,5e-05
1218,707,696.5005027199998,7130,8687616,928.41,7060,0.017528843,0.5734987258911133,-0.007739739188885627,0.2,0.0231258196135362,0.19768880208333334,0.9958887696266174,0.2787085771560669,1.1609995405655353,5e-05
1219,708,732.2458389799999,7131,8699904,946.5,7070,0.02230735,0.29327672719955444,-0.0005677015831073125,0.2,0.027462106198072433,0.2864908854166667,0.9983327984809875,0.2786719799041748,1.0450551914361617,5e-05
1221,709,723.48764752,7132,8712192,954.17,7080,0.019400546,0.026478618383407593,-0.0015746284528480221,0.2,0.03885899521410465,0.2664876302083333,0.9997479915618896,0.2784371078014374,0.10049841710133478,5e-05
1222,710,723.5996163299999,7133,8724480,957.32,7090,0.021461725,0.013100977055728436,-0.00367258416711896,0.2,0.04926436841487884,0.29009602864583334,0.9991708993911743,0.27841004729270935,0.13159453731883938,5e-05
1224,711,715.9942587100002,7134,8736768,965.7,7100,0.02421532,0.39883700013160706,-0.0029884423866557578,0.2,0.05545755612353484,0.2520345052083333,0.9982298612594604,0.2782341241836548,0.6492059078455592,5e-05
1226,712,727.8334638900001,7135,8749056,965.7,7110,0.016239986,0.11435028165578842,-0.0012479588207497728,0.2,0.059870430082082746,0.2283447265625,0.9992647171020508,0.2782331705093384,0.23320341003127396,5e-05
1227,713,717.9908381,7136,8761344,967.37,7120,0.019563682,0.1951526254415512,-0.0010102736370754429,0.2,0.06532746503750483,0.2524658203125,0.9994475841522217,0.2779395282268524,0.23771602929725003,5e-05
1229,714,740.0450258,7137,8773632,972.13,7130,0.022465417,0.016817651689052582,0.0009143784331778686,0.2,0.08315913022185366,0.26548665364583335,0.9999342560768127,0.277490496635437,0.02135099972753475,5e-05
1230,715,739.8566857899998,7138,8785920,979.5,7140,0.016391385,-7.440801709890366e-05,-0.0008123513893224299,0.2,0.09894328018029531,0.23397623697916667,0.9999268651008606,0.2771543264389038,0.025519148607660705,5e-05
1232,716,725.2951430800001,7139,8798208,979.5,7150,0.017895838,0.02388135716319084,0.0002542540760866056,0.2,0.11070795943960547,0.20960286458333333,0.9998689293861389,0.277067631483078,0.023657346181183432,5e-05
1233,717,728.6536747199998,7140,8810496,985.05,7160,0.017804177,0.01519203744828701,-0.002353507735339614,0.2,0.13550645311673482,0.22198079427083334,0.9999247789382935,0.2765052616596222,0.016700365803747747,5e-05
1235,718,730.9725156200002,7141,8822784,980.34,7170,0.022490164,0.07732648402452469,-0.004758090230461675,0.2,0.15200106259435414,0.24864095052083332,0.999082088470459,0.27661389112472534,0.2853346480910356,5e-05
1236,719,751.7662092799999,7142,8835072,990.27,7180,0.032841522,0.09888628125190735,-0.0018752175383269787,0.2,0.14635856629659733,0.31468098958333335,0.9992406368255615,0.27682071924209595,0.2272416753306364,5e-05
1238,720,746.0681887000001,7143,8847360,987.42,7190,0.029783666,0.041338514536619186,0.00020206584740662948,0.2,0.1478942050288121,0.2983805338541667,0.9996507167816162,0.2766011655330658,0.11801145810168237,5e-05
1239,721,751.7695063400002,7144,8859648,987.42,7200,0.017654171,0.025527115911245346,-0.0023793086875230074,0.2,0.14967300985008478,0.2829182942708333,0.9976757764816284,0.27692556381225586,0.14195763088064267,5e-05
1241,722,741.0668113700001,7145,8871936,987.42,7210,0.017740982,-0.0047603268176317215,9.86929100084429e-05,0.2,0.15197582201411328,0.25836588541666666,0.9997592568397522,0.27683746814727783,0.0780724918586202,5e-05
1243,723,722.64259122,7147,8884224,987.42,7220,0.017697647,-0.006918530911207199,-0.0017257082479773089,0.2,0.16354285900791485,0.23812662760416667,0.9999098777770996,0.27671191096305847,0.016000450213323348,5e-05
1244,724,712.34546765,7148,8896512,984.24,7230,0.022903046,0.024101097136735916,0.0008857769328945627,0.2,0.1725014740601182,0.282666015625,0.997880220413208,0.27651795744895935,0.23326255705518026,5e-05
1246,725,716.6511861399999,7149,8908800,970.06,7240,0.021403268,0.010832533240318298,-0.002930150741303805,0.2,0.17293521768103043,0.25066731770833334,0.9991783499717712,0.2765561640262604,0.2043120826827362,5e-05
1247,726,730.62140812,7150,8921088,973.55,7250,0.019723246,0.2587010860443115,-0.007139694198849611,0.2,0.16949783451855183,0.18802897135416666,0.9965708255767822,0.2764970362186432,2.2751729721203446,5e-05
1249,727,723.3071907600001,7151,8933376,963.27,7260,0.024796695,0.17312650382518768,0.0004231943933215613,0.2,0.17685675161580244,0.2959798177083333,0.9985039234161377,0.2761647701263428,0.5442862626786034,5e-05
1250,728,715.50727122,7152,8945664,946.29,7270,0.0251765,0.21112486720085144,-0.00031552710133837537,0.2,0.18452381193637848,0.2762858072916667,0.9987038373947144,0.2761136591434479,0.6901191232725978,5e-05
1252,729,689.0194249299999,7153,8957952,920.11,7280,0.021674821,0.14754512906074524,-0.002647708605703277,0.2,0.19975062717373174,0.28827311197916666,0.9990326166152954,0.2756417393684387,0.46660824604332446,5e-05
1253,730,687.5957566900001,7154,8970240,920.11,7290,0.027675638,0.10469834506511688,-0.001624952161607022,0.2,0.21785436334709327,0.3192138671875,0.9992915987968445,0.27528807520866394,0.2091826445578287,5e-05
1255,731,696.3264777900002,7155,8982528,923.29,7300,0.01829567,0.012573987245559692,-0.0009855328906269278,0.2,0.2329471484447519,0.24564615885416666,0.9999571442604065,0.2752337157726288,0.02052031526885306,5e-05
1256,732,702.9119417599999,7156,8994816,928.7,7310,0.015097886,0.003197658807039261,-0.0008689371063762034,0.2,0.2505310898646712,0.22393391927083334,0.9999450445175171,0.27493467926979065,0.020625896115476886,5e-05
1258,733,664.03168124,7157,9007104,933.58,7320,0.02533052,0.06300473213195801,-0.0014033480042902132,0.2,0.26024704954276484,0.29982096354166665,0.9992225766181946,0.27488473057746887,0.08283256481324013,5e-05
1260,734,666.0210314200001,7158,9019392,947.98,7330,0.017784134,-0.0032613808289170265,-0.003409578316495754,0.2,0.27577775785078606,0.21297200520833334,0.9999566078186035,0.2743302881717682,0.010648590365114311,5e-05
1261,735,660.2302742900001,7159,9031680,944.26,7340,0.018297838,-0.006033574230968952,-0.0038279113708995284,0.2,0.29217657297849653,0.23333333333333334,0.9993686676025391,0.2741512358188629,0.1487076840053002,5e-05
1263,736,671.73590651,7160,9043968,961.24,7350,0.02321405,0.1879783719778061,-0.010651850334155218,0.2,0.2993509940182169,0.16990559895833332,0.9867375493049622,0.27407902479171753,1.5246010092785582,5e-05
1264,737,707.56781348,7161,9056256,982.31,7360,0.020743348,0.06687738001346588,-0.0004438869009997385,0.2,0.3053012410799662,0.2510009765625,0.9986516237258911,0.27388590574264526,0.46736100730486213,5e-05
1266,738,705.53688985,7162,9068544,985.45,7370,0.01923999,0.022976910695433617,0.0012201247615545678,0.2,0.3256949797893564,0.23949381510416667,0.9994784593582153,0.27333372831344604,0.0731088361198393,5e-05
1267,739,706.9679012600002,7163,9080832,983.26,7380,0.022050984,0.04277405887842178,0.00043976108621185026,0.2,0.3395597837244471,0.25831705729166665,0.999555230140686,0.2735152542591095,0.13630872628030677,5e-05
1269,740,696.84107138,7164,9093120,982.23,7390,0.030984128,0.05401375889778137,0.0020238150837637173,0.2,0.34449990298599004,0.29974772135416666,0.9989748597145081,0.2732055187225342,0.23406225671836486,5e-05
1270,741,748.8727988999999,7165,9105408,982.23,7400,0.018691903,0.029523218050599098,-0.00022465069535731647,0.2,0.35268915121754013,0.25222981770833336,0.9995304942131042,0.27331599593162537,0.12510673889579874,5e-05
1272,742,742.9912111499999,7166,9117696,982.23,7410,0.020708473,0.008281050249934196,-0.0014631778559608696,0.2,0.3511761516953508,0.2752766927083333,0.9998070597648621,0.27327820658683777,0.049113463032214595,5e-05
1273,743,764.1597981,7167,9129984,986.64,7420,0.021774942,0.020631983876228333,-0.0023162573968875224,0.2,0.36281798587491115,0.2554524739583333,0.9997656941413879,0.2728559672832489,0.04511916169431061,5e-05
1275,744,748.0058092,7167,9142272,986.64,7430,0.025490304,0.07688239961862564,-0.00013388166674606813,0.2,0.3693376698841651,0.270947265625,0.9991371631622314,0.272980660200119,0.2908010709642743,5e-05
1276,745,739.6248383500001,7168,9154560,977.49,7440,0.021898797,0.007703258190304041,-0.001162332177530819,0.2,0.37316040707131226,0.2677815755208333,0.999925434589386,0.27275893092155457,0.015258798651242007,5e-05
1278,746,718.1975804099999,7169,9166848,968.73,7450,0.018012205,0.07888901978731155,-0.0014171723218169064,0.2,0.38984131446729103,0.24471028645833334,0.9993735551834106,0.2723214626312256,0.17416030462676038,5e-05
1280,747,729.5632211099999,7170,9179136,962.97,7460,0.023497095,0.052156299352645874,-0.007148208224680275,0.2,0.4045194492364923,0.24901529947916667,0.998543918132782,0.27209070324897766,0.2469846553246801,5e-05
1281,748,724.9802498499998,7171,9191424,956.34,7470,0.02543559,0.03433278948068619,-0.00039008184539852665,0.2,0.410998765937984,0.30641276041666665,0.9996576905250549,0.272024542093277,0.16287593104837772,5e-05
1283,749,680.6684285200001,7172,9203712,929.91,7480,0.017906474,0.18769395351409912,-0.003130777685873909,0.2,0.41043230015784504,0.22578125,0.9973171949386597,0.27213621139526367,0.7948012240231037,5e-05
1284,750,666.1706198100001,7173,9216000,922.1,7490,0.026553467,0.6593837141990662,-0.002596938785184951,0.2,0.4133257980768879,0.28056640625,0.9963096380233765,0.27215835452079773,1.1259545495112737,5e-05
1286,751,672.08058346,7174,9228288,922.1,7500,0.023301104,0.04007025435566902,-0.00018501755209096398,0.2,0.42574787822862464,0.31051432291666664,0.9993893504142761,0.2717076241970062,0.2359989962928618,5e-05
1287,752,682.4325325499999,7175,9240576,922.1,7510,0.020452514,0.05916696786880493,-0.0015697989850499046,0.2,0.4455559810002645,0.25111490885416665,0.9996737837791443,0.2714519202709198,0.36729605060536413,5e-05
1289,753,680.91003065,7176,9252864,935.59,7520,0.018459668,-0.00524350069463253,0.0018539324063264453,0.2,0.4499392213920752,0.24549153645833333,0.9999421238899231,0.27184438705444336,0.01514468204016642,5e-05
1290,754,678.3655021599999,7177,9265152,941.11,7530,0.021329433,0.008335684426128864,-0.001339026875818187,0.2,0.44555256944149735,0.22899576822916667,0.999951958656311,0.27193477749824524,0.0120656631673531,5e-05
1292,755,703.0688548699999,7178,9277440,936.78,7540,0.020628026,0.030866220593452454,-0.0008130085640004836,0.2,0.43747648820281027,0.28050130208333335,0.9996914863586426,0.27238035202026367,0.12452718279479692,5e-05
1293,756,711.6707520799999,7179,9289728,949.93,7550,0.025076812,0.08383269608020782,0.00022192031222706038,0.2,0.4310155967871348,0.29361165364583336,0.9993769526481628,0.2723454535007477,0.18998506101391588,5e-05
1295,757,733.8147789899999,7180,9302016,968.1,7560,0.016535856,0.008280377835035324,-0.0017533519785501994,0.2,0.44646601285785437,0.23335774739583334,0.9998711943626404,0.27181029319763184,0.034899901090345034,5e-05
1297,758,741.39849357,7181,9314304,980.19,7570,0.029438099,0.08237089961767197,0.0019013078131441337,0.2,0.4629574177165826,0.29532063802083336,0.9991763830184937,0.2716635763645172,0.11155867039536436,5e-05
1298,759,746.2871150799999,7182,9326592,980.19,7580,0.01787033,0.020156104117631912,0.002609352141977676,0.2,0.4677255365997553,0.23992513020833334,0.9999088048934937,0.27148959040641785,0.01743041768495459,5e-05
1300,760,752.4418683300001,7182,9338880,964.26,7590,0.018015267,-0.005301550030708313,-0.0024034626704330245,0.2,0.4825321527818839,0.23583984375,0.9999176859855652,0.2711648643016815,0.034540625770265856,5e-05
1301,761,753.07124704,7183,9351168,955.94,7600,0.02136609,0.040913067758083344,-0.0011152649031525167,0.2,0.5033670137325923,0.25802408854166664,0.9996340274810791,0.2708210051059723,0.1338372013065964,5e-05
1303,762,734.9908634199998,7184,9363456,961.88,7610,0.02207607,0.022304201498627663,-0.002607658052875195,0.2,0.5182375008861224,0.28016764322916665,0.9998162984848022,0.270611435174942,0.09240926009758064,5e-05
1304,763,739.54111974,7185,9375744,968.19,7620,0.018686103,0.05193735659122467,-0.008018583276619513,0.2,0.5391485689828793,0.2736328125,0.9997062683105469,0.2702217102050781,0.09259597456548363,5e-05
1306,764,743.0871478299999,7186,9388032,967.96,7630,0.02296035,0.1437833607196808,-0.0019005173036324172,0.2,0.5586702235043048,0.3076090494791667,0.9992642998695374,0.2700900137424469,0.34627204115192095,5e-05
1307,765,750.90209873,7187,9400320,969.47,7640,0.022699812,-0.016973167657852173,-0.0034217556540776664,0.2,0.574912729114294,0.252099609375,0.9999634623527527,0.2696956396102905,0.01616550701825569,5e-05
1309,766,761.7651446700002,7188,9412608,962.84,7650,0.018023586,0.04641270264983177,0.0013214704861942057,0.2,0.5917818697790305,0.28863118489583334,0.9997868537902832,0.2696473002433777,0.08471504784732437,5e-05
1311,767,755.6676690400002,7187,9424896,960.6,7660,0.0343581,0.13755863904953003,-0.0015148521362182996,0.2,0.596738745768865,0.3103841145833333,0.9991424679756165,0.2698878347873688,0.2559631758757556,5e-05
1312,768,743.8520723599999,7188,9437184,976.53,7670,0.026599228,0.021176310256123543,0.0012490924903734897,0.2,0.5988331314176321,0.32610677083333334,0.99982088804245,0.2697618305683136,0.05191890615969896,5e-05
1314,769,759.8228493499998,7188,9449472,984.85,7680,0.014234394,-0.005522239021956921,-0.002655607805354521,0.2,0.6157272615780433,0.21790364583333333,0.9999703168869019,0.26936155557632446,0.013876724297491212,5e-05
1316,770,771.3269516499998,7188,9461760,978.74,7690,0.020091577,0.007203251123428345,-0.0020127716299612073,0.2,0.6371536531796058,0.23594563802083332,0.9999367594718933,0.26906517148017883,0.029465391721654063,5e-05
1317,771,803.44907326,7189,9474048,978.84,7700,0.021412024,0.10676105320453644,8.477132602517183e-05,0.2,0.6564536172896623,0.25298665364583334,0.9988442063331604,0.26853522658348083,0.4224213265813887,5e-05
1319,772,792.5053481600002,7189,9486336,981.63,7710,0.019468708,0.02048860676586628,0.001017401433394601,0.2,0.663535121579965,0.3045735677083333,0.9997212290763855,0.2686842381954193,0.057166363143672544,5e-05
1320,773,791.36347922,7190,9498624,977.43,7720,0.014821075,0.013353160582482815,-0.004222661372235355,0.2,0.6759091564764579,0.235205078125,0.9999621510505676,0.2680983543395996,0.016067504503492577,5e-05
1322,774,804.5906542700002,7191,9510912,981.79,7730,0.017490761,0.041327837854623795,0.0015459289075806736,0.2,0.6953441797445218,0.2646565755208333,0.999733567237854,0.2678881585597992,0.12575117095839233,5e-05
1324,775,807.3627229700002,7192,9523200,983.84,7740,0.021089427,0.008429862558841705,-0.0001890755505883135,0.2,0.6976328710714976,0.27569173177083334,0.9993667006492615,0.26802578568458557,0.12086842748103663,5e-05
1325,776,794.0535879400002,7193,9535488,978.32,7750,0.031462654,0.016662321984767914,0.00017450536931088814,0.2,0.6919676187137763,0.336083984375,0.9983038306236267,0.2682298719882965,0.10616607054447134,5e-05
1327,777,788.8034326600001,7194,9547776,974.16,7760,0.031322297,0.015017908066511154,0.0001401760964654386,0.2,0.6999553803354501,0.365283203125,0.9997007846832275,0.2678869068622589,0.08636316942283884,5e-05
1328,778,766.1095962499999,7195,9560064,977.26,7770,0.023417823,0.0569286122918129,-0.001474323969159741,0.2,0.7128806333988905,0.2713216145833333,0.9996688365936279,0.2678014934062958,0.1307933217807052,5e-05
1330,779,754.5208179,7196,9572352,980.65,7780,0.021094793,0.027411431074142456,-0.004185075320371349,0.2,0.7187200281769037,0.26825358072916666,0.9998555183410645,0.2680492401123047,0.08800714199508851,5e-05
1331,780,764.4632385600001,7196,9584640,980.65,7790,0.021054467,0.10683643817901611,-0.0010473780760851998,0.2,0.7277962490916252,0.26484375,0.9997836947441101,0.26752886176109314,0.11295991452643647,5e-05
1333,781,742.8796042600001,7197,9596928,980.93,7800,0.015413892,0.003531026653945446,-0.001953719797893427,0.2,0.7488830058525006,0.2550130208333333,0.9998511075973511,0.26707667112350464,0.0344714832045914,5e-05
1334,782,747.8922611600001,7198,9609216,983.2,7810,0.022649074,0.6796653270721436,-0.006997494970952782,0.2,0.7621907415489356,0.20448404947916668,0.9918137788772583,0.26696494221687317,2.3406805358516674,5e-05
1336,783,728.1572059599999,7199,9621504,959.65,7820,0.01918338,0.004573267884552479,-0.0029749171114720713,0.2,0.7729977431396643,0.2569091796875,0.9997993111610413,0.26692816615104675,0.09551320669706911,5e-05
1337,784,719.57567491,7200,9633792,947.45,7830,0.018793397,0.13631238043308258,-0.0011566165883171683,0.2,0.7814022322495778,0.24972330729166667,0.9981225728988647,0.26676300168037415,0.3600703726367404,5e-05
1339,785,743.40520269,7201,9646080,950.45,7840,0.025984531,0.027788948267698288,-0.004677395488154919,0.2,0.7995981473475695,0.2603515625,0.9997214674949646,0.26623889803886414,0.15732158982815841,5e-05
1341,786,745.78763661,7201,9658368,950.79,7850,0.022765316,0.04091743007302284,-0.0011793645462603308,0.2,0.8051390240589777,0.28306477864583335,0.9996457099914551,0.26658833026885986,0.05875704765397435,5e-05
1342,787,727.7294948399998,7202,9670656,946.0,7860,0.03942768,0.02191421389579773,0.0007446602792091047,0.2,0.7882948705305656,0.32403157552083334,0.9996432662010193,0.26685646176338196,0.07874230523205673,5e-05
1344,788,736.31096851,7203,9682944,941.62,7870,0.022166425,0.0002477513626217842,-0.00397515354125062,0.2,0.7842300968865553,0.29991048177083335,0.9998406767845154,0.26673030853271484,0.045391021399215484,5e-05
1345,789,748.09115913,7204,9695232,943.46,7880,0.015404384,0.08638498187065125,-0.004035909088512805,0.2,0.7913635661204655,0.22939453125,0.999524712562561,0.26669082045555115,0.2666764066554606,5e-05
1347,790,742.35969911,7205,9707520,949.07,7890,0.0376897,0.013527078554034233,0.0006786948278507528,0.2,0.7892973312487205,0.3271077473958333,0.9997507333755493,0.2668904960155487,0.05230334813240915,5e-05
1348,791,763.1679587,7206,9719808,966.28,7900,0.014631393,0.016200171783566475,-0.0004344203310514179,0.2,0.8045024214933316,0.23463541666666668,0.9999244213104248,0.2661934196949005,0.01825255826309634,5e-05
1350,792,785.12893904,7207,9732096,978.5,7910,0.017633453,0.04516562074422836,-0.001269953812394912,0.2,0.8243139342715343,0.23872884114583334,0.9997531771659851,0.2661871016025543,0.1480609909631312,5e-05
1351,793,780.06000709,7208,9744384,976.87,7920,0.021548932,0.06383885443210602,1.0406258904064694e-05,0.2,0.8174306174119313,0.3034912109375,0.9991050362586975,0.2665456533432007,0.13513504153427977,5e-05
1353,794,797.3147090499999,7209,9756672,977.22,7930,0.02275584,-0.011874251998960972,-0.005306497958857411,0.2,0.8171548115710418,0.2556396484375,0.9999087452888489,0.2664873003959656,0.020643243922192293,5e-05
1354,795,809.9642826900001,7209,9768960,982.01,7940,0.02679392,0.03530164062976837,0.0032597662284388207,0.2,0.8248416935404141,0.3175130208333333,0.9995467662811279,0.2663891613483429,0.1546210361838651,5e-05
1356,796,798.2975300700001,7210,9781248,986.39,7950,0.02446642,0.020733319222927094,-0.001585150177803977,0.2,0.8355459953347842,0.24986165364583332,0.9999632239341736,0.2662959694862366,0.016989861882757397,5e-05
1358,797,789.8368698900001,7211,9793536,988.47,7960,0.017970733,-0.004643233492970467,-0.001516711604684436,0.2,0.8537160207827886,0.24755859375,0.9999524354934692,0.2660430371761322,0.013441176267224363,5e-05
1359,798,783.5849870000001,7212,9805824,988.47,7970,0.017282693,0.013321474194526672,0.002480246596193562,0.2,0.869049288953344,0.2502197265625,0.9998430013656616,0.26570332050323486,0.020795960606968342,5e-05
1361,799,784.1044361799999,7213,9818112,993.03,7980,0.019835366,0.005912523716688156,-0.003794641656471261,0.2,0.878787470360597,0.22314453125,0.9990788102149963,0.26573634147644043,0.19723219485216154,5e-05
1362,800,777.4816275399999,7214,9830400,994.91,7990,0.0219476,0.029802696779370308,-0.0015220922854496167,0.2,0.8791088638206322,0.2931884765625,0.9998390078544617,0.26555535197257996,0.0436891448237778,5e-05
1364,801,770.73994039,7215,9842688,991.29,8000,0.014483441,0.002272124867886305,-0.0014341172233495552,0.2,0.8925060212612153,0.22982584635416667,0.9999643564224243,0.26509878039360046,0.014837003725309236,5e-05
1365,802,775.73040531,7215,9854976,988.7,8010,0.020377932,0.06567254662513733,-0.0069112474457748855,0.2,0.9069907709956169,0.2275146484375,0.9986300468444824,0.2649296820163727,0.14993009118673703,5e-05
1367,803,766.6391498099997,7216,9867264,975.38,8020,0.023390556,0.038615427911281586,-0.0022413985066426297,0.2,0.9163646426051855,0.3030924479166667,0.9991731643676758,0.26483801007270813,0.22732478643689927,5e-05
1368,804,767.5909225799999,7217,9879552,958.14,8030,0.05419298,0.14945857226848602,0.002521906941061995,0.2,0.9177917136500279,0.30337727864583336,0.9983347654342651,0.26473599672317505,0.4930798590338478,5e-05
1370,805,764.2880266800001,7218,9891840,954.6,8040,0.029645592,0.17521639168262482,-0.007567792866999904,0.2,0.918575897688667,0.233056640625,0.996436595916748,0.26472488045692444,1.6664646827615797,5e-05
1371,806,781.97533053,7219,9904128,944.45,8050,0.038971994,0.3782571852207184,-0.0016143470852208945,0.2,0.9254620543370644,0.31729329427083336,0.9987183213233948,0.2645352780818939,0.831907895184122,5e-05
1373,807,791.86982856,7219,9916416,937.59,8060,0.025226375,0.3341097831726074,-0.004221425224386621,0.2,0.9250353086739779,0.2853922526041667,0.9981814026832581,0.26468297839164734,1.0417820584028958,5e-05
1375,808,787.51798336,7220,9928704,937.0,8070,0.028301954,0.5933981537818909,-0.004619176924946563,0.2,0.9249459387113651,0.2912516276041667,0.9988760352134705,0.2645394802093506,0.7519558212952688,5e-05
1376,809,722.9096423300001,7221,9940992,892.23,8080,0.03817029,0.1225009560585022,0.0007024754391750321,0.2,0.9326954168577989,0.3619384765625,0.9987156987190247,0.264455109834671,0.39746614542479314,5e-05
1378,810,667.6781718499999,7222,9953280,837.48,8090,0.047626436,0.14074967801570892,-0.002988138315170848,0.2,0.9441891693820555,0.27023111979166664,0.9972099661827087,0.26402199268341064,0.6111845262348652,5e-05
1379,811,649.37768139,7223,9965568,812.78,8100,0.022711014,0.4116861820220947,-0.00996157233651805,0.2,0.9689909357577562,0.24503580729166666,0.9985050559043884,0.26361849904060364,1.0034317393476764,5e-05
1381,812,600.10771909,7224,9977856,760.4,8110,0.019806502,0.2908075451850891,-0.004757474126139035,0.2,0.9825462143868208,0.2571533203125,0.998421311378479,0.2634854018688202,0.8036448646336793,5e-05
1382,813,582.2029900399999,7224,9990144,756.28,8120,0.022008069,0.20386268198490143,-0.002914368751225993,0.2,0.979365386068821,0.2823486328125,0.9990298748016357,0.2639112174510956,0.3580072024216255,5e-05
1384,814,565.16908167,7225,10002432,763.73,8130,0.023018396,0.017577791586518288,-0.0010517389654220702,0.2,0.9788607964913051,0.29169108072916666,0.9996722340583801,0.26365646719932556,0.11310405343926201,5e-05
1385,815,578.36986111,7226,10014720,778.68,8140,0.023537146,0.01389215886592865,0.0006179169189029684,0.2,0.9842222726593415,0.2834879557291667,0.9996347427368164,0.26360324025154114,0.09847364508896135,5e-05
1387,816,603.6307535899999,7227,10027008,820.59,8150,0.017699173,-0.0009568249806761742,-0.0011447092576418072,0.2,0.9898991122841835,0.23436686197916667,0.9998942017555237,0.26373526453971863,0.035940152402811995,5e-05
1388,817,630.9302514399999,7228,10039296,867.68,8160,0.023715412,0.14960840344429016,-0.007632384026510408,0.2,0.9975493105749289,0.19059244791666666,0.9943446516990662,0.26363587379455566,1.5614466984484656,5e-05
1390,818,655.28335764,7229,10051584,907.29,8170,0.025039634,0.036069732159376144,-0.0005649193694504599,0.2,1.0054141350090504,0.24623209635416668,0.9990482330322266,0.26354941725730896,0.2843696095282212,5e-05
1391,819,679.28128636,7229,10063872,932.48,8180,0.017174553,0.009608801454305649,-0.00047570636961609126,0.2,1.0098874631027381,0.25166015625,0.9998607039451599,0.2635849416255951,0.05855028066240872,5e-05
1393,820,730.57388575,7230,10076160,975.84,8190,0.0157678,0.03244885802268982,0.0006466859920086184,0.2,1.0287248832484086,0.21654459635416667,0.9998981952667236,0.263103187084198,0.0401067183391812,5e-05
1395,821,742.0728169499998,7231,10088448,989.01,8200,0.017382717,0.15107500553131104,-0.001586398231665953,0.2,1.0428977854549886,0.24320475260416666,0.9994065761566162,0.26326027512550354,0.3493332111160271,5e-05
1396,822,751.7009840500001,7232,10100736,991.5,8210,0.018126566,0.059577688574790955,-0.0002534284062373141,0.2,1.0472841024398805,0.24075520833333333,0.9997884631156921,0.2631378471851349,0.07309164053294807,5e-05
1398,823,776.5912701,7233,10113024,991.5,8220,0.023472747,0.020245719701051712,0.00042895577692737185,0.2,1.056570053100586,0.2780354817708333,0.9998465180397034,0.2631661891937256,0.06755360960572337,5e-05
1399,824,811.4746386800002,7233,10125312,995.89,8230,0.016481677,0.032131973654031754,-0.00020843004191798778,0.2,1.0688022668162982,0.22018229166666667,0.9999286532402039,0.26283037662506104,0.06250633538390199,5e-05
1401,825,813.9275112399997,7234,10137600,995.89,8240,0.020943306,0.09814898669719696,0.0024016678404829386,0.2,1.0828461170196533,0.30279134114583334,0.9993330836296082,0.26253649592399597,0.19594270462015023,5e-05
1402,826,812.1043250900001,7235,10149888,995.89,8250,0.01751694,-0.012309752404689789,-0.001364030153005539,0.2,1.0863891484836736,0.24702962239583334,0.9999512434005737,0.2627296447753906,0.019607832754263654,5e-05
1404,827,785.10909994,7236,10162176,995.89,8260,0.016851138,-0.013815285637974739,-0.0015932004117833762,0.2,1.0919714838266372,0.23445638020833334,0.9999611973762512,0.262668251991272,0.011945306662043246,5e-05
1405,828,771.0543402400002,7237,10174464,993.83,8270,0.021053344,-0.0003681713715195656,0.0010228841672263419,0.2,1.1014373111228148,0.2725341796875,0.9995828866958618,0.262492299079895,0.03468744416992801,5e-05
1407,829,771.6409230000002,7238,10186752,994.03,8280,0.014728908,0.015010567381978035,-0.002213507832978697,0.2,1.11619437734286,0.21315104166666668,0.9998818635940552,0.2621577978134155,0.0317364755164211,5e-05
1408,830,741.9299105000001,7239,10199040,988.8,8290,0.019402616,0.006861160509288311,0.0016000512119110984,0.2,1.1288670686384041,0.2607828776041667,0.9994404315948486,0.26226678490638733,0.04474972549942322,5e-05
1410,831,701.2600339699999,7239,10211328,975.7,8300,0.026250696,-0.006362317129969597,-0.0035550049290274427,0.2,1.134916980812947,0.23748372395833334,0.9972504377365112,0.2621625065803528,0.09814667329386187,5e-05
1411,832,687.8019701500001,7240,10223616,969.75,8310,0.025106633,0.023393800482153893,-0.003908250861907921,0.2,1.1394435162345569,0.25076497395833336,0.9995003938674927,0.2620776295661926,0.09098439534815649,5e-05
1413,833,675.3417967900001,7241,10235904,969.75,8320,0.025228247,0.018467333167791367,-0.0005269601703427421,0.2,1.1389693923294544,0.2641194661458333,0.9995386004447937,0.26209938526153564,0.08841039253165946,5e-05
1415,834,680.3558296,7242,10248192,967.0,8330,0.020579437,0.010467697866261005,-0.0005334947233980832,0.2,1.1398826929430166,0.22986653645833333,0.9999406933784485,0.2619752883911133,0.01685302153346129,5e-05
1416,835,672.0498126,7242,10260480,957.63,8340,0.021996805,0.035417694598436356,-0.0004827545635635033,0.2,1.1388253348569075,0.3039632161458333,0.9988043308258057,0.2621432840824127,0.1808430032261337,5e-05
1418,836,683.36152881,7243,10272768,957.63,8350,0.019928308,0.13707002997398376,-0.008248136581581396,0.2,1.1320184551179409,0.19969075520833332,0.9854159951210022,0.2622692584991455,3.6238342836809654,5e-05
1419,837,665.1856824300002,7244,10285056,958.99,8360,0.016908487,-0.00609282311052084,-0.003752760853967629,0.2,1.1394680259128411,0.27206217447916664,0.999820351600647,0.2621690332889557,0.0735773197025992,5e-05
1421,838,696.6363666700001,7245,10297344,957.65,8370,0.019411156,0.028339454904198647,-0.001478406106859135,0.2,1.1384569344421227,0.2656168619791667,0.9997833967208862,0.26220178604125977,0.053792899486143145,5e-05
1422,839,712.9367015800001,7245,10309632,972.59,8380,0.019276092,0.17738723754882812,-0.0012041782523738221,0.2,1.138498998184999,0.2336669921875,0.9984620809555054,0.262104332447052,0.4109566179569811,5e-05
1424,840,729.4004602800001,7246,10321920,975.97,8390,0.020746974,0.012996796518564224,0.0005641121106843154,0.2,1.1494810216128826,0.24178059895833334,0.9999018311500549,0.2619015872478485,0.031189729958229388,5e-05
1425,841,766.8534402399999,7247,10334208,975.97,8400,0.018081004,0.11217382550239563,-0.0013974976328123981,0.2,1.1578463641305765,0.22874348958333332,0.9993956089019775,0.26175373792648315,0.34809026718139646,5e-05
1427,842,768.8098774900001,7248,10346496,967.95,8410,0.01639842,0.04117875546216965,-0.0005471141936141066,0.2,1.1689610943198203,0.24860026041666666,0.9998897910118103,0.26148295402526855,0.06840694710845127,5e-05
1429,843,774.10660264,7248,10358784,979.38,8420,0.030336907,0.04118571802973747,-0.00157405941572506,0.2,1.169571748872598,0.26925455729166664,0.9996198415756226,0.26186731457710266,0.1601749250665307,5e-05
1430,844,757.4192031900001,7249,10371072,979.38,8430,0.014686088,0.014247370883822441,0.00029138965716507905,0.2,1.17311942478021,0.23006184895833334,0.9998667240142822,0.2615591287612915,0.024473673101359356,5e-05
1432,845,769.1337330399999,7250,10383360,972.66,8440,0.020095175,0.00659360084682703,-0.001994730950051841,0.2,1.1904398302237194,0.23269856770833333,0.9998811483383179,0.2613948583602905,0.03483776868476222,5e-05
1433,846,747.3406492999999,7251,10395648,976.11,8450,0.021912917,0.020527472719550133,-0.0002605679925181903,0.2,1.2055160050590834,0.2601399739583333,0.9997235536575317,0.2610883414745331,0.044770172083129486,5e-05
1435,847,726.9792156399999,7251,10407936,954.77,8460,0.022844054,0.012366904877126217,-0.004598673050350044,0.2,1.219774785389503,0.23448893229166667,0.9998706579208374,0.26089411973953247,0.026932646235218273,5e-05
1436,848,674.37392722,7252,10420224,942.75,8470,0.021034539,0.021350933238863945,-0.0009215810908547913,0.2,1.2321696723500888,0.25741373697916664,0.9996616840362549,0.26069745421409607,0.06557789207824195,5e-05
1438,849,641.39303419,7253,10432512,920.65,8480,0.022939451,-0.0032384786754846573,-0.0025751528951028983,0.2,1.2343072737256686,0.23662923177083334,0.9997618198394775,0.26074913144111633,0.06112751245576267,5e-05
1439,850,640.88351598,7254,10444800,918.78,8490,0.0172617,0.16484613716602325,-0.002456296160138057,0.2,1.2313712577025095,0.24676920572916666,0.9988781809806824,0.26069018244743347,0.3629659367725253,5e-05
1441,851,636.7852350000001,7254,10457088,895.36,8500,0.024255559,0.08251053094863892,-0.0052413504890864715,0.2,1.230974039932092,0.26634114583333335,0.9988287091255188,0.2605876922607422,0.16794039373441288,5e-05
1442,852,633.5048705300001,7255,10469376,882.67,8510,0.020949135,0.28395745158195496,-0.004599158923277476,0.2,1.2352889843285084,0.24881184895833333,0.9980378746986389,0.2606765031814575,0.7339684992097318,5e-05
1444,853,644.12604556,7256,10481664,893.22,8520,0.02941677,4.155023097991943,-0.002848991849653733,0.2,1.243104882289966,0.2919677734375,0.9978298544883728,0.2603895962238312,1.4116964844055473,5e-05
1446,854,645.37450458,7256,10493952,904.8,8530,0.018035943,0.0008040480315685272,-3.8492565605944645e-05,0.2,1.2569468234976133,0.26735026041666665,0.9997274875640869,0.25984707474708557,0.04953926088831698,5e-05
1447,855,653.73324146,7257,10506240,915.44,8540,0.018985273,0.006442004814743996,-0.0012576824221468997,0.2,1.2810023948550224,0.22012532552083333,0.9999143481254578,0.25950711965560913,0.01640720177286615,5e-05
1449,856,661.8199480899999,7258,10518528,914.18,8550,0.022560233,0.013397056609392166,-0.0015190719983365852,0.2,1.293789084504048,0.2447265625,0.9998571276664734,0.25955265760421753,0.050909989113764216,5e-05
1450,857,678.594893,7258,10530816,922.21,8560,0.01821695,0.656503438949585,-0.0035914930422829153,0.2,1.3013450766603152,0.2522705078125,0.9987752437591553,0.2593052089214325,0.5364784923847765,5e-05
1452,858,692.6985537,7259,10543104,931.66,8570,0.023943314,0.039535947144031525,-1.7337151803076267e-06,0.2,1.3101637045542398,0.28740234375,0.998644232749939,0.25914523005485535,0.23558222542827328,5e-05
1453,859,726.20972243,7260,10555392,953.84,8580,0.017138904,0.011729860678315163,0.0002680410136235878,0.2,1.3180638852218787,0.242578125,0.9998965859413147,0.2589227557182312,0.03621692283583495,5e-05
1455,860,733.6034413599997,7261,10567680,961.99,8590,0.017883837,0.005793942138552666,-0.00047778780669129143,0.2,1.3405515919129054,0.2653889973958333,0.9999437928199768,0.2584512531757355,0.02188845452425691,5e-05
1456,861,742.3807726599998,7261,10579968,961.99,8600,0.017340615,-0.017909934744238853,-0.0031850388074720587,0.2,1.3590408228337765,0.23714192708333334,0.9999809265136719,0.2583669126033783,0.008689978451487453,5e-05
1458,862,761.9452058300001,7262,10592256,960.05,8610,0.021148616,0.01708069071173668,-0.002003320332732983,0.2,1.3710621808966001,0.23236490885416666,0.9999777674674988,0.258298397064209,0.012109537985331069,5e-05
1460,863,750.9337866199999,7263,10604544,962.42,8620,0.03416237,0.018841642886400223,0.0024408377619693057,0.2,1.3705683020253976,0.2994384765625,0.9988910555839539,0.25852203369140625,0.21130888930832345,5e-05
1461,864,775.8510128199999,7264,10616832,985.01,8630,0.023594862,0.07213541120290756,-0.0013380209667957388,0.2,1.3664126043518385,0.2724690755208333,0.9994918704032898,0.25860777497291565,0.2511993747049322,5e-05
1463,865,766.31893351,7264,10629120,990.37,8640,0.01788602,0.014082031324505806,0.00014514900103677065,0.2,1.3729496863981088,0.24208170572916668,0.9999719858169556,0.2584368884563446,0.013628632644152578,5e-05
1464,866,765.9061580799998,7265,10641408,987.1,8650,0.024375984,-0.0018300218507647514,0.0013063380790602726,0.2,1.377638613184293,0.3101725260416667,0.999757707118988,0.2582205533981323,0.03983307143207639,5e-05
1466,867,735.7630910299999,7266,10653696,966.28,8660,0.028053448,0.061591796576976776,0.0005814837849660155,0.2,1.3815830916166305,0.3229736328125,0.9986927509307861,0.2581428587436676,0.1863995401499172,5e-05
1467,868,718.72131208,7267,10665984,959.24,8670,0.02318657,0.10230621695518494,-0.005022315338040547,0.2,1.3851153522729873,0.30421549479166665,0.9993295073509216,0.2582004964351654,0.20646200678311288,5e-05
1469,869,733.6506024100001,7267,10678272,956.93,8680,0.03153844,0.0237833671271801,-0.0011265073151056034,0.2,1.3846414950986703,0.285791015625,0.9993824362754822,0.25801756978034973,0.1355523635400459,5e-05
1470,870,730.37955167,7268,10690560,953.63,8690,0.026997596,0.10773961246013641,0.004050649930528986,0.2,1.3860162911315759,0.3364176432291667,0.9969686269760132,0.2579827606678009,0.3472409277999153,5e-05
1472,871,718.12692021,7269,10702848,956.3,8700,0.033518996,0.13119082152843475,0.0017450628947699443,0.2,1.3910274073481559,0.3712972005208333,0.9987967610359192,0.25796887278556824,0.1893209068609091,5e-05
1473,872,722.6244350699999,7270,10715136,956.3,8710,0.033254545,0.06267496943473816,0.0005058518261648714,0.2,1.3963707017401854,0.31680501302083336,0.9994152188301086,0.2579430043697357,0.2210621542374914,5e-05
1475,873,737.5833045300001,7270,10727424,959.46,8720,0.019621363,0.010541215538978577,0.0018155738835048396,0.2,1.416202356169621,0.2590250651041667,0.9999682903289795,0.25744614005088806,0.020459905134824416,5e-05
1476,874,723.0582372799998,7271,10739712,957.4,8730,0.018541323,0.002829909324645996,0.000623437234510978,0.2,1.444248162706693,0.23887532552083332,0.9999486207962036,0.2571430802345276,0.01820804432500154,5e-05
1478,875,743.63578961,7272,10752000,965.98,8740,0.025688907,0.036226287484169006,-0.0023046516893373338,0.2,1.454521258175373,0.28606770833333334,0.9989678859710693,0.25709354877471924,0.1403348662192002,5e-05
1480,876,763.1423971300001,7272,10764288,977.65,8750,0.030755656,-0.011670256033539772,0.0011578809576652323,0.2,1.4491114407777785,0.3682779947916667,0.9993343353271484,0.2573850154876709,0.09177556261129212,5e-05
1481,877,748.1797057899998,7273,10776576,979.96,8760,0.020588646,0.01607339084148407,-0.0011743074067150398,0.2,1.457850676526626,0.23859049479166666,0.999982476234436,0.2568412721157074,0.011274652798116827,5e-05
1483,878,766.1274832000003,7274,10788864,980.28,8770,0.021504954,0.02038797177374363,0.0008818283987541993,0.2,1.4810809366405011,0.2585693359375,0.9999576210975647,0.25655415654182434,0.03742819401765397,5e-05
1484,879,758.3819544899999,7275,10801152,982.14,8780,0.017055782,0.013461517170071602,-9.547287578849742e-05,0.2,1.490768169114987,0.23949381510416667,0.9999039173126221,0.2566135823726654,0.021642449309001676,5e-05
1486,880,768.3315975400001,7276,10813440,977.29,8790,0.017623568,0.00916694663465023,0.0010687136144648926,0.2,1.4940342443684738,0.22281901041666666,0.9999446868896484,0.25666701793670654,0.014719962011440657,5e-05
1487,881,761.5565167999999,7276,10825728,972.74,8800,0.022464624,0.1496860831975937,-0.007618937377992551,0.2,1.4941390824814638,0.234423828125,0.9931958317756653,0.2566257417201996,3.251629297466328,5e-05
1489,882,764.33213441,7277,10838016,968.18,8810,0.018712236,0.12360146641731262,0.002096021236987629,0.2,1.4958025865256785,0.3112711588541667,0.9976761937141418,0.2567312717437744,0.4799787946821501,5e-05
1490,883,757.7157904,7278,10850304,969.19,8820,0.021290667,0.07581453025341034,-0.0012440269798389635,0.2,1.5027147923906645,0.3078694661458333,0.9991676211357117,0.2564055919647217,0.2530639090575278,5e-05
1492,884,751.95379702,7278,10862592,940.02,8830,0.027461216,0.10124463587999344,0.0019684226412209683,0.2,1.5108779105047385,0.3373779296875,0.9996863007545471,0.2563399076461792,0.1283565058760966,5e-05
1493,885,758.5814172399998,7279,10874880,944.94,8840,0.024275905,1.0145801305770874,-0.009795047623629215,0.2,1.5085923463106155,0.19513346354166666,0.9921940565109253,0.2562433183193207,5.206204532645643,5e-05
1495,886,780.48929954,7280,10887168,931.35,8850,0.01923076,0.019506845623254776,-0.0029039693714973205,0.2,1.5225161659220854,0.2576497395833333,0.9997476935386658,0.2557682693004608,0.10371505909133702,5e-05
1496,887,777.4628641799999,7280,10899456,920.42,8860,0.024750626,0.26648861169815063,0.0009605958029472579,0.2,1.5302719329794248,0.32601725260416664,0.9984756112098694,0.2557639181613922,0.46612443279785415,5e-05
1498,888,763.5669545500001,7281,10911744,914.41,8870,0.020898173,0.19364483654499054,-0.0015425295030581764,0.2,1.5382330777744453,0.2520670572916667,0.9988672733306885,0.25541946291923523,0.46010994870836536,5e-05
1500,889,795.55121053,7282,10924032,917.16,8880,0.028114816,0.11914857476949692,0.0009718571585835889,0.2,1.551719486216704,0.2860188802083333,0.9988579750061035,0.255177766084671,0.5240926455240696,5e-05
1501,890,800.5535996399999,7283,10936320,921.78,8890,0.029848943,0.06297965347766876,0.0025989163953151245,0.2,1.5634118075172105,0.32900390625,0.9993929266929626,0.25499656796455383,0.20421732476291557,5e-05
1503,891,809.5204969800001,7283,10948608,921.78,8900,0.019894995,0.0008241245523095131,-0.0009374000107830701,0.2,1.5685927167534828,0.2828287760416667,0.9997782707214355,0.25504812598228455,0.12834791759572303,5e-05
1504,892,828.49149174,7284,10960896,944.77,8910,0.014623069,0.050640903413295746,2.2794524071893343e-05,0.2,1.5717084608972072,0.2385009765625,0.9998552799224854,0.2550067901611328,0.07066330269056682,5e-05
1506,893,815.9513671699999,7284,10973184,946.38,8920,0.01931329,0.35203397274017334,-0.0007210130002931692,0.2,1.5695484745005766,0.31692708333333336,0.9975796937942505,0.2550573945045471,0.520617428740176,5e-05
1507,894,794.32755528,7285,10985472,953.78,8930,0.017847802,0.009325687773525715,-0.0022596859164574806,0.2,1.5693894197543463,0.2482177734375,0.999954104423523,0.25525450706481934,0.020013581961393356,5e-05
1509,895,809.9896965599999,7286,10997760,964.71,8940,0.0261328,0.00977349653840065,-0.005395783734275028,0.2,1.568772438665231,0.28053385416666665,0.9991308450698853,0.2554342746734619,0.3092295620163592,5e-05
1510,896,796.08244405,7286,11010048,972.76,8950,0.022729477,0.01030400674790144,0.0009025734090149247,0.2,1.5649930633604527,0.2793701171875,0.9998850226402283,0.25541165471076965,0.033568356323909636,5e-05
1512,897,778.63519771,7287,11022336,965.73,8960,0.019784296,0.005322180688381195,-0.00330448278109543,0.2,1.559500726312399,0.2501302083333333,0.9993838667869568,0.2556857764720917,0.17394108327959354,5e-05
1514,898,788.35523803,7288,11034624,969.9,8970,0.019854233,0.3286358118057251,0.00033023824556342637,0.2,1.5540494831899803,0.24496256510416667,0.9968287348747253,0.2556600868701935,0.6435666402801872,5e-05
1515,899,757.63269951,7288,11046912,968.1,8980,0.02390105,0.029796697199344635,-0.00022164647525642068,0.2,1.5660883334775766,0.2697509765625,0.9995982646942139,0.2550708055496216,0.1307398481022877,5e-05
1517,900,757.8543322000002,7289,11059200,957.41,8990,0.024286507,0.0717167928814888,-0.0016416553922075157,0.2,1.5752704004446665,0.2493896484375,0.9996346831321716,0.2550949454307556,0.17271993443525085,5e-05
1518,901,732.3886641600001,7290,11071488,945.57,9000,0.018774973,0.505307674407959,-0.00585348785292202,0.2,1.572342399507761,0.22141927083333332,0.996623158454895,0.2552606761455536,1.2445476186772189,5e-05
1520,902,753.1265891200003,7291,11083776,950.15,9010,0.01942915,1.7110824584960938,-0.009136022205348126,0.2,1.5703821778297424,0.18208821614583334,0.9885544776916504,0.2552686035633087,3.199633861457308,5e-05
1521,903,748.92098853,7291,11096064,947.91,9020,0.02574893,0.02250891551375389,0.004057871371818085,0.2,1.587510525683562,0.299169921875,0.9998693466186523,0.2546432912349701,0.054511825848991675,5e-05
1523,904,751.0728383600002,7292,11108352,950.91,9030,0.032521274,0.023968126624822617,0.0014018506684806199,0.2,1.6189903030792872,0.30079752604166665,0.9998789429664612,0.25404492020606995,0.07094034821105501,5e-05
1524,905,760.34614416,7293,11120640,962.94,9040,0.023052111,0.12509986758232117,-0.00034575114987092095,0.2,1.6373616337776185,0.2934163411458333,0.9986855983734131,0.25389155745506287,0.47829969103137654,5e-05
1526,906,763.1776168700001,7293,11132928,964.18,9050,0.018316804,-0.000612420029938221,-0.004130680188245606,0.2,1.6425810687243938,0.23929850260416666,0.9999280571937561,0.25381138920783997,0.02536903149836386,5e-05
1527,907,775.1189913799998,7294,11145216,966.12,9060,0.021334365,0.011357513256371021,-0.0012114490379948014,0.2,1.6477485969662666,0.2537027994791667,0.9999601244926453,0.25372472405433655,0.01583684065747851,5e-05
1529,908,791.2983943400002,7295,11157504,976.81,9070,0.020402292,0.19113044440746307,-0.0029486790410980274,0.2,1.6514697750409444,0.2654947916666667,0.998899519443512,0.25380268692970276,0.48004293713408214,5e-05
1530,909,799.8430193199998,7295,11169792,975.79,9080,0.018015487,0.013396494090557098,0.0013108819941408001,0.2,1.6468129764000574,0.2574055989583333,0.9999146461486816,0.2541621923446655,0.036075712724899255,5e-05
1532,910,781.91904146,7296,11182080,981.11,9090,0.031050662,0.033703114837408066,-0.005012872758864736,0.2,1.6474360207716623,0.25306803385416665,0.9918166399002075,0.25402167439460754,1.8746311405751233,5e-05
1534,911,757.0961939599999,7297,11194368,981.27,9100,0.020086238,-0.004807975143194199,-0.003054784671985544,0.2,1.654205422848463,0.2530924479166667,0.9998703598976135,0.2542579174041748,0.017503227803778523,5e-05
1535,912,756.62396819,7297,11206656,981.94,9110,0.026055204,1.1412681341171265,-0.00425496536239128,0.2,1.6512112694482008,0.2621663411458333,0.9979923963546753,0.25430789589881897,0.9248491605666156,5e-05
1537,913,731.11480718,7298,11218944,978.83,9120,0.018833352,0.4174239933490753,-0.0008878175227437169,0.2,1.6502786867320538,0.2502848307291667,0.9993226528167725,0.2541096806526184,0.41330538514109016,5e-05
1538,914,726.9150081399998,7299,11231232,969.51,9130,0.030457571,0.6270809173583984,-0.004189622192158519,0.2,1.6567947261035443,0.2875162760416667,0.9955220818519592,0.2540094554424286,3.005005015215526,5e-05
1540,915,751.85133068,7299,11243520,969.06,9140,0.022358248,0.9635659456253052,-0.005491048143691539,0.2,1.661090680460135,0.2363037109375,0.9922623038291931,0.2539252042770386,5.382754382304848,5e-05
1541,916,745.58405511,7300,11255808,968.85,9150,0.023498008,0.7015071511268616,-0.0034192721315775996,0.2,1.6701963514089584,0.3001627604166667,0.9970276951789856,0.253641813993454,1.9890758355148137,5e-05
1543,917,740.8091090400001,7301,11268096,968.65,9160,0.018509472,1.7826390266418457,-0.008159447840686578,0.2,1.678712473064661,0.23287760416666667,0.9925476908683777,0.2536153793334961,6.8425086709049845,5e-05
1544,918,762.0977598200001,7301,11280384,968.65,9170,0.03643747,0.04843940585851669,-0.0005467911939679956,0.2,1.6888425235946973,0.34739583333333335,0.9989729523658752,0.25343775749206543,0.42355818663102884,5e-05
1546,919,786.72087835,7302,11292672,970.35,9180,0.02402871,0.08593039959669113,0.0036519055469398155,0.2,1.7035437839726606,0.34686686197916666,0.9995632767677307,0.2532016932964325,0.14275672199825445,5e-05
1547,920,781.84036775,7303,11304960,970.35,9190,0.02931693,0.01688610017299652,0.0025707919761771337,0.2,1.7121877764662108,0.37045084635416664,0.9989919662475586,0.2531571090221405,0.06735727087749789,5e-05
1549,921,780.21234043,7303,11317248,964.81,9200,0.025836818,0.24286812543869019,-0.004223510136459178,0.2,1.7231095438202222,0.29183756510416664,0.9983163475990295,0.2527865171432495,0.7242766410189991,5e-05
1551,922,769.5875864,7304,11329536,952.07,9210,0.025432823,0.1623818278312683,-0.008643826705034977,0.2,1.7334776888291041,0.1968017578125,0.9916455745697021,0.25272122025489807,4.720934006695946,5e-05
1552,923,772.0104364900002,7305,11341824,958.03,9220,0.018415758,5.627551078796387,-0.00838704943744233,0.2,1.737134181211392,0.17989095052083334,0.9885314702987671,0.25258341431617737,7.596935664489865,5e-05
1554,924,777.5373579999999,7305,11354112,957.89,9230,0.028893748,0.0848817527294159,0.000576081262503673,0.2,1.7335636295378207,0.34230143229166665,0.9981976747512817,0.2529282569885254,0.26689679191137355,5e-05
1555,925,763.98971847,7306,11366400,934.02,9240,0.024191588,0.07714325934648514,-0.004705107353220228,0.2,1.7341462607185045,0.27683919270833335,0.9995079040527344,0.2527672052383423,0.13185865388562282,5e-05
1557,926,768.0401475300001,7307,11378688,934.4,9250,0.033722784,0.6987753510475159,-0.0025023604583111593,0.2,1.7419700793921948,0.2695068359375,0.995834469795227,0.25286102294921875,2.5466317165332537,5e-05
1558,927,783.9202726900002,7308,11390976,929.87,9260,0.018275848,0.054891616106033325,0.000528320278681349,0.2,1.752035555243492,0.2539306640625,0.9993380308151245,0.2525871992111206,0.1476565340689073,5e-05
1560,928,788.40021634,7308,11403264,925.38,9270,0.022200922,0.0821457952260971,-0.0008228306042534921,0.2,1.76690346673131,0.30170084635416666,0.9994986057281494,0.2524976432323456,0.15310461931706718,5e-05
1561,929,786.3089757200001,7309,11415552,935.03,9280,0.021692343,0.1516052484512329,-0.0006066349014872685,0.2,1.7689581726988157,0.2857747395833333,0.9981204271316528,0.2524500787258148,0.6676395506753275,5e-05
1563,930,790.5807863699999,7309,11427840,953.33,9290,0.017348489,0.006062035448849201,-0.0006761078873144773,0.2,1.777580446501573,0.2494140625,0.9998270273208618,0.252141535282135,0.03736868674168363,5e-05
1564,931,777.53175873,7310,11440128,953.86,9300,0.01566177,0.013419315218925476,-0.0005910739661582435,0.2,1.7830370041231314,0.23412272135416667,0.9998751878738403,0.25235089659690857,0.03146403262896153,5e-05
1566,932,756.82185508,7311,11452416,961.75,9310,0.015625881,0.03778921812772751,-0.001483228327318405,0.2,1.797889403005441,0.22723795572916666,0.9999350905418396,0.2519107758998871,0.015457590407459065,5e-05
1567,933,749.5296923599999,7312,11464704,977.06,9320,0.01785644,0.021585825830698013,-0.003335181262809783,0.2,1.8227819432814916,0.22766927083333333,0.9999403953552246,0.2517950236797333,0.018820271918472523,5e-05
1569,934,735.8645260399999,7312,11476992,977.27,9330,0.020595685,0.004175503738224506,-0.0005305698604691618,0.2,1.838693247238795,0.23483072916666667,0.9999630451202393,0.2516973316669464,0.017113322738441638,5e-05
1570,935,726.6907386600001,7313,11489280,981.8,9340,0.01841451,10.542989730834961,-0.002994451696577016,0.2,1.8435067559281986,0.20794270833333334,0.9913289546966553,0.2515712082386017,4.3463105217708895,5e-05
1572,936,718.8068023,7314,11501568,988.21,9350,0.015059516,-0.00011581601575016975,-0.0013820706672656039,0.2,1.855257773399353,0.2263916015625,0.9999536871910095,0.25142914056777954,0.015381360977577667,5e-05
1574,937,725.31605338,7314,11513856,979.06,9360,0.01712688,0.3442021608352661,-0.006599075988439533,0.2,1.8627272374927997,0.21180826822916668,0.9823264479637146,0.25139644742012024,11.565284479533632,5e-05
1575,938,740.8645708899999,7315,11526144,971.24,9370,0.023371456,0.03816699609160423,0.0013170813574106433,0.2,1.8631249589224657,0.26943359375,0.9995322823524475,0.25139662623405457,0.15135503332906713,5e-05
1577,939,758.4498036699999,7316,11538432,971.24,9380,0.033086542,0.35388869047164917,-0.0016298808317515069,0.2,1.8649533808231353,0.2655517578125,0.9940028190612793,0.25137558579444885,4.836571756439905,5e-05
1578,940,750.4942020899999,7316,11550720,962.75,9390,0.021331808,0.10104885697364807,0.002417417132528499,0.2,1.8694462180137634,0.3008219401041667,0.9993407726287842,0.25124359130859375,0.29060185273798805,5e-05
1580,941,779.30257321,7317,11563008,962.75,9400,0.028289845,0.8671371936798096,-0.004094467487205596,0.2,1.873956141869227,0.27471516927083334,0.9923424124717712,0.25118568539619446,4.802366656872134,5e-05
1581,942,790.9213651299999,7318,11575296,971.3,9410,0.015498191,0.04250206798315048,0.0011875660541894224,0.2,1.8814044833183288,0.25030924479166666,0.9998621344566345,0.2510654628276825,0.052961356953407326,5e-05
1583,943,799.9796869299998,7318,11587584,971.3,9420,0.026310807,0.014724190346896648,-0.00030789083248237146,0.2,1.8787270672619343,0.31197916666666664,0.9994543194770813,0.25135254859924316,0.11883473726532733,5e-05
1584,944,800.2846356699998,7319,11599872,977.8,9430,0.01638537,0.05810728296637535,-0.00016483376530231907,0.2,1.8773285801211992,0.22228190104166667,0.9994851350784302,0.2513493001461029,0.11017823501800497,5e-05
1586,945,792.04991826,7320,11612160,977.8,9440,0.023645474,0.027388956397771835,-0.0028680107042115804,0.2,1.8783226971824964,0.2697021484375,0.9994363188743591,0.25162407755851746,0.10477536219793061,5e-05
1587,946,785.27240064,7320,11624448,983.75,9450,0.017170677,0.0009584194049239159,0.0010353171028934108,0.2,1.8771938413381577,0.22782389322916666,0.9999173879623413,0.251651406288147,0.0321453426964581,5e-05
1589,947,768.4625694000001,7321,11636736,979.86,9460,0.023299217,9.670769691467285,-0.0038714239810360594,0.2,1.8805017225444316,0.23616536458333334,0.993393063545227,0.2516676187515259,3.7527097354798267,5e-05
1590,948,774.6511695500001,7322,11649024,978.09,9470,0.030988641,0.2016272246837616,0.001647845825937111,0.2,1.8816458741823832,0.2755045572916667,0.9975651502609253,0.2516844868659973,1.1686324637538443,5e-05
1592,949,766.5994147899999,7323,11661312,978.09,9480,0.03005573,0.04496649280190468,-0.005869073101591008,0.2,1.8824439562857151,0.33745930989583334,0.9995525479316711,0.2518211603164673,0.20750008914619683,5e-05
1593,950,762.2260370899999,7323,11673600,978.09,9490,0.0199603,-0.00296106468886137,-0.0020782926158669094,0.2,1.8943389989435673,0.2641520182291667,0.999940812587738,0.25131216645240784,0.028617933951318265,5e-05
1595,951,763.59663115,7324,11685888,978.09,9500,0.01941636,-0.003391426522284746,-0.0005117441857388864,0.2,1.9196536580721537,0.21632486979166668,0.999966025352478,0.25108128786087036,0.01410653419540419,5e-05
1597,952,783.0202582299999,7324,11698176,983.98,9510,0.024258664,0.06612628698348999,-0.001741028908145381,0.2,1.9375657603144645,0.2768961588541667,0.9994217157363892,0.2507878243923187,0.20781788044453908,5e-05
1598,953,773.6629831299999,7325,11710464,983.98,9520,0.018714324,0.005240493454039097,-0.001701474610308651,0.2,1.953220005085071,0.25319010416666665,0.9999260306358337,0.25044700503349304,0.04293276223470457,5e-05
1600,954,759.28440697,7326,11722752,984.04,9530,0.016283197,0.007117435336112976,-0.0051130783254241885,0.2,1.9690740225215753,0.2300048828125,0.9999771118164062,0.25054964423179626,0.011077967508269164,5e-05
1601,955,745.4795534600001,7326,11735040,987.3,9540,0.026945837,0.0191775094717741,0.0024810443671109774,0.2,1.9729581547280153,0.30597330729166666,0.9990112781524658,0.2504945695400238,0.33887278406570354,5e-05
1603,956,747.6919890599999,7327,11747328,988.61,9550,0.028537078,0.1563023179769516,0.0006898099323734641,0.2,1.9679182946681977,0.3068359375,0.9985727071762085,0.25091174244880676,0.43201525043696165,5e-05
1604,957,742.24609486,7327,11759616,988.0,9560,0.031114614,0.020939407870173454,-0.0018900633047451265,0.2,1.9571756675839425,0.290869140625,0.9995965957641602,0.25101438164711,0.13434570654450606,5e-05
1606,958,748.3333274200002,7328,11771904,987.89,9570,0.020059524,0.0256901066750288,-0.002076062547954886,0.2,1.9523220052321753,0.2569498697916667,0.9998524785041809,0.25142064690589905,0.06393232173286378,5e-05
1607,959,749.2028323200003,7329,11784192,976.83,9580,0.020747358,0.009621615521609783,0.0010433776131928121,0.2,1.9426557938257853,0.2876057942708333,0.9997711777687073,0.251629114151001,0.06497169454426815,5e-05
1609,960,731.3219979,7329,11796480,969.22,9590,0.021993952,0.04455214738845825,-0.004437457121578821,0.2,1.9420701009531816,0.26846516927083336,0.9995277523994446,0.25167545676231384,0.15796841299161316,5e-05
1610,961,736.4132655299999,7330,11808768,969.22,9600,0.024492314,0.036404937505722046,0.0004289669610443525,0.2,1.9441323362290859,0.2752278645833333,0.999378502368927,0.2517647445201874,0.1160774579970166,5e-05
1612,962,741.3708480199997,7331,11821056,971.03,9610,0.022646802,0.03183203190565109,-0.0004193477667286061,0.2,1.9493731861313184,0.2514567057291667,0.9998854398727417,0.2516612112522125,0.03989646590392416,5e-05
1613,963,757.74833821,7331,11833344,968.21,9620,0.01733309,-0.009906517341732979,-0.002013606201702108,0.2,1.961203289280335,0.22815755208333333,0.9999633431434631,0.2515396177768707,0.010044934967299923,5e-05
1615,964,763.3970552899998,7332,11845632,971.09,9630,0.02675494,0.5409153699874878,-0.007813030792749486,0.2,1.9701876146097979,0.188525390625,0.9900105595588684,0.2515462338924408,3.6758534752142924,5e-05
1616,965,735.5451818700001,7333,11857920,963.64,9640,0.01930313,0.007949382066726685,0.0008475096304512894,0.2,1.9744545971353848,0.24674479166666666,0.9994191527366638,0.25153404474258423,0.06079140153791134,5e-05
1618,966,754.2754848699999,7334,11870208,963.75,9650,0.03650267,11.867948532104492,-0.0032545125136190715,0.2,1.97778514996171,0.2859130859375,0.9867448806762695,0.25151798129081726,5.803895781577254,5e-05
1620,967,755.7775812299999,7334,11882496,973.29,9660,0.02869866,0.016323627904057503,-0.0025507760840506916,0.2,1.9746684325238069,0.2966064453125,0.9985247850418091,0.25160083174705505,1.0555374730223168,5e-05
1621,968,775.4790484900001,7335,11894784,978.8,9670,0.027451083,0.0509411096572876,1.7801923483299713e-05,0.2,1.973861380169789,0.3181070963541667,0.9981002807617188,0.251541405916214,0.39119149518664925,5e-05
1623,969,780.30602734,7335,11907072,969.29,9680,0.031045176,0.0826677680015564,0.001549470999937815,0.2,1.9688347394267718,0.31866048177083334,0.999407172203064,0.25179898738861084,0.19827532893201957,5e-05
1624,970,777.5078786900001,7336,11919360,968.2,9690,0.031434588,4.160613059997559,-0.0022855550506695483,0.2,1.9573347171147664,0.3094563802083333,0.9937743544578552,0.2518105208873749,4.556184830144048,5e-05
1626,971,794.66798909,7337,11931648,977.72,9700,0.024025127,0.36733895540237427,-0.002618009951887264,0.2,1.9565669871866702,0.283447265625,0.9990043044090271,0.2518916428089142,0.6507453684850285,5e-05
1627,972,820.6293023900002,7337,11943936,974.74,9710,0.019332191,0.004655573517084122,0.003809051713324152,0.2,1.967077298462391,0.2556966145833333,0.9998202919960022,0.2517927587032318,0.047090095710397385,5e-05
1629,973,833.9685316400002,7338,11956224,977.52,9720,0.024835572,0.048383232206106186,-0.0016699153090788362,0.2,1.9835298168162505,0.26271158854166665,0.9997806549072266,0.25133785605430603,0.1543340527219698,5e-05
1630,974,820.8867626900001,7338,11968512,977.52,9730,0.027943438,0.6612057089805603,-0.0020908214724234615,0.2,1.9932756011684736,0.2766927083333333,0.993078887462616,0.2513139545917511,3.2725425862396755,5e-05
1632,975,822.7959840700001,7339,11980800,979.04,9740,0.020794608,0.03304892033338547,0.00029959381451287,0.2,2.017561544974645,0.2569661458333333,0.999406635761261,0.25036513805389404,0.1438502409689439,5e-05
1633,976,804.59572422,7340,11993088,972.43,9750,0.01860403,-0.00818946585059166,0.0007190407692784598,0.2,2.047060269117355,0.249853515625,0.9999378323554993,0.2500267028808594,0.01587098967769028,5e-05
1635,977,808.0140744700001,7340,12005376,981.83,9760,0.025040498,0.08849189430475235,-0.007277704971299196,0.2,2.0593721424539884,0.194677734375,0.9920237064361572,0.24984915554523468,4.358813965367153,5e-05
1636,978,788.5617120499998,7341,12017664,982.92,9770,0.026659727,0.01267545111477375,-0.000654149775315697,0.2,2.073343337078889,0.2715087890625,0.9998600482940674,0.24962134659290314,0.024141248467882785,5e-05
1638,979,763.5416662499999,7342,12029952,977.08,9780,0.020791156,0.013987552374601364,-0.0026061117969220504,0.2,2.0856837977965674,0.2531494140625,0.9994066953659058,0.24949395656585693,0.06495966218838779,5e-05
1640,980,749.4860752,7342,12042240,967.34,9790,0.026821196,0.09276948869228363,0.0016999711374713418,0.2,2.093266070385774,0.29783528645833335,0.999232828617096,0.24955753982067108,0.24568438665010034,5e-05
1641,981,751.9463553500001,7342,12054528,969.13,9800,0.02926852,0.5782837867736816,-0.003591940076876199,0.2,2.099037825067838,0.2948974609375,0.9972448348999023,0.249276265501976,1.4977423755762478,5e-05
1643,982,748.24993189,7342,12066816,969.13,9810,0.019600322,0.019944826140999794,-0.00152586063243992,0.2,2.1068330759803455,0.2880859375,0.9998031854629517,0.2491312175989151,0.09649116795820495,5e-05
1644,983,737.08725318,7343,12079104,969.13,9820,0.019362845,0.006489768624305725,-0.0008165109412705836,0.2,2.1207805956403414,0.23465983072916666,0.9998641610145569,0.24880318343639374,0.03601379711957028,5e-05
1646,984,765.5982763,7343,12091392,977.95,9830,0.01740919,0.002383016049861908,0.00040292503787592673,0.2,2.1325479045510294,0.23555501302083334,0.9999197125434875,0.24866224825382233,0.024565670194958027,5e-05
1648,985,764.0072071799998,7344,12103680,971.17,9840,0.015482471,0.02734554372727871,-0.002355366638706376,0.2,2.142250553270181,0.20892740885416666,0.9998679161071777,0.24855060875415802,0.07060081930346011,5e-05
1649,986,773.0670223000001,7344,12115968,968.14,9850,0.020628203,0.13485218584537506,-0.0003207215066746964,0.2,2.150670281549295,0.26611328125,0.9903964996337891,0.24856483936309814,3.86964783348764,5e-05
1651,987,783.6222765999999,7345,12128256,977.21,9860,0.022505516,-0.0002822738606482744,-0.004482973141421098,0.2,2.1719606652855874,0.23436686197916667,0.9999259114265442,0.24772273004055023,0.020495515396275248,5e-05
1652,988,772.9420916299999,7345,12140544,979.19,9870,0.021907983,0.639255166053772,-0.002190585892822128,0.2,2.2058981880545616,0.22880859375,0.9981746673583984,0.24728745222091675,0.976020555702659,5e-05
1654,989,773.8791734599998,7346,12152832,975.78,9880,0.02785869,0.046447139233350754,-0.0041797928781306835,0.2,2.2201331878701844,0.2542317708333333,0.9961690902709961,0.2470862865447998,2.2042525994591413,5e-05
1655,990,776.3595011900001,7346,12165120,967.01,9890,0.027944943,0.016050469130277634,0.0029673825168477683,0.2,2.227213135858377,0.30848795572916665,0.9996267557144165,0.24698610603809357,0.0878258221821549,5e-05
1657,991,769.4318199899999,7346,12177408,951.99,9900,0.020457454,0.14186424016952515,-0.0020131988004626084,0.2,2.247706217567126,0.2718017578125,0.9994036555290222,0.24647444486618042,0.2683744010515511,5e-05
1659,992,763.8106522900001,7347,12189696,940.75,9910,0.017866341,0.1876830756664276,-0.0013831345679742905,0.2,2.2647509361306826,0.27713216145833336,0.9988359212875366,0.2461034506559372,0.5339570414585372,5e-05
1660,993,746.634712,7347,12201984,939.0,9920,0.019848345,0.1290096789598465,-0.0016397902373379717,0.2,2.2738225494821864,0.2644124348958333,0.9987342953681946,0.24598558247089386,0.5607311415175597,5e-05
1662,994,771.03100511,7348,12214272,931.23,9930,0.0287805,0.21196916699409485,-1.6612310719210655e-05,0.2,2.2770507593949634,0.3024088541666667,0.9991443753242493,0.2461043745279312,0.4240985807807495,5e-05
1663,995,760.0086927199998,7348,12226560,937.36,9940,0.018397978,0.008869526907801628,0.000991722077014856,0.2,2.2850779990355172,0.26318359375,0.9999412298202515,0.24582655727863312,0.030359318318854397,5e-05
1665,996,750.7505831400001,7349,12238848,941.99,9950,0.020001134,-0.016735637560486794,-0.00044398195944571247,0.2,2.3079915632804235,0.2299072265625,0.9999681115150452,0.24558325111865997,0.01035665225451036,5e-05
1666,997,709.90841351,7349,12251136,902.16,9960,0.024242362,0.009696461260318756,0.00010287733142225383,0.2,2.3135343184073767,0.30174153645833335,0.9997599124908447,0.2456909418106079,0.04249026427666346,5e-05
1668,998,730.2500001499998,7350,12263424,903.66,9970,0.027217602,0.8977866172790527,-0.0038366387869852286,0.2,2.3125018815199536,0.263330078125,0.9968883991241455,0.24570266902446747,2.2373477634352943,5e-05
1670,999,705.3403235300002,7350,12275712,893.28,9980,0.02111201,0.20273582637310028,-0.0017644196460120535,0.2,2.3155376757184665,0.27444661458333336,0.9992491602897644,0.24553079903125763,0.35039706126165887,5e-05
1671,1000,707.7639478599999,7351,12288000,896.54,9990,0.028856484,0.05952339991927147,0.002332040708279237,0.2,2.32569183409214,0.317822265625,0.9994785189628601,0.24535822868347168,0.16948287535148363,5e-05
1673,1001,718.99581061,7351,12300288,903.46,10000,0.022813343,0.104856476187706,-0.0018566196769825183,0.2,2.3359574407339094,0.2725748697916667,0.999764084815979,0.24501252174377441,0.1712655058829114,5e-05
1674,1002,709.9778483499999,7352,12312576,903.46,10010,0.019980038,0.1028037741780281,-0.00046435513504547996,0.2,2.3542184005180995,0.253515625,0.9994996786117554,0.24450381100177765,0.2948347391715894,5e-05
1676,1003,732.9300947800001,7352,12324864,905.14,10020,0.019175105,0.016685621812939644,0.0012750109570333734,0.2,2.363997159898281,0.22831217447916666,0.999908447265625,0.24459409713745117,0.0207556641777046,5e-05
1677,1004,753.8093201699999,7352,12337152,907.74,10030,0.018269941,0.005815812386572361,-0.0014465475929076395,0.2,2.369978990157445,0.23165690104166667,0.9999744892120361,0.2443489283323288,0.011638264836316617,5e-05
1679,1005,784.03328556,7353,12349440,952.6,10040,0.0369675,0.01001148484647274,0.0008852237981045619,0.2,2.3697998305161794,0.29136555989583335,0.9998915195465088,0.24475853145122528,0.031739327698596755,5e-05
1681,1006,751.5194961799998,7353,12361728,959.16,10050,0.019826934,-0.008142584003508091,-0.002825456414332924,0.2,2.3722181618213654,0.2592529296875,0.9999569058418274,0.24475932121276855,0.016193940249892572,5e-05
1682,1007,756.5767217699998,7353,12374016,975.25,10060,0.0330051,0.021893586963415146,-0.0005386956701840973,0.2,2.3791806335250536,0.317724609375,0.9995662569999695,0.2445346862077713,0.04192783503094688,5e-05
1684,1008,769.0382944099999,7354,12386304,984.99,10070,0.021433538,0.06480267643928528,-0.0031870268377436634,0.2,2.3747309014201163,0.2565511067708333,0.9998006224632263,0.24491246044635773,0.12291420927892129,5e-05
1685,1009,774.1437827000002,7354,12398592,989.93,10080,0.019193131,0.033330176025629044,-0.0023320775134682966,0.2,2.3726863543192547,0.2606608072916667,0.9993473887443542,0.244937002658844,0.4481928112839038,5e-05
1687,1010,780.1989670900001,7354,12410880,989.93,10090,0.019920193,0.023659145459532738,0.0028029860695824027,0.2,2.3915084371964137,0.23793131510416668,0.9999443888664246,0.24452431499958038,0.02882854506606236,5e-05
1689,1011,774.0389760000002,7355,12423168,986.83,10100,0.017265212,0.004539845045655966,-0.0029059406185600284,0.2,2.4087149356802304,0.2287109375,0.9999791383743286,0.24451029300689697,0.01262683763828439,5e-05
1690,1012,761.71066816,7355,12435456,974.07,10110,0.028439159,0.01740066520869732,0.0017110461631091312,0.2,2.4210262641310694,0.29417317708333335,0.9998509287834167,0.2442348152399063,0.05329645020149958,5e-05
1692,1013,750.1982078099999,7355,12447744,959.27,10120,0.017048405,0.15900105237960815,-0.0013705070964836826,0.2,2.4337827747066814,0.24397786458333334,0.9971711039543152,0.24392522871494293,0.39550832045885426,5e-05
1693,1014,751.97360124,7356,12460032,942.69,10130,0.022990188,0.11407803744077682,-0.001137709029717371,0.2,2.4476201847195624,0.2945475260416667,0.9988780617713928,0.24366545677185059,0.26145720089164876,5e-05
1695,1015,738.1218188600001,7356,12472320,936.69,10140,0.028378313,0.16855110228061676,-0.0018514669597304116,0.2,2.4586106523871423,0.29090983072916665,0.9986050128936768,0.2434941530227661,0.7849327171221375,5e-05
1696,1016,724.9647496800001,7357,12484608,929.91,10150,0.02294635,0.06470151245594025,5.9055273110667866e-05,0.2,2.473496700823307,0.28233235677083335,0.9998313784599304,0.24316759407520294,0.0769666145555675,5e-05
1698,1017,711.9483859500001,7358,12496896,925.48,10160,0.026864806,0.057415399700403214,-0.0008367887227601992,0.2,2.4819222653905553,0.2857421875,0.9997488856315613,0.24313493072986603,0.18008612682654832,5e-05
1699,1018,678.4497342800003,7358,12509184,918.35,10170,0.03250948,0.06539678573608398,0.004859621041881231,0.2,2.4834792628884315,0.3505452473958333,0.998873770236969,0.2431230992078781,0.21769944872551908,5e-05
1701,1019,673.4254959200001,7359,12521472,923.36,10180,0.025179056,0.08940278738737106,0.0014262495931082716,0.2,2.4901550129055976,0.32732747395833334,0.9984726309776306,0.2429327815771103,0.1915791684684033,5e-05
1703,1020,677.62037717,7359,12533760,936.56,10190,0.03135283,0.14533275365829468,0.0008527545379668785,0.2,2.500333767135938,0.3358235677083333,0.9996210932731628,0.24276578426361084,0.20118766554320852,5e-05
1704,1021,687.7918146999999,7360,12546048,955.45,10200,0.019376874,0.005620210897177458,0.00034740170182582614,0.2,2.5124277849992116,0.2422119140625,0.9999552369117737,0.2425832897424698,0.011532971369645869,5e-05
1706,1022,688.7612049300001,7360,12558336,967.34,10210,0.021030664,-0.00983481202274561,-0.0008216553406479459,0.2,2.513720673322678,0.2821858723958333,0.9999197721481323,0.24266308546066284,0.023151651947409847,5e-05
1707,1023,721.9115005099999,7361,12570624,974.98,10220,0.018393388,0.011071160435676575,-0.0002814229897921905,0.2,2.5156381155053773,0.22361653645833332,0.9999807476997375,0.24247920513153076,0.009327272399483869,5e-05
1709,1024,696.16734909,7361,12582912,980.12,10230,0.019978922,0.013193563558161259,0.0007109412341378629,0.2,2.5279189899563788,0.23523763020833333,0.9999569654464722,0.2423364520072937,0.014595071982087877,5e-05
1710,1025,703.44502031,7362,12595200,984.55,10240,0.016506538,0.005020732991397381,-0.00013096895903193703,0.2,2.541740281879902,0.20748697916666667,0.9999622702598572,0.24226830899715424,0.010883430656879986,5e-05
1712,1026,708.1886206099999,7363,12607488,994.78,10250,0.019676225,0.013926800340414047,-0.00039140254812082277,0.2,2.556979517141978,0.2862630208333333,0.99956214427948,0.24191541969776154,0.05886051213213553,5e-05
1713,1027,722.3095500400002,7363,12619776,999.85,10260,0.01748907,-0.0009055393747985363,-0.00036500590407134346,0.2,2.5751901576916376,0.22391764322916666,0.9999778866767883,0.24165447056293488,0.010126749996076493,5e-05
1715,1028,737.02381662,7364,12632064,1000.0,10270,0.023504892,0.007578535936772823,-0.0006823391255845005,0.2,2.595617220799128,0.25662434895833336,0.9999365210533142,0.24131564795970917,0.019284285152874267,5e-05
1716,1029,754.2186089600001,7364,12644352,1000.0,10280,0.019864647,0.010939414612948895,-8.521639150179301e-05,0.2,2.6013748362660407,0.2462890625,0.9998906850814819,0.2415689378976822,0.020437657932052388,5e-05
1718,1030,755.9981756,7365,12656640,1000.0,10290,0.019940086,-0.009744318202137947,0.00288053923965587,0.2,2.600338276724021,0.23863118489583332,0.9999521374702454,0.24154771864414215,0.00997483428994504,5e-05
1719,1031,750.4655926499998,7365,12668928,1000.0,10300,0.016632034,0.01767212525010109,-7.670203825303664e-05,0.2,2.6111741582552592,0.2183349609375,0.9999530911445618,0.24142003059387207,0.010096968251067059,5e-05
1721,1032,766.35989186,7366,12681216,996.12,10310,0.014294248,0.00781858991831541,-0.0011529848037753255,0.2,2.626829120516777,0.21605631510416667,0.9999845027923584,0.24113404750823975,0.009737410183879547,5e-05
1723,1033,787.80738114,7366,12693504,993.37,10320,0.023309628,0.06049126759171486,-0.001218834328756202,0.2,2.634856959184011,0.26670735677083335,0.9964077472686768,0.2410687953233719,1.7181142322020606,5e-05
1724,1034,783.5082959299999,7367,12705792,993.37,10330,0.020673597,0.019079532474279404,-0.00036779084669736527,0.2,2.6295047665635747,0.28050130208333335,0.9991893768310547,0.2411792278289795,0.13779275307121377,5e-05
1726,1035,792.6493593399999,7367,12718080,988.6,10340,0.019070238,-0.006449944339692593,0.00024336447143771995,0.2,2.6258919060230257,0.26446126302083334,0.999962329864502,0.24108581244945526,0.012619499341235496,5e-05
1727,1036,772.7452164599999,7368,12730368,983.1,10350,0.021753892,0.17128555476665497,0.003521997719750895,0.2,2.6264774252971015,0.3002522786458333,0.9991675019264221,0.24121685326099396,0.2377022474228094,5e-05
1729,1037,765.29426773,7368,12742656,977.7,10360,0.025121154,0.0009622443467378616,0.0015843250749943158,0.2,2.631506531437238,0.31830240885416666,0.9998283386230469,0.24074870347976685,0.035408802474072826,5e-05
1730,1038,781.17382254,7369,12754944,972.52,10370,0.020914862,0.10114102810621262,0.0037308290377647308,0.2,2.6390002702673274,0.3092854817708333,0.9995418190956116,0.24093103408813477,0.27784284433194745,5e-05
1732,1039,787.3413981700002,7369,12767232,972.52,10380,0.029378965,0.2630954682826996,-0.0009911620094499086,0.2,2.635077134768168,0.3241048177083333,0.9991983771324158,0.24110567569732666,0.41985547699344655,5e-05
1733,1040,769.2564591999998,7370,12779520,975.61,10390,0.025848875,0.11775434017181396,0.0005887381800372774,0.2,2.6354196324944494,0.2998128255208333,0.9983359575271606,0.24084001779556274,0.5635433301096782,5e-05
1735,1041,755.1001118500001,7370,12791808,975.61,10400,0.028784627,-0.006467706523835659,0.0006449614544787133,0.2,2.637542933722337,0.32779134114583336,0.9994349479675293,0.24087829887866974,0.04058109833082805,5e-05
1737,1042,768.5207710699999,7371,12804096,978.36,10410,0.02009209,0.005312502849847078,0.0011352006797096692,0.2,2.652007458607356,0.23665364583333334,0.9999623894691467,0.24047130346298218,0.011600216221025524,5e-05
1738,1043,764.61196375,7371,12816384,983.13,10420,0.01930924,-0.0006815535016357899,-0.0017153414058460232,0.2,2.67059533149004,0.23887532552083332,0.999980092048645,0.2402806133031845,0.010667539126977014,5e-05
1740,1044,769.64070317,7372,12828672,978.3,10430,0.01976467,-0.009327864274382591,0.0004655504536155301,0.2,2.681712208688259,0.24901529947916667,0.9999290108680725,0.24019180238246918,0.01528388811663414,5e-05
1741,1045,767.6575229499999,7372,12840960,975.36,10440,0.037582044,-0.008144693449139595,0.0015776942847878673,0.2,2.6900872786839805,0.344677734375,0.9996398091316223,0.2399638295173645,0.02688799974760817,5e-05
1743,1046,744.96684301,7373,12853248,975.36,10450,0.018767424,0.005321460776031017,0.001114436294301413,0.2,2.693778881927331,0.30499674479166666,0.9987042546272278,0.24000924825668335,0.3077136547595728,5e-05
1744,1047,759.6524325299999,7373,12865536,980.54,10460,0.027507817,0.03840666264295578,-8.769821821867178e-06,0.2,2.696505273381869,0.28189290364583336,0.9997644424438477,0.24010062217712402,0.08022036814169647,5e-05
1746,1048,761.2600794599999,7374,12877824,981.33,10470,0.014875186,-0.00395855400711298,-0.001982780670126279,0.2,2.7025283108154934,0.2590576171875,0.9999556541442871,0.2399275302886963,0.018430061378361038,5e-05
1747,1049,751.24480816,7374,12890112,976.29,10480,0.025855899,0.042402829974889755,1.4233043475542218e-05,0.2,2.7039708321293197,0.260302734375,0.9979825019836426,0.24001871049404144,0.5244873816341472,5e-05
1749,1050,738.8323954399999,7375,12902400,976.29,10490,0.021028882,0.1682497262954712,-0.004529554014637446,0.2,2.705315802494685,0.2552734375,0.9786472320556641,0.24001221358776093,6.52785395431177,5e-05
1751,1051,749.7312972299999,7375,12914688,974.75,10500,0.030317089,0.0736640989780426,-4.060161008965224e-05,0.2,2.703546248873075,0.3208089192708333,0.9976152777671814,0.2401658147573471,0.28283059316842507,5e-05
1752,1052,756.6367458599998,7375,12926976,985.08,10510,0.030650182,0.11473656445741653,0.004228859807093007,0.2,2.6994246249397595,0.35182291666666665,0.996731162071228,0.24017763137817383,0.2822571576029683,5e-05
1754,1053,769.0083005900001,7375,12939264,993.42,10520,0.016870031,0.01229731272906065,-0.0005721767476643436,0.2,2.70706478257974,0.23822428385416666,0.9999222755432129,0.24004270136356354,0.02638423376871894,5e-05
1755,1054,757.3931315700002,7376,12951552,991.48,10530,0.0214437,0.012782054021954536,0.00028879821329610424,0.2,2.7173463021715483,0.2932373046875,0.999402642250061,0.23978357017040253,0.08949988729630907,5e-05
1757,1055,758.1805866600001,7376,12963840,979.5,10540,0.022733012,0.020747743546962738,0.00033663319093951336,0.2,2.7284244815508525,0.2922281901041667,0.9994903206825256,0.23946817219257355,0.12080942671746016,5e-05
1759,1056,752.5748070900001,7376,12976128,963.83,10550,0.021131666,0.10753000527620316,-0.003334602124717397,0.2,2.7342382932702702,0.2759602864583333,0.997440755367279,0.2393880933523178,1.7440123805155356,5e-05
1760,1057,770.93858012,7377,12988416,949.18,10560,0.037285835,0.09196469187736511,0.0060066424446025245,0.2,2.735631922384103,0.34889322916666665,0.9985202550888062,0.23934738337993622,0.2859343377718081,5e-05
1762,1058,785.6300353,7377,13000704,941.66,10570,0.022077238,0.22087593376636505,0.001744339336437406,0.2,2.7371659139792124,0.24794921875,0.9981858730316162,0.23948359489440918,0.9333450314588845,5e-05
1763,1059,755.2468085799999,7378,13012992,918.14,10580,0.026217097,0.12674713134765625,0.0012145561340730637,0.2,2.734413694838683,0.3087076822916667,0.9977611899375916,0.23969991505146027,0.7815235004139444,5e-05
1765,1060,754.3536997999997,7378,13025280,906.81,10590,0.025543237,0.15564900636672974,-0.0017705093860665025,0.2,2.740234432121118,0.30447591145833336,0.9985843300819397,0.23955969512462616,0.6803094357873003,5e-05
1766,1061,760.86008684,7379,13037568,894.68,10600,0.03721433,1.8996235132217407,-0.005642700723061959,0.2,2.7425051098068556,0.28895670572916665,0.9929676651954651,0.2395685911178589,2.68430232067282,5e-05
1768,1062,711.3713450999999,7379,13049856,901.54,10610,0.037496146,0.13695445656776428,0.0048928591296620045,0.2,2.729437447587649,0.36410319010416664,0.9986074566841125,0.2399650365114212,0.46974077859583,5e-05
1769,1063,693.5548327200001,7380,13062144,911.12,10620,0.036075283,0.09485424309968948,-0.0019291745127702597,0.2,2.7208468769987424,0.3434326171875,0.9864860773086548,0.23987776041030884,2.8466752580211807,5e-05
1771,1064,688.5093308400002,7381,13074432,914.48,10630,0.03355907,0.012833617627620697,0.0009249735031820213,0.2,2.71999704738458,0.344775390625,0.9984169006347656,0.23987765610218048,0.11845721347490326,5e-05
1772,1065,669.0831856099999,7381,13086720,920.7,10640,0.04574439,-0.002704394981265068,-0.004674477150547318,0.2,2.7256484627723694,0.2933756510416667,0.999436616897583,0.23963330686092377,0.09182692806352862,5e-05
1774,1066,653.44606366,7382,13099008,919.7,10650,0.029895453,0.03033830225467682,0.0017639411125855986,0.2,2.7357527300715447,0.34335123697916664,0.9967087507247925,0.23940666019916534,0.16236611635346587,5e-05
1775,1067,650.05105099,7382,13111296,912.93,10660,0.021405831,0.12268770486116409,-0.00039502617097847783,0.2,2.7338288947939873,0.24661458333333333,0.9987824559211731,0.2394019365310669,0.4694570631720126,5e-05
1777,1068,641.1208180499998,7383,13123584,904.06,10670,0.025184331,0.08362354338169098,-0.0014273220282727077,0.2,2.7434918984770773,0.30958658854166665,0.998534083366394,0.2391081601381302,0.32158983962920806,5e-05
1779,1069,653.48924728,7383,13135872,904.26,10680,0.025546586,0.231827512383461,-0.004781159578124061,0.2,2.7523515750964482,0.29583333333333334,0.9936358332633972,0.23908169567584991,1.9663726487507422,5e-05
1780,1070,663.3210091799999,7384,13148160,903.77,10690,0.028238274,0.9246272444725037,-0.0031915321364067496,0.2,2.748558435837428,0.332177734375,0.9933604001998901,0.2393890768289566,1.69707037328432,5e-05
1782,1071,661.7528374699999,7384,13160448,899.51,10700,0.019986976,0.08794282376766205,0.0002860695448665259,0.2,2.740929049253464,0.28614908854166665,0.9991140365600586,0.23938564956188202,0.3351727548831453,5e-05
1783,1072,661.90343585,7385,13172736,897.76,10710,0.027637325,0.1261862814426422,-0.0003414820957308014,0.2,2.7357109223802882,0.28260904947916665,0.9992212653160095,0.2395530492067337,0.2604121804392586,5e-05
1785,1073,703.36988725,7385,13185024,904.2,10720,0.019025821,0.08336932212114334,-0.0035090745659545064,0.2,2.742502296467622,0.24677734375,0.9990056157112122,0.23919571936130524,0.38166720860948167,5e-05
1786,1074,710.1138304900003,7386,13197312,928.88,10730,0.026072877,0.1120150163769722,-0.001936877144180471,0.2,2.7549324964483577,0.2787679036458333,0.9989042282104492,0.23918068408966064,0.3739453037890295,5e-05
1788,1075,698.2209384600002,7386,13209600,917.15,10740,0.018329585,0.01708022877573967,-0.0017576750523100296,0.2,2.7624037474393845,0.265087890625,0.9997043013572693,0.23902948200702667,0.05679412852041423,5e-05
1789,1076,689.79769392,7386,13221888,918.2,10750,0.041197747,1.666820764541626,-0.00812430600829733,0.2,2.7741630082329114,0.2654947916666667,0.986778736114502,0.2388334423303604,2.903080444596708,5e-05
1791,1077,707.2084819,7387,13234176,935.76,10760,0.017179528,0.006807701662182808,-0.0012518383761441025,0.2,2.7840080514550207,0.2505696614583333,0.9997771978378296,0.23861467838287354,0.05868466970666001,5e-05
1792,1078,711.3555767199999,7387,13246464,932.19,10770,0.020002548,0.007241800427436829,0.002671368130055877,0.2,2.7921182905634243,0.2820638020833333,0.9981473088264465,0.2383713275194168,0.11110532619835188,5e-05
1794,1079,711.3784463,7388,13258752,943.52,10780,0.021830345,0.6947035789489746,-0.004130425324304573,0.2,2.7972872336705525,0.24458821614583334,0.9869399666786194,0.23829685151576996,5.007242058046783,5e-05
1796,1080,735.3570985399998,7388,13271040,951.37,10790,0.02143438,0.02878410927951336,0.003389885489499041,0.2,2.80454791088899,0.28286946614583336,0.9987448453903198,0.23809833824634552,0.10109611502848566,5e-05
1797,1081,727.31409414,7389,13283328,954.84,10800,0.015739271,0.03554752096533775,0.0013874615280656144,0.2,2.8188715249300005,0.20890299479166666,0.9995430707931519,0.23775792121887207,0.06975974177087968,5e-05
1799,1082,737.9406269200001,7389,13295616,954.65,10810,0.020869935,0.009157730266451836,6.30203261001346e-05,0.2,2.8331328585743902,0.25669759114583335,0.9997788071632385,0.23777996003627777,0.03307183441356756,5e-05
1800,1083,745.36733328,7390,13307904,972.81,10820,0.028845154,0.01075400784611702,0.0010560372148271805,0.2,2.828966690103213,0.28245442708333335,0.9979537129402161,0.2379215955734253,0.11097882968800453,5e-05
1802,1084,760.7389933799998,7390,13320192,990.75,10830,0.015628757,0.00011968053877353668,0.0009595058518849935,0.2,2.8309982841213546,0.238134765625,0.999434232711792,0.23799888789653778,0.020007995101817264,5e-05
1803,1085,781.6320794200001,7390,13332480,990.75,10840,0.019003324,0.02372533455491066,-0.0012382373398092264,0.2,2.8415493885676066,0.24856770833333333,0.9998165369033813,0.23800666630268097,0.03735467107617296,5e-05
1805,1086,767.9931581200002,7391,13344768,999.81,10850,0.017221706,0.009486955590546131,0.0025999606451174865,0.2,2.8499077275395392,0.22530924479166667,0.9996986985206604,0.2379665970802307,0.024931761342061994,5e-05
1807,1087,795.4828770600001,7391,13357056,999.81,10860,0.017275319,0.0157480426132679,-0.00024383238390631354,0.2,2.8599346602956452,0.24900716145833332,0.999914824962616,0.23789776861667633,0.016108110113418662,5e-05
1808,1088,762.1388366699998,7392,13369344,999.81,10870,0.016511703,0.014967087656259537,0.00016851379041327164,0.2,2.8648815045754117,0.20572102864583333,0.9998929500579834,0.23769347369670868,0.028747633178136313,5e-05
1810,1089,755.04769198,7392,13381632,999.81,10880,0.020348364,-0.0017542047426104546,-0.0021634832926793026,0.2,2.8637123058239617,0.25001627604166665,0.9999418258666992,0.23774383962154388,0.012959775137521017,5e-05
1811,1090,755.8087306499998,7393,13393920,1000.0,10890,0.016010925,0.02926507778465748,-0.0016009648539087114,0.2,2.856016944348812,0.19775390625,0.9999356865882874,0.23830707371234894,0.02211727363561901,5e-05
1813,1091,787.1969154,7393,13406208,1000.0,10900,0.021215647,0.008611125871539116,-0.00040938569485054663,0.2,2.8520589962601663,0.25701497395833334,0.9999173283576965,0.23821108043193817,0.02262574317671048,5e-05
1814,1092,788.58166736,7394,13418496,1000.0,10910,0.014850814,-0.010250376537442207,0.0006647775910096243,0.2,2.862001126507918,0.21139322916666667,0.9999209642410278,0.23774172365665436,0.018760370121647916,5e-05
1816,1093,758.22879146,7394,13430784,1000.0,10920,0.021307535,-0.0055110398679971695,-0.0018002177317005892,0.2,2.8784075702230134,0.21778157552083333,0.9999660849571228,0.23767073452472687,0.010325227692374029,5e-05
1817,1094,797.3375107699999,7395,13443072,1000.0,10930,0.01951074,0.015424327924847603,0.001435811779811047,0.2,2.894785315791766,0.23995768229166667,0.99994957447052,0.23737001419067383,0.018927913941054916,5e-05
1819,1095,777.8803181900001,7395,13455360,1000.0,10940,0.015191977,-0.010205613449215889,-0.001857177185108109,0.2,2.9101446439822514,0.21344401041666666,0.9999604225158691,0.23722070455551147,0.012402600133403515,5e-05
1820,1096,792.7555990799999,7396,13467648,1000.0,10950,0.018064504,0.007203024812042713,-0.0010989720132783987,0.2,2.9176372696955997,0.21752115885416667,0.9999661445617676,0.23721350729465485,0.014640571658189099,5e-05
1822,1097,801.0408799099998,7396,13479936,991.62,10960,0.024386229,0.595876157283783,-0.004819167913713803,0.2,2.9208791931470235,0.21180826822916668,0.9917480945587158,0.23710744082927704,2.169486941633901,5e-05
1823,1098,796.95493972,7397,13492224,991.62,10970,0.016475253,-0.01305760070681572,0.0009676404583539504,0.2,2.921348184843858,0.2250244140625,0.9999508261680603,0.2372722625732422,0.02552329816001778,5e-05
1825,1099,777.8473076199999,7397,13504512,991.62,10980,0.021630382,0.08287429064512253,0.0019914391976878203,0.2,2.921883904437224,0.239794921875,0.9986943006515503,0.23728853464126587,0.1429022734441484,5e-05
1827,1100,771.06292757,7398,13516800,987.73,10990,0.019877398,0.014148404821753502,0.0039116364079139505,0.2,2.9251686399181684,0.23339029947916667,0.9991075992584229,0.23729486763477325,0.03839128479012288,5e-05
1828,1101,761.42775685,7398,13529088,985.09,11000,0.026431551,0.09057807922363281,-0.003743109759913447,0.2,2.9212404668331144,0.30767415364583334,0.9970223903656006,0.23733806610107422,0.3187256140052341,5e-05
1830,1102,749.4043604399999,7399,13541376,978.96,11010,0.022140153,0.004252330865710974,-0.0013492401655336532,0.2,2.909530158837636,0.2948404947916667,0.9996693730354309,0.23748524487018585,0.04813031501447161,5e-05
1831,1103,756.00895203,7399,13553664,958.27,11020,0.022251531,0.016598302870988846,0.0001330777166003827,0.2,2.9092528159419695,0.26492513020833336,0.9997628927230835,0.237329363822937,0.03984422194189392,5e-05
1833,1104,745.8597236100001,7400,13565952,956.2,11030,0.029586902,0.11279193311929703,-0.004038266277833221,0.2,2.912371310094992,0.257958984375,0.9986116886138916,0.23741497099399567,0.29853394854969034,5e-05
1834,1105,727.8913475300001,7400,13578240,955.16,11040,0.025121143,0.05943349003791809,-0.006297156747799211,0.2,2.9185253247618674,0.23648274739583333,0.9919946789741516,0.23717641830444336,1.2049756429740228,5e-05
1836,1106,712.62941396,7401,13590528,955.16,11050,0.027443156,0.030630523338913918,-0.002403279636443282,0.2,2.932288718223572,0.30784505208333335,0.9994590282440186,0.23698790371418,0.12363832764094695,5e-05
1837,1107,710.6135683199998,7401,13602816,952.92,11060,0.018963976,0.01807010918855667,-0.0006438131880713627,0.2,2.9451077322165173,0.2663167317708333,0.9997710585594177,0.2367563247680664,0.033216605488754186,5e-05
1839,1108,720.3306141600001,7402,13615104,952.13,11070,0.015304309,0.44229745864868164,-0.00509126701799687,0.2,2.9493062257766725,0.22261555989583334,0.9977622628211975,0.2368651181459427,0.9032652270048857,5e-05
1840,1109,730.1956687099997,7402,13627392,954.77,11080,0.02628313,0.05820104479789734,-0.0033993246775935403,0.2,2.9485486661394438,0.274169921875,0.998479425907135,0.23680610954761505,0.39763504488704104,5e-05
1842,1110,722.60315421,7402,13639680,966.41,11090,0.020405976,0.004579581320285797,-0.00013332259841263293,0.2,2.9642506127556163,0.25664876302083334,0.9998332262039185,0.23648063838481903,0.052214433051024876,5e-05
1843,1111,709.2889249300001,7403,13651968,981.59,11100,0.016828706,-0.012355576269328594,-0.0011677762968853736,0.2,2.9828124066193897,0.23837890625,0.9999602437019348,0.23643112182617188,0.01116804061748553,5e-05
1845,1112,744.7073100699998,7404,13664256,986.71,11110,0.014621515,0.011410826817154884,-0.002582371157283584,0.2,2.991354718307654,0.239306640625,0.9998868703842163,0.2364838719367981,0.06008188168440635,5e-05
1847,1113,747.2325991700001,7404,13676544,987.75,11120,0.020919958,0.011014275252819061,-0.0010709102039982098,0.2,3.0035821413000425,0.2425537109375,0.9999536871910095,0.23638617992401123,0.026937413240860526,5e-05
1848,1114,744.18698291,7405,13688832,985.28,11130,0.020145157,0.002083251252770424,0.0007675692065580127,0.2,3.0159385631481808,0.27059733072916664,0.999933660030365,0.2361738681793213,0.023352733929641545,5e-05
1850,1115,735.1503754099998,7405,13701120,987.52,11140,0.022633562,0.01768927276134491,-0.001105732006059649,0.2,3.0189488728841147,0.285791015625,0.9999005198478699,0.2362353354692459,0.03301333798347817,5e-05
1851,1116,727.7273851799999,7405,13713408,989.41,11150,0.018288584,0.020444488152861595,-0.002937784989868912,0.2,3.0277931302785874,0.25066731770833334,0.9997402429580688,0.23605692386627197,0.10994620159035548,5e-05
1853,1117,726.83696353,7406,13725696,992.2,11160,0.017503269,0.01787741668522358,-0.0011501137206020454,0.2,3.0377118130524954,0.21923014322916667,0.9999733567237854,0.235932394862175,0.012076873011149776,5e-05
1854,1118,741.4517377200001,7406,13737984,992.2,11170,0.020900711,0.018900616094470024,-0.0009588210756191984,0.2,3.0489956314365068,0.24734700520833333,0.9999707937240601,0.23569397628307343,0.009471838626874765,5e-05
1856,1119,752.77689358,7407,13750272,982.61,11180,0.021049358,-0.004372065886855125,0.000875493401933151,0.2,3.0625181843837104,0.24639485677083334,0.9999690055847168,0.23570233583450317,0.01733322361057314,5e-05
1857,1120,740.1531655399998,7407,13762560,985.23,11190,0.026949137,0.047528963536024094,-0.0003322550515197994,0.2,3.0696714972456296,0.3134847005208333,0.9994287490844727,0.23553794622421265,0.11727084914455191,5e-05
1859,1121,732.2126665300001,7407,13774848,985.23,11200,0.028629988,-0.0004396354779601097,-0.00017451619060011582,0.2,3.082474692662557,0.3030598958333333,0.9997928738594055,0.2354339361190796,0.03698897232146313,5e-05
1861,1122,756.77324393,7407,13787136,987.7,11210,0.023922915,0.013465160503983498,0.0012476289659389295,0.2,3.0890244603157044,0.2825846354166667,0.9998477101325989,0.23560041189193726,0.056590619485359636,5e-05
1862,1123,757.7497248500002,7408,13799424,987.7,11220,0.018439764,0.00535115972161293,-0.0007520453616355856,0.2,3.090785603225231,0.25453287760416665,0.9998689293861389,0.2354329377412796,0.015134503927159433,5e-05
1864,1124,749.8965945200001,7408,13811712,984.62,11230,0.020241663,-0.00536511093378067,0.0011061927919702914,0.2,3.1107498839497567,0.2521240234375,0.9997929334640503,0.23490774631500244,0.01430796432250645,5e-05
1865,1125,764.6582076399999,7408,13824000,977.92,11240,0.02125001,0.0492982342839241,-0.0012403045048510345,0.2,3.1277199278275174,0.28282063802083335,0.9998794794082642,0.23496131598949432,0.09010143135286247,5e-05
1867,1126,756.39831523,7409,13836288,971.77,11250,0.033233445,0.6932722330093384,-0.004604599514277652,0.2,3.133666100601355,0.2923583984375,0.9946531057357788,0.2348213642835617,3.3364604974165557,5e-05
1868,1127,744.2119724699999,7409,13848576,976.98,11260,0.035548564,0.072722427546978,-0.0003524782669652874,0.2,3.1314496363202733,0.33562825520833334,0.9995059967041016,0.23494435846805573,0.12477246509709707,5e-05
1870,1128,754.49679708,7409,13860864,968.48,11270,0.026056627,0.08587037771940231,-0.0011475816056190525,0.2,3.132496043543021,0.3047607421875,0.9994887113571167,0.23467691242694855,0.26960313469171526,5e-05
1872,1129,737.5418402200002,7410,13873152,962.17,11280,0.030574767,0.07607966661453247,0.0014009348926871704,0.2,3.125275226930777,0.32985026041666665,0.9995381236076355,0.235049769282341,0.18100957261243214,5e-05
1873,1130,748.30691226,7410,13885440,959.79,11290,0.020581389,0.0867277979850769,0.003725841178675182,0.2,3.105293203890324,0.2924397786458333,0.9995007514953613,0.23519782721996307,0.17504195541453857,5e-05
1875,1131,747.10498792,7411,13897728,959.79,11300,0.024362823,0.048425398766994476,0.004007949503526713,0.2,3.105188547074795,0.3362548828125,0.999542772769928,0.23497669398784637,0.1874980035237968,5e-05
1876,1132,768.3823239299999,7411,13910016,960.27,11310,0.022025585,0.018723325803875923,0.0011499386979267,0.2,3.11499499330918,0.25917154947916665,0.9999479651451111,0.23516444861888885,0.03139734051655978,5e-05
1878,1133,755.8707104800001,7412,13922304,969.18,11320,0.026572796,0.03470028191804886,0.0033078088197119842,0.2,3.1208174328009286,0.27220052083333335,0.9995792508125305,0.23497265577316284,0.08878727412084117,5e-05
1879,1134,753.6511895700002,7412,13934592,973.12,11330,0.020090934,-0.013326702639460564,0.0005080391837206359,0.2,3.1333803201715154,0.22889811197916668,0.9999344348907471,0.2347240447998047,0.020362088687640303,5e-05
1881,1135,786.5977916600001,7413,13946880,981.06,11340,0.02111396,-0.01609734073281288,-0.0013528080603767497,0.2,3.146233041584492,0.27430826822916665,0.9999275207519531,0.23456092178821564,0.02261316340106229,5e-05
1882,1136,772.68784261,7413,13959168,987.26,11350,0.01715783,0.0012295935302972794,0.0006853675896612306,0.2,3.160671987136205,0.24226888020833334,0.9999393224716187,0.23434759676456451,0.01858663360859888,5e-05
1884,1137,792.9810387899997,7414,13971456,995.02,11360,0.026555369,0.007355654612183571,-0.0022250303484421846,0.2,3.1766717821359634,0.2682373046875,0.9998772144317627,0.2342825084924698,0.04131921354370813,5e-05
1885,1138,785.77872692,7414,13983744,982.26,11370,0.023367899,0.0028017181903123856,-0.0011148190538127285,0.2,3.184020724395911,0.28448893229166666,0.9997973442077637,0.2341313511133194,0.06155730256966005,5e-05
1887,1139,775.2782214900002,7415,13996032,972.78,11380,0.029808633,0.23551571369171143,-0.004021682029512401,0.2,3.1846361741423608,0.28460286458333334,0.9952632188796997,0.23421533405780792,1.293754889195164,5e-05
1889,1140,780.4468712900001,7415,14008320,971.75,11390,0.028588898,0.08498044312000275,-0.00389917567614854,0.2,3.183893165489038,0.3207275390625,0.9989833831787109,0.23428834974765778,0.23426618687808515,5e-05
1890,1141,785.6834596000001,7416,14020608,971.75,11400,0.025933797,0.14098741114139557,-0.0003995026486033263,0.2,3.188617555300395,0.2938151041666667,0.9992039799690247,0.23445312678813934,0.27481325510889293,5e-05
1892,1142,782.2559505599999,7416,14032896,968.77,11410,0.018262744,0.024367131292819977,-0.0007614357108347273,0.2,3.203216227889061,0.30010579427083334,0.9997944235801697,0.23394779860973358,0.1293035186516742,5e-05
1893,1143,772.8657008,7416,14045184,968.77,11420,0.025525147,0.04163673147559166,0.003222435277227002,0.2,3.2225178057948747,0.34933268229166664,0.9993655681610107,0.23371334373950958,0.1685955208260566,5e-05
1895,1144,787.6715344000003,7417,14057472,968.77,11430,0.023630114,-0.004358118399977684,-6.9662400346715e-05,0.2,3.2340871651967364,0.30288899739583336,0.9999293684959412,0.23384858667850494,0.028611428742685043,5e-05
1896,1145,778.9584151400002,7417,14069760,968.77,11440,0.014783789,0.005106674041599035,0.0004951300361426547,0.2,3.2442329466342925,0.22398274739583332,0.999977171421051,0.23366336524486542,0.010149257732458257,5e-05
1898,1146,785.1220730799998,7417,14082048,981.14,11450,0.025166487,0.01390798669308424,0.0013983410181632886,0.2,3.251714435219765,0.2600341796875,0.9998782277107239,0.2336004376411438,0.034110610209366614,5e-05
1899,1147,778.17222381,7418,14094336,988.28,11460,0.024933169,0.5303608179092407,-0.003591637594702964,0.2,3.2547459145387014,0.23282063802083333,0.9937763214111328,0.2336018830537796,3.698628203338012,5e-05
1901,1148,778.0136857800001,7418,14106624,994.25,11470,0.025450222,0.005406511947512627,0.002418513772984928,0.2,3.2574313660462697,0.27450358072916664,0.9999463558197021,0.23356418311595917,0.01626828871424853,5e-05
1903,1149,767.2416765400001,7418,14118912,994.25,11480,0.018081138,0.0014495747163891792,0.001671598063452014,0.2,3.262363818784555,0.229736328125,0.999975323677063,0.23346924781799316,0.008657194442639593,5e-05
1904,1150,767.8626692400001,7418,14131200,983.93,11490,0.023601055,3.9487884044647217,-0.007544395203876775,0.2,3.2694057802359264,0.22872721354166667,0.9916101694107056,0.2332332879304886,2.02898268479233,5e-05
1906,1151,759.5844384199997,7419,14143488,981.91,11500,0.045393836,0.12439824640750885,-1.4669980252316843e-05,0.2,3.2809134533007938,0.2965006510416667,0.9958617687225342,0.23316599428653717,2.1106520583930735,5e-05
1907,1152,769.5368905299998,7419,14155776,981.91,11510,0.026246192,1.3612632751464844,-0.00041874528954698084,0.2,3.281416829923789,0.320751953125,0.9973162412643433,0.2332974523305893,2.2089506959232192,5e-05
1909,1153,745.9631257100002,7419,14168064,981.91,11520,0.025998024,0.01585623063147068,0.00240741601640669,0.2,3.2785384317239123,0.29928385416666664,0.9998893737792969,0.2333240509033203,0.03336526840769996,5e-05
1911,1154,784.1692838799999,7420,14180352,984.68,11530,0.019230915,0.6349472999572754,-0.0004006842345309754,0.2,3.2838189885020257,0.28309733072916665,0.9951476454734802,0.23314571380615234,2.1884800016802424,5e-05
1912,1155,792.2892191800003,7420,14192640,977.82,11540,0.021570427,0.006109045818448067,-0.0008902048575691879,0.2,3.301672834654649,0.31844889322916664,0.9988466501235962,0.23267638683319092,0.16896307229956922,5e-05
1914,1156,798.4552418400002,7421,14204928,975.54,11550,0.022955662,0.26840290427207947,-0.005500452209040911,0.2,3.314877259234587,0.2713134765625,0.9965872764587402,0.23257803916931152,1.1689606213437704,5e-05
1915,1157,793.2976263899998,7421,14217216,977.59,11560,0.03258655,0.0036043180152773857,0.0028256457425110664,0.2,3.3150061363975207,0.3896728515625,0.9989099502563477,0.23300667107105255,0.09636427965791275,5e-05
1917,1158,807.4234399499999,7421,14229504,985.05,11570,0.026556158,5.3691911697387695,-0.0004595806865836494,0.2,3.3081422905127207,0.3364501953125,0.995661735534668,0.23296339809894562,3.5846179427346216,5e-05
1918,1159,806.5089707599999,7422,14241792,984.7,11580,0.03212886,0.12928831577301025,0.007200066727818921,0.2,3.3090662971138953,0.36333821614583334,0.9986807107925415,0.23280811309814453,0.296955435249644,5e-05
1920,1160,794.0242773599999,7422,14254080,982.33,11590,0.02671004,0.04866417497396469,0.0026125868505914697,0.2,3.313995762169361,0.34657389322916665,0.9993740320205688,0.23264916241168976,0.06534827345555337,5e-05
1921,1161,796.60760109,7422,14266368,981.64,11600,0.018956441,0.29888206720352173,0.0058564318998833185,0.2,3.308021526535352,0.33189290364583335,0.9990703463554382,0.2330612987279892,0.3130221407705297,5e-05
1923,1162,763.3085572599999,7423,14278656,979.89,11610,0.020451365,0.007536713033914566,-0.0003709343936255512,0.2,3.306416897972425,0.2755045572916667,0.9998652935028076,0.23282527923583984,0.04656049307668582,5e-05
1925,1163,765.8416322400001,7423,14290944,984.77,11620,0.0269832,0.0204299446195364,-0.0005131707293912768,0.2,3.3121461391448976,0.32193196614583336,0.9995602965354919,0.2328486442565918,0.08134620675894742,5e-05
1926,1164,757.1988046299998,7423,14303232,978.86,11630,0.02273081,0.020452624186873436,-0.0020819935758481733,0.2,3.3176159103711447,0.250830078125,0.9998893141746521,0.232737734913826,0.055232356257814294,5e-05
1928,1165,766.6660073,7423,14315520,982.1,11640,0.033918094,0.04469795525074005,-0.0004091527429409325,0.2,3.312918079396089,0.3103271484375,0.9991145730018616,0.232984721660614,0.1887973967862005,5e-05
1929,1166,746.8086830999999,7424,14327808,982.3,11650,0.024357216,0.0071821920573711395,0.004900125188093322,0.2,3.297565225760142,0.3449300130208333,0.9993783235549927,0.23322860896587372,0.0808910079067573,5e-05
1931,1167,751.80808851,7424,14340096,977.83,11660,0.021069333,-0.004287571180611849,-0.000303919581832209,0.2,3.292642685274283,0.227685546875,0.9999302625656128,0.2332657128572464,0.014333995736281697,5e-05
1932,1168,744.6939954699999,7425,14352384,980.2,11670,0.023647191,0.6103587746620178,-0.0038542093694559298,0.2,3.297731373210748,0.22822265625,0.9931376576423645,0.23308448493480682,1.6705799692834262,5e-05
1934,1169,731.937761,7425,14364672,971.51,11680,0.020369237,0.03224020451307297,0.0037602151845931076,0.2,3.2999398534496627,0.32158203125,0.9996614456176758,0.23310638964176178,0.03167776511400007,5e-05
1936,1170,731.3323928699999,7426,14376960,973.26,11690,0.031134114,0.04763836786150932,0.002639636691310443,0.2,3.2952937866250673,0.36984049479166664,0.9993788599967957,0.23319847881793976,0.10789285587379709,5e-05
1937,1171,735.6019452600001,7426,14389248,970.04,11700,0.017958166,-0.001467403955757618,-0.00034316116895449035,0.2,3.3002933229009312,0.2292724609375,0.9999790191650391,0.23299813270568848,0.013834373211526934,5e-05
1939,1172,730.2757213999998,7427,14401536,978.23,11710,0.023088336,0.009044041857123375,6.272673393444468e-06,0.2,3.312752878169219,0.28777669270833334,0.9999368786811829,0.23291821777820587,0.031140619112799566,5e-05
1940,1173,735.9146282999999,7427,14413824,977.24,11720,0.02571926,0.02264876291155815,0.0022209824213253646,0.2,3.324134025971095,0.29532063802083336,0.9998791813850403,0.23255135118961334,0.04646099446884667,5e-05
1942,1174,738.0247028400001,7428,14426112,973.54,11730,0.022708384,0.06744301319122314,0.0020288857611982774,0.2,3.3264353175958,0.3056396484375,0.998788058757782,0.23269276320934296,0.34333551799257594,5e-05
1943,1175,736.0928322100001,7428,14438400,967.49,11740,0.018560572,0.22609634697437286,-0.003479590096443038,0.2,3.319795336822669,0.2873616536458333,0.9979233741760254,0.23265480995178223,0.6933594910427928,5e-05
1945,1176,755.9072410200001,7428,14450688,969.88,11750,0.02523204,0.03271438181400299,-0.0009505764557009873,0.2,3.31935625821352,0.30294596354166664,0.9995056986808777,0.23240987956523895,0.11793170208887507,5e-05
1946,1177,756.4853646499998,7429,14462976,971.73,11760,0.029658547,0.15966877341270447,-0.0027503808058099823,0.2,3.3208268200357756,0.2880859375,0.9961825609207153,0.23243467509746552,1.029992214035398,5e-05
1948,1178,764.08177568,7429,14475264,971.73,11770,0.019525021,0.012584869749844074,-0.0016462977653039464,0.2,3.324982713162899,0.2578369140625,0.9999644160270691,0.23215682804584503,0.0157349165820051,5e-05
1949,1179,754.8614631899999,7430,14487552,973.98,11780,0.028714756,0.028200417757034302,0.0006081188204310213,0.2,3.339278008043766,0.2823893229166667,0.9998685121536255,0.231925830245018,0.059018163815684,5e-05
1951,1180,772.42588255,7430,14499840,973.98,11790,0.04428048,0.07407288253307343,0.0030935459537431596,0.2,3.3453911259770392,0.3503011067708333,0.9993627071380615,0.2320890575647354,0.1782001788611524,5e-05
1952,1181,759.9931158100001,7431,14512128,975.32,11800,0.018967558,-0.008085961453616619,-0.0022418581997044385,0.2,3.352911318341891,0.2399658203125,0.9996301531791687,0.23166406154632568,0.10663424290445013,5e-05
1954,1182,766.7662480499998,7431,14524416,976.43,11810,0.023181662,-0.0018821591511368752,-0.00046747758557709554,0.2,3.3710303515195847,0.260693359375,0.9999650716781616,0.23157267272472382,0.021631962984489897,5e-05
1956,1183,783.08165324,7431,14536704,989.32,11820,0.039363228,5.645073413848877,-0.0080312177669839,0.2,3.378891341884931,0.2538248697916667,0.9925483465194702,0.23146580159664154,3.876789281393091,5e-05
1957,1184,764.9639329,7432,14548992,994.46,11830,0.028762832,0.002711458131670952,0.0020517371648262877,0.2,3.3763847092787427,0.2902587890625,0.9997959136962891,0.2318326085805893,0.038237308328583214,5e-05
1959,1185,784.31079274,7432,14561280,985.54,11840,0.019387009,0.013065993785858154,0.0007797962985932827,0.2,3.3798352951804795,0.24768880208333333,0.9999637007713318,0.23155587911605835,0.01526230916545804,5e-05
1960,1186,777.51009458,7433,14573568,985.54,11850,0.021845257,0.1760520040988922,-0.006767066390602849,0.2,3.388658588131269,0.24070638020833332,0.9890504479408264,0.23143582046031952,5.979579817488169,5e-05
1962,1187,786.5648633,7433,14585856,988.49,11860,0.01819463,0.03204832226037979,-0.0003638043327858516,0.2,3.3986168483893078,0.2352294921875,0.9985544681549072,0.23128867149353027,0.19549128687940537,5e-05
1963,1188,774.4692337600001,7433,14598144,979.45,11870,0.018596988,0.008070064708590508,0.0034178027446614577,0.2,3.402795568605264,0.25160319010416665,0.9996148943901062,0.2313443422317505,0.06560980116870875,5e-05
1965,1189,783.3146838700002,7433,14610432,979.45,11880,0.025926659,0.08284364640712738,-0.004463953654340003,0.2,3.4028311143318812,0.2417724609375,0.9948853254318237,0.2312866598367691,2.7592928915517403,5e-05
1967,1190,764.0029173600003,7433,14622720,982.04,11890,0.02298141,0.010026585310697556,0.001281641326204408,0.2,3.411017293234666,0.2724202473958333,0.9997919201850891,0.23109354078769684,0.07022714692478378,5e-05
1968,1191,742.5015576800001,7433,14635008,973.15,11900,0.018811027,0.004753089509904385,-0.0011813575135117087,0.2,3.4294380764166514,0.26946614583333334,0.99986732006073,0.23069973289966583,0.026293053798144683,5e-05
1970,1192,743.75658694,7433,14647296,973.15,11910,0.027242431,0.24838334321975708,-0.004156275320565328,0.2,3.4398450086514156,0.2999186197916667,0.9936718940734863,0.2307494729757309,1.2519378032341288,5e-05
1971,1193,721.94402267,7433,14659584,973.12,11920,0.017161384,0.0006390404887497425,0.0025433189279283398,0.2,3.4413361926873525,0.23759765625,0.9999234676361084,0.2306373566389084,0.017356482752560017,5e-05
1973,1194,726.1252787899997,7433,14671872,962.34,11930,0.023139616,0.033993758261203766,0.0016394251899328083,0.2,3.4453034862875938,0.2936767578125,0.9992948174476624,0.2306946963071823,0.3873251209229541,5e-05
1975,1195,706.0697584,7434,14684160,960.39,11940,0.029870028,0.10527271032333374,0.0010653446971749267,0.2,3.447228749593099,0.31260579427083335,0.9990405440330505,0.2307036966085434,0.24281430089225373,5e-05
1976,1196,710.55078383,7434,14696448,964.63,11950,0.030258015,0.04864632710814476,0.000855476285990638,0.2,3.4541607767343523,0.28233235677083335,0.9975385665893555,0.2305363267660141,1.3491552462335676,5e-05
1978,1197,703.33478444,7435,14708736,964.63,11960,0.03705297,0.16198256611824036,-0.003623725490858002,0.2,3.459274118145307,0.3250651041666667,0.9981264472007751,0.2305651307106018,0.8675372200009103,5e-05
1979,1198,713.1956398399999,7435,14721024,973.52,11970,0.027162045,0.02553907409310341,0.00036133662215434017,0.2,3.4584949294726055,0.2715250651041667,0.9998707175254822,0.23063428699970245,0.023800332982985613,5e-05
1981,1199,727.6300882300001,7436,14733312,973.52,11980,0.023281852,0.040432512760162354,0.0009014035914636527,0.2,3.4692015970746675,0.2806640625,0.999876081943512,0.23037375509738922,0.06585477005767947,5e-05
1982,1200,739.1797490800001,7436,14745600,973.52,11990,0.022626678,0.0421389639377594,0.0015707452674784386,0.2,3.483227682610353,0.2766194661458333,0.9994018077850342,0.23005534708499908,0.16570372665300964,5e-05
1984,1201,746.4046967099999,7436,14757888,973.46,12000,0.025796672,0.009821102023124695,-0.0004972797517742341,0.2,3.4918411577741306,0.26095377604166664,0.9999188780784607,0.23013611137866974,0.03679006297995026,5e-05
1985,1202,755.2575587599999,7437,14770176,986.19,12010,0.0321185,0.11439874768257141,-0.0005042153633742903,0.2,3.4854341889421145,0.34844563802083334,0.9987652897834778,0.23045003414154053,0.11613052015891298,5e-05
1987,1203,769.12840066,7437,14782464,978.26,12020,0.016816705,-0.006549845915287733,-0.0009693544653904003,0.2,3.4836416045824685,0.23544921875,0.9999743103981018,0.23036734759807587,0.013363535348131943,5e-05
1989,1204,761.1951793199997,7438,14794752,982.74,12030,0.028440023,0.009726900607347488,-0.0009947926585785656,0.2,3.488326547543208,0.301611328125,0.998957633972168,0.23039323091506958,0.12438474680529907,5e-05
1990,1205,767.2679973500001,7438,14807040,982.74,12040,0.033160824,0.003583911806344986,0.0017661160658462905,0.2,3.4933295513192815,0.33881022135416666,0.9994921684265137,0.23018288612365723,0.05223862387162323,5e-05
1992,1206,762.80164765,7439,14819328,982.74,12050,0.015795665,-0.00901014544069767,-0.0016139241051860154,0.2,3.5143695334593454,0.23911946614583332,0.9998928308486938,0.22957485914230347,0.021605603955686094,5e-05
1993,1207,757.17044511,7439,14831616,982.74,12060,0.018136695,-0.009947435930371284,0.002700218215371327,0.2,3.538673622906208,0.24381510416666666,0.9999455213546753,0.22949236631393433,0.009261165082959148,5e-05
1995,1208,749.0239369300001,7440,14843904,982.74,12070,0.01900518,-0.0029335678555071354,0.0003457999967698318,0.2,3.5644600321849187,0.22378743489583333,0.9999679327011108,0.22894376516342163,0.007129836405511014,5e-05
1996,1209,752.88824852,7440,14856192,975.83,12080,0.019810347,0.052714649587869644,0.0005249510798118232,0.2,3.581060432891051,0.2888997395833333,0.9998722076416016,0.22908282279968262,0.03158411612967029,5e-05
1998,1210,736.79261537,7440,14868480,967.57,12090,0.029502576,0.11794254928827286,-4.6132160544705884e-05,0.2,3.573236828049024,0.2974609375,0.9983759522438049,0.22942422330379486,0.36103636035695674,5e-05
1999,1211,723.8226123099998,7441,14880768,965.57,12100,0.025388466,0.04076592996716499,-0.00040088582657820857,0.2,3.5717776959141094,0.2817464192708333,0.9996942281723022,0.22915835678577423,0.1057406341113771,5e-05
2001,1212,728.2636533199999,7441,14893056,961.1,12110,0.022952301,0.1257467418909073,0.0013791295195308825,0.2,3.5778207257390022,0.2881673177083333,0.9986274242401123,0.2291533201932907,0.27633896556993326,5e-05
2002,1213,727.9441679100001,7442,14905344,961.1,12120,0.026315728,0.10479581356048584,-0.001637704699775592,0.2,3.581738102932771,0.244970703125,0.9936504364013672,0.22908349335193634,4.386578684020788,5e-05
2004,1214,712.2756183300002,7442,14917632,961.1,12130,0.021658191,0.013326048851013184,0.0016758430773431124,0.2,3.5946250905593238,0.25506184895833334,0.9999399781227112,0.22898267209529877,0.010468849913255933,5e-05
2005,1215,718.2578430400001,7443,14929920,953.99,12140,0.02101203,0.0007923757657408714,0.000840568986798947,0.2,3.605299774805705,0.26250813802083334,0.9999666810035706,0.22889916598796844,0.014402046414519039,5e-05
2007,1216,708.0670576400001,7443,14942208,940.66,12150,0.025403807,8.259635925292969,-0.004139863493522474,0.2,3.6079242969552676,0.25169270833333335,0.9929921627044678,0.2287641167640686,3.1643356151413173,5e-05
2008,1217,711.1227078099998,7443,14954496,957.49,12160,0.036485713,0.5669007301330566,-0.0015914297473500483,0.2,3.6114253267645835,0.346630859375,0.9889943599700928,0.22876591980457306,3.3924695249491683,5e-05
2010,1218,710.9652707000001,7444,14966784,962.98,12170,0.021207653,0.012118030339479446,0.00040689609547068053,0.2,3.61045146882534,0.3100341796875,0.9989544153213501,0.22883260250091553,0.1321979909359167,5e-05
2011,1219,707.7561011300002,7444,14979072,966.63,12180,0.017121995,0.012418994680047035,0.0006556219154542002,0.2,3.622490204870701,0.253125,0.9996575713157654,0.2285362035036087,0.0595272357633803,5e-05
2013,1220,709.8947348400001,7445,14991360,963.37,12190,0.025339916,0.5332974195480347,-0.0004503496277417677,0.2,3.6381891926129657,0.2390625,0.9881364703178406,0.2284679412841797,8.035835412765543,5e-05
2015,1221,728.13448311,7445,15003648,961.28,12200,0.029056007,1.16547429561615,-0.0016132552099103728,0.2,3.6393599212169647,0.24889322916666667,0.9943534731864929,0.22838057577610016,3.8964302361011507,5e-05
2016,1222,732.86520924,7446,15015936,961.28,12210,0.029803297,0.003014141693711281,0.004261518549416602,0.2,3.6446953227122623,0.3264404296875,0.9995477199554443,0.2280869036912918,0.08279785396104368,5e-05
2018,1223,750.2877614399999,7446,15028224,968.39,12220,0.022191612,0.0016424814239144325,0.002234138507628813,0.2,3.649468138317267,0.2835774739583333,0.9998972415924072,0.2281455397605896,0.034546710868986946,5e-05
2019,1224,761.0854505400001,7447,15040512,983.58,12230,0.015803276,0.01657858118414879,0.0034808498312486336,0.2,3.6600709920128187,0.23490397135416666,0.9999193549156189,0.22758513689041138,0.023121037126596397,5e-05
2021,1225,788.0308623699998,7447,15052800,974.52,12240,0.019170683,0.011639317497611046,0.0010795628619234775,0.2,3.6727944453557333,0.23087565104166666,0.999945878982544,0.2274538278579712,0.017218681334634313,5e-05
2022,1226,791.2025789600001,7447,15065088,974.52,12250,0.019807735,0.13628524541854858,-0.0051636457152199,0.2,3.6756291275223094,0.199365234375,0.9900119304656982,0.22752948105335236,3.9653457197671136,5e-05
2024,1227,804.2658736400001,7448,15077376,975.51,12260,0.023434356,0.033956773579120636,-0.0006921300397758993,0.2,3.6688686341047285,0.28400065104166666,0.9980196356773376,0.2277359515428543,0.27343161999403187,5e-05
2025,1228,794.3076572900001,7448,15089664,983.56,12270,0.021053696,0.05153082683682442,0.002255621508326537,0.2,3.6682254041234654,0.2796875,0.9998290538787842,0.22769354283809662,0.06789231986234275,5e-05
2027,1229,776.1858802799999,7449,15101952,985.65,12280,0.016701126,0.04066146910190582,2.176459674956277e-05,0.2,3.672894252339999,0.2305419921875,0.9990465641021729,0.22764867544174194,0.13568587120777617,5e-05
2028,1230,784.3471774899999,7449,15114240,985.65,12290,0.01892815,0.0031286003068089485,0.002255709597132712,0.2,3.673876954118411,0.23339029947916667,0.9999017119407654,0.22783641517162323,0.01723518986060905,5e-05
2030,1231,782.3017622799998,7450,15126528,985.65,12300,0.017704042,0.011079847812652588,0.0003169381505964945,0.2,3.6778238947192827,0.26267903645833335,0.9998066425323486,0.22777056694030762,0.04214615977058808,5e-05
2031,1232,779.2602378600002,7450,15138816,985.11,12310,0.019354867,-0.009335162118077278,-0.0026398499253749226,0.2,3.686022733648618,0.23102213541666666,0.9999086260795593,0.2277499884366989,0.027321852863921473,5e-05
2033,1233,751.37165065,7451,15151104,983.38,12320,0.029235601,-0.0012963218614459038,-0.0020308136527698176,0.2,3.6909285162885985,0.32163899739583335,0.9992993474006653,0.22754506766796112,0.04916475539600166,5e-05
2034,1234,757.24399543,7451,15163392,974.51,12330,0.043952126,0.21982082724571228,-0.004160541747114621,0.2,3.697370990117391,0.293701171875,0.9913622140884399,0.22737860679626465,4.655428453302011,5e-05
2036,1235,751.80671051,7451,15175680,968.94,12340,0.028438529,0.010958310216665268,-0.0003680187275070542,0.2,3.697654872139295,0.30926920572916666,0.9995204210281372,0.227225199341774,0.16509484304891278,5e-05
2038,1236,759.29574267,7452,15187968,959.18,12350,0.02686043,0.050532013177871704,-0.003285317672028517,0.2,3.6955685754617056,0.2912841796875,0.9996097087860107,0.2273312211036682,0.16725159261065226,5e-05
2039,1237,741.6728477500001,7452,15200256,955.61,12360,0.027080046,0.02253863215446472,-0.003208704801121106,0.2,3.6879308819770813,0.2998860677083333,0.9992107152938843,0.2276204228401184,0.2506130204846462,5e-05
2041,1238,735.63224494,7453,15212544,943.3,12370,0.023689384,0.031012114137411118,-0.00018615608423715456,0.2,3.679090522726377,0.2895263671875,0.9994962215423584,0.22740864753723145,0.11153787568521996,5e-05
2042,1239,724.7744848899998,7453,15224832,943.12,12380,0.040645193,0.2082630693912506,-0.005023166703176684,0.2,3.6767448003093404,0.24901529947916667,0.9941879510879517,0.22740821540355682,2.9616290299997976,5e-05
2044,1240,730.76812493,7454,15237120,943.12,12390,0.021044366,0.025807974860072136,0.00021683693315329342,0.2,3.676974123219649,0.27129720052083334,0.9990183711051941,0.2274932712316513,0.18839892983669415,5e-05
2045,1241,741.4647269999998,7454,15249408,956.36,12400,0.018599564,0.004162807948887348,0.0006218978897474396,0.2,3.6778648778796197,0.261474609375,0.9997617602348328,0.2274761199951172,0.04142733119855014,5e-05
2047,1242,702.3287861400001,7454,15261696,954.09,12410,0.022398189,0.017235521227121353,-0.0009972244787301557,0.2,3.6748968829711277,0.29617513020833336,0.9912761449813843,0.22769828140735626,1.4672324319835752,5e-05
2048,1243,712.65284224,7454,15273984,961.6,12420,0.03566957,0.15429534018039703,-0.0028603689216348963,0.2,3.6783174231648443,0.2616943359375,0.9970927238464355,0.22769463062286377,0.22771695244785709,5e-05
2050,1244,692.79795959,7454,15286272,963.95,12430,0.024489105,0.17151711881160736,0.0006670319800226328,0.2,3.6856933588782947,0.3293212890625,0.9974490404129028,0.22774779796600342,0.4083862280938774,5e-05
2052,1245,708.9860720900001,7454,15298560,958.39,12440,0.023207046,0.02729298174381256,-0.0005120350324432366,0.2,3.692640935877959,0.2534423828125,0.9995158314704895,0.22772623598575592,0.09710718581918627,5e-05
2053,1246,700.5374367099998,7454,15310848,970.64,12450,0.034482628,0.11713235825300217,-0.006353661819593981,0.2,3.7024730617801347,0.24561360677083333,0.9888098835945129,0.22766882181167603,4.764599124295637,5e-05
2055,1247,697.7862425800001,7454,15323136,971.36,12460,0.021694398,0.02375369518995285,-0.0008907162409741431,0.2,3.7063992783427238,0.28680826822916666,0.9994930624961853,0.22755856812000275,0.1731035385513678,5e-05
2057,1248,706.6001824799998,7454,15335424,971.36,12470,0.017677838,0.008377138525247574,-0.0018188179713130618,0.2,3.708055284122626,0.27040201822916665,0.9999059438705444,0.22753338515758514,0.033164612147569036,5e-05
2058,1249,695.64467978,7454,15347712,958.66,12480,0.021432413,0.19135648012161255,-0.002863174916516679,0.2,3.704545089105765,0.244287109375,0.9982427954673767,0.22751766443252563,0.5664651574101299,5e-05
2060,1250,721.8989761600001,7454,15360000,958.66,12490,0.021463126,8.53087329864502,-0.003567514940611242,0.2,3.698037901520729,0.2579752604166667,0.9952465295791626,0.2276255488395691,2.91295337191162,5e-05
2061,1251,751.81555832,7455,15372288,968.48,12500,0.027499205,0.056840017437934875,-0.00185790620065139,0.2,3.7057554468512537,0.2928059895833333,0.9993540048599243,0.22715060412883759,0.1762481675017625,5e-05
2063,1252,752.2260134399999,7455,15384576,972.09,12510,0.01836584,0.16888679563999176,-0.0013085236753492306,0.2,3.720715146760146,0.25003255208333336,0.9991806745529175,0.22703659534454346,0.37816930043821534,5e-05
2065,1253,748.9029803599999,7456,15396864,972.09,12520,0.027080523,0.171710804104805,-0.0001063177861700145,0.2,3.727408793071906,0.3024820963541667,0.9993592500686646,0.22693590819835663,0.26106779935459296,5e-05
2066,1254,746.08064008,7456,15409152,972.15,12530,0.018591745,0.0021534771658480167,-0.0015022631458123214,0.2,3.7320138668020566,0.24335123697916666,0.9999623894691467,0.2271387130022049,0.017245970081421546,5e-05
2068,1255,747.5526596399999,7456,15421440,957.77,12540,0.018347345,0.0031024813652038574,-0.003187273548489126,0.2,3.7369351009527842,0.24534505208333332,0.9999110698699951,0.22684335708618164,0.035500754204501085,5e-05
2069,1256,746.7234540800001,7457,15433728,966.3,12550,0.030725993,0.0028262734413146973,0.0006722853448688208,0.2,3.7471665183703107,0.2994384765625,0.9995480179786682,0.22673030197620392,0.07381975450941052,5e-05
2071,1257,731.1853468199998,7457,15446016,957.05,12560,0.018256791,0.009198296815156937,0.000578080941583418,0.2,3.74993056456248,0.25918782552083336,0.9998453259468079,0.2269441932439804,0.05750917804155809,5e-05
2072,1258,705.1285068700003,7458,15458304,943.51,12570,0.025031338,0.4086195230484009,-0.0034122360511294877,0.2,3.7421971852580707,0.26217447916666664,0.9946697354316711,0.22711831331253052,2.8594652684250224,5e-05
2074,1259,711.03595747,7458,15470592,942.01,12580,0.027952649,0.011743936687707901,-0.0019779271359463262,0.2,3.7464540635546046,0.2904866536458333,0.9997972846031189,0.22691881656646729,0.13380877994932233,5e-05
2075,1260,726.7112789199999,7458,15482880,942.17,12590,0.019670108,0.02128109708428383,-0.0018000896144561315,0.2,3.7578690071900684,0.24149576822916666,0.999880850315094,0.22675253450870514,0.04941771702142432,5e-05
2077,1261,728.87176286,7459,15495168,942.17,12600,0.017452324,0.0071217939257621765,7.942275260575116e-06,0.2,3.7654197866717976,0.2408447265625,0.9998484253883362,0.2266935259103775,0.030428600831267735,5e-05
2078,1262,748.5923976899998,7459,15507456,942.59,12610,0.01584137,-0.010932688601315022,0.001007392026076559,0.2,3.7737403457363445,0.235693359375,0.999924898147583,0.22641022503376007,0.02042633695236873,5e-05
2080,1263,753.69487712,7460,15519744,946.43,12620,0.017315581,-0.0022654859349131584,-0.0026336661569075657,0.2,3.782961817582448,0.22698567708333334,0.9999538660049438,0.22622406482696533,0.018822734249988572,5e-05
2081,1264,767.2322462799999,7460,15532032,956.08,12630,0.019140957,0.004323650151491165,-0.0024822035649170477,0.2,3.7990107496579486,0.234228515625,0.9998558759689331,0.22583289444446564,0.07069585908126706,5e-05
2083,1265,768.50350685,7460,15544320,964.63,12640,0.05357608,0.05918312072753906,-0.0028936131348018534,0.2,3.813112534582615,0.31349283854166665,0.9986077547073364,0.22579340636730194,0.4272201919928193,5e-05
2084,1266,786.60187758,7461,15556608,978.01,12650,0.01999441,0.01294858381152153,0.0020816384021600243,0.2,3.819072090089321,0.29234212239583335,0.9998483061790466,0.22565241158008575,0.049023311579367145,5e-05
2086,1267,780.2219713399999,7461,15568896,974.88,12660,0.02924787,0.03182555362582207,-0.004201142429277146,0.2,3.8245890766382216,0.26100260416666665,0.9937467575073242,0.2256702333688736,3.9747549946419896,5e-05
2088,1268,778.01043615,7462,15581184,973.91,12670,0.024853958,0.025624629110097885,0.0005228553268049533,0.2,3.8355866159001986,0.28570963541666666,0.9988594055175781,0.2251642495393753,0.4846989866578951,5e-05
2089,1269,775.06364401,7462,15593472,970.38,12680,0.02415323,0.07347733527421951,0.0014093647245317698,0.2,3.843756936987241,0.2943115234375,0.9995071291923523,0.22518698871135712,0.2078097308287397,5e-05
2091,1270,753.5787629900001,7462,15605760,968.99,12690,0.028938621,0.0925503820180893,-0.0024042613561808444,0.2,3.8440666129191716,0.2908203125,0.9993656277656555,0.22487668693065643,0.1983420292303587,5e-05
2092,1271,729.4929543600001,7463,15618048,974.04,12700,0.025580755,0.022989634424448013,-0.002009353427759682,0.2,3.8511974359552066,0.3050537109375,0.9992290139198303,0.2248547077178955,0.15643693499732764,5e-05
2094,1272,740.40314196,7463,15630336,978.45,12710,0.025773609,0.14958694577217102,-0.00018336285817592093,0.2,3.853309749563535,0.2943115234375,0.999422550201416,0.224787637591362,0.31377125782892107,5e-05
2095,1273,747.6218999700002,7463,15642624,978.45,12720,0.021399105,0.05746636539697647,0.0026596758572850375,0.2,3.8614201416571934,0.32662760416666664,0.9995436072349548,0.22447925806045532,0.24523116193401318,5e-05
2097,1274,749.55450414,7464,15654912,978.61,12730,0.024711415,0.02495291456580162,-9.042189097575222e-05,0.2,3.8637960319717726,0.2892333984375,0.9998651146888733,0.22472263872623444,0.08133817993414899,5e-05
2098,1275,752.5406943099999,7464,15667200,976.36,12740,0.018655665,0.005049464292824268,0.0006664705433649942,0.2,3.863952092329661,0.26185709635416665,0.9999431371688843,0.22450678050518036,0.0288911102572456,5e-05
2100,1276,747.0270225300003,7464,15679488,975.88,12750,0.02473797,0.04581831395626068,0.0024474232418773075,0.2,3.8683871095379194,0.31210123697916664,0.9972888231277466,0.22457526624202728,0.6051658071422329,5e-05
2101,1277,755.27695062,7465,15691776,975.4,12760,0.019349786,0.08160457760095596,-4.2609049463256575e-05,0.2,3.870582473774751,0.27838541666666666,0.9994922280311584,0.22420500218868256,0.2955874048639089,5e-05
2103,1278,767.8712323299998,7465,15704064,976.53,12770,0.032041106,0.1185925081372261,0.0019119472354456471,0.2,3.878005882104238,0.3596110026041667,0.9982210397720337,0.22402866184711456,0.8014217892196029,5e-05
2105,1279,800.4302303499999,7466,15716352,977.75,12780,0.026675006,0.08265289664268494,-0.0011146074597490952,0.2,3.8829885318875315,0.3237548828125,0.9996187090873718,0.22398650646209717,0.25639677452854814,5e-05
2106,1280,792.9057299399999,7466,15728640,973.79,12790,0.025748894,0.1492004245519638,0.00018926662984692182,0.2,3.8825536012649535,0.2950927734375,0.9991193413734436,0.22391605377197266,0.3417722864697377,5e-05
2108,1281,790.00160537,7466,15740928,973.79,12800,0.024444394,0.03031940385699272,0.0009190699813188985,0.2,3.8915241743127504,0.3101806640625,0.9994367957115173,0.2235260009765625,0.1615644818598715,5e-05
2109,1282,792.90248056,7466,15753216,973.79,12810,0.022936063,0.019420554861426353,-0.0008562733254317815,0.2,3.899062619606654,0.2794270833333333,0.9971093535423279,0.2235700935125351,0.5638037291898702,5e-05
2111,1283,795.7556990699999,7467,15765504,986.47,12820,0.02563122,-0.006546488497406244,0.0005916898022405803,0.2,3.910498560965061,0.242626953125,0.9998273253440857,0.223197802901268,0.03244582376113006,5e-05
2112,1284,787.3663701899999,7467,15777792,985.65,12830,0.036764875,0.06520314514636993,0.005663613886766446,0.2,3.922132560610771,0.4173177083333333,0.9992791414260864,0.2231021374464035,0.1530313903427062,5e-05
2114,1285,780.6138785799999,7468,15790080,985.35,12840,0.02044131,-0.003744519781321287,-0.00358930775449456,0.2,3.9259080136815707,0.26201171875,0.9999708533287048,0.22306017577648163,0.013309212865230317,5e-05
2115,1286,771.9208786000002,7468,15802368,972.74,12850,0.029695889,0.033292368054389954,0.00104801427393492,0.2,3.930464125176271,0.3007080078125,0.9994023442268372,0.22279393672943115,0.12478599150975546,5e-05
2117,1287,762.1701740100001,7468,15814656,973.3,12860,0.021800837,0.16738054156303406,-0.00029396481501559415,0.2,3.930526305238406,0.2550455729166667,0.9978010654449463,0.2229098528623581,0.5738626496866346,5e-05
2118,1288,740.2073479700001,7469,15826944,962.14,12870,0.024505742,0.04846382513642311,-0.0014271632831272048,0.2,3.9333059390385947,0.309033203125,0.9997402429580688,0.22267746925354004,0.1107102750102058,5e-05
2120,1289,738.2149803600004,7469,15839232,953.99,12880,0.025576219,0.16706329584121704,-0.0026061745282883447,0.2,3.938409602145354,0.3054443359375,0.9988453984260559,0.22259287536144257,0.4100063077174127,5e-05
2121,1290,730.6214085699999,7470,15851520,952.16,12890,0.027093714,0.0492449551820755,-0.0021124612520604085,0.2,3.9431801825761794,0.3124918619791667,0.9993957877159119,0.222414031624794,0.12940589564386756,5e-05
2123,1291,724.67472649,7470,15863808,955.6,12900,0.020824732,0.15628167986869812,0.00031456275610253215,0.2,3.9459656169017157,0.3010986328125,0.9990969300270081,0.2225281447172165,0.33607070944271983,5e-05
2125,1292,736.8488871599999,7470,15876096,947.8,12910,0.017779233,0.0329473540186882,0.0001280390167570052,0.2,3.9439468761285146,0.25238444010416666,0.99991774559021,0.222612664103508,0.04455927336433282,5e-05
2126,1293,751.6323449700001,7471,15888384,955.15,12920,0.027411861,0.03879143297672272,-0.001959586574230343,0.2,3.951369902988275,0.28212076822916665,0.9998374581336975,0.222539484500885,0.1194775921991095,5e-05
2128,1294,765.66947065,7471,15900672,960.0,12930,0.02068526,0.0017988402396440506,-0.0014631384716873679,0.2,3.9604999194542567,0.24144694010416667,0.9999399185180664,0.22247248888015747,0.034891500692659366,5e-05
2129,1295,781.1671575,7472,15912960,962.8,12940,0.024422124,0.01625671610236168,0.0006617369367935074,0.2,3.957089273631573,0.31292317708333334,0.9998548626899719,0.2226535826921463,0.04675963143236004,5e-05
2131,1296,778.58316357,7472,15925248,974.36,12950,0.016401934,-0.006661238614469767,-0.00024002855692136413,0.2,3.9533280884226163,0.25262044270833334,0.9999790787696838,0.2226417064666748,0.011312103743936557,5e-05
2132,1297,799.4824985,7472,15937536,982.51,12960,0.020030128,0.005469809751957655,-0.0004454813223370972,0.2,3.9619820684194567,0.22845865885416666,0.9999368786811829,0.22235943377017975,0.016223457804881037,5e-05
2134,1298,824.3687122100001,7473,15949824,982.61,12970,0.017481813,-0.006237238645553589,0.00045103720137073345,0.2,3.9680666461586953,0.22176106770833334,0.9998885989189148,0.22258777916431427,0.026812434755265714,5e-05
2135,1299,788.16834078,7473,15962112,975.19,12980,0.025497941,0.16926157474517822,0.0029829177340919464,0.2,3.9647003720204035,0.35357259114583334,0.9985884428024292,0.22265379130840302,0.20167101648015281,5e-05
2137,1300,770.4750637100001,7474,15974400,973.45,12990,0.07876252,0.00029649771749973297,0.00039781204104656355,0.2,3.9639188746611276,0.3184814453125,0.9991773962974548,0.22276882827281952,0.09869866462734839,5e-05
2138,1301,714.17935431,7474,15986688,925.61,13000,0.027797937,0.16928350925445557,-0.0037357490344826754,0.2,3.963446142276128,0.24069010416666667,0.9986889958381653,0.2228107899427414,0.553319933032617,5e-05
2140,1302,692.7244625400001,7474,15998976,925.42,13010,0.023291463,0.25640907883644104,0.0006650617705114807,0.2,3.9609014173348744,0.2621256510416667,0.9971110820770264,0.22292625904083252,0.6820943096031745,5e-05
2141,1303,693.48262218,7475,16011264,917.72,13020,0.02315027,0.09578434377908707,0.0019624170747799025,0.2,3.9637283802032472,0.316748046875,0.9996904730796814,0.22291938960552216,0.14756901449291035,5e-05
2143,1304,674.12536467,7475,16023552,909.71,13030,0.024622599,0.14513427019119263,-0.0021544195461804822,0.2,3.966932333012422,0.31707356770833334,0.9988412857055664,0.2230558842420578,0.48108726016556225,5e-05
2145,1305,687.93262929,7475,16035840,906.48,13040,0.02277703,0.2268284559249878,-0.0016370692843338474,0.2,3.963419461250305,0.25738118489583334,0.998814046382904,0.22295443713665009,0.556866641746213,5e-05
2146,1306,702.6189788800001,7476,16048128,910.53,13050,0.020137468,0.0219881609082222,-0.001686987302673515,0.2,3.9702989747126898,0.27106119791666666,0.9997849464416504,0.22270099818706512,0.10766340712434612,5e-05
2148,1307,697.5050052099998,7476,16060416,922.91,13060,0.023423253,0.013479230925440788,0.0041892286370663594,0.2,3.9716645504037538,0.2559895833333333,0.9999619126319885,0.22261053323745728,0.00724969721729091,5e-05
2149,1308,701.6437528299998,7477,16072704,935.18,13070,0.023718193,0.004206996876746416,0.002572922237838308,0.2,3.9733336572845777,0.23776041666666667,0.9999562501907349,0.22276127338409424,0.007224417041288689,5e-05
2151,1309,755.8261767099998,7477,16084992,974.61,13080,0.01623292,0.003345307894051075,-0.00266507464160289,0.2,3.981347129245599,0.22242024739583333,0.9999784827232361,0.22277235984802246,0.015731524077515737,5e-05
2152,1310,803.8397227099999,7477,16097280,979.64,13090,0.034803662,0.03706556558609009,-0.0008901760054868646,0.2,3.9822673683365184,0.3416748046875,0.9996519088745117,0.22291557490825653,0.11722615579298387,5e-05
2154,1311,791.5045055699999,7478,16109568,980.81,13100,0.01980367,-0.0057882824912667274,0.002891491517220857,0.2,3.984644424915314,0.29754231770833334,0.9999120831489563,0.2228853553533554,0.035571631773685414,5e-05
2155,1312,802.4359468299999,7478,16121856,986.55,13110,0.03391991,0.07897704839706421,0.0005042046279413626,0.2,3.9909134576718013,0.34429524739583334,0.9994443655014038,0.2228960245847702,0.1288474075185756,5e-05
2157,1313,791.1018111399999,7478,16134144,989.78,13120,0.034709055,0.051596999168395996,-0.0003930223766171063,0.2,3.9936908721923827,0.3707682291666667,0.9991644620895386,0.2227967232465744,0.5089912332283953,5e-05
2158,1314,790.10530277,7479,16146432,989.78,13130,0.021943592,0.016482049599289894,-0.004109973996431412,0.2,3.9980746393402415,0.28292643229166664,0.9998769760131836,0.22289365530014038,0.05395828983358418,5e-05
2160,1315,813.4761051199999,7479,16158720,989.78,13140,0.020865837,0.002571264747530222,-0.0002975402116135228,0.2,4.0124678164720535,0.22952473958333333,0.9999549984931946,0.22247473895549774,0.01723869298681772,5e-05
2161,1316,812.5888284399999,7480,16171008,981.21,13150,0.020444945,-0.005404469091445208,0.0015904082218185067,0.2,4.024326309561729,0.251611328125,0.9999836683273315,0.22248560190200806,0.007690753804248137,5e-05
2163,1317,813.4649196400001,7480,16183296,981.85,13160,0.021936612,0.022265059873461723,0.0011818510043667628,0.2,4.021974184115728,0.322119140625,0.999064028263092,0.22274644672870636,0.14606427408677217,5e-05
2164,1318,778.71911817,7480,16195584,982.63,13170,0.020777015,-0.006638542283326387,-0.003180532383460862,0.2,4.028400323788325,0.25350748697916664,0.9999647736549377,0.2224341183900833,0.016324020408986447,5e-05
2166,1319,773.1882239299998,7481,16207872,989.16,13180,0.017536746,0.01762821339070797,0.0010104201708600157,0.2,4.040684414903323,0.243017578125,0.9999546408653259,0.22248370945453644,0.008608892427582759,5e-05
2167,1320,774.02110383,7481,16220160,990.1,13190,0.021323964,0.013751838356256485,-0.001282521299920821,0.2,4.0463024536768595,0.24964192708333333,0.9999631643295288,0.2225773185491562,0.009406806909828447,5e-05
2169,1321,768.72406697,7482,16232448,991.43,13200,0.019357981,0.022364208474755287,6.988291473438342e-05,0.2,4.050671518842379,0.22735188802083334,0.9999826550483704,0.2223788946866989,0.007505548930203077,5e-05
2171,1322,772.3704529299998,7482,16244736,991.43,13210,0.020381832,0.033727921545505524,0.001292546424762501,0.2,4.065038741628329,0.25076497395833336,0.999987006187439,0.2219560593366623,0.008877659856322377,5e-05
2172,1323,774.9788077700002,7482,16257024,989.55,13220,0.016543457,0.010304335504770279,-0.0004654545594045582,0.2,4.088908256093661,0.20004069010416667,0.9999670386314392,0.2215038686990738,0.01780445848708041,5e-05
2174,1324,766.11404748,7483,16269312,988.4,13230,0.038454186,0.0024642981588840485,0.0031258137634722514,0.2,4.103419770797093,0.36643880208333335,0.9988471269607544,0.2212253361940384,0.08533558382575089,5e-05
2175,1325,762.7205599800001,7483,16281600,991.51,13240,0.028254984,0.026430772617459297,-0.0019429120264248922,0.2,4.111439735690753,0.304931640625,0.9998927116394043,0.2210170030593872,0.03243385218277884,5e-05
2177,1326,762.24156003,7484,16293888,988.21,13250,0.020196037,0.023830439895391464,0.0004158140902291052,0.2,4.119092784325281,0.26724446614583336,0.9999616742134094,0.22105801105499268,0.014444332157048241,5e-05
2178,1327,789.81491441,7484,16306176,988.21,13260,0.031015625,0.015256000682711601,0.0006441211730513412,0.2,4.123046187559764,0.29083658854166666,0.9998780488967896,0.22104696929454803,0.0450890657142736,5e-05
2180,1328,786.40158381,7484,16318464,988.21,13270,0.020484017,0.007553407922387123,-0.0020611901243682952,0.2,4.131994696458181,0.26290690104166664,0.9999863505363464,0.22092421352863312,0.008828928685882904,5e-05
2181,1329,793.54299278,7485,16330752,980.01,13280,0.019414058,-0.0005286671221256256,-3.72913670920146e-05,0.2,4.145815937717756,0.22318522135416666,0.9999904036521912,0.22085900604724884,0.006682322926159638,5e-05
2183,1330,784.1091478099999,7485,16343040,977.36,13290,0.03716369,0.04649984836578369,0.001218789812992327,0.2,4.148248652617137,0.32236328125,0.9985132217407227,0.22095157206058502,0.1700853033689782,5e-05
2184,1331,788.3645617499997,7485,16355328,981.75,13300,0.02537332,0.07832995802164078,-0.001495396792355071,0.2,4.148100870847702,0.29090983072916665,0.9978265762329102,0.22098417580127716,1.0432335841624687,5e-05
2186,1332,802.0758876499998,7486,16367616,983.21,13310,0.026979074,0.0696459412574768,-0.00011879089239907141,0.2,4.159469713767369,0.28431803385416665,0.9994348287582397,0.22080004215240479,0.24609180120751262,5e-05
2187,1333,806.52232458,7486,16379904,983.21,13320,0.028056258,0.06746797263622284,0.0017907893348213595,0.2,4.172175203760465,0.33194173177083336,0.9996819496154785,0.22062289714813232,0.1423222876115081,5e-05
2189,1334,810.0247212899999,7487,16392192,986.51,13330,0.028653583,-0.005408621393144131,-0.0010806563916654947,0.2,4.190347079435984,0.27752278645833334,0.9999498128890991,0.22028176486492157,0.02792664357984904,5e-05
2190,1335,803.74909265,7487,16404480,986.51,13340,0.021371445,-0.0031885658390820026,-0.0011133341113842713,0.2,4.208813305695852,0.2536539713541667,0.9999697208404541,0.2199382781982422,0.011919530740124173,5e-05
2192,1336,782.4199822599999,7487,16416768,986.51,13350,0.030245297,0.027051987126469612,0.0032242105318194565,0.2,4.217735289533933,0.3544108072916667,0.9996432065963745,0.21995632350444794,0.0550028823762356,5e-05
2194,1337,807.5256058199999,7488,16429056,994.71,13360,0.03441159,0.25264251232147217,-0.001498791934379066,0.2,4.21969832777977,0.32255859375,0.9953057169914246,0.21998226642608643,0.9586396474391222,5e-05
2195,1338,810.92001785,7488,16441344,997.36,13370,0.024110893,0.0056480709463357925,0.0006465034508437384,0.2,4.226104066769282,0.24750162760416666,0.9998560547828674,0.21986304223537445,0.06455581607879139,5e-05
2197,1339,811.8441339699998,7488,16453632,1000.0,13380,0.022015637,0.017278052866458893,4.780684782114501e-05,0.2,4.235106228788694,0.2763671875,0.9999605417251587,0.21966548264026642,0.011317753389206094,5e-05
2198,1340,801.5098125500002,7489,16465920,1000.0,13390,0.016981153,0.00487232580780983,-0.003439644829389484,0.2,4.245920695861181,0.2345458984375,0.9999822974205017,0.21951723098754883,0.008927067427430302,5e-05
2200,1341,787.2885735000001,7489,16478208,988.05,13400,0.018830972,0.0033299110364168882,0.00035335472954708773,0.2,4.255641031265259,0.24501953125,0.9999797344207764,0.21949928998947144,0.01004920724129382,5e-05
2201,1342,772.3525062099999,7489,16490496,988.05,13410,0.0327882,0.009808477014303207,0.007311829241613547,0.2,4.2529497365156805,0.4057210286458333,0.9990251064300537,0.21970562636852264,0.06889345199451782,5e-05
2203,1343,761.9332177400001,7490,16502784,984.84,13420,0.023057058,0.004746796563267708,0.0014748907424897576,0.2,4.2516069908936815,0.23668619791666667,0.9999687671661377,0.21935725212097168,0.010018374140296752,5e-05
2204,1344,747.0688317099999,7490,16515072,957.7,13430,0.034981053,0.0028336327522993088,0.0007761748391203582,0.2,4.261604012052218,0.3609700520833333,0.999487578868866,0.21936126053333282,0.08852763330214657,5e-05
2206,1345,710.4294437299999,7490,16527360,942.37,13440,0.022613773,0.05956126004457474,0.0014024575308818992,0.2,4.265895530581474,0.2986246744791667,0.9970502257347107,0.2191549688577652,0.3054728815642496,5e-05
2207,1346,698.54475646,7491,16539648,932.68,13450,0.025108745,0.0812038779258728,-0.000251726884986662,0.2,4.265326674779256,0.3065673828125,0.9993603229522705,0.21933574974536896,0.20552998858038335,5e-05
2209,1347,706.6417060499999,7491,16551936,921.62,13460,0.03905127,0.04454522579908371,0.000833665054718343,0.2,4.265263015031815,0.3547770182291667,0.9996702075004578,0.21915531158447266,0.10231849933431174,5e-05
2210,1348,714.1332659000001,7491,16564224,916.3,13470,0.025107563,0.30936577916145325,-0.005807493059061623,0.2,4.274745927254359,0.2734456380208333,0.9983345866203308,0.21894963085651398,0.9678492764011025,5e-05
2212,1349,695.5283038799998,7492,16576512,922.18,13480,0.02936242,0.08315656334161758,0.0021685301268007605,0.2,4.288405181964238,0.35009765625,0.9996612668037415,0.2185991406440735,0.1241065786841015,5e-05
2214,1350,691.24998114,7492,16588800,922.18,13490,0.021335134,0.003488299436867237,0.0048656274225019535,0.2,4.30061603585879,0.26705729166666664,0.9999184608459473,0.2185598611831665,0.015281991211425823,5e-05
2215,1351,720.0570805900003,7492,16601088,934.6,13500,0.023795458,0.06671173870563507,-0.0032922568624295916,0.2,4.301334853967031,0.2687581380208333,0.9995352029800415,0.21861964464187622,0.1760466218343936,5e-05
2217,1352,774.52887253,7493,16613376,953.72,13510,0.020870082,-0.0010072244331240654,-0.0018900942394490508,0.2,4.299416611591975,0.23287760416666667,0.9999080896377563,0.21848900616168976,0.040605930000310764,5e-05
2218,1353,811.27470065,7493,16625664,966.01,13520,0.018270308,-0.015319958329200745,-0.000807853912798843,0.2,4.307745921611786,0.23421223958333334,0.9999719858169556,0.21845512092113495,0.012702177020643527,5e-05
2220,1354,801.43345095,7494,16637952,970.04,13530,0.040303975,1.6524415016174316,-0.004989244285873913,0.2,4.313144122560819,0.23067220052083334,0.9963894486427307,0.21836912631988525,1.1904770193737932,5e-05
2221,1355,798.4972961999998,7494,16650240,979.28,13540,0.024946058,0.07676547020673752,0.005023289921882679,0.2,4.316281501452128,0.35817057291666665,0.9989404082298279,0.21841277182102203,0.08355366206378675,5e-05
2223,1356,796.7074785300002,7494,16662528,985.61,13550,0.033086803,0.07676541805267334,0.004797250758080433,0.2,4.309401034315427,0.3642333984375,0.9987542629241943,0.21844911575317383,0.19880283484623457,5e-05
2224,1357,786.43557357,7495,16674816,982.52,13560,0.020089582,0.03224094957113266,0.0033147747647793344,0.2,4.306345703204473,0.27727864583333334,0.9999111294746399,0.21852333843708038,0.02292391092341859,5e-05
2226,1358,789.3384906199999,7495,16687104,982.52,13570,0.026527127,0.028761807829141617,0.00244823735022995,0.2,4.3100095679362616,0.3137288411458333,0.9997664093971252,0.21853871643543243,0.05796356075055276,5e-05
2227,1359,782.91527019,7495,16699392,982.52,13580,0.026502639,0.016204455867409706,0.00032981562302059807,0.2,4.321195880572001,0.26656901041666664,0.9996750950813293,0.21823106706142426,0.15850266995645748,5e-05
2229,1360,757.9630821000001,7496,16711680,982.52,13590,0.02827724,0.08233371376991272,0.0009797033310557405,0.2,4.3341809749603275,0.26897786458333334,0.999872088432312,0.2180836945772171,0.05935516571626067,5e-05
2230,1361,726.3292183299999,7496,16723968,987.37,13600,0.016699364,-0.0015590302646160126,0.0005910833865830985,0.2,4.335822383562724,0.233935546875,0.9999585151672363,0.21794021129608154,0.01034427717725824,5e-05
2232,1362,732.06268174,7496,16736256,990.03,13610,0.01810583,-0.008986392989754677,-0.001370720801060088,0.2,4.340631825725238,0.22548014322916668,0.9999831318855286,0.21775805950164795,0.009265811509491566,5e-05
2233,1363,724.5230201299997,7497,16748544,996.91,13620,0.020603381,0.014017518609762192,-0.0028713897607910138,0.2,4.353323428829511,0.2312744140625,0.9999769926071167,0.2174007147550583,0.009833228712280592,5e-05
2235,1364,757.1806932100002,7497,16760832,996.91,13630,0.01859706,0.007858896628022194,0.0013405519384832587,0.2,4.360637453198433,0.24266764322916667,0.9999716281890869,0.21746282279491425,0.01013244650918447,5e-05
2237,1365,766.6489043800003,7498,16773120,1000.0,13640,0.021068824,-0.013220169581472874,-0.0030059623711470823,0.2,4.362251555919647,0.2512288411458333,0.9999890923500061,0.21766237914562225,0.00684638865738331,5e-05
2238,1366,777.9117381600001,7498,16785408,997.27,13650,0.020016983,-0.011645462363958359,-0.0036167123141543317,0.2,4.366363078355789,0.23758138020833333,0.9999529719352722,0.2176416516304016,0.022758801136903154,5e-05
2240,1367,761.0451625299997,7498,16797696,991.96,13660,0.028941795,0.4935872554779053,-0.006068985244686094,0.2,4.375591730078061,0.2762858072916667,0.9955958724021912,0.21736252307891846,1.0450587953673676,5e-05
2241,1368,758.99528788,7499,16809984,981.82,13670,0.026138723,0.01930875889956951,0.00034966136493797727,0.2,4.386436515053114,0.3292154947916667,0.9998849034309387,0.21727289259433746,0.033608491745932646,5e-05
2243,1369,746.1310101299998,7499,16822272,977.54,13680,0.032301143,0.04553116112947464,0.004344172548492982,0.2,4.3892350951830545,0.37566731770833334,0.9988913536071777,0.21714740991592407,0.23595107339400176,5e-05
2244,1370,737.26094,7499,16834560,971.33,13690,0.037925664,0.13770818710327148,0.002943173352590141,0.2,4.390998207529386,0.3345865885416667,0.9992997646331787,0.2171718329191208,0.2466942177542175,5e-05
2246,1371,730.86652585,7500,16846848,971.33,13700,0.03174919,-0.014410220086574554,-0.002023063786812903,0.2,4.38875552713871,0.3399658203125,0.9996985793113708,0.21724946796894073,0.03154296587357142,5e-05
2247,1372,697.70757733,7500,16859136,971.33,13710,0.019273443,-0.0077274334616959095,-0.0007705642361543142,0.2,4.400536703070005,0.2693359375,0.9999437928199768,0.21685248613357544,0.009943411550678623,5e-05
2249,1373,699.0157504,7500,16871424,971.33,13720,0.014921776,0.023767506703734398,0.00037817143699309477,0.2,4.4247712075710295,0.23667805989583332,0.9999629855155945,0.2164527326822281,0.009618789714295417,5e-05
2250,1374,696.12678308,7501,16883712,974.06,13730,0.016515924,0.006416073068976402,-0.0027637338163913226,0.2,4.44905879398187,0.2142822265625,0.9999574422836304,0.21612747013568878,0.021059055110284438,5e-05
2252,1375,718.3016062300001,7501,16896000,979.37,13740,0.025477188,0.03467141464352608,0.000596859966753982,0.2,4.462478163838386,0.28872884114583336,0.9998964071273804,0.21604807674884796,0.055867080693133175,5e-05
2253,1376,748.2211795500001,7501,16908288,989.51,13750,0.018581135,0.016831938177347183,-0.0016080528390981879,0.2,4.4695991764465965,0.263671875,0.9999164938926697,0.21595244109630585,0.03397289373485061,5e-05
2255,1377,776.2681950099998,7502,16920576,987.91,13760,0.018658748,0.012415696866810322,-0.00010027035362630462,0.2,4.478535509109497,0.24239095052083334,0.9999756217002869,0.21591933071613312,0.010394555104236739,5e-05
2256,1378,811.14279507,7502,16932864,991.24,13770,0.03933258,0.018269892781972885,-0.008704576464272881,0.2,4.485226921240488,0.20553385416666667,0.9949079155921936,0.21577715873718262,1.1639027487797042,5e-05
2258,1379,820.4399924999998,7503,16945152,991.24,13780,0.021786777,-0.0037046344950795174,-0.0007027976486521462,0.2,4.491309677561124,0.260546875,0.9998880624771118,0.21582476794719696,0.01910402990761213,5e-05
2259,1380,838.09995549,7503,16957440,991.24,13790,0.01706479,0.006505368743091822,-0.0014989878089788058,0.2,4.504252136747042,0.2366455078125,0.999975860118866,0.21560044586658478,0.01158873855068426,5e-05
2261,1381,825.6024597999999,7503,16969728,991.24,13800,0.017997446,0.002224777126684785,-0.0008508251931440707,0.2,4.51609222094218,0.24413248697916667,0.999984622001648,0.21560434997081757,0.007749481007825428,5e-05
2263,1382,811.8307416399998,7504,16982016,990.53,13810,0.019294778,0.010592790320515633,0.00024200274541120355,0.2,4.519522856672605,0.2531331380208333,0.999967098236084,0.21586187183856964,0.010562949324958026,5e-05
2264,1383,795.45048045,7504,16994304,983.57,13820,0.035649512,0.00986445788294077,0.0025486064371458878,0.2,4.520606164137522,0.33314615885416665,0.9998724460601807,0.21574987471103668,0.02109570711715302,5e-05
2266,1384,773.21067245,7504,17006592,983.57,13830,0.03157955,0.0322309285402298,-0.0027551229669673678,0.2,4.521113537748655,0.3134033203125,0.9998201131820679,0.21576432883739471,0.05417681448549653,5e-05
2267,1385,758.8380120400001,7505,17018880,992.33,13840,0.020924488,-0.004530452657490969,-0.003157056929921964,0.2,4.526830819249153,0.27328287760416664,0.9999657273292542,0.2156858891248703,0.01952317248020942,5e-05
2269,1386,723.4313467100001,7505,17031168,982.42,13850,0.019410646,-0.008686897344887257,-0.000154404711308113,0.2,4.530735722184181,0.24608561197916667,0.9999856948852539,0.21579605340957642,0.007534730404343767,5e-05
2270,1387,723.17510524,7505,17043456,982.42,13860,0.0613281,0.03711448609828949,0.004534893436357379,0.2,4.520793429017067,0.3569742838541667,0.9992175698280334,0.2160233110189438,0.09200200814326914,5e-05
2272,1388,727.6887972200001,7505,17055744,978.95,13870,0.022949904,-0.01173306442797184,0.0009824391022751418,0.2,4.5095133473475775,0.25709635416666665,0.9999518394470215,0.2159610539674759,0.016123947008357693,5e-05
2273,1389,731.62698853,7506,17068032,976.01,13880,0.036078542,0.12032071501016617,0.0017918999990797601,0.2,4.510790687799454,0.3274169921875,0.9994799494743347,0.21598203480243683,0.16941792913130485,5e-05
2275,1390,715.4943628999999,7506,17080320,969.4,13890,0.025953526,0.09107951819896698,0.002256078760547098,0.2,4.511953995625178,0.3559163411458333,0.9991441965103149,0.21568769216537476,0.24800331841688603,5e-05
2276,1391,719.23621839,7507,17092608,969.62,13900,0.065861374,0.02976355329155922,-0.005381994284592414,0.2,4.524236246943474,0.29068196614583336,0.9949960708618164,0.21555115282535553,0.36002990601506707,5e-05
2278,1392,710.4638478200001,7507,17104896,964.96,13910,0.04377164,0.0360497385263443,-0.0009319491233327426,0.2,4.538381871581078,0.35260416666666666,0.9979456067085266,0.21528474986553192,0.2103385013489363,5e-05
2279,1393,708.6354538100001,7507,17117184,955.82,13920,0.029483011,0.010407740250229836,-0.0005595971340274749,0.2,4.5436870416005455,0.35255533854166665,0.999737560749054,0.21527321636676788,0.041473525155258054,5e-05
2281,1394,718.93108647,7508,17129472,951.48,13930,0.02775444,0.06832322478294373,-0.0015901372215012088,0.2,4.544234680136045,0.314794921875,0.9995639324188232,0.21520017087459564,0.1630358301801607,5e-05
2282,1395,703.78931071,7508,17141760,950.59,13940,0.026245559,1.4096192121505737,-0.0026196173227314525,0.2,4.5464352170626325,0.292333984375,0.993247926235199,0.21518969535827637,1.7411737243334453,5e-05
2284,1396,714.6832271799999,7508,17154048,954.06,13950,0.02769509,0.021796423941850662,0.0037672324732435907,0.2,4.546220913529396,0.3619873046875,0.999340295791626,0.21526841819286346,0.11746374244491259,5e-05
2286,1397,724.1972454499999,7509,17166336,957.0,13960,0.023521224,0.011418559588491917,0.0018011302512604744,0.2,4.561631799737612,0.297265625,0.999958336353302,0.21468055248260498,0.024143282451162425,5e-05
2287,1398,738.7981663200002,7509,17178624,964.32,13970,0.022455325,0.022236373275518417,0.0010976603734889068,0.2,4.585158404707909,0.2830810546875,0.999918520450592,0.21435754001140594,0.030263917213111804,5e-05
2289,1399,753.7426342500002,7509,17190912,971.06,13980,0.01878695,0.0065988944843411446,0.0018079881760058925,0.2,4.591682881116867,0.250244140625,0.9999691247940063,0.2144881933927536,0.009645466911509477,5e-05
2290,1400,763.69718491,7510,17203200,964.5,13990,0.020717848,3.255531191825867e-05,-0.0008530860262302061,0.2,4.602739121516546,0.24187825520833334,0.9999736547470093,0.21419185400009155,0.01244426956497288,5e-05
2292,1401,779.19120267,7510,17215488,966.96,14000,0.043972176,0.15968354046344757,-0.0027620944264829935,0.2,4.610124090313912,0.2990804036458333,0.9986459612846375,0.21432852745056152,0.7321605639842649,5e-05
2293,1402,768.6299198500002,7511,17227776,981.21,14010,0.03197083,0.6984756588935852,0.0003137206594450011,0.2,4.602450752258301,0.31134440104166666,0.9962308406829834,0.21438758075237274,1.4657168360989696,5e-05
2295,1403,793.03135486,7511,17240064,981.21,14020,0.021578481,-0.0008134841918945312,0.0032781695432883375,0.2,4.6068673918644585,0.26349283854166666,0.9999633431434631,0.21421097218990326,0.01113711285725003,5e-05
2296,1404,785.9710637000001,7511,17252352,982.1,14030,0.019615365,-0.005822495091706514,0.0018002513791240441,0.2,4.615152482191721,0.24568684895833334,0.9999729990959167,0.21422456204891205,0.009380194003945993,5e-05
2298,1405,796.9510924499998,7512,17264640,982.1,14040,0.017345969,-0.012860056012868881,-0.001109099655392735,0.2,4.6176278313001,0.22099609375,0.9999587535858154,0.21415551006793976,0.010719517499577098,5e-05
2299,1406,795.4036108500001,7512,17276928,982.1,14050,0.014772904,-0.005264099687337875,9.673695797876766e-05,0.2,4.629102940360705,0.224560546875,0.9999898672103882,0.21381191909313202,0.006002411813339373,5e-05
2301,1407,800.28876384,7512,17289216,982.1,14060,0.025168994,0.015993008390069008,0.0009678285108141912,0.2,4.64112559556961,0.27145182291666664,0.9999758005142212,0.21379506587982178,0.009583288831345271,5e-05
2302,1408,794.0439734599998,7513,17301504,993.32,14070,0.019652784,-0.011325569823384285,-0.002500251993963805,0.2,4.658537369966507,0.2491943359375,0.9999585747718811,0.21322958171367645,0.019413537931783745,5e-05
2304,1409,784.2339258400002,7513,17313792,992.51,14080,0.023931526,0.07025029510259628,0.0034748123289318755,0.2,4.678630360960961,0.3226399739583333,0.999069333076477,0.2129230946302414,0.25627802597979704,5e-05
2305,1410,803.6195635500001,7514,17326080,992.51,14090,0.02709797,0.2660125494003296,-0.0019379700825084,0.2,4.687173889080683,0.27276204427083334,0.9967783689498901,0.21274183690547943,0.615392167873991,5e-05
2307,1411,787.3171732800001,7514,17338368,992.51,14100,0.021466939,0.025311287492513657,-0.00011830979201477021,0.2,4.68100753625234,0.2537434895833333,0.9999691247940063,0.21296262741088867,0.00876062170767303,5e-05
2308,1412,783.07905111,7514,17350656,992.51,14110,0.018594025,0.0033879654947668314,-0.0006486800358591912,0.2,4.675073417027791,0.24495442708333334,0.9999805688858032,0.2130039483308792,0.007122915721750663,5e-05
2310,1413,756.4927552500001,7515,17362944,992.51,14120,0.017616017,-0.0005045202560722828,-0.0010139947558248726,0.2,4.683136996626854,0.2613037109375,0.9999868273735046,0.21277712285518646,0.006948837473464664,5e-05
2311,1414,750.1488383299999,7515,17375232,992.51,14130,0.02114083,0.009841486811637878,0.0023733913663212054,0.2,4.6979368398586905,0.24776204427083334,0.9999105334281921,0.2123945951461792,0.01953468018521865,5e-05
2313,1415,750.80460472,7515,17387520,986.78,14140,0.019048316,0.009296119213104248,-0.0005503550739376806,0.2,4.702555442849795,0.28768717447916664,0.9998533129692078,0.21251249313354492,0.0486734935286222,5e-05
2315,1416,754.3194424000001,7516,17399808,986.78,14150,0.028568259,0.07785462588071823,-0.002991735541339343,0.2,4.705129452546438,0.2854817708333333,0.9988957643508911,0.21220020949840546,0.5137242026025585,5e-05
2316,1417,777.2117327000001,7516,17412096,987.0,14160,0.025746621,1.2261368036270142,-0.00011209806204230215,0.2,4.713726579149564,0.24351399739583332,0.9922140836715698,0.2120829075574875,3.069740558369085,5e-05
2318,1418,750.58873567,7516,17424384,971.47,14170,0.030068373,0.021193645894527435,-0.003118556134298463,0.2,4.723884998758634,0.2896484375,0.9997595548629761,0.21198493242263794,0.15872391848048817,5e-05
2319,1419,769.11125424,7517,17436672,964.0,14180,0.046762228,0.1319776177406311,-0.00014654093344385427,0.2,4.731563850243886,0.380712890625,0.9978746771812439,0.2117917537689209,0.32069510692575326,5e-05
2321,1420,758.58695041,7517,17448960,964.0,14190,0.053296667,0.03215806186199188,0.0003748434923181776,0.2,4.728959272305171,0.39447428385416666,0.9986324906349182,0.21204040944576263,0.37559938069122534,5e-05
2322,1421,756.3800598299999,7517,17461248,951.0,14200,0.024018394,0.0173338633030653,-0.0017339356457038472,0.2,4.727897958954175,0.25479329427083336,0.9999557733535767,0.21192961931228638,0.014727000728210744,5e-05
2324,1422,728.68684545,7518,17473536,942.71,14210,0.054799706,0.36753955483436584,-0.001626396266995774,0.2,4.736706241965294,0.34638671875,0.9850176572799683,0.21179676055908203,5.086848401643025,5e-05
2325,1423,714.36324236,7518,17485824,945.39,14220,0.026363738,0.010733303613960743,0.00015436786585875477,0.2,4.732700395584106,0.333251953125,0.9987897276878357,0.21218080818653107,0.07669782455195673,5e-05
2327,1424,710.38126389,7518,17498112,946.74,14230,0.027996056,0.007165770977735519,-0.002565747464056282,0.2,4.729798957705498,0.31569010416666665,0.9990531802177429,0.211904838681221,0.1064558115710194,5e-05
2328,1425,701.9907564299999,7518,17510400,940.46,14240,0.027511137,-0.01213416364043951,0.0005875501764724807,0.2,4.737560767928759,0.31377766927083334,0.9997063279151917,0.21172840893268585,0.04432623332637983,5e-05
2330,1426,728.1181481400001,7519,17522688,955.99,14250,0.018495305,0.0625738874077797,-0.003638297857348031,0.2,4.750981763005257,0.24905598958333333,0.9995962381362915,0.21138638257980347,0.1681934041591982,5e-05
2331,1427,718.3891964,7519,17534976,956.81,14260,0.019651882,0.04191543906927109,-0.0004563713863414402,0.2,4.776724268992742,0.2566650390625,0.9996801018714905,0.2107498049736023,0.10470733364733557,5e-05
2333,1428,721.98491586,7519,17547264,952.6,14270,0.029655175,0.02796141430735588,0.0006023190047320289,0.2,4.787749152382215,0.30869140625,0.996271014213562,0.2107282429933548,1.022083402252368,5e-05
2334,1429,757.33243916,7520,17559552,958.84,14280,0.030823924,0.006088642403483391,-0.0008076164517357635,0.2,4.791648650169373,0.31222330729166664,0.9997649192810059,0.21051526069641113,0.053221269774561125,5e-05
2336,1430,775.16099207,7520,17571840,967.13,14290,0.028752342,0.3916756808757782,-0.0013085377002425957,0.2,4.7993172327677405,0.32071126302083336,0.9991349577903748,0.21043165028095245,0.39278938707429917,5e-05
2338,1431,808.7354052399999,7520,17584128,970.18,14300,0.017215727,0.00011237384751439095,0.0013997482223203407,0.2,4.802651899059613,0.23367513020833333,0.99995356798172,0.2102319449186325,0.015766107709108232,5e-05
2339,1432,806.9356588200001,7521,17596416,962.7,14310,0.027026454,0.04104791581630707,0.0019272470536331335,0.2,4.813978431622187,0.30819498697916664,0.9998892545700073,0.21002794802188873,0.03670032708905637,5e-05
2341,1433,802.70465321,7521,17608704,963.59,14320,0.028169362,0.10690289735794067,0.0033033413574836837,0.2,4.821589557329814,0.34012044270833336,0.9996616244316101,0.21008972823619843,0.18866141783073545,5e-05
2342,1434,767.7876755000001,7521,17620992,950.0,14330,0.02701225,0.01901714876294136,0.002031620821314088,0.2,4.820085046688716,0.3126302083333333,0.9997355341911316,0.2102082371711731,0.09079863301012665,5e-05
2344,1435,781.88811277,7522,17633280,951.61,14340,0.0300691,0.4497692584991455,-0.002301945077124401,0.2,4.815965524315834,0.3049723307291667,0.99396151304245,0.2101626992225647,1.0648345284784833,5e-05
2345,1436,775.7709320700001,7522,17645568,954.13,14350,0.02666378,0.027185620740056038,0.003068699565968321,0.2,4.811465435226759,0.28745930989583335,0.9994474649429321,0.21048571169376373,0.10424936660565436,5e-05
2347,1437,750.2507261199999,7522,17657856,960.89,14360,0.022498459,0.020376453176140785,0.0030146096634174075,0.2,4.806710313757261,0.2753092447916667,0.9996180534362793,0.2105294018983841,0.0663586971835078,5e-05
2348,1438,743.52983049,7523,17670144,960.89,14370,0.016499894,-0.00014148489572107792,0.0010009093491438156,0.2,4.8104497214158375,0.2675537109375,0.9999609589576721,0.21026474237442017,0.009814429130832044,5e-05
2350,1439,759.0976803200001,7523,17682432,968.33,14380,0.019373514,0.00032057520002126694,0.0030752836319152266,0.2,4.819563802083334,0.24298502604166666,0.9999316334724426,0.2100663185119629,0.015430023895654206,5e-05
2351,1440,783.39087231,7523,17694720,975.82,14390,0.02345029,0.007341774180531502,0.0005176127766996311,0.2,4.827807913223903,0.28179524739583334,0.9998047351837158,0.21005268394947052,0.0269137863710057,5e-05
2353,1441,775.0115009099999,7523,17707008,980.36,14400,0.020406643,-0.00867278128862381,0.0007491212808721077,0.2,4.834980325897535,0.26292317708333335,0.9999122023582458,0.21009095013141632,0.022511415795694725,5e-05
2355,1442,789.2902323999999,7524,17719296,994.91,14410,0.017237099,0.017160119488835335,0.0005931894484092481,0.2,4.842805734276771,0.2388916015625,0.9999832510948181,0.2097967267036438,0.006290202580566983,5e-05
2356,1443,770.6186002200001,7524,17731584,994.91,14420,0.025620379,-0.002580902073532343,0.0018769918101800916,0.2,4.8467871377865475,0.31131184895833336,0.9997407793998718,0.20990777015686035,0.02058715768022618,5e-05
2358,1444,761.3939976000001,7524,17743872,996.6,14430,0.021760754,0.018338505178689957,4.116134708359217e-05,0.2,4.846029791235924,0.24673665364583333,0.9992392659187317,0.20984889566898346,0.14356423887657002,5e-05
2359,1445,774.12927389,7524,17756160,990.64,14440,0.019600062,0.022991139441728592,0.0017437301018314126,0.2,4.849072645107905,0.25362955729166664,0.9999736547470093,0.20997126400470734,0.00789020397690668,5e-05
2361,1446,780.93687778,7525,17768448,990.64,14450,0.030552052,0.027339737862348557,-0.00027140879440897453,0.2,4.846304674943288,0.33396809895833335,0.9998406767845154,0.2101554125547409,0.023866876422349984,5e-05
2362,1447,774.64167879,7525,17780736,990.64,14460,0.015650945,0.012506889179348946,0.003061672805051785,0.2,4.857990167538325,0.24779459635416667,0.9999133944511414,0.2097429782152176,0.010679501967388205,5e-05
2364,1448,780.3777666800001,7525,17793024,990.64,14470,0.021396086,0.004066430032253265,-0.0003351140211937794,0.2,4.874443616469701,0.2781982421875,0.9999145269393921,0.20959489047527313,0.039914548382512294,5e-05
2365,1449,775.42044075,7526,17805312,990.64,14480,0.01813454,0.004626640118658543,-0.001788188841601368,0.2,4.893306538462639,0.23521321614583332,0.9999531507492065,0.20920222997665405,0.015617575198605967,5e-05
2367,1450,761.4910409500002,7526,17817600,994.04,14490,0.021981655,0.004896939266473055,0.0011705443714163267,0.2,4.917548409104347,0.257861328125,0.9999673962593079,0.20877613127231598,0.005941093004851913,5e-05
2368,1451,768.8739901900001,7526,17829888,992.39,14500,0.017505698,-0.006141651421785355,-0.0009875066942186094,0.2,4.928593603769938,0.2548421223958333,0.9999838471412659,0.2087276130914688,0.006968167927698232,5e-05
2370,1452,781.15027433,7527,17842176,992.39,14510,0.0392568,0.001581748016178608,-0.0012005806861755748,0.2,4.927900389830271,0.3382486979166667,0.9996562600135803,0.2087215781211853,0.025272550905356184,5e-05
2371,1453,790.88190614,7527,17854464,992.39,14520,0.030620104,0.010090259835124016,0.0008211208521970547,0.2,4.930978802839915,0.2662760416666667,0.9999635815620422,0.20876620709896088,0.009001440728025046,5e-05
2373,1454,791.8046553999999,7527,17866752,998.35,14530,0.01778463,0.011107196100056171,-0.002086304672411643,0.2,4.943622451027235,0.258935546875,0.999991238117218,0.2082819789648056,0.007529153011758657,5e-05
2374,1455,794.7846375500001,7528,17879040,990.33,14540,0.02067042,0.016662444919347763,0.0005018444954960917,0.2,4.967650650938352,0.24435221354166667,0.9999865293502808,0.20798365771770477,0.007217005426840236,5e-05
2376,1456,769.9363002099999,7528,17891328,974.69,14550,0.032214288,0.06899730116128922,0.001333697065516996,0.2,4.9786865502595905,0.35142415364583335,0.9987079501152039,0.20808883011341095,0.2097730341522644,5e-05
2378,1457,755.7279666400002,7528,17903616,974.69,14560,0.04015905,0.4066901206970215,-0.0026835548701152827,0.2,4.969866088032722,0.28599446614583335,0.9958477020263672,0.2082226425409317,0.7123740924095424,5e-05
2379,1458,760.8867588699999,7529,17915904,961.88,14570,0.027338373,-0.020488733425736427,-0.00011405987922141018,0.2,4.973012076814969,0.2774739583333333,0.999970018863678,0.2081402987241745,0.015124923189675125,5e-05
2381,1459,753.5423591899998,7529,17928192,956.49,14580,0.029050864,0.19953754544258118,-0.004048523520274709,0.2,4.981256241599719,0.24268391927083333,0.9970428943634033,0.20780503749847412,1.0930686628756423,5e-05
2382,1460,718.8291113500002,7529,17940480,950.59,14590,0.042216014,0.003736410290002823,0.004608770045403314,0.2,4.986525005102157,0.37591959635416666,0.9993987679481506,0.20786891877651215,0.05913592253054958,5e-05
2384,1461,688.2183371499999,7529,17952768,944.85,14600,0.029791588,0.004470248706638813,0.0011613973183557391,0.2,4.996838582555453,0.35121256510416665,0.9998189210891724,0.2074204683303833,0.020507988453027794,5e-05
2385,1462,677.79255582,7530,17965056,947.77,14610,0.04042864,0.05439532548189163,0.0016774716150393942,0.2,5.001217512289683,0.36602376302083334,0.9997515678405762,0.207538440823555,0.14944565965949247,5e-05
2387,1463,649.98282075,7530,17977344,953.49,14620,0.026498312,0.0063015008345246315,0.0011564849594530339,0.2,5.004023453593254,0.3231282552083333,0.9999157190322876,0.20727990567684174,0.041454580600839105,5e-05
2388,1464,660.9406351700001,7530,17989632,960.13,14630,0.026992446,-0.006739132106304169,-0.00043563515015800173,0.2,5.022663179039955,0.3128173828125,0.9998961091041565,0.2069665938615799,0.023212434577483995,5e-05
2390,1465,649.88141231,7531,18001920,958.0,14640,0.030605031,0.00043805502355098724,-0.0011697964267417167,0.2,5.044867945710818,0.2905680338541667,0.9999440908432007,0.206656813621521,0.023287228323169984,5e-05
2391,1466,657.55449069,7531,18014208,970.81,14650,0.029721906,0.07538753747940063,-0.0020855597302822087,0.2,5.06064188182354,0.28900553385416666,0.9958036541938782,0.20657558739185333,1.3694981005508453,5e-05
2393,1467,687.20779163,7531,18026496,970.43,14660,0.023137534,0.013722492381930351,-0.004262117293061844,0.2,5.067613778511683,0.27377115885416664,0.9997764229774475,0.2063886523246765,0.06542944661341607,5e-05
2394,1468,711.2319129299998,7532,18038784,976.33,14670,0.027653122,0.05960400030016899,-0.0016879575016597907,0.2,5.0718767841657,0.33689778645833335,0.9994041323661804,0.20636777579784393,0.17589362172487502,5e-05
2396,1469,705.6859173700002,7532,18051072,963.25,14680,0.018691093,-0.001526571810245514,3.783909778576344e-05,0.2,5.073334484299024,0.28789876302083334,0.9997899532318115,0.20627951622009277,0.08306022688824062,5e-05
2398,1470,716.3880204100001,7532,18063360,956.63,14690,0.025899326,4.347892761230469,-0.006065981148761542,0.2,5.076898158589999,0.2603678385416667,0.9924255013465881,0.20637328922748566,2.586802457707624,5e-05
2399,1471,744.44531691,7532,18075648,952.92,14700,0.030494222,0.03348681330680847,-0.0014613026859782016,0.2,5.078170896569888,0.29977213541666664,0.9997642040252686,0.20635105669498444,0.07875428653011719,5e-05
2401,1472,764.7636065700003,7533,18087936,947.45,14710,0.023945421,0.020595308393239975,-0.0017897461788379588,0.2,5.082691749930381,0.2879231770833333,0.9997895359992981,0.20624680817127228,0.12894350284089645,5e-05
2402,1473,758.2647880499999,7533,18100224,946.18,14720,0.030038556,0.03059368208050728,-0.0019199666525916352,0.2,5.094254299998283,0.33968912760416664,0.9998440742492676,0.20620770752429962,0.04351030864442388,5e-05
2404,1474,753.9606716900001,7533,18112512,953.54,14730,0.021358853,0.03346904739737511,0.0009336612051508079,0.2,5.117175010840098,0.2925048828125,0.9999004602432251,0.2057860642671585,0.04255955399518522,5e-05
2405,1475,744.7935715600001,7534,18124800,953.6,14740,0.021537816,-0.01383169461041689,-0.001581876129785087,0.2,5.13811836441358,0.28759765625,0.9999257922172546,0.20558692514896393,0.017164415716736887,5e-05
2407,1476,746.5077142100001,7534,18137088,953.6,14750,0.029657384,0.02255845256149769,-0.0011835738841909915,0.2,5.150171746810277,0.24822591145833334,0.9999716877937317,0.20550410449504852,0.013034531180164777,5e-05
2408,1477,764.5159081800001,7534,18149376,976.37,14760,0.01828496,-0.01060187816619873,-0.00025707590151190137,0.2,5.149149462580681,0.24427897135416668,0.9999681115150452,0.2055567055940628,0.00868428726583564,5e-05
2410,1478,763.3217762599999,7534,18161664,986.67,14770,0.020604907,-0.010316894389688969,-0.0010826052239281125,0.2,5.154096386830012,0.2494140625,0.9999703168869019,0.20551913976669312,0.009218933852874518,5e-05
2411,1479,744.1161289199997,7535,18173952,990.38,14780,0.0451837,0.028942082077264786,0.003053422390318398,0.2,5.156693642338117,0.3765462239583333,0.9995278120040894,0.205464169383049,0.06507526087807491,5e-05
2413,1480,718.3360257600001,7535,18186240,990.38,14790,0.016295016,-0.00341535615734756,0.0004143719625668988,0.2,5.155918103456497,0.23844401041666666,0.9999546408653259,0.2055991291999817,0.005624867964555354,5e-05
2414,1481,727.2401553900002,7535,18198528,999.25,14800,0.028263919,-0.018963737413287163,0.002803390381450299,0.2,5.159436597426732,0.25198567708333336,0.9999560117721558,0.2057415395975113,0.008475158008513973,5e-05
2416,1482,710.5963923099998,7536,18210816,999.25,14810,0.019916205,-0.0030784932896494865,0.0009192099193266282,0.2,5.161279841264089,0.23326009114583332,0.9999779462814331,0.20579580962657928,0.006026463288192948,5e-05
2418,1483,727.06715648,7536,18223104,999.25,14820,0.022075044,-0.005642176605761051,-0.0016872641417042663,0.2,5.168084687987963,0.2454833984375,0.9999884963035583,0.20535624027252197,0.005204577021747051,5e-05
2419,1484,717.0115418,7536,18235392,998.89,14830,0.018399721,0.022154806181788445,-0.0014415370606002398,0.2,5.178945987423261,0.24418131510416666,0.9999894499778748,0.20531205832958221,0.005345897108539551,5e-05
2421,1485,718.99713544,7536,18247680,998.89,14840,0.037711147,0.010603737086057663,-0.0015067014280551424,0.2,5.185082015395165,0.34120279947916665,0.999575674533844,0.20517092943191528,0.038040881346872384,5e-05
2422,1486,733.6661350499999,7537,18259968,995.42,14850,0.018364193,0.0018784182611852884,-0.0021388204962325594,0.2,5.198388096690178,0.22845865885416666,0.9999814629554749,0.20482413470745087,0.007781147658533882,5e-05
2424,1487,741.97326421,7537,18272256,993.74,14860,0.035993338,0.23036439716815948,0.0019574607441124195,0.2,5.203199854493141,0.36544596354166664,0.9978256821632385,0.20505106449127197,1.5533242519944905,5e-05
2425,1488,739.8702859200001,7537,18284544,989.64,14870,0.021593867,0.08244185894727707,-4.882834521898379e-08,0.2,5.204727904001872,0.27438151041666664,0.999537467956543,0.20481014251708984,0.21963095884614933,5e-05
2427,1489,737.3885288600001,7538,18296832,989.64,14880,0.031203145,0.007601277902722359,0.00067690176947508,0.2,5.230571582913399,0.3099283854166667,0.9999213814735413,0.20424596965312958,0.026022513757440417,5e-05
2428,1490,738.3525376100001,7538,18309120,989.64,14890,0.020409085,-0.014981845393776894,-0.004299631078902166,0.2,5.262654289603233,0.2729899088541667,0.9999408721923828,0.20384395122528076,0.017650164203951137,5e-05
2430,1491,756.68595707,7538,18321408,989.64,14900,0.019399099,-0.009039505384862423,-0.002087396190230114,0.2,5.282089744011561,0.2650553385416667,0.9999796748161316,0.20362837612628937,0.010272181284381076,5e-05
2431,1492,760.72148334,7539,18333696,983.61,14910,0.020079372,0.004611744545400143,-0.0018083578683823968,0.2,5.300834673643112,0.250390625,0.9999505281448364,0.2034584879875183,0.015431250768597238,5e-05
2433,1493,742.24427486,7539,18345984,983.61,14920,0.034697786,-0.003750072792172432,0.0026946794057342532,0.2,5.3035129110018415,0.3974365234375,0.9990324974060059,0.2036408931016922,0.08985880190157332,5e-05
2434,1494,723.23072281,7539,18358272,982.96,14930,0.01842328,-0.023774368688464165,-0.0015099064473664233,0.2,5.296785909930865,0.2769694010416667,0.9999858736991882,0.20365755259990692,0.005967328271799488,5e-05
2436,1495,736.3937683700001,7539,18370560,983.3,14940,0.044869363,-0.00888512097299099,-0.004449689056976543,0.2,5.289885086814563,0.3561767578125,0.9996023178100586,0.2038469761610031,0.05443716264271643,5e-05
2438,1496,751.3566712700001,7539,18382848,979.97,14950,0.027491128,0.033692698925733566,-0.003976635112970446,0.2,5.281836617986361,0.30022786458333334,0.9991133809089661,0.20388615131378174,0.22704637156178553,5e-05
2439,1497,760.6031391500001,7540,18395136,976.4,14960,0.03689857,0.009184134192764759,-0.00023144560739941274,0.2,5.278914871811867,0.3382649739583333,0.9991015195846558,0.2038412243127823,0.16630379539371157,5e-05
2441,1498,763.7200091999999,7540,18407424,961.61,14970,0.03949946,0.13965077698230743,-0.0011894621153866562,0.2,5.275756206115087,0.33143717447916665,0.9977577328681946,0.20386356115341187,0.719651133470082,5e-05
2442,1499,754.02934847,7540,18419712,961.61,14980,0.04387478,0.05424896627664566,0.002806101357176279,0.2,5.2749748150507605,0.3705647786458333,0.9996090531349182,0.20379923284053802,0.09865594071258481,5e-05
2444,1500,742.5015583199998,7540,18432000,960.87,14990,0.028355936,0.030758488923311234,-0.001192202322029819,0.2,5.285418068369229,0.29115397135416665,0.9998903274536133,0.2034105658531189,0.031533719095750715,5e-05
2445,1501,744.83678549,7541,18444288,955.98,15000,0.031363577,0.3305586576461792,0.00312960363177505,0.2,5.29846532146136,0.3687337239583333,0.9970759749412537,0.20337587594985962,0.6538426938466728,5e-05
2447,1502,742.2652515100001,7541,18456576,958.31,15010,0.023462215,-0.012783747166395187,-0.0021489267594006376,0.2,5.299919146299362,0.28152669270833336,0.9998764395713806,0.20324158668518066,0.037875838907590755,5e-05
2448,1503,768.6198976699999,7541,18468864,955.17,15020,0.024893725,0.0275059062987566,-0.0006380108461598866,0.2,5.308539884289106,0.30487467447916666,0.9997643232345581,0.203071728348732,0.10721972322789952,5e-05
2450,1504,780.9743863600002,7542,18481152,954.82,15030,0.024743661,0.07907891273498535,-0.002620191903649053,0.2,5.309807081023852,0.30499674479166666,0.9997041821479797,0.20328235626220703,0.1574631325978165,5e-05
2452,1505,785.1989926199999,7542,18493440,954.92,15040,0.027221555,0.026839926838874817,-0.00032875939844719443,0.2,5.304881898562114,0.31883138020833335,0.9999057650566101,0.2034180909395218,0.034510923136258496,5e-05
2453,1506,795.86762044,7542,18505728,963.45,15050,0.02776434,1.3139790296554565,-0.003608731148415245,0.2,5.302424563964208,0.29437662760416666,0.998123824596405,0.20335407555103302,1.3273812469094992,5e-05
2455,1507,774.3302094399999,7542,18518016,951.8,15060,0.035260186,0.39209580421447754,-0.0009043631444607551,0.2,5.302234323819478,0.32029622395833335,0.997562825679779,0.2034420520067215,1.01701048395286,5e-05
2456,1508,797.2312583,7542,18530304,963.82,15070,0.03238825,0.03471033647656441,0.000762902375208796,0.2,5.3025085439284645,0.3772379557291667,0.9996623992919922,0.20341910421848297,0.0766485475973847,5e-05
2458,1509,813.2213762200001,7543,18542592,963.82,15080,0.020685242,-0.007095843553543091,-0.0017230780576937832,0.2,5.316457773248355,0.25111490885416665,0.9999565482139587,0.2032119184732437,0.02387174350054314,5e-05
2459,1510,771.2419265799998,7543,18554880,934.02,15090,0.024409711,0.04277282580733299,-0.0008001534447733623,0.2,5.3269132822752,0.2609944661458333,0.9999687671661377,0.2030758112668991,0.012306454885401764,5e-05
2461,1511,757.2864766900003,7543,18567168,932.58,15100,0.021652779,1.3962690830230713,-0.006353212277463172,0.2,5.329239035646121,0.2377197265625,0.9953552484512329,0.20296929776668549,1.8990392357421417,5e-05
2462,1512,717.33016791,7544,18579456,909.46,15110,0.04011713,0.04323313385248184,0.001976712353643961,0.2,5.339873412251473,0.367822265625,0.9994954466819763,0.20283067226409912,0.1719670503012215,5e-05
2464,1513,718.98791804,7544,18591744,914.62,15120,0.028726926,0.04137582331895828,-0.0005522949698691567,0.2,5.342104740937551,0.345947265625,0.9997108578681946,0.20302867889404297,0.17478315875244638,5e-05
2465,1514,726.4382983999999,7544,18604032,919.8,15130,0.023673346,0.03735826909542084,0.00018545876276524116,0.2,5.348070292671522,0.32594401041666665,0.9998893737792969,0.20277412235736847,0.071869085667034,5e-05
2467,1515,727.7235386000003,7545,18616320,924.4,15140,0.028467096,0.232264906167984,-0.001508532251076152,0.2,5.36048512061437,0.29701334635416665,0.9974050521850586,0.20270507037639618,0.5490799267388259,5e-05
2468,1516,723.7147853000002,7545,18628608,924.4,15150,0.039291333,0.011525943875312805,-0.00148752417153446,0.2,5.36247215171655,0.3346923828125,0.9994952082633972,0.20251335203647614,0.12680471683464323,5e-05
2470,1517,732.07795119,7545,18640896,928.56,15160,0.01779717,-0.005417136009782553,-0.0017635162793643152,0.2,5.370524315039317,0.24012044270833333,0.9999793767929077,0.20256058871746063,0.008419303773068047,5e-05
2472,1518,757.7082665600002,7544,18653184,955.7,15170,0.026082113,0.011578328907489777,0.0029922878675279208,0.2,5.377873016397158,0.3460774739583333,0.9998003840446472,0.2024356573820114,0.05144410995805326,5e-05
2474,1519,764.6832355700001,7543,18665472,974.96,15180,0.021004656,-0.005778162740170956,-0.0001579955501559501,0.2,5.384548436601957,0.24091796875,0.9999653697013855,0.20240648090839386,0.013507454979117029,5e-05
2475,1520,768.1424193600002,7543,18677760,989.44,15190,0.026033184,-0.0033746310509741306,-0.00038179331556117784,0.2,5.4010743031899136,0.2662272135416667,0.9999436736106873,0.2020510584115982,0.02017254343275757,5e-05
2477,1521,794.3978470200001,7542,18690048,991.0,15200,0.022717148,0.23644573986530304,-0.004556375489240357,0.2,5.416677956779798,0.24966634114583333,0.9989861249923706,0.2019072026014328,0.3282147721426251,5e-05
2479,1522,792.85149988,7542,18702336,991.0,15210,0.030586189,0.018776152282953262,0.0010778195016124907,0.2,5.429009634256363,0.28334147135416665,0.9999367594718933,0.2016887217760086,0.019352587433725907,5e-05
2481,1523,789.3909845000001,7541,18714624,988.89,15220,0.04341899,0.026554228737950325,0.0017825345891954688,0.2,5.431291924913724,0.32876790364583336,0.9992867708206177,0.2018471211194992,0.15029876908132186,5e-05
2483,1524,774.2554337,7541,18726912,990.03,15230,0.025868645,0.034750163555145264,0.0010061015202760851,0.2,5.423372120658557,0.3330322265625,0.999600350856781,0.2018813043832779,0.09787397104276654,5e-05
2484,1525,770.4664910400002,7541,18739200,979.51,15240,0.017076029,0.0001084664836525917,-0.0007520732079380348,0.2,5.429413275917371,0.23765462239583332,0.9999869465827942,0.20146799087524414,0.007346917454075689,5e-05
2486,1526,754.83416958,7541,18751488,973.14,15250,0.025748724,0.04299388453364372,0.0008823224750813096,0.2,5.438930112123489,0.3097900390625,0.9992997050285339,0.2015560418367386,0.21375827523879706,5e-05
2488,1527,762.9461315299999,7541,18763776,973.14,15260,0.036542427,-0.01115023996680975,-0.004326652117015328,0.2,5.437789073586464,0.3584065755208333,0.9996788501739502,0.20163540542125702,0.043334100541930334,5e-05
2489,1528,757.62352197,7541,18776064,964.31,15270,0.023785755,0.02343851886689663,-0.0012655915551780103,0.2,5.442309808731079,0.28119303385416666,0.99995356798172,0.20139281451702118,0.014240177287138066,5e-05
2491,1529,735.5189590499999,7541,18788352,970.4,15280,0.032870874,0.022098826244473457,-0.009464053585543298,0.2,5.457163295149803,0.1842041015625,0.997756838798523,0.2011561244726181,0.1202992925226378,5e-05
2492,1530,710.3612967700002,7541,18800640,950.21,15290,0.01904733,0.027429744601249695,0.002655429171863943,0.2,5.470108824968338,0.2795328776041667,0.9998827576637268,0.20105202496051788,0.025691528192449672,5e-05
2494,1531,712.75925126,7542,18812928,930.4,15300,0.031797763,0.3742956519126892,-3.968107048422098e-05,0.2,5.4809505840142565,0.3241455078125,0.9948455095291138,0.20074550807476044,0.8431276619434357,5e-05
2495,1532,705.61899779,7542,18825216,930.4,15310,0.039376438,0.48892027139663696,-0.009252096996109078,0.2,5.485166797041893,0.24449869791666667,0.9927787184715271,0.20077742636203766,1.0675510544174662,5e-05
2497,1533,709.16076581,7542,18837504,948.33,15320,0.033280566,0.01703670620918274,0.002732809478281221,0.2,5.493823539217313,0.31045735677083336,0.9998725056648254,0.20056574046611786,0.046248340082820506,5e-05
2499,1534,703.1030825299999,7542,18849792,948.33,15330,0.030580953,0.0037796739488840103,0.00015844279138642984,0.2,5.509248691797256,0.2986572265625,0.9980756640434265,0.20024879276752472,0.205552539548565,5e-05
2500,1535,702.49368109,7542,18862080,927.9,15340,0.03169145,0.05977369472384453,0.003709780103235971,0.2,5.521686427791914,0.3421712239583333,0.9989738464355469,0.20013873279094696,0.17569372644259904,5e-05
2502,1536,707.1764255399999,7542,18874368,919.45,15350,0.041754153,1.5723825693130493,-0.004712058140527612,0.2,5.5281192600727085,0.2736735026041667,0.9907373189926147,0.19999045133590698,4.538773690940191,5e-05
2503,1537,708.5490541500002,7543,18886656,920.03,15360,0.032912526,0.10613618791103363,-0.000328400163804569,0.2,5.536219935615858,0.3408447265625,0.9987092614173889,0.1998359113931656,0.47959117221956454,5e-05
2505,1538,718.5886938300001,7543,18898944,933.76,15370,0.031913355,0.08558200299739838,0.002533718860164906,0.2,5.540567659338316,0.34129231770833335,0.999416708946228,0.19968532025814056,0.3330880258465186,5e-05
2506,1539,720.0770257599999,7543,18911232,952.78,15380,0.022560904,0.1654949188232422,-0.0014438582574560618,0.2,5.544717219471932,0.2921875,0.9993810057640076,0.19951637089252472,0.3409178795448194,5e-05
2508,1540,715.6073943,7543,18923520,946.51,15390,0.02586657,0.014600497670471668,0.0030449163212324494,0.2,5.550153765082359,0.3243001302083333,0.9998302459716797,0.19954951107501984,0.03830812442077634,5e-05
2509,1541,728.7615095700002,7544,18935808,946.51,15400,0.028319351,0.09644071757793427,-0.0019246235128472715,0.2,5.553481111923854,0.3100830078125,0.9987875819206238,0.1993667334318161,0.33495981025819976,5e-05
2511,1542,730.3805663100002,7544,18948096,951.82,15410,0.026794994,-0.01331322081387043,0.0012724975191910441,0.2,5.565307249625524,0.294189453125,0.9997722506523132,0.1991538256406784,0.02558819241336702,5e-05
2513,1543,735.5484554600002,7544,18960384,967.25,15420,0.026154714,0.00831103976815939,-0.0011355896490082766,0.2,5.582176635662715,0.2935872395833333,0.999781608581543,0.19862844049930573,0.03984619761855963,5e-05
2514,1544,723.11194493,7544,18972672,975.7,15430,0.05067842,0.07942239195108414,0.0018752414626457417,0.2,5.591948867837588,0.32730305989583336,0.9995155334472656,0.1986735612154007,0.12813538866660867,5e-05
2516,1545,721.61297231,7545,18984960,979.35,15440,0.021457702,0.0056472523137927055,-6.928991254729529e-05,0.2,5.592065339287122,0.2635091145833333,0.999945878982544,0.19882433116436005,0.016578218975337223,5e-05
2517,1546,749.2144482900003,7545,18997248,981.58,15450,0.027967704,0.04588203504681587,-0.0008659141475315361,0.2,5.592933950821559,0.2873128255208333,0.9995939135551453,0.19881649315357208,0.1698919926576006,5e-05
2519,1547,745.1072464499998,7545,19009536,976.8,15460,0.021988176,-0.0007397551089525223,-0.0015065706980143053,0.2,5.5829872270425165,0.2742431640625,0.9999229311943054,0.19905148446559906,0.03882606964616571,5e-05
2520,1548,740.1295203900002,7545,19021824,983.03,15470,0.032430056,0.1518215388059616,-0.0002516174490059105,0.2,5.5706186880668005,0.30712890625,0.9992047548294067,0.19929790496826172,0.20486536299188932,5e-05
2522,1549,746.9871264399999,7545,19034112,983.03,15480,0.03267458,-0.0045683737844228745,0.002733832118489469,0.2,5.558643876512845,0.3533121744791667,0.9993890523910522,0.1995229572057724,0.055101512318166596,5e-05
2524,1550,742.02921152,7545,19046400,981.2,15490,0.022738079,-0.014730590395629406,-0.0020231187193227623,0.2,5.5612007737159725,0.27198893229166665,0.9999803304672241,0.19926874339580536,0.009961998744984157,5e-05
2525,1551,750.25322643,7545,19058688,980.89,15500,0.020585995,0.009284701198339462,0.0006621898860127355,0.2,5.567124036947886,0.2620930989583333,0.9999288320541382,0.19933049380779266,0.02322252468438819,5e-05
2527,1552,745.65119683,7546,19070976,980.89,15510,0.042193756,0.21502315998077393,-0.0006117136227355029,0.2,5.567247809966405,0.3023600260416667,0.996547520160675,0.19917424023151398,2.3467428969840207,5e-05
2528,1553,751.7558752099999,7546,19083264,977.54,15520,0.021175211,0.02305048331618309,0.0005841291625984013,0.2,5.577978240450223,0.275048828125,0.9998814463615417,0.19895029067993164,0.028306650754529983,5e-05
2530,1554,724.7238168000002,7546,19095552,976.48,15530,0.021042446,0.012908482924103737,0.001424524413596373,0.2,5.584261759122213,0.30913899739583334,0.9998923540115356,0.19899232685565948,0.03385009499033913,5e-05
2531,1555,730.4047035500002,7547,19107840,978.87,15540,0.022287125,-0.008633441291749477,-0.0007710634352406486,0.2,5.583274967471758,0.2972493489583333,0.9998939633369446,0.19931888580322266,0.025929118929586062,5e-05
2533,1556,741.555606,7547,19120128,984.93,15550,0.024922485,-0.0007817372679710388,-0.001469596602449504,0.2,5.5795946508646015,0.28033854166666666,0.9999663233757019,0.1990867704153061,0.01244816750549944,5e-05
2534,1557,736.20764394,7547,19132416,981.2,15560,0.019146884,0.0015449123457074165,-0.0003612398266947518,0.2,5.586965436736743,0.24296061197916666,0.9999482035636902,0.19914953410625458,0.016228772090592734,5e-05
2536,1558,752.1052519100002,7547,19144704,986.94,15570,0.02621416,-0.005131974816322327,0.0019516777460618566,0.2,5.590203239520391,0.3111328125,0.9996886253356934,0.19914232194423676,0.05811750446834291,5e-05
2537,1559,762.03650523,7548,19156992,991.86,15580,0.023563093,0.0035464903339743614,-0.000488704532229652,0.2,5.597156782944997,0.261279296875,0.999975860118866,0.19889624416828156,0.014028698100203959,5e-05
2539,1560,790.3384548300003,7548,19169280,991.86,15590,0.019858638,0.004349207505583763,0.0009294977392225216,0.2,5.608428276578585,0.23988444010416668,0.9999866485595703,0.19887083768844604,0.008345987523110427,5e-05
2540,1561,793.1541876499999,7548,19181568,995.21,15600,0.028516145,0.022614536806941032,0.002249094996174487,0.2,5.598418205976486,0.35100911458333334,0.9997244477272034,0.19909757375717163,0.0865231262985617,5e-05
2542,1562,801.87144772,7549,19193856,996.27,15610,0.019232487,0.030207227915525436,0.0004361480527829068,0.2,5.5888091703255975,0.2904866536458333,0.9997211694717407,0.1990780085325241,0.10956799610867166,5e-05
2544,1563,799.8487787099999,7549,19206144,996.27,15620,0.025248503,0.008066808804869652,-0.0024190719799662475,0.2,5.60140910645326,0.26775716145833334,0.999962568283081,0.19888709485530853,0.012750356229177365,5e-05
2545,1564,800.2417445300001,7549,19218432,996.27,15630,0.018409349,-0.011426468379795551,-0.001918218873712855,0.2,5.6184649954239525,0.2537434895833333,0.9999719262123108,0.1988140344619751,0.008597812118144551,5e-05
2547,1565,805.03817358,7550,19230720,1000.0,15640,0.02216199,0.004723355174064636,-0.0029672452166172054,0.2,5.630380197366079,0.24384765625,0.999984622001648,0.19857871532440186,0.006966022127501977,5e-05
2548,1566,829.57516268,7550,19243008,1000.0,15650,0.017123146,-0.005750233307480812,-0.001705816153359289,0.2,5.655691443880399,0.22216796875,0.9999761581420898,0.19792847335338593,0.014233685746633758,5e-05
2550,1567,828.3554918200002,7550,19255296,994.43,15660,0.023635417,0.018759870901703835,0.0013954349104703093,0.2,5.667594262957573,0.2949300130208333,0.9999427795410156,0.19807152450084686,0.028606992249842735,5e-05
2551,1568,808.1874969699999,7550,19267584,992.04,15670,0.03176703,0.01729908585548401,-0.003263805194486243,0.2,5.666824724276861,0.28142903645833334,0.9987952709197998,0.19793657958507538,0.24102097370584186,5e-05
2553,1569,801.2214125,7550,19279872,990.15,15680,0.030219756,0.04508957266807556,0.0006304975206148811,0.2,5.663146622975668,0.3376057942708333,0.9989400506019592,0.19807766377925873,0.12345042758776496,5e-05
2554,1570,807.1354569299999,7550,19292160,983.59,15690,0.03643388,0.016470905393362045,0.003208819285888846,0.2,5.653245744109154,0.32896321614583335,0.9993045330047607,0.19816811382770538,0.10896007644866283,5e-05
2556,1571,798.5426520499999,7551,19304448,980.83,15700,0.022558644,0.039694201201200485,0.0025973328355272923,0.2,5.651072606444359,0.2775065104166667,0.9997424483299255,0.19795656204223633,0.14255590351919334,5e-05
2558,1572,800.0181530899999,7551,19316736,980.83,15710,0.03296507,0.01574506051838398,0.0008456240548791054,0.2,5.666156675418218,0.3079752604166667,0.9999018907546997,0.19747917354106903,0.061188434477662666,5e-05
2559,1573,800.8855240600001,7551,19329024,977.68,15720,0.03636371,0.0991615355014801,0.005562872905284166,0.2,5.6701332330703735,0.3856119791666667,0.9988351464271545,0.19771115481853485,0.24486531802685932,5e-05
2561,1574,798.53499675,7551,19341312,977.68,15730,0.024553454,0.050548531115055084,0.00015433913746771093,0.2,5.667620880405108,0.33372395833333335,0.9996594190597534,0.1974794715642929,0.1927917286287993,5e-05
2562,1575,792.05928727,7552,19353600,981.32,15740,0.032498267,-0.007165506482124329,0.0022716549530741757,0.2,5.670175857345263,0.36746419270833336,0.9998677968978882,0.1972672939300537,0.03159876895272949,5e-05
2564,1576,805.00572624,7552,19365888,980.56,15750,0.026492,0.00869622640311718,0.0007104846231716995,0.2,5.674918400247892,0.31363118489583336,0.999788761138916,0.19718241691589355,0.08366864419852695,5e-05
2565,1577,827.1384469299999,7552,19378176,982.45,15760,0.025454836,0.019468065351247787,0.0019652095152802454,0.2,5.67636564274629,0.28074544270833335,0.9998947381973267,0.19721655547618866,0.06235011524016348,5e-05
2567,1578,807.6331662100002,7553,19390464,976.57,15770,0.016452827,0.0454232394695282,0.004137944321216006,0.2,5.671161483724912,0.2855305989583333,0.9998261332511902,0.1974862813949585,0.07764152215289262,5e-05
2568,1579,804.3081632299999,7553,19402752,979.33,15780,0.030796966,0.06546759605407715,0.0009151521124294959,0.2,5.668877774477005,0.3355305989583333,0.9988732933998108,0.19742263853549957,0.19981127254044015,5e-05
2570,1580,786.0037508300002,7553,19415040,978.99,15790,0.0242372,0.03029721975326538,0.00017734652113479872,0.2,5.67916440765063,0.255419921875,0.9998584985733032,0.1972290426492691,0.03923080254462548,5e-05
2571,1581,760.6757650600001,7554,19427328,975.86,15800,0.025786914,0.020199988037347794,0.0019040366270928644,0.2,5.691066787640254,0.3184814453125,0.999343752861023,0.197040393948555,0.10933717377483845,5e-05
2573,1582,770.43704986,7554,19439616,975.86,15810,0.032074336,0.02298637107014656,0.004475073553233718,0.2,5.700333082675934,0.3713460286458333,0.9994171261787415,0.19693724811077118,0.18021792405052112,5e-05
2574,1583,759.01022367,7554,19451904,969.81,15820,0.020568455,0.08897677063941956,-0.0014466116549253154,0.2,5.7046817888816195,0.28159993489583335,0.9997022747993469,0.19684098660945892,0.20777166755093882,5e-05
2576,1584,753.5095206200001,7554,19464192,972.96,15830,0.023836799,0.00510626845061779,0.004126327612175374,0.2,5.709020134806633,0.30010579427083334,0.9998001456260681,0.1966497153043747,0.04926271403285985,5e-05
2577,1585,758.1151033599999,7555,19476480,972.96,15840,0.021912714,0.0022417111322283745,0.0034134677344506295,0.2,5.717180492480596,0.2622477213541667,0.9999154806137085,0.19668036699295044,0.021046738080137097,5e-05
2579,1586,786.3152067299999,7555,19488768,985.4,15850,0.018196829,-0.00969124585390091,0.0012085630958608817,0.2,5.72259926100572,0.2421630859375,0.9999754428863525,0.19669073820114136,0.009324679149722214,5e-05
2580,1587,803.73197034,7555,19501056,985.4,15860,0.017753815,-0.011096128262579441,-0.004366003729228396,0.2,5.723284416397413,0.24422200520833334,0.999988853931427,0.19671571254730225,0.007978632309823297,5e-05
2582,1588,824.90789834,7555,19513344,986.54,15870,0.022156874,0.01423564925789833,0.0007724526711778405,0.2,5.731432265043258,0.23916829427083333,0.9999732971191406,0.1965916007757187,0.009385814413932773,5e-05
2584,1589,860.45101853,7556,19525632,992.02,15880,0.01957363,-0.013459681533277035,-0.00128025037702173,0.2,5.736629204948743,0.2515787760416667,0.9999805092811584,0.19667591154575348,0.015002873459404023,5e-05
2585,1590,830.5783168800002,7556,19537920,992.02,15890,0.0167624,0.004193763714283705,0.00025752635216728476,0.2,5.742231008410454,0.21932779947916667,0.9999902844429016,0.19653832912445068,0.00448591732007723,5e-05
2587,1591,811.8210505499998,7556,19550208,1000.0,15900,0.024373889,-0.015870392322540283,-0.002071481144715411,0.2,5.752104723453522,0.24261881510416666,0.9999867081642151,0.1964815855026245,0.002731530507783949,5e-05
2588,1592,814.83533395,7557,19562496,1000.0,15910,0.019482708,0.06009626388549805,0.00033773833735419126,0.2,5.758142135540644,0.2739013671875,0.9999932646751404,0.1964925080537796,0.003721356752794236,5e-05
2590,1593,789.4382102399999,7557,19574784,996.61,15920,0.021247027,-0.010147293098270893,-0.0008897169439781768,0.2,5.767621427774429,0.2404541015625,0.9999886751174927,0.19631876051425934,0.0054476751031567495,5e-05
2591,1594,754.09824487,7557,19587072,971.48,15930,0.056227785,0.01472723949700594,0.005279690600097335,0.2,5.767283953229586,0.3752034505208333,0.9991142749786377,0.1965968757867813,0.05762029669519204,5e-05
2593,1595,714.5653961599998,7558,19599360,932.71,15940,0.028731199,0.06774003058671951,0.001359085336540981,0.2,5.761696183681488,0.30555826822916665,0.9991306066513062,0.19664160907268524,0.3233696076087654,5e-05
2594,1596,686.3902635999999,7558,19611648,917.56,15950,0.029735139,0.29372310638427734,-0.0034123176277110665,0.2,5.756479225556055,0.3028157552083333,0.9971750974655151,0.19678790867328644,1.189662609094133,5e-05
2596,1597,669.1101284200001,7558,19623936,903.84,15960,0.02992782,0.02852456644177437,0.001265893558835766,0.2,5.750453144311905,0.3466878255208333,0.9995329976081848,0.1966334581375122,0.13205742361800124,5e-05
2597,1598,675.4737022999999,7558,19636224,893.95,15970,0.023537228,0.08856794238090515,-0.0001577286651202788,0.2,5.755321037769318,0.30198567708333335,0.9994071125984192,0.19648344814777374,0.24467645700400073,5e-05
2599,1599,698.19012677,7559,19648512,889.05,15980,0.02466976,0.037485554814338684,0.0006306920772961651,0.2,5.762573416034381,0.27928059895833335,0.9997780323028564,0.19640398025512695,0.13892265912145377,5e-05
2600,1600,702.49908946,7559,19660800,867.22,15990,0.021661444,0.011418738402426243,0.0019700451104048017,0.2,5.772866783539454,0.26271158854166665,0.9999271631240845,0.19618473947048187,0.042554747165801626,5e-05
2602,1601,722.39480784,7559,19673088,869.66,16000,0.032649737,0.08016876876354218,-0.0008456607693612266,0.2,5.787332820892334,0.3131510416666667,0.9996675848960876,0.19600117206573486,0.19406361665266256,5e-05
2603,1602,747.84022329,7560,19685376,893.96,16010,0.026351703,1.150172472000122,-0.0018005068646743893,0.2,5.801127952337265,0.3329671223958333,0.9986320734024048,0.19573675096035004,0.8242246993041287,5e-05
2605,1603,778.7694256699998,7560,19697664,924.16,16020,0.022567267,0.01943463645875454,-0.0007962172899472837,0.2,5.8129040251175566,0.28433430989583336,0.999866247177124,0.1955798864364624,0.04363105310670411,5e-05
2606,1604,789.2651778999998,7560,19709952,931.71,16030,0.016227579,0.0009642532095313072,-0.0014177192031638696,0.2,5.819883227348328,0.24127604166666666,0.9999658465385437,0.19564127922058105,0.011498526487654696,5e-05
2608,1605,808.89276194,7560,19722240,937.6,16040,0.034569077,0.008845053613185883,-0.003744535567723991,0.2,5.826963510115942,0.29697265625,0.999838650226593,0.19551829993724823,0.04752906523256873,5e-05
2609,1606,827.9114494,7561,19734528,952.39,16050,0.03914394,-0.0044107586145401,-0.0036836976326109533,0.2,5.83733443915844,0.28240559895833334,0.9998632669448853,0.19551198184490204,0.08131409008249951,5e-05
2611,1607,818.9923560500001,7561,19746816,952.39,16060,0.018180095,-0.015682613477110863,0.0008048556080514876,0.2,5.84666041235129,0.23089192708333334,0.999954879283905,0.19548802077770233,0.013917568340548313,5e-05
2613,1608,823.43038199,7561,19759104,974.73,16070,0.016390389,-0.004057936370372772,0.0011627615502220578,0.2,5.856508212288221,0.24463704427083333,0.99996018409729,0.19534564018249512,0.011724668383249082,5e-05
2614,1609,822.7985838199999,7562,19771392,991.15,16080,0.024522284,0.01771770417690277,0.0013108107484489059,0.2,5.869291777412097,0.2897867838541667,0.9999399781227112,0.1950407773256302,0.012982274179618496,5e-05
2616,1610,794.1937885599999,7562,19783680,991.15,16090,0.026623985,-0.0039061615243554115,-3.900215233443305e-05,0.2,5.875275268157323,0.270263671875,0.9998486042022705,0.1949143260717392,0.02339945822604932,5e-05
2617,1611,793.4463148799998,7562,19795968,991.15,16100,0.021891512,0.008699608966708183,-0.0014858590502020283,0.2,5.890507417917251,0.25467122395833336,0.9999195337295532,0.19440098106861115,0.019602266378933565,5e-05
2619,1612,798.6776267399999,7562,19808256,991.87,16110,0.042438984,0.060822922736406326,0.0032482472988097774,0.2,5.909137716889381,0.3848876953125,0.9995361566543579,0.19428233802318573,0.08923221899506946,5e-05
2620,1613,782.75286628,7563,19820544,999.7,16120,0.01586668,-0.0020605018362402916,0.0031187129624110337,0.2,5.918791943788529,0.22139485677083334,0.9999809265136719,0.19404040277004242,0.0052160141582135115,5e-05
2622,1614,781.0796278099999,7563,19832832,993.57,16130,0.020340484,-0.011715693399310112,-0.0002784478701869375,0.2,5.93150053123633,0.237939453125,0.9999840259552002,0.1939459890127182,0.008284963905559077,5e-05
2623,1615,780.17388349,7563,19845120,993.57,16140,0.045962617,0.27290308475494385,-0.008314014117058833,0.2,5.942118319869041,0.24065755208333334,0.9950626492500305,0.1938752979040146,2.3730568977150446,5e-05
2625,1616,756.57475456,7563,19857408,993.57,16150,0.019891718,0.009463760070502758,0.0037096390330892365,0.2,5.944770315289498,0.2537434895833333,0.9999629259109497,0.19393037259578705,0.013827018011943438,5e-05
2626,1617,739.3672914399999,7564,19869696,993.87,16160,0.02689287,-0.011380345560610294,0.0002661815820223031,0.2,5.957265468438466,0.2678955078125,0.9999023079872131,0.1933814138174057,0.011410763775347731,5e-05
2628,1618,739.8970009000001,7564,19881984,985.21,16170,0.026889594,-0.007655145600438118,-0.0011838833685033022,0.2,5.979293074210485,0.27859700520833336,0.999951183795929,0.19317972660064697,0.010466950946526292,5e-05
2629,1619,721.8034263900001,7564,19894272,977.48,16180,0.04360346,0.06977593153715134,0.0010009601137426216,0.2,5.982927717765173,0.378125,0.9986017942428589,0.19336390495300293,0.35810689473291857,5e-05
2631,1620,739.8965740799999,7565,19906560,977.48,16190,0.025644863,0.018129393458366394,1.6178290146247794e-05,0.2,5.982091777523359,0.303662109375,0.9996531009674072,0.1932927817106247,0.13089215810177848,5e-05
2632,1621,737.3934790899999,7565,19918848,977.48,16200,0.023917565,0.0024517588317394257,0.00177924782037735,0.2,5.989628850420316,0.24639485677083334,0.9999609589576721,0.1929159015417099,0.011475274185067974,5e-05
2634,1622,729.8016714400001,7565,19931136,983.61,16210,0.018695818,0.002205467550083995,0.0028679814747495885,0.2,6.007787441213925,0.26210123697916665,0.9999750852584839,0.19259391725063324,0.009926155025217062,5e-05
2635,1623,719.41825625,7566,19943424,983.61,16220,0.017654995,-0.00044890353456139565,0.0023561950414053476,0.2,6.0203535457452135,0.20633951822916666,0.9999760985374451,0.192708358168602,0.006220635226297114,5e-05
2637,1624,725.92740148,7566,19955712,983.61,16230,0.017249929,-0.0015235950704663992,-0.0009476763768664872,0.2,6.023690977692604,0.22948404947916667,0.9999796152114868,0.19274689257144928,0.006470679887570441,5e-05
2638,1625,736.0919151700001,7566,19968000,978.53,16240,0.044844646,0.004355296492576599,0.0026654434099327774,0.2,6.027113666137059,0.32671712239583334,0.9989704489707947,0.19249778985977173,0.13832459344024148,5e-05
2640,1626,724.1692636,7566,19980288,979.51,16250,0.03535324,0.015261095017194748,0.007984297607617919,0.2,6.03125191628933,0.4215576171875,0.9987049698829651,0.1925342082977295,0.10124222266992243,5e-05
2642,1627,725.63611016,7566,19992576,984.43,16260,0.033657875,0.03512232378125191,-0.0044602666685629325,0.2,6.029709408680598,0.26158040364583335,0.9935010075569153,0.19252382218837738,1.093657661403995,5e-05
2643,1628,724.5121337999999,7567,20004864,984.43,16270,0.03426866,0.034958627074956894,0.0022702366034839847,0.2,6.0258259117603306,0.33855794270833334,0.9988347291946411,0.19253630936145782,0.23625692496231446,5e-05
