rollout/ep_rew_mean,time/fps,time/time_elapsed,time/iterations,rollout/ep_len_mean,time/total_timesteps,train/std,train/entropy_loss,train/n_updates,train/learning_rate,train/clip_range,train/policy_gradient_loss,train/approx_kl,train/explained_variance,train/clip_fraction,train/loss,train/value_loss
-4.84344972,10821,1,1,61.53,12288,,,,,,,,,,,
-4.004690300000001,8266,2,2,63.21,24576,0.9944736957550049,-16.976573995749156,10,0.0003,0.2,-0.020388701974540405,0.016138265,-0.03135645389556885,0.19568684895833333,2.3304476737976074,5.338099384307862
-3.4304194099999994,7837,4,3,60.49,36864,0.9881299138069153,-16.901284285386403,20,0.0003,0.2,-0.025659233956442526,0.016822051,0.047738730907440186,0.21023763020833333,2.9126393795013428,5.454971141616503
-3.5760137099999993,7647,6,4,61.85,49152,0.9812166690826416,-16.82198849519094,30,0.0003,0.2,-0.026100394389262267,0.016584357,0.11929702758789062,0.2147705078125,2.359776735305786,4.586786778271199
-2.23049986,7544,8,5,63.0,61440,0.9735344052314758,-16.730020554860435,40,0.0003,0.2,-0.028261189799619994,0.020368336,0.18838024139404297,0.24520670572916667,2.150233268737793,4.692654746770859
-1.2509157199999996,7471,9,6,62.32,73728,0.9672794342041016,-16.645900853474934,50,0.0003,0.2,-0.02833109425797981,0.019187601,0.292370080947876,0.24943033854166666,2.1790761947631836,4.575160463651021
-0.58146635,7427,11,7,63.55,86016,0.959788978099823,-16.54652307033539,60,0.0003,0.2,-0.03088976305783338,0.022430459,0.3274320960044861,0.26800944010416666,1.665851354598999,4.292147401968638
0.12511072999999995,7379,13,8,64.6,98304,0.9525287747383118,-16.46312485933304,70,0.0003,0.2,-0.03330296505203781,0.022726392,0.26651304960250854,0.29130859375,1.9967018365859985,4.407000483075778
2.7744789100000005,7361,15,9,61.44,110592,0.9455384612083435,-16.370943240324657,80,0.0003,0.2,-0.03220621190557722,0.024457395,0.33064621686935425,0.28871256510416665,1.951701045036316,4.102750457326571
3.3855269700000004,7275,16,10,61.79,122880,0.9386915564537048,-16.278088931242625,90,0.0003,0.2,-0.033520752497618864,0.025657875,0.4221145510673523,0.303857421875,1.4025827646255493,3.5072148313124973
4.09840415,7239,18,11,62.98,135168,0.9283726215362549,-16.16044147014618,100,0.0003,0.2,-0.03461928149141992,0.026827365,0.47612565755844116,0.3206298828125,1.228247046470642,3.224573070804278
4.69360148,7237,20,12,61.49,147456,0.9189074635505676,-16.029648858308793,110,0.0003,0.2,-0.036986393732756064,0.027800014,0.5571949481964111,0.3184000651041667,1.373288631439209,3.2185293664534886
5.798896220000001,7238,22,13,62.28,159744,0.9099909663200378,-15.910322227080663,120,0.0003,0.2,-0.035213448610253786,0.02944587,0.6370069980621338,0.32859700520833335,1.2255902290344238,3.0087422668933868
7.77516069,7188,23,14,61.22,172032,0.9033753275871277,-15.80598129828771,130,0.0003,0.2,-0.035789597093874664,0.029423408,0.641985297203064,0.3454508463541667,1.1356210708618164,2.771513578295708
7.6445430199999995,7179,25,15,61.91,184320,0.8957543969154358,-15.709112960100175,140,0.0003,0.2,-0.03806926264757446,0.0312563,0.7054320573806763,0.34601236979166666,1.0994106531143188,2.7407779835164545
8.868908480000002,7181,27,16,62.56,196608,0.8881112933158875,-15.608188382784526,150,0.0003,0.2,-0.03791565395561823,0.030749207,0.718762993812561,0.3458170572916667,1.3327507972717285,2.904970394571622
9.85754575,7176,29,17,62.12,208896,0.8787312507629395,-15.476317507028579,160,0.0003,0.2,-0.03936867444378246,0.03559583,0.7977491617202759,0.37112630208333336,0.9106459617614746,2.3832212055722874
9.450193559999999,7147,30,18,62.5,221184,0.870262861251831,-15.355564196904501,170,0.0003,0.2,-0.039186828840562765,0.03252961,0.7977423667907715,0.363916015625,1.059683084487915,2.66944106494387
11.01602964,7152,32,19,64.88,233472,0.8621414303779602,-15.24123536348343,180,0.0003,0.2,-0.038997381364849086,0.032514576,0.806934118270874,0.37494303385416666,1.2208284139633179,2.610321285823981
12.264835869999997,7139,34,20,62.91,245760,0.8533768653869629,-15.116412901878357,190,0.0003,0.2,-0.041353525483282284,0.035024706,0.8247312307357788,0.3697265625,1.1298868656158447,2.795658810188373
13.363250230000004,7116,36,21,61.82,258048,0.8458883166313171,-15.00277186234792,200,0.0003,0.2,-0.04106778809121655,0.03514202,0.8418371677398682,0.3647542317708333,1.2457642555236816,2.9152253652612368
14.22413429,7095,38,22,62.88,270336,0.8365688920021057,-14.865443485975266,210,0.0003,0.2,-0.04155833400339664,0.037391003,0.8558664917945862,0.3988037109375,0.9071389436721802,2.724454697718223
14.931986190000005,7079,39,23,64.43,282624,0.8266733288764954,-14.72151994307836,220,0.0003,0.2,-0.04195371859823353,0.044984076,0.869510293006897,0.42947591145833336,1.1577868461608887,2.344714422772328
16.84634663,7037,41,24,64.01,294912,0.8196398615837097,-14.601018883784612,230,0.0003,0.2,-0.03976326325209811,0.040791336,0.8653708696365356,0.39744466145833335,1.372729778289795,2.900313067436218
17.235516959999998,7010,43,25,65.73,307200,0.8110564351081848,-14.479416380325953,240,0.0003,0.2,-0.04120842320407973,0.04016012,0.887567400932312,0.4056396484375,0.9439508318901062,2.6421973144014674
19.10018015,6992,45,26,65.08,319488,0.8030605912208557,-14.343702228864034,250,0.0003,0.2,-0.04215765783204309,0.03949019,0.882318377494812,0.4101643880208333,1.0930570363998413,2.849529005587101
18.827727080000003,6999,47,27,63.87,331776,0.7954096794128418,-14.232063206036885,260,0.0003,0.2,-0.042503257101634516,0.039836302,0.9025479555130005,0.4027506510416667,1.3470854759216309,2.819374001522859
19.45051539,7000,49,28,64.99,344064,0.787060558795929,-14.096848732233047,270,0.0003,0.2,-0.04261308861605358,0.04568092,0.9128495454788208,0.43511555989583334,0.9673845171928406,2.498184647411108
21.67273207,6998,50,29,65.58,356352,0.7799045443534851,-13.974058296283086,280,0.0003,0.2,-0.04258938431594288,0.042940106,0.9034683704376221,0.4090576171875,1.0183113813400269,2.9810794572035473
21.88282193,7005,52,30,65.17,368640,0.7715908885002136,-13.837986677885056,290,0.0003,0.2,-0.043411886230266344,0.043794136,0.9124668836593628,0.4251790364583333,1.2438193559646606,3.0343658390144506
25.22141062,6979,54,31,68.03,380928,0.76304692029953,-13.703481713930765,300,0.0003,0.2,-0.042163939915189984,0.047620714,0.9231579303741455,0.43984375,1.225401520729065,2.7799354801575342
25.096036520000002,6958,56,32,67.37,393216,0.7553452849388123,-13.565681382020314,310,0.0003,0.2,-0.042405281770819175,0.046292096,0.9292399287223816,0.4337972005208333,0.9916300773620605,2.748231517026822
28.863162929999998,6962,58,33,69.29,405504,0.7462220788002014,-13.421885828177134,320,0.0003,0.2,-0.04222407471146047,0.04474472,0.9318234324455261,0.42609049479166666,1.111227035522461,2.972644891838233
25.80867851,6953,60,34,65.99,417792,0.7405473589897156,-13.311817948023478,330,0.0003,0.2,-0.04246201031201054,0.046545997,0.9393622279167175,0.440625,1.219789743423462,2.995045860608419
28.699752630000003,6946,61,35,67.89,430080,0.7339202761650085,-13.203308059771855,340,0.0003,0.2,-0.04398060257274968,0.050781388,0.9413811564445496,0.4579345703125,1.2260262966156006,2.815639112889767
29.149250100000003,6929,63,36,66.92,442368,0.7283129692077637,-13.100864738225937,350,0.0003,0.2,-0.043075583191239275,0.049244035,0.9415599703788757,0.448681640625,1.3221406936645508,3.4042712941765787
29.133008720000003,6925,65,37,66.05,454656,0.7210314869880676,-12.974542794624965,360,0.0003,0.2,-0.04055002777119322,0.05662949,0.9432066679000854,0.46875,1.4855117797851562,3.187068483233452
34.0020878,6929,67,38,69.51,466944,0.7111683487892151,-12.822361791133881,370,0.0003,0.2,-0.04343681694881525,0.058274195,0.9502333998680115,0.48561197916666665,0.9274275898933411,2.858289484679699
33.20943881,6933,69,39,67.67,479232,0.7060937285423279,-12.710465496778488,380,0.0003,0.2,-0.042805301407740144,0.04851563,0.9464150071144104,0.4355224609375,1.4368524551391602,3.613665535549323
33.14681476,6936,70,40,66.6,491520,0.6970074772834778,-12.558792738119761,390,0.0003,0.2,-0.04291454834941154,0.05192448,0.9514781832695007,0.46170247395833336,1.6284258365631104,3.4593621169527373
35.08839545,6936,72,41,67.72,503808,0.6900908946990967,-12.43335702419281,400,0.0003,0.2,-0.0420305544869431,0.05638073,0.9587215185165405,0.49300944010416664,1.6145364046096802,2.971919458607833
37.53279459,6935,74,42,68.06,516096,0.6825330257415771,-12.293729452292125,410,0.0003,0.2,-0.041887644726375586,0.058273297,0.9610078930854797,0.4798990885416667,0.8581162095069885,2.8462509622176486
40.654991689999996,6921,76,43,71.43,528384,0.675894558429718,-12.167895152171452,420,0.0003,0.2,-0.037724687403048546,0.0634315,0.963009238243103,0.4937662760416667,1.4210548400878906,3.001728138824304
38.641396400000005,6907,78,44,69.88,540672,0.6708349585533142,-12.055594430367153,430,0.0003,0.2,-0.03828238508625267,0.054747213,0.9618409872055054,0.4729085286458333,1.3884259462356567,3.275601494312286
39.78931334,6913,79,45,70.4,552960,0.6642149686813354,-11.941453939676284,440,0.0003,0.2,-0.04225051877292572,0.05854569,0.9606630802154541,0.47891438802083336,1.454082727432251,3.7617547139525414
42.554914950000004,6920,81,46,73.81,565248,0.657237708568573,-11.81015172402064,450,0.0003,0.2,-0.037935469773462197,0.05394536,0.9644932150840759,0.46590983072916664,1.7394444942474365,3.629910778750976
39.90806096,6925,83,47,69.38,577536,0.6527701020240784,-11.713248668114344,460,0.0003,0.2,-0.039047968685432956,0.054950148,0.9604716897010803,0.4550699869791667,1.6513230800628662,4.388012667993705
41.95444487,6929,85,48,71.2,589824,0.6476249694824219,-11.616546042760213,470,0.0003,0.2,-0.038020798330156445,0.05604474,0.965181827545166,0.47938639322916665,1.5849459171295166,3.964196053147316
45.49337702999999,6933,86,49,71.96,602112,0.6433157324790955,-11.520902977387111,480,0.0003,0.2,-0.034547662385739385,0.06536349,0.9648338556289673,0.49952799479166665,1.7994343042373657,3.760489692290624
45.66346025000001,6939,88,50,73.95,614400,0.6381221413612366,-11.422837396462759,490,0.0003,0.2,-0.03683101372250045,0.060327876,0.9657099843025208,0.4875081380208333,2.083235025405884,4.214452914396921
44.30473758,6930,90,51,72.02,626688,0.6330558061599731,-11.324673376480739,500,0.0003,0.2,-0.03579891401750501,0.06604673,0.9685158133506775,0.5156005859375,1.7118812799453735,3.8347559958696364
43.867216909999996,6911,92,52,70.5,638976,0.6279675960540771,-11.214236827691396,510,0.0003,0.2,-0.036608061661051274,0.06130123,0.9702682495117188,0.5060302734375,1.0997182130813599,3.7612867558995884
48.932425120000005,6901,94,53,74.67,651264,0.6243366003036499,-11.132744576533636,520,0.0003,0.2,-0.03566593910897306,0.06144886,0.9691541194915771,0.4969075520833333,1.525639533996582,4.107869306703408
47.058910880000006,6890,96,54,72.44,663552,0.6196140646934509,-11.03709820707639,530,0.0003,0.2,-0.03602886288232791,0.0621708,0.972169041633606,0.48910319010416664,1.683866024017334,4.491946977873643
50.943851809999984,6879,98,55,76.34,675840,0.6141282916069031,-10.939336037635803,540,0.0003,0.2,-0.03254561325496373,0.07301131,0.9750645756721497,0.5403971354166667,1.5191960334777832,3.2024698103467624
51.190982000000005,6867,100,56,74.87,688128,0.6089375615119934,-10.831819945573807,550,0.0003,0.2,-0.033392057599364006,0.06978769,0.9675229787826538,0.5114339192708334,1.8858317136764526,4.212508013347785
51.24998758999999,6855,102,57,76.33,700416,0.605104923248291,-10.748298150300979,560,0.0003,0.2,-0.03609819797760186,0.060455278,0.9673279523849487,0.483544921875,1.9021601676940918,4.617350347836813
46.799174439999994,6859,103,58,70.37,712704,0.6014338135719299,-10.67192964355151,570,0.0003,0.2,-0.03478085469493332,0.069512926,0.9690205454826355,0.5198567708333334,2.0174789428710938,4.669302573800087
52.39924659999999,6863,105,59,75.92,724992,0.5965984463691711,-10.56953805287679,580,0.0003,0.2,-0.0331491629020699,0.07781432,0.9717152714729309,0.5497802734375,1.6886754035949707,4.016755414505799
52.0532767,6865,107,60,74.24,737280,0.5927631258964539,-10.480523300170898,590,0.0003,0.2,-0.032689872339445473,0.06960536,0.9671431183815002,0.52587890625,2.075807809829712,4.642483634253343
49.58291927000001,6870,109,61,72.76,749568,0.5890406966209412,-10.415028774738312,600,0.0003,0.2,-0.03478124485263834,0.068549916,0.9721596837043762,0.5293863932291667,1.7221455574035645,4.238398099442323
51.74080976000001,6875,110,62,72.6,761856,0.5850405693054199,-10.327422120173772,610,0.0003,0.2,-0.030510859104106204,0.08354151,0.9744495153427124,0.5696940104166667,1.4177696704864502,3.4046367978056273
53.805983839999996,6880,112,63,74.74,774144,0.5816017985343933,-10.241387299696605,620,0.0003,0.2,-0.03406327863728317,0.06908858,0.9769052267074585,0.5287516276041667,1.459606409072876,3.882987561573585
52.15426453,6885,114,64,72.65,786432,0.5764219760894775,-10.156930289665858,630,0.0003,0.2,-0.033264372014188366,0.067029566,0.9796022176742554,0.5305989583333334,1.616599440574646,3.7464882989724475
53.83892576000001,6891,115,65,75.88,798720,0.5727652907371521,-10.059144206841786,640,0.0003,0.2,-0.0326931567392118,0.07369131,0.9744803309440613,0.5367350260416667,1.7942780256271362,4.059386961658796
56.28876974,6895,117,66,76.04,811008,0.5699814558029175,-10.00557890534401,650,0.0003,0.2,-0.0322576556611845,0.065737255,0.9712927341461182,0.5215169270833333,1.1848957538604736,4.349623848001162
56.05940137,6900,119,67,75.13,823296,0.5674133896827698,-9.933879492680232,660,0.0003,0.2,-0.03261456989081732,0.074591115,0.9779492020606995,0.5231119791666666,1.693467140197754,4.0553230906526245
54.42270373,6904,121,68,74.28,835584,0.5627198219299316,-9.843623127539953,670,0.0003,0.2,-0.029343344185569244,0.07827983,0.97157222032547,0.5500162760416667,1.5967888832092285,3.756053628275792
59.67571564000001,6908,122,69,80.11,847872,0.5596396327018738,-9.768492265542347,680,0.0003,0.2,-0.027498668681558532,0.08079637,0.9766213297843933,0.5571614583333333,1.7956669330596924,3.8322253783543903
60.685951319999994,6912,124,70,81.16,860160,0.5574992299079895,-9.708658599853516,690,0.0003,0.2,-0.03073617437524566,0.079404555,0.9787726998329163,0.5389892578125,1.5893042087554932,4.335412375628948
60.79389698999999,6917,126,71,78.69,872448,0.5537112951278687,-9.631718593835831,700,0.0003,0.2,-0.03189601729585168,0.06622361,0.9749201536178589,0.5086018880208333,2.1519203186035156,4.991089368859927
63.4372833,6920,127,72,81.7,884736,0.5502551198005676,-9.55738311012586,710,0.0003,0.2,-0.028099910944971877,0.080400586,0.9749693274497986,0.543603515625,2.540705442428589,4.653518593808015
57.965221539999995,6924,129,73,74.91,897024,0.5471376180648804,-9.478545838594437,720,0.0003,0.2,-0.028658773185452447,0.07877103,0.9792455434799194,0.553271484375,1.9510877132415771,4.434629886349042
64.84939887,6928,131,74,81.2,909312,0.5436226725578308,-9.410661445061367,730,0.0003,0.2,-0.02136243261047639,0.103272416,0.9831972718238831,0.6198567708333333,0.8847487568855286,2.627305335799853
63.10345638,6925,133,75,80.81,921600,0.5405383706092834,-9.328476625680924,740,0.0003,0.2,-0.02779631254961714,0.088336594,0.9769512414932251,0.5537760416666667,1.368526816368103,3.5930712672571343
57.07929696,6906,135,76,73.29,933888,0.5372416377067566,-9.245900386571885,750,0.0003,0.2,-0.029502717881890326,0.06664517,0.9750575423240662,0.5176839192708333,2.2620060443878174,4.749756289521853
62.285584220000004,6900,137,77,78.41,946176,0.5322847366333008,-9.139894545078278,760,0.0003,0.2,-0.022968760923443673,0.12357756,0.9857555627822876,0.62421875,0.8657828569412231,2.335125347226858
60.87917937,6898,138,78,77.32,958464,0.530246913433075,-9.071209142605463,770,0.0003,0.2,-0.026642964053705025,0.086194955,0.9844197630882263,0.5654459635416667,0.766631543636322,2.9470138755937416
65.57633189,6900,140,79,85.64,970752,0.5283408761024475,-9.027959607044856,780,0.0003,0.2,-0.02815831535651038,0.0933007,0.9851067066192627,0.5634195963541667,1.1474891901016235,2.901955273995797
66.13173083000001,6898,142,80,85.0,983040,0.5244448184967041,-8.957253561417263,790,0.0003,0.2,-0.028115160152083263,0.078002,0.9801086783409119,0.5328043619791667,2.0068166255950928,3.702506669362386
62.94871688000002,6895,144,81,81.25,995328,0.5230439305305481,-8.893793366352718,800,0.0003,0.2,-0.027165054151555523,0.06489494,0.979706346988678,0.5102864583333333,1.334100365638733,4.659377096096675
68.30037879000001,6891,146,82,85.92,1007616,0.5188312530517578,-8.810799860954285,810,0.0003,0.2,-0.027040549685868123,0.09194207,0.9850234389305115,0.5699951171875,1.0573307275772095,3.278464243809382
68.14091668,6894,147,83,84.06,1019904,0.5167936682701111,-8.7390600502491,820,0.0003,0.2,-0.02669423111171151,0.07861336,0.981877863407135,0.5323649088541667,1.4235732555389404,4.234425889949004
69.66266668,6897,149,84,84.59,1032192,0.5150256156921387,-8.703133163849513,830,0.0003,0.2,-0.024164809135254473,0.090706326,0.9830697178840637,0.5573160807291667,1.4264878034591675,3.653385754674673
74.13416628,6895,151,85,91.72,1044480,0.5111817717552185,-8.62609868645668,840,0.0003,0.2,-0.024877823727729266,0.07670085,0.9823538064956665,0.5466064453125,1.880401372909546,4.356158282856146
70.42975507999999,6899,153,86,88.64,1056768,0.5087801814079285,-8.561854141950608,850,0.0003,0.2,-0.023958237394496488,0.07851784,0.9804832339286804,0.5505208333333333,2.1952526569366455,4.844951790571213
68.89726076,6896,155,87,86.7,1069056,0.5061799883842468,-8.48972382148107,860,0.0003,0.2,-0.021805214091242912,0.100886285,0.9837824106216431,0.6032552083333333,1.1080996990203857,3.7792540128032366
74.92361671,6890,156,88,90.91,1081344,0.502505362033844,-8.412959843873978,870,0.0003,0.2,-0.024020842708220396,0.09213104,0.9815233945846558,0.5763509114583333,2.2722654342651367,4.263088222344717
82.55060755000001,6884,158,89,98.0,1093632,0.5003096461296082,-8.339598830540975,880,0.0003,0.2,-0.022975107767949036,0.07970496,0.9839782118797302,0.5649088541666667,1.1073837280273438,4.380662375191847
74.63323804999999,6879,160,90,89.82,1105920,0.4994541108608246,-8.29875813126564,890,0.0003,0.2,-0.02353035481646657,0.11433787,0.9851710796356201,0.5904215494791667,1.2462290525436401,3.58547927737236
79.87063511000001,6883,162,91,97.06,1118208,0.4971797466278076,-8.247011703252792,900,0.0003,0.2,-0.0173153421691192,0.11779272,0.9850758910179138,0.6193115234375,1.2563728094100952,3.191425962249438
79.85049884,6883,164,92,100.71,1130496,0.4937056601047516,-8.171809649467468,910,0.0003,0.2,-0.022712211462688477,0.09728313,0.9848277568817139,0.574560546875,1.872454047203064,3.8185267140467962
78.80558363,6887,165,93,99.69,1142784,0.49060431122779846,-8.102162084976833,920,0.0003,0.2,-0.024837299204470278,0.076355524,0.9830591082572937,0.5465738932291667,2.524794101715088,4.7685105050603545
90.84541432,6891,167,94,107.75,1155072,0.48808351159095764,-8.039121061563492,930,0.0003,0.2,-0.024301966153628504,0.07151843,0.9814447164535522,0.5132975260416667,1.880456566810608,5.485004660487175
82.84891685000001,6895,169,95,99.52,1167360,0.485036700963974,-7.95621158182621,940,0.0003,0.2,-0.02136223406365995,0.0949983,0.9833112359046936,0.5752604166666667,1.763912320137024,4.4723586936791735
90.22986881999998,6894,171,96,104.69,1179648,0.48131313920021057,-7.878027727206548,950,0.0003,0.2,-0.01796624394725465,0.1092576,0.985377848148346,0.6055419921875,1.1342601776123047,3.555410116414229
93.47517789000001,6888,173,97,109.48,1191936,0.4784351885318756,-7.806296578049659,960,0.0003,0.2,-0.022142051666257125,0.09106513,0.9850537180900574,0.5503336588541666,2.7578725814819336,4.758989982306957
98.89938870000002,6883,174,98,115.18,1204224,0.4759778082370758,-7.734744118650754,970,0.0003,0.2,-0.018775924333992104,0.0834708,0.9829564094543457,0.5598307291666667,1.6823337078094482,4.912621040642262
104.27259531,6880,176,99,124.57,1216512,0.4732941687107086,-7.663984190424284,980,0.0003,0.2,-0.02376670174805137,0.09482432,0.9853598475456238,0.5469807942708333,1.456206202507019,4.808788482348124
113.36332775000001,6879,178,100,142.81,1228800,0.4709928035736084,-7.608308677872022,990,0.0003,0.2,-0.02239958191057667,0.07480062,0.9760496020317078,0.5096354166666667,2.9787228107452393,6.946810550491015
132.71169862,6882,180,101,165.7,1241088,0.46801599860191345,-7.540630329648653,1000,0.0003,0.2,-0.019354766757169274,0.07584185,0.9769288301467896,0.5263264973958334,2.9802234172821045,6.57505223651727
132.46555089,6885,182,102,166.48,1253376,0.465136855840683,-7.459854582945506,1010,0.0003,0.2,-0.02401698728596481,0.07243563,0.9792917966842651,0.5102213541666667,2.694096803665161,8.062261345982552
134.49561289,6887,183,103,173.98,1265664,0.46170327067375183,-7.37774825890859,1020,0.0003,0.2,-0.023102133123999617,0.08521485,0.979968249797821,0.5342692057291667,3.8978607654571533,8.619469654560088
159.0952232,6888,185,104,204.0,1277952,0.45973995327949524,-7.311095872521401,1030,0.0003,0.2,-0.024907340368372388,0.06658311,0.9749210476875305,0.5187825520833333,5.667072296142578,10.263604298233986
220.0254347,6891,187,105,253.83,1290240,0.45675361156463623,-7.241294681032499,1040,0.0003,0.2,-0.013056332098009686,0.10479177,0.9845725297927856,0.5974365234375,2.516523838043213,7.389036587377389
251.62607398,6894,188,106,269.57,1302528,0.45593759417533875,-7.197165444493294,1050,0.0003,0.2,-0.010414401461215068,0.10268694,0.9804051518440247,0.5927327473958334,2.6457409858703613,7.0446877563993135
194.61483997,6896,190,107,219.26,1314816,0.45422112941741943,-7.161592652400334,1060,0.0003,0.2,-0.018928832826592648,0.077903405,0.9872879981994629,0.5508382161458333,3.5673274993896484,7.568687717616558
203.87208948000003,6898,192,108,246.14,1327104,0.4534594714641571,-7.1434830009937285,1070,0.0003,0.2,-0.009650335968278039,0.1231271,0.9898570775985718,0.6333333333333333,1.542708396911621,4.152728170156479
247.80651250999995,6900,194,109,307.72,1339392,0.452234148979187,-7.115073264638583,1080,0.0003,0.2,-0.011387225165284084,0.08188654,0.9861130118370056,0.5897542317708333,1.5147024393081665,3.84732544173797
305.64112597,6902,195,110,385.6,1351680,0.4494722783565521,-7.05484070678552,1090,0.0003,0.2,-0.0181935495333164,0.075755015,0.9869747757911682,0.5288492838541666,1.0250848531723022,5.624825701614221
360.08120562,6902,197,111,467.17,1363968,0.4473757743835449,-6.991801254947981,1100,0.0003,0.2,-0.006668162821248795,0.101286836,0.9908358454704285,0.6046630859375,3.2118921279907227,4.460629136363665
423.91806891,6904,199,112,536.92,1376256,0.4467051029205322,-6.97564070324103,1110,0.0003,0.2,0.010805517810513265,0.14829649,0.9963767528533936,0.700244140625,0.5215084552764893,1.2171600140631198
450.0887023500001,6907,201,113,577.22,1388544,0.44401171803474426,-6.9071648498376215,1120,0.0003,0.2,-0.009340171650789368,0.10393991,0.994523823261261,0.6084065755208333,0.5301148295402527,1.2570552110671998
490.7529253800001,6908,202,114,616.75,1400832,0.440979927778244,-6.840731243292491,1130,0.0003,0.2,-0.014103479996750441,0.09156061,0.9938332438468933,0.5982014973958333,0.3825061023235321,1.3274147104471923
534.75110032,6910,204,115,657.59,1413120,0.44070878624916077,-6.796574457486471,1140,0.0003,0.2,-0.009661810282462586,0.103939235,0.9951508045196533,0.6050944010416667,0.29574573040008545,1.0586205612868071
553.39093774,6907,206,116,682.97,1425408,0.4398442804813385,-6.7772384544213615,1150,0.0003,0.2,-0.01070256791135762,0.094870366,0.9958536028862,0.6080159505208333,0.41463831067085266,1.1069379011169076
553.59419085,6909,208,117,688.71,1437696,0.4369852542877197,-6.717708061138789,1160,0.0003,0.2,-0.009496382928530996,0.09590439,0.9985427856445312,0.6184977213541667,0.23545286059379578,0.726835337964197
550.91762706,6912,209,118,719.3,1449984,0.4347148835659027,-6.634210393826167,1170,0.0003,0.2,-0.009865691134473309,0.10386477,0.9983763098716736,0.607275390625,0.14579501748085022,0.4020889326619605
583.9384667,6913,211,119,772.52,1462272,0.4342803657054901,-6.60980537434419,1180,0.0003,0.2,-0.012389855912382093,0.08277502,0.9985227584838867,0.5998209635416667,0.14864549040794373,0.5028030981620153
619.63396038,6916,213,120,806.7,1474560,0.43144091963768005,-6.543447422981262,1190,0.0003,0.2,-0.012667040136875585,0.09328569,0.9992955327033997,0.5825846354166667,0.07707833498716354,0.3119673699140549
620.2249026499999,6920,214,121,829.66,1486848,0.4292774498462677,-6.463747546076775,1200,0.0003,0.2,-0.015594180107776386,0.08582026,0.9992812275886536,0.5598958333333334,0.10269443690776825,0.32990894416968025
611.53718788,6920,216,122,861.98,1499136,0.42697349190711975,-6.399469005068143,1210,0.0003,0.2,-0.012035410646543216,0.081505165,0.9995028376579285,0.5667073567708333,0.03481467813253403,0.2175097237341106
654.82061293,6919,218,123,914.03,1511424,0.42481860518455505,-6.338010104497274,1220,0.0003,0.2,-0.017287499576923437,0.09136868,0.9992562532424927,0.5580322265625,0.13535062968730927,0.2630026846813659
668.0572607499998,6918,220,124,930.69,1523712,0.42146846652030945,-6.229620338479678,1230,0.0003,0.2,-0.01312925355838767,0.096788086,0.9996264576911926,0.5677897135416666,0.030611906200647354,0.21003093759839733
664.84156109,6917,222,125,926.06,1536000,0.41907501220703125,-6.163212896386782,1240,0.0003,0.2,-0.008032631288127352,0.06870234,0.9960198998451233,0.542041015625,0.11089728772640228,0.4689325734041631
647.33889384,6917,223,126,894.96,1548288,0.4158240556716919,-6.076620528101921,1250,0.0003,0.2,-0.009401452857612942,0.07285728,0.9979539513587952,0.5665771484375,0.1011076420545578,0.3422202614756922
630.6983708,6915,225,127,878.69,1560576,0.4143160879611969,-6.01050229271253,1260,0.0003,0.2,-0.012843341108236928,0.06019728,0.9958474636077881,0.5559326171875,0.24939796328544617,0.5462528862059116
619.74792807,6917,227,128,878.69,1572864,0.4115520715713501,-5.9237029681603115,1270,0.0003,0.2,-0.007485777123171526,0.09816006,0.9992144107818604,0.5970621744791667,0.08870921283960342,0.28959657888238627
624.9987751900001,6918,229,129,833.86,1585152,0.4094890058040619,-5.863916745781898,1280,0.0003,0.2,-0.008153154201378736,0.100627445,0.9993093013763428,0.6082845052083333,0.10011390596628189,0.28856549492726724
589.3346504,6919,230,130,806.86,1597440,0.407219797372818,-5.799329439798991,1290,0.0003,0.2,-0.015021032177416297,0.087036036,0.9987027049064636,0.5747721354166667,0.09781445562839508,0.3056875916508337
546.80089465,6919,232,131,758.87,1609728,0.40463271737098694,-5.7247549047072726,1300,0.0003,0.2,-0.009401613149141971,0.087629706,0.9971513748168945,0.5764892578125,0.1592799723148346,0.43301323254903157
530.52882076,6919,234,132,740.02,1622016,0.4025958478450775,-5.65663848121961,1310,0.0003,0.2,-0.013095713627020207,0.0619484,0.993952214717865,0.518408203125,0.20701786875724792,1.0391571385785938
533.69481323,6921,236,133,714.84,1634304,0.40130695700645447,-5.613881888985634,1320,0.0003,0.2,-0.013431313129452368,0.058032293,0.9956283569335938,0.5132731119791667,0.2634921073913574,1.6794088250646988
508.75686326999994,6923,237,134,707.2,1646592,0.3988784849643707,-5.5485585997502005,1330,0.0003,0.2,-0.00800774406719332,0.1215933,0.9985032677650452,0.6164713541666667,0.23508436977863312,0.6869185804699858
516.41910428,6926,239,135,741.54,1658880,0.39715757966041565,-5.484603519241015,1340,0.0003,0.2,-0.0026684890071919654,0.09100919,0.9941253066062927,0.6113444010416667,0.5004357099533081,1.6671467213581006
525.75080311,6929,241,136,761.8,1671168,0.39727917313575745,-5.46896758278211,1350,0.0003,0.2,0.0014308307307752935,0.12299197,0.9983019828796387,0.6486165364583333,0.12406565248966217,0.4240470387972891
551.21185797,6931,242,137,802.55,1683456,0.39448368549346924,-5.4119515518347425,1360,0.0003,0.2,0.009272233447215209,0.11860656,0.9994380474090576,0.6487711588541667,0.0404726080596447,0.12310487236827612
579.50859806,6934,244,138,826.65,1695744,0.3916684687137604,-5.320456679662069,1370,0.0003,0.2,-0.0028809938846582855,0.103375755,0.999476432800293,0.58916015625,0.05756007134914398,0.1659768773863713
595.3348008999999,6937,246,139,861.59,1708032,0.3900257647037506,-5.256808312733968,1380,0.0003,0.2,-0.007276166913410028,0.0764057,0.9986922740936279,0.5584879557291667,0.0494069866836071,0.2630205334474643
593.0156616999999,6940,247,140,857.91,1720320,0.388487309217453,-5.202735334634781,1390,0.0003,0.2,-0.00872053479688475,0.1039415,0.9985654354095459,0.5905843098958333,0.14070582389831543,0.3623329541956385
559.44761659,6943,249,141,805.59,1732608,0.3875754773616791,-5.1550200591484705,1400,0.0003,0.2,-0.01355497533416686,0.08778739,0.9982514381408691,0.5434814453125,0.19551952183246613,0.8828046978140871
562.87941739,6945,251,142,785.98,1744896,0.3861771523952484,-5.1117206354935965,1410,0.0003,0.2,-0.013436977136492109,0.099315286,0.9980490207672119,0.590380859375,0.49621546268463135,1.0064593363553285
554.45538072,6948,252,143,761.21,1757184,0.38399937748908997,-5.063911382357279,1420,0.0003,0.2,-0.00592314191890182,0.109357096,0.9983824491500854,0.6194905598958333,0.06457576900720596,0.3843104621395469
559.45309726,6950,254,144,761.21,1769472,0.3820888102054596,-4.983659950892131,1430,0.0003,0.2,-0.005092752113705501,0.10130734,0.999544620513916,0.6128987630208333,0.074273481965065,0.24285896498089035
584.46345776,6951,256,145,776.06,1781760,0.3809323012828827,-4.93329498966535,1440,0.0003,0.2,-0.010180038439284545,0.09493891,0.9996066093444824,0.5809000651041667,0.05705957114696503,0.19411070547066628
631.93147123,6954,257,146,803.29,1794048,0.3793051242828369,-4.888026054700216,1450,0.0003,0.2,-0.009080493705672174,0.10613964,0.9996756911277771,0.5887613932291667,0.03410520404577255,0.1849411679742237
656.1591495,6956,259,147,828.71,1806336,0.3779611587524414,-4.8386953443288805,1460,0.0003,0.2,-0.00872617802961031,0.06430662,0.9977338314056396,0.5313069661458333,0.3648608922958374,0.5582595453287165
694.42161345,6959,261,148,891.66,1818624,0.37665343284606934,-4.775410074989001,1470,0.0003,0.2,0.0021396629522011305,0.1009109,0.9995479583740234,0.6306966145833334,0.03544622287154198,0.13607432626498242
707.5624058200001,6961,262,149,919.42,1830912,0.37556323409080505,-4.739825982848803,1480,0.0003,0.2,-0.008706254180773006,0.06874536,0.9958723783493042,0.5013997395833333,0.3350008726119995,1.274279885025074
709.2146849399999,6964,264,150,897.67,1843200,0.37460026144981384,-4.710297081867854,1490,0.0003,0.2,-0.006867476774884077,0.12669957,0.9994945526123047,0.6116048177083333,0.08282195031642914,0.20728847589343785
703.32759147,6966,266,151,899.87,1855488,0.3720184564590454,-4.65163093705972,1500,0.0003,0.2,-0.009302552885977396,0.08882958,0.997220516204834,0.5955322265625,0.09894909709692001,0.5172195226885379
691.0701257999999,6969,268,152,894.35,1867776,0.3700697720050812,-4.574556005994479,1510,0.0003,0.2,-0.008045737233866626,0.09829098,0.9976126551628113,0.605224609375,0.11375848948955536,0.4575743702240288
680.0538714700001,6971,269,153,895.68,1880064,0.36897292733192444,-4.521996359030406,1520,0.0003,0.2,-0.001714886493573431,0.12442372,0.9980396032333374,0.6327311197916666,0.08560934662818909,0.3862115453928709
657.62905556,6973,271,154,877.97,1892352,0.3675202429294586,-4.484908674160639,1530,0.0003,0.2,-0.009502555764629505,0.106794365,0.9984745383262634,0.5883138020833333,0.3294239044189453,0.8510743129998446
648.19607791,6975,273,155,864.31,1904640,0.3663296699523926,-4.46005251010259,1540,0.0003,0.2,-0.012492621398996562,0.07900256,0.9970784187316895,0.5716064453125,0.8191695213317871,0.9928547226513426
628.65313149,6978,274,156,855.49,1916928,0.3645417392253876,-4.413112253944079,1550,0.0003,0.2,0.0009672874390768508,0.119839825,0.994959831237793,0.6585123697916667,0.23603956401348114,0.6911227360367775
636.7886301900002,6980,276,157,882.21,1929216,0.36259743571281433,-4.3614538242419565,1560,0.0003,0.2,-0.004964736337812307,0.11264207,0.9969049096107483,0.6314615885416667,0.12373815476894379,0.5071002791946133
642.86377589,6983,278,158,906.62,1941504,0.3610875606536865,-4.294547205169995,1570,0.0003,0.2,0.004345465602818876,0.12662514,0.998245120048523,0.6578369140625,0.2905782461166382,0.574608336823682
633.3252900900001,6985,279,159,895.7,1953792,0.3615020215511322,-4.280953666567802,1580,0.0003,0.2,0.007934141040216976,0.15091991,0.9991108775138855,0.664404296875,0.09269008785486221,0.27555174501612784
641.9163218699999,6986,281,160,899.07,1966080,0.359931081533432,-4.26599934399128,1590,0.0003,0.2,-0.0069469328237270625,0.07229095,0.9963212609291077,0.5768717447916667,0.2685907483100891,1.1857858835409085
644.9819576200001,6984,283,161,918.29,1978368,0.3598071038722992,-4.2363849510749185,1600,0.0003,0.2,0.004638593977627655,0.14627261,0.9992129802703857,0.6676106770833333,0.06195222958922386,0.21422517352427045
683.6012702300001,6979,285,162,936.59,1990656,0.35897836089134216,-4.205420804023743,1610,0.0003,0.2,-0.003083891624313158,0.113752745,0.9994309544563293,0.6002034505208333,0.10699506103992462,0.243985874671489
713.4564677399999,6973,287,163,952.2,2002944,0.35865673422813416,-4.190875002741814,1620,0.0003,0.2,-0.0010360637956182473,0.09279263,0.9996095299720764,0.5910400390625,0.03374369814991951,0.15295356665737928
733.6158788300002,6970,289,164,966.88,2015232,0.3576143682003021,-4.158743581175804,1630,0.0003,0.2,-0.0049141004375997,0.10999915,0.9994279146194458,0.5819661458333333,0.0624818317592144,0.186735641832153
751.59967574,6968,290,165,973.05,2027520,0.35558703541755676,-4.105464453498523,1640,0.0003,0.2,-0.008111068181945787,0.1017668,0.9997238516807556,0.575830078125,0.015847664326429367,0.14389925616172453
773.4192425900001,6970,292,166,970.34,2039808,0.35514912009239197,-4.071640169620514,1650,0.0003,0.2,-0.005068741178062434,0.08030049,0.9996405243873596,0.578662109375,0.04751361906528473,0.14604572431805232
794.3113262,6971,294,167,995.98,2052096,0.3531247675418854,-4.026292624572913,1660,0.0003,0.2,-0.010323321274093663,0.09432023,0.9990066885948181,0.592626953125,0.09509018063545227,0.33645440282610556
780.51071916,6973,296,168,987.82,2064384,0.35233888030052185,-3.9706049794952074,1670,0.0003,0.2,-0.005804880009479044,0.1073573,0.9993476271629333,0.604736328125,0.022716812789440155,0.17263617181840044
781.2661062000001,6974,297,169,976.09,2076672,0.3520635664463043,-3.957085253794988,1680,0.0003,0.2,-0.007962536102665278,0.07144671,0.9968312382698059,0.5540608723958333,0.05744023621082306,0.6425293994446596
741.7317821299999,6974,299,170,921.69,2088960,0.3518913984298706,-3.942484944065412,1690,0.0003,0.2,-0.011528365346991146,0.07115671,0.9951152801513672,0.5448567708333333,0.3065604269504547,1.4139388363187513
693.2975518999999,6976,301,171,877.57,2101248,0.35123416781425476,-3.9216060439745584,1700,0.0003,0.2,-0.015651794302781734,0.071182795,0.9953628182411194,0.5265055338541667,0.49644601345062256,2.222941883901755
661.5730867300001,6978,302,172,845.06,2113536,0.3498794138431549,-3.889544329047203,1710,0.0003,0.2,-0.01254485982596331,0.08719536,0.9954703450202942,0.5504964192708334,0.7039214968681335,2.6791699077934026
639.4597611,6980,304,173,842.76,2125824,0.3501828610897064,-3.8678937569260596,1720,0.0003,0.2,-0.002749864877841901,0.12028686,0.9948800206184387,0.633544921875,0.9005386829376221,1.8559764223794142
653.52141962,6981,306,174,843.32,2138112,0.3506261110305786,-3.907566518584887,1730,0.0003,0.2,0.016950577043462544,0.19525485,0.9991890788078308,0.7284016927083333,0.11506868898868561,0.4427393608105679
675.79757313,6983,307,175,851.48,2150400,0.34928178787231445,-3.8474958310524623,1740,0.0003,0.2,0.008545376506905693,0.13039039,0.9994194507598877,0.6529052734375,0.0889066606760025,0.26515590740988654
674.6294134000001,6985,309,176,863.96,2162688,0.3485125005245209,-3.8112998351454737,1750,0.0003,0.2,0.0024906238657422365,0.123886086,0.999347448348999,0.6348225911458333,0.027701716870069504,0.19397883724110823
674.2081279200002,6987,311,177,889.21,2174976,0.34768441319465637,-3.8036687220136325,1760,0.0003,0.2,-0.0010593670779295886,0.12602527,0.9997757077217102,0.62705078125,0.04779693856835365,0.14017494688741863
682.0994541599998,6988,312,178,904.51,2187264,0.3465822637081146,-3.780516973634561,1770,0.0003,0.2,-0.004775810673891101,0.08253211,0.9886201620101929,0.6110026041666666,0.09913399815559387,0.537843276700005
688.0315001399999,6989,314,179,918.23,2199552,0.3458338677883148,-3.7563168073693913,1780,0.0003,0.2,0.001176498342344227,0.09934643,0.9961556792259216,0.6185546875,0.08735094219446182,0.4639152683162441
727.30348702,6990,316,180,940.5,2211840,0.3467140197753906,-3.744310872753461,1790,0.0003,0.2,-0.005673430106253363,0.117529966,0.9971136450767517,0.6326416015625,0.1227341890335083,0.6500905543876191
716.51724627,6991,318,181,935.07,2224128,0.3466345965862274,-3.735998634000619,1800,0.0003,0.2,-0.0006657668913248926,0.12308683,0.9978586435317993,0.6333251953125,0.2634509205818176,0.6455158871908983
706.7267378799999,6992,319,182,921.58,2236416,0.3455958366394043,-3.713495127360026,1810,0.0003,0.2,0.003339317279460374,0.14155464,0.9983617067337036,0.6431233723958333,0.1541864573955536,0.45269915629178287
675.1150525900001,6992,321,183,886.03,2248704,0.3457036316394806,-3.6990640491247175,1820,0.0003,0.2,-0.004341755728819408,0.07639399,0.9927124977111816,0.5851399739583333,0.7233181595802307,1.4970278040195504
675.10074847,6992,323,184,888.65,2260992,0.3451661169528961,-3.6949040775497752,1830,0.0003,0.2,-0.013454488928740222,0.092815496,0.9893637299537659,0.5762125651041666,0.3016543984413147,1.6120891007284324
688.1320145599999,6992,325,185,887.56,2273280,0.3450438678264618,-3.6945562889178594,1840,0.0003,0.2,0.019362810546833014,0.17257273,0.9983271360397339,0.7129313151041666,0.0908132791519165,0.3444438367461165
710.36475807,6987,327,186,906.33,2285568,0.3445240259170532,-3.6720444416006406,1850,0.0003,0.2,-0.011970008478480546,0.08419909,0.9961984157562256,0.5690266927083333,0.7310570478439331,1.7249595154076816
685.7763385700001,6986,328,187,885.73,2297856,0.3426145017147064,-3.617060611148675,1860,0.0003,0.2,0.009722566391186167,0.2128294,0.9987854361534119,0.7078206380208333,0.11187785863876343,0.38612119598935046
687.82438535,6984,330,188,875.61,2310144,0.3423774242401123,-3.5826322729388873,1870,0.0003,0.2,-0.013969142572993103,0.084923886,0.9939866662025452,0.568701171875,0.3163849115371704,1.4025447646776834
659.3238308800001,6980,332,189,876.3,2322432,0.3412317931652069,-3.5529353136817616,1880,0.0003,0.2,-0.01566206546170482,0.062368676,0.9897942543029785,0.5113199869791667,2.102736234664917,3.272070181121429
668.5580711900001,6980,334,190,882.72,2334720,0.34063950181007385,-3.5241313765446347,1890,0.0003,0.2,-0.011483913153642788,0.08727797,0.9931411743164062,0.5870524088541667,0.9155490398406982,2.808763482173284
690.87311589,6978,336,191,889.23,2347008,0.3395971357822418,-3.4987218379974365,1900,0.0003,0.2,0.008747469408262987,0.1651476,0.9971764087677002,0.7044840494791667,0.7676337361335754,1.3878332845245798
690.3648919799998,6978,338,192,883.7,2359296,0.3389218747615814,-3.4713746229807536,1910,0.0003,0.2,0.013581939063927469,0.18610775,0.9980835318565369,0.7247802734375,0.21656154096126556,0.642065670217077
666.03446413,6979,339,193,871.94,2371584,0.33832690119743347,-3.442067067325115,1920,0.0003,0.2,-0.0037138119024651434,0.10194853,0.9955606460571289,0.6227864583333333,0.4777242839336395,1.6200173732514183
680.2932352499998,6981,341,194,887.18,2383872,0.33797335624694824,-3.4306648726264637,1930,0.0003,0.2,0.0014859785437389898,0.18637192,0.9965044260025024,0.6944010416666667,0.16978657245635986,0.6868696887977421
701.15926871,6983,343,195,900.91,2396160,0.33748355507850647,-3.4283100669582685,1940,0.0003,0.2,0.005860633624251932,0.17649202,0.9948863387107849,0.6775472005208333,0.40254050493240356,1.9458852143958212
727.72878933,6984,344,196,904.88,2408448,0.33664336800575256,-3.412850573162238,1950,0.0003,0.2,0.01759195736546341,0.19884522,0.9987656474113464,0.7129720052083334,0.20061954855918884,0.5895163261642059
722.6223774300001,6985,346,197,902.72,2420736,0.33659085631370544,-3.411274693906307,1960,0.0003,0.2,0.004651908035157248,0.15727924,0.9991804957389832,0.6731608072916667,0.11915328353643417,0.29409623856966693
724.7780386000002,6985,348,198,914.61,2433024,0.3353264629840851,-3.378895543515682,1970,0.0003,0.2,-0.006030725166783668,0.11172882,0.9986090064048767,0.6268229166666667,0.17641708254814148,0.4808402701591452
677.13394491,6986,350,199,882.5,2445312,0.3350198268890381,-3.369012273848057,1980,0.0003,0.2,-0.0062347117772636315,0.11900274,0.9966999292373657,0.6301432291666667,0.12010735273361206,0.5937071597824494
663.12691537,6985,351,200,851.93,2457600,0.3341391384601593,-3.33293608178695,1990,0.0003,0.2,-0.01916816974602019,0.05121477,0.9901479482650757,0.4663330078125,0.8845759630203247,3.7615424721191326
659.2279771099999,6986,353,201,820.51,2469888,0.33386316895484924,-3.3124489257733027,2000,0.0003,0.2,-0.01640679874108173,0.09442171,0.9969632029533386,0.5956787109375,0.6596367359161377,2.692871617898345
635.82499651,6986,355,202,812.81,2482176,0.3326191008090973,-3.2837316130598384,2010,0.0003,0.2,-0.009529137845189932,0.093994595,0.9936636686325073,0.6020100911458334,1.6470001935958862,2.965516223013401
619.6760384500001,6985,357,203,788.48,2494464,0.33166590332984924,-3.251390221218268,2020,0.0003,0.2,0.013866798056915286,0.16806014,0.9978193640708923,0.7141276041666667,0.1266566514968872,1.2846785441972315
635.1553721399999,6984,358,204,802.52,2506752,0.33068597316741943,-3.2289125795165696,2030,0.0003,0.2,-0.0004088609692795823,0.08999025,0.9909074306488037,0.6365071614583333,0.6277735829353333,2.201008423169454
653.3128851199999,6982,360,205,810.75,2519040,0.33167579770088196,-3.25280046860377,2040,0.0003,0.2,0.03405226594234894,0.22310531,0.9986826181411743,0.7612548828125,0.14706136286258698,0.38142566302170355
691.41971934,6981,362,206,842.51,2531328,0.33080950379371643,-3.2439182842771213,2050,0.0003,0.2,0.004749780394680177,0.12709643,0.9991952776908875,0.6825520833333333,0.07163035869598389,0.3262373758790394
715.17576796,6980,364,207,864.03,2543616,0.33100762963294983,-3.2155493850509327,2060,0.0003,0.2,0.007789140289726978,0.16156697,0.9996349811553955,0.6807698567708333,0.07110582292079926,0.19117662751426298
704.8043254700001,6981,366,208,859.75,2555904,0.3304196298122406,-3.2029982298612594,2070,0.0003,0.2,-0.010943663316235567,0.0855879,0.9977012872695923,0.5786946614583334,0.2239759862422943,0.9338365014021596
731.1742984200002,6982,367,209,874.6,2568192,0.3289356529712677,-3.1557009696960447,2080,0.0003,0.2,-0.021261635681730694,0.05425256,0.9932640194892883,0.4634521484375,2.1341538429260254,3.3634044830997785
750.4679057499998,6983,369,210,890.35,2580480,0.3283316195011139,-3.1155560433864595,2090,0.0003,0.2,-0.008426974655109613,0.11362191,0.9968787431716919,0.6173909505208334,1.2784311771392822,1.8114201156422496
750.2787609999999,6983,371,211,874.03,2592768,0.3279278576374054,-3.121864327788353,2100,0.0003,0.2,0.01320444959953117,0.19702065,0.9989907145500183,0.7175211588541667,0.10671189427375793,0.42133255147685605
741.6016016999998,6984,372,212,878.43,2605056,0.3275604844093323,-3.10496829499801,2110,0.0003,0.2,-0.020057032935437747,0.056744013,0.9904589653015137,0.4990152994791667,0.6698720455169678,2.718718986213207
725.42516816,6985,374,213,860.37,2617344,0.3274836838245392,-3.0844982832670214,2120,0.0003,0.2,0.008501131423205759,0.20286508,0.9987280964851379,0.7119303385416667,0.23590707778930664,0.5041806584844987
738.3150646699999,6987,376,214,880.6,2629632,0.3277369737625122,-3.080979010462761,2130,0.0003,0.2,0.0126678093894346,0.16333821,0.9989621043205261,0.6967041015625,0.20062901079654694,0.462462748028338
750.18515969,6988,378,215,910.63,2641920,0.32726800441741943,-3.0829482679565747,2140,0.0003,0.2,0.0010034219711087644,0.14583786,0.9995918869972229,0.6662923177083333,0.0830322653055191,0.22248670519329608
742.3897470100002,6989,379,216,906.8,2654208,0.3260924816131592,-3.0499723449349405,2150,0.0003,0.2,-0.004769224311166909,0.12749137,0.9994524717330933,0.6233561197916667,0.03873700648546219,0.26890232556809984
726.26052903,6990,381,217,872.19,2666496,0.32522639632225037,-3.0129180520772936,2160,0.0003,0.2,-0.018918624374782665,0.082102776,0.9967042803764343,0.5682942708333333,0.22372959554195404,0.9830669635285934
722.8461057299999,6991,383,218,889.3,2678784,0.3248384892940521,-2.999177677432696,2170,0.0003,0.2,-0.021187605397426524,0.06766593,0.996300458908081,0.51279296875,1.1670376062393188,2.376387284696102
696.2989194099999,6992,384,219,859.59,2691072,0.3257104158401489,-3.0185814425349236,2180,0.0003,0.2,0.006064268452852654,0.17155884,0.9992620944976807,0.703662109375,0.09425527602434158,0.3585745385537545
720.2629121500001,6993,386,220,863.43,2703360,0.3246675729751587,-2.9966640229026478,2190,0.0003,0.2,-0.016332607728933603,0.0733472,0.9937900304794312,0.5551350911458334,1.3892393112182617,2.300204394881924
719.7227309300001,6994,388,221,855.22,2715648,0.32394900918006897,-2.957179515560468,2200,0.0003,0.2,-0.004221330010720218,0.13408983,0.9979206919670105,0.6383382161458333,0.3823726177215576,1.2007552641133468
717.6119258600002,6995,389,222,830.92,2727936,0.3233378827571869,-2.941138272980849,2210,0.0003,0.2,-0.009588089101695611,0.10966656,0.9981163740158081,0.604150390625,1.1461431980133057,1.63787731975317
733.90477752,6994,391,223,847.63,2740224,0.3223651349544525,-2.9070813059806824,2220,0.0003,0.2,-0.006362808929407038,0.1203632,0.9949783086776733,0.6391682942708333,0.7191689014434814,1.7691034669677417
720.8706581099998,6995,393,224,850.27,2752512,0.32179030776023865,-2.871039426823457,2230,0.0003,0.2,0.004640732345190675,0.1506328,0.9957582354545593,0.6766682942708333,0.5319329500198364,2.075875379766027
734.29735788,6995,395,225,844.89,2764800,0.32110336422920227,-2.863924297193686,2240,0.0003,0.2,0.005847637715244976,0.14544056,0.9964985847473145,0.7017659505208333,0.540713369846344,1.509492468399306
725.24336185,6997,396,226,849.98,2777088,0.32027605175971985,-2.819442677994569,2250,0.0003,0.2,0.0035595080553321168,0.18113859,0.993948757648468,0.6872151692708334,0.4493027925491333,2.1251043724517027
690.87487045,6997,398,227,841.15,2789376,0.3196192979812622,-2.7942641879121464,2260,0.0003,0.2,-0.0003639505128376186,0.13710092,0.9957119822502136,0.6755615234375,0.8512946963310242,2.1260453805327417
693.4700170199999,6997,400,228,831.77,2801664,0.3200422525405884,-2.8172897309064866,2270,0.0003,0.2,0.012174412923438164,0.1931014,0.9959869980812073,0.734375,0.48406413197517395,1.531950352465113
701.79960408,6999,402,229,849.14,2813952,0.3204546868801117,-2.8438908884922665,2280,0.0003,0.2,0.01532367325174467,0.19127043,0.9968461990356445,0.7337320963541667,0.516989529132843,1.4717040238281092
688.5590981,7000,403,230,829.33,2826240,0.32067927718162537,-2.8592429642875987,2290,0.0003,0.2,0.01606716977742811,0.22415297,0.9977776408195496,0.7474690755208333,0.12837064266204834,0.594677938396732
706.18506733,7001,405,231,848.42,2838528,0.3202477991580963,-2.853697636226813,2300,0.0003,0.2,0.0038411735644331203,0.12187167,0.9966400861740112,0.6823160807291667,0.8228046894073486,1.31239646555235
698.05041547,7002,407,232,859.82,2850816,0.3192795515060425,-2.8244248181581497,2310,0.0003,0.2,0.004593706835779207,0.16202183,0.9983704686164856,0.6888102213541667,0.15217745304107666,0.8753428348029654
715.0156261000002,7004,408,233,861.89,2863104,0.318877249956131,-2.8095491896073024,2320,0.0003,0.2,-0.0073359259161710115,0.10567408,0.9865996837615967,0.6335042317708334,0.436961829662323,2.108572272211313
674.0590168600002,7005,410,234,833.32,2875392,0.31875079870224,-2.794294241070747,2330,0.0003,0.2,-0.0030151335794168215,0.11161119,0.995762050151825,0.6419921875,0.6976362466812134,1.709045064697663
666.7043777700002,7006,412,235,823.29,2887680,0.3181629180908203,-2.773827262719472,2340,0.0003,0.2,-0.0190970578827546,0.09384953,0.9908581376075745,0.5735107421875,1.8693422079086304,5.394206480681897
656.26654154,7007,413,236,821.22,2899968,0.3173181712627411,-2.746247887611389,2350,0.0003,0.2,-0.018551239418836,0.08037502,0.9880967140197754,0.5411051432291667,4.029531478881836,7.987733037273089
645.1777763099999,7007,415,237,831.4,2912256,0.3180176615715027,-2.7456889361143113,2360,0.0003,0.2,0.008914171089903297,0.16234387,0.9923502802848816,0.7088216145833334,0.8117992281913757,3.13362860592703
630.82845482,7007,417,238,823.56,2924544,0.31896257400512695,-2.804779488841693,2370,0.0003,0.2,0.03947816111758584,0.2547854,0.9965534210205078,0.7764811197916667,0.2635135054588318,0.8431720063090324
645.12053997,7008,419,239,844.67,2936832,0.3192552328109741,-2.8168980330228806,2380,0.0003,0.2,0.027812987239546297,0.20882832,0.9978281259536743,0.7479329427083333,0.16031514108181,0.9131461055328448
688.2276116799999,7009,420,240,865.08,2949120,0.32008299231529236,-2.8434489140907924,2390,0.0003,0.2,0.01953293015540112,0.21806379,0.9987934827804565,0.736669921875,0.10113167762756348,0.4398966325757404
710.1863744900002,7010,422,241,897.86,2961408,0.3189542293548584,-2.8232829372088113,2400,0.0003,0.2,0.003319928699056618,0.15732972,0.9974281787872314,0.6732421875,0.30283257365226746,1.111112303286791
733.8919408400001,7011,424,242,918.42,2973696,0.31849607825279236,-2.7987285976608596,2410,0.0003,0.2,-0.005027203132825283,0.1775903,0.9985267519950867,0.6809163411458333,0.1536642611026764,0.7289444888010621
719.8938181399999,7011,425,243,908.04,2985984,0.31706055998802185,-2.7669807667533557,2420,0.0003,0.2,-0.004414607008220628,0.13396044,0.9964492321014404,0.6376057942708333,0.6910178065299988,1.2957119663556418
691.7428235399999,7012,427,244,855.25,2998272,0.3163440525531769,-2.7329208021362623,2430,0.0003,0.2,-0.021653767185731945,0.07332104,0.9920845627784729,0.507421875,1.5929449796676636,3.7776749317844707
688.7410141799999,7013,429,245,839.56,3010560,0.3157121241092682,-2.711954072614511,2440,0.0003,0.2,-0.025401131086982786,0.05566453,0.9885044097900391,0.4628499348958333,3.047759532928467,7.256466247638067
668.22840738,7014,430,246,820.23,3022848,0.316495418548584,-2.727688258389632,2450,0.0003,0.2,0.017223707986219475,0.16138133,0.9960933327674866,0.7161214192708333,1.5689877271652222,2.255474959189693
626.6610071499999,7016,432,247,782.43,3035136,0.3162982165813446,-2.7225208749373753,2460,0.0003,0.2,-0.008983176307325872,0.14702004,0.9925041198730469,0.66181640625,0.7976281642913818,3.11921547750632
610.51601743,7017,434,248,757.32,3047424,0.3153497874736786,-2.709804158906142,2470,0.0003,0.2,-0.00992831691498092,0.10211382,0.9883002042770386,0.6178629557291667,1.6929529905319214,5.314558267841736
628.6891680200001,7018,435,249,759.12,3059712,0.3143748939037323,-2.680942410727342,2480,0.0003,0.2,-0.006743184544029645,0.14134683,0.9901574850082397,0.6613606770833333,1.8719539642333984,4.429130045821269
647.21963891,7019,437,250,779.64,3072000,0.3145526349544525,-2.688404357433319,2490,0.0003,0.2,0.014216080734331626,0.27770117,0.9935413002967834,0.7537272135416667,0.769245982170105,1.7442188588281473
581.80767913,7020,439,251,710.06,3084288,0.3150799572467804,-2.719690428674221,2500,0.0003,0.2,0.009418470487192583,0.15322627,0.9950426816940308,0.6955810546875,1.008736252784729,2.957126773397128
572.75794557,7021,441,252,680.18,3096576,0.3142775595188141,-2.705310686926047,2510,0.0003,0.2,-0.008454938994448942,0.09746035,0.99090975522995,0.6188313802083333,1.8239575624465942,5.937112345794836
571.5943343,7022,442,253,665.63,3108864,0.31331661343574524,-2.6767422328392665,2520,0.0003,0.2,-0.019909960729273736,0.08335041,0.9870622158050537,0.5635335286458333,3.5549845695495605,7.499892230331898
587.13445708,7023,444,254,665.28,3121152,0.3138241171836853,-2.6747362449765206,2530,0.0003,0.2,0.005103071434617353,0.19191527,0.9907461404800415,0.7233561197916667,1.49275541305542,4.393235755711794
591.51367509,7024,446,255,673.59,3133440,0.3130873441696167,-2.6676036829749745,2540,0.0003,0.2,0.010640909664410477,0.20953564,0.9945271015167236,0.7244547526041667,2.6483452320098877,4.3904999807477
612.0324689400001,7025,447,256,693.52,3145728,0.31364166736602783,-2.680471669634183,2550,0.0003,0.2,0.045716067433628875,0.17697638,0.9908432960510254,0.7743001302083333,1.6209489107131958,3.9695209076007205
635.7541306600001,7026,449,257,717.95,3158016,0.3127657175064087,-2.6848241850733756,2560,0.0003,0.2,0.013438504191193109,0.23695664,0.985979437828064,0.7450602213541667,1.4442391395568848,3.4436080724000933
626.55209949,7026,451,258,710.6,3170304,0.31421592831611633,-2.6915636425216993,2570,0.0003,0.2,0.016704585029219742,0.21265352,0.9948951005935669,0.76103515625,0.8237431049346924,3.1605871533354124
608.84118561,7027,452,259,678.02,3182592,0.3127485513687134,-2.6695532495776813,2580,0.0003,0.2,-0.016053978432804192,0.13158609,0.9895969033241272,0.6303955078125,1.6714435815811157,6.779079893231392
586.54173322,7027,454,260,666.76,3194880,0.3123835325241089,-2.6443879688779512,2590,0.0003,0.2,-0.014232431879402914,0.10987527,0.9894076585769653,0.6439860026041667,3.1396231651306152,7.788359758257866
580.00400239,7027,456,261,671.3,3207168,0.3120376169681549,-2.646739379564921,2600,0.0003,0.2,0.012328162375100267,0.22851129,0.9902520179748535,0.7447428385416667,1.079559564590454,3.8995878636837005
612.71469506,7027,458,262,700.84,3219456,0.313707560300827,-2.6764728794495265,2610,0.0003,0.2,0.06056068456673529,0.51988786,0.992368757724762,0.8313151041666667,0.6504673957824707,2.9459916597853106
609.0088486399999,7027,459,263,701.52,3231744,0.31370142102241516,-2.7093381216128667,2620,0.0003,0.2,0.0076079208636656405,0.2079639,0.9911978244781494,0.7380045572916667,0.6555836200714111,2.512620559086402
635.96498107,7029,461,264,727.5,3244032,0.3133295476436615,-2.6994094798962274,2630,0.0003,0.2,0.02266142424196005,0.211882,0.9916601181030273,0.7637451171875,0.6693030595779419,2.4158662454535564
663.5399664700001,7029,463,265,764.67,3256320,0.3137998878955841,-2.70975477596124,2640,0.0003,0.2,0.00853375141644695,0.16168828,0.9919717907905579,0.7244791666666667,0.9353458881378174,2.8453377831727265
633.5873726699999,7030,464,266,747.38,3268608,0.31347301602363586,-2.7099397987127305,2650,0.0003,0.2,0.001733265447061664,0.15542366,0.9912797808647156,0.6983805338541667,1.9544017314910889,4.378984222561121
649.6443135799999,7030,466,267,758.25,3280896,0.31273922324180603,-2.6832545215884847,2660,0.0003,0.2,-0.007873592033865862,0.14002228,0.9936465620994568,0.6677490234375,3.188225507736206,5.5836256871620815
652.37637014,7031,468,268,779.85,3293184,0.3164597749710083,-2.8046067893505096,2670,0.0003,0.2,0.08950861183790645,0.45077047,0.9966513514518738,0.8511637369791667,0.4479438066482544,0.917666211972634
663.73045451,7032,470,269,794.33,3305472,0.31607985496520996,-2.852034316956997,2680,0.0003,0.2,0.0016102897347688365,0.19151866,0.9968519806861877,0.7001871744791667,0.7168846130371094,1.33259106973807
703.2523272,7033,471,270,813.07,3317760,0.31498607993125916,-2.8069019466638565,2690,0.0003,0.2,-0.015166392045891068,0.11191565,0.9940301775932312,0.6121988932291667,0.6657673120498657,3.6301340925196808
687.34434126,7033,473,271,818.92,3330048,0.31528881192207336,-2.7973611459136007,2700,0.0003,0.2,0.01722388279934724,0.26219675,0.9979608058929443,0.760791015625,0.23461130261421204,0.7423548710222045
722.8751903799999,7034,475,272,847.27,3342336,0.31453606486320496,-2.784713362157345,2710,0.0003,0.2,-0.017615260486005962,0.08101684,0.9908697009086609,0.581005859375,0.7839443683624268,3.4427872280279797
770.7673336799999,7035,476,273,869.56,3354624,0.3148452937602997,-2.7838952233393988,2720,0.0003,0.2,-0.0022206805500900374,0.16970646,0.996627688407898,0.6925537109375,0.571252703666687,1.2950675023098788
757.1764178200002,7036,478,274,840.14,3366912,0.31349676847457886,-2.7510230496525763,2730,0.0003,0.2,-0.023972177102890176,0.08029437,0.9935399889945984,0.5552978515625,1.5298115015029907,3.4569227837026117
734.09818563,7037,480,275,798.88,3379200,0.313734769821167,-2.72637904137373,2740,0.0003,0.2,-0.004732820469265183,0.13761681,0.9962595701217651,0.6680094401041666,1.033963680267334,2.606997310866912
664.7923586000001,7038,481,276,745.04,3391488,0.3125629425048828,-2.7011400957902274,2750,0.0003,0.2,-0.020854065667663235,0.09867841,0.9924771189689636,0.5809244791666667,1.9563994407653809,4.6751134815315405
674.1521717400001,7038,483,277,716.08,3403776,0.3121267855167389,-2.682769488791625,2760,0.0003,0.2,-0.020659052865812554,0.08915041,0.9879652261734009,0.580859375,3.701890230178833,6.0433429710567
672.32222023,7039,485,278,702.77,3416064,0.3111087679862976,-2.651603495081266,2770,0.0003,0.2,-0.022689609290197647,0.09138685,0.9876594543457031,0.5683512369791667,2.8566064834594727,8.647038040558497
66.43862911000001,7040,486,279,122.07,3428352,0.31269243359565735,-2.6629524787267047,2780,0.0003,0.2,0.1952588582217383,8.608837,0.9947577714920044,0.967626953125,1.3309458494186401,3.3609954160948594
60.587371189999985,7042,488,280,117.45,3440640,0.31374767422676086,-2.733948066830635,2790,0.0003,0.2,0.013990190988018488,0.17397237,0.8491573333740234,0.6570475260416667,4.76078462600708,13.695622498293718
68.17147604,7043,490,281,129.06,3452928,0.3147682547569275,-2.7699378694097203,2800,0.0003,0.2,0.0007485159925029924,0.17077953,0.9046797156333923,0.6630289713541667,2.0921790599823,8.467681309084098
74.93026628,7045,491,282,138.89,3465216,0.31550201773643494,-2.820280225078265,2810,0.0003,0.2,-0.0006934129405029428,0.21293567,0.9410765171051025,0.6975260416666667,1.6433355808258057,5.787068215509255
89.69582870999999,7046,493,283,166.64,3477504,0.315419465303421,-2.819240603844325,2820,0.0003,0.2,-0.006654714360289897,0.18061256,0.9641532301902771,0.6764729817708334,1.6145944595336914,5.311950318018595
131.0687015,7046,495,284,237.88,3489792,0.3143175542354584,-2.792245451609294,2830,0.0003,0.2,-0.01081599189977472,0.15790856,0.976109504699707,0.6780517578125,1.9471627473831177,5.222526943186919
183.36172124999996,7046,496,285,315.68,3502080,0.31528565287590027,-2.798699446519216,2840,0.0003,0.2,-0.0035789165277189264,0.2337187,0.9709452986717224,0.7274983723958334,0.7875623106956482,3.066120453675588
224.30734121,7047,498,286,377.94,3514368,0.31592413783073425,-2.806674462060134,2850,0.0003,0.2,-0.014454647812332648,0.17397875,0.9612568616867065,0.6796875,1.6777406930923462,3.7613391257822513
274.40685571000006,7048,500,287,424.01,3526656,0.3152722120285034,-2.804272429148356,2860,0.0003,0.2,-0.018176730661070905,0.16375452,0.9740493297576904,0.6626871744791667,1.3001083135604858,3.9756724293033283
300.91508045,7047,502,288,434.67,3538944,0.31501010060310364,-2.78198604285717,2870,0.0003,0.2,-0.02034042754433661,0.1393307,0.9808777570724487,0.6459309895833333,1.2667028903961182,4.35567777082324
314.63683907,7045,504,289,435.65,3551232,0.31475815176963806,-2.7699489255746204,2880,0.0003,0.2,-0.02279728827318953,0.14856623,0.9808282852172852,0.6436767578125,1.4851582050323486,4.077502803504467
349.49506899,7042,505,290,468.75,3563520,0.31390321254730225,-2.7394319156805675,2890,0.0003,0.2,-0.029486321751513365,0.11070476,0.9741284251213074,0.6019287109375,3.187549591064453,6.1697059685985245
387.38417143000004,7040,507,291,498.08,3575808,0.3138303756713867,-2.72102532039086,2900,0.0003,0.2,-0.00954246187369184,0.19734137,0.9804919958114624,0.6913981119791667,0.9363137483596802,2.8234126664698125
453.06614892,7040,509,292,585.28,3588096,0.3134112060070038,-2.703373931348324,2910,0.0003,0.2,-0.014916795011473975,0.16555546,0.9867191910743713,0.6815673828125,1.0220345258712769,3.3720189961294333
491.21776565999994,7039,511,293,648.78,3600384,0.31395938992500305,-2.7156810760498047,2920,0.0003,0.2,0.010234045033575967,0.26344562,0.9917876124382019,0.7405436197916667,0.5512547492980957,1.1879432881871859
519.6581700300001,7039,513,294,699.66,3612672,0.3132820427417755,-2.7220912858843804,2930,0.0003,0.2,-0.002302318186169335,0.2397455,0.9921224117279053,0.7183430989583334,0.3191080689430237,1.006956176335613
532.42583497,7040,514,295,735.82,3624960,0.3122292160987854,-2.682882616420587,2940,0.0003,0.2,-0.02166916238008222,0.11498477,0.9809666872024536,0.6150309244791666,0.9204227328300476,2.6686990837256115
569.6262588499999,7041,516,296,769.59,3637248,0.31202301383018494,-2.66115581591924,2950,0.0003,0.2,-0.022938035590050275,0.11037689,0.9882997274398804,0.596044921875,1.2933120727539062,2.9418219106892747
565.62948731,7042,518,297,758.37,3649536,0.3114638328552246,-2.6438932438691456,2960,0.0003,0.2,-0.028983676231776674,0.10517917,0.9846591353416443,0.564794921875,1.322710633277893,4.095049891869227
564.4482298099999,7042,519,298,748.37,3661824,0.3116321861743927,-2.6519072438279787,2970,0.0003,0.2,-0.015787674837823337,0.14525229,0.9886051416397095,0.6516194661458333,0.9374698996543884,2.9975338545938333
541.3571721300001,7043,521,299,723.98,3674112,0.31103813648223877,-2.6228477706511817,2980,0.0003,0.2,-0.018874504840156684,0.11441537,0.9867733120918274,0.6107666015625,1.707979679107666,5.1080624232689535
566.1730392200001,7042,523,300,727.31,3686400,0.30984291434288025,-2.5820336669683455,2990,0.0003,0.2,-0.024711915384007927,0.10315424,0.989824652671814,0.5904947916666666,1.7928085327148438,5.370405825972557
565.7437999599999,7042,525,301,701.28,3698688,0.3089632987976074,-2.536279443403085,3000,0.0003,0.2,-0.016419980262435276,0.1444486,0.9888269305229187,0.6420003255208333,2.9458022117614746,4.130709987382094
597.7785174999999,7042,526,302,726.47,3710976,0.308117538690567,-2.5103519588708876,3010,0.0003,0.2,-0.027205375236614298,0.103301786,0.9849279522895813,0.5870524088541667,5.009485721588135,7.844716598590215
602.6129386900001,7043,528,303,739.64,3723264,0.30852004885673523,-2.5009760176142057,3020,0.0003,0.2,0.007492946872177223,0.24358283,0.9928053617477417,0.7439290364583333,2.26936936378479,3.7952719921867053
391.91547744999997,7044,530,304,471.94,3735552,0.313705712556839,-2.6161975001295406,3030,0.0003,0.2,0.2291876484232489,5.3213234,0.9956240057945251,0.9661376953125,0.9292083382606506,1.4754320217917363
169.60039626000002,7045,531,305,219.47,3747840,0.31357619166374207,-2.7351535434524217,3040,0.0003,0.2,-0.034541107661789285,0.05354924,0.9578246474266052,0.48875325520833335,9.699385643005371,21.712394142150877
196.07093086999998,7045,533,306,246.74,3760128,0.31271791458129883,-2.709153264760971,3050,0.0003,0.2,-0.04153164151163461,0.054783683,0.9691364169120789,0.47755533854166665,12.601884841918945,27.2045353213946
240.60261511000002,7045,535,307,289.92,3772416,0.31209251284599304,-2.6819549943010013,3060,0.0003,0.2,-0.038922346132070136,0.06766748,0.9678306579589844,0.49476725260416665,12.373886108398438,25.725016874074935
290.12599275,7046,537,308,340.91,3784704,0.31126564741134644,-2.6579157277941703,3070,0.0003,0.2,-0.036128170960970846,0.0969468,0.971491277217865,0.5666422526041667,8.903288841247559,23.23097140789032
365.23327634000003,7047,538,309,406.72,3796992,0.3118012249469757,-2.6610574394464495,3080,0.0003,0.2,-0.015907748506288046,0.1867842,0.9796391725540161,0.6957275390625,8.717244148254395,14.508660911520321
417.99012537999994,7047,540,310,467.07,3809280,0.3130286931991577,-2.7172093873222667,3090,0.0003,0.2,0.022679047874407842,0.2904907,0.9872144460678101,0.7854736328125,2.568342924118042,6.0040130024154985
477.3938528200001,7048,542,311,536.22,3821568,0.31426945328712463,-2.743934175868829,3100,0.0003,0.2,0.009812938906058359,0.26863682,0.9829961657524109,0.7584716796875,1.9724239110946655,5.347708038985729
493.89385691,7048,543,312,564.89,3833856,0.31976133584976196,-2.8893293937047324,3110,0.0003,0.2,0.19392734643964407,2.571404,0.9921790957450867,0.9447021484375,1.5214424133300781,2.7743894919753074
431.15576765,7048,545,313,517.31,3846144,0.3190673887729645,-2.968406010667483,3120,0.0003,0.2,-0.02978443776082713,0.074576944,0.9710137844085693,0.5682210286458333,3.5248396396636963,11.742861287792524
371.4875491599999,7049,547,314,464.87,3858432,0.31789925694465637,-2.933608829975128,3130,0.0003,0.2,-0.03845372569533841,0.07818381,0.9677774906158447,0.5559814453125,6.872785568237305,16.899314765135447
358.62522534,7049,549,315,459.8,3870720,0.31713733077049255,-2.903920616209507,3140,0.0003,0.2,-0.02800650725742647,0.104185104,0.9810824990272522,0.6112223307291667,4.193546295166016,13.271275928616523
380.76006799000004,7050,550,316,503.94,3883008,0.32146701216697693,-2.9869572833180427,3150,0.0003,0.2,0.10314636059047189,0.64922917,0.9850663542747498,0.865625,2.630467176437378,7.70459081530571
451.56963614000006,7050,552,317,572.88,3895296,0.3214671313762665,-3.0710145940383273,3160,0.0003,0.2,0.01172801261418499,0.27805328,0.9854580163955688,0.7644775390625,1.6340388059616089,4.342700230578582
483.79857868,7051,554,318,619.86,3907584,0.32743096351623535,-3.2186862990260123,3170,0.0003,0.2,0.15498757217768191,0.5676976,0.9930473566055298,0.8851399739583333,0.9986622333526611,2.5782162375748157
559.46590657,7052,555,319,714.02,3919872,0.3277583122253418,-3.345706209540367,3180,0.0003,0.2,0.01018351287105664,0.24785788,0.9922298192977905,0.7626383463541667,0.6308943629264832,1.7607449131707351
596.7763974699999,7052,557,320,754.71,3932160,0.32684263586997986,-3.324126746257146,3190,0.0003,0.2,-0.006015411609162887,0.18606491,0.9948073625564575,0.7127197265625,0.6148418188095093,1.913054082915187
625.75269494,7053,559,321,783.84,3944448,0.326639860868454,-3.29941092779239,3200,0.0003,0.2,-0.02192180898661415,0.08015735,0.985403299331665,0.5704833984375,1.798736333847046,5.122766365855933
646.8810771599999,7053,560,322,799.9,3956736,0.32506558299064636,-3.2606798743208247,3210,0.0003,0.2,-0.017103919961179295,0.16161072,0.9885817766189575,0.6715576171875,0.9377272725105286,2.953152947127819
672.37423664,7053,562,323,807.07,3969024,0.3248627185821533,-3.2383897294600805,3220,0.0003,0.2,-0.014471362613646004,0.15022717,0.9908284544944763,0.665234375,1.0202866792678833,3.7231976677974066
667.7701869199998,7054,564,324,790.35,3981312,0.32557666301727295,-3.2537401795387266,3230,0.0003,0.2,-0.004863844587816857,0.23222779,0.9951112866401672,0.7344970703125,0.8548248410224915,2.0670457487305005
684.34045309,7054,566,325,781.86,3993600,0.32435742020606995,-3.227609558403492,3240,0.0003,0.2,-0.016892970322320858,0.1218322,0.9932775497436523,0.6522623697916666,0.8253950476646423,3.2347922950983046
704.6737563500001,7055,567,326,779.4,4005888,0.3236522972583771,-3.197011331717173,3250,0.0003,0.2,-0.01809895932286357,0.15441868,0.9881460666656494,0.6574951171875,1.8070343732833862,3.893169617156188
682.4415673700001,7056,569,327,750.75,4018176,0.3238714933395386,-3.206720774869124,3260,0.0003,0.2,0.019462262076558545,0.24703173,0.9922275543212891,0.7731770833333333,0.7311034798622131,2.0607575149585804
699.5398706300001,7056,571,328,753.97,4030464,0.3231453597545624,-3.1767126147945723,3270,0.0003,0.2,-0.019818738596707894,0.09070154,0.9819386005401611,0.6089599609375,1.8311235904693604,4.719192800174157
696.7657432499999,7056,572,329,744.59,4042752,0.3236614763736725,-3.186589302122593,3280,0.0003,0.2,0.005952695104982316,0.23850954,0.9933143258094788,0.757373046875,0.5308359861373901,1.711892758930723
710.28086778,7057,574,330,750.13,4055040,0.323426216840744,-3.182470079263051,3290,0.0003,0.2,-0.02317348594563858,0.09967274,0.990174412727356,0.6115641276041667,1.0262417793273926,3.81107990120848
729.7709085900001,7057,576,331,781.09,4067328,0.32285740971565247,-3.1647507339715957,3300,0.0003,0.2,0.0008679469542888303,0.16445251,0.989943265914917,0.7099202473958334,1.2113927602767944,2.771396983290712
717.5340888200002,7058,577,332,772.19,4079616,0.32163771986961365,-3.1141724839806555,3310,0.0003,0.2,-0.004660193741923043,0.20122457,0.991432249546051,0.7109130859375,0.6950685381889343,2.228294525543849
742.15101668,7059,579,333,797.99,4091904,0.32267987728118896,-3.1435122897227603,3320,0.0003,0.2,0.01423682619642932,0.2778063,0.9959477186203003,0.7581705729166667,0.4797917902469635,1.615104798724254
717.3716763799999,7059,581,334,783.65,4104192,0.3231993019580841,-3.1695975263913474,3330,0.0003,0.2,-0.007140947343820396,0.20763801,0.9940587282180786,0.7216634114583333,0.5764912962913513,1.4627849131822586
714.0132258999998,7060,583,335,787.6,4116480,0.32227426767349243,-3.150115590294202,3340,0.0003,0.2,-0.0029632589420846974,0.15719028,0.9952800273895264,0.7043131510416667,0.5162500143051147,1.441130211080114
722.2371736599998,7060,584,336,800.84,4128768,0.3206293284893036,-3.0951682423551876,3350,0.0003,0.2,-0.017852173462839953,0.14808817,0.9935756921768188,0.6555257161458333,1.2813042402267456,2.608926789214214
720.19542197,7061,586,337,803.17,4141056,0.32043516635894775,-3.076235487560431,3360,0.0003,0.2,-0.015247344228555448,0.10559098,0.9886615872383118,0.6371744791666667,0.9008753299713135,2.7132957840959233
738.7649918099997,7061,588,338,807.28,4153344,0.3206136226654053,-3.0714282607038816,3370,0.0003,0.2,-0.006819206278305501,0.1838326,0.9937562942504883,0.69873046875,0.6660926938056946,2.206644382700324
664.58960356,7061,589,339,737.21,4165632,0.32025453448295593,-3.0638987769683204,3380,0.0003,0.2,-0.005199897612813705,0.20383172,0.9939529299736023,0.7077473958333333,0.7497084140777588,1.8211093374838432
678.4131562700001,7061,591,340,738.3,4177920,0.31964853405952454,-3.0458667690555257,3390,0.0003,0.2,-0.008915778560913168,0.10283717,0.9905259609222412,0.6526204427083333,1.023679256439209,4.310978685816129
640.87527508,7062,593,341,695.96,4190208,0.31859660148620605,-3.0203069562713307,3400,0.0003,0.2,-0.01068615669112963,0.17851658,0.9938052892684937,0.6876708984375,1.1104930639266968,2.8556360609829428
655.39100433,7062,595,342,700.39,4202496,0.31750810146331787,-2.969027262926102,3410,0.0003,0.2,-0.015346739078086102,0.13253437,0.9875455498695374,0.654833984375,1.3738893270492554,3.9883834704756738
651.7922316500001,7062,596,343,696.21,4214784,0.31744953989982605,-2.9537770733237267,3420,0.0003,0.2,-0.00999121818264636,0.1377592,0.9912717342376709,0.6728108723958334,2.1888015270233154,4.316790104905764
649.5060056199999,7063,598,344,671.67,4227072,0.3175991475582123,-2.9521859392523764,3430,0.0003,0.2,0.00459856989812882,0.22750348,0.9900612831115723,0.7297688802083333,1.5931086540222168,3.966652366518974
702.6398766299999,7064,600,345,716.62,4239360,0.3193550407886505,-2.993419260283311,3440,0.0003,0.2,0.04651143550436245,0.24415846,0.9910184144973755,0.8059407552083333,0.5955049991607666,2.076628422861298
691.8275771200001,7064,601,346,704.5,4251648,0.31962457299232483,-3.023300946255525,3450,0.0003,0.2,0.029398619417528003,0.31297642,0.9946104884147644,0.7992594401041667,0.5230998992919922,1.3501067678133647
713.1380462099999,7065,603,347,711.18,4263936,0.31842419505119324,-2.9786064038674036,3460,0.0003,0.2,-0.012914731263299473,0.114849605,0.9895018339157104,0.6262613932291666,1.2666606903076172,3.790338145941496
745.8749380000002,7065,605,348,740.33,4276224,0.3186633586883545,-2.947456667323907,3470,0.0003,0.2,0.004854222596623004,0.18556154,0.9868729114532471,0.7179606119791667,0.8230559825897217,2.9878643840551375
773.8358692099999,7065,606,349,769.93,4288512,0.3203810453414917,-3.0004128287235896,3480,0.0003,0.2,0.03792766456317622,0.32516864,0.9809585809707642,0.7903889973958333,0.6019451022148132,1.3747707847505808
761.22915627,7066,608,350,783.95,4300800,0.31980815529823303,-3.009724755585194,3490,0.0003,0.2,-0.012479043180064764,0.15217721,0.9885650873184204,0.6488118489583333,0.6749028563499451,2.248304895311594
790.9486607499998,7067,610,351,823.49,4313088,0.3184049129486084,-2.966293519238631,3500,0.0003,0.2,-0.008004761225311085,0.18593036,0.9958613514900208,0.6712972005208333,0.6235352158546448,2.5655643882850807
794.8506024,7068,611,352,846.25,4325376,0.3182980716228485,-2.9435593098402024,3510,0.0003,0.2,0.019591288629938693,0.27361453,0.9973487854003906,0.7671061197916667,0.4076373875141144,0.8542450693746407
810.8108396199999,7068,613,353,869.39,4337664,0.3175552785396576,-2.9223221813639007,3520,0.0003,0.2,-0.009718153770275724,0.14414804,0.9967328310012817,0.6661783854166666,0.6101042032241821,1.7084722867856423
813.16973915,7069,615,354,887.03,4349952,0.31714192032814026,-2.8941963270306585,3530,0.0003,0.2,-0.008005857883836143,0.14203633,0.9918932318687439,0.651513671875,0.7130133509635925,2.3115024540573357
834.09128853,7069,617,355,910.43,4362240,0.3169496953487396,-2.8817998275160788,3540,0.0003,0.2,0.004011220299677613,0.16229014,0.9933164119720459,0.7086018880208333,0.6784066557884216,2.4037928187598783
839.14629321,7070,618,356,905.81,4374528,0.3189399838447571,-2.946185631553332,3550,0.0003,0.2,0.03585063407954294,0.28752545,0.9975702166557312,0.7948974609375,0.3173333704471588,0.7631130836904049
846.2026620799999,7070,620,357,899.6,4386816,0.3189341723918915,-2.9530258511503535,3560,0.0003,0.2,0.005178406775424567,0.19097005,0.9949615597724915,0.7271158854166667,0.2364635169506073,0.9480021003633737
866.0764042899998,7070,622,358,900.96,4399104,0.31787410378456116,-2.9074995279312135,3570,0.0003,0.2,-0.008860180295596366,0.14337878,0.9927922487258911,0.64736328125,1.1359752416610718,2.1864090309788784
841.1037388599999,7071,623,359,881.18,4411392,0.31768664717674255,-2.883645468453566,3580,0.0003,0.2,-0.009733508793093886,0.12192301,0.994144856929779,0.6498453776041667,0.5243901610374451,2.143544672677914
837.20070991,7071,625,360,879.67,4423680,0.3173713982105255,-2.868256158133348,3590,0.0003,0.2,-0.010469692077701135,0.14901389,0.9923988580703735,0.66328125,1.4392712116241455,2.2556517510364453
802.1779713100001,7072,627,361,847.56,4435968,0.3163589835166931,-2.8505069886644683,3600,0.0003,0.2,-0.00866940842436937,0.14693588,0.9932644367218018,0.6570556640625,0.9225698709487915,1.9601268044362465
787.0221551600001,7073,628,362,839.06,4448256,0.3157530725002289,-2.820630429685116,3610,0.0003,0.2,-0.02126339172925024,0.08729285,0.9887105822563171,0.5814615885416666,1.395580768585205,4.323933771004279
760.4072197400002,7073,630,363,821.53,4460544,0.31459781527519226,-2.779753759006659,3620,0.0003,0.2,-0.0019071897157118655,0.1994983,0.9860542416572571,0.675634765625,1.9764043092727661,4.523030936221281
754.1383224900002,7074,632,364,809.12,4472832,0.314494252204895,-2.757039869825045,3630,0.0003,0.2,0.0059601058756622175,0.21124037,0.9906221628189087,0.7232584635416667,0.5030673146247864,2.1997412855426473
770.90267549,7075,633,365,826.56,4485120,0.3146526515483856,-2.7529266238212586,3640,0.0003,0.2,0.00045450597778350733,0.20866437,0.9932679533958435,0.7185302734375,2.1601672172546387,2.8484048382689555
647.78899848,7076,635,366,666.12,4497408,0.31893742084503174,-2.8367765213052434,3650,0.0003,0.2,0.20199770978845966,4.767756,0.9957545399665833,0.9341959635416667,0.4394444227218628,1.1067503461614252
553.57480661,7076,637,367,545.12,4509696,0.31906747817993164,-2.9273895700772603,3660,0.0003,0.2,-0.03034221951869161,0.058260724,0.9776812195777893,0.5136800130208333,4.044538974761963,10.47731262544791
385.6019654599999,7077,638,368,401.35,4521984,0.3187166452407837,-2.9205095281203586,3670,0.0003,0.2,-0.03385503653359289,0.06860902,0.9789793491363525,0.5061279296875,6.336990833282471,10.771557450294495
413.20671219,7078,640,369,408.82,4534272,0.3182303011417389,-2.902046516040961,3680,0.0003,0.2,-0.029827496430759007,0.075420596,0.9868575930595398,0.5518310546875,4.63975191116333,9.421811965604624
456.79893738999994,7078,642,370,447.02,4546560,0.3195648789405823,-2.927931415537993,3690,0.0003,0.2,-0.0034259549536121386,0.18461208,0.9881595373153687,0.69296875,1.1530585289001465,6.9184855659802755
462.22935309,7079,643,371,464.21,4558848,0.32151028513908386,-2.9947918727993965,3700,0.0003,0.2,0.03693194533407222,0.22471704,0.9874449372291565,0.7931070963541667,1.3926273584365845,4.9086260040601095
512.5433033100002,7080,645,372,507.02,4571136,0.3205792009830475,-2.9893888890743257,3710,0.0003,0.2,-0.019358429377704548,0.14157872,0.989642322063446,0.6542073567708333,4.232522010803223,8.312358404695988
566.7694311299999,7080,647,373,559.91,4583424,0.3207707703113556,-2.9780518516898153,3720,0.0003,0.2,0.0020274198361827683,0.2812352,0.9918555021286011,0.75751953125,1.5808334350585938,3.8985127180814745
570.6184249800001,7081,648,374,577.22,4595712,0.3213389813899994,-3.0135374516248703,3730,0.0003,0.2,0.01715650797705166,0.26671627,0.989568293094635,0.7707763671875,1.5227482318878174,3.85789350271225
559.2263283599999,7081,650,375,582.38,4608000,0.3202493190765381,-2.993918145696322,3740,0.0003,0.2,-0.008506230270722882,0.16481768,0.9920323491096497,0.7070475260416667,1.397080659866333,4.621417166789373
601.8144039299998,7081,652,376,627.29,4620288,0.3207647502422333,-3.0047706107298535,3750,0.0003,0.2,0.009854857678874396,0.22956884,0.9931088089942932,0.7528238932291667,0.8950017690658569,2.9334568458298844
605.6489910299999,7082,654,377,632.12,4632576,0.31949421763420105,-2.9605203633507093,3760,0.0003,0.2,-0.014324349996362193,0.1748612,0.9897767901420593,0.6844156901041667,1.9743552207946777,4.471503039697806
598.55471346,7083,655,378,649.12,4644864,0.3216250240802765,-3.007513889670372,3770,0.0003,0.2,0.03207389752982029,0.3151455,0.9946735501289368,0.7928304036458333,0.5404427647590637,2.4290928995857635
586.8010360000001,7083,657,379,636.88,4657152,0.3223839998245239,-3.0354476417104403,3780,0.0003,0.2,-0.007161178138388399,0.16482878,0.9884721636772156,0.694775390625,2.3786022663116455,3.6572967397669953
569.1905296900001,7084,659,380,630.23,4669440,0.3220936059951782,-3.0467434450984,3790,0.0003,0.2,-0.007156034040963277,0.153567,0.9926815629005432,0.6817220052083334,1.1511352062225342,3.058468253041307
617.31219442,7084,660,381,660.22,4681728,0.32186588644981384,-3.0302828778823216,3800,0.0003,0.2,-0.02222477062944866,0.11387426,0.9911103248596191,0.6328206380208333,1.6178274154663086,5.370115667084852
652.9888557099999,7085,662,382,695.76,4694016,0.3214298188686371,-3.0180868630607924,3810,0.0003,0.2,8.813987709193801e-05,0.23931694,0.9951525330543518,0.7351888020833334,1.3539159297943115,3.2118161308268705
661.86002924,7085,664,383,711.39,4706304,0.32205185294151306,-3.032205783824126,3820,0.0003,0.2,0.0037590666698330702,0.30615145,0.9924024343490601,0.7603678385416667,0.7651748657226562,2.2454645042618115
659.32512649,7086,665,384,718.91,4718592,0.3233794569969177,-3.082672331730525,3830,0.0003,0.2,0.011500409164970431,0.26536134,0.9958240985870361,0.7517578125,0.5486900806427002,1.5745964710911116
665.90627294,7086,667,385,724.85,4730880,0.3222828805446625,-3.0536417086919148,3840,0.0003,0.2,-0.004482924251351506,0.17790222,0.9932990074157715,0.683984375,1.0450340509414673,3.4216070239742598
712.5568317299999,7087,669,386,778.62,4743168,0.3211745321750641,-3.014599355558554,3850,0.0003,0.2,-0.016693177171206722,0.15272735,0.994014322757721,0.6603434244791667,0.8390889763832092,3.037277912845214
722.2849514899999,7088,670,387,797.43,4755456,0.3210867941379547,-2.988152284920216,3860,0.0003,0.2,-0.009670136142813136,0.22183305,0.9935342669487,0.6894287109375,0.5811393857002258,2.3411175357798735
738.7706716499998,7088,672,388,809.66,4767744,0.3204347789287567,-2.9802873611450194,3870,0.0003,0.2,0.002969450386202273,0.22085683,0.9901299476623535,0.7202718098958333,0.6910434365272522,2.6015289060771467
743.1274002400002,7089,674,389,806.72,4780032,0.3202732801437378,-2.96082753688097,3880,0.0003,0.2,-0.011639317390897,0.169492,0.9924746751785278,0.6852376302083333,1.5617629289627075,3.0050690474609536
742.1193648200001,7089,675,390,785.21,4792320,0.32078349590301514,-2.965921444197496,3890,0.0003,0.2,0.008400360868351223,0.25503275,0.9957340359687805,0.756494140625,0.4872724115848541,1.8070829740415018
716.6379356500001,7090,677,391,764.87,4804608,0.32022085785865784,-2.9480008165041607,3900,0.0003,0.2,-0.017269881420846407,0.118041195,0.9868698120117188,0.6197102864583334,1.615573763847351,4.279152497897545
701.59678046,7091,679,392,749.36,4816896,0.32004496455192566,-2.939451305071513,3910,0.0003,0.2,-0.023605267996511733,0.11613309,0.9856281876564026,0.6095865885416667,1.5586481094360352,4.318122838437557
675.1813472900001,7091,680,393,719.78,4829184,0.31852778792381287,-2.9086118410031,3920,0.0003,0.2,-0.014834562684215295,0.16542992,0.9910538196563721,0.6723307291666667,1.3234988451004028,3.685092952599128
684.1755157800002,7092,682,394,722.8,4841472,0.3174808919429779,-2.868642267584801,3930,0.0003,0.2,-0.010134593588979139,0.14231329,0.9846282601356506,0.6822102864583334,1.2584149837493896,4.153201785186926
663.74837093,7092,684,395,715.26,4853760,0.3178410828113556,-2.8474617183208464,3940,0.0003,0.2,0.014084416303861265,0.23593579,0.9951238632202148,0.7542399088541667,0.7172423601150513,2.4924663913746676
663.41756066,7093,686,396,727.58,4866048,0.3202822208404541,-2.931053975224495,3950,0.0003,0.2,0.07849840315320762,1.4922098,0.9925026297569275,0.882666015625,0.5910971164703369,1.8141498728344838
713.8972373599998,7093,687,397,768.33,4878336,0.31972840428352356,-2.9452041457096736,3960,0.0003,0.2,-0.014558590458667217,0.1150679,0.9765956997871399,0.6283772786458334,1.3696279525756836,6.541543502360582
703.9267611200002,7094,689,398,770.86,4890624,0.31976959109306335,-2.9404042308529217,3970,0.0003,0.2,-0.0211650243261829,0.1336952,0.9750603437423706,0.6121175130208333,2.602076768875122,6.5636332631111145
744.55917514,7094,691,399,808.98,4902912,0.3201181888580322,-2.964477902650833,3980,0.0003,0.2,0.00659285725269001,0.20442738,0.9893888235092163,0.7400960286458333,0.7104265689849854,4.242451031009356
763.8172574000002,7095,692,400,828.65,4915200,0.3209884464740753,-2.991324994961421,3990,0.0003,0.2,0.00071881885038844,0.20999832,0.9832237958908081,0.7353190104166667,2.074526071548462,4.16623267630736
735.0805946800001,7095,694,401,791.37,4927488,0.32146117091178894,-3.005348890523116,4000,0.0003,0.2,0.017371638496842933,0.24181558,0.9836103320121765,0.7615966796875,1.750739574432373,3.676561951885621
747.6556433799998,7096,696,402,798.05,4939776,0.32049816846847534,-2.9802703276276588,4010,0.0003,0.2,-0.03008682268943327,0.050409228,0.9761788845062256,0.5097249348958334,4.621025085449219,13.173644571503003
742.6073427400001,7096,697,403,793.22,4952064,0.3200531303882599,-2.9487395266691845,4020,0.0003,0.2,-0.00048777390669177596,0.16176943,0.9830864071846008,0.6971354166666667,2.6486189365386963,6.00069974710544
736.7035900699998,7097,699,404,787.29,4964352,0.3187482953071594,-2.923144645988941,4030,0.0003,0.2,-0.007915478008847761,0.17457987,0.9852873086929321,0.7054931640625,2.3057334423065186,5.101709147542715
765.6135896500002,7097,701,405,787.53,4976640,0.32097432017326355,-2.960679504275322,4040,0.0003,0.2,0.07731884381598017,0.5465901,0.9922714829444885,0.8382405598958333,1.3137158155441284,2.773188702513774
768.9632034599999,7098,702,406,788.23,4988928,0.32169583439826965,-3.001189276079337,4050,0.0003,0.2,0.025626808661036192,0.31392685,0.9852738380432129,0.7828776041666666,0.5060794949531555,2.7415589382251104
661.89937526,7098,704,407,698.64,5001216,0.3275134861469269,-3.1279165481527644,4060,0.0003,0.2,0.14584307761203189,1.6321396,0.99346923828125,0.9048014322916667,0.7475265860557556,1.718473823616902
588.8997394600001,7099,706,408,618.02,5013504,0.3270057141780853,-3.2158714458346367,4070,0.0003,0.2,-0.033011686821312954,0.064959556,0.9761773347854614,0.5190348307291667,5.431990623474121,10.744628016153971
578.06523199,7099,707,409,607.91,5025792,0.3254980444908142,-3.1661681522925695,4080,0.0003,0.2,-0.034111452650783275,0.06458195,0.9748361110687256,0.4831136067708333,9.061816215515137,14.136221078038215
497.75696738999994,7099,709,410,528.52,5038080,0.32492324709892273,-3.131345787644386,4090,0.0003,0.2,-0.024616063995442042,0.094510995,0.982017993927002,0.5927652994791667,9.213886260986328,10.89570549974839
489.0877851800001,7100,711,411,516.13,5050368,0.3239162266254425,-3.1017456079522767,4100,0.0003,0.2,-0.03363171431410592,0.087795295,0.9787855744361877,0.565380859375,9.300126075744629,13.242914049824078
554.33427759,7099,713,412,590.13,5062656,0.32312288880348206,-3.0738658542434374,4110,0.0003,0.2,-0.01842137070198078,0.12886618,0.9667966961860657,0.6478434244791667,1.9686915874481201,10.884430706501007
593.172242,7100,714,413,637.95,5074944,0.32824233174324036,-3.170283281803131,4120,0.0003,0.2,0.17428211068424085,3.34437,0.9892687201499939,0.9307942708333333,1.5611507892608643,3.5664862183233104
593.85347726,7100,716,414,655.21,5087232,0.32791760563850403,-3.2623001083731653,4130,0.0003,0.2,-0.021056882223153175,0.111014195,0.9732099771499634,0.6364664713541667,4.592229843139648,10.761716164648533
590.5280505100001,7101,718,415,676.65,5099520,0.32722362875938416,-3.2360667611161866,4140,0.0003,0.2,-0.019591504236450417,0.13589847,0.9763959646224976,0.658056640625,2.882072925567627,8.77000644703706
631.1136116800001,7101,719,416,726.02,5111808,0.33102867007255554,-3.3214343239863715,4150,0.0003,0.2,0.07964277425877905,0.4527341,0.984063446521759,0.8532307942708334,0.9319934844970703,4.348997877786557
656.44382882,7102,721,417,774.85,5124096,0.3328225314617157,-3.439736115435759,4160,0.0003,0.2,0.03477773516400096,0.31030026,0.9890883564949036,0.802392578125,0.9307200908660889,2.7569598250091074
645.52972335,7102,723,418,793.08,5136384,0.33366110920906067,-3.460017505288124,4170,0.0003,0.2,-0.002387094043660909,0.1811047,0.9910592436790466,0.7371500651041667,0.7593178153038025,3.3668255746364593
653.40215683,7102,724,419,807.0,5148672,0.3355737030506134,-3.522105210026105,4180,0.0003,0.2,0.015911425121400195,0.31419364,0.9937635660171509,0.7849853515625,0.6421675086021423,1.559342873841524
682.6903872899999,7102,726,420,843.83,5160960,0.3340735137462616,-3.5164155915379522,4190,0.0003,0.2,-0.013360051142808516,0.1506093,0.9891226291656494,0.6790771484375,0.8023023009300232,2.1625024074067674
712.0822385699998,7103,728,421,887.76,5173248,0.33318665623664856,-3.4839240779479344,4200,0.0003,0.2,-0.01648812596395146,0.17758536,0.9937360882759094,0.6946533203125,0.975152313709259,2.197352576504151
757.0095858999999,7103,729,422,912.87,5185536,0.3322495222091675,-3.446579771240552,4210,0.0003,0.2,-0.019003500752539062,0.16913842,0.9937292337417603,0.6809814453125,0.7205923795700073,2.1735772599776584
762.90836795,7104,731,423,911.57,5197824,0.33337461948394775,-3.469127861162027,4220,0.0003,0.2,-0.004471040721788692,0.22833861,0.9931458234786987,0.7342610677083333,0.5544353127479553,1.5891281797240178
769.2258408199999,7105,733,424,900.69,5210112,0.3321777880191803,-3.4507889986038207,4230,0.0003,0.2,-0.018807151170525078,0.13451934,0.9893016219139099,0.64658203125,0.7521340847015381,2.209420107553403
802.16581756,7105,734,425,900.66,5222400,0.3315042555332184,-3.4111557051539423,4240,0.0003,0.2,-0.023922967243318757,0.117611505,0.9910470247268677,0.61845703125,1.083864450454712,3.3961536273360253
815.6218465800001,7105,736,426,878.73,5234688,0.33144402503967285,-3.4009948685765266,4250,0.0003,0.2,0.00026335581205785277,0.22629607,0.993496835231781,0.7280680338541666,0.48809531331062317,1.8257401558260122
800.4540471200002,7104,738,427,832.46,5246976,0.33039769530296326,-3.373761092623075,4260,0.0003,0.2,-0.018184619761692982,0.095431864,0.9901620149612427,0.5944905598958333,1.3069562911987305,4.329145817458629
784.7504657299999,7105,740,428,794.43,5259264,0.3288820683956146,-3.3293068995078405,4270,0.0003,0.2,-0.02682715591993959,0.08174833,0.9741764664649963,0.5533528645833333,3.5769264698028564,6.203832998871803
783.1606232000001,7106,741,429,778.1,5271552,0.32850125432014465,-3.2902745246887206,4280,0.0003,0.2,-0.022441924436134287,0.09953123,0.9774665832519531,0.5763264973958333,1.728569746017456,8.570533082385857
794.6350738,7106,743,430,771.2,5283840,0.32897770404815674,-3.2977752834558487,4290,0.0003,0.2,0.007430141918788043,0.15943958,0.9845014214515686,0.7127115885416667,2.7390899658203125,6.3205227496723335
756.9681654300001,7106,745,431,753.0,5296128,0.32851484417915344,-3.297233899931113,4300,0.0003,0.2,-0.0027668377452452356,0.2081296,0.9857516288757324,0.7189697265625,2.332535982131958,4.80849437067906
780.30851458,7106,746,432,772.83,5308416,0.3275894224643707,-3.2707794323563575,4310,0.0003,0.2,-0.00922812073355696,0.16844903,0.9853886365890503,0.6616861979166667,1.705965518951416,5.878094192842642
584.2711693699999,7107,748,433,598.99,5320704,0.3342728614807129,-3.3628828093409537,4320,0.0003,0.2,0.22234903501181785,3.7398882,0.9942411780357361,0.9607991536458333,0.46228882670402527,1.1275345205018918
445.55391597,7107,750,434,473.8,5332992,0.3335764408111572,-3.48517996519804,4330,0.0003,0.2,-0.03175985657144338,0.05013119,0.9698028564453125,0.4885498046875,3.614109516143799,14.343082771698635
316.82055658,7107,752,435,349.76,5345280,0.3336236774921417,-3.466737186908722,4340,0.0003,0.2,-0.0198811535447021,0.105450116,0.9775170087814331,0.6126953125,2.550825357437134,8.87781372020642
371.69312906,7107,753,436,397.37,5357568,0.33352604508399963,-3.473010863860448,4350,0.0003,0.2,-0.02683079069441495,0.09439707,0.9802811741828918,0.5787841796875,4.850448131561279,12.09101840655009
406.79950900000006,7107,755,437,433.6,5369856,0.3328157365322113,-3.4555324455102285,4360,0.0003,0.2,-0.02251578125336285,0.11401981,0.9783392548561096,0.6295247395833333,4.341366767883301,10.6477215051651
461.2292624500001,7107,757,438,491.11,5382144,0.3347690999507904,-3.4997545982400577,4370,0.0003,0.2,0.003524281353262874,0.23603494,0.9872750043869019,0.7457763671875,2.1145541667938232,5.606403035918872
518.64595678,7107,759,439,546.21,5394432,0.3348022401332855,-3.517105103035768,4380,0.0003,0.2,-0.00929627677736183,0.19740367,0.9863373041152954,0.6939860026041667,2.1355855464935303,6.627866532901923
562.7026816399999,7107,760,440,596.79,5406720,0.33570167422294617,-3.5409758567810057,4390,0.0003,0.2,0.00681309055556388,0.29648396,0.9825725555419922,0.7612955729166667,1.1396498680114746,3.47238346884648
590.8925420800001,7108,762,441,630.38,5419008,0.336132675409317,-3.5732284873723983,4400,0.0003,0.2,0.010675228776138586,0.2562894,0.98307204246521,0.7609456380208334,0.6850696802139282,2.8956255339086057
653.58387109,7108,764,442,684.79,5431296,0.33523818850517273,-3.544210855662823,4410,0.0003,0.2,-0.010390218146737122,0.15926494,0.9900697469711304,0.6588134765625,1.8376615047454834,4.340144382417202
652.64303082,7108,765,443,679.29,5443584,0.33433637022972107,-3.521594994763533,4420,0.0003,0.2,-0.01895619024677823,0.10915228,0.9758398532867432,0.6192626953125,5.940554141998291,6.938373689850171
688.11107318,7109,767,444,705.23,5455872,0.33359989523887634,-3.50088247358799,4430,0.0003,0.2,-0.005184542014224765,0.18017943,0.9863637089729309,0.7032633463541667,1.1493816375732422,4.269520043830076
692.80208079,7109,769,445,706.65,5468160,0.33412981033325195,-3.5267240459720295,4440,0.0003,0.2,0.026052072055851264,0.29186282,0.9900071620941162,0.7992513020833333,0.7615945935249329,2.020941079283754
727.9011968799999,7110,770,446,727.65,5480448,0.33416426181793213,-3.5128421088059745,4450,0.0003,0.2,0.006135723472592266,0.19767463,0.985793948173523,0.7204427083333333,2.4368374347686768,4.013882515331109
693.7276118699998,7110,772,447,700.77,5492736,0.33378931879997253,-3.5056091462572416,4460,0.0003,0.2,-0.02080286142396896,0.10588351,0.969311535358429,0.6060709635416667,3.043395757675171,8.321404481430848
727.7413781700001,7111,774,448,724.55,5505024,0.3327505588531494,-3.4722439909974736,4470,0.0003,0.2,-0.023483781982213257,0.14272302,0.9786417484283447,0.612548828125,3.947567939758301,8.661344994604587
716.0786755500001,7111,775,449,723.03,5517312,0.331913560628891,-3.446577548980713,4480,0.0003,0.2,-0.020270171263837254,0.16213687,0.9805938601493835,0.6694580078125,2.3319668769836426,8.152961573998134
682.26666655,7112,777,450,694.64,5529600,0.33147454261779785,-3.4174291655421256,4490,0.0003,0.2,-0.009102337810327299,0.19040425,0.9763145446777344,0.6913492838541667,2.080249071121216,6.064234894017378
707.4383114799998,7112,779,451,717.35,5541888,0.33171573281288147,-3.421460860967636,4500,0.0003,0.2,0.01759713914846846,0.27739564,0.9857141375541687,0.7727376302083333,1.319861888885498,3.761832586675882
711.4507855799999,7113,780,452,728.45,5554176,0.3369319438934326,-3.5097610652446747,4510,0.0003,0.2,0.1380841065993688,1.3906279,0.9790323972702026,0.9173502604166667,1.5407272577285767,2.5614475938181083
752.02313339,7113,782,453,762.11,5566464,0.33620116114616394,-3.590861274798711,4520,0.0003,0.2,-0.01789333517663181,0.14028662,0.9625308513641357,0.6510579427083333,8.539043426513672,8.844700016081333
766.3965139399999,7113,784,454,781.96,5578752,0.3366558253765106,-3.597850731511911,4530,0.0003,0.2,-0.003097454610785159,0.20244665,0.9774051308631897,0.7260009765625,1.2766191959381104,3.343082396686077
774.6941146400001,7114,785,455,792.56,5591040,0.33618149161338806,-3.5914837256073953,4540,0.0003,0.2,-0.015008643476176076,0.12578426,0.9711427092552185,0.6492268880208333,2.0532643795013428,5.42763169631362
796.0728376700001,7114,787,456,806.54,5603328,0.33651113510131836,-3.5838722238938012,4550,0.0003,0.2,-0.0056382234004559,0.20388079,0.9867423176765442,0.704931640625,0.8302884697914124,3.6392868146300317
783.44928476,7114,789,457,802.05,5615616,0.3393752872943878,-3.660803539057573,4560,0.0003,0.2,0.08667029559340639,1.1637918,0.9864270091056824,0.8720784505208333,0.7297621965408325,1.9497069449474413
802.27277979,7113,791,458,823.92,5627904,0.33839020133018494,-3.681525331735611,4570,0.0003,0.2,0.0001041912017778183,0.2019944,0.9800521731376648,0.7211344401041667,1.1770495176315308,3.393267740805944
819.6729071699999,7112,792,459,833.27,5640192,0.33937302231788635,-3.6887569929162662,4580,0.0003,0.2,0.0156179339857772,0.29873812,0.986579954624176,0.7826009114583333,0.6654092073440552,1.8509213402867317
834.96724259,7113,794,460,852.82,5652480,0.33902546763420105,-3.6829697246352833,4590,0.0003,0.2,0.007618786659440957,0.27919888,0.9909610748291016,0.7831380208333333,0.5678808093070984,1.232642995690306
851.0354522,7113,796,461,872.04,5664768,0.3386557400226593,-3.664302102724711,4600,0.0003,0.2,-0.016277080577856394,0.1937602,0.988516092300415,0.676171875,0.37981370091438293,1.2823981585601965
892.86325853,7113,798,462,908.01,5677056,0.33785346150398254,-3.6394553199410438,4610,0.0003,0.2,-0.013957005774621696,0.15158878,0.9849771857261658,0.6738362630208333,0.6221133470535278,2.011163072039684
896.43383656,7113,799,463,923.55,5689344,0.3368343412876129,-3.6081795021891594,4620,0.0003,0.2,-0.018304472703797123,0.13930362,0.9891794919967651,0.6521891276041667,0.6005314588546753,1.6572643514722585
908.8868540299998,7114,801,464,936.85,5701632,0.33607593178749084,-3.5719538057843843,4630,0.0003,0.2,-0.013258305927593028,0.118075944,0.9862692952156067,0.64072265625,0.5716530084609985,2.07609781374534
914.2410568100001,7114,803,465,936.25,5713920,0.3359878957271576,-3.5554562121629716,4640,0.0003,0.2,-0.010845905736399193,0.1290816,0.9729617834091187,0.6332845052083333,1.3684632778167725,2.792132196078698
927.07187934,7115,804,466,934.79,5726208,0.3358951508998871,-3.551468535264333,4650,0.0003,0.2,-0.003518298163544387,0.21377236,0.9907176494598389,0.6893147786458333,0.6462734341621399,1.7539515553663174
918.16560843,7115,806,467,926.03,5738496,0.33569756150245667,-3.566520007451375,4660,0.0003,0.2,0.008143583056516945,0.23718381,0.9909222722053528,0.7593098958333333,0.5890116691589355,1.2676531323542197
907.7655096200001,7115,808,468,918.59,5750784,0.33530378341674805,-3.5364045624931655,4670,0.0003,0.2,-0.004660168351256289,0.17559429,0.9915740489959717,0.687451171875,0.6566306948661804,2.354720450689395
905.77477209,7116,809,469,917.43,5763072,0.33373507857322693,-3.4841672932108243,4680,0.0003,0.2,-0.008221071170798193,0.15398584,0.9900133609771729,0.679736328125,0.4587143659591675,2.60202018370231
910.91857148,7116,811,470,914.53,5775360,0.33424505591392517,-3.489196614921093,4690,0.0003,0.2,0.019300557185488287,0.22703712,0.9876946210861206,0.7596272786458333,0.35870814323425293,1.0015346379329761
910.76590415,7116,813,471,914.29,5787648,0.3336336314678192,-3.471069212257862,4700,0.0003,0.2,-0.0054488853910394635,0.16099206,0.9821386933326721,0.6564371744791667,1.217362880706787,2.144499858468771
887.6893896199998,7116,814,472,894.56,5799936,0.3323710262775421,-3.432049016157786,4710,0.0003,0.2,-0.011454942629886016,0.117482804,0.9795073866844177,0.6237548828125,1.083875298500061,2.3172905744363863
861.6291720699999,7117,816,473,879.73,5812224,0.33111897110939026,-3.387299295763175,4720,0.0003,0.2,-0.017565910839281666,0.09485974,0.9762665629386902,0.601953125,0.7150804996490479,5.071267685790857
875.96595293,7117,818,474,882.44,5824512,0.331196665763855,-3.3665860051910084,4730,0.0003,0.2,-0.009096053754910826,0.16240086,0.9852134585380554,0.6737060546875,0.7958025336265564,3.2730195969343185
887.2625831800001,7117,820,475,882.05,5836800,0.33090245723724365,-3.3625910436113675,4740,0.0003,0.2,0.00789834218157921,0.19084163,0.9915958046913147,0.7233479817708334,0.9338653087615967,2.4184654081861177
865.4249271800003,7118,821,476,869.59,5849088,0.33269938826560974,-3.3953021302819253,4750,0.0003,0.2,0.029782360014117635,0.2627606,0.9900323152542114,0.78046875,0.8165159821510315,1.7798626895993948
877.81467304,7117,823,477,880.93,5861376,0.3336819112300873,-3.455300995707512,4760,0.0003,0.2,0.014788843595791452,0.18696058,0.9877961277961731,0.7226888020833333,0.7853531837463379,2.240302687510848
903.76364146,7117,825,478,898.94,5873664,0.33939501643180847,-3.6190972978870075,4770,0.0003,0.2,0.106134558164437,0.4655149,0.980155348777771,0.8746907552083333,0.5426710844039917,1.2185768434156974
874.7219936500002,7118,826,479,887.7,5885952,0.3406926095485687,-3.69829175422589,4780,0.0003,0.2,0.0009965224123637503,0.19192858,0.9927299618721008,0.711865234375,0.410003125667572,1.0584212937702735
892.8477743,7118,828,480,895.11,5898240,0.34023165702819824,-3.706690992414951,4790,0.0003,0.2,-0.01977134217255904,0.04687434,0.973802387714386,0.4426676432291667,1.6336966753005981,4.68462997029225
878.5832691499999,7119,830,481,884.68,5910528,0.34031161665916443,-3.6902877459923427,4800,0.0003,0.2,0.012234550852735993,0.23249006,0.9833598732948303,0.7071533203125,0.3947029709815979,2.1924385497967402
871.0206354899998,7119,831,482,873.13,5922816,0.3398841321468353,-3.686144917209943,4810,0.0003,0.2,-0.016104906731440376,0.055826247,0.982977032661438,0.5304361979166666,1.850646734237671,5.866082152972619
881.6628118200001,7119,833,483,865.39,5935104,0.3404107093811035,-3.7134812816977503,4820,0.0003,0.2,0.02599793252932917,0.21418405,0.97427898645401,0.7739420572916667,0.2641605734825134,1.195744988322258
875.9379673500002,7120,835,484,857.95,5947392,0.3404371738433838,-3.6855321004986763,4830,0.0003,0.2,-0.02450954758290512,0.06483358,0.9808630347251892,0.49759114583333336,1.552521824836731,6.261950973172983
878.21944404,7120,836,485,850.93,5959680,0.34151339530944824,-3.7263903026779492,4840,0.0003,0.2,0.034401382055754465,0.37501633,0.9923400282859802,0.7964762369791667,0.25167781114578247,1.0481858059763909
919.72585104,7121,838,486,880.94,5971968,0.3397805392742157,-3.7057108546296758,4850,0.0003,0.2,-0.0010878418591649581,0.1625727,0.9878497123718262,0.6504638671875,0.4544936716556549,2.8143098716934523
899.5526032599998,7121,840,487,879.52,5984256,0.3393949270248413,-3.664898513754209,4860,0.0003,0.2,0.005939293502403113,0.1810766,0.9863519668579102,0.7128173828125,0.6204900741577148,2.5355316729595265
900.5686735099999,7121,841,488,885.41,5996544,0.33911165595054626,-3.653750079870224,4870,0.0003,0.2,-0.006038257009155738,0.12629344,0.9781630039215088,0.6418701171875,2.0503172874450684,3.535611141845584
901.1860860200001,7122,843,489,889.97,6008832,0.34492191672325134,-3.8122562766075134,4880,0.0003,0.2,0.08144928884964125,0.4714551,0.9929276704788208,0.8622314453125,0.36518070101737976,0.9278873515625795
930.18838867,7122,845,490,913.35,6021120,0.343735933303833,-3.840057209134102,4890,0.0003,0.2,-0.011078566346744386,0.12546699,0.9782959818840027,0.6440348307291667,0.3405255675315857,1.4410563882440328
937.51237231,7122,847,491,921.56,6033408,0.3441922664642334,-3.818778387705485,4900,0.0003,0.2,0.009279209211429891,0.24689205,0.9940180778503418,0.7550130208333333,0.21754589676856995,0.7119710583860676
944.9872375799999,7123,848,492,925.29,6045696,0.3438679277896881,-3.813663465778033,4910,0.0003,0.2,-0.01408349809256227,0.23790555,0.9872419834136963,0.718408203125,0.3362993896007538,0.7956726308291157
930.9409835999998,7123,850,493,910.63,6057984,0.34351518750190735,-3.7876344963908197,4920,0.0003,0.2,-0.0030964858504982356,0.1831897,0.9732239842414856,0.7068603515625,0.3781024217605591,0.8445729065686465
931.14283002,7123,852,494,897.49,6070272,0.3423117399215698,-3.753386760254701,4930,0.0003,0.2,-0.020445036544212297,0.11073635,0.985876202583313,0.5552978515625,1.064467430114746,2.6885876702765623
953.0790827099997,7124,853,495,906.75,6082560,0.34170591831207275,-3.7154335657755535,4940,0.0003,0.2,-0.0056594690123650555,0.15988491,0.9904850125312805,0.6572265625,0.6168519854545593,1.6774770082285007
947.3771690300001,7124,855,496,909.19,6094848,0.3421361446380615,-3.7181459188461305,4950,0.0003,0.2,0.002149612556483286,0.20410894,0.9913865923881531,0.7130452473958333,0.39988216757774353,1.165969660381476
951.0398998300001,7124,857,497,913.01,6107136,0.34131523966789246,-3.7015790457526845,4960,0.0003,0.2,-0.009872281898666794,0.12596454,0.9824538230895996,0.6223470052083333,0.47658196091651917,1.788997379442056
950.16032927,7125,858,498,918.55,6119424,0.3410421907901764,-3.692631320655346,4970,0.0003,0.2,0.018162598852844287,0.27593017,0.9936733245849609,0.7756429036458333,0.23439060151576996,0.6347541457042098
949.2362065800002,7125,860,499,915.49,6131712,0.34054145216941833,-3.666466175019741,4980,0.0003,0.2,-0.00279328289955932,0.15357687,0.9911143779754639,0.6661702473958333,0.393319696187973,0.9720627386743824
959.72522987,7125,862,500,925.11,6144000,0.3390975892543793,-3.6288616726795833,4990,0.0003,0.2,-0.0005909889621155647,0.17948037,0.9914835691452026,0.6819661458333334,0.2676766514778137,0.8729131313040852
965.4095707800001,7126,863,501,929.55,6156288,0.3379356861114502,-3.577580670515696,5000,0.0003,0.2,-0.015567209266979869,0.16660146,0.9920231699943542,0.6478108723958333,0.5986120700836182,1.0888399381190539
956.0935562899998,7126,865,502,922.38,6168576,0.3370926082134247,-3.54107780456543,5010,0.0003,0.2,-0.004834343526939241,0.14755873,0.9895116686820984,0.6408854166666667,0.6248778104782104,1.367349009650449
972.3652009499998,7126,867,503,935.34,6180864,0.33667322993278503,-3.5179437855879465,5020,0.0003,0.2,-0.01840593803790398,0.07502687,0.9827955365180969,0.5504231770833333,0.9281134605407715,2.7345309369266033
960.4763825699999,7126,869,504,923.47,6193152,0.33710289001464844,-3.5226120163997012,5030,0.0003,0.2,0.02155489118498129,0.24635215,0.9954366087913513,0.7603352864583334,0.3188031315803528,0.7654175615559021
958.5852048899999,7126,870,505,926.59,6205440,0.33551132678985596,-3.4819135695695875,5040,0.0003,0.2,0.00021417220317137737,0.15418161,0.9909968972206116,0.6790852864583333,0.2915445566177368,1.4874804644534985
943.26296373,7126,872,506,916.99,6217728,0.3360652029514313,-3.4871864234407743,5050,0.0003,0.2,0.01986413571066805,1.080734,0.9892868995666504,0.7996744791666667,0.4530121088027954,0.8576262455433608
928.1685405699999,7126,874,507,909.44,6230016,0.33489739894866943,-3.4530935962994893,5060,0.0003,0.2,-0.008772094637485376,0.14467129,0.9588589668273926,0.6369059244791667,0.914965033531189,2.9314490924278895
887.5125252100001,7126,875,508,886.81,6242304,0.3342931568622589,-3.425042125582695,5070,0.0003,0.2,0.0022293179460878792,0.19068088,0.9828572869300842,0.7028645833333333,0.5500638484954834,1.807370430106918
897.9189868300001,7127,877,509,892.69,6254592,0.3327837288379669,-3.3884692162275316,5080,0.0003,0.2,-0.016015356244558156,0.07997102,0.9603331089019775,0.5632405598958333,0.6890212297439575,4.407699528088172
909.8490772699998,7127,879,510,901.17,6266880,0.3322528004646301,-3.3331923161943755,5090,0.0003,0.2,-0.006865160081846019,0.20463006,0.9800991415977478,0.7086100260416667,0.8716359734535217,2.362832641725739
930.7157566499998,7127,880,511,910.14,6279168,0.331017404794693,-3.3124753097693125,5100,0.0003,0.2,-0.013899602117210938,0.098459214,0.9817400574684143,0.5924967447916667,1.6509348154067993,3.937606915831566
934.2755568499998,7128,882,512,903.39,6291456,0.3308597505092621,-3.2939962138732275,5110,0.0003,0.2,0.046631841536145656,0.5182493,0.9883962869644165,0.8000081380208334,0.4579949676990509,1.6641063068062067
952.6677063699999,7128,884,513,904.95,6303744,0.3300473690032959,-3.2973645120859145,5120,0.0003,0.2,0.011205307123600506,0.26474735,0.9793739914894104,0.7590983072916667,0.39593997597694397,2.2019582003355027
962.66074471,7129,885,514,909.28,6316032,0.3320927619934082,-3.3105592747529347,5130,0.0003,0.2,0.0386243130225921,0.252606,0.9934567809104919,0.7746012369791667,0.6052191257476807,1.2720476057380439
967.5000451800003,7128,887,515,910.4,6328320,0.33456921577453613,-3.383623872200648,5140,0.0003,0.2,0.04720522304996848,0.37520027,0.9868265986442566,0.8045491536458333,0.4779614806175232,1.2850612002735338
971.82023276,7129,889,516,910.09,6340608,0.33421871066093445,-3.4052511865894,5150,0.0003,0.2,-0.005137190261545281,0.11540747,0.9755489230155945,0.637939453125,1.1550571918487549,2.643482955296834
973.5240985199999,7129,891,517,909.49,6352896,0.333469420671463,-3.3946388438344,5160,0.0003,0.2,-0.0020694113433516272,0.174887,0.9718185663223267,0.6519124348958333,2.1250672340393066,3.793638874590397
961.6931906900002,7130,892,518,899.68,6365184,0.33351799845695496,-3.3870533337195714,5170,0.0003,0.2,-0.0060088608879595995,0.17277575,0.9725661277770996,0.6783447265625,0.5908648371696472,3.22764973603189
957.21890054,7130,894,519,898.89,6377472,0.3337653875350952,-3.3891418586174646,5180,0.0003,0.2,0.032429468956252094,0.28608438,0.9811773300170898,0.77333984375,1.2827248573303223,2.6312625713646414
928.0735999099999,7130,896,520,880.26,6389760,0.3328016400337219,-3.3645578250288963,5190,0.0003,0.2,-0.007298700963049972,0.13828546,0.9875891804695129,0.6529378255208333,0.7242081761360168,3.266358229269584
912.3341084799999,7130,897,521,871.57,6402048,0.33391591906547546,-3.388067324459553,5200,0.0003,0.2,0.04799912816088181,1.2056837,0.9913235306739807,0.8050944010416666,0.34327247738838196,1.1442052307228248
919.9051277200001,7130,899,522,887.89,6414336,0.3334205448627472,-3.3918581013878186,5210,0.0003,0.2,-0.0017129588212507465,0.16310737,0.9671047329902649,0.6814127604166667,0.3854745924472809,2.718057208135724
855.39251161,7131,901,523,834.27,6426624,0.3366290032863617,-3.437845546007156,5220,0.0003,0.2,0.20596078653179575,2.0890493,0.9910357594490051,0.936279296875,0.45247840881347656,0.8418492948015531
835.1289333099999,7131,902,524,811.8,6438912,0.3356654644012451,-3.4960026944677036,5230,0.0003,0.2,-0.023665510171364684,0.047651585,0.9601393938064575,0.46421712239583335,3.5362112522125244,8.665407505134741
821.49732395,7132,904,525,794.29,6451200,0.3350594937801361,-3.4697282974918684,5240,0.0003,0.2,-0.01597161583486013,0.17544329,0.9822983741760254,0.6414306640625,0.9896255731582642,2.602392228320241
811.9525597100001,7132,906,526,780.98,6463488,0.3348189890384674,-3.4402913490931195,5250,0.0003,0.2,-0.005135959329588029,0.25365606,0.9818402528762817,0.6856852213541667,1.0318870544433594,2.988246719787518
796.1772858199998,7132,907,527,752.07,6475776,0.3342755138874054,-3.431300395230452,5260,0.0003,0.2,-0.012805747549282386,0.13474496,0.9761605262756348,0.6287027994791666,1.8550305366516113,5.148181800047556
795.3273634100001,7133,909,528,735.45,6488064,0.3346153497695923,-3.432150431970755,5270,0.0003,0.2,0.0036859792099373104,0.17955005,0.9798911809921265,0.719384765625,0.9214325547218323,5.292914341762662
848.6266200599999,7133,911,529,776.76,6500352,0.336296945810318,-3.4650097846984864,5280,0.0003,0.2,0.045538370212792265,0.43984666,0.9784587621688843,0.8203287760416667,0.583209753036499,2.7466330610215666
903.55296194,7134,912,530,822.39,6512640,0.33589470386505127,-3.501566277941068,5290,0.0003,0.2,0.010729091857016707,0.32501522,0.9772137403488159,0.7593180338541666,0.7025498151779175,1.9735914323478938
884.7129613000001,7134,914,531,819.22,6524928,0.3370620012283325,-3.53190209766229,5300,0.0003,0.2,0.01838606036908459,0.2648053,0.9830895662307739,0.7758544921875,0.496279239654541,1.5898478259642919
924.8881229000002,7134,916,532,854.24,6537216,0.3365139663219452,-3.5318160101771356,5310,0.0003,0.2,-0.02161961912061088,0.07444358,0.9706836342811584,0.5313395182291667,2.547811985015869,5.887227822095156
932.04293239,7134,918,533,866.41,6549504,0.34293416142463684,-3.6697790414094924,5320,0.0003,0.2,0.17620191006571986,1.2533547,0.9891512989997864,0.9183919270833333,0.4081919193267822,0.8086898626759649
934.34287913,7134,919,534,877.49,6561792,0.34182581305503845,-3.7639514500896136,5330,0.0003,0.2,-0.018429889115698945,0.071994506,0.9690874814987183,0.5327555338541666,0.7384962439537048,4.772572932144006
878.3605036699998,7135,921,535,836.61,6574080,0.3411364257335663,-3.728546134630839,5340,0.0003,0.2,-0.007401614178767583,0.15435193,0.9791282415390015,0.6621012369791667,1.6954842805862427,2.6308287074168524
861.12453495,7135,923,536,819.84,6586368,0.34073933959007263,-3.7087516874074935,5350,0.0003,0.2,-0.027823342698684427,0.048352133,0.9763441681861877,0.46726888020833335,3.105027675628662,9.267316964268684
844.3376316800001,7135,924,537,799.61,6598656,0.33917805552482605,-3.6730944509307544,5360,0.0003,0.2,-0.029502225668693427,0.07634163,0.9753352999687195,0.5179850260416666,4.387057304382324,9.621825781961283
882.74443431,7136,926,538,831.2,6610944,0.3394387662410736,-3.647950619459152,5370,0.0003,0.2,-0.005863845361454878,0.18021233,0.9781931638717651,0.6868245442708333,1.0645357370376587,4.526713168124358
871.3310678400001,7136,928,539,827.43,6623232,0.3389311730861664,-3.6396133412917453,5380,0.0003,0.2,0.014479446967015974,0.2938182,0.9866493344306946,0.75654296875,0.8902599215507507,2.4702446984748048
873.21570117,7136,929,540,837.37,6635520,0.3446035385131836,-3.7769617398579913,5390,0.0003,0.2,0.10944624958113612,1.4449382,0.9829175472259521,0.9086832682291667,0.45023491978645325,1.00439928509295
864.8056224100002,7137,931,541,835.92,6647808,0.34359288215637207,-3.8127772281567256,5400,0.0003,0.2,-0.02604148154205177,0.06988342,0.9799748063087463,0.5146077473958334,1.7415709495544434,4.458952706555525
879.1275067199999,7137,933,542,847.79,6660096,0.34289875626564026,-3.7808173537254333,5410,0.0003,0.2,-0.016806497078505345,0.092829406,0.9793045520782471,0.5991943359375,1.4823737144470215,3.9769528314471243
864.4287350100001,7137,934,543,848.71,6672384,0.3408571183681488,-3.7379662374655407,5420,0.0003,0.2,-0.018875283685338216,0.093548596,0.9641546010971069,0.6043131510416667,1.2452740669250488,5.559668561071158
854.2139660600001,7137,936,544,847.94,6684672,0.33957910537719727,-3.677793290714423,5430,0.0003,0.2,-0.025721172392513834,0.08044795,0.9545264840126038,0.5394449869791667,3.3077592849731445,8.476576414952676
852.3178699900001,7136,938,545,847.9,6696960,0.34263667464256287,-3.7327347959081334,5440,0.0003,0.2,0.03266543831656842,0.37120643,0.9786269664764404,0.8061116536458334,0.4122573435306549,2.1841110927363236
854.1683489899999,7136,940,546,844.52,6709248,0.34219810366630554,-3.757380384703477,5450,0.0003,0.2,-0.009059429738166121,0.1366036,0.9737704396247864,0.6705240885416667,2.8790228366851807,5.343024712304274
871.3551236699999,7136,941,547,850.28,6721536,0.34207332134246826,-3.7540921146670976,5460,0.0003,0.2,0.00919207135787777,0.19410801,0.983134388923645,0.7262613932291667,1.037187099456787,3.707606792698304
862.0589737199999,7136,943,548,835.92,6733824,0.34298834204673767,-3.771034962932269,5470,0.0003,0.2,0.02275679205049528,0.24574189,0.9891344904899597,0.7668375651041667,1.0315793752670288,2.158854509641727
900.29612678,7137,945,549,868.58,6746112,0.34199976921081543,-3.762370276947816,5480,0.0003,0.2,-0.012216766394946415,0.11784028,0.9871653318405151,0.6551839192708333,1.6317648887634277,3.7486086373527843
914.8567010400001,7137,946,550,877.53,6758400,0.34247592091560364,-3.751530726750692,5490,0.0003,0.2,0.04262672398375192,0.32612887,0.9732420444488525,0.7952473958333334,0.7283961176872253,1.9806130450218915
941.5220319,7138,948,551,904.33,6770688,0.3423783481121063,-3.7463282153010367,5500,0.0003,0.2,0.025774334611196537,0.2641766,0.9799284934997559,0.768408203125,0.5655893683433533,2.473378941292564
957.6491054700001,7138,950,552,915.8,6782976,0.34313201904296875,-3.76276814887921,5510,0.0003,0.2,0.022889356937957926,0.34062806,0.9826419353485107,0.7816569010416666,0.3889163136482239,1.0810506753623486
939.0853462500002,7138,951,553,904.73,6795264,0.343120813369751,-3.769324162105719,5520,0.0003,0.2,0.0064020580631525565,0.24429102,0.9931190609931946,0.7450439453125,0.3322993516921997,1.076818565155069
930.95325105,7139,953,554,900.67,6807552,0.34225916862487793,-3.7315235873063406,5530,0.0003,0.2,-0.014615306376557176,0.07090366,0.9850389361381531,0.56240234375,1.9859429597854614,4.984734514852365
954.9918906999999,7139,955,555,927.08,6819840,0.3421574831008911,-3.7106685360272724,5540,0.0003,0.2,-0.003746026212077898,0.16752924,0.9827515482902527,0.6868977864583333,0.5070855617523193,2.2268607119719186
932.1845946899999,7140,956,556,918.05,6832128,0.34163132309913635,-3.700684994459152,5550,0.0003,0.2,0.0028777852562294963,0.16343124,0.9722223281860352,0.69013671875,0.725534200668335,2.362445505211751
920.90581854,7140,958,557,900.31,6844416,0.34100398421287537,-3.670866860449314,5560,0.0003,0.2,0.0028647337797641135,0.1383127,0.9753298759460449,0.694482421875,1.1497613191604614,3.6884639295438926
911.9754030800001,7138,960,558,888.61,6856704,0.34089601039886475,-3.657833341260751,5570,0.0003,0.2,-0.009743295527490167,0.15633225,0.97860187292099,0.6545979817708333,1.5570313930511475,3.030571149413784
922.69194668,7138,962,559,884.15,6868992,0.34049761295318604,-3.6430683081348736,5580,0.0003,0.2,0.0034908424141273523,0.21122801,0.9725329875946045,0.7345052083333333,0.8219546675682068,2.5655573522051176
942.6338791599998,7138,964,560,902.33,6881280,0.3420279324054718,-3.6805894181132315,5590,0.0003,0.2,0.0071992806479102,0.291388,0.9886510372161865,0.7674397786458333,0.43876656889915466,1.4189824379980565
970.2176477899998,7138,965,561,918.75,6893568,0.3426354229450226,-3.688216595351696,5600,0.0003,0.2,0.011671105382265522,0.27266553,0.9878019690513611,0.7579996744791667,0.2690340578556061,1.0798122693474095
934.7663302799999,7138,967,562,876.56,6905856,0.3411565124988556,-3.685692575077216,5610,0.0003,0.2,0.03744724273565225,0.35690796,0.9933461546897888,0.8069905598958333,0.18855834007263184,0.5448067756990592
930.8747838199998,7139,969,563,859.24,6918144,0.34032443165779114,-3.643605729440848,5620,0.0003,0.2,-0.01853356880795521,0.075056314,0.9665138125419617,0.5303304036458333,1.3962374925613403,3.3303193812568983
961.36191893,7139,970,564,887.3,6930432,0.33902809023857117,-3.5936018407344816,5630,0.0003,0.2,-0.021677473252445147,0.0820095,0.9880526661872864,0.5498372395833333,1.3450409173965454,2.5705851667871076
985.68974415,7139,972,565,899.32,6942720,0.3383474349975586,-3.5614983424544335,5640,0.0003,0.2,0.002991441668321689,0.23394024,0.9861127138137817,0.7016276041666667,0.423069566488266,1.6538041399170955
991.5269622300001,7140,974,566,907.69,6955008,0.3383592665195465,-3.551371284822623,5650,0.0003,0.2,0.01286990418836164,0.21010321,0.9907689094543457,0.7139078776041666,0.2346874475479126,1.2513728965694706
975.7453106500002,7140,975,567,889.8,6967296,0.3382609784603119,-3.571799584229787,5660,0.0003,0.2,0.022160758100411234,0.308061,0.9947434067726135,0.794970703125,0.15827088057994843,0.5575002353017529
978.7312279199999,7140,977,568,889.8,6979584,0.3374284505844116,-3.529911391933759,5670,0.0003,0.2,-0.005072344033881866,0.1701361,0.9722647070884705,0.6620849609375,0.6974772214889526,1.824000646919012
994.04882851,7141,979,569,907.42,6991872,0.3376940190792084,-3.529665953417619,5680,0.0003,0.2,0.017752914884476924,0.29000914,0.9941039681434631,0.7659016927083333,0.1727628856897354,0.5558437235032518
1022.8882208599998,7141,980,570,934.83,7004160,0.33724379539489746,-3.5053892413775127,5690,0.0003,0.2,-0.006706233252771199,0.20573084,0.9929047226905823,0.722265625,0.300473690032959,0.6399086334432165
1005.0569257899999,7141,982,571,925.96,7016448,0.336235910654068,-3.482358091076215,5700,0.0003,0.2,-0.012597593614191282,0.13970357,0.9821059703826904,0.658642578125,0.2547956705093384,0.7547617734099428
945.6118075099998,7141,984,572,884.26,7028736,0.33534422516822815,-3.448324886461099,5710,0.0003,0.2,-0.019880930603297504,0.059587937,0.9756494760513306,0.5085205078125,1.8671367168426514,2.450072843581438
956.2195106800002,7141,985,573,884.26,7041024,0.33411553502082825,-3.4090404103199643,5720,0.0003,0.2,-0.023741196058108472,0.07161919,0.9719200730323792,0.49729817708333335,0.7961336374282837,4.427083494886756
934.0937638800002,7142,987,574,870.15,7053312,0.33365777134895325,-3.3789968699216844,5730,0.0003,0.2,0.009182603142107837,0.2684753,0.9888988733291626,0.7575927734375,0.303958535194397,0.782921246625483
918.1213506099998,7142,989,575,858.38,7065600,0.33285585045814514,-3.3572321221232415,5740,0.0003,0.2,-0.008989382390185104,0.13737108,0.9782165884971619,0.6506184895833333,0.3285831809043884,1.6966788878664374
918.0048394300002,7142,990,576,853.84,7077888,0.3319365680217743,-3.3220189010103542,5750,0.0003,0.2,-0.005676855553368417,0.18744104,0.9859040975570679,0.6796875,0.911240816116333,2.01777330947419
919.4222667100001,7142,992,577,860.81,7090176,0.3307510018348694,-3.2775920142730075,5760,0.0003,0.2,-0.0060411829137592575,0.15168351,0.9820458292961121,0.6464111328125,0.43132829666137695,1.7070057824254037
949.75710271,7143,994,578,878.25,7102464,0.33180364966392517,-3.2673865536848705,5770,0.0003,0.2,0.02798933788338521,0.335523,0.9858726263046265,0.7792805989583333,0.2444802075624466,0.8795858914032578
982.65813996,7143,996,579,903.25,7114752,0.33239540457725525,-3.2801461910208065,5780,0.0003,0.2,0.016837632262953168,0.26456147,0.9790406227111816,0.7554280598958333,0.2183760553598404,1.5108663287634652
1005.4969085900001,7143,997,580,933.38,7127040,0.33105799555778503,-3.273047235608101,5790,0.0003,0.2,-0.00410595020269587,0.1595286,0.982927143573761,0.7056070963541666,0.38601380586624146,1.3239057715982199
990.7402826099999,7144,999,581,928.17,7139328,0.3323560357093811,-3.2878332431117694,5800,0.0003,0.2,0.017101824465498794,0.30177274,0.9918822646141052,0.7801350911458333,0.4047957956790924,0.8116790661588311
1001.2320176100001,7144,1001,582,944.53,7151616,0.3317333459854126,-3.2814183587829273,5810,0.0003,0.2,-0.008403483203922708,0.082140654,0.9752300977706909,0.5777913411458333,1.0081335306167603,2.92632807691892
955.1505911399997,7144,1002,583,907.43,7163904,0.33079037070274353,-3.2490322907765705,5820,0.0003,0.2,-0.01521881658215231,0.10076851,0.980556309223175,0.5841878255208334,1.0633878707885742,3.010381992533803
943.20490316,7145,1004,584,896.71,7176192,0.3302735984325409,-3.224743348360062,5830,0.0003,0.2,-0.010973040091145473,0.08724547,0.9864327311515808,0.5932291666666667,0.9332640171051025,3.412470073749622
936.9789559100001,7145,1006,585,883.47,7188480,0.32947346568107605,-3.2019348601500193,5840,0.0003,0.2,0.016187081807098973,0.26511732,0.981047511100769,0.7437744140625,0.38105466961860657,1.9069619300464788
929.14803057,7145,1007,586,878.94,7200768,0.32876646518707275,-3.1718471735715865,5850,0.0003,0.2,0.0054773501125358354,0.17259459,0.9861798882484436,0.7010823567708333,0.6264067888259888,2.400035412485401
920.3150548399999,7145,1009,587,858.65,7213056,0.3287433981895447,-3.168187279005845,5860,0.0003,0.2,0.013271103743075703,0.28278446,0.9862225651741028,0.7630615234375,0.9838976263999939,2.051080453147491
926.2874973000002,7146,1011,588,858.72,7225344,0.3301198482513428,-3.1997707530856134,5870,0.0003,0.2,0.019113805862919737,0.2700658,0.9880533218383789,0.7623697916666666,0.6129178404808044,1.826046551267306
937.9197302700002,7146,1012,589,858.43,7237632,0.3316689431667328,-3.2511154701312384,5880,0.0003,0.2,0.022903140283112102,0.24456637,0.9829098582267761,0.7699381510416666,0.7688466906547546,2.2187775214513143
980.3228696999998,7146,1014,590,892.76,7249920,0.33212605118751526,-3.2726821184158323,5890,0.0003,0.2,-0.01018988897606808,0.18005602,0.9857921004295349,0.653857421875,0.587884783744812,2.2985741931945087
962.3437279800002,7147,1016,591,885.42,7262208,0.3326728343963623,-3.291186041633288,5900,0.0003,0.2,0.03134658891406919,0.30623505,0.9919578433036804,0.7853759765625,0.43124401569366455,1.8318445761998494
977.88268615,7147,1017,592,900.34,7274496,0.3320218026638031,-3.276866110165914,5910,0.0003,0.2,-0.016653813910670577,0.089149706,0.9850142002105713,0.5534912109375,1.4427015781402588,4.170646993070841
891.5712210600001,7147,1019,593,841.84,7286784,0.33635076880455017,-3.3777025173107784,5920,0.0003,0.2,0.2004143708831786,2.2675421,0.9889678359031677,0.9372884114583333,0.4413948655128479,0.6048701252167423
842.6114647600001,7148,1021,594,809.78,7299072,0.3357516825199127,-3.4418749804298083,5930,0.0003,0.2,-0.025697161170925634,0.07296962,0.9437087774276733,0.5534830729166667,1.3549047708511353,6.133765915532907
834.78997833,7147,1022,595,807.37,7311360,0.3345298767089844,-3.4066872144738833,5940,0.0003,0.2,-0.02329640080279205,0.08872468,0.9647379517555237,0.5515869140625,2.553921699523926,5.3459916000564895
837.40358957,7147,1024,596,814.82,7323648,0.33418774604797363,-3.377241217593352,5950,0.0003,0.2,0.0015772408514749259,0.27010664,0.9814969301223755,0.7199869791666667,0.8212900757789612,2.5605778840680915
793.0432940700001,7148,1026,597,779.36,7335936,0.3332543671131134,-3.349843886991342,5960,0.0003,0.2,-0.010615744953975081,0.22935946,0.9763829112052917,0.6929850260416667,0.7883126735687256,2.56552629681925
770.09897914,7148,1027,598,765.68,7348224,0.3318246901035309,-3.308611409862836,5970,0.0003,0.2,-0.02303631247583932,0.17079729,0.9767208099365234,0.6237711588541667,1.8576908111572266,4.375166436781486
777.6350652799999,7149,1029,599,773.64,7360512,0.3317457139492035,-3.2846062754591308,5980,0.0003,0.2,-0.008375404878946332,0.2300684,0.9832203388214111,0.6971516927083333,1.513110637664795,4.131964566558599
827.3687080799999,7149,1031,600,806.27,7372800,0.33139124512672424,-3.289755876859029,5990,0.0003,0.2,-0.0015984014297525087,0.25684604,0.9783197641372681,0.7167154947916666,0.8051489591598511,3.612373199562232
848.2284333399999,7149,1032,601,817.07,7385088,0.33222082257270813,-3.3160629789034526,6000,0.0003,0.2,0.03441811784383996,0.45423058,0.9806327223777771,0.8089274088541667,0.5082342028617859,2.1238497735311586
875.4966652899999,7150,1034,602,840.55,7397376,0.33531197905540466,-3.389960982898871,6010,0.0003,0.2,0.149697901160107,2.0333712,0.9908319711685181,0.9230631510416667,0.5457842946052551,1.3485369692246119
890.5129852200001,7150,1036,603,848.94,7409664,0.3363620936870575,-3.4666642169157664,6020,0.0003,0.2,0.012026912679236073,0.25068697,0.980109453201294,0.7545491536458333,1.2688795328140259,2.3275940138846636
919.0790927999999,7151,1037,604,873.09,7421952,0.3373611867427826,-3.5263189673423767,6030,0.0003,0.2,0.023853172366216313,0.55586714,0.9876781702041626,0.8180908203125,0.3198719620704651,1.0219320515791575
926.99417167,7151,1039,605,876.76,7434240,0.33706924319267273,-3.5201788023114204,6040,0.0003,0.2,-0.006021281582555578,0.14667566,0.9795372486114502,0.6550211588541667,0.6632639765739441,2.234237653389573
966.8555216500001,7151,1041,606,900.09,7446528,0.3384585380554199,-3.5644358177979787,6050,0.0003,0.2,0.0234518328938672,0.28637153,0.9887138605117798,0.7748697916666667,0.2770155072212219,1.2227140740801892
993.69181813,7151,1042,607,928.94,7458816,0.337886244058609,-3.5647104864319163,6060,0.0003,0.2,-0.00858962522567405,0.17272241,0.9845783710479736,0.7056396484375,0.5861520171165466,1.2520446348935366
1019.0749275700001,7152,1044,608,949.78,7471104,0.3374307155609131,-3.5561668912569684,6070,0.0003,0.2,0.009271796466297626,0.27065694,0.9915881156921387,0.7673095703125,0.2172069251537323,0.9201905147482952
1024.3603695699999,7152,1046,609,958.85,7483392,0.33607587218284607,-3.501985024412473,6080,0.0003,0.2,-0.004017529645837689,0.14708583,0.9784261584281921,0.6539632161458333,0.18874672055244446,2.0107781381035843
999.7013488400002,7151,1048,610,946.43,7495680,0.3349783718585968,-3.4551676104466122,6090,0.0003,0.2,-0.006280508830968756,0.2333097,0.9878929257392883,0.7206298828125,0.2734437584877014,0.776553020067513
1013.2435204499999,7150,1050,611,952.32,7507968,0.33440330624580383,-3.429037013153235,6100,0.0003,0.2,-0.014862561070670684,0.13091724,0.9866299033164978,0.6147054036458334,0.31015339493751526,1.4397231886784236
996.2176550300002,7149,1051,612,936.83,7520256,0.3334273397922516,-3.3814286957184474,6110,0.0003,0.2,0.01115974188336016,0.22800076,0.986606240272522,0.7417317708333333,0.22730222344398499,0.8691193891689182
985.95290755,7149,1053,613,923.53,7532544,0.33249953389167786,-3.358119315902392,6120,0.0003,0.2,-0.017341161339815395,0.06996928,0.9893594980239868,0.5626302083333333,0.761712372303009,3.2526748669644197
978.1424929499999,7149,1055,614,917.1,7544832,0.3319454491138458,-3.3298457662264505,6130,0.0003,0.2,-0.023795590926602016,0.101127386,0.9836757779121399,0.5674967447916667,1.8852779865264893,3.152663776651025
983.7637910000001,7149,1057,615,920.17,7557120,0.33146563172340393,-3.291131619612376,6140,0.0003,0.2,0.012976903066252514,0.3047143,0.983456015586853,0.7573486328125,0.4303777813911438,1.379312592248122
990.1298716899998,7149,1058,616,920.17,7569408,0.3313803970813751,-3.301708908379078,6150,0.0003,0.2,0.06225878910239165,0.932579,0.9882070422172546,0.8376139322916667,0.3097952604293823,0.8842018332332373
1000.42420981,7149,1060,617,922.35,7581696,0.33107635378837585,-3.2817112907767294,6160,0.0003,0.2,0.03865041283327931,0.31730214,0.9876164793968201,0.7948893229166667,0.37392541766166687,0.7900343806793292
1003.33254879,7149,1062,618,929.54,7593984,0.3288419246673584,-3.220518993337949,6170,0.0003,0.2,-0.002201943717470082,0.25758588,0.99100661277771,0.7254801432291667,0.24594596028327942,0.6432939467330774
1025.0461691499997,7149,1063,619,944.51,7606272,0.3288364112377167,-3.1931668465336163,6180,0.0003,0.2,0.0049697116599418225,0.23470311,0.9967021942138672,0.7342366536458333,0.2000867873430252,0.5338551661620538
1049.03784664,7149,1065,620,958.68,7618560,0.32816824316978455,-3.17883199652036,6190,0.0003,0.2,0.0009081521721479173,0.24295282,0.9956653118133545,0.7404134114583333,0.14014969766139984,0.37835815312961735
1058.42619019,7150,1067,621,962.79,7630848,0.32697534561157227,-3.1227776805559793,6200,0.0003,0.2,-0.00904174015110281,0.14577831,0.9887753129005432,0.646142578125,0.3534955084323883,0.6648284133523703
1078.2617960399998,7150,1068,622,969.22,7643136,0.3257841169834137,-3.083748654524485,6210,0.0003,0.2,-0.003121401174576022,0.18273742,0.9823440909385681,0.6542399088541667,0.7618424892425537,0.8303979200621446
1072.65443605,7150,1070,623,964.35,7655424,0.32545945048332214,-3.060777313510577,6220,0.0003,0.2,0.022250865090851828,0.2565105,0.996715784072876,0.7635904947916666,0.11955796182155609,0.3667610035588344
1054.18050628,7151,1072,624,956.59,7667712,0.3244253396987915,-3.021756370862325,6230,0.0003,0.2,-0.011747645962168462,0.11847743,0.986051619052887,0.5931396484375,0.30882981419563293,1.1950146359701952
1055.7534390699998,7151,1073,625,956.59,7680000,0.3234107196331024,-2.9761489892999333,6240,0.0003,0.2,-0.019912905320719196,0.06272856,0.9839751720428467,0.5084635416666666,1.5447114706039429,2.852501064290603
1035.9633075600002,7151,1075,626,941.65,7692288,0.32456591725349426,-3.0161572818954787,6250,0.0003,0.2,0.04748693636405126,0.31401154,0.9894285798072815,0.8070882161458334,0.339619904756546,0.6972946718956033
1008.74691111,7152,1077,627,921.63,7704576,0.32395386695861816,-2.999645571907361,6260,0.0003,0.2,-0.018525694844235354,0.05879569,0.9839769005775452,0.5073649088541666,0.4225638508796692,2.337884692599376
998.42118711,7152,1078,628,913.83,7716864,0.32266247272491455,-2.9521106630563736,6270,0.0003,0.2,-0.010791407077582941,0.1573449,0.9917788505554199,0.6459635416666667,0.29242751002311707,1.5759580910205842
974.6365802299999,7152,1080,629,898.95,7729152,0.3215446174144745,-2.907974875966708,6280,0.0003,0.2,-0.0027033901559965065,0.17376356,0.9925779700279236,0.6884440104166667,0.29211825132369995,1.152612996287644
960.3113996,7152,1082,630,895.75,7741440,0.32043421268463135,-2.8619023660818734,6290,0.0003,0.2,-0.010684986806882079,0.08250564,0.986542820930481,0.5885904947916667,1.0580787658691406,2.968706688160698
971.4487573400002,7152,1083,631,893.18,7753728,0.32001450657844543,-2.8299007256825766,6300,0.0003,0.2,0.0031665829422612055,0.1934282,0.9795405268669128,0.713916015625,0.5707564353942871,2.52483301324149
983.0542591299999,7153,1085,632,901.65,7766016,0.3213686943054199,-2.8426686118046445,6310,0.0003,0.2,0.0652230420630076,0.4412783,0.9852599501609802,0.8226725260416666,0.6885794401168823,2.058930835376183
1007.40790154,7153,1087,633,914.07,7778304,0.3221797049045563,-2.875601327419281,6320,0.0003,0.2,0.008080078876810148,0.29770875,0.990087628364563,0.747607421875,0.41915056109428406,1.5135426439344883
989.2342243400001,7153,1089,634,905.27,7790592,0.3257899880409241,-3.0117711996038756,6330,0.0003,0.2,0.1470938210589035,1.2110351,0.99564528465271,0.9069742838541667,0.3018081784248352,0.4616625594596068
984.79905886,7153,1090,635,907.71,7802880,0.3255135715007782,-3.062579305966695,6340,0.0003,0.2,-0.011650456318845197,0.06565922,0.9463217854499817,0.5521647135416666,1.7052972316741943,5.325764464586973
996.9154083000001,7154,1092,636,916.1,7815168,0.32459211349487305,-3.030969066421191,6350,0.0003,0.2,-0.018507022415481817,0.08548113,0.9766953587532043,0.5499918619791667,1.5755161046981812,3.7934819098562
1001.7669984300001,7154,1094,637,920.12,7827456,0.3249293863773346,-3.024197244644165,6360,0.0003,0.2,0.0136822044980363,0.35314405,0.9932113289833069,0.760400390625,0.2323678880929947,1.1601944707334042
986.9300934699999,7154,1095,638,909.58,7839744,0.32411205768585205,-3.0138954376180966,6370,0.0003,0.2,-0.012599574320969016,0.13811386,0.9805712699890137,0.65224609375,0.8080922961235046,3.226417544732491
989.59991787,7154,1097,639,921.02,7852032,0.32402360439300537,-2.9977631171544394,6380,0.0003,0.2,-0.012963366433784056,0.13640565,0.9861354827880859,0.6345540364583333,1.9152491092681885,3.085705889761448
970.7938922100001,7153,1099,640,906.85,7864320,0.3258334696292877,-3.0430601571997005,6390,0.0003,0.2,0.0645965587493265,1.1081548,0.9917369484901428,0.8434977213541667,0.3487333357334137,0.8597600433354576
975.3045824,7154,1100,641,918.45,7876608,0.32626137137413025,-3.0748129273454348,6400,0.0003,0.2,0.014363982312109632,0.19351237,0.9693601131439209,0.735107421875,1.072228193283081,2.5495693729569515
979.62660223,7154,1102,642,915.68,7888896,0.3258873522281647,-3.077761094768842,6410,0.0003,0.2,-0.0036211809082791055,0.19283192,0.98312908411026,0.7138671875,0.4798213839530945,1.9992933920274178
968.03809703,7154,1104,643,908.0,7901184,0.325715035200119,-3.06059075097243,6420,0.0003,0.2,0.0045202413544757295,0.29411703,0.988038182258606,0.7193277994791667,1.4243191480636597,1.5872873306895297
975.6657899200001,7155,1105,644,914.19,7913472,0.3258768618106842,-3.0845060100158057,6430,0.0003,0.2,0.04864433508385749,0.35061422,0.974277138710022,0.8205159505208334,0.329183429479599,1.3737895996620257
961.1446703799999,7152,1108,645,899.79,7925760,0.33131781220436096,-3.207075144847234,6440,0.0003,0.2,0.14392168985214085,1.1632162,0.987910807132721,0.9129801432291667,0.3026275634765625,0.6434701164563497
963.0554249699999,7150,1110,646,893.06,7938048,0.3300696313381195,-3.2226582651336986,6450,0.0003,0.2,-0.008889159677589001,0.1405742,0.9864040613174438,0.6719156901041666,0.39510491490364075,1.9717278933773439
948.6695240000001,7150,1111,647,874.86,7950336,0.32998570799827576,-3.1989625826478005,6460,0.0003,0.2,0.004508557334338548,0.26201865,0.9871994256973267,0.7338785807291667,0.2882549464702606,1.05630485607932
931.84281304,7147,1113,648,861.98,7962624,0.3293531835079193,-3.191107446948687,6470,0.0003,0.2,-0.02604041033288619,0.08443872,0.983195424079895,0.5467692057291667,0.9068015217781067,4.038461674998204
959.9778879000002,6083,1310,649,878.98,7974912,0.3286011517047882,-3.1628347814083098,6480,0.0003,0.2,-0.0045784025079531904,0.18349059,0.9826967716217041,0.6585205078125,0.8106032609939575,2.2815397743135692
960.1274610900001,6083,1313,650,872.83,7987200,0.3296433985233307,-3.170394170284271,6490,0.0003,0.2,-0.00420024359676366,0.25773185,0.9889019131660461,0.7437174479166667,0.5517039895057678,2.1543744072318076
968.60500831,6062,1319,651,891.72,7999488,0.32907387614250183,-3.17569464246432,6500,0.0003,0.2,-0.0030759556519721325,0.17156975,0.97939133644104,0.6921875,0.5938069820404053,2.791703765839338
968.10920055,6035,1327,652,899.48,8011776,0.32799652218818665,-3.1363764718174933,6510,0.0003,0.2,0.00116712527621227,0.21567541,0.992401123046875,0.726708984375,0.7337904572486877,1.6714662515868743
987.4308642,6016,1333,653,914.9,8024064,0.33047381043434143,-3.1963798900445304,6520,0.0003,0.2,0.062320130430452994,0.5603481,0.9959558248519897,0.8434488932291667,0.1526176780462265,0.5201818731303016
992.0135858999998,5983,1343,654,918.52,8036352,0.32967063784599304,-3.206248128414154,6530,0.0003,0.2,0.0037342017700818055,0.20979808,0.9915066361427307,0.7351318359375,0.27347108721733093,0.8934902263184389
1006.4525271800001,5947,1353,655,925.38,8048640,0.32923951745033264,-3.1772254327932994,6540,0.0003,0.2,-0.000739667791640386,0.1811757,0.9831256866455078,0.6906494140625,0.3364090323448181,1.4612823295096555
993.5055108100001,5939,1357,656,915.35,8060928,0.3283039927482605,-3.1523995876312254,6550,0.0003,0.2,-0.004471200632300072,0.19295244,0.9921348094940186,0.695703125,0.46196213364601135,1.1268465414643287
936.3424407199999,4582,1761,657,872.07,8073216,0.3283578157424927,-3.1375680565834045,6560,0.0003,0.2,-0.01602566555084195,0.09046016,0.9854609966278076,0.5911539713541667,0.5463888049125671,2.186525116239985
962.8124245199999,4584,1763,658,880.3,8085504,0.3276471197605133,-3.1230600823958716,6570,0.0003,0.2,-0.02865309475164395,0.06605661,0.9875226616859436,0.505224609375,0.7849670648574829,4.543258888026078
973.13830116,4573,1770,659,880.3,8097792,0.3297802209854126,-3.2042703479528427,6580,0.0003,0.2,0.041998574605289225,0.47502854,0.9917049407958984,0.8322591145833333,0.3450213670730591,0.7076184797411164
963.55260203,4556,1779,660,875.5,8110080,0.3302503526210785,-3.2192363515496254,6590,0.0003,0.2,0.018702307014609686,0.3302276,0.9959498643875122,0.7883544921875,0.1978556215763092,0.5043158455441396
968.34261599,4543,1787,661,890.26,8122368,0.32916978001594543,-3.1864718620975814,6600,0.0003,0.2,-0.017502653079282025,0.123865545,0.9925047755241394,0.6193196614583333,0.35766270756721497,1.1511704106504719
972.3682951800001,4531,1795,662,900.4,8134656,0.32873234152793884,-3.159388199945291,6610,0.0003,0.2,-0.002577918786361503,0.22705238,0.9948638677597046,0.7164632161458333,0.4061826765537262,0.9270545434206724
992.4807144600002,4518,1803,663,915.33,8146944,0.32759788632392883,-3.1380872751275697,6620,0.0003,0.2,-0.00366547210724093,0.17419839,0.9925732016563416,0.6986490885416666,0.1639571487903595,0.8421685764566064
1024.8311459699999,4516,1806,664,938.26,8159232,0.3277159035205841,-3.1325927928090094,6630,0.0003,0.2,0.06036794777707352,0.35251367,0.9944065809249878,0.8018798828125,0.13486707210540771,0.3678116288346549
1051.9178423399999,4080,2002,665,963.93,8171520,0.3265441656112671,-3.1106995597481726,6640,0.0003,0.2,-0.010733440728411854,0.17751579,0.9946799278259277,0.6943684895833333,0.1582942008972168,0.6193806158999602
1033.25528581,4083,2004,666,946.6,8183808,0.32559141516685486,-3.0649703472852705,6650,0.0003,0.2,-0.004894997263909318,0.1304459,0.984363317489624,0.6005696614583333,1.0714479684829712,1.9226231654485066
1030.09590434,4084,2006,667,946.6,8196096,0.3245913088321686,-3.022682064274947,6660,0.0003,0.2,-0.011790869469647684,0.09918714,0.9854240417480469,0.605615234375,0.40137481689453125,1.4960337718948722
1028.18077783,4087,2008,668,932.88,8208384,0.32576799392700195,-3.044162878890832,6670,0.0003,0.2,0.007696100348645511,0.3699554,0.9804580807685852,0.7579182942708333,0.35527658462524414,0.99542767132322
1017.8081745999999,4089,2010,669,919.06,8220672,0.3253994286060333,-3.0420022418101627,6680,0.0003,0.2,-0.008675712731201202,0.18001144,0.981621265411377,0.6713053385416666,0.43455055356025696,2.338528213649988
991.9502044600001,4091,2012,670,893.1,8232960,0.32499459385871887,-3.028082575897376,6690,0.0003,0.2,-0.0056338426846195945,0.16706467,0.9897986650466919,0.6723307291666667,0.870866596698761,1.7579797949641942
1002.9368100899999,4094,2013,671,900.36,8245248,0.3236193060874939,-2.992553377151489,6700,0.0003,0.2,-0.01611954785718505,0.11428231,0.9815160036087036,0.6148193359375,2.2300899028778076,3.1152695478250583
899.83568871,4096,2015,672,815.42,8257536,0.32473763823509216,-3.003169192870458,6710,0.0003,0.2,0.12157055194693385,2.3278024,0.9927911162376404,0.8776529947916667,0.25735026597976685,0.9882504854351282
816.27821354,4099,2017,673,740.7,8269824,0.3242439031600952,-2.998849160472552,6720,0.0003,0.2,-0.03175186975519561,0.048392814,0.9502425789833069,0.4382568359375,2.968776226043701,14.562432507673899
763.1377574300001,4101,2019,674,696.52,8282112,0.3233920633792877,-2.9722030743956567,6730,0.0003,0.2,-0.03164468248821019,0.058728535,0.9741955995559692,0.45305989583333334,6.227801322937012,12.577525274952253
695.18821419,4103,2021,675,643.68,8294400,0.3225756883621216,-2.9368538722395896,6740,0.0003,0.2,-0.02656594126795729,0.091522925,0.9834017753601074,0.5552571614583334,2.8627688884735107,9.613288933535417
657.4259863599999,4106,2022,676,621.33,8306688,0.32188260555267334,-2.9184605086843174,6750,0.0003,0.2,-0.016708637595487137,0.118358314,0.9868746995925903,0.6405110677083333,3.7568776607513428,6.358266687393188
646.77528003,4108,2024,677,622.05,8318976,0.32406967878341675,-2.945461541414261,6760,0.0003,0.2,0.1919367494643666,8.042655,0.9875279664993286,0.9514892578125,0.9776444435119629,2.7921991527080534
674.3119698,4111,2026,678,648.82,8331264,0.32313641905784607,-2.9957509001096088,6770,0.0003,0.2,-0.010821183708806833,0.1448703,0.9567234516143799,0.6974690755208334,1.752129077911377,7.81953812589248
693.78402091,4114,2028,679,690.8,8343552,0.3229841887950897,-2.9566920354962347,6780,0.0003,0.2,0.03156315024631719,0.3447387,0.9701074957847595,0.7905029296875,1.587356448173523,5.358831924945116
723.2672617299999,4116,2029,680,724.08,8355840,0.3230297863483429,-2.966031378010909,6790,0.0003,0.2,0.013226912912796252,0.30564487,0.9880040884017944,0.7706136067708333,0.9972150921821594,2.895000464345018
778.4424935,4119,2031,681,779.41,8368128,0.3232599198818207,-2.9924254685640337,6800,0.0003,0.2,0.005816426842163006,0.25081065,0.9705076813697815,0.7470458984375,1.0051747560501099,3.752678929269314
787.3458133,4121,2033,682,789.96,8380416,0.327052503824234,-3.045449636876583,6810,0.0003,0.2,0.11942503671064818,0.8756086,0.991533637046814,0.8890543619791667,0.42252740263938904,1.2059360690414906
825.9099969600002,4124,2034,683,826.74,8392704,0.330303817987442,-3.2225778301556907,6820,0.0003,0.2,0.054452530741885614,0.39580056,0.9935584664344788,0.8209554036458333,0.2574865221977234,0.7576852448905508
886.8867457800001,4126,2036,684,881.49,8404992,0.32998931407928467,-3.2457633232076963,6830,0.0003,0.2,-0.020549000707251252,0.16015361,0.9887028932571411,0.6459147135416666,0.8855137825012207,1.8124482045571009
917.8906422799998,4129,2038,685,904.32,8417280,0.32989975810050964,-3.240282476445039,6840,0.0003,0.2,-0.0035375414139707574,0.21136658,0.9931766986846924,0.7174235026041667,0.4329867660999298,1.1773212748890123
949.2222028199999,4132,2040,686,927.61,8429568,0.3301365077495575,-3.237466247876485,6850,0.0003,0.2,-0.016160849842223494,0.18468757,0.9885290861129761,0.6812581380208333,0.6949239373207092,1.5294617342452208
985.0523911700002,4134,2041,687,942.88,8441856,0.3319929242134094,-3.2989900037646294,6860,0.0003,0.2,-0.005813404594664462,0.30448225,0.981733500957489,0.7495686848958333,0.6723954677581787,1.369955311715603
1010.13000889,4137,2043,688,953.08,8454144,0.3315281867980957,-3.3263470396399497,6870,0.0003,0.2,0.004080838176499431,0.394904,0.9786329865455627,0.7745930989583333,0.31229090690612793,0.8833850321049491
1026.42283661,4139,2045,689,961.71,8466432,0.33196499943733215,-3.3111250633994738,6880,0.0003,0.2,0.00553468181945694,0.28948808,0.9909977912902832,0.7725260416666667,0.16622458398342133,0.4882664277528723
1035.20324854,4142,2046,690,968.05,8478720,0.3310677707195282,-3.297151478131612,6890,0.0003,0.2,-0.017229235372603093,0.2031598,0.9941468834877014,0.7009440104166667,0.2771175503730774,0.7435977179557085
1022.13486175,4145,2048,691,950.21,8491008,0.32971394062042236,-3.2569043432672817,6900,0.0003,0.2,-0.007480775139507993,0.18636127,0.9950500726699829,0.6922932942708333,0.21282358467578888,0.6096057958900929
1023.62563627,4147,2050,692,954.17,8503296,0.3281412422657013,-3.2148113479216893,6910,0.0003,0.2,-0.019945843943666355,0.08268716,0.9665125608444214,0.5131510416666667,0.6022706031799316,1.7417148786286514
1017.53632066,4150,2051,693,953.07,8515584,0.32793334126472473,-3.1720832670728365,6920,0.0003,0.2,-0.020473260960716288,0.109074794,0.9946198463439941,0.6052001953125,0.673069417476654,1.2737250284602244
1010.66610545,4152,2053,694,947.26,8527872,0.327548623085022,-3.155698811511199,6930,0.0003,0.2,-0.01919073897394507,0.13654341,0.991398811340332,0.6345540364583333,0.42095088958740234,1.573370513940851
992.4627655099998,4155,2055,695,938.25,8540160,0.32872769236564636,-3.1899988720814387,6940,0.0003,0.2,0.03143937041168101,0.43814126,0.996146559715271,0.8184651692708333,0.1486683338880539,0.5033853366971016
975.93209661,4158,2056,696,926.61,8552448,0.3286392092704773,-3.193704880774021,6950,0.0003,0.2,-0.013223646451175833,0.09221586,0.9870560169219971,0.5986735026041666,0.9749436974525452,2.297337085008621
946.3568036899998,4160,2058,697,893.11,8564736,0.3280690610408783,-3.171175061662992,6960,0.0003,0.2,-0.008827672263335747,0.16320175,0.9919466376304626,0.6716227213541667,0.27927088737487793,1.2904560166721544
947.6898997899999,4163,2060,698,895.11,8577024,0.3268943428993225,-3.1324203168352445,6970,0.0003,0.2,-0.015143134503159673,0.09883467,0.9796222448348999,0.581201171875,0.9666983485221863,2.302432483062148
974.33013251,4165,2061,699,911.44,8589312,0.32678037881851196,-3.1198739374677342,6980,0.0003,0.2,0.0035785541340980368,0.25000465,0.9931318163871765,0.7233235677083333,0.5783852934837341,1.1544584343830744
982.91208531,4168,2063,700,911.13,8601600,0.3273325264453888,-3.119120048979918,6990,0.0003,0.2,0.02359494456225851,0.27821863,0.9874359965324402,0.7641031901041667,1.0883314609527588,2.2546461943536995
980.45583121,4171,2065,701,907.65,8613888,0.327227383852005,-3.1220303982496262,7000,0.0003,0.2,-0.006783605509068972,0.11150197,0.9779273867607117,0.6372233072916667,1.0361392498016357,4.365841887518764
950.8598542200002,4173,2066,702,884.85,8626176,0.3274120092391968,-3.1169923772414525,7010,0.0003,0.2,0.0025049956282600762,0.24984513,0.9886342883110046,0.7247477213541667,0.6281784772872925,1.8105234157294035
929.1582842299999,4176,2068,703,867.16,8638464,0.32693788409233093,-3.1077192867795627,7020,0.0003,0.2,-0.023060498616541737,0.088958,0.9863956570625305,0.5586669921875,1.9556400775909424,4.97039387151599
956.05346872,4178,2070,704,888.68,8650752,0.32653844356536865,-3.0935917630791665,7030,0.0003,0.2,0.004602838687424083,0.14486341,0.9786858558654785,0.6876708984375,1.332895040512085,3.654409556463361
972.5601777800001,4181,2071,705,901.09,8663040,0.3274524211883545,-3.119369554519653,7040,0.0003,0.2,0.04272383031105467,0.74726915,0.9236985445022583,0.8362548828125,0.7991310358047485,2.7565507325033347
964.29485118,4183,2073,706,893.12,8675328,0.32732152938842773,-3.114305048187574,7050,0.0003,0.2,-0.013158086705273794,0.16276772,0.9697505235671997,0.6561279296875,1.2128474712371826,4.588194575409094
966.94955073,4186,2075,707,897.22,8687616,0.3280418813228607,-3.129428280889988,7060,0.0003,0.2,0.028633113673034435,0.2295177,0.9876962304115295,0.7696940104166666,0.4951186180114746,2.8014189414680004
961.68649393,4188,2076,708,902.74,8699904,0.33063697814941406,-3.201553825537364,7070,0.0003,0.2,0.026650627217653284,0.3747847,0.9776318669319153,0.8030843098958333,0.5226254463195801,1.877263562877973
981.5519463000002,4191,2078,709,908.96,8712192,0.33610212802886963,-3.3499613111217816,7080,0.0003,0.2,0.1462170811847803,1.3859719,0.9896675944328308,0.9239583333333333,0.3594803810119629,0.9273539652427037
1017.7899437999997,4194,2080,710,940.29,8724480,0.33722567558288574,-3.480226338406404,7090,0.0003,0.2,0.014753964912718706,0.2535021,0.971165120601654,0.7659830729166667,0.31280380487442017,1.1374945970252157
984.4981110299999,4196,2081,711,911.5,8736768,0.34183481335639954,-3.601316147049268,7100,0.0003,0.2,0.10536424196810307,0.764535,0.9897224307060242,0.8989013671875,0.20301277935504913,0.43866888973861934
977.03585353,4199,2083,712,910.18,8749056,0.3409463167190552,-3.646396302183469,7110,0.0003,0.2,-0.017950347365695053,0.090967275,0.9740286469459534,0.5701985677083333,0.4177977442741394,1.7714347821970782
985.2434218299999,4201,2085,713,912.53,8761344,0.3398094177246094,-3.594039747615655,7120,0.0003,0.2,-0.02195061345216042,0.12593912,0.9784867167472839,0.5900797526041667,0.4551013708114624,1.9489184226840734
990.3586407600001,4204,2086,714,918.23,8773632,0.33985981345176697,-3.5930653085311253,7130,0.0003,0.2,0.022178884333213016,0.28505722,0.9858523011207581,0.7795084635416667,0.4514240026473999,0.7857835521300633
1000.5576029800004,4206,2088,715,923.12,8785920,0.33945295214653015,-3.583720701932907,7140,0.0003,0.2,-0.004586653479418601,0.15650065,0.9821934700012207,0.6707682291666667,0.517741858959198,1.4020135831708709
986.1084490699999,4209,2090,716,911.09,8798208,0.33868977427482605,-3.544865436355273,7150,0.0003,0.2,0.0048631475171229495,0.24080664,0.9882941842079163,0.7183837890625,0.22982802987098694,1.1624494657541316
986.6523644399999,4211,2091,717,906.54,8810496,0.33915039896965027,-3.542189025382201,7160,0.0003,0.2,-0.007912214252670916,0.18706875,0.9941783547401428,0.703662109375,0.42390909790992737,0.9657642505442102
985.81619231,4214,2093,718,918.86,8822784,0.33912980556488037,-3.538034777343273,7170,0.0003,0.2,-0.007789074053774433,0.17067659,0.9879707098007202,0.6671793619791667,0.7483935356140137,2.4133857790380717
1000.9303504399999,4216,2095,719,926.35,8835072,0.3381272554397583,-3.51871025065581,7180,0.0003,0.2,-0.01991314024392826,0.09545676,0.9891073703765869,0.5703694661458333,0.6968693733215332,2.9469991280386845
965.0690832800002,4219,2097,720,900.34,8847360,0.3383040130138397,-3.507929623623689,7190,0.0003,0.2,0.0033370739382614072,0.24806635,0.985527753829956,0.7452067057291667,0.6005373597145081,1.8884593491752943
947.62730234,4221,2098,721,889.98,8859648,0.33739733695983887,-3.479389394323031,7200,0.0003,0.2,-0.028117698497953824,0.06485865,0.9833920001983643,0.48971354166666664,1.4317294359207153,4.945577508459489
940.0578539400001,4223,2100,722,881.09,8871936,0.3374702036380768,-3.47055163582166,7210,0.0003,0.2,0.007347393123685227,0.24331476,0.9879803657531738,0.7419921875,0.8816354870796204,1.5539596984783808
929.9438872300001,4226,2102,723,872.31,8884224,0.3364824056625366,-3.4566018894314765,7220,0.0003,0.2,-0.006999743462559612,0.20825355,0.985682487487793,0.6811604817708333,0.8896378874778748,2.2610573300470906
931.16872679,4228,2103,724,876.09,8896512,0.33566486835479736,-3.431128163635731,7230,0.0003,0.2,-0.01501138110179454,0.14797868,0.9858519434928894,0.6412679036458333,0.7967056035995483,2.665377334256967
921.6928940299999,4230,2105,725,874.19,8908800,0.3357097804546356,-3.4287552759051323,7240,0.0003,0.2,0.003167016275498706,0.30923036,0.9571520090103149,0.7396158854166667,1.6072181463241577,3.4955790924529233
942.0749629100001,4232,2107,726,887.21,8921088,0.3356657028198242,-3.4140125905474026,7250,0.0003,0.2,-0.023431522641719008,0.104843974,0.9883310794830322,0.6018391927083333,1.1246815919876099,4.4693401955068115
934.6260484500001,4233,2109,727,880.36,8933376,0.3391242027282715,-3.476004474858443,7260,0.0003,0.2,0.1854400578478817,3.085971,0.9862651228904724,0.9351969401041667,0.9644793272018433,1.5206132074197134
948.80712438,4235,2111,728,888.71,8945664,0.3382532596588135,-3.5579277073343594,7270,0.0003,0.2,-0.02175032265270905,0.0885847,0.9513446688652039,0.5676920572916667,2.6522438526153564,8.09832541619738
928.4092423400001,4238,2113,729,866.79,8957952,0.3434126377105713,-3.617136124769847,7280,0.0003,0.2,0.21619977180283362,6.860718,0.9778127670288086,0.9675211588541667,0.6148804426193237,1.5368735859791438
901.2525075900002,4240,2115,730,850.5,8970240,0.34353455901145935,-3.732603139678637,7290,0.0003,0.2,-0.02240188553647992,0.087586135,0.9588345885276794,0.5829020182291667,2.3607661724090576,6.339914623896281
861.6330795300001,4242,2117,731,818.93,8982528,0.3433316946029663,-3.725580124060313,7300,0.0003,0.2,-0.023471351877863828,0.08489893,0.9771411418914795,0.5701741536458333,3.3028042316436768,4.906078625967106
858.2842541699999,4244,2119,732,812.23,8994816,0.3440803587436676,-3.7424065123001733,7310,0.0003,0.2,0.02590132269639677,0.42783746,0.9782814383506775,0.7955973307291667,1.899639368057251,4.3105663331846396
866.83335659,4246,2121,733,821.91,9007104,0.34842291474342346,-3.8511639654636385,7320,0.0003,0.2,0.1299870632045592,1.7618012,0.9848951101303101,0.9258870442708333,0.5609768629074097,2.0769538150479394
823.9326263899999,4248,2122,734,790.48,9019392,0.35396942496299744,-4.06808439095815,7330,0.0003,0.2,0.1280163179889011,1.0237929,0.9894155263900757,0.90556640625,0.28964442014694214,0.7639489867414038
812.9451473200003,4250,2124,735,781.59,9031680,0.3529594838619232,-4.09310549000899,7340,0.0003,0.2,-0.025908528116027205,0.04613823,0.969443142414093,0.45924479166666665,2.725151777267456,7.773483874897162
800.59367892,4252,2126,736,765.99,9043968,0.35162022709846497,-4.053099179267884,7350,0.0003,0.2,-0.025442353878558303,0.06451547,0.9810846447944641,0.5232014973958333,2.096419095993042,4.762015330791473
832.6920604400001,4254,2128,737,796.85,9056256,0.35090765357017517,-4.015789339443048,7360,0.0003,0.2,-0.030103176959770887,0.062174037,0.9783710241317749,0.4951578776041667,4.101973533630371,7.241090534627437
841.0081234499999,4256,2130,738,806.63,9068544,0.35025036334991455,-3.9898817126949626,7370,0.0003,0.2,-0.014085412592006226,0.17107041,0.9842237830162048,0.6670247395833333,0.9296098947525024,3.3483152126272517
823.34760008,4259,2132,739,799.62,9080832,0.34921184182167053,-3.968827735384305,7380,0.0003,0.2,-0.01731837216599767,0.15161155,0.9838716983795166,0.6440511067708333,2.324425220489502,4.062537402162949
820.86158292,4261,2133,740,802.62,9093120,0.3539620339870453,-4.108064018686613,7390,0.0003,0.2,0.06336083977172773,0.44750905,0.9909384250640869,0.8559163411458334,0.44043007493019104,1.1162106735010942
866.96342022,4263,2135,741,835.79,9105408,0.3533726632595062,-4.107563959558805,7400,0.0003,0.2,0.010085430557955988,0.19601561,0.9834653735160828,0.7264973958333333,0.39851468801498413,1.7641416144867739
898.1914993,4265,2137,742,866.08,9117696,0.35382941365242004,-4.113744035363197,7410,0.0003,0.2,0.007306216168702425,0.29599568,0.9919716119766235,0.7592529296875,0.39530593156814575,1.0663983507702748
918.9637213000003,4267,2139,743,877.13,9129984,0.35231050848960876,-4.091672128438949,7420,0.0003,0.2,-0.0035119877216250946,0.19108169,0.986767590045929,0.6976399739583333,0.45161378383636475,1.278384775047501
948.2465745899999,4270,2140,744,896.23,9142272,0.3528292179107666,-4.074623093008995,7430,0.0003,0.2,-0.012608255959154728,0.15187867,0.9946285486221313,0.6617350260416667,0.6641668081283569,1.4613677743822335
952.1623475900001,4272,2142,745,886.1,9154560,0.3532126843929291,-4.089618548750877,7440,0.0003,0.2,0.012154579693257499,0.30898944,0.9872667789459229,0.7722900390625,0.3632134795188904,1.0421040831754604
932.6594318499999,4274,2144,746,863.33,9166848,0.35233309864997864,-4.09301369090875,7450,0.0003,0.2,-0.010941763409452203,0.17656152,0.9874638915061951,0.6805501302083333,0.6259132027626038,1.1541866979251305
879.3233644200002,4276,2146,747,822.02,9179136,0.3517715036869049,-4.056746805707614,7460,0.0003,0.2,-0.02684554427153974,0.06753293,0.9846760630607605,0.47442220052083334,2.4461097717285156,4.378428960591554
875.1761104199999,4278,2148,748,814.13,9191424,0.35038650035858154,-4.031687694291274,7470,0.0003,0.2,-0.021456453707651237,0.1054128,0.9865098595619202,0.5640055338541666,1.2781329154968262,3.0777078568935394
884.33575509,4281,2149,749,818.28,9203712,0.3502640426158905,-4.017427901923656,7480,0.0003,0.2,0.017225889039885565,0.26506308,0.9938681125640869,0.7682779947916667,0.30416056513786316,1.1192392082264027
879.27937382,4283,2151,750,826.23,9216000,0.34911319613456726,-3.9586548790335656,7490,0.0003,0.2,-0.01260101938387379,0.16182038,0.987228274345398,0.665185546875,1.4252500534057617,2.3403025840719542
877.24195664,4285,2153,751,828.72,9228288,0.34988680481910706,-3.958632746338844,7500,0.0003,0.2,-0.0028172955207992345,0.22187994,0.9920269846916199,0.7207926432291667,0.3453231155872345,1.6017896369099618
887.2257333100001,4287,2155,752,843.09,9240576,0.34972015023231506,-3.9515956987937293,7510,0.0003,0.2,0.012130238236083338,0.27948514,0.9932790398597717,0.768994140625,0.38666781783103943,0.9804179258644581
928.93764311,4290,2156,753,867.39,9252864,0.34905946254730225,-3.9449749425053597,7520,0.0003,0.2,0.008178412588313222,0.23290448,0.9919629096984863,0.7241048177083333,0.22080406546592712,1.020449399886032
957.3993190599999,4292,2158,754,881.59,9265152,0.3491220474243164,-3.933451382815838,7530,0.0003,0.2,0.02939874266254871,0.2891807,0.9910416007041931,0.7760091145833333,0.3416760563850403,0.9573799246922136
973.45362684,4294,2160,755,896.81,9277440,0.3485323488712311,-3.9105974142750104,7540,0.0003,0.2,-0.004047943219484295,0.10478348,0.9828953742980957,0.6284016927083333,0.7815098166465759,3.3677493231991926
924.40842048,4296,2162,756,859.73,9289728,0.3475359380245209,-3.8919877181450526,7550,0.0003,0.2,-0.015391870897534925,0.0944831,0.9729358553886414,0.608837890625,1.338029384613037,3.3417416203767063
910.19840182,4298,2164,757,840.01,9302016,0.346447229385376,-3.8383200456698736,7560,0.0003,0.2,-0.027858679779455997,0.08645737,0.977142333984375,0.5597330729166666,2.0957674980163574,5.204885752250751
917.24346073,4300,2165,758,841.2,9314304,0.3458966016769409,-3.8213435436288514,7570,0.0003,0.2,-0.014619205064082052,0.10914934,0.979756236076355,0.6291585286458333,1.8247672319412231,4.657113664100567
907.6278389199999,4302,2167,759,835.97,9326592,0.345170259475708,-3.796584016084671,7580,0.0003,0.2,-0.008726810832255676,0.16380852,0.9717370867729187,0.6650553385416667,2.1309797763824463,4.462363274147113
921.1931661799999,4304,2169,760,842.48,9338880,0.34495866298675537,-3.7983633860945702,7590,0.0003,0.2,0.0405556902725948,0.48350587,0.992107093334198,0.8155924479166666,0.3519519567489624,1.396176379919052
909.98851757,4307,2171,761,840.65,9351168,0.34820127487182617,-3.8640358189741772,7600,0.0003,0.2,0.10066934572435761,1.1682373,0.9859709143638611,0.9025553385416667,0.4343653619289398,1.0501298119624456
931.51617931,4309,2172,762,858.96,9363456,0.3473023474216461,-3.900516581038634,7610,0.0003,0.2,-0.0077571128271908185,0.17849666,0.9867147207260132,0.6980550130208333,0.7222684025764465,2.1671012469877797
960.1781575199998,4311,2174,763,883.27,9375744,0.34682726860046387,-3.8834275737404824,7620,0.0003,0.2,-0.0069321671054543305,0.19374502,0.9899668097496033,0.6939860026041667,0.5050475597381592,1.6569782512883344
987.6513286399999,4313,2176,764,904.91,9388032,0.34612372517585754,-3.8564163794120154,7630,0.0003,0.2,-0.00021314901969162747,0.16307636,0.9856812953948975,0.6744140625,0.8564216494560242,2.668708461150527
973.8412414799999,4316,2177,765,900.38,9400320,0.3473159372806549,-3.8789324656128885,7640,0.0003,0.2,0.014875554802226057,0.30527267,0.990430474281311,0.7628662109375,0.4899682402610779,1.4365458550552528
953.11584795,4318,2179,766,888.04,9412608,0.34726396203041077,-3.8815573046604794,7650,0.0003,0.2,-0.008192049484932795,0.11937728,0.974602460861206,0.6453531901041667,1.006779432296753,3.254961235821247
951.3735477800001,4320,2181,767,894.52,9424896,0.3465953767299652,-3.862407776713371,7660,0.0003,0.2,-0.010316353322317203,0.08313281,0.9433475136756897,0.6051595052083333,3.3123629093170166,5.237685458858808
957.89921274,4322,2183,768,903.97,9437184,0.3465518057346344,-3.8438200781742733,7670,0.0003,0.2,0.012536971913262581,0.230853,0.9818032383918762,0.7279296875,1.3770288228988647,3.2153183670093615
953.4480565399999,4325,2184,769,892.41,9449472,0.34979119896888733,-3.9131862238049506,7680,0.0003,0.2,0.08353384841078272,0.7493656,0.9907786846160889,0.875048828125,0.289737343788147,1.0237555378427108
949.02387247,4327,2186,770,888.76,9461760,0.34927329421043396,-3.936534633735816,7690,0.0003,0.2,0.015970380624154738,0.23584968,0.974819540977478,0.7594645182291667,0.41050460934638977,1.553412345300118
950.1193994299999,4329,2188,771,890.33,9474048,0.34818020462989807,-3.9125984688599904,7700,0.0003,0.2,-0.0049847809898589425,0.21526693,0.9904147386550903,0.7143473307291667,0.5223101377487183,1.374708541482687
940.66598458,4332,2189,772,883.07,9486336,0.34764671325683594,-3.8932610074679057,7710,0.0003,0.2,-0.0178171118022874,0.07688829,0.9849333167076111,0.5623372395833334,1.3916817903518677,3.676500412200888
944.99778684,4334,2191,773,888.79,9498624,0.34601449966430664,-3.859619437654813,7720,0.0003,0.2,-0.01665869163310466,0.11038294,0.9898666739463806,0.618359375,0.957956075668335,2.7661448483665785
901.4102818400002,4336,2193,774,849.37,9510912,0.35065582394599915,-3.9267443642020226,7730,0.0003,0.2,0.10885086680743067,1.5950327,0.9909024238586426,0.9004231770833333,0.16210626065731049,0.5546182292203109
824.43860003,4338,2194,775,792.74,9523200,0.3500455319881439,-3.976295880973339,7740,0.0003,0.2,-0.02488616593182087,0.03574151,0.9625359773635864,0.44398600260416665,4.545914649963379,18.487643253803252
830.89229662,4340,2196,776,794.07,9535488,0.34928807616233826,-3.9564054032166798,7750,0.0003,0.2,-0.0316920245832686,0.050398376,0.965334415435791,0.4443766276041667,5.043899059295654,10.456594631075859
843.0469508200002,4343,2198,777,793.24,9547776,0.34873464703559875,-3.931705857813358,7760,0.0003,0.2,-0.004995597074836647,0.17030124,0.9677174091339111,0.6595703125,0.8680303692817688,5.456502139816681
851.9957725,4345,2199,778,792.41,9560064,0.3484565019607544,-3.9149402792255086,7770,0.0003,0.2,-0.02477361653582193,0.070727535,0.978400468826294,0.5578206380208334,3.091691493988037,8.438045577208202
875.96883519,4347,2201,779,803.36,9572352,0.34721502661705017,-3.872707922756672,7780,0.0003,0.2,-0.0030793142640807977,0.1656374,0.9811785221099854,0.697216796875,1.9110429286956787,5.680059881259997
872.5408458100001,4350,2203,780,808.7,9584640,0.3511026203632355,-3.9095016454656917,7790,0.0003,0.2,0.2538287106552161,8.607896,0.9909157752990723,0.9791585286458333,0.40621495246887207,0.6212770521640778
900.12318634,4352,2204,781,845.86,9596928,0.3533181846141815,-4.072581550478935,7800,0.0003,0.2,0.07195232655891838,0.5957696,0.9717015027999878,0.841455078125,1.1454929113388062,3.8879348915070295
922.8404662499998,4354,2206,782,876.46,9609216,0.356197714805603,-4.168503293395043,7810,0.0003,0.2,0.034579218577224916,0.33578274,0.9676110744476318,0.788427734375,0.5585018396377563,2.1120954059064387
918.1904749000001,4356,2208,783,890.78,9621504,0.35588207840919495,-4.182972199718157,7820,0.0003,0.2,-0.006132745896078025,0.18043949,0.9817380905151367,0.6775390625,0.535346269607544,1.9947619069367648
915.2560123199999,4359,2210,784,902.91,9633792,0.35596954822540283,-4.191254403193792,7830,0.0003,0.2,0.0008754790852738855,0.23014694,0.9880083203315735,0.714208984375,0.8286178708076477,1.9332224573940038
912.9087060900002,4361,2211,785,926.62,9646080,0.3572426736354828,-4.216133338212967,7840,0.0003,0.2,0.004769667506237359,0.2181779,0.985032320022583,0.7370768229166667,0.4466715157032013,1.2860050100833178
871.26555922,4363,2213,786,911.52,9658368,0.3581446707248688,-4.242995581030845,7850,0.0003,0.2,-0.003603360345005058,0.27228934,0.9878969788551331,0.7566731770833334,0.37965625524520874,0.9081912474085887
814.1975990699998,4365,2215,787,872.82,9670656,0.35778260231018066,-4.2435824364423755,7860,0.0003,0.2,-0.015566750900082601,0.0994175,0.9688377976417542,0.5955159505208333,0.9849287271499634,2.5409702305992443
817.00681975,4367,2216,788,863.7,9682944,0.3566785156726837,-4.2134969164927805,7870,0.0003,0.2,-0.029334503590750197,0.06717343,0.9805682897567749,0.48772786458333334,2.030967950820923,5.68720964367191
846.0775456,4370,2218,789,877.07,9695232,0.35612162947654724,-4.196710643172264,7880,0.0003,0.2,-0.01815625493763946,0.12353011,0.9726350903511047,0.6217854817708334,0.47211816906929016,3.160305536414186
794.9110198,4372,2220,790,819.98,9707520,0.3555651605129242,-4.162341802318891,7890,0.0003,0.2,-0.0118056318431627,0.122229315,0.9763543605804443,0.6239827473958334,1.2857223749160767,4.941193934033314
768.6199170399999,4374,2221,791,780.78,9719808,0.35467079281806946,-4.1425515403350195,7900,0.0003,0.2,-0.021676589442843883,0.1024386,0.9813452363014221,0.600048828125,1.483209252357483,4.959858898073435
754.7301806099999,4376,2223,792,746.16,9732096,0.35429704189300537,-4.122863819201787,7910,0.0003,0.2,-0.012674450370832346,0.14619744,0.9663996696472168,0.6260498046875,2.13637375831604,7.318527137239774
747.75844062,4379,2225,793,738.49,9744384,0.3537331819534302,-4.099827295541763,7920,0.0003,0.2,-0.018772231835949546,0.19635613,0.9851375818252563,0.6793619791666666,2.2351150512695312,4.663370448350906
731.20594764,4381,2226,794,730.53,9756672,0.3533792197704315,-4.080002351601919,7930,0.0003,0.2,-0.019162104668309136,0.13400222,0.9835216999053955,0.64873046875,2.432238817214966,5.789736250787973
733.02133399,4383,2228,795,733.26,9768960,0.35292160511016846,-4.066995903849602,7940,0.0003,0.2,-0.005392524047056213,0.20689137,0.9746469855308533,0.7203938802083333,1.8230457305908203,5.283016233394544
757.14346347,4385,2230,796,748.68,9781248,0.35226333141326904,-4.044189481933912,7950,0.0003,0.2,0.013511640821525362,0.2540003,0.9805522561073303,0.7645670572916666,1.8890836238861084,3.7213517737885318
785.1903907899998,4387,2231,797,770.1,9793536,0.3531927168369293,-4.067527594168981,7960,0.0003,0.2,0.015861778508406133,0.22288705,0.9827383756637573,0.7555501302083333,0.9388224482536316,5.40848668217659
794.74320766,4390,2233,798,776.08,9805824,0.3623441457748413,-4.221533194184303,7970,0.0003,0.2,0.20097439582071577,3.1682665,0.9853852987289429,0.9487060546875,0.3501374125480652,0.9507610137884815
776.5957688999999,4391,2235,799,756.1,9818112,0.3614098131656647,-4.384569309155146,7980,0.0003,0.2,-0.02683005122865628,0.07226025,0.9716933369636536,0.5308430989583334,1.7549715042114258,8.199812081456184
765.00888601,4393,2237,800,746.05,9830400,0.36099767684936523,-4.358816389242808,7990,0.0003,0.2,-0.037990001016684496,0.061400075,0.9756499528884888,0.4720377604166667,2.9356470108032227,10.808014144500097
764.6566886599999,4396,2238,801,745.2,9842688,0.36035895347595215,-4.348320229848226,8000,0.0003,0.2,-0.022187235064726942,0.16716106,0.9846835136413574,0.6631022135416667,1.4270488023757935,4.238185619562865
694.81651102,4398,2240,802,686.97,9854976,0.35958027839660645,-4.330359650651614,8010,0.0003,0.2,-0.015603911360085477,0.16716146,0.977773129940033,0.6704671223958333,1.1849451065063477,4.161355690906445
691.7674685599999,4400,2242,803,693.97,9867264,0.3592257499694824,-4.296107814709345,8020,0.0003,0.2,-0.03382469522281705,0.11415366,0.9842590689659119,0.5929280598958333,2.9692699909210205,8.786914026737213
693.9478935099999,4402,2244,804,705.62,9879552,0.35851702094078064,-4.289615207910538,8030,0.0003,0.2,-0.018947878959685718,0.25386703,0.9764609336853027,0.735205078125,1.7086583375930786,3.6036566250026225
759.03211296,4404,2245,805,755.4,9891840,0.3596961200237274,-4.298902061581612,8040,0.0003,0.2,0.01471375932257312,0.33030474,0.9857583045959473,0.7826822916666667,0.8651660680770874,2.4708363441129526
756.8789171899999,4407,2247,806,763.42,9904128,0.36035335063934326,-4.323416438698769,8050,0.0003,0.2,-0.00455612700607162,0.31073037,0.9913802742958069,0.7615234375,0.5692957639694214,1.9536571130156517
761.11189745,4409,2249,807,770.82,9916416,0.360058456659317,-4.32796527047952,8060,0.0003,0.2,-0.019856301049973504,0.16008483,0.9865053296089172,0.6617024739583334,0.9900134801864624,2.777908886720737
761.08379336,4411,2250,808,785.84,9928704,0.35932958126068115,-4.317638768752416,8070,0.0003,0.2,-0.0016531023429706693,0.21896927,0.9843135476112366,0.7234456380208333,1.0329852104187012,2.342997099459171
818.0485250299998,4413,2252,809,836.74,9940992,0.35852542519569397,-4.286663157741229,8080,0.0003,0.2,-0.006843297906258764,0.21611528,0.9894101619720459,0.70361328125,0.5713621377944946,2.24388027365009
812.3118410100001,4415,2254,810,838.27,9953280,0.35879722237586975,-4.30096814930439,8090,0.0003,0.2,-0.004697641105546306,0.25656018,0.989721417427063,0.7507568359375,0.49411267042160034,1.5337994928161303
811.2297236299997,4417,2255,811,837.61,9965568,0.3578890860080719,-4.289505426088969,8100,0.0003,0.2,-0.007039399662365516,0.23059507,0.9922624826431274,0.72880859375,0.3103826940059662,1.5017154708504676
791.7986098400002,4420,2257,812,821.45,9977856,0.35830867290496826,-4.269385874271393,8110,0.0003,0.2,-0.02107989201952781,0.16590619,0.9920955896377563,0.6713297526041667,0.4194556474685669,1.5599032775809367
819.8269937300001,4422,2259,813,831.36,9990144,0.35704007744789124,-4.254076619942983,8120,0.0003,0.2,-0.025683948649384548,0.08892137,0.9894939064979553,0.5685546875,1.247278094291687,3.067171682417393
831.00303206,4424,2260,814,835.41,10002432,0.3602602481842041,-4.339586877822876,8130,0.0003,0.2,0.10216129503072201,0.7223015,0.9925223588943481,0.8763834635416666,0.3593316674232483,0.8803668967137734
